Date,VaR,PnL,Exceedance,shape_gamma,scale_sigma,loc_mu
1997-12-02,-12.283643542534332,-0.41115625273067,0,0.08738421079533151,3.15575094915979,6.030271054686463
1997-12-03,-12.21788926314785,-0.9150026856109901,0,0.04728931230971066,3.0582259033489585,6.380169720209883
1997-12-04,-12.286611403177197,4.33312238288186,0,0.12089746133082258,3.095736281954956,5.955253377547395
1997-12-05,-12.31276094988449,1.62955542793578,0,0.1225904065739801,3.102272953505474,5.957847207731158
1997-12-08,-12.283909198253088,-2.13122460387024,0,0.1666076853079813,2.995683198197039,5.884170571493129
1997-12-09,-11.900810873696003,-3.65404410258037,0,0.1098543266587384,2.859313685974203,6.113745930367763
1997-12-10,-11.900810873696003,-7.419626048014651,0,0.1098543266587384,2.859313685974203,6.113745930367763
1997-12-11,-11.868133616722272,-13.21227573401305,1,0.17204630505908639,2.8458537311265135,5.75662564133143
1997-12-12,-12.067451982335601,1.202886366048384,0,0.19273045251814958,2.8795607167191255,5.758957625685477
1997-12-15,-12.067451982335601,-3.7988034125486903,0,0.19273045251814958,2.8795607167191255,5.758957625685477
1997-12-16,-12.064721326527227,5.02528762464075,0,0.13924321686540014,2.8384008500236666,6.157607732541974
1997-12-17,-12.077239303538555,-0.8077555638816202,0,0.13325831944031025,2.8492471937892043,6.181230125628682
1997-12-18,-12.418698789122999,-2.14937408721166,0,0.06695656759365465,3.02314297902964,6.541463582854993
1997-12-19,-12.49021491652756,-8.8178416383163,0,0.03532022148182261,3.3650198119870236,6.137613523065266
1997-12-22,-12.706784435797022,3.5492767948452006,0,0.034324816478464526,3.444709518129632,6.20971707943698
1997-12-23,-13.125926301430287,4.70534784427537,0,-0.07089933404823881,3.7665748042122806,6.669595908783618
1997-12-24,-13.08789744176702,0.0,0,-0.046191281203509744,3.6615872857231944,6.670793038058671
1997-12-25,-13.013686496217197,0.0,0,-0.042751437429376024,3.4529352666536424,6.943461871515192
1997-12-26,-13.094448292133638,0.0,0,-0.019189126042133353,3.6182582520309836,6.596468137872125
1997-12-29,-13.118045851768258,14.63883939447781,0,-0.019847882410030063,3.6291040716927405,6.604486588451429
1997-12-30,-13.08777531754275,0.6740796454535202,0,0.009517447860278243,3.5508688638755297,6.541581359835014
1997-12-31,-12.746614391548357,0.0,0,0.021546597757883968,3.276247361612724,6.639623556781851
1998-01-01,-12.746614391548357,0.0,0,0.021546597757883968,3.276247361612724,6.639623556781851
1998-01-02,-12.725464364288362,16.099878427226948,0,0.05344716646290086,3.3386946725752527,6.31585448174934
1998-01-05,-12.725464364288362,3.8485845236047203,0,0.05344716646290086,3.3386946725752527,6.31585448174934
1998-01-06,-12.725464364288362,-8.95711183706776,0,0.05344716646290086,3.3386946725752527,6.31585448174934
1998-01-07,-12.257378025240586,-2.92061926644361,0,0.07481478171552702,2.976284168492122,6.428638841797853
1998-01-08,-12.268709356538594,-1.1195806817377,0,0.06988560088348084,2.9839993184389773,6.451700726627559
1998-01-09,-12.58586470087478,-5.50779533396712,0,0.012141303869109728,3.1232077103463896,6.814216994594943
1998-01-12,-12.511183468121926,-11.08947322287705,0,0.030122716287761232,3.3807333765963308,6.159458038364898
1998-01-13,-12.72679743850973,1.5837805801412301,0,0.028343805577343006,3.461801536273084,6.2334189879360995
1998-01-14,-13.144426268950852,-2.48233439186561,0,-0.07635608736936793,3.781296635085925,6.694378410258074
1998-01-15,-13.106384414561319,-1.06236454834432,0,-0.052393437669823156,3.6778128395283183,6.696724843890145
1998-01-16,-13.031791673583724,3.61497139361613,0,-0.047425927817715596,3.464916153690803,6.966112173220918
1998-01-19,-13.440927591288677,7.562057627945371,0,-0.10437829554557332,3.9007634792560273,6.950741396574712
1998-01-20,-13.463394337402745,4.09121313454038,0,-0.10632171550213981,3.913996842316543,6.962374416294413
1998-01-21,-13.432578481189987,-4.3486196432596795,0,-0.08721156005866629,3.858374926261111,6.914405230937403
1998-01-22,-13.108319655787046,-2.5433849326738303,0,-0.042137346443045454,3.512478928876989,6.929996720687145
1998-01-23,-13.108319655787046,-2.2522694487221897,0,-0.042137346443045454,3.512478928876989,6.929996720687145
1998-01-26,-13.088212808453651,3.98311112837324,0,-0.02685274934045382,3.618208848041929,6.635349448277752
1998-01-27,-13.088212808453651,7.26367624071296,0,-0.02685274934045382,3.618208848041929,6.635349448277752
1998-01-28,-13.088212808453651,4.18177162455818,0,-0.02685274934045382,3.618208848041929,6.635349448277752
1998-01-29,-12.650019795838382,3.30048904057408,0,0.031168566619211115,3.1848693117670073,6.660509295277153
1998-01-30,-12.659717530561274,2.85585741699663,0,0.026312545581200816,3.1915907354783384,6.684373289910484
1998-02-02,-12.951008771521913,10.340888718033039,0,-0.0366412405074539,3.325206782294295,7.07299638970129
1998-02-03,-12.911197365547368,2.11947091620089,0,-0.018260161997537452,3.3256253735402037,6.933709530338335
1998-02-04,-13.112337153481064,0.023268301495710242,0,-0.02669666938577326,3.411645179424318,7.02700721838149
1998-02-05,-13.486022891747552,-0.98638714001422,0,-0.12039349176726447,3.654662194370305,7.49064495760682
1998-02-06,-13.486022891747552,3.8158701593280804,0,-0.12039349176726447,3.654662194370305,7.49064495760682
1998-02-09,-13.304239542204591,-1.9320608749996397,0,-0.062449439691110026,3.2517065644496856,7.688127660549465
1998-02-10,-13.595521659930064,5.81440737138669,0,-0.1363733848651072,3.747575558676723,7.533383005353132
1998-02-11,-13.617356987918551,2.13839467949811,0,-0.1381996708860968,3.7599282113891723,7.544954706966557
1998-02-12,-13.597487250146445,-5.048648890302361,0,-0.12676298714019357,3.7244062966884948,7.521823784119722
1998-02-13,-13.213213401618901,1.1611167542257301,0,-0.05356138877831415,3.2807044478745886,7.501631302385945
1998-02-16,-13.213213401618901,0.52068193993148,0,-0.05356138877831415,3.2807044478745886,7.501631302385945
1998-02-17,-13.270343814808493,5.8437275044514,0,-0.07981536343965165,3.533371438799559,7.261771246175376
1998-02-18,-13.026408496573064,-3.11731144811482,0,0.018608791170612343,3.3576733856478866,6.784519589688973
1998-02-19,-13.026408496573064,-3.1682745622258395,0,0.018608791170612343,3.3576733856478866,6.784519589688973
1998-02-20,-12.49527371273101,-1.18298236660438,0,0.12444470795440056,2.7868306620413503,6.776488639742821
1998-02-23,-12.502333342329443,4.382327629259,0,0.11819125343107656,2.794209277818825,6.802281393598646
1998-02-24,-12.768400674359421,2.55514602197743,0,0.057516669893478534,2.898696566357616,7.182413708095778
1998-02-25,-12.752277707075397,6.558550882670761,0,0.08048012847650812,2.905685170571883,7.031563753657908
1998-02-26,-13.020966446907599,1.40766924347376,0,0.025679428683783534,3.142641891632901,7.140694816688795
1998-02-27,-13.391262326037863,3.4577209361057597,0,-0.07620122460653253,3.3905122713407216,7.607005880225612
1998-03-02,-13.391262326037863,5.988052478788621,0,-0.07620122460653253,3.3905122713407216,7.607005880225612
1998-03-03,-13.217418850481057,-0.37031199947369,0,-0.02717357597038947,3.2667775595535473,7.393006301827143
1998-03-04,-13.480033617479046,-5.39357125759183,0,-0.09853846672612289,3.73220502801905,7.2381022738256
1998-03-05,-13.507518693900298,-1.45745018829185,0,-0.10258555815897344,3.733134077207319,7.286376005814269
1998-03-06,-13.486710220787888,3.77904704758341,0,-0.08535511280146324,3.6843511233736512,7.252235595908494
1998-03-09,-13.110471696591926,6.905070366022841,0,-0.010303376599637272,3.246463683126834,7.23287426696469
1998-03-10,-13.110471696591926,-0.4577985410962198,0,-0.010303376599637272,3.246463683126834,7.23287426696469
1998-03-11,-13.148281912958044,1.1618363003885501,0,-0.028897638643025934,3.463988816859553,6.981896081104957
1998-03-12,-12.930245721733879,-4.71823570424739,0,0.14618879390405518,3.1574744691579357,6.315434173039764
1998-03-13,-12.930245721733879,0.9024104629305801,0,0.14618879390405518,3.1574744691579357,6.315434173039764
1998-03-16,-12.397532061893273,-1.2400609200508201,0,0.21717958037993795,2.6801659098876573,6.384852133355926
1998-03-17,-12.404310145515861,2.6811400924275,0,0.2076587451144764,2.6950338666415226,6.414011964078298
1998-03-18,-12.255155721886446,-1.3677283334745498,0,0.1631745495120856,2.6600039437518603,6.591225812653593
1998-03-19,-12.223733933142208,9.672861869535481,0,0.20661114778348666,2.612373512471848,6.423071674300841
1998-03-20,-12.508966008547795,12.13468285076295,0,0.15471405551380663,2.8430710672955923,6.504098368648197
1998-03-23,-12.92169833798021,0.19362948746900963,0,0.04801257103809954,3.0970338295115756,7.005934832419809
1998-03-24,-12.92169833798021,6.74776392250825,0,0.04801257103809954,3.0970338295115756,7.005934832419809
1998-03-25,-12.721559523164672,-0.76776025333981,0,0.09882498221091857,2.950145224647525,6.812424215895516
1998-03-26,-12.992278819205929,-6.172656552513,0,0.06524697421496954,3.3132862109501824,6.561238555837358
1998-03-27,-13.043140665348213,2.7714382018429995,0,0.03680499974192706,3.3632178924275435,6.6852260589669825
1998-03-30,-13.03036012824397,1.43172423897303,0,0.08166450619887286,3.2585741212064367,6.6077597226122435
1998-03-31,-12.619984475363204,-3.6598377209504305,0,0.10570571657546304,2.9292704458812766,6.714498612033063
1998-04-01,-12.619984475363204,3.3790416832182704,0,0.10570571657546304,2.9292704458812766,6.714498612033063
1998-04-02,-12.657711664555897,2.1648400144989095,0,0.11694360111093091,3.066895547941497,6.408776468783483
1998-04-03,-12.421137038299497,2.0054332868616402,0,0.31253169427370203,2.6937155580669145,5.781580370539184
1998-04-06,-12.421137038299497,0.78881947879658,0,0.31253169427370203,2.6937155580669145,5.781580370539184
1998-04-07,-11.76292069716596,-4.3027769114449494,0,0.3048251736290275,2.354818357383174,6.0032136485219
1998-04-08,-11.775541775010627,-3.08900530405162,0,0.29658318070281786,2.369427490783983,6.027532157692751
1998-04-09,-12.24832501071187,2.03488419007611,0,0.17848649539518083,2.6502719464226017,6.52144289963641
1998-04-10,-12.246342228848018,0.0,0,0.16883678710417768,2.651204492612501,6.5703822966854055
1998-04-13,-12.536886262594678,0.0,0,0.12256892010734227,2.875548383189176,6.646531015961765
1998-04-14,-12.94005241236291,-1.4013760127348298,0,0.028639526635548668,3.0935617076028494,7.135807790035707
1998-04-15,-12.94005241236291,-6.28173781492994,0,0.028639526635548668,3.0935617076028494,7.135807790035707
1998-04-16,-12.746900239051058,-3.4559213260044497,0,0.0722724266402103,2.961672509644729,6.960536435179003
1998-04-17,-13.028877627501217,3.37187916697558,0,0.026886376144814338,3.3633780243529214,6.72858116064249
1998-04-20,-13.053023939008217,1.6611399784103902,0,0.026809893343941724,3.372987958260489,6.735171267557165
1998-04-21,-13.034519347624187,-4.17428102094909,0,0.05846089546222708,3.2625330039832026,6.741871782913642
1998-04-22,-12.613046581352688,-8.30067378929907,0,0.09347054774666666,2.9001493829410028,6.83323336110583
1998-04-23,-12.770116893014592,-4.70892284015411,0,0.040600394266783586,3.010817257511099,7.05838204609151
1998-04-24,-12.822862010941549,-6.29263028184659,0,0.026005594167922468,3.222904831344712,6.790596737198777
1998-04-27,-12.569754610540127,-5.44893697343267,0,0.1752803151072898,2.9589664464627035,6.19553474863355
1998-04-28,-12.569754610540127,3.45788146769678,0,0.1752803151072898,2.9589664464627035,6.19553474863355
1998-04-29,-11.973749868947518,1.5959284355968502,0,0.21770306111681276,2.5148137533452717,6.329143000952244
1998-04-30,-11.984178297793724,7.9667711894244695,0,0.21030080155500952,2.52637856684178,6.354316668812613
1998-05-01,-12.402920770606396,0.0,0,0.1413279971658888,2.7646416773865807,6.6378704380839615
1998-05-04,-12.422769092604712,0.6124589077742502,0,0.10903311442308083,2.7838274599381236,6.792850528881093
1998-05-05,-12.702585334687281,-4.91373983164579,0,0.06533829075682121,3.002143917051738,6.874971808140586
1998-05-06,-13.079846881234843,3.4654917166901402,0,-0.02202702956666714,3.186288880640972,7.372361400906186
1998-05-07,-13.079846881234843,-8.44149726436361,0,-0.02202702956666714,3.186288880640972,7.372361400906186
1998-05-08,-12.906296290600102,3.43938151593418,0,0.01986878669629511,3.0710249249579364,7.19066918975704
1998-05-11,-13.184880813795882,5.72030384127596,0,-0.038426413769752865,3.509367751381146,6.991320473672356
1998-05-12,-13.208061263197349,1.21534087879661,0,-0.039304824080121856,3.5204046058488574,6.999948423000585
1998-05-13,-13.184904631440299,9.36415069855076,0,-0.016057409183764353,3.4239291662711793,7.018390365813488
1998-05-14,-12.745123634189564,-0.8372778602545501,0,0.05618099107192209,2.9935211718113264,6.983561425178207
1998-05-15,-12.745123634189564,0.9903615109083,0,0.05618099107192209,2.9935211718113264,6.983561425178207
1998-05-18,-12.793993659418216,-5.056474231314549,0,0.04524851600271434,3.193142840495965,6.710252773149772
1998-05-19,-12.5465666379765,5.5098048330438605,0,0.2084059323492113,2.8979845977151024,6.10048870302305
1998-05-20,-12.5465666379765,-10.33667157018023,0,0.2084059323492113,2.8979845977151024,6.10048870302305
1998-05-21,-12.198556909719546,0.0,0,0.23233770855237423,2.573691709128031,6.338671875191222
1998-05-22,-12.213192348017863,0.04230503175092007,0,0.21908103023274983,2.595006525546178,6.380763432123767
1998-05-25,-12.60998788721323,3.0177591470937,0,0.132672728527788,2.8590004977031507,6.697088920017137
1998-05-26,-12.625492928997202,1.1272017591524703,0,0.09773040476780187,2.8823992847616706,6.857996931468492
1998-05-27,-12.893204956935069,-8.063146276584272,0,0.04690500373039366,3.1103033524789154,6.958191441084363
1998-05-28,-13.255845238196587,6.17502220988623,0,-0.05071223988168831,3.306623655490821,7.484370281541434
1998-05-29,-13.380608174474185,1.1884739893342,0,-0.08945602999963048,3.3632433007510647,7.710217303806614
1998-06-01,-13.20922476247926,0.0,0,-0.0478032679171804,3.2579995176999406,7.507711099427925
1998-06-02,-13.48217513465405,1.0683646814222898,0,-0.11585767477275663,3.7262217338174874,7.344931823888393
1998-06-03,-13.504481627101635,1.8150787352295499,0,-0.1176010173153329,3.7387045244283517,7.356132434780465
1998-06-04,-13.481276353282436,-1.7195000896467398,0,-0.10196740855799857,3.6561002670588056,7.385172645103905
1998-06-05,-13.095722371427343,6.75766619882374,0,-0.03086217527276803,3.2150726501680973,7.382613841954081
1998-06-08,-13.095722371427343,4.393200168298001,0,-0.03086217527276803,3.2150726501680973,7.382613841954081
1998-06-09,-13.095722371427343,-4.03431234363821,0,-0.03086217527276803,3.2150726501680973,7.382613841954081
1998-06-10,-12.8846540222221,0.21589948707270998,0,0.059860948442449116,3.1250857315314775,6.849254116223756
1998-06-11,-12.8846540222221,0.0,0,0.059860948442449116,3.1250857315314775,6.849254116223756
1998-06-12,-12.275027628581423,-10.69744980752312,0,0.31680673840354867,2.2512879040542866,6.702186609256905
1998-06-15,-12.345285448182137,-5.8407974759459895,0,0.2953170577681117,2.299657255319418,6.773560862843695
1998-06-16,-12.704436498767208,1.0066285804555601,0,0.1710658231713735,2.59478853190441,7.137344804055331
1998-06-17,-12.672975106644273,7.85349638230894,0,0.15585323069115037,2.5495410955594027,7.282200481800313
1998-06-18,-12.908736297095054,-2.05271182972748,0,0.1520366076246156,2.638868490472092,7.349420405967199
1998-06-19,-13.177419252060222,-4.37594971346668,0,0.08874216997878054,2.6940132966838513,7.8322105495447385
1998-06-22,-13.255650735427553,-5.22747500526329,0,0.017883311313219154,2.7690378654206924,8.11146104618136
1998-06-23,-13.095243085224773,6.2618880557865895,0,0.09980133909116606,2.612349006817625,7.857901276416829
1998-06-24,-13.574715934485518,-0.7099109514445598,0,-0.1187232229992298,3.475914501291923,7.864176484866728
1998-06-25,-13.596398649129949,6.56103505506451,0,-0.12031911611299093,3.4874405054983972,7.874968940890518
1998-06-26,-13.720860615525933,-1.5042811049563198,0,-0.1313774630536224,3.474214374780833,8.076250569742356
1998-06-29,-13.197091632174795,4.348574680402701,0,0.04598800481976101,2.7591951859425623,7.936527385328009
1998-06-30,-13.197091632174795,-1.96147792975932,0,0.04598800481976101,2.7591951859425623,7.936527385328009
1998-07-01,-13.197091632174795,2.20097220251409,0,0.04598800481976101,2.7591951859425623,7.936527385328009
1998-07-02,-13.133571671172806,-0.036974334709150014,0,0.07039649042398931,2.905681586446738,7.46653417080738
1998-07-03,-13.133571671172806,3.23260303883178,0,0.07039649042398931,2.905681586446738,7.46653417080738
1998-07-06,-12.703483639584368,-0.70103575049647,0,0.17312326593804167,2.593557231190687,7.128013867751328
1998-07-07,-12.716195261912286,3.5422566975211693,0,0.1531185625588236,2.619075295932853,7.192866536631275
1998-07-08,-13.030393091736041,-2.2995228795714704,0,0.025431332192606813,2.8963551325904957,7.612192485275615
1998-07-09,-13.005359372156217,-6.51567253768916,0,0.03157583563147123,2.8065578953759065,7.725323307068752
1998-07-10,-13.217800773349618,4.0884607654167695,0,0.0125345634070076,2.9156954090675953,7.827689252518274
1998-07-13,-13.447400816298444,-1.1876758970669,0,-0.037256118287038065,2.902939054074939,8.318686728746476
1998-07-14,-13.514206173199064,3.7692064862870702,0,-0.06326788691504316,2.880998666042533,8.542002875170256
1998-07-15,-13.367298560498348,1.07362689026044,0,-0.015290007384944706,2.817555525903903,8.289323754310027
1998-07-16,-13.844017121154856,14.10538264425194,0,-0.17137280843669278,3.5823052672531928,8.223210240507264
1998-07-17,-13.864609878239522,2.4435757014853,0,-0.17319073061432147,3.5935166161930274,8.235080578870292
1998-07-20,-13.792954627987417,-2.46710143806823,0,-0.14913857760837138,3.479452302085255,8.226989022353262
1998-07-21,-13.196037792300999,1.0189697513940998,0,0.04865514541157119,2.759365796396652,7.922125651240298
1998-07-22,-13.196037792300999,-7.101973854344901,0,0.04865514541157119,2.759365796396652,7.922125651240298
1998-07-23,-13.209625571237815,-7.18885417010012,0,0.03200033201331308,2.767036121456962,8.001903430634869
1998-07-24,-13.155803017190147,-1.0232500559831,0,0.04417120291989074,2.942305136152112,7.555561988009114
1998-07-27,-13.155803017190147,-8.258999588406999,0,0.04417120291989074,2.942305136152112,7.555561988009114
1998-07-28,-12.803498161822294,0.5640051185927503,0,0.09333527158192455,2.730920082037378,7.3616400275121805
1998-07-29,-12.819847411221922,0.9562439237048,0,0.07994922759879533,2.7445278280181142,7.419104792694274
1998-07-30,-12.819847411221922,1.7161877264445398,0,0.07994922759879533,2.7445278280181142,7.419104792694274
1998-07-31,-12.79288403074435,0.0,0,0.08042424573948587,2.6669927915578153,7.54238240389948
1998-08-03,-12.79288403074435,-9.974279321019909,0,0.08042424573948587,2.6669927915578153,7.54238240389948
1998-08-04,-13.21012452391371,-3.8930855495326004,0,-0.00686499389654387,2.7716601401365875,8.176391040982551
1998-08-05,-13.28388310955054,-2.42187318158466,0,-0.03736871891928513,2.762723813586711,8.403388198240027
1998-08-06,-13.126236693712585,-7.252148690228539,0,0.01227617739302435,2.6898409017116913,8.154830339556941
1998-08-07,-13.631378397441907,0.0,0,-0.14656944146054832,3.4679570456184328,8.07134959889709
1998-08-10,-13.526343688928632,-3.3082881074897097,0,-0.14183456764082403,3.4161436174873407,8.026681073263209
1998-08-11,-13.446024610337975,-5.0672293240792605,0,-0.11639882260336198,3.295578450549451,8.020657413516131
1998-08-12,-12.80310038923497,-0.018976246707599984,0,0.08055055136893655,2.5994479122607466,7.684969033894301
1998-08-13,-12.828396266608683,-3.7275646161213496,0,0.06481148346910312,2.675959786114559,7.63650472627387
1998-08-14,-12.828396266608683,5.566583538114039,0,0.06481148346910312,2.675959786114559,7.63650472627387
1998-08-17,-12.727133617648096,-0.4363333645897001,0,0.09274050669728229,2.721280921169455,7.307513032505819
1998-08-18,-12.727133617648096,10.10528660732553,0,0.09274050669728229,2.721280921169455,7.307513032505819
1998-08-19,-12.262929427584218,2.16597162790572,0,0.1648002800121064,2.453575894888398,7.030390901930014
1998-08-20,-12.281347164576019,-9.14895500223073,0,0.147354296383908,2.475377426118368,7.089735055335567
1998-08-21,-12.281347164576019,-15.87357018399215,1,0.147354296383908,2.475377426118368,7.089735055335567
1998-08-24,-13.0733577930127,-1.6530024847288702,0,0.20158538034347245,2.612492557089344,7.3006550931169665
1998-08-25,-13.0733577930127,2.2044745801601597,0,0.20158538034347245,2.612492557089344,7.3006550931169665
1998-08-26,-13.361291740618263,-4.10074222744995,0,0.16655413425364024,2.6307343026571584,7.741489761278595
1998-08-27,-13.424812905622515,-6.863530740712691,0,0.08220222461043904,2.731648767589527,8.038062256216053
1998-08-28,-13.273415837575833,0.0,0,0.151099515860922,2.58591209460105,7.830541209835257
1998-08-31,-13.772291626260245,-11.62845319903259,0,-0.08754679257551551,3.5002367016545013,7.860904660955633
1998-09-01,-13.772291626260245,-2.8757644869147394,0,-0.08754679257551551,3.5002367016545013,7.860904660955633
1998-09-02,-13.761048131604955,5.89428490884982,0,-0.07058532452582192,3.388259880554844,7.951561009780415
1998-09-03,-13.528155959472791,-13.171676942965998,0,0.1859068302871551,2.7012592711618097,7.649176366911226
1998-09-04,-13.542864404191388,0.0,0,0.16244105808947576,2.787769850676663,7.611057472752433
1998-09-07,-13.542864404191388,15.17485945653592,0,0.16244105808947576,2.787769850676663,7.611057472752433
1998-09-08,-13.455131727806158,6.7055006973431395,0,0.1951712711779967,2.8168825504879633,7.26935898823161
1998-09-09,-13.595473503994217,-10.800856544306761,0,0.11439299841101908,3.0038587519906725,7.489727950604575
1998-09-10,-13.187745615766351,-8.496247527896191,0,0.23190390391998872,2.6647377597118225,7.12313729539561
1998-09-11,-13.193126521798387,0.0,0,0.20835519048506024,2.697119662065117,7.194134530699065
1998-09-14,-13.193126521798387,2.28656438001465,0,0.20835519048506024,2.697119662065117,7.194134530699065
1998-09-15,-13.151143245650797,-5.5789037595946,0,0.19040101144177896,2.6560066478261577,7.345499699930917
1998-09-16,-13.151143245650797,-0.84499536149481,0,0.19040101144177896,2.6560066478261577,7.345499699930917
1998-09-17,-13.426333171953939,-15.873448686935939,1,0.14480697963911343,2.68674247855926,7.805107467855905
1998-09-18,-13.49030660340987,0.0,0,0.06489033246417003,2.7787435136255807,8.098598158058397
1998-09-21,-13.498642935906084,-30.871087398560636,1,0.05223550216079484,2.776378159697086,8.174558607096248
1998-09-22,-15.538316609809346,6.01794374090523,0,0.3186758636442505,3.0023691526874314,8.092319627010214
1998-09-23,-15.538316609809346,14.407545632167052,0,0.3186758636442505,3.0023691526874314,8.092319627010214
1998-09-24,-15.581041993095436,-3.1466383391518895,0,0.29297094366759696,3.051665834019281,8.204557557543819
1998-09-25,-15.606483821316464,0.0,0,0.36863536273534553,2.969687499836687,7.860837210475559
1998-09-28,-15.674383470638936,8.287413265900911,0,0.36150155835351105,3.044973297516518,7.789652603678616
1998-09-29,-16.5641360941216,1.58472086224764,0,0.36353640257825276,3.307882061198905,7.980931751684995
1998-09-30,-16.51473934631659,-18.30854955779484,1,0.37355448975752814,3.3852232050919224,7.6410263956616795
1998-10-01,-16.674147836569475,-22.758230456831107,1,0.32569923723629035,3.5406270391870382,7.831178240017933
1998-10-02,-16.219013539035036,8.95128474313692,0,0.40261043382631756,3.2336874732882386,7.4873161269039175
1998-10-05,-16.22345008492126,-3.2148475260320697,0,0.3924384413906776,3.255074952399864,7.525030807880896
1998-10-06,-16.22345008492126,11.44522487653345,0,0.3924384413906776,3.255074952399864,7.525030807880896
1998-10-07,-16.103483353392452,-14.84977768841022,0,0.3650361850489471,3.2300812645125934,7.709393167244748
1998-10-08,-16.103483353392452,-10.84510906607674,0,0.3650361850489471,3.2300812645125934,7.709393167244748
1998-10-09,-16.18627943539359,7.62810685560789,0,0.5206394259769942,2.820138170395043,7.575969134125872
1998-10-12,-16.109216315117063,15.25002931341543,0,0.40217030973985923,3.0281364954872094,7.936240756904714
1998-10-13,-16.081008688913403,-7.217875037190991,0,0.37393147318667386,3.0657053238403176,8.041768938223148
1998-10-14,-15.133564899805371,9.274345005201251,0,0.2829627054988675,2.941698976072396,8.093249086459734
1998-10-15,-15.133564899805371,-1.0625909996942202,0,0.2829627054988675,2.941698976072396,8.093249086459734
1998-10-16,-15.181835237044014,8.254901184571139,0,0.25946018064505944,2.9853549251664258,8.201190099107254
1998-10-19,-15.177630698482357,-0.6336666297031099,0,0.32605636108027214,2.9232278775746914,7.874041603116548
1998-10-20,-15.240878393362362,13.168190707687769,0,0.3181443965115557,2.9998256768661213,7.805149771906509
1998-10-21,-15.69636607659401,-6.66022706857945,0,0.3017277600580958,3.1741909156371406,7.95649286331151
1998-10-22,-15.646634947364623,-7.12253721146331,0,0.31423774903981494,3.2522773045274422,7.616622101314954
1998-10-23,-15.826740209060125,4.483039034216209,0,0.273065011852461,3.3908276561066266,7.790728973511859
1998-10-26,-15.767729928000277,10.945466055901582,0,0.36397434759908914,3.1859401124362465,7.497264368610466
1998-10-27,-15.775015347195174,13.7502864755718,0,0.3543985417541252,3.2056322453605093,7.533765350640474
1998-10-28,-16.764179998335266,-4.96769391245265,0,0.44407520175235954,3.2903759124935856,7.4915617941132115
1998-10-29,-16.613000749603426,-0.9180619857863799,0,0.41024157199141853,3.2792344218015224,7.688724384650351
1998-10-30,-16.613000749603426,0.0,0,0.41024157199141853,3.2792344218015224,7.688724384650351
1998-11-02,-16.744922582170037,13.66142368460162,0,0.5760044915832647,2.8420823022198505,7.541144398207793
1998-11-03,-16.63549955445893,0.0,0,0.45441506592182657,3.064643846116813,7.905875756511258
1998-11-04,-16.594312741889894,12.18303060660227,0,0.4236352033638735,3.1090382633424407,8.015830663193318
1998-11-05,-16.66233028367514,-4.93321976865147,0,0.38958856809387654,3.195703956473279,8.14739508891331
1998-11-06,-16.66233028367514,0.0,0,0.38958856809387654,3.195703956473279,8.14739508891331
1998-11-09,-15.618023248759709,-7.643626174084039,0,0.27060836713399755,3.10533751635125,8.276463845663077
1998-11-10,-15.639161367613218,-10.506830739865261,0,0.34256852626466366,3.032759395598749,7.934960101387286
1998-11-11,-15.699070295109635,1.3291057836967801,0,0.3332734765835444,3.111446497503377,7.86863367837437
1998-11-12,-16.144769855290946,-8.44514345885376,0,0.3094597492508513,3.2991992119510622,8.037737214568297
1998-11-13,-15.502336118852476,8.518724147376899,0,0.3188671586813694,3.1977955202079853,7.570153550966403
1998-11-16,-15.64416474060249,10.97458959676959,0,0.28330490056185464,3.311389390981237,7.71638410819128
1998-11-17,-16.046121313572733,-1.7005145644363298,0,0.30190980596783806,3.3993411083244816,7.755742000225583
1998-11-18,-16.053592845435922,2.1486222057583397,0,0.29333467986604334,3.416408475005981,7.792463498205458
1998-11-19,-17.045971709546123,4.93723099230765,0,0.38331264841869933,3.5114699698156655,7.749408891895797
1998-11-20,-16.924529309948902,2.4362136618156502,0,0.36093716892124805,3.475682200570154,7.92965702201046
1998-11-23,-16.924529309948902,0.0,0,0.36093716892124805,3.475682200570154,7.92965702201046
1998-11-24,-17.01230425995525,5.11173752291687,0,0.49987830245009524,3.0835281449366008,7.801555156085576
1998-11-25,-16.900717043732797,2.27025563803658,0,0.38615457435681855,3.2849890531832755,8.178512174441583
1998-11-26,-16.86833059081505,6.01169246641404,0,0.3613348294702823,3.3158379055368448,8.283667029317316
1998-11-27,-16.229878139644704,11.10733771353998,0,0.39339093990048374,3.061809938448409,8.039943686196736
1998-11-30,-16.229878139644704,-10.72826846895942,0,0.39339093990048374,3.061809938448409,8.039943686196736
1998-12-01,-15.257951503694834,0.0,0,0.2738029925276234,2.985453524677592,8.177478166138885
1998-12-02,-15.26270501893751,-24.760008500792868,1,0.34469759528921884,2.9139383799898404,7.844432089357715
1998-12-03,-17.448114880112588,-1.3277001141088398,0,0.49129752544797534,3.257697871497136,7.804376540552461
1998-12-04,-17.923896463971,-15.221559557529678,0,0.46383043296175963,3.457309061495243,7.978852476508982
1998-12-07,-17.17410738089793,-4.245479444301929,0,0.4583970420040281,3.370960623563148,7.53211863491877
1998-12-08,-16.98504975028465,0.0,0,0.5065623806149435,3.2071691711069787,7.337379735692809
1998-12-09,-17.466279444654745,2.92717502354673,0,0.5290657171324813,3.279603524745859,7.363513329895481
1998-12-10,-17.464337379684327,2.78290892064301,0,0.5178832924345105,3.3051667835505607,7.402493550503944
1998-12-11,-18.56243418186,0.0,0,0.5952274752960394,3.3856727992252136,7.369638547229823
1998-12-14,-18.28326704214523,1.6143453711965599,0,0.5401138348112929,3.4252726837359324,7.60744388670717
1998-12-15,-18.28326704214523,1.4844982778775102,0,0.5401138348112929,3.4252726837359324,7.60744388670717
1998-12-16,-18.672198520106157,4.98605184131742,0,0.7222450691952889,2.9476923685177026,7.4763136736657465
1998-12-17,-18.676315545325394,2.4468116155304904,0,0.5048625208611432,3.4933882598377055,8.186438978114591
1998-12-18,-18.595723182140894,0.0,0,0.4721899171807958,3.5450071714138445,8.309159331342528
1998-12-21,-18.588575018720917,6.415339563306399,0,0.4677692110195656,3.5530979063291674,8.325962758562298
1998-12-22,-18.588575018720917,6.07522912222866,0,0.4677692110195656,3.5530979063291674,8.325962758562298
1998-12-23,-17.377664466251456,8.37629224260415,0,0.3622917941766601,3.452614769066547,8.430211297985746
1998-12-24,-17.52592986412718,0.0,0,0.45682621672939866,3.3248206924402934,8.031434344778638
1998-12-25,-17.601049529982202,0.0,0,0.4500934262091548,3.400279606128026,7.958730418348856
1998-12-28,-18.039657158364417,4.7889247809559095,0,0.4139750304010763,3.616574524871007,8.159500425664229
1998-12-29,-17.081012699615286,-2.16415959731006,0,0.4622405719085257,3.3358051181889983,7.50134824705584
1998-12-30,-16.883218291285004,-7.70665342330786,0,0.5084642100388087,3.175429657091057,7.3118761393445055
1998-12-31,-17.363342696861263,0.0,0,0.5313498334108191,3.246925556559969,7.337015207207258
1999-01-01,-17.36309085340046,0.0,0,0.5204605388237882,3.2719727245801487,7.375148899653732
1999-01-04,-18.45083494823848,15.86401317606625,0,0.5971305482814788,3.3528994884859586,7.34365356721522
1999-01-05,-18.173279758504584,3.5112732467377397,0,0.5417536410449684,3.3926877100996498,7.5805869635276935
1999-01-06,-18.21476726437544,10.80071066903552,0,0.5409606957391605,3.405400398919889,7.591333057926726
1999-01-07,-18.59013144518992,-7.43706829060055,0,0.7222337334878663,2.929471379400856,7.4635932112390435
1999-01-08,-19.390150456472874,2.28221724253349,0,0.502350849523123,3.692033619099022,8.333040439371473
1999-01-11,-19.29208346107643,-4.2539809757791,0,0.46807082624356333,3.747873701990437,8.463485127601242
1999-01-12,-18.228861065755005,-5.94711027476554,0,0.5468725617470728,3.2641432688644114,7.981913343727314
1999-01-13,-18.228861065755005,-10.499990377347801,0,0.5468725617470728,3.2641432688644114,7.981913343727314
1999-01-14,-17.29428367033651,0.0,0,0.3684719756056397,3.414374126846403,8.390266884684767
1999-01-15,-17.44241874698148,-14.741228584090349,0,0.464374999094849,3.283465291332661,7.992083079184589
1999-01-18,-18.182389538142715,1.8884030047694405,0,0.44339490919405183,3.5816588299310266,8.096016959219652
1999-01-19,-18.568467802677787,-5.80361302784127,0,0.39237444599478294,3.8286564980009787,8.337956449159751
1999-01-20,-17.837001139311667,16.00995896163552,0,0.4032376147105174,3.5184213845652073,8.330347852680285
1999-01-21,-17.757361139912135,-2.4701480610376496,0,0.4742470750634434,3.3314454411092913,8.069709190658104
1999-01-22,-18.23369482113135,0.0,0,0.49128749040388947,3.4190398021217776,8.112443702215517
1999-01-25,-18.211102868022543,-6.447541764730751,0,0.47833874902123663,3.4419298669405296,8.159292949235187
1999-01-26,-19.383115733417004,-3.3375203817754198,0,0.5643788833733988,3.523122901553453,8.114864343182964
1999-01-27,-19.477552808849595,4.46235605066384,0,0.6691829254385213,3.1743791002825428,8.105706998968984
1999-01-28,-19.517272110869754,2.13024967201938,0,0.6667407600320996,3.190166289112196,8.119397752233567
1999-01-29,-19.39806818136408,7.272011477662501,0,0.623649948226113,3.272826597202503,8.24105925516431
1999-02-01,-19.845005308681195,1.5599720060740199,0,0.37292547030486034,4.018165383694567,9.318890878128666
1999-02-02,-19.779968692895633,-2.25612818604055,0,0.361068298519309,4.004188251561699,9.415974797557945
1999-02-03,-19.178639860513215,-1.88690493240058,0,0.3452147178378185,4.159578750547556,8.583701458905047
1999-02-04,-19.545591131173403,1.9703377325390903,0,0.14048303026932807,5.181395838896467,8.749629715078974
1999-02-05,-17.68418936796501,4.22203016512762,0,0.3744064508063364,3.354689608759534,8.882891328564334
1999-02-08,-17.883369951372757,6.13654973476673,0,0.4348856900353,3.354382565291008,8.519840313653537
1999-02-09,-17.926061807463057,-8.113649091148819,0,0.38961337311515976,3.5335885915797602,8.510596379829675
1999-02-10,-18.35421760624648,0.0,0,0.3516975134684791,3.7526906443155172,8.73287285554641
1999-02-11,-17.61393613654572,0.4864815029909099,0,0.4107973278857988,3.292530322088001,8.648359969007615
1999-02-12,-17.51683667568767,0.0,0,0.4735274726039915,3.136965631516805,8.401571772920072
1999-02-15,-17.989848491366182,3.0534483448076597,0,0.4910976160389986,3.2250521258095324,8.444752386102714
1999-02-16,-17.97105029024435,-0.86849638607792,0,0.48277667947975544,3.2332595810643694,8.48471316072104
1999-02-17,-19.07290672058053,-2.8318526882536403,0,0.5593231284468505,3.3354124604365256,8.462441433404551
1999-02-18,-20.09097075818821,-1.0167959473426798,0,0.8612857130225405,2.690651232150011,8.138061093614024
1999-02-19,-19.62311878902795,-2.59725837326308,0,0.6386517230961514,3.1632388185775495,8.662624773013107
1999-02-22,-19.389829410012503,-3.93725713415636,0,0.5796504979842325,3.2512625641458595,8.819743839077415
1999-02-23,-19.67220140594377,4.887049936148741,0,0.452611280041093,3.570739296765331,9.520003866735383
1999-02-24,-19.574531187514207,-0.37029799845864975,0,0.4635524646195175,3.4739540789406926,9.584499429617633
1999-02-25,-19.069326081314273,-7.4299691505229,0,0.2933432778355495,4.167312374360396,8.992369142809341
1999-02-26,-19.599001187190492,0.0,0,0.11259627811649356,5.179773814228733,9.088284479716346
1999-03-01,-17.310117683033997,-7.448003339753,0,0.4646270844803895,2.8479224905928557,9.111191111085839
1999-03-02,-17.63570613324213,0.0,0,0.438836987988153,3.133781259997763,8.852153259729599
1999-03-03,-17.714063494929807,-8.55804700697871,0,0.34972936075077987,3.44317680898066,8.903809996531987
1999-03-04,-18.178573200343507,6.68811722808911,0,0.3088124341133928,3.6659480739873604,9.176164137687035
1999-03-05,-17.392301487047238,7.2212867937756,0,0.46486428687205605,2.930025548665469,8.954922820674888
1999-03-08,-17.374432427129086,-2.57151172545001,0,0.5419577342391311,2.7821862506972694,8.685971742195427
1999-03-09,-17.874919182468556,4.062200154749631,0,0.5647473139537443,2.861305815209896,8.719801510338765
1999-03-10,-17.903311652263803,-2.70300817079629,0,0.5830019488827891,2.81357636266884,8.723233491907243
1999-03-11,-19.089171057521312,-0.07888188415441,0,0.6739886652538782,2.890079194125267,8.68111209400348
1999-03-12,-19.089171057521312,0.0,0,0.6739886652538782,2.890079194125267,8.68111209400348
1999-03-15,-19.09689706508174,6.65321250649888,0,0.5308808980104888,3.2299846898809883,9.127835502448594
1999-03-16,-18.984932957355632,5.06755289298856,0,0.5033355872318088,3.2510848564660084,9.23831123627852
1999-03-17,-19.647352983855555,4.12947164634812,0,0.4691994609328809,3.481015155623021,9.577937153483326
1999-03-18,-19.469875593350213,4.8191436091957796,0,0.6450512236970969,2.8183228370147058,9.636242263714827
1999-03-19,-19.062154090696218,5.835787450566951,0,0.25244265110334063,4.19298059717932,9.32524284111782
1999-03-22,-19.67750245223786,-3.3791312088979,0,0.08969835554078212,5.189870297019178,9.371002494627735
1999-03-23,-17.9812915184692,-9.94465263418159,0,1.0778125150909195,1.5964783741884632,8.843625107324844
1999-03-24,-17.540291493703258,-4.25287797259994,0,0.3573223951849672,3.167983571182445,9.371693275300348
1999-03-25,-17.74391584432311,5.53536882787002,0,0.2787255243827659,3.5008698666747655,9.40047598579341
1999-03-26,-18.168581644561886,-5.46760547367028,0,0.25383674735604955,3.677352719751786,9.617335650502099
1999-03-29,-17.209836280019044,5.83477380497391,0,0.4555300165158607,2.7597542739601892,9.339577315894868
1999-03-30,-17.22689979249423,-2.6394525436443597,0,0.5164591925207445,2.680207590066563,9.0798617755642
1999-03-31,-17.71421872251843,-1.8795275971688803,0,0.5377158075325591,2.7646681107307596,9.11925949229592
1999-04-01,-17.707204890346155,0.9938402971166499,0,0.5295280851111305,2.7783108313309732,9.144471772830947
1999-04-02,-18.795993657790227,0.0,0,0.6053356883837877,2.8925297470747617,9.128764339389937
1999-04-05,-18.795993657790227,0.0,0,0.6053356883837877,2.8925297470747617,9.128764339389937
1999-04-06,-18.855169298369002,4.07928941878589,0,0.4856110106509779,3.1579005421105597,9.562403411564555
1999-04-07,-18.73813488552747,0.9922824737424399,0,0.4759081844981192,3.1196724620024705,9.650554900006876
1999-04-08,-19.669678822705627,0.0,0,0.41960763217686425,3.6040807681667344,9.766439031105485
1999-04-09,-19.383437795380672,5.26908750260299,0,0.5568159755527035,2.982243903950136,9.921789253981292
1999-04-12,-19.18802183188864,7.513306785644019,0,0.22784723184637728,4.269953354403158,9.50860637159822
1999-04-13,-19.793330600874846,0.0,0,0.07371966919408199,5.240331555354684,9.54118959580318
1999-04-14,-17.923609293487075,4.49512303561103,0,0.9341239998745774,1.8294445423603025,9.084439973769662
1999-04-15,-17.547934356208728,7.089705774978,0,0.3503009902488283,3.1795463723585993,9.407546153856627
1999-04-16,-17.75549894666236,0.0,0,0.2735759857410229,3.509761901678389,9.433415507149334
1999-04-19,-18.177210095552404,0.7994576764874399,0,0.24867266864266968,3.685043674962799,9.651489460721496
1999-04-20,-17.206495688648808,-4.43630564088544,0,0.44462070607435117,2.7754328893836826,9.380617969034343
1999-04-21,-17.221268305534206,4.73063547730443,0,0.5026689310901301,2.7031481154945105,9.123019565818531
1999-04-22,-17.703970790739493,3.9167015469354403,0,0.5231431019963648,2.789556012566356,9.164466007540133
1999-04-23,-17.703970790739493,0.0,0,0.5231431019963648,2.789556012566356,9.164466007540133
1999-04-26,-18.78937277393768,5.65971557916885,0,0.5985588663510373,2.9054810674914737,9.14954157816191
1999-04-27,-18.78937277393768,0.0,0,0.5985588663510373,2.9054810674914737,9.14954157816191
1999-04-28,-18.84962767753209,-1.03290203142428,0,0.48019196691111266,3.166918352694532,9.583024197147063
1999-04-29,-19.115960157193655,-3.83897496652639,0,0.35181404675692374,3.7670566563013956,9.456645106819987
1999-04-30,-19.860981638893335,-2.18682463176541,0,0.33970540334570654,4.074393064729138,9.540521713335114
1999-05-03,-19.671968631680187,2.6383855346868703,0,0.29631358430689736,4.009677987858463,9.947475890501227
1999-05-04,-19.416081215519178,-0.6814954095125999,0,0.23244859670422444,4.5619364642452584,9.02815356698704
1999-05-05,-19.79389554229845,0.47423964348125014,0,0.09540165628208538,5.371839149236953,9.068709641903869
1999-05-06,-17.844772650618566,0.7733039396069299,0,0.22782093405904216,3.8105820374239094,9.206912711137605
1999-05-07,-17.904094477720253,-0.4989342475023303,0,0.2574425098732832,3.85742005261789,8.902218802010577
1999-05-10,-17.98323339037638,4.3098028155002,0,0.25158697476968594,3.9446438694923893,8.830715016683754
1999-05-11,-18.388300213367234,-3.3718563792999396,0,0.22300168719056024,4.136244483080496,9.056238871485423
1999-05-12,-17.70958287169723,-0.20637569276249013,0,0.2420614309359524,3.7853135031365053,9.008541910633001
1999-05-13,-17.56300138868113,0.0,0,0.2706618432525869,3.7043859984805803,8.804723809281235
1999-05-14,-17.96413017809364,-4.72919390452329,0,0.2767918370375021,3.8182945678419706,8.881605796445156
1999-05-17,-17.88941355381658,1.58440503070655,0,0.31219347235010575,3.663843715741118,8.861708482719038
1999-05-18,-18.874278212023725,-4.0020238722846,0,0.36758909207072343,3.833266299498073,8.886830961319752
1999-05-19,-18.874278212023725,-2.01804998184928,0,0.36758909207072343,3.833266299498073,8.886830961319752
1999-05-20,-19.12373847645664,-5.23334952010239,0,0.3088305028402859,4.0279737460210345,9.232130260095559
1999-05-21,-19.252621074079972,-1.1818280016832297,0,0.40940444586781377,3.8399308807523016,8.811415337311864
1999-05-24,-20.053395342824025,0.0,0,0.4327825626043911,4.033956998409215,8.817324086156752
1999-05-25,-19.823047895970845,3.8100522321931702,0,0.3242410374166058,4.204553818191582,9.33723188306914
1999-05-26,-19.488820324539844,-5.30898000832397,0,0.1948919757043156,5.046722821960231,8.40939422951056
1999-05-27,-19.55122084008783,2.27260427878151,0,0.15747214818622363,5.232500088404768,8.470411412654993
1999-05-28,-17.97145707728351,-6.84010425554476,0,0.25316696029762975,3.929941841873723,8.838866683196912
1999-05-31,-17.604557289786065,-3.1261111225429703,0,0.3278244123975575,3.649738798372689,8.469599274404786
1999-06-01,-17.689781910094894,1.34280780967594,0,0.327076967024556,3.719184201433766,8.387994142965443
1999-06-02,-18.138653902797607,0.42133016631749,0,0.3037219425173262,3.910612722382246,8.584117822883028
1999-06-03,-17.408990261503668,0.0,0,0.3042070905455099,3.6082510140526525,8.588924895964176
1999-06-04,-17.231942910648485,5.031902844525801,0,0.3348452745658847,3.506072747138341,8.394402543445793
1999-06-07,-17.65364536752657,6.03874421971839,0,0.3460360151620683,3.6087707611255,8.454056931463736
1999-06-08,-17.65364536752657,6.94963125078833,0,0.3460360151620683,3.6087707611255,8.454056931463736
1999-06-09,-18.634048078730416,-3.2472218769557797,0,0.4016713582431368,3.766366373199511,8.473777304390552
1999-06-10,-18.634048078730416,2.87778400546165,0,0.4016713582431368,3.766366373199511,8.473777304390552
1999-06-11,-18.946937701578932,-3.3441580867536604,0,0.3495624789058801,3.9714588838703526,8.78665204958423
1999-06-14,-19.06123484365002,6.87966847163074,0,0.4102369046805261,3.921496769193489,8.389124010206498
1999-06-15,-19.847842463931713,1.90658726969134,0,0.44503146951837047,4.067986599887883,8.372472411579107
1999-06-16,-19.732016859447032,-1.27736711948283,0,0.3415810455310815,4.284259621865852,8.859427286530083
1999-06-17,-19.23293155763693,-0.22605413519490025,0,0.2703289702206638,4.817275873404636,7.8471971504630655
1999-06-18,-19.31908070416999,3.20162336193234,0,0.22387162872873903,5.0816631751377095,7.84425952306097
1999-06-21,-17.91596240891277,-5.374521871532149,0,0.25113223091897097,4.130335502974019,8.336880077373097
1999-06-22,-17.767879158786066,13.23400684965328,0,0.31109788426787516,3.827491095113254,8.347274539271844
1999-06-23,-17.767879158786066,4.28706311785228,0,0.31109788426787516,3.827491095113254,8.347274539271844
1999-06-24,-18.203526748724663,-5.49240547639471,0,0.2855536952407378,4.022815135441842,8.551003627289981
1999-06-25,-17.625446337205076,-5.27504116425631,0,0.29798737658298535,3.8120919280210215,8.364723286766443
1999-06-28,-17.376290441511678,2.19441415448286,0,0.35072330531493023,3.58173073668189,8.202300614086294
1999-06-29,-17.802375289272618,3.7453846001674,0,0.36185300323621705,3.6834460342345334,8.260968286930137
1999-06-30,-17.802375289272618,-1.69771544957855,0,0.36185300323621705,3.6834460342345334,8.260968286930137
1999-07-01,-18.8190570886294,0.8685471256130499,0,0.423688558969293,3.8245030330991794,8.265878912907247
1999-07-02,-18.80489127797421,7.9319567688257,0,0.4241657063470325,3.8139248653639193,8.275725600159896
1999-07-05,-19.09115159493995,1.69222222147895,0,0.36125786107905633,4.049625029804625,8.607540118741518
1999-07-06,-19.198513244737132,4.68728065473603,0,0.44045426541765054,3.9163518349716244,8.203137008571716
1999-07-07,-20.03416312162797,1.10440973237309,0,0.48677656423535287,4.030096009914425,8.160298164496712
1999-07-08,-19.88147510119736,2.0938578605481597,0,0.3810743042728042,4.277311930671412,8.583164519250094
1999-07-09,-19.225530174260136,2.04270001400862,0,0.3151661105182195,4.713416094680406,7.5770840827957375
1999-07-12,-19.285463855508045,0.0,0,0.2616451617936689,4.991048107839314,7.589742513221918
1999-07-13,-17.884058867557158,1.6485206541974802,0,0.3168463883581566,4.0196858943209826,7.93332803263848
1999-07-14,-17.82143934088956,-5.70727665943145,0,0.39636250173333376,3.6956777223432447,7.905903810718758
1999-07-15,-17.794027458192893,4.7342939073235195,0,0.39077668483282724,3.6925364898154625,7.943336966139771
1999-07-16,-18.24986351277729,-1.7557032076871897,0,0.3642537419296512,3.895092657510233,8.13562414489511
1999-07-19,-17.639872537241125,-0.97124245997036,0,0.37388663731041727,3.6883973139848054,7.968180360394999
1999-07-20,-17.19095625225271,2.2285548293440196,0,0.468559709519553,3.3025334919443776,7.644198903329698
1999-07-21,-17.65703590874753,-5.6420329728497105,0,0.48709218980060187,3.384988172423556,7.680553039681538
1999-07-22,-17.65703590874753,-1.8058659206178,0,0.48709218980060187,3.384988172423556,7.680553039681538
1999-07-23,-18.7198541316616,-6.56014784217005,0,0.5559716374380563,3.4874914799491536,7.665181123032658
1999-07-26,-18.567605865874945,1.64991629670529,0,0.5133810258769836,3.537374125732633,7.849898070624912
1999-07-27,-18.937861825413783,-7.4550145579262,0,0.4578532028408141,3.77752927431625,8.13906956153938
1999-07-28,-19.0511346050188,4.23235762916959,0,0.5178170983429538,3.6754593713953607,7.8627994593141075
1999-07-29,-19.9897944179807,1.1242139863311698,0,0.5850769913315377,3.735269700751116,7.775260451838108
1999-07-30,-19.84125053030353,-0.05237208581644025,0,0.47555417974609193,4.005656139351151,8.177121366162693
1999-08-02,-18.990935590290697,5.63196046697593,0,0.3641205206938581,4.503724867284761,7.297864358783476
1999-08-03,-19.053924126221496,1.47296685748538,0,0.3064598731778459,4.792988050134925,7.311489765428977
1999-08-04,-17.65052645378934,-2.1239304996547097,0,0.3722277653564843,3.8188158067664633,7.653728268005484
1999-08-05,-17.61041789111946,7.198923841726169,0,0.46675433404543654,3.465394068371712,7.611707645747995
1999-08-06,-17.61041789111946,-6.59722558299338,0,0.46675433404543654,3.465394068371712,7.611707645747995
1999-08-09,-17.149212271294388,-2.42079493895692,0,0.448339468404154,3.3824340345046418,7.574935891265053
1999-08-10,-16.473934123696086,3.73646879146651,0,0.4353861807704872,3.2226250590884136,7.4735416380382445
1999-08-11,-15.862447306296513,-7.281141848032349,0,0.4955478725160905,2.8946762254384373,7.255057055138898
1999-08-12,-16.313563315414022,2.67454773507923,0,0.5196670049297352,2.96287903235088,7.276731653639622
1999-08-13,-16.313563315414022,10.316924084382359,0,0.5196670049297352,2.96287903235088,7.276731653639622
1999-08-16,-17.278683078033275,2.8466059327008795,0,0.5880248001957293,3.053728855172375,7.261159973836029
1999-08-17,-17.253497416525946,0.10851843134764005,0,0.5847590617333748,3.0519625795562457,7.27682049199508
1999-08-18,-17.76741427358946,-3.6933722804512903,0,0.5510865757106957,3.2603724355589847,7.486306565003231
1999-08-19,-17.841779391485794,-1.5362380436417098,0,0.6647928313655741,3.016777826433536,7.086348592838453
1999-08-20,-18.679971699638628,-1.10969793382431,0,0.7288387222399807,3.0432370392876558,7.036278701456503
1999-08-23,-18.821456215445814,3.83905925610258,0,0.6521413097988611,3.2737692880742744,7.31005179104441
1999-08-24,-17.62465471081071,1.85730747578672,0,0.441004999704261,3.910767976125773,6.638694282718518
1999-08-25,-17.74586086151128,0.8072281014323699,0,0.38202024557292247,4.20409213098497,6.63024614364019
1999-08-26,-16.361896905394232,2.08445491935767,0,0.4676872645431799,3.2469227014257056,6.984428758561087
1999-08-27,-16.35659456737475,-0.9008756826376498,0,0.5946830453269842,2.8530084391293435,6.930274414679868
1999-08-30,-16.35659456737475,5.15519785192722,0,0.5946830453269842,2.8530084391293435,6.930274414679868
1999-08-31,-16.257352499413766,-0.68939457286447,0,0.5384463116218154,2.943552496072149,7.099170528056129
1999-09-01,-15.539331129953684,-6.781716666987481,0,0.5090909787232933,2.8179931796775364,7.039759905919345
1999-09-02,-14.844010262355923,1.0514932295176398,0,0.5104379995700792,2.598382713644022,6.995692308761583
1999-09-03,-14.844010262355923,-6.681671472988911,0,0.5104379995700792,2.598382713644022,6.995692308761583
1999-09-06,-14.844010262355923,7.92897113165654,0,0.5104379995700792,2.598382713644022,6.995692308761583
1999-09-07,-14.133492535488852,0.5065715337259299,0,0.4401619165815939,2.534380969559889,7.0202293174704735
1999-09-08,-14.119129542824453,0.91373564670381,0,0.43798554627905206,2.5303311873183416,7.033207520660532
1999-09-09,-14.601386464065715,5.363043126270741,0,0.41569675281804586,2.7033233673406416,7.203065004135814
1999-09-10,-14.499729009037724,2.58375427897172,0,0.5112044744726384,2.5240608668589966,6.869736288866468
1999-09-13,-15.141863234318013,2.23699126790834,0,0.585634416986675,2.5458381126388714,6.8118509144939114
1999-09-14,-15.375328940378095,-0.48783985066966973,0,0.5208825069873646,2.7297539312100456,7.038834623889741
1999-09-15,-14.499990433288463,-5.87083867634822,0,0.30618141313412917,3.3173630298557812,6.374978053194526
1999-09-16,-14.649797390533504,1.4310487994088301,0,0.25427844180194054,3.5720462456416087,6.3398172270402835
1999-09-17,-13.3259013904948,-8.54816175666391,0,0.30496982348675383,2.6962276240912626,6.730180886732608
1999-09-20,-13.39869140647313,-3.7105313213988205,0,0.36303517847367517,2.5073841242930204,6.895904150824646
1999-09-21,-13.39869140647313,1.64197713007361,0,0.36303517847367517,2.5073841242930204,6.895904150824646
1999-09-22,-13.393658284310817,0.26594661842351985,0,0.3221898088671158,2.5556975480737316,7.033058564043065
1999-09-23,-12.814177679329681,-6.85417531005471,0,0.28093514644518924,2.4381313234109685,6.9907649503062625
1999-09-24,-12.296704650991975,5.09026063192545,0,0.2946757009832226,2.2155274021576714,6.932240199927579
1999-09-27,-12.296704650991975,-13.771899686435852,1,0.2946757009832226,2.2155274021576714,6.932240199927579
1999-09-28,-13.064376458227189,1.47644863005363,0,0.32177018582807104,2.4142192465958296,7.058414850137547
1999-09-29,-13.055382591432902,-3.2395454376690695,0,0.32468281593802817,2.407876221529845,7.047671755173903
1999-09-30,-13.046205469083112,0.13967533737282,0,0.32379008488577166,2.401926586529239,7.058705467516246
1999-10-01,-13.47147865107138,-2.53366344337636,0,0.2956703371925428,2.572519630973614,7.236456768336948
1999-10-04,-13.353387037758562,0.7593806355276801,0,0.3872209169758327,2.4235541473567865,6.91143192191646
1999-10-05,-13.957657611367432,10.48342780074492,0,0.47812119506001993,2.439788085889118,6.834121969895213
1999-10-06,-14.148545068136578,5.6717977623749904,0,0.40195741964348086,2.621149808516841,7.075574418808842
1999-10-07,-13.358654872941539,-2.22518918613341,0,0.2032486709768232,3.1455341636655,6.396892154568637
1999-10-08,-13.497084443016083,-0.13152151030956014,0,0.15632997429109605,3.376645243320624,6.3542140067466395
1999-10-11,-13.175343827165772,-3.00293271936374,0,0.29163337654225563,2.671158538217981,6.727206620902637
1999-10-12,-13.049499928617399,-0.010003905765619894,0,0.40032398028219224,2.3492404985413966,6.720854586986159
1999-10-13,-13.049499928617399,-0.35797016247168,0,0.40032398028219224,2.3492404985413966,6.720854586986159
1999-10-14,-13.049735470778927,-6.03419818213768,0,0.35526532462463856,2.4066186722693574,6.85721323758228
1999-10-15,-13.049735470778927,-4.08626149457465,0,0.35526532462463856,2.4066186722693574,6.85721323758228
1999-10-18,-13.028441023906087,-0.39149583089402,0,0.3363026340399272,2.385491675339083,7.006652581121272
1999-10-19,-13.028441023906087,-2.85980494393544,0,0.3363026340399272,2.385491675339083,7.006652581121272
1999-10-20,-13.028441023906087,5.10550756073565,0,0.3363026340399272,2.385491675339083,7.006652581121272
1999-10-21,-13.028441023906087,2.60694275383749,0,0.3363026340399272,2.385491675339083,7.006652581121272
1999-10-22,-13.018951210503358,-1.47967075746961,0,0.33516086485388563,2.379971724312108,7.0179981826449644
1999-10-25,-13.450503979269161,7.393945356224779,0,0.30818406291172784,2.550270067766274,7.191778116529763
1999-10-26,-13.465061616829214,1.6518749248792801,0,0.36472349663884795,2.4919085031252735,6.991332937793345
1999-10-27,-13.61185306366855,5.73700234443871,0,0.4810740151034131,2.340727675033589,6.756414525254499
1999-10-28,-13.841994898789824,0.21716366567454992,0,0.41639617850797095,2.5077462756576168,6.973980443770655
1999-10-29,-13.091238337037783,8.47283007712889,0,0.21096706661205955,3.044732716169051,6.301863357624191
1999-11-01,-13.241210028106861,-0.6752180348047903,0,0.16526747506464226,3.2753795245229576,6.252946397479137
1999-11-02,-12.886844789585332,1.17854642431752,0,0.298273830102358,2.571086022308839,6.639117132642393
1999-11-03,-12.447439338569454,-1.17121441742676,0,0.4799655458179649,2.065864296069909,6.404020779961179
1999-11-04,-12.447439338569454,-0.6944256853971795,0,0.4799655458179649,2.065864296069909,6.404020779961179
1999-11-05,-12.469117066425756,1.89384796151539,0,0.43152492092946415,2.134724768942208,6.530832692246381
1999-11-08,-12.469117066425756,0.07551721957268986,0,0.43152492092946415,2.134724768942208,6.530832692246381
1999-11-09,-12.451043125297677,0.95421094097125,0,0.40511509914918425,2.131577291754414,6.680497614041988
1999-11-10,-12.451043125297677,2.6359467367253404,0,0.40511509914918425,2.131577291754414,6.680497614041988
1999-11-11,-12.451043125297677,4.40305619799175,0,0.40511509914918425,2.131577291754414,6.680497614041988
1999-11-12,-12.451043125297677,-4.93488889514836,0,0.40511509914918425,2.131577291754414,6.680497614041988
1999-11-15,-12.440045276971242,-9.010353851757772,0,0.4024001906708202,2.128734741235157,6.693211866747898
1999-11-16,-13.194185273610366,-0.7890433534516998,0,0.3146565539407564,2.4614525268003513,7.114205003581656
1999-11-17,-13.197783263731225,5.58152022898501,0,0.3697730491263639,2.404181270820934,6.919859751351613
1999-11-18,-11.618866985874387,1.5948262968074,0,0.24633710760939298,2.0987691262821078,6.774281533051582
1999-11-19,-11.8003783625538,7.02708494328851,0,0.16214264456028948,2.252897835701085,7.008041728542681
1999-11-22,-11.011944298376527,1.27881974237053,0,-0.07285457989807986,2.695583004912516,6.399481213041817
1999-11-23,-11.096730176458552,-7.440183117563059,0,-0.11900857885619331,2.884772212788393,6.358562449739587
1999-11-24,-10.919839134913296,-2.37578562074509,0,0.008847245648263226,2.279842705370239,6.719422147889778
1999-11-25,-10.57654308241597,1.49218435195239,0,0.184533782720449,1.880924604268825,6.4883491111103435
1999-11-26,-10.57654308241597,6.19510159131198,0,0.184533782720449,1.880924604268825,6.4883491111103435
1999-11-29,-10.61336323229649,-0.10452911273583984,0,0.1439960601991071,1.9182326875163973,6.603123664627912
1999-11-30,-10.61336323229649,1.01861331013088,0,0.1439960601991071,1.9182326875163973,6.603123664627912
1999-12-01,-10.632392713655946,-0.48753582565806003,0,0.1337555082985071,1.8858724125173123,6.728070478113352
1999-12-02,-10.632392713655946,5.192457318867691,0,0.1337555082985071,1.8858724125173123,6.728070478113352
1999-12-03,-10.632392713655946,2.7713644712672902,0,0.1337555082985071,1.8858724125173123,6.728070478113352
1999-12-06,-10.632392713655946,0.0,0,0.1337555082985071,1.8858724125173123,6.728070478113352
1999-12-07,-10.628468636933597,13.37176966988908,0,0.13404333773302135,1.8791901832808193,6.736915537042971
1999-12-08,-10.979991630468923,-3.41764688023092,0,0.10949027451227117,2.0278041977201284,6.877258448660211
1999-12-09,-10.946041426848403,-2.33787127502496,0,0.16532338751708192,1.9883991614484289,6.703417605264363
1999-12-10,-10.451506582579167,2.0927866293215702,0,0.22521861946768834,1.7566194212508226,6.479694046261204
1999-12-13,-10.681391456231761,-5.553115325764599,0,0.16142066390481857,1.8910379547066336,6.661582173948219
1999-12-14,-11.01618205953649,0.0,0,-0.07461457984967683,2.7109496845708447,6.384711823879297
1999-12-15,-10.993590000332048,5.75331470550635,0,-0.05915827628329125,2.6722504159480023,6.364629558912643
1999-12-16,-10.95142511371364,6.52443599814994,0,-0.04619089427953074,2.6461964413835584,6.313839435321437
1999-12-17,-10.963841443590976,18.37228680620559,0,-0.12214173203023611,2.9281603426556444,6.1676556754262775
1999-12-20,-10.963841443590976,-3.9831012113917508,0,-0.12214173203023611,2.9281603426556444,6.1676556754262775
1999-12-21,-10.488750410568223,-3.1862739403043197,0,0.26149332897607636,1.8050517590534154,6.259534291537374
1999-12-22,-10.583831215644981,0.13501642382912002,0,0.1516797838410917,1.9010002881735364,6.580351425800988
1999-12-23,-10.603533556708292,-3.75503136019622,0,0.1411054564482594,1.8697554261900953,6.705397932879061
1999-12-24,-10.603533556708292,0.0,0,0.1411054564482594,1.8697554261900953,6.705397932879061
1999-12-27,-10.603533556708292,7.75132066718542,0,0.1411054564482594,1.8697554261900953,6.705397932879061
1999-12-28,-10.603533556708292,-0.82060566756954,0,0.1411054564482594,1.8697554261900953,6.705397932879061
1999-12-29,-10.599285366392474,6.09234216186121,0,0.14124431346214203,1.863158911151986,6.714388328831955
1999-12-30,-10.483940157592812,3.0399686010155897,0,0.21731804227639195,1.7797345381719727,6.490747990155154
1999-12-31,-10.4254257748224,0.0,0,0.28813357430603087,1.7063620601467946,6.320599033605868
2000-01-03,-9.337337170622572,37.1860620190924,0,0.16515158638375566,1.4612976216762754,6.219897721877366
2000-01-04,-9.585703147061855,-12.360953524079541,1,0.11229385735091049,1.586318069310229,6.367690971152701
2000-01-05,-10.634695022653254,-8.13156437557324,0,-0.16702915426595083,2.655254598111423,6.452759601131644
2000-01-06,-10.615919462608804,-1.21485517332332,0,-0.1548333577186331,2.6253318179196325,6.43705438126919
2000-01-07,-10.576457606587525,7.846291554698889,0,-0.14123881824873538,2.601984044639151,6.385330825130216
2000-01-10,-10.565413668463119,13.254485611760918,0,-0.1989072298420493,2.8378976899176136,6.217100626022834
2000-01-11,-10.565413668463119,-2.6645807014625698,0,-0.1989072298420493,2.8378976899176136,6.217100626022834
2000-01-12,-10.156576723916007,-6.92985380527419,0,0.16635623257766685,1.7993090022523952,6.3136043270937385
2000-01-13,-10.256524159908382,0.28526496186111056,0,0.06464352028644774,1.8719503887794164,6.6251383394222145
2000-01-14,-10.278760829657143,6.69189924894347,0,0.05712261259985272,1.8343794245553542,6.745080808427669
2000-01-17,-10.278760829657143,5.22740440442985,0,0.05712261259985272,1.8343794245553542,6.745080808427669
2000-01-18,-10.278760829657143,-7.753207419876911,0,0.05712261259985272,1.8343794245553542,6.745080808427669
2000-01-19,-10.278760829657143,0.83712106725802,0,0.05712261259985272,1.8343794245553542,6.745080808427669
2000-01-20,-10.275464145505158,-1.9076919842655506,0,0.05814527954613505,1.826856787834667,6.752927481058089
2000-01-21,-10.167954082728748,-3.7455869426353603,0,0.13543808877741648,1.7549720977430476,6.528815101838921
2000-01-24,-10.113774156228853,-0.7617238159645302,0,0.2092405629003002,1.6879694106754173,6.3561244603695295
2000-01-25,-10.112054985346687,-10.32213374604772,1,0.19702508686075187,1.6924785984075903,6.388755745698706
2000-01-26,-10.170614774536572,4.44893000339748,0,0.191185375296255,1.7182105707230981,6.412007725251717
2000-01-27,-10.443771839273811,2.8957428884065504,0,-0.10355112907837025,2.5531959571437053,6.192591206976536
2000-01-28,-10.42147033361273,4.53257294402195,0,-0.08521266663765054,2.512170255506385,6.169962531903142
2000-01-31,-10.377927117059874,-17.145172167944768,1,-0.06938227591384152,2.4818429946283724,6.11799538985018
2000-02-01,-11.145092291054484,6.3946613026292205,0,-0.010753130390378219,2.907051117400449,5.8841438681507094
2000-02-02,-11.145092291054484,4.71081032078096,0,-0.010753130390378219,2.907051117400449,5.8841438681507094
2000-02-03,-10.542965581253716,12.838235865322819,0,0.460861085012215,1.6017198364470886,5.949794033901915
2000-02-04,-10.648409300397738,2.2067979020485398,0,0.3177113260367539,1.765730392143123,6.273556034888104
2000-02-07,-10.671986178710213,-3.1924323358970006,0,0.29498756775938634,1.7615473485176794,6.4054209250964735
2000-02-08,-10.671986178710213,11.572218035843171,0,0.29498756775938634,1.7615473485176794,6.4054209250964735
2000-02-09,-10.671986178710213,6.054980936928319,0,0.29498756775938634,1.7615473485176794,6.4054209250964735
2000-02-10,-11.485579883259895,1.1849353045611202,0,0.2333032868568197,2.065205945347434,6.778991476626705
2000-02-11,-11.479833348606988,-5.076469880023719,0,0.23278940125715358,2.0594294356434064,6.788768874501002
2000-02-14,-11.386323810115236,3.26674702053552,0,0.3205206947681178,1.9497301479886937,6.541965449499642
2000-02-15,-11.349257572943305,-15.37277356603504,1,0.3988235242603408,1.8561582017454734,6.356609235463889
2000-02-16,-11.338847632182818,5.70885271048581,0,0.3831246527044977,1.8679725817127064,6.394366742123558
2000-02-17,-11.338847632182818,3.07703204311836,0,0.3831246527044977,1.8679725817127064,6.394366742123558
2000-02-18,-11.656044220933882,0.7730203427646403,0,0.07118906492954488,2.8027741341326315,6.185664424398441
2000-02-21,-11.632581582884889,5.53565320104903,0,0.0984052300103566,2.7389137549855134,6.148709485726116
2000-02-22,-11.585822703670393,3.14896241555337,0,0.11269882056449901,2.7046834338686683,6.096989098559556
2000-02-23,-11.609895012418166,5.4057462125754805,0,-0.010565364857615769,3.0881295041117873,6.020289570221005
2000-02-24,-11.609895012418166,-2.93144291133986,0,-0.010565364857615769,3.0881295041117873,6.020289570221005
2000-02-25,-11.176978672402207,5.87708715516881,0,0.5340367297459289,1.6827718441956483,5.965854473351986
2000-02-28,-11.223265271557064,-8.08485071360333,0,0.36932155991658133,1.878917806221898,6.3191868884630065
2000-02-29,-11.235202521702494,7.17083832106639,0,0.34139929861275875,1.8822990687571541,6.459181159480526
2000-03-01,-11.235202521702494,-0.026880027901009934,0,0.34139929861275875,1.8822990687571541,6.459181159480526
2000-03-02,-11.235202521702494,2.5363751413146898,0,0.34139929861275875,1.8822990687571541,6.459181159480526
2000-03-03,-11.730380422906983,-6.1579893282346,0,0.22508191441931735,2.1562956224428294,6.8555287940844885
2000-03-06,-11.725284440800085,-2.91632128740937,0,0.22494493836518126,2.1501397776170412,6.864999619380761
2000-03-07,-11.654670680314073,-6.460684940724589,0,0.3222974773023915,2.0305733279817653,6.600450180790078
2000-03-08,-12.152013598552843,-2.2675240514525803,0,0.4913931631673959,1.9554619432485931,6.362693784956154
2000-03-09,-12.134383931175897,5.699540495308759,0,0.4743284438907558,1.9709294610624533,6.402547318873643
2000-03-10,-12.134383931175897,1.5446983377369599,0,0.4743284438907558,1.9709294610624533,6.402547318873643
2000-03-13,-12.402093423123564,2.93764789770838,0,0.13076053472262597,2.9833388124912723,6.243244709825078
2000-03-14,-12.389493895072427,-5.24787628709855,0,0.16498660929094006,2.904989562689398,6.193154925926342
2000-03-15,-12.345681267145128,2.868388193586238,0,0.18101429587804316,2.8661326809153254,6.137247149607157
2000-03-16,-12.330909054730302,8.91688354939941,0,0.030852123844457638,3.308375463351048,6.110946941333912
2000-03-17,-12.330909054730302,0.8500713696037797,0,0.030852123844457638,3.308375463351048,6.110946941333912
2000-03-20,-12.030410395511254,10.8325012707989,0,0.6419063790594478,1.7484453002219529,5.950626598592455
2000-03-21,-12.02406138028412,3.65479719782435,0,0.4677106519982148,1.9754011998644811,6.318747413375609
2000-03-22,-12.013421660220736,-3.7761402442458807,0,0.43202285703933707,1.9918238599362743,6.46980283476044
2000-03-23,-10.945876976170835,-5.25669132760019,0,0.3375805674183785,1.799008535160731,6.3987227709579795
2000-03-24,-10.945876976170835,5.54274557828137,0,0.3375805674183785,1.799008535160731,6.3987227709579795
2000-03-27,-11.478677381426529,-5.65034187024833,0,0.24321970776058638,2.0516620390458904,6.757300107519368
2000-03-28,-11.473309332678522,2.6117467697151504,0,0.24260659934126783,2.0461878687843122,6.767361243887473
2000-03-29,-11.375584958905659,4.304884650111671,0,0.3296546316169171,1.9353381701053647,6.522697167285166
2000-03-30,-12.315659694534723,-5.43075684530292,0,0.3653402280942861,2.1643225794714933,6.689446890768382
2000-03-31,-12.300238175209648,-1.37008404503888,0,0.35319526181512817,2.1704230878092567,6.727159613937194
2000-04-03,-12.300238175209648,-5.11138955426476,0,0.35319526181512817,2.1704230878092567,6.727159613937194
2000-04-04,-12.410046132919941,0.02396671892526056,0,0.2810275432496309,2.4389653873581727,6.584107488048289
2000-04-05,-12.440863814309369,-9.190391499341791,0,0.10496353800093733,2.9640508245899526,6.469440861558045
2000-04-06,-12.653513950542052,2.57412081296039,0,0.05167872993492463,3.114011250185265,6.685057458002841
2000-04-07,-12.66553593916042,-0.20387796692454066,0,-0.04748862004188652,3.474173001825331,6.583994774702672
2000-04-10,-12.66553593916042,8.19153462865667,0,-0.04748862004188652,3.474173001825331,6.583994774702672
2000-04-11,-12.35792581513418,-6.9268151799509905,0,0.5729801277798288,1.8569609411097585,6.363800997075071
2000-04-12,-12.250018934505038,-1.72193032737369,0,0.4238173139007274,1.9929658761775348,6.74998017315359
2000-04-13,-12.432212075690092,0.012476573872659963,0,0.5921164385269104,1.7327656471193964,6.722952192149404
2000-04-14,-11.225476168120338,-10.83018334303925,0,0.4648990405964103,1.5779679963915358,6.681353506966556
2000-04-17,-11.51172893472809,5.01392982413087,0,0.49064192272539764,1.6260530275078802,6.7014446153606695
2000-04-18,-11.859966357729208,-1.5980922510679805,0,0.30719762846384324,1.91320268315115,7.169319103895569
2000-04-19,-11.857383898842114,-1.9569791214630496,0,0.32579902091559665,1.8797753957599217,7.162039896017118
2000-04-20,-11.977456152406596,2.20147983354707,0,0.48563618881799986,1.7506281221930702,6.825740314495688
2000-04-21,-12.922418578629873,0.0,0,0.49264955541655586,1.988333877288202,7.0280156549541735
2000-04-24,-12.912940725726159,0.0,0,0.506017426716391,1.9520666131094593,7.044184687566436
2000-04-25,-12.912940725726159,6.51216971203553,0,0.506017426716391,1.9520666131094593,7.044184687566436
2000-04-26,-12.802142318730777,3.83498044540921,0,0.14255360776068898,2.6704426068319354,7.227013724354116
2000-04-27,-12.870524313878484,-4.84097594357358,0,-1.657904835700551e-05,3.1326606158897636,7.145484230705678
2000-04-28,-12.839322622392023,8.955633363272561,0,0.013210900688319104,3.1101041496445774,7.086248266461314
2000-05-01,-12.90278321750881,0.0,0,-0.09078554473778261,3.570664285261466,6.889791721886838
2000-05-02,-12.90278321750881,9.83921606787971,0,-0.09078554473778261,3.570664285261466,6.889791721886838
2000-05-03,-12.496274726726499,-6.982012959780801,0,0.57435414225925,1.8191279353987437,6.615627711195452
2000-05-04,-12.615847532512301,4.4380687682598,0,0.6855282831683431,1.5963560194902762,6.793556567628215
2000-05-05,-13.031036232729607,6.93116638083478,0,0.7737302000397042,1.579640189463105,6.676521813496871
2000-05-08,-11.591360086778089,0.24987398288585996,0,0.6107103563905316,1.4643025937532042,6.6689807887801
2000-05-09,-11.591360086778089,0.0,0,0.6107103563905316,1.4643025937532042,6.6689807887801
2000-05-10,-11.848427207761208,0.06344750020275992,0,0.39440647371723087,1.7558536983145423,7.146872659199078
2000-05-11,-11.848427207761208,-8.91144560463001,0,0.39440647371723087,1.7558536983145423,7.146872659199078
2000-05-12,-12.035608485782141,-2.84237973584558,0,0.3037212805116505,1.9320021509100942,7.315281167935222
2000-05-15,-12.944427427044317,-2.9479558938085204,0,0.29143628238155195,2.295983688377384,7.403043079792272
2000-05-16,-12.94218109612946,7.21335498791382,0,0.3084394268155358,2.2535423365151046,7.41025607253181
2000-05-17,-12.94218109612946,-9.51734600996526,0,0.3084394268155358,2.2535423365151046,7.41025607253181
2000-05-18,-12.981662401885256,-5.15597989397212,0,0.054700685079157235,2.8458638379391257,7.511821923182382
2000-05-19,-13.054675994595609,-2.72206669950966,0,-0.05931174619702487,3.2645915099534575,7.400421433475756
2000-05-22,-13.026864522837156,-4.17570473870266,0,-0.046799162060435634,3.2465960396580327,7.340166759697411
2000-05-23,-13.11575102451738,5.43041816703703,0,-0.14310654478904597,3.7045794291975858,7.158362353819559
2000-05-24,-13.11575102451738,3.7973199536959794,0,-0.14310654478904597,3.7045794291975858,7.158362353819559
2000-05-25,-12.897909760880005,1.9070462570480098,0,0.5126457181884999,2.012696793686297,6.804469999431835
2000-05-26,-12.98092797300248,-1.6999809915600004,0,0.5935457351837805,1.811571930851202,7.002826862128881
2000-05-29,-13.170618898277539,5.64395928766558,0,0.6091891496840193,1.854541013697253,6.94665457889767
2000-05-30,-11.872730894244015,-0.33058438843946003,0,0.48785074229893916,1.6885489359068755,6.8921602392659285
2000-05-31,-11.872730894244015,-0.2783982813793199,0,0.48785074229893916,1.6885489359068755,6.8921602392659285
2000-06-01,-12.08153778902534,6.80263543575665,0,0.2604881878620664,1.9840653494278766,7.437500362597742
2000-06-02,-12.08153778902534,5.48328013933318,0,0.2604881878620664,1.9840653494278766,7.437500362597742
2000-06-05,-12.232089169091303,-2.39098930197812,0,0.15747522279200188,2.16534701607579,7.646543471247558
2000-06-06,-13.020672709762728,-3.3742988119601303,0,0.13149151252740726,2.4500559726533195,7.95922647975674
2000-06-07,-13.007594379683493,-2.88403902800737,0,0.15444676328100618,2.3914621589275575,7.957864192302918
2000-06-08,-13.007594379683493,-2.83892251916155,0,0.15444676328100618,2.3914621589275575,7.957864192302918
2000-06-09,-13.181766998813117,6.9989555920985795,0,-0.047108389387854804,2.9659446820869078,7.988101475685979
2000-06-12,-13.2824304567669,-1.06075213589702,0,-0.1369327997838767,3.3661837948978635,7.839904363801199
2000-06-13,-13.25967382949916,4.562150422173521,0,-0.128469477175084,3.3614624280015057,7.784297179341424
2000-06-14,-13.176266021824947,-0.9929565531330599,0,-0.16276191586033256,3.705149379183038,7.319128787440628
2000-06-15,-13.176266021824947,-3.22472483322526,0,-0.16276191586033256,3.705149379183038,7.319128787440628
2000-06-16,-12.760819504839617,-13.31400933049439,1,0.39010566738860497,2.127605304429328,7.088832256655035
2000-06-19,-13.547630912444411,5.63119234483505,0,0.45170324812526275,2.113120586096208,7.545343713276573
2000-06-20,-13.495798039737807,1.1438176415235697,0,0.34138667001810885,2.3078230094909875,7.640154883788451
2000-06-21,-12.465681222980285,-4.4607550910516895,0,0.3365247400100579,2.0000287652564097,7.415802496149848
2000-06-22,-12.465681222980285,-3.46375200879077,0,0.3365247400100579,2.0000287652564097,7.415802496149848
2000-06-23,-12.722699125196542,-1.2605707096398298,0,0.17487649621090312,2.1930224081168257,8.000315316951443
2000-06-26,-12.722699125196542,0.4129217444477499,0,0.17487649621090312,2.1930224081168257,8.000315316951443
2000-06-27,-12.836273992332329,-1.6615640419156898,0,0.061485475253448704,2.3700216699046823,8.252185026429583
2000-06-28,-13.547850250799671,2.48366076771384,0,0.017455323354220655,2.643624543483864,8.638578259584467
2000-06-29,-13.547850250799671,1.6766475983087905,0,0.017455323354220655,2.643624543483864,8.638578259584467
2000-06-30,-13.547850250799671,2.32739610821834,0,0.017455323354220655,2.643624543483864,8.638578259584467
2000-07-03,-13.743018022527044,6.07900391388073,0,-0.17349911048965938,3.2283030300523787,8.686974652647939
2000-07-04,-13.849176022648873,7.72489047126205,0,-0.257119016404567,3.638138165546123,8.543977461329984
2000-07-05,-13.835052625162383,0.10305424824706999,0,-0.25342505324599607,3.6508052796206956,8.49477911239753
2000-07-06,-13.785698039032784,3.2015291871359706,0,-0.2864336788754136,4.046240097415229,8.028652319767872
2000-07-07,-13.785698039032784,0.0,0,-0.2864336788754136,4.046240097415229,8.028652319767872
2000-07-10,-13.489050673041309,-0.16498280301273024,0,0.2295245320315047,2.5929653512145823,7.6015010418623845
2000-07-11,-13.508000992690285,3.0585219861489503,0,0.18927668053275654,2.4824201268329036,8.087685640097536
2000-07-12,-13.520679557012713,13.02817355965839,0,0.15296586114220523,2.6066188171965843,8.024422799313705
2000-07-13,-12.621278927327776,0.0,0,0.2188313828261324,2.203803507739109,7.66930661483612
2000-07-14,-12.621278927327776,-2.67702462559548,0,0.2188313828261324,2.203803507739109,7.66930661483612
2000-07-17,-12.779270406641233,0.72782411597874,0,0.09396350885320029,2.4766765429047997,7.841124251625347
2000-07-18,-12.885988091854106,0.6036524807991103,0,-0.04980143921737143,2.846875604906,7.912896512597378
2000-07-19,-13.015833551430195,-3.90413148792541,0,-0.10138416588213191,2.943863911558064,8.104761856017163
2000-07-20,-13.811614943365617,8.123839664952579,0,-0.22914614364231495,3.5132838869231477,8.565747372444466
2000-07-21,-13.811614943365617,-4.8685328820530795,0,-0.22914614364231495,3.5132838869231477,8.565747372444466
2000-07-24,-13.811614943365617,6.27597379630152,0,-0.22914614364231495,3.5132838869231477,8.565747372444466
2000-07-25,-13.765063513405092,-1.0695161470765702,0,-0.2004060560102084,3.453639489279128,8.480095622375316
2000-07-26,-13.82992015783694,-1.7728389515410998,0,-0.26349075496992225,3.7982362384052846,8.320885046845758
2000-07-27,-13.812202749278303,-6.24597571498126,0,-0.2578663942250651,3.803917513244069,8.268752861131404
2000-07-28,-13.73901095243955,-2.1478233486696,0,-0.2729601660632423,4.055202762040849,7.9038343141973275
2000-07-31,-13.73901095243955,2.91881335940873,0,-0.2729601660632423,4.055202762040849,7.9038343141973275
2000-08-01,-13.581508953124278,0.4526816107933799,0,0.35579293413226776,2.4311889698427223,7.322423118443291
2000-08-02,-13.600224673591928,-5.98893712063679,0,0.28926191805228274,2.3949230195447644,7.832531083052118
2000-08-03,-13.594493237660757,0.8318087419329101,0,0.24504506639832174,2.5164834523652315,7.7930634156880245
2000-08-04,-12.682545004562478,-2.2303563063053202,0,0.3147857793574802,2.1154212571059148,7.4566131505605275
2000-08-07,-12.682545004562478,5.25976116859303,0,0.3147857793574802,2.1154212571059148,7.4566131505605275
2000-08-08,-12.780744137815372,1.3178330476142999,0,0.14832456237138042,2.434255694614553,7.670644441792856
2000-08-09,-12.85468378568012,3.02615386889299,0,-0.027208877068565243,2.8430425030008255,7.785920330405654
2000-08-10,-12.98784038833146,0.44449405750125,0,-0.08691867969647459,2.9584866692188436,7.988597492203911
2000-08-11,-13.790657936113913,-0.6503389502606802,0,-0.22384369684317867,3.5509310506044223,8.464600635369916
2000-08-14,-13.790657936113913,0.30795688123902015,0,-0.22384369684317867,3.5509310506044223,8.464600635369916
2000-08-15,-13.790657936113913,0.44455470588431,0,-0.22384369684317867,3.5509310506044223,8.464600635369916
2000-08-16,-13.764980477284766,1.96285742963259,0,-0.20989387985642483,3.559890965342377,8.361525491693818
2000-08-17,-13.811268062437588,-0.7620973070890099,0,-0.2636404233267497,3.8739579522588907,8.19311167579592
2000-08-18,-13.811268062437588,0.1463313573747304,0,-0.2636404233267497,3.8739579522588907,8.19311167579592
2000-08-21,-13.72631442410025,3.25011244984411,0,-0.2879588887063302,4.286959276335031,7.634525949886855
2000-08-22,-13.761718061532186,2.8458977752549504,0,-0.31145750368273095,4.417060413240728,7.6064006391314605
2000-08-23,-13.553124996883401,-0.42840772084997997,0,-0.1488121516661728,3.696248483050727,7.638673680548463
2000-08-24,-13.72854703457466,4.374244310869909,0,-0.22618273973341252,3.7269317921726843,8.149625768495424
2000-08-25,-13.578467163885977,0.7658510525041899,0,-0.09071444544969787,3.326594658472069,7.976134519271298
2000-08-28,-12.732616305934403,1.2957643504343799,0,-0.0073264262289606885,2.8680851081839513,7.52595230571986
2000-08-29,-12.666130097032816,0.5448583001087599,0,0.17325146731974106,2.448630594382287,7.40156552053606
2000-08-30,-12.811428341336642,-6.5121280679933795,0,0.08566589482853579,2.6632248504614786,7.542533460203218
2000-08-31,-12.872550581262182,2.70794194016485,0,-0.03753675573675007,2.9673875536992114,7.631302224933018
2000-09-01,-13.008216334382407,0.46161107939112,0,-0.10293866653126624,3.098805925963713,7.845774103591454
2000-09-04,-13.700911181254963,3.6423137729340804,0,-0.18682529723124094,3.53169414028435,8.233008491841499
2000-09-05,-13.700911181254963,0.6893731666246901,0,-0.18682529723124094,3.53169414028435,8.233008491841499
2000-09-06,-13.700911181254963,-4.32800352929828,0,-0.18682529723124094,3.53169414028435,8.233008491841499
2000-09-07,-13.66771623041431,2.3476687392880407,0,-0.16031307623124372,3.509643823047501,8.107818592836146
2000-09-08,-13.7059437250603,-6.53995306063251,0,-0.22157126917155592,3.8281940273637516,7.952891159590867
2000-09-11,-13.706877266869755,0.02195200937383998,0,-0.22194842736775933,3.8279749036691113,7.956002768847231
2000-09-12,-13.040158437527118,0.59260484083491,0,-0.14504825378425984,3.8008460769157253,6.938322628220563
2000-09-13,-13.076628335328348,0.0,0,-0.1662022558948194,3.922785056903444,6.893942329544675
2000-09-14,-12.835476392510449,-3.14442927782831,0,-0.003021364794202473,3.203095386366187,6.997757748760161
2000-09-15,-13.067918700046654,-3.0898106348417005,0,-0.09373675036716808,3.314974272743709,7.500121038201986
2000-09-18,-12.877251434806727,-3.04352291342135,0,0.09160133267034273,2.8040586963138168,7.298746260709173
2000-09-19,-11.938291162813353,2.96138587250595,0,0.08030234734123638,2.4787353829865095,7.058968226900978
2000-09-20,-11.849815138829156,-12.39005220742428,1,0.30758313481079447,2.004249283901946,6.934054049299467
2000-09-21,-12.613477845114858,-2.1706807377095196,0,0.05923861876208253,2.6281548181856493,7.540726081969122
2000-09-22,-12.68180150757698,-0.3227671739172301,0,-0.042548770679868696,2.9068535852276662,7.570648684401878
2000-09-25,-12.823735114902544,3.5904786504262503,0,-0.10265640635191528,3.030767669402935,7.7733792344820944
2000-09-26,-13.525444458410197,-2.29207770195306,0,-0.1699845582748386,3.4540538954260454,8.099347948844443
2000-09-27,-13.525444458410197,-4.1851890971615795,0,-0.1699845582748386,3.4540538954260454,8.099347948844443
2000-09-28,-13.525444458410197,1.6080386189991698,0,-0.1699845582748386,3.4540538954260454,8.099347948844443
2000-09-29,-13.487649740194403,-1.5969782143754698,0,-0.14093973912638447,3.424111868548978,7.970843783570768
2000-10-02,-13.645454594851845,5.11565989650569,0,-0.2902615394678621,4.251065651147172,7.616256386570558
2000-10-03,-13.645454594851845,0.0,0,-0.2902615394678621,4.251065651147172,7.616256386570558
2000-10-04,-13.691818122771817,-0.031083399244000165,0,-0.3593660035383951,4.821581721650535,7.231938134673641
2000-10-05,-13.704616020425426,9.41607588024857,0,-0.3690810708017285,4.9065560390283505,7.182615126228979
2000-10-06,-13.39678599989605,-6.402525654662861,0,-0.14760326372436258,3.6034164304702996,7.624791979324834
2000-10-09,-13.572895833655693,-4.0622472262560905,0,-0.21253226433153094,3.607504534586968,8.109509916064056
2000-10-10,-13.411620149651577,3.44876343030393,0,-0.09065434423957561,3.230944218177341,7.97008224397373
2000-10-11,-12.558210995924757,-3.0078755832985102,0,-0.030044539301479167,2.809334256683716,7.562393471166378
2000-10-12,-12.453353434366164,-4.33340653380038,0,0.11863018193425438,2.434210488974112,7.485617766204884
2000-10-13,-12.615450011321304,0.0,0,0.043358974760772606,2.63180228634673,7.60997105253888
2000-10-16,-12.692801600587504,0.0,0,-0.05157090089296238,2.9034465796401427,7.628956236621905
2000-10-17,-12.834402636035044,0.0,0,-0.10775462823286897,3.017695290978773,7.828455165828155
2000-10-18,-13.533796901210557,0.0,0,-0.1728042456314317,3.4350446826982823,8.150725689914175
2000-10-19,-13.533796901210557,0.0,0,-0.1728042456314317,3.4350446826982823,8.150725689914175
2000-10-20,-13.533796901210557,0.0,0,-0.1728042456314317,3.4350446826982823,8.150725689914175
2000-10-23,-13.411580190706466,5.67412224711196,0,-0.0570335014329965,3.0670885869459914,8.088525432017352
2000-10-24,-13.609233824759254,0.0,0,-0.24922795532457648,3.9037118022582935,7.878752059497825
2000-10-25,-13.609233824759254,0.69072478444058,0,-0.24922795532457648,3.9037118022582935,7.878752059497825
2000-10-26,-13.656656694409563,1.33346094518458,0,-0.31346653915920997,4.361915801100183,7.588279339896797
2000-10-27,-13.678013005294023,4.38567162837251,0,-0.32790250391752596,4.47127498146598,7.531140808886223
2000-10-30,-13.412639256774938,2.78219460031034,0,-0.15283513784746178,3.5375572353109623,7.77193269631697
2000-10-31,-13.42776217370829,0.0,0,-0.16006486581218488,3.5421817920301697,7.8151077786221315
2000-11-01,-13.269648530137946,11.83487076303789,0,0.019927127412278506,3.052424319242157,7.588335178737351
2000-11-02,-12.372457667110844,-3.5741128558715696,0,0.05424008831110387,2.6640074332075425,7.254341298183481
2000-11-03,-12.334149924942093,5.90185389766077,0,0.29458687386388516,2.1673475551782184,7.086807489238921
2000-11-06,-12.515637815755586,-0.0890019095812899,0,0.23686149328492279,2.3401204270703992,7.163911003105254
2000-11-07,-12.519751110555433,-4.77783985175982,0,0.055692091254801235,2.723743269785789,7.279805650685049
2000-11-08,-12.663530800759412,-7.4109333947136395,0,-0.024661354788119018,2.887376275635324,7.503823649290643
2000-11-09,-13.42822243040808,-3.6827765779930606,0,-0.12781554784179502,3.3578851815460125,7.955530871949506
2000-11-10,-13.42822243040808,-5.717838618208949,0,-0.12781554784179502,3.3578851815460125,7.955530871949506
2000-11-13,-13.42822243040808,-3.83638017931939,0,-0.12781554784179502,3.3578851815460125,7.955530871949506
2000-11-14,-13.313526170854498,0.0,0,0.02602283226048466,2.9237184600674784,7.841156903793214
2000-11-15,-13.499403863226217,13.301395651045109,0,-0.2115692481264551,3.831438676979782,7.6921017193005365
2000-11-16,-13.499403863226217,-8.80852219252586,0,-0.2115692481264551,3.831438676979782,7.6921017193005365
2000-11-17,-13.641356815109084,-4.87803941676128,0,-0.3094662957891065,4.352210040433066,7.5664049185545
2000-11-20,-13.662680700944259,-9.19627350669778,0,-0.3239375535890101,4.4614841051407215,7.509206923885038
2000-11-21,-13.428256514363678,3.35256866594083,0,-0.15822277476359267,3.5505316295210285,7.793352956600411
2000-11-22,-13.548611363419234,-8.02373310178266,0,-0.20393188053321556,3.6242970176873506,8.019238476945421
2000-11-23,-13.38969303422688,4.54928810671257,0,-0.06779471522396519,3.220615403042614,7.853846208179698
2000-11-24,-12.526332057763923,3.90588826379895,0,-0.00497670608219432,2.7905992425980406,7.4494657330582825
2000-11-27,-12.459609794241317,5.06505841911757,0,0.18786307147179926,2.3584751755176914,7.316954304285674
2000-11-28,-12.607538354752123,0.9520590398366203,0,0.09970462736763669,2.571761965968995,7.452036534809163
2000-11-29,-12.662546295426512,3.12603752122231,0,-0.024044996787390673,2.881321855821094,7.510779091191368
2000-11-30,-12.854316234735723,-11.94118485508079,0,-0.11319688943155173,2.9817615261441417,7.931692099067294
2000-12-01,-13.8094039917829,3.55363857911404,0,-0.24670693212340794,3.5875058332538448,8.53186849187989
2000-12-04,-13.8094039917829,-6.42758195487051,0,-0.24670693212340794,3.5875058332538448,8.53186849187989
2000-12-05,-13.8094039917829,13.914054668566278,0,-0.24670693212340794,3.5875058332538448,8.53186849187989
2000-12-06,-13.764392872047605,5.994481390963879,0,-0.22343298631087258,3.5719374840420484,8.404953496580816
2000-12-07,-13.893365338379155,-2.54829806057454,0,-0.3338840780393082,4.229316224507807,8.107651101879528
2000-12-08,-13.893365338379155,11.601759619113428,0,-0.3338840780393082,4.229316224507807,8.107651101879528
2000-12-11,-13.915618436236485,-0.85352807294359,0,-0.3805591664310608,4.642716535929477,7.8014527982826865
2000-12-12,-13.941020124677895,-5.03727370400273,0,-0.40093281330649466,4.820881352988744,7.6956179336995
2000-12-13,-13.754714677949945,-6.89851984803562,0,-0.27784241321786063,4.032619865179843,7.975709982078216
2000-12-14,-13.820061456386114,-2.66590433921372,0,-0.28344748957507826,3.904154944605134,8.251311075823613
2000-12-15,-13.698919229697282,-5.126540957250319,0,-0.18555416861279772,3.43462508542187,8.375472365511758
2000-12-18,-12.882450207910473,5.195492183338731,0,-0.08774214703714767,2.9680285283328374,7.870755718279835
2000-12-19,-12.773193279948094,7.283583322244761,0,0.0518017003703438,2.599281299646949,7.790723110536766
2000-12-20,-12.450102075392838,-6.380766851816311,0,0.2318498233456542,2.3258999866150742,7.15692595603309
2000-12-21,-12.46159730504619,-7.32727818913226,0,0.054749951226963835,2.7032256840920557,7.265674072770343
2000-12-22,-12.663522575528809,1.60016692209694,0,-0.06156603639522015,2.8639532311377964,7.713191067781148
2000-12-25,-13.473441673435754,0.0,0,-0.15925741550865052,3.3404878957601483,8.17665804964427
2000-12-26,-13.473441673435754,0.0,0,-0.15925741550865052,3.3404878957601483,8.17665804964427
2000-12-27,-13.503319966037427,11.72650091479631,0,-0.16940192467777765,3.361585612653947,8.219818083865807
2000-12-28,-13.443232886555549,-2.28271938641731,0,-0.12566784685100857,3.296588775229051,8.060295277655682
2000-12-29,-13.583638086081088,2.4332893630833503,0,-0.25566364080803683,3.982951930884542,7.768498491795351
2001-01-01,-13.583638086081088,0.0,0,-0.25566364080803683,3.982951930884542,7.768498491795351
2001-01-02,-13.611884317716548,-1.2252282095983098,0,-0.3109866444658074,4.4080484523884245,7.466731099968641
2001-01-03,-13.634862313920426,1.60215558934533,0,-0.3304409520493107,4.579392255092288,7.352490058692593
2001-01-04,-13.433700016854292,-3.8963199774694,0,-0.19298000330431758,3.7642211298923502,7.636592895778357
2001-01-05,-13.510065487495208,0.0,0,-0.20488018830694804,3.6631562374013784,7.9259475762332325
2001-01-08,-13.24851543613218,8.245927512260259,0,-0.022362857505080387,3.0413445193928883,7.8023238572179565
2001-01-09,-12.36908386124809,-3.9312169369414605,0,0.009759206439980357,2.661360786608798,7.461652746531599
2001-01-10,-12.239412158615497,-8.05131754349736,0,0.18926131903472576,2.230351912978442,7.369555067936021
2001-01-11,-12.200997155081177,0.6094733964785399,0,0.3050485811819594,2.139106173975857,6.967738806054065
2001-01-12,-12.22228302416635,2.1250249890914197,0,0.12171474709081612,2.5229346930957726,7.0584137631021395
2001-01-15,-12.440986432620992,6.16458756926513,0,-0.0001724288446952104,2.7071733757797776,7.494242752237838
2001-01-16,-12.319180480583473,-4.756243983223199,0,-0.21358843983182146,2.936048000219478,7.876693801781937
2001-01-17,-12.319180480583473,9.214222704667572,0,-0.21358843983182146,2.936048000219478,7.876693801781937
2001-01-18,-12.350998219213055,-1.3279604806035499,0,-0.22391022356210044,2.9566537377665743,7.916551356426824
2001-01-19,-12.285264052355881,2.81341658031468,0,-0.1816449473048688,2.902188844653031,7.7718618924169185
2001-01-22,-12.415202990847408,3.5582465161979897,0,-0.3105398460715433,3.5518504762601646,7.461822964643549
2001-01-23,-12.415202990847408,3.4103747022114597,0,-0.3105398460715433,3.5518504762601646,7.461822964643549
2001-01-24,-12.428834897363323,-0.5639401758163798,0,-0.36258541423338614,3.9491503701020774,7.151672818101289
2001-01-25,-12.4491464629689,-0.33455871358513994,0,-0.38256198639662203,4.116290660280079,7.03702068420661
2001-01-26,-12.26134534536518,-1.11839226254621,0,-0.24739520121507327,3.3427781761654405,7.34668566146105
2001-01-29,-12.346413400056807,-0.7362025227992499,0,-0.2590470822545944,3.2436303545801737,7.624167636948191
2001-01-30,-12.074282787508608,-0.34872074023774013,0,-0.07906893147712166,2.6617383410712794,7.544927036458391
2001-01-31,-11.10665162538655,0.92353232997739,0,-0.16530146486212272,2.363159028637444,7.379173655783875
2001-02-01,-10.98809711408133,1.8663496060023699,0,0.019457150488743455,1.9838172825926446,7.297319490859538
2001-02-02,-10.838467776010798,-1.8903081269570903,0,0.16481503779790338,1.8708200905240662,6.84866788980492
2001-02-05,-10.900368754078173,-0.5961445823232701,0,-0.017331085330666414,2.214772018679936,6.9161689549170235
2001-02-06,-11.124400083601984,1.6536336369112998,0,-0.1655875374957253,2.3943681223865463,7.348632589617268
2001-02-07,-11.302888345923103,-3.0811533491181198,0,-0.2962295560849602,2.6083737559226607,7.621821472718416
2001-02-08,-11.302888345923103,0.16196218213254,0,-0.2962295560849602,2.6083737559226607,7.621821472718416
2001-02-09,-11.335984959578811,-3.9946456699067503,0,-0.31111182155812034,2.6339694237870646,7.664412613103143
2001-02-12,-11.272898855827686,2.29462288029663,0,-0.26263607386435567,2.5836245666707445,7.522865944812434
2001-02-13,-11.384537903351196,-1.3985323328789596,0,-0.42166716988532876,3.2394964001614452,7.256874142350242
2001-02-14,-11.384537903351196,-0.0809126600877997,0,-0.42166716988532876,3.2394964001614452,7.256874142350242
2001-02-15,-11.376795001527654,0.0,0,-0.47510020402826825,3.616394588103814,6.9594453481336345
2001-02-16,-11.300904420846718,0.8184680927452899,0,-0.47347214413489497,3.82876798084343,6.618176537795257
2001-02-19,-11.138158567764505,2.4795324450446,0,-0.2942378935280116,3.0348269857003487,6.848156723801171
2001-02-20,-11.255613054471983,-3.2019744850677005,0,-0.3338084906924829,3.0009271550568535,7.150082961457949
2001-02-21,-11.012211388244731,-1.57802220280357,0,-0.11000479619667361,2.4082647401459387,7.025160794122613
2001-02-22,-11.05762288485845,-3.86546386883189,0,-0.1719336427176898,2.575053355736337,7.019204080822821
2001-02-23,-10.998169661177863,-10.99990040706706,1,-0.08828777648899738,2.355904433327149,7.0220132799528905
2001-02-26,-11.189223314536651,3.74812394549099,0,0.10501745168369103,2.0666678620886283,7.025470374854878
2001-02-27,-11.217242924873744,1.21569856181996,0,-0.12052088756872434,2.4641299893354303,7.175355296166421
2001-02-28,-11.424537019913048,-0.96682726763425,0,-0.3095145518331881,2.6762246323169148,7.689127632308452
2001-03-01,-11.574142994121045,-0.4243799103820599,0,-0.4129834750852519,2.8279059547041205,7.945835948189245
2001-03-02,-11.574142994121045,2.6289316393903,0,-0.4129834750852519,2.8279059547041205,7.945835948189245
2001-03-05,-11.604953347810287,4.26517860591171,0,-0.4283745865098799,2.8508527031838202,7.991845421420853
2001-03-06,-11.566993127245834,-1.42836697991216,0,-0.41006509365848776,2.8603945175481638,7.888420426244949
2001-03-07,-11.730643105862175,0.45894964168105995,0,-0.5599269116787455,3.4637435688791323,7.767892902398241
2001-03-08,-11.730643105862175,2.7252442950284905,0,-0.5599269116787455,3.4637435688791323,7.767892902398241
2001-03-09,-11.725491383870548,-4.42096734902239,0,-0.6035974846209422,3.843639173207057,7.470707449807929
2001-03-12,-11.693838259975045,-8.32252285805448,0,-0.6246752318983653,4.14139071710234,7.181005718254038
2001-03-13,-11.553179163113107,-4.80208281482844,0,-0.4894422955993517,3.4105230653961707,7.433714739321054
2001-03-14,-11.635681193750903,-54.84002858881816,1,-0.5048714610986447,3.2996717763529935,7.697622792997884
2001-03-15,-15.359586097541998,45.28266857124549,0,0.4474129265583128,2.9587092341711756,6.992743405853794
2001-03-16,-15.932288698530478,-8.65140038988065,0,0.3766139215751795,3.459326294606147,6.83606006759122
2001-03-19,-15.77399645702438,-0.18411889725739006,0,0.3619367052739395,3.388663769418712,6.995433222052771
2001-03-20,-14.948415337400332,3.8097382081973503,0,0.5403650208812758,2.676190559388279,6.6050918920263015
2001-03-21,-15.230336901034539,-10.1896425772181,0,0.5663730794232886,2.746215962562678,6.428187445396389
2001-03-22,-15.232534650103817,-15.494739793013471,1,0.5653469523624686,2.748819030121442,6.4316968958963106
2001-03-23,-15.625549331225049,9.07603000105477,0,0.4269161231341334,3.2235636848440175,6.700930958386195
2001-03-26,-15.625549331225049,10.667471459140291,0,0.4269161231341334,3.2235636848440175,6.700930958386195
2001-03-27,-15.691095211591852,16.33752760166522,0,0.42548018043048585,3.2445910361842465,6.721553148467592
2001-03-28,-15.62068270602262,-5.282693630537779,0,0.5920601183814334,2.794626307104378,6.413274006130056
2001-03-29,-16.08336237381741,0.9416678141221401,0,0.39646094396726117,3.6788553132105637,6.211967294967385
2001-03-30,-16.08336237381741,-9.44230995833238,0,0.39646094396726117,3.6788553132105637,6.211967294967385
2001-04-02,-16.212685509937124,-1.33522853395243,0,0.308069408217743,4.230876767841112,5.83070084477605
2001-04-03,-16.822524317182065,-10.90824597135171,0,0.3124274164106019,4.439370991504536,5.881361346634689
2001-04-04,-16.025729007649687,1.3972356832253199,0,0.39938913954783994,3.5623485938311132,6.43826126124697
2001-04-05,-16.151546140292577,7.6871943020058895,0,0.3629412138486944,3.614546288294167,6.778277113994648
2001-04-06,-15.389288791666308,-3.4997487971332895,0,0.4479840492686624,2.9657464202052406,6.997577205736803
2001-04-09,-15.960059709191603,7.239652815436831,0,0.37688549386044357,3.4667775445616265,6.841718093373855
2001-04-10,-15.801442324085302,5.0082118582592,0,0.36224079641197604,3.3960115569856177,7.0011314504645235
2001-04-11,-14.980897952285119,5.82850699433213,0,0.5414011578724183,2.682501315654603,6.608693114468536
2001-04-12,-15.262702107581168,4.812565255508789,0,0.5673664056917929,2.752322822337547,6.431608235678349
2001-04-13,-15.264964489642413,0.0,0,0.566349320822745,2.7549291115009105,6.435111912714847
2001-04-16,-15.654769706635754,0.0,0,0.42738601334466925,3.2307493627496005,6.70592108193049
2001-04-17,-15.654769706635754,-4.98325290207202,0,0.42738601334466925,3.2307493627496005,6.70592108193049
2001-04-18,-15.720374661302476,8.89679087844422,0,0.42591888961976054,3.2518473074318313,6.726705582352972
2001-04-19,-15.653976613852898,3.8063850699412995,0,0.5930059499399629,2.8008157932357616,6.41678326773169
2001-04-20,-16.828942736930962,-1.57206325218463,0,0.4170832618515141,3.8415519223839745,6.300569700960054
2001-04-23,-16.828942736930962,-5.58049182671555,0,0.4170832618515141,3.8415519223839745,6.300569700960054
2001-04-24,-17.475192441636665,1.4346289261202299,0,0.3103576158744884,4.600701179007503,6.159863524382908
2001-04-25,-18.077256557228786,0.9073208039335701,0,0.30683699257273167,4.828694016150072,6.242889188898397
2001-04-26,-17.36026338460279,-2.4266738806894903,0,0.39452573182096207,3.950584105460963,6.780707669089889
2001-04-27,-17.19146187996722,-5.85349077978857,0,0.3765892883889318,3.884805438393842,6.976700532614135
2001-04-30,-15.742131875131172,-34.227729124493415,1,0.44720708065934583,3.0635211015246955,7.080743858724914
2001-05-01,-19.22790076281218,0.0,0,0.5113974949902965,4.030058948978118,7.0429421482590655
2001-05-02,-18.97946360814926,3.77950134167654,0,0.4895461813541998,3.9788119686282117,7.222625127055771
2001-05-03,-18.180989313667332,-3.4626832259818503,0,0.713228025481393,3.057463136829877,6.683623943460767
2001-05-04,-18.744446121184225,2.59245725844388,0,0.7664063986452077,3.079514524231004,6.457618466559964
2001-05-07,-18.74565960227186,0.0,0,0.7652447476799842,3.0828460420150194,6.461536369852455
2001-05-08,-18.86033970435834,1.45484375092749,0,0.5795922158611251,3.7008113348412572,6.829490953428896
2001-05-09,-18.86033970435834,0.2539959762190298,0,0.5795922158611251,3.7008113348412572,6.829490953428896
2001-05-10,-18.93586379816275,0.0,0,0.5775478979717985,3.725094944427297,6.852579215971366
2001-05-11,-19.394461468794134,4.11673800122324,0,0.8101236356861532,3.097391249450165,6.4127818993012315
2001-05-14,-20.207586574305402,-2.9318330147678897,0,0.5487346076154637,4.36888179856064,6.465399914120905
2001-05-15,-20.207586574305402,-1.0111382144273,0,0.5487346076154637,4.36888179856064,6.465399914120905
2001-05-16,-20.743581615534342,8.211047074162279,0,0.4132556294450105,5.248699446256534,6.415204746140402
2001-05-17,-21.417686830663424,1.03528254299693,0,0.4075471724375188,5.491023788989493,6.51540921896737
2001-05-18,-20.783488279254282,2.88910300267416,0,0.5238279686490205,4.508136637225586,6.972996314479398
2001-05-21,-20.508880605881757,2.6372588375130404,0,0.4969122591343524,4.470241709337428,7.19745091681954
2001-05-22,-18.954714178858428,-0.79650268901428,0,0.6005866625580354,3.5312274438394278,7.2131513641021066
2001-05-23,-19.48844405932097,-3.20483755233767,0,0.508459612359944,4.106297759484649,7.111350328864056
2001-05-24,-19.241758001823847,1.64811968637892,0,0.48771441152281725,4.052600136078082,7.289851915427805
2001-05-25,-18.889531766638527,-2.1082199503850902,0,0.6117704809395876,3.465372572523564,7.227032392937522
2001-05-28,-18.889531766638527,-0.23733131871670998,0,0.6117704809395876,3.465372572523564,7.227032392937522
2001-05-29,-18.889924521052414,-6.21388810448906,0,0.6108575429911254,3.4677118655395636,7.231058622828064
2001-05-30,-18.859951058162185,-3.01696403990159,0,0.5495096551035699,3.5848070301005617,7.574744564264056
2001-05-31,-18.859951058162185,2.5778490737303104,0,0.5495096551035699,3.5848070301005617,7.574744564264056
2001-06-01,-18.21331320928894,-2.93997041613927,0,0.6183110060096382,3.273490429933216,7.118379955036444
2001-06-04,-17.907785258146752,1.8035950094964999,0,0.8860578021085609,2.6071504433493438,5.991952369981315
2001-06-05,-18.837816641416723,0.6043868494007503,0,0.5762111801686515,3.9462876100598647,6.055358305887378
2001-06-06,-18.880536413772326,-0.34543684845793005,0,0.5697839267512852,3.974268964221487,6.095704746918907
2001-06-07,-19.59174469588173,4.63955272480224,0,0.4345928427379191,4.867262385020609,6.009226042125286
2001-06-08,-20.31952515970803,-0.63164194357879,0,0.4397217684356213,5.080615110304985,6.066224534747187
2001-06-11,-19.59271021331074,-2.82528891545814,0,0.5679032685057168,4.071264430837463,6.5221655029358026
2001-06-12,-19.30119703616352,-7.62920595755881,0,0.5314794433525505,4.0618323019941815,6.756759980348616
2001-06-13,-17.79336750339115,0.62231148262394,0,0.6037277244425474,3.242593054993357,6.974959986952655
2001-06-14,-18.44728086454578,-4.24341513431892,0,0.5186394631096918,3.8090673168819364,6.842161689322637
2001-06-15,-18.200120818319277,0.0,0,0.49372384486826315,3.7656376779040728,7.024322310897934
2001-06-18,-17.711327796862953,-10.63273296546472,0,0.6136854918528276,3.178284722190506,6.992842198136076
2001-06-19,-18.329965028537693,1.30829850223289,0,0.6011203955049131,3.357308223282913,7.16027172784559
2001-06-20,-18.331428468804653,-3.7144414670394794,0,0.6002756644976921,3.3596241470169756,7.164201120161474
2001-06-21,-18.325461245273964,-2.32929160789039,0,0.5410179470409975,3.47058700387318,7.4980136463853135
2001-06-22,-18.325461245273964,-1.39828372379811,0,0.5410179470409975,3.47058700387318,7.4980136463853135
2001-06-25,-17.65414352791123,-0.16893412853365986,0,0.6047324390261932,3.1719331140755993,7.060007056379172
2001-06-26,-18.170356654017993,-1.7417941671110202,0,0.696409348726066,3.118036378797823,6.661053737131898
2001-06-27,-19.664676632290448,-0.6155136208597402,0,0.5059461183570106,4.343849045069012,6.606168971691396
2001-06-28,-19.89124694028392,5.05151745836719,0,0.5776043447973822,4.224621559392902,6.186792888693308
2001-06-29,-20.282761492023617,6.328553855559721,0,0.4121512044193679,5.122590159339696,6.314510483775475
2001-07-02,-20.86950777857708,2.8590352224719098,0,0.3972895514963044,5.337434804741662,6.535532569032999
2001-07-03,-20.244910130224724,-1.5437439539253002,0,0.588872942327582,4.087054939795678,6.825416220893565
2001-07-04,-19.85926551808575,-1.5795619426260301,0,0.5646280583159948,4.004078694016372,7.049330352177563
2001-07-05,-17.660235270925906,-5.6991305931402,0,0.6791271311407951,2.843266001690409,7.3628588889815365
2001-07-06,-18.680329027567943,-8.47964315461232,0,0.45075150619678717,3.9692764657855926,7.416791526658605
2001-07-09,-18.680329027567943,-3.84644451695123,0,0.45075150619678717,3.9692764657855926,7.416791526658605
2001-07-10,-18.08087235617091,-2.09188220757461,0,0.5494688350514325,3.3886156837904027,7.41375242649929
2001-07-11,-18.08087235617091,-2.22568064629016,0,0.5494688350514325,3.3886156837904027,7.41375242649929
2001-07-12,-18.082009921713897,5.32268130619122,0,0.5487494163607688,3.390343592085043,7.417617806272403
2001-07-13,-18.32589448653139,0.0,0,0.5419817652214867,3.468798648758181,7.492942520951473
2001-07-16,-18.32589448653139,-3.74606588435678,0,0.5419817652214867,3.468798648758181,7.492942520951473
2001-07-17,-17.65347349669416,2.11078259727994,0,0.605762797515849,3.169593863849755,7.0553751449903555
2001-07-18,-18.17050455490961,-4.987357664810591,0,0.69783374298618,3.1145418944967247,6.6560281961876555
2001-07-19,-19.832093855489003,5.03596519500228,0,0.48633154244871973,4.442067463432192,6.750537355724106
2001-07-20,-20.062838832753634,-2.82468087541691,0,0.5542342341747882,4.340016338276808,6.331275166085412
2001-07-23,-20.453763461408784,2.22443026211552,0,0.39866856001888096,5.208201889768178,6.447093426327919
2001-07-24,-21.02287627394048,-8.00867538252164,0,0.38224752954012986,5.424357128656514,6.677559362494485
2001-07-25,-20.4350874619106,1.5479261219207499,0,0.5383497627382845,4.288571700409521,7.093556796079432
2001-07-26,-20.098826380478307,6.92737016273098,0,0.5235047064398697,4.179160632509836,7.300514183863179
2001-07-27,-17.880032598274582,4.17334073795891,0,0.6204920017934512,3.0173646408318806,7.629017963630302
2001-07-30,-18.92713373777573,2.9294117847481997,0,0.42379280631431626,4.087491708612911,7.64706351686203
2001-07-31,-18.92713373777573,5.393387848823069,0,0.42379280631431626,4.087491708612911,7.64706351686203
2001-08-01,-18.32374955524653,-0.9219143983152699,0,0.5107925476951427,3.5294147162296188,7.659300167358535
2001-08-02,-18.32374955524653,-1.6013657344289303,0,0.5107925476951427,3.5294147162296188,7.659300167358535
2001-08-03,-18.32431945800577,-3.61927257777424,0,0.5100963405467667,3.530871039457045,7.6632943804906875
2001-08-06,-18.531478140219857,0.32843952489683015,0,0.49401970919343985,3.6183434857583587,7.789490088655313
2001-08-07,-18.531478140219857,-1.2318811281752802,0,0.49401970919343985,3.6183434857583587,7.789490088655313
2001-08-08,-17.957142897376915,-24.18852181902467,1,0.5594839262600031,3.342851152897291,7.321189591151978
2001-08-09,-21.372713784928358,-5.8831337426386705,0,0.7115127504760819,3.786778389084499,7.159817207791352
2001-08-10,-22.263448169750454,-3.93935981038869,0,0.6575609045587314,4.158068782815702,7.555849501422406
2001-08-13,-22.799869188369122,2.45341840518697,0,0.6476356245996875,4.448571905766207,7.234233017584277
2001-08-14,-22.799869188369122,1.13736862369215,0,0.6476356245996875,4.448571905766207,7.234233017584277
2001-08-15,-23.169515490995085,-6.618490401957951,0,0.5621493425817123,4.869381320388404,7.632466294376345
2001-08-16,-23.223968786029893,-15.82020058772404,0,0.5204503744519309,5.0664774904026695,7.758332630016006
2001-08-17,-22.926536556024047,-4.659480679908071,0,0.5172740308173118,4.9253220686239185,7.942132310487249
2001-08-20,-20.812141832582448,1.7004420835249694,0,0.6372810628279344,3.6570212090082648,8.159584887158275
2001-08-21,-21.593050003393564,1.80577047565149,0,0.4383426333820185,4.760213627128137,8.257655520040721
2001-08-22,-21.593050003393564,2.23099943725172,0,0.4383426333820185,4.760213627128137,8.257655520040721
2001-08-23,-21.115606113591962,1.03674425000011,0,0.5287260012599584,4.185315874019578,8.22744397359952
2001-08-24,-21.115606113591962,8.4755893715029,0,0.5287260012599584,4.185315874019578,8.22744397359952
2001-08-27,-21.115606113591962,1.5170373072378598,0,0.5287260012599584,4.185315874019578,8.22744397359952
2001-08-28,-21.268546547419838,-2.12783538861021,0,0.5071654517206834,4.28070730322797,8.38332572679547
2001-08-29,-21.268546547419838,-0.6475516334217999,0,0.5071654517206834,4.28070730322797,8.38332572679547
2001-08-30,-20.884978830522087,-6.6203844088511,0,0.5887510727364578,3.9798465639244163,7.819205615496907
2001-08-31,-21.49870744370153,0.24365255045870007,0,0.6564897369381548,3.9878172915833243,7.409804877723646
2001-09-03,-22.326935879975274,-0.8927433438673897,0,0.6011620268395332,4.356441854896158,7.832495793941801
2001-09-04,-22.84053389837587,10.822909645911569,0,0.5895177485120275,4.664118098596903,7.515686754577113
2001-09-05,-22.801923349373972,-9.3761998365723,0,0.5999724072946937,4.617348502740796,7.45909588810221
2001-09-06,-22.494570181298567,-5.33438064828541,0,0.6057695582469043,4.5436923055454415,7.3018195341008925
2001-09-07,-22.572018358766826,-8.5636524510694,0,0.5632428184785814,4.744173602408601,7.416793985063732
2001-09-10,-22.213965625473215,-6.1594246486229105,0,0.5514401237199859,4.625758694521512,7.621820335955636
2001-09-11,-19.876812261486606,-14.645480904974379,0,0.656081502065449,3.389516718697781,7.907035483531251
2001-09-12,-20.867149498730193,-3.40154204193868,0,0.4570961183850633,4.51563223314059,7.968504863229089
2001-09-13,-20.867149498730193,-4.9726942260084295,0,0.4570961183850633,4.51563223314059,7.968504863229089
2001-09-14,-21.783659752378384,-24.78321159342434,1,0.5388438688791022,4.326232796303714,8.317907643786107
2001-09-17,-23.26687594463028,5.525071501705519,0,0.5845865819810449,4.5502012400649186,8.39530332366839
2001-09-18,-23.26687594463028,-2.3384783730751697,0,0.5845865819810449,4.5502012400649186,8.39530332366839
2001-09-19,-23.3996267437808,-12.57673925069454,0,0.5600959004835186,4.659294789668187,8.565460609688358
2001-09-20,-23.3996267437808,-27.033424981184613,1,0.5600959004835186,4.659294789668187,8.565460609688358
2001-09-21,-23.42001537960394,-0.09569481923584018,0,0.6638490247514484,4.341771457530623,7.956689709951278
2001-09-24,-24.264373834616826,0.0,0,0.7445796428583159,4.304105560523185,7.505462224050367
2001-09-25,-25.03998466202578,21.819719379784132,0,0.6754774101633176,4.729881124357,7.97839523649217
2001-09-26,-25.589130524913458,4.11571063320505,0,0.6626497279998196,5.040266065540532,7.661636347217002
2001-09-27,-25.57244025777328,5.82495846851554,0,0.67503236421195,4.985524572401379,7.597474594867501
2001-09-28,-25.747742863159743,8.5711124816331,0,0.5715527905733585,5.475253921121306,8.101028383108403
2001-10-01,-25.747927034190656,-1.91548126157344,0,0.5284639513483262,5.684186886227122,8.249032431092164
2001-10-02,-25.462407396758778,4.256311018921489,0,0.5308348800682583,5.522283445858598,8.419199622523777
2001-10-03,-23.30403833955161,0.0,0,0.66264132210977,4.145231326766706,8.560188271028014
2001-10-04,-24.006839859759246,20.220931088277123,0,0.4653867657172629,5.310235777372434,8.707020227535459
2001-10-05,-24.006839859759246,-7.1270043496902,0,0.4653867657172629,5.310235777372434,8.707020227535459
2001-10-08,-24.953575801247148,5.95978150270774,0,0.5220696284058937,5.169773189597654,9.145599420683697
2001-10-09,-24.953575801247148,4.8627079526340005,0,0.5220696284058937,5.169773189597654,9.145599420683697
2001-10-10,-24.953575801247148,10.32183825713296,0,0.5220696284058937,5.169773189597654,9.145599420683697
2001-10-11,-25.00343688781183,9.14660067857115,0,0.4947899424392659,5.270168999173356,9.344924546995756
2001-10-12,-25.00343688781183,0.5217773323972407,0,0.4947899424392659,5.270168999173356,9.344924546995756
2001-10-15,-24.958337661739943,-5.22136724458524,0,0.5912912733071791,4.9554197939533005,8.645291395857818
2001-10-16,-23.657819736619626,0.0,0,0.6035237705607105,4.594187059313155,8.333400114501242
2001-10-17,-24.44218651602157,6.99485715817631,0,0.5574517291546501,4.925050718235706,8.806075287356006
2001-10-18,-25.92397820624518,-1.7035737667577397,0,0.48203153211237393,5.7998624041786515,8.920527677409234
2001-10-19,-25.907277272218465,-3.64552238846258,0,0.4919944928910357,5.757297231249463,8.851530862800796
2001-10-22,-25.98955005790697,3.83069716745176,0,0.43935285996720763,5.913078692792254,9.407164276602067
2001-10-23,-27.721418850966806,7.8891739536082195,0,0.41779482386234285,6.523895864765247,9.82856884192455
2001-10-24,-27.721418850966806,8.04373385292379,0,0.41779482386234285,6.523895864765247,9.82856884192455
2001-10-25,-26.508438951246784,-9.19242448102165,0,0.6493184624612319,4.9285904958492335,9.23154160448168
2001-10-26,-26.74941004113518,6.875796386387931,0,0.4455411379125257,6.112831716387873,9.496632505181111
2001-10-29,-24.1719686296577,-7.8736230682680795,0,0.44323578498154126,5.41961221515824,8.912218546694891
2001-10-30,-25.037634978592237,-13.698222612186639,0,0.4889186804463101,5.2985614354810515,9.391413872132631
2001-10-31,-25.699343956344684,7.69723433209263,0,0.45315378468472256,5.601966475910304,9.763059256171488
2001-11-01,-25.699343956344684,6.43394202084245,0,0.45315378468472256,5.601966475910304,9.763059256171488
2001-11-02,-25.699343956344684,-1.3373748425064602,0,0.45315378468472256,5.601966475910304,9.763059256171488
2001-11-05,-25.699343956344684,11.489958082969281,0,0.45315378468472256,5.601966475910304,9.763059256171488
2001-11-06,-25.73887196431155,-3.4116295063435005,0,0.559359835552862,5.271418220821952,8.969014849394696
2001-11-07,-24.54438977021469,13.102356805327181,0,0.5851010356405656,4.875793507709046,8.599869674143594
2001-11-08,-25.23959778749139,5.2276525736045,0,0.5313630076864735,5.220766295083857,9.117933682031147
2001-11-09,-26.497010949453564,-4.18882393842422,0,0.4361006833607035,6.143020026350303,9.327639673311957
2001-11-12,-26.490057990274902,-8.23838657756257,0,0.4463594145377815,6.101754754746466,9.253930714784591
2001-11-13,-26.532796661765893,8.79104055050437,0,0.39387016324331203,6.240589981283343,9.831867478328913
2001-11-14,-28.17300292443392,4.224779381333129,0,0.3649639317033735,6.8730130002895375,10.31324741094901
2001-11-15,-28.17300292443392,17.4151371083259,0,0.3649639317033735,6.8730130002895375,10.31324741094901
2001-11-16,-26.889011215464933,-2.1565405365083095,0,0.6444201695914415,5.037482623863683,9.324408984000705
2001-11-19,-27.034965768857923,9.44371396998899,0,0.43751394487596273,6.2236404811125965,9.614825396206172
2001-11-20,-24.32002331463064,-5.33124247095501,0,0.4680490241966663,5.3881140165697365,8.7526907407086
2001-11-21,-25.297208244751765,-1.45449252524809,0,0.5242413919172091,5.2545865431829295,9.192958711642945
2001-11-22,-25.297208244751765,1.00404235953321,0,0.5242413919172091,5.2545865431829295,9.192958711642945
2001-11-23,-25.297208244751765,1.8336561552594701,0,0.5242413919172091,5.2545865431829295,9.192958711642945
2001-11-26,-25.297208244751765,-0.8577681982064701,0,0.5242413919172091,5.2545865431829295,9.192958711642945
2001-11-27,-25.297208244751765,-4.19605661612129,0,0.5242413919172091,5.2545865431829295,9.192958711642945
2001-11-28,-25.207701347517567,-9.34153192860828,0,0.6347672328665426,4.859297561108427,8.441385111522319
2001-11-29,-23.82864472969716,-1.2198918747695302,0,0.6426049701098162,4.5051203153815464,8.151291485687853
2001-11-30,-24.66038118357852,0.3127216649111898,0,0.5954667656781887,4.852625076860818,8.613812467926447
2001-12-03,-26.204730608905354,-0.33985556979792,0,0.4724177896940127,5.91560927072627,9.035296915587665
2001-12-04,-26.192919667817833,4.5305996639789905,0,0.48271293360695017,5.872539915645895,8.964121276619665
2001-12-05,-26.256932007600952,18.817583562465927,0,0.42895126091146163,6.028909133182276,9.530473519781562
2001-12-06,-27.964410679770843,0.9303324949070398,0,0.40130088093660365,6.663287807300227,9.996133164276271
2001-12-07,-27.964410679770843,-6.56226314664003,0,0.40130088093660365,6.663287807300227,9.996133164276271
2001-12-10,-26.843531867835488,-2.60955248464607,0,0.589364880391325,5.231947552156891,9.655797148853544
2001-12-11,-27.108855915438056,2.6049174770415804,0,0.4063677272265357,6.3495794315902945,9.897355534719873
2001-12-12,-24.497353907044122,-4.78122624934606,0,0.44202798793565035,5.514652840667666,8.989412782343614
2001-12-13,-25.37525803636455,-7.2559511850192,0,0.4851555817506405,5.404794212334331,9.478132736690817
2001-12-14,-25.37525803636455,-3.8564586034556703,0,0.4851555817506405,5.404794212334331,9.478132736690817
2001-12-17,-25.37525803636455,13.677102256086798,0,0.4851555817506405,5.404794212334331,9.478132736690817
2001-12-18,-25.37525803636455,-3.14120310100318,0,0.4851555817506405,5.404794212334331,9.478132736690817
2001-12-19,-25.37525803636455,-3.80739238568808,0,0.4851555817506405,5.404794212334331,9.478132736690817
2001-12-20,-25.34463372629683,-2.06913403271691,0,0.5918337754736747,5.0501215459757205,8.710131992708813
2001-12-21,-24.059199308977938,7.16929609212809,0,0.6077807477882666,4.677890997043698,8.383738784153534
2001-12-24,-24.822348092364873,0.0,0,0.5584179556789077,5.019180015425704,8.870965742925177
2001-12-25,-26.259034034904627,0.0,0,0.43121194715690425,6.085751188727291,9.335426767596577
2001-12-26,-26.247571072966377,0.0,0,0.4407385971787736,6.047301141645466,9.264438155999219
2001-12-27,-26.310727378132164,5.688169881711371,0,0.40588105888363946,6.126062775690171,9.71339068209442
2001-12-28,-27.96402999327519,0.98835760279753,0,0.3976859730117218,6.676648378750577,10.026246735964218
2001-12-31,-27.96402999327519,0.0,0,0.3976859730117218,6.676648378750577,10.026246735964218
2002-01-01,-26.83499971066622,0.0,0,0.5841349546334828,5.248948915212874,9.68800164964565
2002-01-02,-27.11346591896568,2.9620636668375995,0,0.40346482118248594,6.360231216276067,9.924337620469373
2002-01-03,-24.511507103493898,9.52622352049019,0,0.43950638809155756,5.5259367338770335,9.012343573216373
2002-01-04,-25.38756481748169,3.5351359010478998,0,0.5027767338700142,5.352429984405081,9.35062474840219
2002-01-07,-25.38756481748169,-5.49407829134545,0,0.5027767338700142,5.352429984405081,9.35062474840219
2002-01-08,-25.38756481748169,3.503062832815999,0,0.5027767338700142,5.352429984405081,9.35062474840219
2002-01-09,-25.38756481748169,1.72014408588466,0,0.5027767338700142,5.352429984405081,9.35062474840219
2002-01-10,-25.38756481748169,-3.47961404039124,0,0.5027767338700142,5.352429984405081,9.35062474840219
2002-01-11,-25.344326962185235,-5.78605236754394,0,0.613243721580326,4.972302410302134,8.58368096451203
2002-01-14,-24.017778245298338,-9.44774863241063,0,0.6261134193696395,4.606448442578996,8.27248400862626
2002-01-15,-24.954516737829636,0.0,0,0.5353850449973985,5.131782583895864,9.039932186470129
2002-01-16,-26.32322623188746,-10.47286182838214,0,0.40605159089507864,6.196740587509897,9.531465187577798
2002-01-17,-26.400997804674954,9.468284921951401,0,0.40034553846280085,6.243018423402867,9.582489060668227
2002-01-18,-26.137555878953762,-0.8355766655304901,0,0.3384941562106331,6.167997004685021,10.533041228839506
2002-01-21,-27.770026864092678,-2.40447270479603,0,0.3298213350475972,6.738970499487871,10.869131867484542
2002-01-22,-27.770026864092678,-3.4602081584809,0,0.3298213350475972,6.738970499487871,10.869131867484542
2002-01-23,-26.32719694078662,8.37801430283656,0,0.6950185414380032,4.39175421538193,10.141179615902878
2002-01-24,-26.32719694078662,1.2611330148962498,0,0.6950185414380032,4.39175421538193,10.141179615902878
2002-01-25,-23.5408119293985,1.3972142617399101,0,0.7657963850329277,3.5793267593887004,9.269560856643
2002-01-28,-25.303349679497764,3.2009841586625107,0,0.7435392088666386,4.035480572614219,9.608598067102175
2002-01-29,-25.303349679497764,-0.9541790057656097,0,0.7435392088666386,4.035480572614219,9.608598067102175
2002-01-30,-25.303349679497764,2.18497430124551,0,0.7435392088666386,4.035480572614219,9.608598067102175
2002-01-31,-25.303349679497764,2.84926866205102,0,0.7435392088666386,4.035480572614219,9.608598067102175
2002-02-01,-25.303349679497764,0.5635791633689301,0,0.7435392088666386,4.035480572614219,9.608598067102175
2002-02-04,-25.629517488379772,-6.36762033028101,0,0.7760822133104042,4.131709760764551,8.96469552969926
2002-02-05,-24.10129593022741,-3.0767309762741,0,0.7931004263049202,3.753905880061745,8.667626683550449
2002-02-06,-24.632659175858997,-9.85541969103828,0,0.7808448504257608,3.832859286591603,9.090278809398747
2002-02-07,-25.947351378446122,0.46269125476036016,0,0.37747689087476466,6.011389193026511,10.12663378222129
2002-02-08,-25.934674854323397,-0.37292663999737974,0,0.3844046312439444,5.989357713143933,10.060275129997564
2002-02-11,-25.934674854323397,4.885507313828629,0,0.3844046312439444,5.989357713143933,10.060275129997564
2002-02-12,-28.06181087849672,-3.9519531828086096,0,0.3911962992130247,6.812041862102449,9.881329633697366
2002-02-13,-27.793178018148744,3.45708278515873,0,0.40217913083475354,6.564911632354702,10.074245139417583
2002-02-14,-26.888082491472797,2.4900234935051397,0,0.7086417769519744,4.653391117568976,9.477907165086066
2002-02-15,-26.888082491472797,-6.73179163616468,0,0.7086417769519744,4.653391117568976,9.477907165086066
2002-02-18,-23.795234379565372,2.3877519453730898,0,0.7644046534196102,3.7940448918302963,8.691436960698319
2002-02-19,-25.868471759524287,-5.10186033118085,0,0.8338798099340483,3.9450855615351994,8.882318118393535
2002-02-20,-25.08682731449717,-1.09794230877737,0,0.775376928287595,3.8815628133482742,9.443339823423992
2002-02-21,-25.08682731449717,5.43623801309467,0,0.775376928287595,3.8815628133482742,9.443339823423992
2002-02-22,-25.126518900675002,-7.69741109638999,0,0.7645495407475038,3.926171652982447,9.494198748581724
2002-02-25,-25.126518900675002,9.1251922034793,0,0.7645495407475038,3.926171652982447,9.494198748581724
2002-02-26,-25.413872390520364,2.7625101498474702,0,0.7917526170881162,4.03049166524716,8.868210119781917
2002-02-27,-23.827118969297494,4.43611548842412,0,0.8021949088076659,3.66781968512401,8.591846170500444
2002-02-28,-19.090831328334897,6.1076736889029695,0,0.5728487851437576,3.165633757295713,8.873849416111804
2002-03-01,-20.59307015851006,6.4326402782093,0,0.20438854913310955,4.93175867331892,9.665917600759688
2002-03-04,-20.572200013866933,7.226136831902591,0,0.2106326762454946,4.918789940271925,9.607476232905928
2002-03-05,-20.572200013866933,2.87995137066468,0,0.2106326762454946,4.918789940271925,9.607476232905928
2002-03-06,-22.28382981164289,-1.15240189293739,0,0.21535850506545703,5.739485785070475,9.430690494965138
2002-03-07,-22.115763744197665,0.6894558314333199,0,0.2384825588949473,5.472491740206997,9.58058333231585
2002-03-08,-20.960957627526874,6.268864962017339,0,0.5223202164156713,3.854476085065187,9.17173491382718
2002-03-11,-20.960957627526874,-0.6043499552289399,0,0.5223202164156713,3.854476085065187,9.17173491382718
2002-03-12,-18.388957260583208,-3.09699102148443,0,0.5409045594418764,3.1630759842196032,8.522062753149443
2002-03-13,-19.75752765920484,-1.8457765563929702,0,0.5939343021225623,3.3383900490608696,8.73639301329964
2002-03-14,-19.42368318690019,3.95803177929452,0,0.561579819508574,3.2013205571955625,9.215231289665695
2002-03-15,-19.384270299601653,7.80866996992943,0,0.6486334718274291,2.9940330749760093,8.89669102403412
2002-03-18,-19.444545440944143,-0.6118985942606301,0,0.6395127640290326,3.0299066645955923,8.936204538608788
2002-03-19,-19.444545440944143,2.07688209462302,0,0.6395127640290326,3.0299066645955923,8.936204538608788
2002-03-20,-19.392588636707245,-6.06069084930637,0,0.6355380296053119,3.1780852784034224,8.417867668958086
2002-03-21,-18.082639478718153,1.09446641496206,0,0.6243592181160031,2.8919969541061032,8.216290705092902
2002-03-22,-17.712599244132445,0.7550879265931301,0,0.6132056998854767,2.7457884587886054,8.457470922827577
2002-03-25,-19.698664109963428,-4.64366918736707,0,0.2558874071948307,4.55758966310518,9.079114820368545
2002-03-26,-19.667176901846915,-0.2604221187143201,0,0.2621565757082368,4.539359415799727,9.024548213388549
2002-03-27,-19.667176901846915,-0.56064467985821,0,0.2621565757082368,4.539359415799727,9.024548213388549
2002-03-28,-21.459976607815797,3.3725781740940395,0,0.29859769694098154,5.236978622984613,8.730034280856561
2002-03-29,-21.238170925787355,0.0,0,0.3083264407052797,5.015962158778811,8.926534349034863
2002-04-01,-20.675251692949168,0.0,0,0.5982554353294418,3.5824295638421546,8.793318673738836
2002-04-02,-21.153003558566006,-2.1118473450330204,0,0.6855917874745959,3.486448209512841,8.436207669732672
2002-04-03,-18.26576688013261,-1.7207292754726902,0,0.6934172080512735,2.8152999132777508,7.908140341011393
2002-04-04,-20.37317668771984,-5.21627829321046,0,0.8507374583136719,2.834229735294751,7.933307095332021
2002-04-05,-19.648804612065994,0.4870758461901501,0,0.6834137842014227,3.0475148237820218,8.559602719640523
2002-04-08,-19.607402598499565,-3.9431352836732,0,0.7830290790071299,2.791233806558191,8.2610197417719
2002-04-09,-19.68170279690984,0.08775324087977004,0,0.7753077378222182,2.8260517313722975,8.293024314764029
2002-04-10,-19.68170279690984,5.11744938579184,0,0.7753077378222182,2.8260517313722975,8.293024314764029
2002-04-11,-19.68170279690984,-8.51725579463766,0,0.7753077378222182,2.8260517313722975,8.293024314764029
2002-04-12,-17.67483301752707,1.60827818936893,0,0.668697102129276,2.553925015592886,8.530560175600684
2002-04-15,-18.160008057175148,4.34993927212475,0,1.0373419134423219,1.7905602949565573,8.39387137847471
2002-04-16,-16.536820807653083,6.369965215540631,0,0.14249062679514166,3.780091876640821,8.645532356309337
2002-04-17,-16.50102953009521,-2.67889869969169,0,0.14791525030460353,3.766388610784161,8.597546021333951
2002-04-18,-16.50102953009521,-1.48813619519545,0,0.14791525030460353,3.766388610784161,8.597546021333951
2002-04-19,-18.087953082783955,-0.45864293478747997,0,0.20659313441488436,4.431291043164953,8.248635340059074
2002-04-22,-17.900758175696375,-7.659546929222601,0,0.21726953103660085,4.215895138664219,8.441997009881531
2002-04-23,-17.09230674715196,-2.4306614393008497,0,0.4767315933572351,2.9598124596408013,8.462977659590583
2002-04-24,-17.88526485029191,-0.5796927449292101,0,0.2309452880465363,4.235521056153164,8.254784193258224
2002-04-25,-15.63768970342457,-1.7862874253808196,0,0.19403517708833243,3.602263471198206,7.735941835783189
2002-04-26,-16.238051446863057,-2.68731033709425,0,0.6380574379979613,2.4310911385949456,7.819861962896347
2002-04-29,-16.042281959081674,-3.33029043409419,0,0.5175486316097705,2.5332393004800746,8.333123677526542
2002-04-30,-15.847358051185267,5.50826859627945,0,0.5995335715869077,2.3360980699031964,8.088488143652073
2002-05-01,-15.919171696521694,0.0,0,0.5937394548575878,2.364456768243579,8.114950604826827
2002-05-02,-15.919171696521694,1.87327101512643,0,0.5937394548575878,2.364456768243579,8.114950604826827
2002-05-03,-15.919171696521694,-5.293471491109281,0,0.5937394548575878,2.364456768243579,8.114950604826827
2002-05-06,-14.744855461057888,-2.31456710334286,0,0.5495840250202673,2.145394472883358,7.990479077782305
2002-05-07,-14.494220395456722,5.0274518397526595,0,0.4914755922583874,2.1148195626599082,8.232566825265248
2002-05-08,-15.525137772430135,8.99099516566219,0,0.4435403352435431,2.445691304973524,8.636745751599545
2002-05-09,-15.493098751808198,-3.18621814981609,0,0.45983959091837534,2.414546009255706,8.576381306211822
2002-05-10,-15.493098751808198,-2.10560272528734,0,0.45983959091837534,2.414546009255706,8.576381306211822
2002-05-13,-17.649639883360347,5.72506005610235,0,0.2703128762594747,3.866327731378056,8.511637126975161
2002-05-14,-17.13465327682239,4.39232203676797,0,0.47767600789507514,2.9796940040067,8.438782170471104
2002-05-15,-17.13465327682239,-1.29002436121235,0,0.47767600789507514,2.9796940040067,8.438782170471104
2002-05-16,-17.885965889020873,0.8168124770797999,0,0.23325258610686725,4.235617742521882,8.23350463504441
2002-05-17,-15.634606324981725,2.13789409478073,0,0.19624693598176735,3.60205990165065,7.716370688343373
2002-05-20,-15.931548046291486,-3.411245947009341,0,0.5240389566091912,2.54647159817215,8.128795958622428
2002-05-21,-15.787878307096282,1.26952229131704,0,0.47604432004543595,2.4762864408663994,8.573450571968767
2002-05-22,-15.539785725307361,-3.5845864690246603,0,0.5350097759465007,2.3196240431520225,8.349074723672313
2002-05-23,-15.615370930884708,-2.5277592110418197,0,0.5310839693834384,2.345503848417394,8.374623702787478
2002-05-24,-15.615370930884708,-0.6724428767742899,0,0.5310839693834384,2.345503848417394,8.374623702787478
2002-05-27,-15.615370930884708,3.06582531488093,0,0.5310839693834384,2.345503848417394,8.374623702787478
2002-05-28,-14.4949669606531,0.0,0,0.4900897852655936,2.1166717126693535,8.236929838473259
2002-05-29,-14.930875382444764,-4.433234044774189,0,0.40021150426145213,2.5675677214576638,8.014872645014748
2002-05-30,-15.9324819736111,-7.9306714058307,0,0.3518609267471859,2.924533381705138,8.43317127815564
2002-05-31,-15.493797653239168,2.9120373790606995,0,0.4471509775672435,2.4306337622058383,8.622150029939313
2002-06-03,-15.493797653239168,-4.47544751815675,0,0.4471509775672435,2.4306337622058383,8.622150029939313
2002-06-04,-17.334768658964812,-7.257284682171859,0,0.29947883361988425,3.722092555444929,8.279232371918269
2002-06-05,-16.746407084304337,3.1840378679284402,0,0.5218198621055188,2.7927767567463624,8.208992614899342
2002-06-06,-16.746407084304337,0.72880015079949,0,0.5218198621055188,2.7927767567463624,8.208992614899342
2002-06-07,-17.581125103308466,-2.1668013804713198,0,0.26210524581109806,4.086595214575792,8.000497239775111
2002-06-10,-15.300813561722514,-1.5798881187241198,0,0.215505789290483,3.470295957487991,7.5282367981588845
2002-06-11,-15.523502263808012,2.61402305877075,0,0.5759857591139881,2.3490964144883684,7.916358561141275
2002-06-12,-15.395052981348512,-6.83668778821078,0,0.5263177801824959,2.2946780723980935,8.346863358850733
2002-06-13,-15.072561182118347,-5.870287594587179,0,0.5725260687873837,2.1442674533020627,8.154396477691227
2002-06-14,-15.157382208779058,-13.62416387690723,0,0.5709816219289235,2.1677213989762416,8.1750959821399
2002-06-17,-16.18462082145075,15.92532546612738,0,0.5475158227884178,2.463131710765607,8.446953090346742
2002-06-18,-16.18462082145075,-2.15506429693628,0,0.5475158227884178,2.463131710765607,8.446953090346742
2002-06-19,-15.029396992424456,-7.57136198444225,0,0.5135838249237248,2.2222908202794884,8.294752160036094
2002-06-20,-15.427111259236714,-6.76994098079087,0,0.41348849356205336,2.6866249104857474,8.091162874829703
2002-06-21,-16.402408941254183,-7.00264518157217,0,0.35078709283248594,3.066744867825224,8.546960766637255
2002-06-24,-16.372223312020225,-1.4183518459638,0,0.3652326584440737,3.0341337018191243,8.48577474949484
2002-06-25,-16.372223312020225,7.63536185511325,0,0.3652326584440737,3.0341337018191243,8.48577474949484
2002-06-26,-18.087287241519135,-5.4571421970753,0,0.3191145838337611,3.976389382679171,8.221344410082356
2002-06-27,-17.993290290269204,7.97379769070647,0,0.5385137013076791,3.185589362641279,8.081357778503708
2002-06-28,-17.993290290269204,7.717505759780111,0,0.5385137013076791,3.185589362641279,8.081357778503708
2002-07-01,-18.217089555893335,0.16236007371102004,0,0.2785733274917439,4.301009534756133,7.968264642799947
2002-07-02,-15.883434473961007,-9.948987744650239,0,0.2456840810787011,3.652523603471524,7.45772505261929
2002-07-03,-16.775405980347806,-7.09380622739417,0,0.2440809376788416,3.7846442957951263,8.058647545912406
2002-07-04,-16.963211572758706,7.479403131113759,0,0.18329635750393494,3.9010465254443085,8.494395396408809
2002-07-05,-16.523837641104805,18.248959893936327,0,0.31435443546784736,3.3559907424984297,8.236784160574132
2002-07-08,-16.14680299853598,-1.33741940794831,0,0.570325327179131,2.414889676160515,8.37384077921028
2002-07-09,-16.14680299853598,-5.63248879530932,0,0.570325327179131,2.414889676160515,8.37384077921028
2002-07-10,-16.14680299853598,-12.72129878742592,0,0.570325327179131,2.414889676160515,8.37384077921028
2002-07-11,-14.972451572891131,-2.42272439043005,0,0.5321868935206872,2.1810643268911996,8.231469176477372
2002-07-12,-15.371217901608572,0.3660424560635101,0,0.42832437607790025,2.647543978520238,8.030686356189387
2002-07-15,-16.368938628850252,-12.479100227442439,0,0.36785966825229277,3.0289144494305162,8.475034817725277
2002-07-16,-16.368938628850252,1.6654579371164002,0,0.36785966825229277,3.0289144494305162,8.475034817725277
2002-07-17,-16.368938628850252,9.786957047097399,0,0.36785966825229277,3.0289144494305162,8.475034817725277
2002-07-18,-18.081829137725855,-0.34589246281009,0,0.32085747695095446,3.971195161716043,8.21154581709642
2002-07-19,-17.993044259791034,-12.479173468911881,0,0.5422794617962552,3.176746096072521,8.069025686182528
2002-07-22,-17.993044259791034,-20.447922568148208,1,0.5422794617962552,3.176746096072521,8.069025686182528
2002-07-23,-19.84933285486622,-9.94949613183809,0,0.23527091810379547,4.933927590892408,8.58327353551647
2002-07-24,-17.583053079676038,0.5736132797281304,0,0.2552352508088821,4.169494226399349,7.874033902194874
2002-07-25,-16.29949840078429,-11.72709372776258,0,0.2011818671272833,3.720368593278323,8.08198985377331
2002-07-26,-16.48451403714889,8.748410431252939,0,0.14163311808629478,3.8215590903006236,8.513177748610522
2002-07-29,-16.07027844361347,25.47512935424366,0,0.2726314217012302,3.298973654482083,8.255307739441967
2002-07-30,-15.739645876018379,-0.45029058297115,0,0.5320498682331121,2.3801912773766696,8.384292855802759
2002-07-31,-15.739645876018379,-15.625172469236958,0,0.5320498682331121,2.3801912773766696,8.384292855802759
2002-08-01,-15.739645876018379,-12.03595456730428,0,0.5320498682331121,2.3801912773766696,8.384292855802759
2002-08-02,-14.61376277132865,-6.05789745439494,0,0.49431672368875734,2.1461221313249177,8.240458074508798
2002-08-05,-14.968556840956479,-19.411706213319448,1,0.38575213436524486,2.6074921261815214,8.048063854886514
2002-08-06,-15.92075103289012,18.00092246171669,0,0.32112666741565665,2.9849865315669653,8.499656261937012
2002-08-07,-15.92075103289012,-7.5115828326902205,0,0.32112666741565665,2.9849865315669653,8.499656261937012
2002-08-08,-15.92075103289012,16.72127036952044,0,0.32112666741565665,2.9849865315669653,8.499656261937012
2002-08-09,-17.587693817435554,7.9348035600438305,0,0.2845685166152364,3.906325277263205,8.223844490266949
2002-08-12,-17.47109697999077,-9.261187276359541,0,0.4978070592334819,3.1457766393123094,8.094834661896488
2002-08-13,-17.47109697999077,5.00454558757621,0,0.4978070592334819,3.1457766393123094,8.094834661896488
2002-08-14,-17.8983636535951,-7.540939623585291,0,0.21042463797568225,4.359198773873285,8.183018124252087
2002-08-15,-15.65063889257385,8.75134827495424,0,0.1809933695247367,3.6981811078696545,7.640036062661199
2002-08-16,-15.866607257444176,-0.9348976422528799,0,0.19129356342018758,3.5937036092810652,8.004513411260955
2002-08-19,-16.07009380593367,11.81819436261055,0,0.13651310315702547,3.685799530989559,8.419336834541408
2002-08-20,-15.618654787429708,-10.39234289075783,0,0.25662355738674814,3.184294169167938,8.193612935735686
2002-08-21,-15.224725894964855,9.05378460474018,0,0.49887556341193534,2.30127452007922,8.357871749164449
2002-08-22,-15.224725894964855,1.90720073754045,0,0.49887556341193534,2.30127452007922,8.357871749164449
2002-08-23,-15.224725894964855,0.0,0,0.49887556341193534,2.30127452007922,8.357871749164449
2002-08-26,-15.224725894964855,0.0,0,0.49887556341193534,2.30127452007922,8.357871749164449
2002-08-27,-15.49914719733672,0.0,0,0.37636911384064753,2.7782298105436105,8.19566793124826
2002-08-28,-16.611629426285198,0.0,0,0.3706965957037621,3.0962716488340445,8.518893008011549
2002-08-29,-16.611629426285198,-21.38417017399401,1,0.3706965957037621,3.0962716488340445,8.518893008011549
2002-08-30,-16.87340352092197,6.22705516007657,0,0.3935576057078232,3.125413260886671,8.511914018235757
2002-09-02,-17.1478299257616,-10.25482949222239,0,0.24689496660232046,3.854260219949861,8.246171067346733
2002-09-03,-17.018914682331648,-18.876803107286662,1,0.45415325392519257,3.1231100259353335,8.125169388542758
2002-09-04,-17.018914682331648,-1.2806818102912503,0,0.45415325392519257,3.1231100259353335,8.125169388542758
2002-09-05,-17.439960560411194,-2.8445779341374196,0,0.17078610032112557,4.3022487711311825,8.212012402985188
2002-09-06,-14.928734752528683,11.42523207396099,0,0.08727933355958271,3.629925070196936,7.7364560140377066
2002-09-09,-15.149619611650515,-5.23418374729062,0,0.09733254147992287,3.526153270851517,8.096654001841273
2002-09-10,-15.324094683890134,6.25988850819506,0,0.04014631984348745,3.5918611673272327,8.512939607962226
2002-09-11,-14.962580933997748,6.408359824391111,0,0.1722074994921028,3.1205500327301445,8.260120228968457
2002-09-12,-14.685517890381533,-14.084951823290842,0,0.4316989161233873,2.2631774572999532,8.388778113787982
2002-09-13,-14.685517890381533,-7.10409993496172,0,0.4316989161233873,2.2631774572999532,8.388778113787982
2002-09-16,-14.685517890381533,3.3357544367621803,0,0.4316989161233873,2.2631774572999532,8.388778113787982
2002-09-17,-14.685517890381533,-0.19702218665741988,0,0.4316989161233873,2.2631774572999532,8.388778113787982
2002-09-18,-14.880196929111655,-17.502447928998837,1,0.2924662736541404,2.741648264539335,8.25641323867947
2002-09-19,-15.944890174668819,-13.06923112386473,0,0.2923981148010202,3.0501786185341846,8.576201124340084
2002-09-20,-15.944890174668819,5.42549888980106,0,0.2923981148010202,3.0501786185341846,8.576201124340084
2002-09-23,-15.944890174668819,-9.638356402617381,0,0.2923981148010202,3.0501786185341846,8.576201124340084
2002-09-24,-16.135363672933398,-5.049159003654059,0,0.13460065010689104,3.759752675733497,8.345287366209485
2002-09-25,-16.01776273893677,7.48479864223921,0,0.3366114276560472,3.087289754034919,8.221975013755694
2002-09-26,-16.01776273893677,9.61116932004396,0,0.3366114276560472,3.087289754034919,8.221975013755694
2002-09-27,-16.360810308706434,-5.739619039527001,0,0.042310117289956845,4.212591525133033,8.356571066569487
2002-09-30,-16.360810308706434,-26.341961033789303,1,0.042310117289956845,4.212591525133033,8.356571066569487
2002-10-01,-17.26612561577798,17.930198283784097,0,0.14013645806980413,4.14539883448049,8.631620242812904
2002-10-02,-17.38796429257797,4.41955796088653,0,0.0860632963417225,4.197254550148331,9.081067019288835
2002-10-03,-15.840650282241743,-6.82474994768127,0,0.1909548900174102,3.342677962515899,8.530129854337464
2002-10-04,-15.41438485677014,-6.043674150651669,0,0.38884274661886,2.5085483411341682,8.73546079770153
2002-10-07,-17.07745528891058,-7.46947196247577,0,0.47288069603189015,2.822350981431514,8.88191973046303
2002-10-08,-17.07745528891058,-8.09569634842248,0,0.47288069603189015,2.822350981431514,8.88191973046303
2002-10-09,-17.07745528891058,-2.48825978403096,0,0.47288069603189015,2.822350981431514,8.88191973046303
2002-10-10,-17.286583535385414,13.98724811942662,0,0.34468803820140365,3.3488716376612473,8.761144424354828
2002-10-11,-18.333585257308478,20.93430922304651,0,0.38693576423024484,3.564027755038045,8.862938246742685
2002-10-14,-18.333585257308478,-5.61759421458919,0,0.38693576423024484,3.564027755038045,8.862938246742685
2002-10-15,-18.333585257308478,23.746948614133164,0,0.38693576423024484,3.564027755038045,8.862938246742685
2002-10-16,-17.89493536764971,-2.27002287793363,0,0.27106813836749033,4.03949173180423,8.34052959539304
2002-10-17,-17.89331487817249,16.58358639505103,0,0.5047872624188314,3.2433856106589483,8.154912561701064
2002-10-18,-17.89331487817249,-0.07739877398817993,0,0.5047872624188314,3.2433856106589483,8.154912561701064
2002-10-21,-18.144881842230873,-0.6022358817439101,0,0.18244325202891581,4.517964573157993,8.34486053436622
2002-10-22,-18.144881842230873,-10.12808080255701,0,0.18244325202891581,4.517964573157993,8.34486053436622
2002-10-23,-18.334496277901625,-13.36930862869655,0,0.1817929319633778,4.418685101943211,8.75583353659417
2002-10-24,-18.419047100150415,8.37624182584099,0,0.11694432479030209,4.503319685273462,9.243327969599843
2002-10-25,-16.89103505345922,0.23126655892112996,0,0.25471814797968306,3.5656459966779837,8.592353240412216
2002-10-28,-16.493406907588255,8.80460982682003,0,0.4746315264907572,2.6600491260414483,8.755030949804667
2002-10-29,-17.933004040456716,-14.13538567554734,0,0.5206463113314218,2.95111560796712,8.922734175693424
2002-10-30,-17.933004040456716,7.614879588819701,0,0.5206463113314218,2.95111560796712,8.922734175693424
2002-10-31,-17.933004040456716,11.794274409391308,0,0.5206463113314218,2.95111560796712,8.922734175693424
2002-11-01,-17.88488813276725,-2.35030961708107,0,0.36879765468641956,3.474574409965677,8.82088328233409
2002-11-04,-18.955236991765467,14.31313164531863,0,0.40547604722516317,3.699583789020374,8.936120659708283
2002-11-05,-18.955236991765467,-2.2906987788527498,0,0.40547604722516317,3.699583789020374,8.936120659708283
2002-11-06,-18.404115701604397,-7.0317645806967795,0,0.3871526432808764,3.5843246417011283,8.877425516340367
2002-11-07,-18.53312652892965,-14.08388203670858,0,0.18502700005045267,4.451274404687396,8.853664901964743
2002-11-08,-18.583605505639923,-5.20610655015756,0,0.39833781745350905,3.7007047318300144,8.634489963969543
2002-11-11,-18.583605505639923,-1.92100728416772,0,0.39833781745350905,3.7007047318300144,8.634489963969543
2002-11-12,-18.71414614145244,12.62283075363344,0,0.08490782665865876,4.951823166076116,8.924473362524193
2002-11-13,-18.71414614145244,-6.3206637764689795,0,0.08490782665865876,4.951823166076116,8.924473362524193
2002-11-14,-18.81991624596376,16.032693314092008,0,0.10314178662027182,4.7788671662972675,9.208856326944861
2002-11-15,-18.882222873672134,2.0333504066121,0,0.04585095306184821,4.818801985755533,9.696066450172232
2002-11-18,-17.508729140182226,3.0041390631980707,0,0.21596500654948347,3.842652863437235,8.898318909983315
2002-11-19,-17.285784375328134,-0.73806850961339,0,0.4509524622071347,2.922484073785256,8.990979154348242
2002-11-20,-18.67448608329473,-2.8267172712995703,0,0.4696186763106929,3.265301464403671,9.224927745763896
2002-11-21,-18.67448608329473,10.020197708731478,0,0.4696186763106929,3.265301464403671,9.224927745763896
2002-11-22,-18.67448608329473,1.1335268537414,0,0.4696186763106929,3.265301464403671,9.224927745763896
2002-11-25,-18.45087601937675,-4.192665351493971,0,0.29060508946541674,3.831917133598861,9.21013875022797
2002-11-26,-19.42682192601064,-8.039360574832441,0,0.29733731212495884,4.125905479021048,9.41023987993067
2002-11-27,-19.42682192601064,15.118218494161479,0,0.29733731212495884,4.125905479021048,9.41023987993067
2002-11-28,-18.464390990717327,-1.2824840141706502,0,0.3630708119482138,3.6589225220171846,8.974798105646167
2002-11-29,-18.899195390934192,-2.83161805390331,0,0.09976408368435047,4.790565966294327,9.295213959687958
2002-12-02,-18.923121213329736,7.241466792218279,0,0.28785815124196223,4.095115827724383,9.074600811390301
2002-12-03,-18.923121213329736,-9.554036415205788,0,0.28785815124196223,4.095115827724383,9.074600811390301
2002-12-04,-19.059351201371125,4.158521413157009,0,-0.0013163977709121817,5.290995147894586,9.401359679098809
2002-12-05,-19.133069204547397,-13.584002329769367,0,-0.01339919312501281,5.351828232941772,9.471062929219855
2002-12-06,-19.292110907028217,1.6695005720953198,0,-0.04253654608545722,5.247628531893376,10.065045858773512
2002-12-09,-19.339846784848746,-12.94704345365606,0,-0.06392319991436198,5.141221713705664,10.472021482346545
2002-12-10,-18.112105476948976,9.86956089778249,0,0.10701007824374356,4.232698810688182,9.568367421348558
2002-12-11,-17.860274966326415,0.5858182103412299,0,0.30075631973562117,3.3593218403093097,9.67691408479164
2002-12-12,-18.969753654503123,-8.90066407529264,0,0.24562175631621957,3.8372624563646127,10.118426911344717
2002-12-13,-18.969753654503123,-8.03807615887445,0,0.24562175631621957,3.8372624563646127,10.118426911344717
2002-12-16,-18.909364844107262,10.12708377235593,0,0.252674782019216,3.800325984446505,10.082257811720865
2002-12-17,-18.79418886844133,-6.344907443227529,0,0.10409131560437225,4.337440922116787,10.06309606552709
2002-12-18,-19.589839475255445,-10.990613385982451,0,0.043214136590268404,4.788892155597372,10.482968146986426
2002-12-19,-19.589839475255445,-5.3044542474493195,0,0.043214136590268404,4.788892155597372,10.482968146986426
2002-12-20,-18.857732026682243,6.623276231440631,0,0.18854918424868655,4.167156929608998,9.76522092568814
2002-12-23,-19.122484567719912,-3.9532570844681496,0,0.10033781805913328,4.4663777090497705,10.163587322711793
2002-12-24,-19.122484567719912,0.0,0,0.10033781805913328,4.4663777090497705,10.163587322711793
2002-12-25,-19.122484567719912,0.0,0,0.10033781805913328,4.4663777090497705,10.163587322711793
2002-12-26,-19.47291894723373,0.0,0,-0.11446164539714174,5.528968970128392,10.355258923993915
2002-12-27,-19.541353856425268,-17.39220538382285,0,-0.12544203377824312,5.580554612823873,10.427162911055191
2002-12-30,-20.030043578915553,9.08304575763635,0,-0.17773183315620433,5.6129812590995485,11.27133588847547
2002-12-31,-20.030043578915553,0.0,0,-0.17773183315620433,5.6129812590995485,11.27133588847547
2003-01-01,-18.94876888415814,0.0,0,0.010073565624168987,4.738812254882314,10.208091483512053
2003-01-02,-18.742885676001563,19.19856804611775,0,0.23605715233479982,3.7855899054930893,10.09226693273445
2003-01-03,-19.61245139643377,-2.52955015019512,0,0.07161045257378813,4.486211740924832,10.852937425624269
2003-01-06,-19.61245139643377,8.37389346557414,0,0.07161045257378813,4.486211740924832,10.852937425624269
2003-01-07,-19.55374865023841,-4.0005086050383305,0,0.3799450503272268,3.7173600274724876,9.745814529077201
2003-01-08,-19.207426226708577,-15.73148806567203,0,0.16277482718769762,4.385630201834856,9.872710297119
2003-01-09,-19.94833505286543,2.40661285417236,0,-0.008162365048650849,5.08675187468354,10.72098254330128
2003-01-10,-19.94833505286543,0.46266923454157005,0,-0.008162365048650849,5.08675187468354,10.72098254330128
2003-01-13,-19.562122991207506,1.90436283234919,0,0.0577688128332674,4.745325608307458,10.415411113891844
2003-01-14,-19.778293723963657,1.51716935554432,0,-0.055064125653465794,5.089346967520806,10.929891019123774
2003-01-15,-19.778293723963657,-6.00433888567001,0,-0.055064125653465794,5.089346967520806,10.929891019123774
2003-01-16,-19.778293723963657,-2.65232594366671,0,-0.055064125653465794,5.089346967520806,10.929891019123774
2003-01-17,-20.107346401666273,-14.752907924744967,0,-0.21411965127787388,5.98528544512185,11.055217367092265
2003-01-20,-20.17014604787492,0.1993412824239199,0,-0.22506161632608865,6.031533249262404,11.132799384789074
2003-01-21,-20.245738619116295,-1.24373626707832,0,-0.21965900421611362,5.734699569539964,11.613506778170198
2003-01-22,-20.245738619116295,-10.30454174331892,0,-0.21965900421611362,5.734699569539964,11.613506778170198
2003-01-23,-19.214360348719723,2.0483841021462603,0,-0.05225279834451778,4.962431053697946,10.564785752850973
2003-01-24,-19.00185833451078,-11.581002877877461,0,0.1076628032391911,4.159651561394609,10.60039360197915
2003-01-27,-19.83632618541921,-8.442687874951678,0,-0.06425453855506025,4.858906521644081,11.4579392305826
2003-01-28,-19.83632618541921,1.7274594276194397,0,-0.06425453855506025,4.858906521644081,11.4579392305826
2003-01-29,-19.620673982537117,7.06596648357937,0,0.17698675446058504,4.270222203287077,10.406615982082648
2003-01-30,-19.434422611209964,-2.4183409880335396,0,0.013296032463666015,4.840418811583698,10.479910763426144
2003-01-31,-20.193966762906058,3.6954516591084396,0,-0.1450615199983379,5.497389566957761,11.368621260843966
2003-02-03,-20.193966762906058,0.21674669049380965,0,-0.1450615199983379,5.497389566957761,11.368621260843966
2003-02-04,-20.022655096665492,-12.407559361460061,0,-0.1206642474609416,5.341397245429389,11.262320486852072
2003-02-05,-20.245937196806263,9.24898271349277,0,-0.18663620316942686,5.5283248033172185,11.685380159408233
2003-02-06,-20.245937196806263,-10.085966145671229,0,-0.18663620316942686,5.5283248033172185,11.685380159408233
2003-02-07,-20.245937196806263,-8.122439167298829,0,-0.18663620316942686,5.5283248033172185,11.685380159408233
2003-02-10,-20.544018382742635,0.07178341339611005,0,-0.2856292431451751,6.23124772785685,11.672160039077433
2003-02-11,-20.600151523555233,6.7809004365753,0,-0.29396815812434895,6.263151486184139,11.744633755010492
2003-02-12,-20.647043910535242,-8.40025543014272,0,-0.28116740246624383,5.908826087736231,12.202828545336232
2003-02-13,-20.647043910535242,-4.65486855369675,0,-0.28116740246624383,5.908826087736231,12.202828545336232
2003-02-14,-19.666843033948595,13.655443246771831,0,-0.1459829656959677,5.195621765885457,11.332655968737122
2003-02-17,-19.397885903557707,8.510087752107959,0,-0.03845430254027346,4.491114853890283,11.471874082593182
2003-02-18,-20.18200631305964,3.5604264812524202,0,-0.1584888525540239,4.989974647666995,12.264454139534193
2003-02-19,-20.18200631305964,-14.49345671934465,0,-0.1584888525540239,4.989974647666995,12.264454139534193
2003-02-20,-19.895545279138364,-5.1242891848792205,0,-0.07803735237338108,4.890003285239029,11.566795524261915
2003-02-21,-19.865793865974084,10.29143990829931,0,-0.1385454556482007,5.238913118161709,11.407344948518155
2003-02-24,-20.57249074223359,-15.19656518364545,0,-0.2384479066725358,5.662150888910421,12.184533756422617
2003-02-25,-20.612989436903117,-17.72005242233525,0,-0.24550314084871547,5.691438088147455,12.231859060193344
2003-02-26,-20.70239449625502,-10.10424872318751,0,-0.25900281845806533,5.728135682194029,12.362765868543642
2003-02-27,-20.867873954878895,15.96044387865333,0,-0.2857834817028763,5.744415604009893,12.69020495687601
2003-02-28,-20.867873954878895,1.56500531098812,0,-0.2857834817028763,5.744415604009893,12.69020495687601
2003-03-03,-20.867873954878895,4.47705138193475,0,-0.2857834817028763,5.744415604009893,12.69020495687601
2003-03-04,-20.874504841074163,-9.433080163856511,0,-0.2800914406721937,5.603498223349671,12.85942251416958
2003-03-05,-20.923302999258958,-3.8911901952308496,0,-0.2873276978121399,5.622631649112288,12.92931058533531
2003-03-06,-21.12285134785818,-3.9629290213343897,0,-0.3216394301403729,5.718551964350677,13.220616482535391
2003-03-07,-21.12285134785818,-3.09582659991462,0,-0.3216394301403729,5.718551964350677,13.220616482535391
2003-03-10,-20.261139731064212,-8.284211171763689,0,-0.2106379010308343,5.192488965750766,12.384626202624322
2003-03-11,-19.868185070913132,-10.04287290686859,0,-0.07196397811379864,4.317428131877987,12.474670160422956
2003-03-12,-20.560402941194308,-13.3268872220106,0,-0.18182840671833067,4.68590761708511,13.274165778228909
2003-03-13,-20.560402941194308,18.634924956858118,0,-0.18182840671833067,4.68590761708511,13.274165778228909
2003-03-14,-20.404361731894145,1.0048984060675101,0,-0.15721938716848,4.86078197274297,12.683276723247948
2003-03-17,-20.45195493144925,5.82523953521957,0,-0.2187268547882202,5.271273978151987,12.51098949409743
2003-03-18,-21.046851806055976,41.31190155270622,0,-0.2888189826723718,5.4995335839652615,13.237592709145517
2003-03-19,-20.894263335825038,0.41008269241194983,0,-0.26487297009497157,5.445611240147793,13.005014791663587
2003-03-20,-20.732249369197817,1.03757413629097,0,-0.24164099761190455,5.3048019144600485,12.894901829609864
2003-03-21,-20.86965058743675,11.94133333222972,0,-0.2616280080039781,5.273071687862196,13.209495189293083
2003-03-24,-20.86965058743675,-18.76482764496152,0,-0.2616280080039781,5.273071687862196,13.209495189293083
2003-03-25,-20.977259294825366,9.87717504798554,0,-0.2726859812452621,5.340190681495265,13.29130136277289
2003-03-26,-20.94856914251659,-4.80277297392895,0,-0.2588070602919418,5.148019949886274,13.452299167898655
2003-03-27,-20.992904457295968,0.18570661611660996,0,-0.2652904685600493,5.159647122588069,13.520564082897017
2003-03-28,-21.397337052228533,-5.57687192459157,0,-0.3419853687512462,5.574099404133788,13.822463658741285
2003-03-31,-21.397337052228533,-10.640715929777098,0,-0.3419853687512462,5.574099404133788,13.822463658741285
2003-04-01,-20.61949960341125,2.09402626072649,0,-0.2481528327323027,5.176192344525148,13.01416638772538
2003-04-02,-20.25493823563298,19.16842237777644,0,-0.13225861086512383,4.337504989178525,13.213171054451148
2003-04-03,-21.070285598685338,-0.9580405375393699,0,-0.23915974438195003,4.649913375326247,14.186020132588007
2003-04-04,-21.070285598685338,9.969427590031879,0,-0.23915974438195003,4.649913375326247,14.186020132588007
2003-04-07,-21.020963850117713,18.55584723870444,0,-0.2511389043654684,5.020274492070952,13.663297649558586
2003-04-08,-21.078608906215592,-6.51041165202494,0,-0.29447961454652094,5.403910507336175,13.441230261096186
2003-04-09,-21.5656712796056,-4.15089933531228,0,-0.34349853316613155,5.470340316065267,14.141007367904992
2003-04-10,-21.449545676922728,-0.9127768824152701,0,-0.32989604396551714,5.479712689883669,13.928672944401065
2003-04-11,-21.303270144154183,5.3552716590485,0,-0.3091056119902159,5.360510910397302,13.818664802373634
2003-04-14,-21.3908831286318,9.43100987748691,0,-0.3148069347096065,5.242177298119673,14.105947962987639
2003-04-15,-21.3908831286318,4.40514828935954,0,-0.3148069347096065,5.242177298119673,14.105947962987639
2003-04-16,-21.3908831286318,-4.06886381792393,0,-0.3148069347096065,5.242177298119673,14.105947962987639
2003-04-17,-21.336915950964894,6.1600623587782,0,-0.29582229804923066,5.011834297623533,14.261569553061749
2003-04-18,-21.371943707498954,0.0,0,-0.29985691944569126,5.007790478428731,14.325977468048634
2003-04-21,-21.709829217292448,0.0,0,-0.3554432105593411,5.24295865645795,14.66290129569207
2003-04-22,-21.709829217292448,4.385082075000909,0,-0.3554432105593411,5.24295865645795,14.66290129569207
2003-04-23,-19.158796517293922,1.16279068166793,0,-0.5135072014194774,4.348315241930109,14.00378842916847
2003-04-24,-20.5292391001234,-7.02579267204992,0,-0.1388791931631896,3.99811333765117,14.075999619582106
2003-04-25,-20.89920312104079,-0.8105360771226301,0,-0.17627762416582082,4.008199454591326,14.636788651522714
2003-04-28,-20.89920312104079,10.392082362006189,0,-0.17627762416582082,4.008199454591326,14.636788651522714
2003-04-29,-20.993243136179668,-3.8217613069756102,0,-0.22194654049170787,4.566811880880618,14.132382008890296
2003-04-30,-20.774784482997173,2.38525862510516,0,-0.19676770957900724,4.562516482237081,13.771100717451745
2003-05-01,-21.228696510623017,0.0,0,-0.2405346162767511,4.577854820790839,14.45900500826582
2003-05-02,-21.110411089274397,-0.6174387445291,0,-0.22003417765856997,4.574454942208483,14.226855324034958
2003-05-05,-20.92510391036445,-0.2020839346987399,0,-0.18493925658789784,4.399285389246479,14.102879406337298
2003-05-06,-20.96157179366549,1.6130470808659703,0,-0.1854661943664045,4.22909172364445,14.40625575820258
2003-05-07,-21.210071999023985,-0.07519862713988995,0,-0.26553156651363136,4.8514801315011535,14.185450506248376
2003-05-08,-21.210071999023985,-4.27588358457219,0,-0.26553156651363136,4.8514801315011535,14.185450506248376
2003-05-09,-21.107571001482086,5.53621987956956,0,-0.23283627234681187,4.5561428906925165,14.325853132312933
2003-05-12,-21.1444210049849,-3.4464869459794696,0,-0.2383510688405113,4.556376870536186,14.39401269008215
2003-05-13,-21.228097230318042,-4.80555100287723,0,-0.23956883128001333,4.3201432378456115,14.834278112331868
2003-05-14,-21.228097230318042,2.9688771711194293,0,-0.23956883128001333,4.3201432378456115,14.834278112331868
2003-05-15,-20.627055799779114,7.38826818430347,0,-0.17661727575886582,4.251685342040876,13.98616957399011
2003-05-16,-20.67899185651736,-2.09073585803352,0,-0.18390669787689118,4.271190168842715,14.049510181469623
2003-05-19,-21.053333606196254,-15.46803933050066,0,-0.219904396775906,4.284049814301703,14.606060683327517
2003-05-20,-20.412053975935354,-4.543764534076391,0,0.46964420223824077,2.000023098231412,14.623970308092915
2003-05-21,-20.968568880410015,-1.62484314571273,0,-0.18423621437186966,3.995418744816778,14.768885385416885
2003-05-22,-20.812859027505425,1.82679493250447,0,-0.17404503483643535,4.082898959059031,14.421401204668017
2003-05-23,-21.118797126161688,-2.94650284214861,0,-0.1745902511458018,3.878191700310884,15.050656070386616
2003-05-26,-21.03156668331637,-1.42208902201401,0,-0.15710338874630136,3.91366425703404,14.81429863454334
2003-05-27,-20.79785149951443,3.6291970845999,0,-0.09661028088017909,3.6631253499566876,14.660969906055541
2003-05-28,-20.6441497946595,3.47457493579654,0,-0.020348691637248013,3.209958078733411,14.885498549918049
2003-05-29,-21.328466967982873,0.7050162592893499,0,-0.2634027768938906,4.49807911860876,14.803883661112993
2003-05-30,-21.328466967982873,10.235830953113059,0,-0.2634027768938906,4.49807911860876,14.803883661112993
2003-06-02,-21.221445111125117,7.11275616027981,0,-0.2495565014998187,4.581196487644782,14.498310712908268
2003-06-03,-21.255985259629714,-2.2080180330460997,0,-0.2542465014468005,4.577189261432807,14.565265737182893
2003-06-04,-21.32609359785387,5.75358185285558,0,-0.2515305771371199,4.317777166724266,15.000092465776962
2003-06-05,-21.32609359785387,-1.11896029543809,0,-0.2515305771371199,4.317777166724266,15.000092465776962
2003-06-06,-20.75375587708467,11.55294712430264,0,-0.1945050392164681,4.290707948930452,14.154490656482741
2003-06-09,-20.803441177591065,-6.3086693209707505,0,-0.20125976796545714,4.306870885548605,14.217632845866165
2003-06-10,-21.159209747371683,5.30016430367634,0,-0.2336287505985424,4.293395352285062,14.77288433395974
2003-06-11,-21.159209747371683,2.8098525025626904,0,-0.2336287505985424,4.293395352285062,14.77288433395974
2003-06-12,-21.202259815619353,1.77256474475802,0,-0.2657406877372094,4.794868274259901,14.26082818422356
2003-06-13,-20.99370619675049,-4.606287868526239,0,-0.24496281827947602,4.80966348790839,13.907827136552914
2003-06-16,-21.43536615439623,9.99921176494226,0,-0.2855377019512738,4.804634129104041,14.594153572850605
2003-06-17,-21.327539023058584,4.15379140166211,0,-0.27141638881588637,4.8247778519249955,14.376002349799329
2003-06-18,-21.161762437216467,3.90682362804182,0,-0.24464365862911583,4.6815325102747245,14.262791220195659
2003-06-19,-21.205811745659137,-6.755652206465291,0,-0.24352929673175067,4.508758783394512,14.555182241407543
2003-06-20,-21.43442097867373,-0.9149333096215598,0,-0.31202634246001804,5.141235114987337,14.27331408348957
2003-06-23,-21.43442097867373,-0.64476371550681,0,-0.31202634246001804,5.141235114987337,14.27331408348957
2003-06-24,-21.587988770327733,0.2620440371683101,0,-0.35173867165447126,5.4926499813853,14.183105436863158
2003-06-25,-21.448602165306326,1.3247811043567,0,-0.3105366974491831,5.0889652261002905,14.35155667422942
2003-06-26,-21.538364439273693,5.28240678970184,0,-0.319871206626837,5.058591960233811,14.53789665285132
2003-06-27,-21.538364439273693,0.22702847165335,0,-0.319871206626837,5.058591960233811,14.53789665285132
2003-06-30,-20.916798958568233,-3.2162161930280897,0,-0.25285747042466744,4.9469593270539445,13.677089963368427
2003-07-01,-20.9676709334803,-9.99543405985222,0,-0.2596588421224647,4.966306716690223,13.741186058827267
2003-07-02,-21.163890557044965,9.26148672058041,0,-0.24340172180921688,4.497032740699199,14.529841347128574
2003-07-03,-21.163890557044965,1.55106754926374,0,-0.24340172180921688,4.497032740699199,14.529841347128574
2003-07-04,-21.161905326916433,2.4983899272773202,0,-0.2664834924604021,4.938050697533284,14.0176505712396
2003-07-07,-20.93506731036725,11.914414798522529,0,-0.24054742685221273,4.922445188597244,13.65587758645408
2003-07-08,-20.75121503863388,1.87973453615824,0,-0.21133585250317827,4.650606689187635,13.700895067968947
2003-07-09,-20.601453354761972,-6.12970179334677,0,-0.18484516663166228,4.601831879249928,13.464549277713326
2003-07-10,-20.417491979473365,-3.96463963682976,0,-0.1576346840880277,4.442481014572703,13.363404282985766
2003-07-11,-20.516874820982487,3.7364023620103395,0,-0.1742151117106011,4.3645805112672225,13.685472185572417
2003-07-14,-20.728359577651702,4.90662748891274,0,-0.24002979727417184,4.959320333905746,13.391423325920918
2003-07-15,-20.728359577651702,-1.0565848553919701,0,-0.24002979727417184,4.959320333905746,13.391423325920918
2003-07-16,-20.902052180167473,-1.4208544933576899,0,-0.28565652441037037,5.333447849876491,13.308626518314988
2003-07-17,-20.79347040813415,-3.7602721835010198,0,-0.25158856495585535,5.0136508679823475,13.448300055245781
2003-07-18,-20.914616634287206,2.4524144488750803,0,-0.2671298432738468,5.029600514321313,13.641858594025095
2003-07-21,-20.914616634287206,-4.56607788753582,0,-0.2671298432738468,5.029600514321313,13.641858594025095
2003-07-22,-20.15883736015197,1.1919129101034203,0,-0.18544519577886243,4.752360455684052,12.79229371187105
2003-07-23,-20.219579904843854,-2.52415311283428,0,-0.19319362246708482,4.7832710661954225,12.854433384852333
2003-07-24,-20.706341559260718,7.541721726730461,0,-0.24410039220773472,4.946399205478528,13.413696882363922
2003-07-25,-20.706341559260718,-1.39145961731186,0,-0.24410039220773472,4.946399205478528,13.413696882363922
2003-07-28,-20.51062197957358,3.8229108444916298,0,-0.2205360922224317,5.071336571052511,12.88263295494961
2003-07-29,-20.212186836088268,-1.7502472243574103,0,-0.1809679900312482,4.951787072219723,12.506804963788294
2003-07-30,-20.193298736415752,2.08650782487547,0,-0.1717281055062707,4.818558238279545,12.635078528597539
2003-07-31,-20.0057506463806,8.22093410807313,0,-0.13594329406131192,4.707050557704433,12.388680753218996
2003-08-01,-19.823903552259694,-2.77955124213506,0,-0.11683595426274054,4.565906690413376,12.310145670871183
2003-08-04,-19.9976056130207,-1.54240559488844,0,-0.15179175626129052,4.6023372364304755,12.652410252517896
2003-08-05,-20.082569220125148,2.37967156395203,0,-0.18497865363114072,5.0109792519054945,12.312019929872125
2003-08-06,-20.082569220125148,-6.89878982976765,0,-0.18497865363114072,5.0109792519054945,12.312019929872125
2003-08-07,-20.22757940976455,-7.10659939881611,0,-0.22739032426724948,5.339733546677975,12.242630273980097
2003-08-08,-20.135630057070536,0.18068772612204004,0,-0.19243335635031344,5.0244467968165285,12.394066590695626
2003-08-11,-20.29256324354057,0.62651676685052,0,-0.21611073694569058,5.0962349986143405,12.59812720772343
2003-08-12,-20.29256324354057,2.63025382560732,0,-0.21611073694569058,5.0962349986143405,12.59812720772343
2003-08-13,-20.203606226012408,3.7298918794194504,0,-0.20477561884647505,5.045878601278613,12.510976109400936
2003-08-14,-20.265395491431548,4.86125466822473,0,-0.21296682716400675,5.079839744354574,12.57508815775768
2003-08-15,-19.79968272260574,-0.4044961800706701,0,-0.18672144092266835,4.846804225461668,12.295005029046408
2003-08-18,-19.79968272260574,6.744016715490961,0,-0.18672144092266835,4.846804225461668,12.295005029046408
2003-08-19,-19.478909056507774,1.5911356702157697,0,-0.13208106435465794,4.779578215566898,11.718245194003664
2003-08-20,-19.106420902697145,2.69147628717893,0,-0.07771254421654933,4.559483088519608,11.338369059646201
2003-08-21,-19.12184329782934,6.96879011739978,0,-0.08293187849981615,4.495807341326395,11.497831421867128
2003-08-22,-18.893005022331565,-0.001226847567419899,0,-0.038727142368508896,4.32841539275889,11.256010430227969
2003-08-25,-18.70432403940208,-4.38938378526848,0,-0.03481795696717564,4.224021969180564,11.225148907811505
2003-08-26,-18.948441172610174,-4.80965361609867,0,-0.08740432449768604,4.362922906653953,11.579169845271343
2003-08-27,-18.947915479735478,1.22328703607292,0,-0.09305980800145403,4.619733717046815,11.18399227455341
2003-08-28,-18.947915479735478,2.2196952838392803,0,-0.09305980800145403,4.619733717046815,11.18399227455341
2003-08-29,-19.12560560678505,-1.56163822043225,0,-0.1502634287776938,5.046889983498308,11.06017792963134
2003-09-01,-19.070588543789377,6.897743281103749,0,-0.12154402843057413,4.801029509301264,11.20259636313176
2003-09-02,-19.2660636833004,-0.14142577464287992,0,-0.15013948436174163,4.919799300006556,11.402889617561978
2003-09-03,-19.2660636833004,7.917871624758701,0,-0.15013948436174163,4.919799300006556,11.402889617561978
2003-09-04,-19.162609061366467,0.38469012045531,0,-0.13900876376955038,4.857247811601891,11.323554342785481
2003-09-05,-19.23543730489199,-5.20412123276842,0,-0.14739117786832406,4.901354506429335,11.382937704980023
2003-09-08,-19.18888901243738,1.7100589915759998,0,-0.1643283897049928,5.0995344234369195,11.138451702213924
2003-09-09,-19.18888901243738,-5.06309164514094,0,-0.1643283897049928,5.0995344234369195,11.138451702213924
2003-09-10,-18.766404508068145,-8.138441314062431,0,-0.09090230791138501,4.880505512992805,10.548495622227373
2003-09-11,-18.536246775578338,3.6914058601822406,0,-0.04516589616722613,4.660142117473439,10.361578508221118
2003-09-12,-18.372358850641227,-6.129974751462361,0,0.0847691303556525,3.9855099677036505,10.494095670204892
2003-09-15,-18.125459467961036,1.8725754591015003,0,0.1548756168334868,3.723707458701425,10.25937849748819
2003-09-16,-16.50049002084493,3.7636843755285603,0,-0.4390888653238208,4.19383447517463,11.230358910457335
2003-09-17,-16.717033238219496,0.46802171500067,0,-0.5283685544450445,4.3347644266288174,11.636631199004503
2003-09-18,-16.726360041461767,8.41931117464409,0,-0.5672933274264945,4.695129408112519,11.384796807241447
2003-09-19,-16.726360041461767,0.33799339579564985,0,-0.5672933274264945,4.695129408112519,11.384796807241447
2003-09-22,-16.816989292502104,-15.299673049205689,0,-0.6265496482519022,5.054133935895367,11.317217732833747
2003-09-23,-17.13883058923585,-3.4565155840330597,0,-0.6940289635899283,4.837225569315028,12.129562562496652
2003-09-24,-17.253726032915143,-13.64811107388163,0,-0.7286061719046473,4.864390923814629,12.340384754005122
2003-09-25,-17.253726032915143,1.9399395274600804,0,-0.7286061719046473,4.864390923814629,12.340384754005122
2003-09-26,-17.167402041549494,3.00051241366963,0,-0.6991996787100248,4.797529789371866,12.21782955638718
2003-09-29,-17.223254033616975,-0.9907869859950902,0,-0.7177756597377907,4.8353899144139865,12.30107126197675
2003-09-30,-17.143346372749548,-6.507435980143081,0,-0.7086557912103519,4.985430979427656,12.034964918600036
2003-10-01,-17.143346372749548,7.551990946528949,0,-0.7086557912103519,4.985430979427656,12.034964918600036
2003-10-02,-16.946388064217572,-7.58448445332499,0,-0.6654288657219877,5.1046635402389775,11.548754294810664
2003-10-03,-16.80141259454829,11.67372985972603,0,-0.6235877558812265,5.070075278913149,11.272131519184143
2003-10-06,-16.70847929323418,2.5121288480140205,0,-0.5503749512161954,4.580078120892625,11.430298167366184
2003-10-07,-16.576100620449452,-4.822415159655249,0,-0.5293473919545575,4.71425564035691,11.055086215785098
2003-10-08,-17.014811353439026,3.48247772627944,0,-0.6721680871226244,4.979230402677844,11.775722375001777
2003-10-09,-17.014811353439026,6.13886288504921,0,-0.6721680871226244,4.979230402677844,11.775722375001777
2003-10-10,-17.007598061349423,-3.1374317107496803,0,-0.6973639789027238,5.311542171018462,11.52043024023136
2003-10-13,-17.007598061349423,5.48300455972721,0,-0.6973639789027238,5.311542171018462,11.52043024023136
2003-10-14,-17.049260591358312,-0.05547711730401999,0,-0.7269598634155248,5.548905374900811,11.437897319723444
2003-10-15,-17.006169452123196,2.00720026183126,0,-0.7000143123138356,5.3496235665549925,11.490261258215227
2003-10-16,-17.147773817025346,0.92222600610975,0,-0.7437722003938492,5.425929102810567,11.726335649322936
2003-10-17,-17.094258688901338,-4.35272615514351,0,-0.701938092096882,5.083951899578916,11.859574294910354
2003-10-20,-16.989888219393805,1.1783121586871,0,-0.6663359142796127,4.98498342704467,11.722306073491664
2003-10-21,-17.05818805620015,0.63202841636754,0,-0.6893434642782557,5.045101584869423,11.815843235969439
2003-10-22,-16.950836409339118,-7.32252354690353,0,-0.6701074711297668,5.146203580346004,11.527892067253017
2003-10-23,-16.950836409339118,0.5698652494497101,0,-0.6701074711297668,5.146203580346004,11.527892067253017
2003-10-24,-16.665737857542396,-3.49317385327528,0,-0.5890184845061095,5.101192000562035,10.956717206580844
2003-10-27,-16.426275308241163,5.0595545602108505,0,-0.49290212824331137,4.871693891931793,10.557743893391667
2003-10-28,-16.270024591533407,5.780956204988811,0,-0.33097250988685956,4.177170055250591,10.541956796537063
2003-10-29,-16.52165215550751,1.03888257974932,0,-0.508241795841303,4.655649160461897,10.979765733829773
2003-10-30,-16.977058523235307,2.70211262849687,0,-0.6598891700129826,4.953533920777586,11.7178958092338
2003-10-31,-16.769974773237966,2.1392711666239896,0,-0.6143728577934007,5.0878950654163155,11.183033081615285
2003-11-03,-16.72916702397991,8.70520098892672,0,-0.6261924979163946,5.358040048429059,10.897145395053354
2003-11-04,-16.72916702397991,0.9483757141242799,0,-0.6261924979163946,5.358040048429059,10.897145395053354
2003-11-05,-16.778127809242523,-2.5784856975042096,0,-0.6606174434183358,5.610261857013536,10.824902166056917
2003-11-06,-16.730007890417127,4.790713387986649,0,-0.629645466660712,5.395936569765462,10.871780779032814
2003-11-07,-16.927870820776384,12.12711543069426,0,-0.6965998868293808,5.577020249225432,11.163255099310485
2003-11-10,-16.876876025995177,-2.9304479783206596,0,-0.6572295443041744,5.260870116116007,11.280489024723725
2003-11-11,-16.74082823563018,2.09680193587428,0,-0.6083606552236047,5.103350953577904,11.111688340941594
2003-11-12,-16.831647752644574,-0.95458573448324,0,-0.6411410344761477,5.205450123611627,11.228148297451103
2003-11-13,-16.678289905332214,2.6157381343173602,0,-0.6033046131797646,5.221478009935622,10.89701479030115
2003-11-14,-16.678289905332214,2.1937903277699298,0,-0.6033046131797646,5.221478009935622,10.89701479030115
2003-11-17,-16.6684014781805,-10.80447743321492,0,-0.5955584698130552,5.165914425022143,10.915312492245572
2003-11-18,-16.532315262608964,-2.7380348470173304,0,-0.5266042945474576,4.847971390702777,10.842711943360953
2003-11-19,-16.369543124994713,-1.6025694306209197,0,-0.4026430480697627,4.3157055825757435,10.786263283803883
2003-11-20,-16.572361760931514,0.08237205573124991,0,-0.5232731997051838,4.646641771597456,11.105036900798952
2003-11-21,-16.82311939144354,0.5832825438111,0,-0.6138163279484359,4.910575478501979,11.428649502870588
2003-11-24,-16.537569693636968,9.35069921283398,0,-0.5255224014053672,4.887010856626592,10.797372222952486
2003-11-25,-16.448703237133813,1.28445057084942,0,-0.5117644924135336,5.057463978196528,10.444902370132592
2003-11-26,-16.448703237133813,-3.51688418502418,0,-0.5117644924135336,5.057463978196528,10.444902370132592
2003-11-27,-16.527821123766945,4.1335318673103405,0,-0.5707536208762809,5.379152575749821,10.42409163061481
2003-11-28,-16.446023051386057,-2.61851584718834,0,-0.5139289564422115,5.088604380380575,10.415354553715261
2003-12-01,-16.731012482682594,6.84813682389111,0,-0.6336968018554494,5.452854634793612,10.828754375639733
2003-12-02,-16.662399783296923,-3.33344233036767,0,-0.5814933796398818,5.1004874809790035,10.92169137054066
2003-12-03,-16.48446497093886,6.936902747986739,0,-0.5049597342853647,4.85316723126464,10.692753098550504
2003-12-04,-16.606676293263675,-1.8939854081872598,0,-0.5592168182203481,5.023789637125658,10.856025487598188
2003-12-05,-16.41625250705323,-4.01934500299532,0,-0.49967575076412807,4.9595826207315685,10.473230368141076
2003-12-08,-16.41625250705323,-3.2709191011952203,0,-0.49967575076412807,4.9595826207315685,10.473230368141076
2003-12-09,-16.402410640167812,0.53574355448618,0,-0.4877211968558709,4.8937413878087215,10.483476904158138
2003-12-10,-16.052008745171698,-1.1285988450446098,0,-0.24861819046970027,4.274317713154268,9.77426060179727
2003-12-11,-20.818213428556106,3.1535994684275197,0,1.2888998221511383,1.7510107134918216,7.852599661490875
2003-12-12,-16.221853024679366,0.14588071620051996,0,-0.38699276649284897,4.479844289410035,10.352762418357607
2003-12-15,-15.98133240661511,1.65776215697035,0,-0.35494410596049886,4.290773532719546,10.21186427485782
2003-12-16,-15.525022414486873,-1.12775609435735,0,-0.07127200015614762,3.679873417503515,9.21940904485225
2003-12-17,-15.43900204407484,-2.59088042569308,0,0.17294015484884373,3.255794132863832,8.441128748959299
2003-12-18,-15.43900204407484,3.1345968511814397,0,0.17294015484884373,3.255794132863832,8.441128748959299
2003-12-19,-15.472787311419834,1.84255311029164,0,0.14047213721882584,3.4520125586466697,8.280245236229993
2003-12-22,-15.438002781032852,-2.5931620423550803,0,-0.11175262817136454,4.177505515237581,8.532515420725836
2003-12-23,-15.680117196845362,0.8082318215314801,0,-0.23808429211009813,4.564825221229263,8.915662839176832
2003-12-24,-15.65565920201432,0.0,0,-0.1364070374477805,4.121481659746237,8.988880514373399
2003-12-25,-15.531947397852552,0.0,0,-0.1224372605794132,4.036492454540799,8.922085723663953
2003-12-26,-15.618042308932122,0.0,0,-0.1395986598978594,4.1113317339440005,8.986236858181456
2003-12-29,-15.439985843736014,2.64693131476074,0,-0.16686768173758715,4.211967680936292,8.805351241692744
2003-12-30,-15.439985843736014,-0.47920775783583996,0,-0.16686768173758715,4.211967680936292,8.805351241692744
2003-12-31,-15.445815900266027,0.0,0,-0.17092619392805042,4.198709848189603,8.855291831137363
2004-01-01,-15.179411637092066,0.0,0,-0.05357076641915827,3.8532625222836168,8.471084178109137
2004-01-02,-15.134663659452304,4.4845724087437,0,-0.0034310001843753293,3.5742930492330096,8.622863852529218
2004-01-05,-15.376615444408134,1.38878488179008,0,-0.2047261331160452,4.157258354095928,9.038451268785364
2004-01-06,-15.376615444408134,-2.8345618337819505,0,-0.2047261331160452,4.157258354095928,9.038451268785364
2004-01-07,-14.860289601004352,-2.00564573375257,0,0.00800779513426577,3.593505004475201,8.244650812994847
2004-01-08,-14.606046395514745,6.400358977033921,0,0.1611358295908589,3.2591548593963604,7.6799007719805825
2004-01-09,-14.606046395514745,-1.55489159125769,0,0.1611358295908589,3.2591548593963604,7.6799007719805825
2004-01-12,-14.650015143383161,-0.22797933789962,0,0.23050117814004167,3.205208108611087,7.36536403149221
2004-01-13,-14.666238763969004,2.1126845371688696,0,0.06513634040412253,3.785177422683935,7.320021982083437
2004-01-14,-14.949200000625245,3.60129641333589,0,0.0018805398222589299,4.085220532316654,7.470368038862372
2004-01-15,-15.0041063448014,0.5097343023501301,0,-0.052361478665025676,4.089674961213383,7.876452295113611
2004-01-16,-15.0041063448014,1.9306607317017899,0,-0.052361478665025676,4.089674961213383,7.876452295113611
2004-01-19,-15.096081603097732,0.7722833293572903,0,-0.051206399677824144,4.125772936656558,7.89804076562406
2004-01-20,-14.85720867882716,-1.50742084522899,0,-0.0363415015215884,4.078914937039298,7.644903139871545
2004-01-21,-14.85720867882716,-1.98350055140697,0,-0.0363415015215884,4.078914937039298,7.644903139871545
2004-01-22,-14.871373588551217,-2.1129383174872802,0,-0.05062571712019799,4.1004241870757525,7.713819469221601
2004-01-23,-14.57300853056287,-1.4787319440603302,0,-0.004347772900230558,3.886486400830287,7.498363625565483
2004-01-26,-14.600553383821895,-2.40414511410317,0,-0.03194757379061604,3.843599919644383,7.777272668464381
2004-01-27,-15.100770169255535,1.9841552157021503,0,-0.15331110507351758,4.368419254493929,8.138125163763759
2004-01-28,-15.100770169255535,3.3402349925121304,0,-0.15331110507351758,4.368419254493929,8.138125163763759
2004-01-29,-14.532683363282253,-4.0434035383554,0,0.015258123954408717,3.824164298167303,7.445436513682649
2004-01-30,-14.122316728885512,-1.64238287680918,0,0.29291300190133196,3.003585588948666,6.862470353775678
2004-02-02,-14.122316728885512,0.5419841973803001,0,0.29291300190133196,3.003585588948666,6.862470353775678
2004-02-03,-14.199322692540512,-2.91928281890753,0,0.4181485035326753,2.8077722023779286,6.495745712447791
2004-02-04,-14.160677277150572,-4.71663759743572,0,0.2974929314854546,3.2227928011501987,6.335395443905427
2004-02-05,-14.12578026711548,-2.7097195880412603,0,0.1770352831967808,3.520783440051509,6.528466283853193
2004-02-06,-14.227243787863527,0.60937514649965,0,0.1038480971916046,3.6214150632580084,6.939153243255786
2004-02-09,-14.227243787863527,2.83715618636075,0,0.1038480971916046,3.6214150632580084,6.939153243255786
2004-02-10,-14.227243787863527,2.15675300213973,0,0.1038480971916046,3.6214150632580084,6.939153243255786
2004-02-11,-13.577240917231963,3.5717128445209396,0,0.074774586365837,3.4946476463808436,6.73359853335673
2004-02-12,-13.558212545995888,-0.67518412415806,0,0.10970919368673986,3.3873571864242047,6.703361430093708
2004-02-13,-13.579367516076461,-4.6446510720867,0,0.09172516759267552,3.42197985735862,6.770753663442681
2004-02-16,-13.226976583629103,0.5580884798871499,0,0.09332786332532073,3.2880336559731287,6.675013292601028
2004-02-17,-13.292440057516789,1.38214931923433,0,0.04084525649116166,3.327603726687583,6.978308559633806
2004-02-18,-13.866005078970067,-2.02079570865668,0,0.024008457981874856,3.640777103957996,7.06413328350083
2004-02-19,-13.866005078970067,1.8695203182051998,0,0.024008457981874856,3.640777103957996,7.06413328350083
2004-02-20,-13.174081850451646,-7.374167732438369,0,0.10598678110903631,3.2377050555796805,6.645053086411041
2004-02-23,-12.85942590622526,-0.32119294944684995,0,0.112054638559129,3.0696768736851094,6.633672729734194
2004-02-24,-12.85942590622526,-6.367459461105911,0,0.112054638559129,3.0696768736851094,6.633672729734194
2004-02-25,-12.757656153012386,1.6602834538172802,0,0.16365582277668478,2.9884918941721192,6.391340647682395
2004-02-26,-12.782671960623217,2.44105772094744,0,0.18251629864882182,3.10504431701339,6.046974089995592
2004-02-27,-12.836847370553711,0.4628206538296901,0,0.13571060868531756,3.2790470323991006,6.0355982507555845
2004-03-01,-13.00823722719991,3.96895367598112,0,0.06356940888793469,3.402407129774444,6.414528534580484
2004-03-02,-13.00823722719991,6.283351328731129,0,0.06356940888793469,3.402407129774444,6.414528534580484
2004-03-03,-13.00823722719991,-1.67582799162053,0,0.06356940888793469,3.402407129774444,6.414528534580484
2004-03-04,-12.954943409865246,1.85684870066851,0,0.10390190081759729,3.3543392592421566,6.203999990156483
2004-03-05,-12.973879597535856,-1.2040811970159702,0,0.08729333263210662,3.414624733981328,6.208104847360091
2004-03-08,-12.882899944486303,1.5522041869543302,0,0.1563424242785703,3.0970886726154445,6.331318369583437
2004-03-09,-11.72776036012453,-2.9474211373640298,0,-0.004963091830929153,2.93135383215039,6.3947565415800725
2004-03-10,-11.822053218169335,-4.71059913438304,0,-0.052829133434669544,2.957721019986063,6.669382238736248
2004-03-11,-12.395161162288296,-12.25474175759379,0,-0.043204930798667746,3.241830209197799,6.698387334460181
2004-03-12,-12.87537732412451,1.40699213254653,0,-0.19591271063939164,3.633200786796684,7.294139366296971
2004-03-15,-12.210677919228335,-9.09629574651076,0,-0.060716363731743384,3.1456902717048636,6.769220501474408
2004-03-16,-11.807064204666647,0.71123218707868,0,0.0421860910312426,2.855624296706782,6.381787084670917
2004-03-17,-11.807064204666647,7.73110468118283,0,0.0421860910312426,2.855624296706782,6.381787084670917
2004-03-18,-11.700880974195965,-7.42343833993935,0,0.11090109732322265,2.7507544044395695,6.12802604808764
2004-03-19,-11.68862836365645,-3.36299253797411,0,0.1360030248903909,2.8422098170640915,5.791806419000224
2004-03-22,-11.725906079434594,-7.44518955404567,0,0.07598397236423482,3.0233328027164417,5.798552561021916
2004-03-23,-11.905056031482225,-0.8993497322921599,0,-0.01806919524492704,3.1771869869409155,6.193380648331161
2004-03-24,-11.905056031482225,-0.88448345227877,0,-0.01806919524492704,3.1771869869409155,6.193380648331161
2004-03-25,-11.905056031482225,6.12563898396928,0,-0.01806919524492704,3.1771869869409155,6.193380648331161
2004-03-26,-11.84429135186612,1.29727821291337,0,0.03317110189075773,3.1148797190572735,5.975570025103487
2004-03-29,-11.859318508933065,4.59735733075322,0,0.012863845880813211,3.176522578302087,5.9852538128101
2004-03-30,-11.936199487935173,-0.56419269093438,0,-0.001380633212382812,3.0094076795568325,6.44325765491498
2004-03-31,-11.936199487935173,-4.18713295469237,0,-0.001380633212382812,3.0094076795568325,6.44325765491498
2004-04-01,-12.023583941382178,5.5017323654580705,0,-0.053822118376799184,3.0424852663303317,6.727973600198737
2004-04-02,-12.591702173068276,7.39639243677122,0,-0.0585928328569528,3.3493921425990276,6.786829663562646
2004-04-05,-12.58224266919569,3.6065396079075898,0,-0.049617637907758354,3.285788419136465,6.841482580448214
2004-04-06,-11.873869781137039,-1.8578497121320598,0,0.014428029096206902,2.911119850454053,6.482859124812782
2004-04-07,-11.873869781137039,-1.32316937461574,0,0.014428029096206902,2.911119850454053,6.482859124812782
2004-04-08,-11.873869781137039,1.26380053586777,0,0.014428029096206902,2.911119850454053,6.482859124812782
2004-04-09,-11.732426455498526,0.0,0,0.09942642801979806,2.7774886970688515,6.165971156254955
2004-04-12,-11.718901741745263,0.0,0,0.1220688477339792,2.8746876860548816,5.833099909618818
2004-04-13,-11.756353861445303,6.079267534737419,0,0.06311492354980909,3.05424697037532,5.839868602291761
2004-04-14,-11.933808855473341,-4.08267431949903,0,-0.029741708178181097,3.2036081679435338,6.2352947359517685
2004-04-15,-11.933808855473341,0.05405796811077997,0,-0.029741708178181097,3.2036081679435338,6.2352947359517685
2004-04-16,-11.933808855473341,1.96471713761157,0,-0.029741708178181097,3.2036081679435338,6.2352947359517685
2004-04-19,-12.03898200922562,0.53170087819846,0,-0.03823778953786469,3.3014662524976144,6.21134710311614
2004-04-20,-12.053878304974548,2.59106595469223,0,-0.055774740962475866,3.358114193254922,6.219144701675992
2004-04-21,-11.96981275451574,-0.45475333174488003,0,-0.015994394044872587,3.040145058161505,6.494181917280667
2004-04-22,-11.96981275451574,3.8563206737603597,0,-0.015994394044872587,3.040145058161505,6.494181917280667
2004-04-23,-12.055230900008626,5.49182851108964,0,-0.06526678235835236,3.064888742575283,6.775122996405518
2004-04-26,-12.618883293993797,-0.5226779038627,0,-0.07904110349426823,3.3886267223246582,6.852472451597815
2004-04-27,-12.609306868664081,1.8488465059331598,0,-0.068849487278176,3.3220450187759996,6.904501456451549
2004-04-28,-11.776565023787644,-7.0662587296662,0,0.09692607944640685,2.8331318137799775,6.111938424709782
2004-04-29,-11.877004706796349,-1.5803249779321897,0,0.013145120441715275,2.9137304855909463,6.487507853983295
2004-04-30,-11.877004706796349,-0.9040635007237601,0,0.013145120441715275,2.9137304855909463,6.487507853983295
2004-05-03,-11.841621412589497,3.2440451247067,0,0.026509133505546824,2.8746864787649233,6.458615410169198
2004-05-04,-10.593607147327614,-2.0015501554729602,0,0.05510874180833917,2.5639655547160247,5.663715490246968
2004-05-05,-10.65037566428601,2.69244872663428,0,0.008072616159880058,2.719033529958887,5.644340669989351
2004-05-06,-10.863589068226357,-9.861126242241511,0,-0.061356963075774554,2.8262245335098557,5.977555555751453
2004-05-07,-11.156330532152381,-0.048587339971160014,0,-0.11527002214066519,3.006298744121235,6.202264523000505
2004-05-10,-11.156330532152381,-9.06757449582444,0,-0.11527002214066519,3.006298744121235,6.202264523000505
2004-05-11,-11.260247983792663,2.21160089133715,0,-0.12938677039163932,3.116634712079154,6.187749844278832
2004-05-12,-11.277504429746088,-3.0253504383660097,0,-0.14136357195704682,3.161773553668441,6.185256365162903
2004-05-13,-11.194913887621453,4.27921850657672,0,-0.10342558647418196,2.843967206846851,6.45906052489445
2004-05-14,-11.194913887621453,-0.63282127111732,0,-0.10342558647418196,2.843967206846851,6.45906052489445
2004-05-17,-11.289036997200391,-5.37832762101654,0,-0.13584661796256198,2.8320355165384266,6.705776385983034
2004-05-18,-11.86422546964754,6.397910722174211,0,-0.13227716321517685,3.150788108242847,6.74912926582666
2004-05-19,-11.853813647118244,9.25647786135046,0,-0.12282880961156528,3.0857021100599673,6.802636069378769
2004-05-20,-10.981016173807674,-4.6028187676262,0,-0.014781066198477874,2.693371508821965,6.124605910342407
2004-05-21,-10.981016173807674,-1.5664097350435704,0,-0.014781066198477874,2.693371508821965,6.124605910342407
2004-05-24,-10.981016173807674,3.67673616031958,0,-0.014781066198477874,2.693371508821965,6.124605910342407
2004-05-25,-10.94459886946186,-4.2613463624464405,0,-0.0005017049706742939,2.6538665453831305,6.096720027260272
2004-05-26,-10.831440079247235,6.0387712260717405,0,0.10160184334103914,2.63189362289953,5.5459594364359575
2004-05-27,-10.861501329769624,4.31026926340055,0,0.03327987575676085,2.812582983769179,5.561802926598045
2004-05-28,-11.067077127039433,-3.08959030007057,0,-0.07244630766067582,2.9864892826292024,5.954974158879265
2004-05-31,-11.066454992169977,1.49749342713922,0,-0.07195269880020712,2.9912866397473374,5.943880938787894
2004-06-01,-11.066454992169977,-3.3396153926235197,0,-0.07195269880020712,2.9912866397473374,5.943880938787894
2004-06-02,-11.167299571359052,2.7121470708687,0,-0.07625241246057023,3.08005685917829,5.912924022756812
2004-06-03,-11.182583956449044,-0.06935565592015996,0,-0.0928107534273441,3.131974631332273,5.917824127813555
2004-06-04,-11.21893738830331,1.85460930800031,0,-0.11158441647792851,2.8587390682736267,6.492691577655446
2004-06-07,-11.21893738830331,3.8547354007943904,0,-0.11158441647792851,2.8587390682736267,6.492691577655446
2004-06-08,-11.3109693028591,-0.37676320362115995,0,-0.14194432234127474,2.841408134260303,6.73701447696305
2004-06-09,-11.884959970896315,-2.97615011539592,0,-0.14278409862490493,3.1680532930241347,6.788930856931325
2004-06-10,-11.874262551437253,1.1290717570799202,0,-0.1329767746885028,3.1018405009549674,6.841717919151625
2004-06-11,-11.007211924046384,0.5721287340409,0,-0.026224455956070605,2.7157345345167103,6.161099608809028
2004-06-14,-11.207892339170067,-6.79149991649438,0,-0.08514113421019781,2.8657618053630936,6.3576699422402445
2004-06-15,-11.207892339170067,2.79966179384117,0,-0.08514113421019781,2.8657618053630936,6.3576699422402445
2004-06-16,-10.584451702541962,0.3994633239719,0,0.057786510122418644,2.4471585533990607,5.8674260654618156
2004-06-17,-10.452410839694602,-1.5668995909352001,0,0.16231510643229055,2.407438660489112,5.330489927004789
2004-06-18,-10.492550020961207,-0.32685034894869003,0,0.09560148277306413,2.5842434095872786,5.331989772360268
2004-06-21,-10.72043923279463,-0.89020887064817,0,-0.0008282622477732125,2.754816220658502,5.689654419147372
2004-06-22,-10.71966195135752,-5.3762307010326795,0,0.000529670030451956,2.7577710462678278,5.677228352369092
2004-06-23,-10.71966195135752,2.6817905330331597,0,0.000529670030451956,2.7577710462678278,5.677228352369092
2004-06-24,-10.826690270078988,8.00771116819407,0,0.022037375754097095,2.8015929436438447,5.602106743198122
2004-06-25,-10.841987290360938,-0.53175847749815,0,-0.00010996023741383982,2.8622039034471927,5.611662038523864
2004-06-28,-10.891066212341201,4.492924097474011,0,-0.047290932243865866,2.662334145726958,6.22981947911852
2004-06-29,-10.891066212341201,0.40046786512188,0,-0.047290932243865866,2.662334145726958,6.22981947911852
2004-06-30,-11.000636806804064,0.54977343817612,0,-0.08749341211777041,2.675592074798258,6.481739252416309
2004-07-01,-11.586228951372153,-1.86245121312066,0,-0.044349122106795945,2.9262125479558905,6.449382751317913
2004-07-02,-11.57628166580834,-3.65164708770081,0,-0.0399821199401927,2.8726186096104187,6.513613621493802
2004-07-05,-10.654549843439344,-0.5546651837224401,0,0.03859910831280819,2.501986485302014,5.916879782647976
2004-07-06,-10.872221990321922,-3.71830711606532,0,-0.006267029321594865,2.6383890346888608,6.077914307028329
2004-07-07,-10.872221990321922,0.03120142392566,0,-0.006267029321594865,2.6383890346888608,6.077914307028329
2004-07-08,-10.53529135343975,1.27516789287299,0,0.08546766764104434,2.406876619585047,5.774437916457805
2004-07-09,-10.40523117804901,-1.00461499758227,0,0.2073105203819215,2.332429131998069,5.222654152855066
2004-07-12,-10.438572093724703,-2.83475573791882,0,0.13197540260655882,2.5195492392660377,5.23116894898568
2004-07-13,-10.66901338363371,1.98537000700932,0,0.027943196043934748,2.7073525576215585,5.5926463069970636
2004-07-14,-10.668366099224581,-0.67068877846804,0,0.029875782687216152,2.709217806082071,5.579443734690804
2004-07-15,-10.63481539792204,-3.9593396775916694,0,0.06237763065664644,2.6691520503672224,5.467859387569761
2004-07-16,-10.827622828480367,-0.26193087648021995,0,0.020682308184114144,2.802709110439751,5.607467686773939
2004-07-19,-10.84308660960923,-3.22511640716658,0,-0.0013004040620038589,2.8631027066334696,5.616805945750475
2004-07-20,-10.892611665818116,1.90711574434489,0,-0.04708401292303244,2.680799424864605,6.198160915810773
2004-07-21,-10.908380902864847,4.04669879022541,0,-0.05690541218841516,2.643468192018946,6.320008561075306
2004-07-22,-10.908380902864847,-5.89831585182911,0,-0.05690541218841516,2.643468192018946,6.320008561075306
2004-07-23,-11.507397286872944,-0.4222332496948999,0,0.0006274716097787001,2.851767718278115,6.292629810986826
2004-07-26,-11.49851492399711,-4.242716941190169,0,0.001597849424419992,2.806285856482803,6.36236216746239
2004-07-27,-10.550210494962931,3.24944155008053,0,0.08000101092289552,2.4219091795528396,5.784092982898512
2004-07-28,-10.776556325308812,2.1536817519250198,0,0.03912124704140643,2.5565751066855826,5.933181591089125
2004-07-29,-10.776556325308812,8.67144976211312,0,0.03912124704140643,2.5565751066855826,5.933181591089125
2004-07-30,-10.423242848010808,2.49647263814156,0,0.1254891032005233,2.32434747387585,5.648780443560649
2004-08-02,-10.287660719593049,-2.06933546768459,0,0.25685471029908935,2.225441904210271,5.0972602664634685
2004-08-03,-10.321448477554476,1.3269113323603,0,0.17705879201098812,2.4177099826374917,5.104280764945967
2004-08-04,-10.562743593670502,-6.14643205796476,0,0.0736140717706599,2.6120227077245817,5.453108253237923
2004-08-05,-10.581454320104708,-2.1193509862261597,0,0.06571841665744854,2.632064444914194,5.470410355926694
2004-08-06,-10.548223263558388,-8.69450880859949,0,0.10193540663721753,2.5846716887734127,5.355944317276867
2004-08-09,-10.990498301058683,-3.0308515455485203,0,-0.034502420225829965,2.9455993105690927,5.77344705519789
2004-08-10,-11.00634976560885,1.84921713735571,0,-0.05298594765262397,3.000608630505102,5.779700845016569
2004-08-11,-11.050640523125443,-3.5612018027368504,0,-0.08417481182654453,2.7807114608113426,6.340313178479494
2004-08-12,-11.063282767195828,-3.7491380824174803,0,-0.09005273518818427,2.7336857288855487,6.456762724706747
2004-08-13,-11.063282767195828,-4.3606703405959095,0,-0.09005273518818427,2.7336857288855487,6.456762724706747
2004-08-16,-11.737240014559948,5.19834569330326,0,-0.10288394819684085,3.029982537315565,6.689209317144906
2004-08-17,-11.724982357289944,-0.70992501803553,0,-0.09427115998480017,2.9656915114762494,6.746198813920175
2004-08-18,-10.843049247730807,1.8996997993123401,0,-0.012571169139005522,2.6145818257500224,6.119214587730051
2004-08-19,-11.049445147880222,0.99510675927354,0,-0.0612541542890902,2.7500012214763765,6.294749703359308
2004-08-20,-11.042320472615508,0.27194072524005997,0,-0.05497854703811194,2.8299162686342627,6.121814101907995
2004-08-23,-10.705161546420422,5.27391521620304,0,0.08232517688420471,2.521804023450892,5.73164732373426
2004-08-24,-10.638548473296108,0.22169071052456002,0,0.2875348620359825,2.314632486398758,5.073776735490749
2004-08-25,-10.608508275789578,0.17183155620172,0,0.17516232303651685,2.5428555004109104,5.131298676956593
2004-08-26,-10.564680768644141,2.9875829420144004,0,0.163902793617474,2.5222917792481594,5.1902274827304105
2004-08-27,-10.56606289313136,2.0364584874038303,0,0.1698605014984575,2.5170678860575944,5.171972672754949
2004-08-30,-10.597256823398688,-0.34583213436464,0,0.10595035469720865,2.598784564575693,5.356830071338381
2004-08-31,-10.79461433500843,-5.25087290876342,0,0.0675508598223325,2.728731572546504,5.486798147661201
2004-09-01,-10.806823158701473,3.1031487802277997,0,0.04020664307371327,2.79697587155416,5.502692929540029
2004-09-02,-10.859832102011556,1.3334531545934198,0,-0.0222463005873777,2.654584603391408,6.10571573737816
2004-09-03,-10.87791211477684,1.85033610959766,0,-0.03617930490557134,2.626798068843038,6.2325474369219975
2004-09-06,-10.87791211477684,2.74950773893873,0,-0.03617930490557134,2.626798068843038,6.2325474369219975
2004-09-07,-10.59719591407418,0.46735834942584,0,-0.1292749694136066,2.62595400936931,6.322888729737354
2004-09-08,-10.588247896385415,-0.045989587455060044,0,-0.12203785911744902,2.5677146797473163,6.382070397305257
2004-09-09,-9.602209897500991,-3.3315470421522804,0,-0.14949231760592546,2.2882688584072124,5.942870627691122
2004-09-10,-9.824467558413886,2.41518565977577,0,-0.22073550225403166,2.4431853580075757,6.150204806498159
2004-09-13,-9.814124082776376,6.97104585961246,0,-0.22685447652899898,2.5461443253209723,6.00492591109348
2004-09-14,-9.407718698603125,0.71487521782313,0,-0.018931312720446184,2.177783346658217,5.495751442655931
2004-09-15,-9.248993178360625,-2.88431952223622,0,0.17851128226103558,2.0100508991860977,4.905439138574554
2004-09-16,-9.257377219758776,1.08501587119894,0,0.06613908856224668,2.218931013747869,4.946881744153278
2004-09-17,-9.224618038506788,1.55104118749432,0,0.057991351344792046,2.192057264702994,4.998508517661307
2004-09-20,-9.22332938527742,-0.7433978082122399,0,0.06342333810352527,2.188578461456528,4.982541912377962
2004-09-21,-9.275808718912067,0.9360828404136301,0,0.0001263371346768155,2.2575473512891,5.149528004991563
2004-09-22,-9.48041855686841,-3.48502516728295,0,-0.031604449859895405,2.3781556483356767,5.257329991241878
2004-09-23,-9.494910943073963,-3.9269858631430896,0,-0.06335647399175952,2.445613594339381,5.274456837668501
2004-09-24,-9.58150991685507,0.96746760339527,0,-0.1426847201173057,2.3142448021594353,5.858566424719424
2004-09-27,-9.606185405699343,-2.2089821928591804,0,-0.1555803231315666,2.28272908765536,5.975019578342621
2004-09-28,-9.606185405699343,0.16695802942916999,0,-0.1555803231315666,2.28272908765536,5.975019578342621
2004-09-29,-9.606185405699343,3.5436262964563494,0,-0.1555803231315666,2.28272908765536,5.975019578342621
2004-09-30,-9.602337076569098,-3.5376969591541707,0,-0.15024558665030896,2.231645160596109,6.035892643273854
2004-10-01,-9.418586220732237,7.904858649650389,0,-0.062147560668788494,2.159658939442473,5.687570298566232
2004-10-04,-9.655897132091473,3.61216291272339,0,-0.1286054364805002,2.3210633130169223,5.875644012985834
2004-10-05,-9.634113149559187,2.4276515141134,0,-0.11285809801511015,2.3812700644381333,5.70167187112269
2004-10-06,-9.168472130602176,-0.15983645685117998,0,0.15054698784569437,1.9333467626553582,5.1012771038216975
2004-10-07,-8.99144018090701,0.040955176358200035,0,0.40538680283542133,1.66889258908606,4.4722024585670095
2004-10-08,-8.9849468612625,-3.59952451170419,0,0.2750446497359019,1.8889702170604405,4.499446922151457
2004-10-11,-8.968375260838876,-0.5863293317898499,0,0.23574906556756808,1.9158169623427967,4.591777852644032
2004-10-12,-8.96778456748078,-5.83084159623423,0,0.24403262110118767,1.907709194562627,4.574174402521189
2004-10-13,-9.127510292307921,1.33817390848437,0,0.060495441250735874,2.135722733201745,5.000406424557896
2004-10-14,-9.345212589123982,-3.1644786391727497,0,0.04908244165666706,2.2325122705944764,5.0765722462382925
2004-10-15,-9.359356089512985,-0.56191529005298,0,0.013932489274235797,2.3042892493391087,5.094055978035762
2004-10-18,-9.455490823411756,-0.26267686479796004,0,-0.08068026086089108,2.215440870740676,5.6909905565253425
2004-10-19,-9.485017852187624,3.9982549695443,0,-0.10277885971904799,2.2013429570947296,5.817181343625778
2004-10-20,-9.485017852187624,-4.72873511077475,0,-0.10277885971904799,2.2013429570947296,5.817181343625778
2004-10-21,-9.485017852187624,1.34391430451869,0,-0.10277885971904799,2.2013429570947296,5.817181343625778
2004-10-22,-9.48324273417527,0.27728713088135,0,-0.10130376085186953,2.1579211329810697,5.883055918234306
2004-10-25,-9.282901852053111,-8.045284192277888,0,-0.004649227373680857,2.0594173347866276,5.535136517916456
2004-10-26,-9.72892804412582,0.8051451013984801,0,-0.15997052831875447,2.383371710074603,5.952120539568768
2004-10-27,-9.709024880753635,4.3962387606899895,0,-0.15078501366315625,2.455221949859021,5.787122233247395
2004-10-28,-9.26178616584889,3.31731488467965,0,0.14272230976600758,1.9755262527509108,5.136782861561506
2004-10-29,-9.308335374656812,-2.9753720665822403,0,0.17267636239521722,2.0387951217927283,4.927342596445284
2004-11-01,-9.308896610873807,4.57107555183734,0,0.0452914096677479,2.2434965136929987,5.034301170277551
2004-11-02,-8.56304731835561,2.34796663731757,0,0.16672660536110262,1.8568012450447138,4.595872324971813
2004-11-03,-8.560768054341915,-1.6536994497484698,0,0.1742446181787463,1.850066759013882,4.579315535243005
2004-11-04,-8.631670893008149,-1.3232269666823,0,0.10591401077772589,1.9339038343592114,4.732104106755626
2004-11-05,-8.865735242305135,1.84567399690863,0,0.11683620031034518,2.0076897796144877,4.775394334348809
2004-11-08,-8.878536483854475,0.70533981227675,0,0.07504454592600873,2.084637702962131,4.795116228342033
2004-11-09,-9.025278454705875,-0.74172477597216,0,-0.050761495790614,2.0770467330860027,5.4001026712686535
2004-11-10,-9.070025959034725,1.4464381828234798,0,-0.08305274092854667,2.086502449956777,5.532105874141528
2004-11-11,-9.070025959034725,3.8496641221253998,0,-0.08305274092854667,2.086502449956777,5.532105874141528
2004-11-12,-9.070025959034725,0.22095984142088002,0,-0.08305274092854667,2.086502449956777,5.532105874141528
2004-11-15,-9.077661659742187,-0.69424196129483,0,-0.08817115096291807,2.0586441064256444,5.602843358817461
2004-11-16,-8.838296735749385,-2.13978867092604,0,0.01700241783612791,1.9247921153932641,5.265399942342356
2004-11-17,-9.10547041026565,3.48601198033251,0,-0.01612865782402892,2.0612636270957463,5.39336438161517
2004-11-18,-9.141838670263777,0.19804177872648002,0,-0.04500475764209391,2.112691222075382,5.435286868672504
2004-11-19,-8.605119312580246,-2.5298171842789605,0,0.13206598258004248,1.7550476188882436,4.9774754358427025
2004-11-22,-8.642549203960119,-1.1721538626263999,0,0.1646001432692964,1.8160281579872546,4.770399729735035
2004-11-23,-8.680118790580707,-1.9067586293932397,0,0.06110971430310698,1.9891938228438388,4.833971441777425
2004-11-24,-8.680118790580707,-0.58330731187007,0,0.06110971430310698,1.9891938228438388,4.833971441777425
2004-11-25,-8.677485445687758,3.0558755598282903,0,0.06602907365591358,1.9862684298087774,4.819355995978532
2004-11-26,-8.7462041972966,-1.00582320053906,0,0.013418936823336025,2.043960715314637,4.964561500208946
2004-11-29,-8.964407131196978,0.31229441113195994,0,0.008573108547981807,2.1353202372348354,5.031248543087763
2004-11-30,-8.98382073757214,-2.22282555191705,0,-0.020220771300430485,2.19815791621678,5.0398765768749225
2004-12-01,-9.066129309238637,4.94131225219833,0,-0.09094153055123658,2.218273387174324,5.331079064006203
2004-12-02,-9.117562739325365,2.9239016352055702,0,-0.12115736842113117,2.2311776586702803,5.459834159759378
2004-12-03,-9.117562739325365,-1.0121357779388902,0,-0.12115736842113117,2.2311776586702803,5.459834159759378
2004-12-06,-9.117562739325365,-0.62909908762145,0,-0.12115736842113117,2.2311776586702803,5.459834159759378
2004-12-07,-9.175045641273798,0.6348956352631799,0,-0.1579000176497245,2.3076166418880835,5.511693293727587
2004-12-08,-8.930945728396825,1.8781384710397,0,-0.06968966992327458,2.183069721834105,5.1848701512722295
2004-12-09,-9.186875412176368,-3.1357280361035302,0,-0.11129857355868991,2.3300324925525455,5.333748137310369
2004-12-10,-9.171531756293925,1.4259011515996,0,-0.0781747109104674,2.2281649650549618,5.376942353282166
2004-12-13,-8.643260178221565,2.85476406674175,0,0.11517929306226962,1.8449002123639484,4.890463650537171
2004-12-14,-8.648621227874914,2.7416148503759303,0,0.15362986348558239,1.8410000450499702,4.764264719345233
2004-12-15,-8.638583828190235,-0.67343662704824,0,0.139889251575987,1.8312392456786148,4.825169910661194
2004-12-16,-8.638583828190235,0.85627675659162,0,0.139889251575987,1.8312392456786148,4.825169910661194
2004-12-17,-8.637724335569061,-4.390732732936691,0,0.1467593858695676,1.8267660055351804,4.808621065344605
2004-12-20,-8.664916489866679,1.9964875654904501,0,0.08743543818519636,1.8008959325487588,5.0961259016788585
2004-12-21,-8.894099655939232,0.68673877082207,0,0.09491977523266228,1.878511700067167,5.145241932439355
2004-12-22,-8.956650808697294,2.54140550120478,0,-0.0031090000222722238,2.0692837152162156,5.185633009280153
2004-12-23,-9.010063274583512,-0.26967436194190997,0,-0.032682850903305076,2.014992147963945,5.435364110046525
2004-12-24,-9.050864618667916,0.0,0,-0.06566957010501993,2.021935767847727,5.5687843409442905
2004-12-27,-9.050864618667916,-1.42147373858543,0,-0.06566957010501993,2.021935767847727,5.5687843409442905
2004-12-28,-9.050864618667916,1.31435383058977,0,-0.06566957010501993,2.021935767847727,5.5687843409442905
2004-12-29,-9.12387262579217,-1.33256692122241,0,-0.12256100519587201,2.1292521759597216,5.637546193879583
2004-12-30,-8.890624884854304,0.42536380128261003,0,-0.04106646126243221,2.027713411288641,5.320502973665265
2004-12-31,-9.14858587479079,0.0,0,-0.074282655314869,2.161747873336327,5.454294051467567
2005-01-03,-9.184017583759257,3.19216955067742,0,-0.09484457443820965,2.2021720044487276,5.488906490081941
2005-01-04,-8.663039589374431,-0.036496086899630215,0,0.046925961870526826,1.8934282228073722,5.049970666968244
2005-01-05,-8.662827224699045,-3.6957351519946195,0,0.0623236696846936,1.9206160983261122,4.94507712928656
2005-01-06,-8.655509108345816,1.46817618436111,0,0.05901201819161059,1.8963537372124428,4.9960198902655595
2005-01-07,-8.655509108345816,-0.09549860712871,0,0.05901201819161059,1.8963537372124428,4.9960198902655595
2005-01-10,-8.653733398019865,-0.0531803992414,0,0.06226198023520482,1.896575046125464,4.982730604763707
2005-01-11,-8.717457635774185,-3.11027752336233,0,0.022835184309410946,1.9301818158148973,5.115292359581739
2005-01-12,-8.936838954897938,-3.21846461646121,0,0.02234157015259078,2.01606067947053,5.176112227694522
2005-01-13,-8.936838954897938,-1.4612802088113097,0,0.02234157015259078,2.01606067947053,5.176112227694522
2005-01-14,-9.103596161958547,2.01660140010141,0,-0.12297844544728752,2.284455302918606,5.364521453624739
2005-01-17,-9.095512387124899,2.91998007160059,0,-0.10197718671710887,2.152315999192963,5.506817605749852
2005-01-18,-9.095512387124899,0.16388880564572006,0,-0.10197718671710887,2.152315999192963,5.506817605749852
2005-01-19,-9.095512387124899,-1.38986296247045,0,-0.10197718671710887,2.152315999192963,5.506817605749852
2005-01-20,-9.143997271555204,-1.4119068827761,0,-0.1395561422197713,2.2616821443398964,5.495643174749343
2005-01-21,-8.896319252755958,0.4782213967937298,0,-0.04172384316416743,2.122939690205205,5.160752196160533
2005-01-24,-9.156019878954602,-0.03451017742721002,0,-0.08249354402416705,2.269915516931467,5.305182863840155
2005-01-25,-9.171922058554808,2.4864863043265,0,-0.08551350232851906,2.240900976915994,5.38051605475012
2005-01-26,-8.640940567118216,-2.0465602144596797,0,0.07841381848390805,1.8924938518972596,4.922196399086378
2005-01-27,-8.637059306365314,2.15226195707179,0,0.1053789649990117,1.9000215724036436,4.807746370267296
2005-01-28,-8.63188150076552,-1.18835723145485,0,0.09594014458561828,1.8862432493183778,4.8639807884865185
2005-01-31,-8.63188150076552,-2.7412763523831605,0,0.09594014458561828,1.8862432493183778,4.8639807884865185
2005-02-01,-8.629448785455187,4.10749382454606,0,0.1006050572047138,1.8839848248799365,4.849500954872688
2005-02-02,-8.696919232853002,-2.0365772379392,0,0.050429739010089986,1.9361637498629347,4.990277839383378
2005-02-03,-8.920783303912543,-2.15182902906713,0,0.052625345237901223,2.0195691844485486,5.046581659203795
2005-02-04,-8.920783303912543,4.01224376341089,0,0.052625345237901223,2.0195691844485486,5.046581659203795
2005-02-07,-8.84573045721771,3.2858656192224096,0,0.008456518479689295,2.113936900909525,4.952374847446862
2005-02-08,-8.856474521953276,-0.7732582623142901,0,0.027295549968904896,2.006714910115625,5.096068826681988
2005-02-09,-8.856474521953276,0.42941211501144,0,0.027295549968904896,2.006714910115625,5.096068826681988
2005-02-10,-8.856474521953276,2.2613901186197802,0,0.027295549968904896,2.006714910115625,5.096068826681988
2005-02-11,-8.909069026154427,2.6625617130407395,0,-0.04385310120231253,2.187331293571506,5.067581186181668
2005-02-14,-8.629259535995562,-0.54427844656767,0,0.10530956022314311,1.9479718620340094,4.7035643100871
2005-02-15,-8.918525795337478,-0.6191220573233299,0,0.09407677005331581,2.067279456073875,4.796221263096963
2005-02-16,-8.940983536602923,-2.74387095942781,0,0.07409095653730544,2.0713778121135205,4.8871511669610594
2005-02-17,-8.332759545958051,0.6620592313087701,0,0.20462171053911382,1.7208958215433738,4.5189583556197555
2005-02-18,-8.35742872178319,0.6995427101430599,0,0.2376395052683679,1.7524053851635562,4.346718324319502
2005-02-21,-8.354844950626758,0.7436617770412299,0,0.2073558504154852,1.7717420765732372,4.41792186578473
2005-02-22,-8.354844950626758,-3.6818256722415703,0,0.2073558504154852,1.7717420765732372,4.41792186578473
2005-02-23,-8.293198665812664,-1.9787498502845902,0,0.22377989630977113,1.6765933079289743,4.507649420423835
2005-02-24,-8.38515842953221,0.28314767612775993,0,0.1735257016942694,1.7442488436366008,4.634027721871963
2005-02-25,-7.925362667310474,2.67467814354027,0,0.025474125648889685,1.719796235981107,4.708019561421898
2005-02-28,-7.925362667310474,-1.49746148838767,0,0.025474125648889685,1.719796235981107,4.708019561421898
2005-03-01,-7.819586622169915,2.20671336129562,0,-0.06218763122583726,1.8311953227828175,4.6561364332269015
2005-03-02,-7.849304139263577,3.8342838611961203,0,-0.04884933157567208,1.7460598104220872,4.796568128999969
2005-03-03,-7.849304139263577,-0.03438687132769,0,-0.04884933157567208,1.7460598104220872,4.796568128999969
2005-03-04,-7.849304139263577,2.23304137328837,0,-0.04884933157567208,1.7460598104220872,4.796568128999969
2005-03-07,-7.887162371342838,0.31045698019165,0,-0.15509112245163154,1.9402222633273132,4.799511701086688
2005-03-08,-7.588344838158511,-1.2811661994151398,0,0.06023789787644684,1.6429284648344726,4.414285088833871
2005-03-09,-7.9048338403246525,-2.24479880425893,0,0.10878081880027443,1.714568625083239,4.438174010028132
2005-03-10,-7.934121497128052,3.02357181166657,0,0.08092888564576897,1.7293846635700696,4.527877576832305
2005-03-11,-7.277976679703037,3.80621387983176,0,0.1459290252958064,1.4351871185077456,4.2720492870226305
2005-03-14,-7.277161479111552,-1.04419504054066,0,0.18358501262997645,1.458889267045958,4.109163857502434
2005-03-15,-7.286052720700784,-1.6642905623096698,0,0.1496478751958736,1.4797979482014725,4.175664790792032
2005-03-16,-7.286052720700784,-4.36821703849418,0,0.1496478751958736,1.4797979482014725,4.175664790792032
2005-03-17,-7.31287108907536,0.74496659899297,0,0.1091931962860883,1.5116063032775817,4.255387525281605
2005-03-18,-7.411005412682288,1.2704318285948102,0,0.05087936694397355,1.58425023648775,4.376810647935607
2005-03-21,-7.411005412682288,-0.43305252780925996,0,0.05087936694397355,1.58425023648775,4.376810647935607
2005-03-22,-7.411005412682288,2.79744011284983,0,0.05087936694397355,1.58425023648775,4.376810647935607
2005-03-23,-7.540071783743566,-1.3169717109078198,0,0.10082969923188528,1.6405524763145103,4.247839913262423
2005-03-24,-7.5937814320533015,1.60350423651703,0,0.08925031599902825,1.6067022549779653,4.4043926910650235
2005-03-25,-7.593735824856076,0.0,0,0.09003744522312379,1.6056753731721876,4.404029514745229
2005-03-28,-7.593735824856076,0.0,0,0.09003744522312379,1.6056753731721876,4.404029514745229
2005-03-29,-7.611811638881379,-1.7048635958191,0,0.022216121298694737,1.7424956582659963,4.361763754277128
2005-03-30,-7.611811638881379,1.11787681299704,0,0.022216121298694737,1.7424956582659963,4.361763754277128
2005-03-31,-7.9094677331178715,-1.40013474056848,0,0.08873395410416962,1.7329733122352908,4.471091010989723
2005-04-01,-7.938821925477345,1.7569313068982,0,0.06226567786551174,1.7456784290069924,4.559882365184556
2005-04-04,-7.290280660480465,-1.7695139576180998,0,0.13430636792412304,1.446254668172096,4.294530131675736
2005-04-05,-7.289193979446809,1.83858085806436,0,0.1689864553083446,1.4738221397805988,4.133436523031088
2005-04-06,-7.298142879066538,1.36099963265415,0,0.13648207631211295,1.4929833800435197,4.199190910722562
2005-04-07,-7.298142879066538,0.8619393934604501,0,0.13648207631211295,1.4929833800435197,4.199190910722562
2005-04-08,-7.298142879066538,0.50839683532829,0,0.13648207631211295,1.4929833800435197,4.199190910722562
2005-04-11,-7.397944628115873,0.1566784813606,0,0.07417840019771704,1.5716073319876527,4.32194698854816
2005-04-12,-7.397944628115873,-1.49972674640542,0,0.07417840019771704,1.5716073319876527,4.32194698854816
2005-04-13,-7.397944628115873,1.15582941838147,0,0.07417840019771704,1.5716073319876527,4.32194698854816
2005-04-14,-7.202648531405201,-0.98302814380169,0,0.2614549434785248,1.3901357719098657,3.9456992447781007
2005-04-15,-7.295515789627986,-6.13998561522885,0,0.30104043264736824,1.3284144107423907,4.0585605010096835
2005-04-18,-7.469681346176186,-8.6788815915778,1,0.18851320881513572,1.484292740276774,4.231147408978469
2005-04-19,-7.851316419819057,1.33728257105419,0,0.247360082064069,1.5566646108838642,4.254457578598556
2005-04-20,-7.840978533852004,-2.7671358466322302,0,0.15945713547587204,1.7044682392204282,4.224575164178551
2005-04-21,-7.840978533852004,-1.12131891743324,0,0.15945713547587204,1.7044682392204282,4.224575164178551
2005-04-22,-7.7157909096081525,2.04538468148319,0,-0.004217657766149335,1.7503736383775186,4.5291742174616285
2005-04-25,-7.74520024681188,0.43548268695505,0,-0.03651272726018108,1.7661049256326007,4.622870454503678
2005-04-26,-7.118701748096514,-0.93810844444099,0,0.07084546732765552,1.4343581862588044,4.320057542828817
2005-04-27,-7.113435813437536,-3.8586800391628997,0,0.09936831992642411,1.4709090981136885,4.165700380289435
2005-04-28,-7.122303205734886,-1.46234674392667,0,0.06707661877199139,1.4870584070623654,4.231017393628214
2005-04-29,-7.122303205734886,2.87289376331826,0,0.06707661877199139,1.4870584070623654,4.231017393628214
2005-05-02,-7.122303205734886,3.3801795254429203,0,0.06707661877199139,1.4870584070623654,4.231017393628214
2005-05-03,-7.214323958435763,2.04512146510393,0,-0.008250979238234278,1.570742618302754,4.365231736178924
2005-05-04,-7.214323958435763,0.20323107166659998,0,-0.008250979238234278,1.570742618302754,4.365231736178924
2005-05-05,-7.214323958435763,1.7366260434880598,0,-0.008250979238234278,1.570742618302754,4.365231736178924
2005-05-06,-7.031397997844065,2.06792451816774,0,0.19967953072928668,1.3871926117616225,3.971841739032926
2005-05-09,-7.1171897509313204,-0.61462010409574,0,0.23132326590883534,1.3312439979782318,4.089165769442028
2005-05-10,-7.117281206221007,-2.08033858960926,0,0.23254498819953073,1.3299159317477778,4.088660925679713
2005-05-11,-7.117281206221007,0.9114505454590999,0,0.23254498819953073,1.3299159317477778,4.088660925679713
2005-05-12,-7.128826651114296,3.48311516860521,0,0.1587582631388831,1.4581736988964893,4.037061887761229
2005-05-13,-7.128826651114296,0.9599772589374701,0,0.1587582631388831,1.4581736988964893,4.037061887761229
2005-05-16,-7.215489315130892,-2.11167947061591,0,-0.0943130061943191,1.831072725717609,4.141610547856892
2005-05-17,-7.264907998844571,0.0057093395798500125,0,-0.12850575828031618,1.86263611786963,4.231017352518053
2005-05-18,-7.111341047176525,6.011308367687319,0,-0.04535999825865347,1.732391356548641,4.072968543305398
2005-05-19,-7.0608786017892315,2.90663769900392,0,0.013809024599216587,1.704946840332787,3.9053346117158663
2005-05-20,-7.082488134043317,1.1915742315548699,0,-0.013517315068414998,1.7267566164746844,3.965396330154302
2005-05-23,-7.082488134043317,1.0379063660635302,0,-0.013517315068414998,1.7267566164746844,3.965396330154302
2005-05-24,-7.207643317996629,-0.03699076002554999,0,0.03677481259853681,1.5435549695076933,4.2897482356390535
2005-05-25,-7.176130634504041,-1.18282021230551,0,0.05293674108086956,1.5208295104765357,4.25783301686975
2005-05-26,-7.176130634504041,1.13527686776035,0,0.05293674108086956,1.5208295104765357,4.25783301686975
2005-05-27,-7.176130634504041,0.7092827542494701,0,0.05293674108086956,1.5208295104765357,4.25783301686975
2005-05-30,-7.011722787334188,1.64469551206739,0,0.24265349469455316,1.3479049764412951,3.911585799976148
2005-05-31,-6.772172764696868,0.016047577991280013,0,0.3408004665683225,1.1380005915160725,3.8864278268484314
2005-06-01,-6.772236110986321,6.2918223687880594,0,0.342065121604342,1.1366993426018857,3.8861133467458995
2005-06-02,-6.772236110986321,2.4306656588854296,0,0.342065121604342,1.1366993426018857,3.8861133467458995
2005-06-03,-6.831023297120673,-2.1033061633250196,0,0.19091205226702465,1.4390515581877619,3.6839118396153028
2005-06-06,-6.831023297120673,1.8311677548855,0,0.19091205226702465,1.4390515581877619,3.6839118396153028
2005-06-07,-6.915352194186228,4.80167131460926,0,0.05794482474225411,1.678401833295716,3.679668893161764
2005-06-08,-6.978004363686434,-1.2331117036576502,0,0.02167581313335163,1.724637162286369,3.7628639784151106
2005-06-09,-6.797339542633799,0.9822698598867601,0,0.06552686339000631,1.6172882290548591,3.657387703848323
2005-06-10,-6.7192627983058735,1.77213938572519,0,0.14680433559570855,1.5422360332987308,3.486427056749367
2005-06-13,-6.7503759338143245,1.56482780975798,0,0.11559379112481767,1.5759829493141673,3.543339290198583
2005-06-14,-6.7503759338143245,-1.66342516081226,0,0.11559379112481767,1.5759829493141673,3.543339290198583
2005-06-15,-6.962453629865374,-4.6168128791829,0,0.07429723204159841,1.5578771161068254,3.912990590050481
2005-06-16,-6.925134766654651,1.9788054844404699,0,0.11748401059755098,1.380234793822092,4.1114067217283115
2005-06-17,-6.925134766654651,-0.18794448097100006,0,0.11748401059755098,1.380234793822092,4.1114067217283115
2005-06-20,-6.925134766654651,-0.57911372449694,0,0.11748401059755098,1.380234793822092,4.1114067217283115
2005-06-21,-6.7116643973298675,2.6730204695642,0,0.2582302363321687,1.2373302521275686,3.8219243432647128
2005-06-22,-6.662142179063331,1.1097040778863798,0,0.35724359941329137,1.0926018983754835,3.845109297849437
2005-06-23,-6.662332638781297,1.88496969235395,0,0.35853974619779827,1.0913611259869787,3.844802967631728
2005-06-24,-6.662332638781297,-6.69828802569254,1,0.35853974619779827,1.0913611259869787,3.844802967631728
2005-06-27,-7.0132193857905305,-3.54096957003191,0,0.19102694760337086,1.501931983080087,3.7282276706722657
2005-06-28,-7.0132193857905305,2.28002403113366,0,0.19102694760337086,1.501931983080087,3.7282276706722657
2005-06-29,-7.077047314259261,1.65477806612974,0,0.03585415136133742,1.7611202896536136,3.750703110906355
2005-06-30,-7.257571530707548,-0.94432467219864,0,-0.14821893166127387,1.9779412563080383,4.090984171090554
2005-07-01,-7.0893469400513816,2.6665403637507,0,-0.03036580727061157,1.8071151811251693,3.8767024873121034
2005-07-04,-7.032186715839957,1.60400908442003,0,0.06427261871892959,1.7286355213737137,3.6799752259191196
2005-07-05,-7.053817677461934,-0.71525990757518,0,0.02420745545207681,1.7678055374131318,3.750514824133873
2005-07-06,-7.053817677461934,-0.21450236861243005,0,0.02420745545207681,1.7678055374131318,3.750514824133873
2005-07-07,-7.23145073145919,-6.818418885662441,0,-0.06619478549021704,1.77290028430264,4.17968292489252
2005-07-08,-7.046501734477705,5.91239460274917,0,0.083610590231919,1.583115447611566,3.920511478470453
2005-07-11,-7.046501734477705,4.56663416130466,0,0.083610590231919,1.583115447611566,3.920511478470453
2005-07-12,-7.046501734477705,-1.0579052387005998,0,0.083610590231919,1.583115447611566,3.920511478470453
2005-07-13,-6.817462621317777,2.2588762585727595,0,0.24580414110856647,1.3884350587420242,3.6142171715864864
2005-07-14,-6.792329168153776,1.75350307540169,0,0.21870259107781703,1.376091766875982,3.7006228991191334
2005-07-15,-6.792046304231665,1.37665325441363,0,0.2186740088502864,1.3758700602266027,3.7009242483345712
2005-07-18,-6.792046304231665,0.8887396195850599,0,0.2186740088502864,1.3758700602266027,3.7009242483345712
2005-07-19,-6.832159240397912,2.4731791787384596,0,0.3588899019430115,1.354587155822299,3.3338273758885846
2005-07-20,-6.832159240397912,1.30313722875401,0,0.3588899019430115,1.354587155822299,3.3338273758885846
2005-07-21,-6.850853703438787,2.67308899949526,0,0.2591572636376769,1.5245957415228826,3.2869610017438227
2005-07-22,-7.1246890106699965,-0.15794668406412002,0,-0.04969387735241121,1.8367452589199527,3.9158425838323456
2005-07-25,-6.585598754333201,1.3983487627242799,0,-0.043219842486712415,1.6175013930290898,3.743248876772866
2005-07-26,-6.509375015316703,-2.7073193698380997,0,0.02925339229821925,1.5616374176854757,3.5777198118784304
2005-07-27,-6.539228154271522,-0.18052449107852997,0,-0.0012045261299670179,1.590716515387113,3.6352949280668376
2005-07-28,-6.539228154271522,-0.9570097284873201,0,-0.0012045261299670179,1.590716515387113,3.6352949280668376
2005-07-29,-6.740792304089965,-1.40657603222134,0,-0.050958850847801815,1.564038423247632,4.011480755187138
2005-08-01,-6.510335424643024,1.0309824853901601,0,0.04642558333682695,1.4135500200980187,3.814228057588505
2005-08-02,-6.756196921069639,3.0495231606732998,0,0.0014267612435096395,1.5409474781476251,3.9363473998890006
2005-08-03,-6.756196921069639,-3.39681982387653,0,0.0014267612435096395,1.5409474781476251,3.9363473998890006
2005-08-04,-6.527913767971895,-3.64968161310217,0,0.1670217744939918,1.355957507011529,3.6300023802638504
2005-08-05,-6.511819574351596,-2.53624526983544,0,0.14887394239105572,1.3347272322780745,3.708429203713771
2005-08-08,-6.511501458540778,2.25819415963604,0,0.1488390496001671,1.3344814268847047,3.708720777782725
2005-08-09,-6.511501458540778,3.7551734360625,0,0.1488390496001671,1.3344814268847047,3.708720777782725
2005-08-10,-6.521030748402397,-0.95633670333628,0,0.2689189812282871,1.3388135418650078,3.36112372028945
2005-08-11,-6.521030748402397,-2.0471152693506403,0,0.2689189812282871,1.3388135418650078,3.36112372028945
2005-08-12,-6.54141148213769,-1.7942353059640697,0,0.16631959733502055,1.5083636921196275,3.3199547102617046
2005-08-15,-6.530638351583997,-2.50547143434273,0,-0.0026137912719847384,1.574011637824759,3.660896485522149
2005-08-16,-6.530638351583997,-3.6800927362334,0,-0.0026137912719847384,1.574011637824759,3.660896485522149
2005-08-17,-6.350919281462541,0.02972310956324,0,0.10590142112280601,1.4477631395926882,3.4316520918516282
2005-08-18,-6.3850764458614035,-0.4599149223902799,0,0.07653249921928243,1.4786474617316148,3.484647347545761
2005-08-19,-6.3850764458614035,4.2360066614535405,0,0.07653249921928243,1.4786474617316148,3.484647347545761
2005-08-22,-6.608967352725363,1.13984918605654,0,0.04622493262402004,1.454511867126064,3.835247983174482
2005-08-23,-6.353803810917018,-0.08076333033354999,0,0.11843708489631323,1.3140149396803535,3.6726529109681625
2005-08-24,-6.6215857598436685,-1.36678567846643,0,0.10495877569388545,1.4205398065952033,3.7597569940412807
2005-08-25,-6.6215857598436685,-4.115237976365919,0,0.10495877569388545,1.4205398065952033,3.7597569940412807
2005-08-26,-6.3931422069981965,-4.7562864700236895,0,0.20833987955101885,1.279550468441166,3.5471806694091335
2005-08-29,-6.449498032491145,1.43076289207331,0,0.15954827374321082,1.305426947636711,3.6795064549125795
2005-08-30,-6.449274368137818,-1.15893837847122,0,0.15950786787435006,1.3052355388995287,3.6797961603079465
2005-08-31,-6.449274368137818,2.97981477132683,0,0.15950786787435006,1.3052355388995287,3.6797961603079465
2005-09-01,-6.454105378979749,0.54332358789907,0,0.27804222843351845,1.3092726064614078,3.335896576962477
2005-09-02,-6.454105378979749,0.9115929650593401,0,0.27804222843351845,1.3092726064614078,3.335896576962477
2005-09-05,-6.481620495991247,4.57474277037067,0,0.18141044082034075,1.4739207812188666,3.2876875122213676
2005-09-06,-6.439710585998482,2.72151974936624,0,0.06741727984266777,1.5119117730268261,3.4991684496481925
2005-09-07,-6.439710585998482,3.34119367689656,0,0.06741727984266777,1.5119117730268261,3.4991684496481925
2005-09-08,-6.428017228460179,-0.49949648085924,0,0.10079200284820644,1.4942984762497744,3.4293917774127
2005-09-09,-6.448766011863503,2.52544517328072,0,0.05325737506446288,1.521449079397634,3.5284101737377895
2005-09-12,-6.464470949203626,-0.06665599850968007,0,0.03570264089916231,1.5370302274332537,3.56178672260944
2005-09-13,-6.676308170549019,-6.58368799023995,0,-0.0068017920929390185,1.5135588570241505,3.9273091530737823
2005-09-14,-6.6619825027173425,0.23516370301737,0,0.05694624917607674,1.4682829950421759,3.8340006762152745
2005-09-15,-6.898470465849467,-0.43105500461342006,0,-0.015019430914933874,1.6172769749765223,3.982995313194423
2005-09-16,-6.898470465849467,5.14379184025577,0,-0.015019430914933874,1.6172769749765223,3.982995313194423
2005-09-19,-6.696153200281279,-1.5844110197788701,0,0.19926379669039948,1.3906214604096516,3.6302699153677396
2005-09-20,-6.676105695837306,4.06276097858896,0,0.17574396409783277,1.3748294375953813,3.713119418680739
2005-09-21,-6.676022505162839,-5.6499109033957495,0,0.17569211261342374,1.3747091316181224,3.713443380712547
2005-09-22,-6.677556800807944,-2.96611224371201,0,0.17311465878795684,1.3768922566775967,3.7176230437780333
2005-09-23,-6.7110630716514565,-0.27945644604586,0,0.31734516197173634,1.3572740129083731,3.349452933356708
2005-09-26,-6.7110630716514565,8.89269337748168,0,0.31734516197173634,1.3572740129083731,3.349452933356708
2005-09-27,-6.713045139743734,-2.7682822698376297,0,0.1993672003147655,1.5387300786004663,3.320288920665943
2005-09-28,-6.439886978312797,4.868207386554089,0,0.13980352264754006,1.4581234472688758,3.403705793836379
2005-09-29,-6.439886978312797,-1.7416911643787003,0,0.13980352264754006,1.4581234472688758,3.403705793836379
2005-09-30,-6.430373521365116,2.1883878959754903,0,0.1807441738570606,1.4317059743073886,3.3299106872216067
2005-10-03,-6.485110936643487,1.91763528359047,0,0.09367288325675441,1.5050433349958983,3.485084894491534
2005-10-04,-6.563033371123916,4.40820843221784,0,0.03926523064591858,1.5723923499303738,3.5837743698036966
2005-10-05,-6.770059589270512,-5.74395878709517,0,-0.013825597935002947,1.5567022677850018,3.9607332564817246
2005-10-06,-6.535822156161527,-3.56256558002329,0,0.0873206477153263,1.398906663575386,3.763942186663071
2005-10-07,-6.787934146924484,-0.37783915051478,0,0.04777785180068708,1.523384929095863,3.878691117532811
2005-10-10,-6.787934146924484,-0.66603578317077,0,0.04777785180068708,1.523384929095863,3.878691117532811
2005-10-11,-6.235646449057788,0.24411478832534003,0,0.1396493393734191,1.2770743579700892,3.5768457338982946
2005-10-12,-6.223694510310447,-2.85541421176395,0,0.12243828908057416,1.2551053677869903,3.653019227448619
2005-10-13,-6.223662549530673,-0.27125616038041,0,0.12239407262371785,1.2549857563267166,3.6533399748553474
2005-10-14,-6.225722563175337,0.34405921947789997,0,0.12031351465519341,1.2566793020323788,3.6570004024429323
2005-10-17,-6.213005201457704,-0.46777034833104003,0,0.23003770804813722,1.2711905521017095,3.3252100039579524
2005-10-18,-6.213005201457704,-1.5981523274116602,0,0.23003770804813722,1.2711905521017095,3.3252100039579524
2005-10-19,-6.242117705866777,-5.5756757848596,0,0.1320304971184243,1.4339597393482006,3.2782552095171016
2005-10-20,-6.1143288290643785,-1.40527623531167,0,0.06308309931900757,1.3993932793818677,3.4035970525577084
2005-10-21,-6.1143288290643785,-2.03829009054003,0,0.06308309931900757,1.3993932793818677,3.4035970525577084
2005-10-24,-6.098331876011741,3.9918758745270995,0,0.09673545292512786,1.3814842852723008,3.336656832586
2005-10-25,-6.163404670938224,-3.9349643158215297,0,0.022476887200439687,1.4388111527667373,3.4791356463233116
2005-10-26,-6.245460191924457,0.7131603331326599,0,-0.02425674710313764,1.497006686383767,3.569345133607039
2005-10-27,-6.459677485153431,-4.9059923920292805,0,-0.06165761638721652,1.465736631274901,3.9263657100361
2005-10-28,-6.218765990987503,1.39665137724876,0,0.020025630489465637,1.3260593745359426,3.7504194201647483
2005-10-31,-6.47105812993629,4.43543404244814,0,-0.008503622496580394,1.443235377412293,3.8538477132954676
2005-11-01,-6.47105812993629,-0.15725653804240997,0,-0.008503622496580394,1.443235377412293,3.8538477132954676
2005-11-02,-6.47105812993629,1.43965084641276,0,-0.008503622496580394,1.443235377412293,3.8538477132954676
2005-11-03,-6.458758455749962,0.16488365579488987,0,0.0002899797448735999,1.3933560588513276,3.9116410839830973
2005-11-04,-6.458747848459156,-3.1349695271430402,0,0.00039505021736364193,1.3930793796761622,3.91189171783794
2005-11-07,-6.460282194940028,3.82759863279587,0,-0.0014008533677063845,1.3940981330909117,3.9157420921734287
2005-11-08,-6.447148150238123,0.3676767589121601,0,0.02070865353133705,1.4843245688934554,3.6824687143666797
2005-11-09,-6.447148150238123,3.6090500016797296,0,0.02070865353133705,1.4843245688934554,3.6824687143666797
2005-11-10,-6.49026297145474,0.06947657649783992,0,-0.0686977149322185,1.6561737484793024,3.645800633527526
2005-11-11,-6.3512728359310096,7.11232832733981,0,-0.06603618466969899,1.5373103524561305,3.7046600705300907
2005-11-14,-6.3512728359310096,2.0925152245583103,0,-0.06603618466969899,1.5373103524561305,3.7046600705300907
2005-11-15,-6.33959017361475,1.17102811374581,0,-0.05263576034486436,1.543797156070871,3.6496603616496945
2005-11-16,-6.391327561068723,0.34476751660194,0,-0.09400974202535882,1.5570676828323173,3.7767259014339287
2005-11-17,-6.461082192722999,2.51441010087069,0,-0.13066992960844798,1.5956957066998703,3.8669207663302974
2005-11-18,-6.618067247095389,2.9589326595541,0,-0.13961595932605253,1.4861339211726308,4.220887331360646
2005-11-21,-6.402845066483817,3.0234095901376903,0,-0.06278195507528424,1.3719056968696244,4.034095104337878
2005-11-22,-6.634867824464115,-1.33696305576882,0,-0.11107489028790182,1.4937203872556215,4.1642449941024005
2005-11-23,-6.634867824464115,-1.3056485538974,0,-0.11107489028790182,1.4937203872556215,4.1642449941024005
2005-11-24,-6.634867824464115,-0.95138392523195,0,-0.11107489028790182,1.4937203872556215,4.1642449941024005
2005-11-25,-6.567691008571692,0.22516816512250004,0,-0.08470635101337848,1.4526927540867067,4.108097064513673
2005-11-28,-6.567511179668177,-0.62871897575493,0,-0.0845835952786568,1.4523434326515918,4.108239944689904
2005-11-29,-6.568883104462017,0.9413917885537701,0,-0.08566879959388296,1.452487876747817,4.111741869738443
2005-11-30,-6.570096898832186,-0.09497787299616997,0,-0.10184606901384044,1.5971170267820334,3.906811865245583
2005-12-01,-6.570096898832186,3.9079234048320597,0,-0.10184606901384044,1.5971170267820334,3.906811865245583
2005-12-02,-6.6188323552829536,2.4570641065148697,0,-0.16890150276241497,1.7554452276591757,3.8585510112377954
2005-12-05,-6.262420486187807,-1.5783870404630003,0,0.0036218962746875343,1.4743397150103839,3.5590381624326044
2005-12-06,-6.262420486187807,1.24081042799102,0,0.0036218962746875343,1.4743397150103839,3.5590381624326044
2005-12-07,-6.249006479746122,-1.9165905370747398,0,0.028028006630753007,1.4678145368405393,3.4965951746400354
2005-12-08,-6.306089972835302,1.45037973437556,0,-0.03358080067991159,1.5064602736183041,3.6357222555403084
2005-12-09,-6.381588623972389,1.06642575322738,0,-0.07900439983053195,1.5582968617149828,3.7297550691041237
2005-12-12,-6.5637727277078675,0.7305701665663201,0,-0.10146254681778744,1.4853227683200227,4.086069777382841
2005-12-13,-6.402356081561569,1.1343497994172198,0,-0.08816433234624232,1.5332501694044418,3.814342914684076
2005-12-14,-6.636013642089491,0.99976806568568,0,-0.14557200836258077,1.669851348388717,3.9564789543088805
2005-12-15,-6.636013642089491,-0.9960396040509402,0,-0.14557200836258077,1.669851348388717,3.9564789543088805
2005-12-16,-6.636013642089491,3.1774203043078098,0,-0.14557200836258077,1.669851348388717,3.9564789543088805
2005-12-19,-6.567384450728546,-0.10942777241011015,0,-0.11512099340350165,1.6215106433248971,3.894953299056562
2005-12-20,-6.567277531235247,0.74335126914892,0,-0.11508707986938298,1.6212506141275316,3.8951950325038567
2005-12-21,-6.569097317560782,2.16790374650417,0,-0.11649704198925097,1.6221700553646659,3.898820617892805
2005-12-22,-6.518803166950065,-1.08072749962733,0,-0.06560855783825689,1.6635311860706978,3.653793444554905
2005-12-23,-6.518803166950065,1.7638333144929998,0,-0.06560855783825689,1.6635311860706978,3.653793444554905
2005-12-26,-6.542074692266904,0.0,0,-0.11436719955249317,1.786321124003575,3.596059709311054
2005-12-27,-6.240429691089094,1.7765255540862703,0,0.04524142746240904,1.513541082042647,3.3567718785208545
2005-12-28,-6.240429691089094,0.39688971084136,0,0.04524142746240904,1.513541082042647,3.3567718785208545
2005-12-29,-6.226569382460749,2.11488330986283,0,0.09217647339453043,1.4811004201764248,3.278417356858508
2005-12-30,-6.285851297082363,-4.23406316611631,0,-0.008504544749997078,1.5662380669580975,3.445586152282768
2006-01-02,-6.422142983884421,2.61412516177008,0,-0.10581682461350109,1.5843078525889829,3.78948466783452
2006-01-03,-6.595633952542743,1.29917215827819,0,-0.12567297103895178,1.4996779375933107,4.146849172790958
2006-01-04,-6.513798098139987,4.1688459447315,0,-0.18121440821575036,1.7072698027716653,3.85771317099333
2006-01-05,-6.732345102245449,-1.81029022660404,0,-0.2364870462296899,1.8350802704227638,4.0093185301573735
2006-01-06,-6.732345102245449,1.55244408219245,0,-0.2364870462296899,1.8350802704227638,4.0093185301573735
2006-01-09,-6.732345102245449,-0.85327828195517,0,-0.2364870462296899,1.8350802704227638,4.0093185301573735
2006-01-10,-6.668458210118354,-3.32251722884808,0,-0.21214370447426079,1.7949610144097934,3.949176101611487
2006-01-11,-6.640000395501542,-0.11518496585790991,0,-0.18354943155998,1.7306650554216398,3.9529392291233405
2006-01-12,-6.641507234821866,-0.71747458906937,0,-0.18451354976644824,1.7309766654251169,3.956196562380116
2006-01-13,-6.5837436157951394,-2.72288975345635,0,-0.13593201398829252,1.7249780007237838,3.7923124071207512
2006-01-16,-6.5837436157951394,0.10584475496429999,0,-0.13593201398829252,1.7249780007237838,3.7923124071207512
2006-01-17,-6.610863793670725,-3.7739423171152793,0,-0.1776089232641872,1.845685025021855,3.7304812467412596
2006-01-18,-6.314825085135157,-2.5923717640726998,0,-0.03747505208476102,1.596590008780767,3.494636937849598
2006-01-19,-6.314825085135157,-0.74010561461922,0,-0.03747505208476102,1.596590008780767,3.494636937849598
2006-01-20,-6.314825085135157,-2.14059743432576,0,-0.03747505208476102,1.596590008780767,3.494636937849598
2006-01-23,-6.375859657757996,0.05508761326973987,0,-0.09423357208634245,1.6342154301666132,3.6322579359283393
2006-01-24,-6.449899362676872,-0.20121929757785,0,-0.13667105444702798,1.6835539978542533,3.7272651656717724
2006-01-25,-6.657891803313131,3.5556652172509695,0,-0.19110868396120057,1.654795229364371,4.10530959211996
2006-01-26,-6.531224953102839,5.26229617896494,0,-0.19947375446502297,1.7903455243994788,3.7893369710742757
2006-01-27,-6.7505412937374425,5.587544028037341,0,-0.25876478711216927,1.9243067131875162,3.9483695373544414
2006-01-30,-6.7505412937374425,-2.07331263625509,0,-0.25876478711216927,1.9243067131875162,3.9483695373544414
2006-01-31,-6.7505412937374425,0.36787215219621017,0,-0.25876478711216927,1.9243067131875162,3.9483695373544414
2006-02-01,-6.68618141535645,2.18771608073801,0,-0.23361537599007737,1.8823332930044712,3.886222768748711
2006-02-02,-6.663818125769268,-2.99221799991497,0,-0.21152959279319933,1.8279620897042432,3.8930865532161767
2006-02-03,-6.665381411184619,0.15166282262911995,0,-0.212460411557352,1.8283315641663962,3.8962942634070137
2006-02-06,-6.666507481688395,2.01506857233897,0,-0.24193734598964795,1.9968964372080011,3.7170203645457187
2006-02-07,-6.620764853047766,1.08239156459057,0,-0.16571659132154376,1.7209107240723496,3.907301081227031
2006-02-08,-6.616918779761615,-2.02346149441944,0,-0.18227063765652396,1.8497522945827938,3.741789548057577
2006-02-09,-6.321588303497631,5.494779875264159,0,-0.04417432619673531,1.6032617617549523,3.5066844740098064
2006-02-10,-6.321588303497631,-1.2965650721867097,0,-0.04417432619673531,1.6032617617549523,3.5066844740098064
2006-02-13,-6.321588303497631,4.59113332510992,0,-0.04417432619673531,1.6032617617549523,3.5066844740098064
2006-02-14,-6.382358154749481,-0.25906481954102,0,-0.09906631100756591,1.6386583542635842,3.6430635881847646
2006-02-15,-6.456042081133468,0.05653933043852002,0,-0.1406051582189446,1.6867600274399197,3.7375995540065228
2006-02-16,-6.662249578594755,1.25056964718118,0,-0.19346336789299512,1.6548025484678055,4.1148221453963725
2006-02-17,-6.536803066671121,-0.17930196759451,0,-0.20207044183774964,1.7919142473547103,3.7986201366869716
2006-02-20,-6.755293384956021,-1.40581980160915,0,-0.2611607293545689,1.9250131423953067,3.9577403141824137
2006-02-21,-6.755293384956021,-2.25386157193282,0,-0.2611607293545689,1.9250131423953067,3.9577403141824137
2006-02-22,-6.755293384956021,4.08423738100433,0,-0.2611607293545689,1.9250131423953067,3.9577403141824137
2006-02-23,-6.657232237643286,0.17344140880131992,0,-0.21858441604978374,1.8862439532973494,3.8153351379396456
2006-02-24,-6.634973188170228,0.04203821199384997,0,-0.19442046385127015,1.8301013897481901,3.8200058604081883
2006-02-27,-6.636811246530778,2.8120215786830602,0,-0.1955996384995506,1.8308922087572999,3.8234806692945025
2006-02-28,-6.631533959256659,-4.65859989116743,0,-0.22127741587871358,1.988943011304336,3.6417795688811303
2006-03-01,-6.690642208950676,2.11785859006546,0,-0.20710866647287787,1.7597821906899513,4.013144893893328
2006-03-02,-6.642854169232901,-3.2034447251864195,0,-0.1985547958638357,1.870803293070483,3.7754850150347146
2006-03-03,-6.350301016865329,-3.85991273694651,0,-0.06179815441876739,1.6273933526176014,3.537943598758896
2006-03-06,-6.350301016865329,-3.4402706160719103,0,-0.06179815441876739,1.6273933526176014,3.537943598758896
2006-03-07,-6.350301016865329,-0.63133849792442,0,-0.06179815441876739,1.6273933526176014,3.537943598758896
2006-03-08,-6.409873465754314,-3.71768994631554,0,-0.11335357041404001,1.6584219901922026,3.672344124192385
2006-03-09,-6.482448488705215,7.50311533107898,0,-0.15361589252569055,1.7043544196167515,3.766668754704085
2006-03-10,-6.684758668862971,1.6662519069131898,0,-0.2041589564512723,1.6660782898087607,4.143417482321254
2006-03-13,-6.561350155742918,1.7827439714891895,0,-0.21191255781610474,1.8053056020621303,3.8258559714846623
2006-03-14,-6.777628761471,3.9686176586055306,0,-0.2714536069698864,1.936994646974379,3.9868952782574945
2006-03-15,-6.777628761471,1.6966321717794097,0,-0.2714536069698864,1.936994646974379,3.9868952782574945
2006-03-16,-6.777628761471,-0.8714454648982202,0,-0.2714536069698864,1.936994646974379,3.9868952782574945
2006-03-17,-6.681573107232458,-1.9660327934178399,0,-0.23096922571594986,1.9021322246329495,3.845797636124307
2006-03-20,-6.6597609425482736,1.93643156468107,0,-0.208214771493905,1.84753110651998,3.8514148612288985
2006-03-21,-6.661514573856824,-0.68751320041587,0,-0.20929761176183648,1.8482004019097764,3.8547533966527867
2006-03-22,-6.657323958494869,6.75004127874457,0,-0.23550334395511674,2.0086209195927847,3.6742968382326695
2006-03-23,-6.618770248490927,3.5314944984522803,0,-0.16074862218554858,1.7402562194148556,3.8629395131566495
2006-03-24,-6.618770248490927,3.01478835205473,0,-0.16074862218554858,1.7402562194148556,3.8629395131566495
2006-03-27,-6.317801263437046,-5.110358672788791,0,-0.012369379900962173,1.4881436794015925,3.6286384919757464
2006-03-28,-6.3658857276122855,-1.96924642295907,0,-0.034734635765855844,1.5230527944569876,3.6689213636091726
2006-03-29,-6.3658857276122855,-2.3672533007315097,0,-0.034734635765855844,1.5230527944569876,3.6689213636091726
2006-03-30,-6.414573305419845,4.32966930524207,0,-0.08256938152858061,1.5401201199362422,3.801986683275662
2006-03-31,-6.484189313065388,-0.6783017767444799,0,-0.12431768580691749,1.5826502322727132,3.8968407157106153
2006-04-03,-6.484189313065388,3.95814459205397,0,-0.12431768580691749,1.5826502322727132,3.8968407157106153
2006-04-04,-5.880321523771148,-2.5608041287024896,0,-0.4571582336003459,1.7442901804164985,3.7194643729806613
2006-04-05,-6.234779217546789,1.08845261717799,0,-0.765279368810021,2.1669394306269663,4.102450606703823
2006-04-06,-6.27755984985614,-0.020569312080670043,0,-0.7773654926824203,2.043914014763219,4.283377682109326
2006-04-07,-6.27755984985614,-4.83550795984515,0,-0.7773654926824203,2.043914014763219,4.283377682109326
2006-04-10,-6.154745293720339,2.8862440584090696,0,-0.6318295850291609,1.931215562604942,4.061470222887167
2006-04-11,-6.133234916643001,-3.82912703334751,0,-0.5931248695682269,1.8676506104031203,4.049493618374431
2006-04-12,-6.134527300295037,-0.8863517713811602,0,-0.5943605106953784,1.8676381523921854,4.052734377015032
2006-04-13,-6.183361653274545,0.94265999090758,0,-0.716323080591013,2.156584701078323,3.985771144644304
2006-04-18,-6.092550298263074,-2.13120212066419,0,-0.5157434407834243,1.744117734118868,4.028435835231424
2006-04-19,-6.092550298263074,5.49606784625691,0,-0.5157434407834243,1.744117734118868,4.028435835231424
2006-04-20,-5.778282056001967,3.92388738488589,0,-0.2898815399297954,1.4455672355281677,3.727414634558998
2006-04-21,-5.778282056001967,2.07692281431663,0,-0.2898815399297954,1.4455672355281677,3.727414634558998
2006-04-24,-5.778282056001967,0.16807442542998985,0,-0.2898815399297954,1.4455672355281677,3.727414634558998
2006-04-25,-5.818897043565926,-1.65903108259657,0,-0.3245192276013728,1.4334868670669922,3.842716814014164
2006-04-26,-5.879991432414377,4.795895520147949,0,-0.3792970133585568,1.4695206990700145,3.942748341391458
2006-04-27,-5.879991432414377,-1.2777895221644704,0,-0.3792970133585568,1.4695206990700145,3.942748341391458
2006-04-28,-5.937730003256274,-5.90576748776621,0,-0.5041926616791115,1.7804900716503713,3.811650379726882
2006-05-02,-6.486025638299676,0.99652354591358,0,-1.0896810542419229,2.6535717665320733,4.383236814539686
2006-05-03,-6.465819278537552,-5.68990849057728,0,-1.0239270596314234,2.3455310192828414,4.5276980797027395
2006-05-04,-6.465819278537552,2.1693918650282,0,-1.0239270596314234,2.3455310192828414,4.5276980797027395
2006-05-05,-6.492138810366492,2.2345777265361395,0,-1.072498791706062,2.484443121132644,4.501919193219383
2006-05-08,-6.490084536138962,-2.33343765521682,0,-1.0517628307289166,2.360574498347286,4.574020786224655
2006-05-09,-6.459009137758929,2.79350373787851,0,-1.0377273045560493,2.4849444169027093,4.423816367262104
2006-05-10,-6.5021830260082485,-0.20173855260293,0,-1.0657492115964722,2.3634732453472638,4.600755274345454
2006-05-11,-6.301346139770919,-3.2612029911140206,0,-0.745120044965212,1.8258770991220483,4.478731944982216
2006-05-12,-6.301346139770919,-5.101357785910779,0,-0.745120044965212,1.8258770991220483,4.478731944982216
2006-05-15,-5.98322954829325,-4.3405451676573295,0,-0.4325693693387866,1.4895880115773839,4.1016452506950625
2006-05-16,-5.98322954829325,-0.23567980389341,0,-0.4325693693387866,1.4895880115773839,4.1016452506950625
2006-05-17,-5.98322954829325,-10.73885436884403,1,-0.4325693693387866,1.4895880115773839,4.1016452506950625
2006-05-18,-6.798744017751833,3.0542364125376,0,0.04044999068113235,1.4897484107901637,3.972978325678691
2006-05-19,-6.871827989863652,-0.006235585155259932,0,0.015928195165572655,1.5182928687014121,4.056274713008455
2006-05-22,-6.871827989863652,-5.868534487842079,0,0.015928195165572655,1.5182928687014121,4.056274713008455
2006-05-23,-7.044563843506669,7.34261832595253,0,-0.0681150971394151,1.8708388202203938,3.8297408950695733
2006-05-24,-7.2700538007007225,-6.06426958760736,0,-0.10045446039176212,1.9806128810393695,3.963194155813513
2006-05-25,-7.303906303366795,6.82390410548869,0,-0.11061245670249692,1.9213500974067745,4.124683437118593
2006-05-26,-7.303906303366795,8.04218396044646,0,-0.11061245670249692,1.9213500974067745,4.124683437118593
2006-05-29,-7.205400943746955,-2.16522190663461,0,-0.08734587040922484,1.9000897521288962,3.9958542082312922
2006-05-30,-7.246856363513711,-6.841622283960961,0,-0.08956659227448244,1.8679922905351305,4.097751595364159
2006-05-31,-7.248499563723213,0.9726403897562199,0,-0.09015031370518646,1.8680952401991364,4.100854664212954
2006-06-01,-7.326170065344863,-1.8146076027420899,0,-0.12831274097426512,1.9972729779271388,4.072429401937606
2006-06-02,-7.1383470827031115,-2.26838970320093,0,-0.03562630282053189,1.6037633480118085,4.300751705368629
2006-06-05,-7.1383470827031115,-3.78107582840099,0,-0.03562630282053189,1.6037633480118085,4.300751705368629
2006-06-06,-6.786207340461187,-5.56873702775064,0,0.061931094726338454,1.5102672386140066,3.863840781796145
2006-06-07,-6.9138165635286395,2.2675812458774702,0,0.04312292479017707,1.570270886781919,3.927938631561511
2006-06-08,-6.9138165635286395,-6.771989993773,0,0.04312292479017707,1.570270886781919,3.927938631561511
2006-06-09,-6.945883432688281,2.3452935317531196,0,0.018138562746113453,1.5563750567808592,4.053844107085256
2006-06-12,-7.014299081531925,-5.50213935344683,0,-0.007024520218509864,1.5826061246949923,4.140476788185004
2006-06-13,-7.014299081531925,-9.42148913816002,1,-0.007024520218509864,1.5826061246949923,4.140476788185004
2006-06-14,-7.179177615636988,5.183699568834091,0,-0.09209178317498226,1.9368147958913018,3.921367895290312
2006-06-15,-7.179177615636988,0.0,0,-0.09209178317498226,1.9368147958913018,3.921367895290312
2006-06-16,-7.215629214230767,0.0,0,-0.10307186484540698,1.8803659650154165,4.083411030072435
2006-06-19,-7.215629214230767,13.92628795354078,0,-0.10307186484540698,1.8803659650154165,4.083411030072435
2006-06-20,-7.114510296856864,2.13431881951791,0,-0.08077873049833934,1.8583960263081045,3.956981500463929
2006-06-21,-7.156374889599249,0.47354780639375,0,-0.08238120725688075,1.8262745055074805,4.057850190745162
2006-06-22,-7.158195397461194,0.5440297104365099,0,-0.08291897724042133,1.8264552138079444,4.060848202726283
2006-06-23,-7.677224769808293,-1.27286837937183,0,-0.10444989089241716,2.130079939515407,4.133369874264886
2006-06-26,-7.4938779202547865,-2.5670985639073,0,0.009891827058901343,1.7126876868826373,4.335373987310107
2006-06-27,-7.4938779202547865,-2.69366471658662,0,0.009891827058901343,1.7126876868826373,4.335373987310107
2006-06-28,-7.135688433225061,1.45864794150833,0,0.13277113892775344,1.5813838468576327,3.8648118536704494
2006-06-29,-7.266603013801885,7.66419713246883,0,0.11288210941766186,1.6435126322652192,3.930711595914479
2006-06-30,-7.266603013801885,6.819798441568389,0,0.11288210941766186,1.6435126322652192,3.930711595914479
2006-07-03,-7.292790657310549,1.4676662903588402,0,0.07889838477664915,1.6412122124556343,4.066351571309205
2006-07-04,-7.3589442313662445,1.01887897891054,0,0.04832798044335677,1.6746005456500748,4.159289702775025
2006-07-05,-7.3589442313662445,-5.64643439801424,0,0.04832798044335677,1.6746005456500748,4.159289702775025
2006-07-06,-7.522766609608882,1.7054003385938896,0,-0.05399329725842124,2.0482532626708685,3.9582193579435154
2006-07-07,-7.522766609608882,0.9069136851435199,0,-0.05399329725842124,2.0482532626708685,3.9582193579435154
2006-07-10,-7.554366907800739,1.94238995997566,0,-0.07103674978918993,1.9990573877455267,4.128179958105688
2006-07-11,-7.554366907800739,-3.7422339515608396,0,-0.07103674978918993,1.9990573877455267,4.128179958105688
2006-07-12,-7.456916151473212,2.1953308435117598,0,-0.04152602555622159,1.9689072279022768,3.991769319965682
2006-07-13,-7.497550350045749,-4.4882663331888795,0,-0.04378718956755018,1.9376283798731673,4.094399571342473
2006-07-14,-7.499132265411438,-5.94524948114558,0,-0.04457047025785266,1.9379770128799279,4.097771768772078
2006-07-17,-7.6798806832811355,-0.31617145215705006,0,-0.10465442414475563,2.1313910754610843,4.134486023312932
2006-07-18,-7.496776692223293,-0.60219324587391,0,0.00986906525684028,1.7138233331922978,4.336244358698984
2006-07-19,-7.496776692223293,7.1975521329482195,0,0.00986906525684028,1.7138233331922978,4.336244358698984
2006-07-20,-7.372803438364489,2.26091587898559,0,0.044460553056776944,1.6812756511528362,4.171887190843772
2006-07-21,-7.4890838654273635,-4.85276125897375,0,0.01940306884133265,1.7409161559215125,4.250370781640108
2006-07-24,-7.4890838654273635,6.280158899924509,0,0.01940306884133265,1.7409161559215125,4.250370781640108
2006-07-25,-7.512174218749741,1.96391739423269,0,0.005367968788950789,1.749143091946861,4.299777884769959
2006-07-26,-7.56089850491796,0.05665831011968997,0,-0.01519508267182609,1.7730015570446045,4.365208301633759
2006-07-27,-7.56089850491796,-0.3089513435190603,0,-0.01519508267182609,1.7730015570446045,4.365208301633759
2006-07-28,-7.719426970968428,2.8160994493409404,0,-0.11440972016147527,2.152069934588572,4.17034924415134
2006-07-31,-7.719426970968428,-0.95635696947848,0,-0.11440972016147527,2.152069934588572,4.17034924415134
2006-08-01,-7.739676272663363,-4.601810293784,0,-0.1207019083224882,2.07836833388971,4.331092777273116
2006-08-02,-7.739676272663363,2.7192634394599398,0,-0.1207019083224882,2.07836833388971,4.331092777273116
2006-08-03,-7.654516483160747,-3.19450509599971,0,-0.09574154954858848,2.063978094399507,4.194041539639619
2006-08-04,-7.689564721749702,2.18913727998277,0,-0.09860035360900862,2.026822351067259,4.299988878314216
2006-08-07,-7.689564721749702,-6.909831951211709,0,-0.09860035360900862,2.026822351067259,4.299988878314216
2006-08-08,-7.9563679245907135,1.30895754641423,0,-0.17223233873006388,2.263812516528537,4.4069818131835135
2006-08-09,-7.786522818365206,4.270577391117331,0,-0.058720372364652676,1.841256145621848,4.595784497455204
2006-08-10,-7.786522818365206,-0.94332956902548,0,-0.058720372364652676,1.841256145621848,4.595784497455204
2006-08-11,-7.652120734554346,1.04661789763523,0,-0.023414136944332635,1.8145573281133451,4.405857768722681
2006-08-14,-7.755548927885583,3.35583824280766,0,-0.05370179376434871,1.8718142669354862,4.497202475765764
2006-08-15,-7.755548927885583,4.00895391002166,0,-0.05370179376434871,1.8718142669354862,4.497202475765764
2006-08-16,-7.755548927885583,1.6784155954650701,0,-0.05370179376434871,1.8718142669354862,4.497202475765764
2006-08-17,-7.755548927885583,1.22609635147286,0,-0.05370179376434871,1.8718142669354862,4.497202475765764
2006-08-18,-7.755548927885583,-0.020584337448260014,0,-0.05370179376434871,1.8718142669354862,4.497202475765764
2006-08-21,-7.902287580778745,-2.1143890305078803,0,-0.15587770352173547,2.2545026298434534,4.316950183450482
2006-08-22,-7.931102299685084,1.9448646002489598,0,-0.1635220080149711,2.271630735617376,4.342455316838202
2006-08-23,-7.944235336232087,-1.5144137582437,0,-0.1631792295676494,2.1824387401221004,4.495464495693716
2006-08-24,-7.944235336232087,1.6673144253362997,0,-0.1631792295676494,2.1824387401221004,4.495464495693716
2006-08-25,-7.8684001242881205,-0.8209365631415,0,-0.13985505759431088,2.177730529058793,4.356388288562812
2006-08-28,-7.900162765868165,1.61836311549315,0,-0.1430815345297281,2.1367366006041237,4.463970098580592
2006-08-29,-7.900162765868165,-0.68316381996787,0,-0.1430815345297281,2.1367366006041237,4.463970098580592
2006-08-30,-8.054598567595285,0.14700142090281987,0,-0.200230160507156,2.3134673214300006,4.513856626262489
2006-08-31,-7.891643509430819,-1.29544800673756,0,-0.09018116335771612,1.8943848253259272,4.69978951299105
2006-09-01,-7.891643509430819,-0.02920802658274999,0,-0.09018116335771612,1.8943848253259272,4.69978951299105
2006-09-04,-7.578848221975902,1.85097953510698,0,-0.014265793217995197,1.7792405391936978,4.369200614469936
2006-09-05,-7.6846448995247165,-1.67797195566282,0,-0.04233565514187809,1.8354174992188461,4.456789591819419
2006-09-06,-7.6846448995247165,-3.8416087136611097,0,-0.04233565514187809,1.8354174992188461,4.456789591819419
2006-09-07,-7.6846448995247165,-2.6098638614051,0,-0.04233565514187809,1.8354174992188461,4.456789591819419
2006-09-08,-7.6846448995247165,0.57695937977594,0,-0.04233565514187809,1.8354174992188461,4.456789591819419
2006-09-11,-7.6846448995247165,0.67939693800319,0,-0.04233565514187809,1.8354174992188461,4.456789591819419
2006-09-12,-7.8360196290745705,4.73374870366106,0,-0.142267838316519,2.2160537173425974,4.2697374870192775
2006-09-13,-7.690867720221301,1.5130307394962101,0,-0.09309759828588669,2.1399949083622163,4.094513542183541
2006-09-14,-7.715632196879713,-0.22393824591045,0,-0.1038823296434031,2.0766316166941685,4.2589648652242715
2006-09-15,-7.715632196879713,1.4611437105533998,0,-0.1038823296434031,2.0766316166941685,4.2589648652242715
2006-09-18,-7.626349654597391,-1.9334549038243498,0,-0.07517694381036624,2.0536878576502264,4.119527260187825
2006-09-19,-7.664066935122916,0.16743417551200995,0,-0.07882213140382849,2.020485740277287,4.225143945334157
2006-09-20,-7.664066935122916,1.74308356108651,0,-0.07882213140382849,2.020485740277287,4.225143945334157
2006-09-21,-7.834251507767389,2.79684825243884,0,-0.13955411400478945,2.2098773130467615,4.269458251286794
2006-09-22,-7.661877187304796,-4.717713308863869,0,-0.02371706887095337,1.7898062742153062,4.460773996754939
2006-09-25,-7.713832042914243,2.4540533664650797,0,-0.047255117924582604,1.805632075350792,4.552407656461989
2006-09-26,-7.4759919811670885,4.00177285151014,0,0.012055051669998689,1.7260988372446289,4.286435838385561
2006-09-27,-7.586510327079397,0.6093056545389601,0,-0.013787553920321325,1.78287911474606,4.368899136378913
2006-09-28,-7.586510327079397,1.93491293135616,0,-0.013787553920321325,1.78287911474606,4.368899136378913
2006-09-29,-7.586510327079397,2.62883321365874,0,-0.013787553920321325,1.78287911474606,4.368899136378913
2006-10-02,-7.586510327079397,-1.76002253032171,0,-0.013787553920321325,1.78287911474606,4.368899136378913
2006-10-03,-7.586510327079397,-0.68654094979792,0,-0.013787553920321325,1.78287911474606,4.368899136378913
2006-10-04,-7.7434864909889995,1.28859381450552,0,-0.1153039181880949,2.1640523235538627,4.177461100807474
2006-10-05,-7.551570425189883,0.4697742864262,0,-0.038295336567784416,2.116798491337204,3.815264577453856
2006-10-06,-7.597729251085628,-0.7377696480623701,0,-0.06847159052790802,2.0972963459501472,3.994914312491842
2006-10-09,-7.597729251085628,-0.76061442245833,0,-0.06847159052790802,2.0972963459501472,3.994914312491842
2006-10-10,-7.493403058689678,0.38850240178038,0,-0.028834661921802764,2.047212631373685,3.8488696227983095
2006-10-11,-7.545665068065286,-1.28610167782341,0,-0.03920635301901679,2.0349595335778825,3.9567646332252657
2006-10-12,-7.545665068065286,0.7539612243123901,0,-0.03920635301901679,2.0349595335778825,3.9567646332252657
2006-10-13,-7.7426809457230625,1.8418317198826801,0,-0.11469823550739865,2.1607863819346615,4.180135119392686
2006-10-16,-7.562319241961929,1.9195698875693303,0,0.002650614229124061,1.7391242951931538,4.376253695641694
2006-10-17,-7.562319241961929,-2.26232981488804,0,0.002650614229124061,1.7391242951931538,4.376253695641694
2006-10-18,-7.318642037103473,4.61820732147809,0,0.06157467225380543,1.6479228335291094,4.130969850359092
2006-10-19,-7.438031847952153,3.01471733645669,0,0.03908035508329051,1.7064693704783584,4.205285778682303
2006-10-20,-7.438031847952153,2.8876643731024396,0,0.03908035508329051,1.7064693704783584,4.205285778682303
2006-10-23,-7.438031847952153,-0.03397008850335005,0,0.03908035508329051,1.7064693704783584,4.205285778682303
2006-10-24,-7.438031847952153,0.24935449957825,0,0.03908035508329051,1.7064693704783584,4.205285778682303
2006-10-25,-7.438031847952153,1.21568665129485,0,0.03908035508329051,1.7064693704783584,4.205285778682303
2006-10-26,-7.599013922312665,-0.12876675408497001,0,-0.06668472470556082,2.0856006198808617,4.010556262084753
2006-10-27,-7.387573776982945,-2.1730264607995,0,0.02765072533839716,1.9989164089753002,3.640555702369369
2006-10-30,-7.441145465306387,-2.6075838366582,0,-0.016577125057119883,2.005063095004412,3.831722406430544
2006-10-31,-7.38769371725252,0.67589470605139,0,0.02270615835563561,1.9849864833611344,3.683690029714215
2006-11-01,-7.344502636293795,2.36551726564232,0,0.05931527132077011,1.9489963687265006,3.5823651363355546
2006-11-02,-7.406941121827069,-4.15356285700353,0,0.04910694120119426,1.9462898835780558,3.685483281869848
2006-11-03,-7.479378864068721,0.81260099240589,0,-0.011886039967073667,1.9912703240839087,3.8794530387610737
2006-11-06,-7.6847447384986936,3.8060842068912595,0,-0.09534707005568202,2.1329710937715163,4.107344013729495
2006-11-07,-7.502204352063798,-0.37451067576418,0,0.02549606273732356,1.710126286887204,4.302886866635475
2006-11-08,-7.502204352063798,-1.7005804672809501,0,0.02549606273732356,1.710126286887204,4.302886866635475
2006-11-09,-7.358143103187771,4.14013249984468,0,0.034203236477621635,1.6499421278089146,4.246536222912774
2006-11-10,-7.4731524117150725,0.985404236875,0,0.013270545657254811,1.7037473191003878,4.321386127114749
2006-11-13,-7.4731524117150725,0.30445163783057005,0,0.013270545657254811,1.7037473191003878,4.321386127114749
2006-11-14,-7.4731524117150725,-0.69899606899786,0,0.013270545657254811,1.7037473191003878,4.321386127114749
2006-11-15,-7.4731524117150725,2.9769490488896,0,0.013270545657254811,1.7037473191003878,4.321386127114749
2006-11-16,-7.4731524117150725,0.68610979999843,0,0.013270545657254811,1.7037473191003878,4.321386127114749
2006-11-17,-7.522717460674258,-2.22014667503911,0,-0.010234582728712763,1.8057947631893319,4.253190728144325
2006-11-20,-7.368055032427057,1.26675039433545,0,0.05221383832970686,1.8076278320826211,3.9017514831337574
2006-11-21,-7.376613515692389,-1.3066049824027899,0,0.03057102015470329,1.752131325965118,4.08334605525405
2006-11-22,-7.412285340751019,-1.12028541318367,0,0.016344732542415367,1.9061112143668828,3.8762015365820304
2006-11-23,-7.336427889333422,0.42195089145748,0,0.08735009157954851,1.7835253792496077,3.8023430549883988
2006-11-24,-7.420943257237983,-6.67480554272375,0,0.040719851045795535,1.8499076691600802,3.9111487673730903
2006-11-27,-7.682977475119914,-3.1768623641576994,0,-0.037170119633313514,2.0140655560388794,4.124387795369461
2006-11-28,-7.898658231233414,-1.0690066013872102,0,-0.14308153782358343,2.2091801561962554,4.345965480316522
2006-11-29,-7.687562007648843,2.06581045594362,0,0.024315005369091036,1.7078974334569725,4.495886837472634
2006-11-30,-7.687562007648843,-4.4507370078296,0,0.024315005369091036,1.7078974334569725,4.495886837472634
2006-12-01,-7.545980109170992,-2.7405160319648396,0,0.04143985377528823,1.6417279780818579,4.429085324866839
2006-12-04,-7.655576564298346,1.7761372709965002,0,0.01052248761369032,1.7011588465000798,4.516519793585969
2006-12-05,-7.655576564298346,4.8812350365553705,0,0.01052248761369032,1.7011588465000798,4.516519793585969
2006-12-06,-7.596981145593091,-2.4364061324261903,0,0.07086693431389526,1.5803158927239689,4.513490154429405
2006-12-07,-7.596981145593091,2.0420125096477197,0,0.07086693431389526,1.5803158927239689,4.513490154429405
2006-12-08,-7.596981145593091,1.1275741767901102,0,0.07086693431389526,1.5803158927239689,4.513490154429405
2006-12-11,-7.656689734552391,1.2318642586825699,0,-0.0006041104736478496,1.649165793468601,4.644402626399238
2006-12-12,-7.611673888549284,1.33505222135587,0,-0.0027197078407376514,1.8064060502793828,4.318548441472414
2006-12-13,-7.551420150607512,2.4793666977807898,0,0.02441567338998088,1.6460697090096459,4.475001973283725
2006-12-14,-7.677331207385864,1.26976974741754,0,-0.05245784413999167,1.9362292721262757,4.303083439684212
2006-12-15,-7.5981663691271875,-0.23566984362714993,0,0.013694680474727562,1.8200611626077494,4.229920300588353
2006-12-18,-7.6678870375279775,-0.08184320302149009,0,-0.02413533938980863,1.8622197344349414,4.338534439977076
2006-12-19,-7.6678870375279775,-2.42882062223826,0,-0.02413533938980863,1.8622197344349414,4.338534439977076
2006-12-20,-7.7025140718849485,2.71919535441487,0,0.01174442718368959,1.7114558706169118,4.54091657946155
2006-12-21,-7.683087131475382,-0.23905738397199003,0,0.027530037473917298,1.7055207011755817,4.486402062000182
2006-12-22,-7.683087131475382,-3.85949865537,0,0.027530037473917298,1.7055207011755817,4.486402062000182
2006-12-27,-7.541042931024265,5.52654230393136,0,0.04444859994209928,1.6393443738344253,4.4199925861003955
2006-12-28,-7.65102817725225,1.2527567798952,0,0.013399870661789813,1.699207849381438,4.507286471266861
2006-12-29,-7.65102817725225,-0.4773693668398901,0,0.013399870661789813,1.699207849381438,4.507286471266861
2007-01-02,-7.5927985161901095,3.15077909653234,0,0.07482456351766115,1.577518431484226,4.503366514831493
2007-01-03,-7.5927985161901095,0.47399103036550005,0,0.07482456351766115,1.577518431484226,4.503366514831493
2007-01-04,-7.5927985161901095,-1.2932151096787403,0,0.07482456351766115,1.577518431484226,4.503366514831493
2007-01-05,-7.66903631284326,-1.6384612298269998,0,-0.006773489946641213,1.652550498579293,4.6675164699725435
2007-01-08,-7.627309460586657,-2.35774318237883,0,-0.010488159331744535,1.8148635246367926,4.342121962755089
2007-01-09,-7.565956083913729,1.5329155231001999,0,0.01782260239942165,1.6517353698014317,4.497610123029382
2007-01-10,-7.692604985691686,0.4913382874155501,0,-0.058924655038348,1.9432850280696683,4.325676699434361
2007-01-11,-7.574987355101171,4.94970478482718,0,0.030058546326087232,1.8045349011358207,4.1848258992166425
2007-01-12,-7.646374456107149,4.200995924769931,0,-0.010693498118350315,1.8516180943248362,4.295282235937416
2007-01-15,-7.646374456107149,0.42146279913608997,0,-0.010693498118350315,1.8516180943248362,4.295282235937416
2007-01-16,-7.685784715421137,-0.4951737046799801,0,0.024808193935976622,1.7056817958087434,4.496802483744999
2007-01-17,-7.685784715421137,3.66194281572592,0,0.024808193935976622,1.7056817958087434,4.496802483744999
2007-01-18,-7.685784715421137,2.37720081083773,0,0.024808193935976622,1.7056817958087434,4.496802483744999
2007-01-19,-7.54404416631697,0.412175623231,0,0.04172922212595599,1.6396930531445326,4.430179097218714
2007-01-22,-7.653740637462466,-3.10794688720769,0,0.011013593976400445,1.698937797989851,4.517370461579369
2007-01-23,-7.653740637462466,0.78884057863348,0,0.011013593976400445,1.698937797989851,4.517370461579369
2007-01-24,-7.594579437859393,5.47691087586652,0,0.071585927171294,1.577586200277723,4.514347670294743
2007-01-25,-7.594579437859393,1.9996244321675898,0,0.071585927171294,1.577586200277723,4.514347670294743
2007-01-26,-7.594579437859393,1.00606112875893,0,0.071585927171294,1.577586200277723,4.514347670294743
2007-01-29,-7.670458738812631,3.3643489748771405,0,-0.008226729301320545,1.6502318953396753,4.677118692184477
2007-01-30,-7.631027783167531,4.21392939563356,0,-0.01300451664480522,1.8156403985218095,4.351955549521905
2007-01-31,-7.5684863898127475,2.0264979105413796,0,0.015774626577567175,1.6509653659335595,4.507334196512472
2007-02-01,-7.696595159874894,1.9928770026416298,0,-0.061016298065336476,1.9438103769441888,4.335070129930835
2007-02-02,-7.574236636717863,-0.93056308263798,0,0.02877739625989537,1.7991829183809769,4.198120051144974
2007-02-05,-7.645264389492526,-1.9245090113574899,0,-0.011030602578855108,1.8446936291336524,4.307729041069823
2007-02-06,-7.645264389492526,-2.7329424098844903,0,-0.011030602578855108,1.8446936291336524,4.307729041069823
2007-02-07,-7.680103327631722,-0.58988307828827,0,0.027494040331701164,1.6925284868240218,4.50787499765689
2007-02-08,-7.680103327631722,-4.75571020793202,0,0.027494040331701164,1.6925284868240218,4.50787499765689
2007-02-09,-7.722173028501373,3.3563499188293795,0,-0.0056959097251174555,1.6676231338994691,4.690298560379041
2007-02-12,-7.58587206924234,-1.24996108273037,0,0.00974342559329991,1.6067346564686185,4.623167558670945
2007-02-13,-7.689220463334893,4.420827461934071,0,-0.015540372937468024,1.6545095124302325,4.7080388378580125
2007-02-14,-7.689220463334893,1.36939014934833,0,-0.015540372937468024,1.6545095124302325,4.7080388378580125
2007-02-15,-7.60897890477848,-2.1088538384612496,0,0.04505769749794476,1.5215508205063024,4.710553970817885
2007-02-16,-7.60897890477848,-0.3870847582025199,0,0.04505769749794476,1.5215508205063024,4.710553970817885
2007-02-19,-7.60897890477848,1.5981356419099702,0,0.04505769749794476,1.5215508205063024,4.710553970817885
2007-02-20,-7.396168381120684,-2.52231678280282,0,0.4140105104882117,0.9761721089818316,4.72925660424448
2007-02-21,-7.621330134494007,-1.27457514806328,0,-0.008333694215387195,1.665582058970354,4.600441109741821
2007-02-22,-7.576382623661333,0.61550451011947,0,0.012953225279704033,1.6545538355681875,4.516510400187935
2007-02-23,-7.70439490655137,-0.54761276346503,0,-0.06386556461764437,1.9478581840069165,4.344462367576265
2007-02-26,-7.607185052561355,1.01574285885559,0,0.011598211965991284,1.8786866712925794,4.1371249623000175
2007-02-27,-7.679125813248884,-7.7440519488281705,1,-0.030232987178786745,1.9289230300311555,4.249522014966061
2007-02-28,-7.9776122096395525,-3.67483804735505,0,-0.08064400709983083,2.0294092552451555,4.529107372468113
2007-03-01,-8.01276459740523,-6.0348583311523,0,-0.04282278069915601,1.8699270019530814,4.7256637002031034
2007-03-02,-8.01276459740523,-0.6097184175729,0,-0.04282278069915601,1.8699270019530814,4.7256637002031034
2007-03-05,-8.01276459740523,-5.31345155566885,0,-0.04282278069915601,1.8699270019530814,4.7256637002031034
2007-03-06,-7.883406952662437,3.3498294105849404,0,-0.009645728223643502,1.7929577454840788,4.635380651663681
2007-03-07,-7.979478622656092,0.9087032748123101,0,-0.05083884270240637,1.8555725079780134,4.741078470474413
2007-03-08,-7.979478622656092,5.68138556717345,0,-0.05083884270240637,1.8555725079780134,4.741078470474413
2007-03-09,-7.930649227975479,-0.82238281413384,0,0.007541205665153929,1.738060022730573,4.732249816354388
2007-03-12,-7.930649227975479,3.7100012309398904,0,0.007541205665153929,1.738060022730573,4.732249816354388
2007-03-13,-7.930649227975479,-5.14550772815421,0,0.007541205665153929,1.738060022730573,4.732249816354388
2007-03-14,-7.844926777179166,-9.247442711256701,1,0.1206280070846814,1.46538538070387,4.848705339160111
2007-03-15,-8.110679636374854,7.436232363786529,0,-0.002564101576285471,1.9052768361848509,4.636816646423075
2007-03-16,-8.110679636374854,0.76224101953659,0,-0.002564101576285471,1.9052768361848509,4.636816646423075
2007-03-19,-8.260373450566464,1.01076551589462,0,-0.13654605085210747,2.206588547259253,4.691499987281553
2007-03-20,-8.195371891266129,1.6190224171800098,0,-0.08041570454037072,2.1801186941581427,4.490017751851175
2007-03-21,-8.17396155540629,3.2745207402221,0,-0.06631377329824557,2.1604190318226095,4.455537597803145
2007-03-22,-8.151527769178358,6.5750234118321895,0,-0.04249031310625674,2.0703623778763793,4.5109947473146
2007-03-23,-8.19030498848113,2.07924609874171,0,-3.6870683642114264e-05,1.9079343477423867,4.7035570050933675
2007-03-26,-8.19030498848113,-2.31012363875205,0,-3.6870683642114264e-05,1.9079343477423867,4.7035570050933675
2007-03-27,-8.19030498848113,-0.24146826636428997,0,-3.6870683642114264e-05,1.9079343477423867,4.7035570050933675
2007-03-28,-8.060175974194188,-2.24062929780771,0,0.035277424267096055,1.8271350467482868,4.6109832498588235
2007-03-29,-8.155311644992894,4.41127293675096,0,-0.01082824888098919,1.8973826306879906,4.721815347104155
2007-03-30,-8.155311644992894,1.65482021142913,0,-0.01082824888098919,1.8973826306879906,4.721815347104155
2007-04-02,-8.111563147135891,-0.8160915361646099,0,0.06144932605174183,1.7641508848076275,4.699462499251147
2007-04-03,-8.111563147135891,2.93338564204551,0,0.06144932605174183,1.7641508848076275,4.699462499251147
2007-04-04,-8.111563147135891,4.41256405369643,0,0.06144932605174183,1.7641508848076275,4.699462499251147
2007-04-05,-8.348784549971151,1.53950605659011,0,0.06989934192275056,1.6887694780748501,5.056654910056995
2007-04-10,-8.384175391679028,4.569983040366001,0,-0.08700014649437807,2.087464600626058,4.857038894980747
2007-04-11,-8.384175391679028,-2.6139608475756098,0,-0.08700014649437807,2.087464600626058,4.857038894980747
2007-04-12,-8.511543000185943,-3.05626210081933,0,-0.2219721944505253,2.380275158729578,4.9356610231397875
2007-04-13,-8.461424464570502,4.466156460370641,0,-0.18782883425580066,2.3954323639140203,4.755931174617416
2007-04-16,-8.461424464570502,2.51930156891062,0,-0.18782883425580066,2.3954323639140203,4.755931174617416
2007-04-17,-8.439614256033959,-0.7732649866030401,0,-0.15768612023679934,2.294203955981158,4.796876854807529
2007-04-18,-8.474196185818432,-4.22591672420217,0,-0.121807285391582,2.1273824298282493,4.988620578541697
2007-04-19,-8.474196185818432,-0.2224259573795,0,-0.121807285391582,2.1273824298282493,4.988620578541697
2007-04-20,-8.474196185818432,5.598680448617601,0,-0.121807285391582,2.1273824298282493,4.988620578541697
2007-04-23,-8.359980278388337,3.3824090898051504,0,-0.05975380101044557,2.024309986893549,4.855276804547158
2007-04-24,-8.021794429682231,-2.0882882652831003,0,0.06523682211229584,1.795792276391202,4.536220762058532
2007-04-25,-8.021794429682231,2.4666524192857904,0,0.06523682211229584,1.795792276391202,4.536220762058532
2007-04-26,-7.9769551363221565,4.3355512694595,0,0.15540554647385352,1.6428483229035418,4.504788548803559
2007-04-27,-7.9769551363221565,-1.69757460767809,0,0.15540554647385352,1.6428483229035418,4.504788548803559
2007-04-30,-7.9769551363221565,-0.08310479714889012,0,0.15540554647385352,1.6428483229035418,4.504788548803559
2007-05-02,-8.26783225238134,3.73833588831288,0,0.21875117883645595,1.5409984214494687,4.805461366945252
2007-05-03,-8.267288081761109,3.5696520192093697,0,0.00519952139971898,1.9740748329120454,4.642351288536426
2007-05-04,-8.267288081761109,2.11673372872107,0,0.00519952139971898,1.9740748329120454,4.642351288536426
2007-05-07,-8.39945394741633,-1.2320408653069999,0,-0.15795465067752376,2.3054247109746453,4.739755229885631
2007-05-08,-8.338202871358169,-5.31458185504924,0,-0.0921612699383415,2.2675268945817484,4.524355883562402
2007-05-09,-8.41095055692081,0.85165854465395,0,-0.15523667868710864,2.345542932183796,4.678749558600093
2007-05-10,-8.389493736439702,1.0163245194125097,0,-0.12487678552013687,2.245021326353079,4.721091025967237
2007-05-11,-7.774313893298155,2.75885936779364,0,-0.1728232951313266,1.883244736286744,4.823122782710449
2007-05-14,-7.774313893298155,-2.39757528080632,0,-0.1728232951313266,1.883244736286744,4.823122782710449
2007-05-15,-7.774313893298155,3.5596934923926202,0,-0.1728232951313266,1.883244736286744,4.823122782710449
2007-05-16,-7.653319884952026,-0.58250734364585,0,-0.11817513268472975,1.79093090465942,4.7095995385057705
2007-05-17,-7.3219576854025465,-0.99543593221556,0,-0.043450281229316344,1.7408824605967093,4.263432366696229
2007-05-18,-7.3219576854025465,8.417344628044479,0,-0.043450281229316344,1.7408824605967093,4.263432366696229
2007-05-21,-7.26355837731197,3.05621473665554,0,0.0443807037963842,1.5731828367407603,4.268657381078651
2007-05-22,-7.235491068773282,1.06550948692841,0,0.09086920645043689,1.483804885240188,4.285580009596202
2007-05-23,-7.235491068773282,0.3561236425712902,0,0.09086920645043689,1.483804885240188,4.285580009596202
2007-05-24,-7.555685520588735,1.8549020778716203,0,0.0779914183653592,1.4945002209897886,4.620157789794602
2007-05-25,-7.529139800087737,2.16325390934171,0,-0.031143118041963493,1.7719299769374306,4.381262473913305
2007-05-29,-7.550346239919033,2.23274287572079,0,-0.06070602881192547,1.753299305823231,4.517437363704163
2007-05-30,-7.691928957385325,-2.53659504104554,0,-0.2108834789496844,2.0516818973631787,4.580375612541767
2007-05-31,-7.624540134504527,2.3381483239869096,0,-0.1542036675983084,2.0324571727440284,4.387607229656605
2007-06-01,-7.624540134504527,4.2619401060516395,0,-0.1542036675983084,2.0324571727440284,4.387607229656605
2007-06-04,-7.604744304092608,-0.8078739818585798,0,-0.12489942261425971,1.9393822065175268,4.435824129575074
2007-06-05,-7.549840247375563,-1.9614272661021601,0,-0.04430935183273657,1.7117687661634826,4.544792602518077
2007-06-06,-7.549840247375563,-8.153216126505011,1,-0.04430935183273657,1.7117687661634826,4.544792602518077
2007-06-07,-7.868767147850816,-4.124364888680841,0,-0.13013686444101952,1.916215659596821,4.752071045827812
2007-06-08,-7.384693218079443,-2.25962305938851,0,-0.14007356689332012,1.7176340135687838,4.615205518835653
2007-06-11,-7.03620303130605,5.748726082795989,0,-0.06224524582813987,1.6537505339025573,4.179442109639827
2007-06-12,-7.03620303130605,1.4394972579173901,0,-0.06224524582813987,1.6537505339025573,4.179442109639827
2007-06-13,-6.979833647779669,2.78002924451123,0,0.03749916198233259,1.4809391546223079,4.178431246307774
2007-06-14,-6.953510448329479,10.257582921286799,0,0.09067515139682605,1.3891245653010507,4.19233388839284
2007-06-15,-7.044632670089996,7.105224864894249,0,0.00832062000139203,1.477819646864557,4.323188558183574
2007-06-18,-7.358259578585972,-2.36337998725081,0,-0.018543767998567023,1.497607339454028,4.667149779908156
2007-06-19,-7.332992615200919,0.8461753335547502,0,-0.11287243557469323,1.7620840728302447,4.4231149899934925
2007-06-20,-7.354533411339295,1.27967703716267,0,-0.13422567524845347,1.7307484215540083,4.549573618626378
2007-06-21,-7.488880749028937,-5.0121920450195105,0,-0.2794949447367834,2.0116260335909955,4.610073225004234
2007-06-22,-7.427455504168016,-0.33459258034474004,0,-0.23922272050735904,2.019838449931782,4.437214415502863
2007-06-25,-7.427455504168016,-0.47482440939647,0,-0.23922272050735904,2.019838449931782,4.437214415502863
2007-06-26,-7.407388929936433,-1.9986313366386899,0,-0.20769686852227798,1.9244200738745896,4.480870337062873
2007-06-27,-7.354709663020975,-2.71336754277379,0,-0.12012514282166428,1.6920648686451383,4.578265591660353
2007-06-28,-7.354709663020975,4.90058551414182,0,-0.12012514282166428,1.6920648686451383,4.578265591660353
2007-06-29,-7.354709663020975,1.1925730450793899,0,-0.12012514282166428,1.6920648686451383,4.578265591660353
2007-07-02,-7.354709663020975,-0.95159493116491,0,-0.12012514282166428,1.6920648686451383,4.578265591660353
2007-07-03,-7.001470142889929,5.151754763492041,0,-0.04829632465175857,1.6297278108064281,4.150705101949283
2007-07-04,-7.001470142889929,3.04307073093403,0,-0.04829632465175857,1.6297278108064281,4.150705101949283
2007-07-05,-6.943141713856844,-3.25700752104055,0,0.051937881246346795,1.456188669308856,4.151472421735706
2007-07-06,-6.915577561978196,2.0126210257569297,0,0.1037682804464014,1.365518461591873,4.167681158157491
2007-07-09,-6.922020800755887,0.7597720817189402,0,0.12135382156665417,1.436325202674809,3.983197468011033
2007-07-10,-7.2924828597985245,-7.3915883592722995,1,-0.0015084345476709727,1.5967766851716272,4.378295551795977
2007-07-11,-7.168039944165251,-1.35020545494482,0,0.03973349661034731,1.6586111679314617,4.024058384926867
2007-07-12,-7.204087013856694,7.23120765355046,0,-0.03161861411464159,1.6981693764096413,4.188545220274635
2007-07-13,-7.643500017080912,1.25578720845568,0,-0.3403334197744119,2.1295313973457586,4.745672010165897
2007-07-16,-7.592648085020437,1.8401415280157798,0,-0.31246372781821236,2.1601223719454716,4.5849524221967375
2007-07-17,-7.592648085020437,-4.00376107588856,0,-0.31246372781821236,2.1601223719454716,4.5849524221967375
2007-07-18,-7.571487709229558,-6.15274900472848,0,-0.27721257722527104,2.0584696325299827,4.620012512616527
2007-07-19,-7.518705927485389,3.4494672745963304,0,-0.1748623837997474,1.807235840584534,4.691620266728193
2007-07-20,-7.518705927485389,-5.37611923036488,0,-0.1748623837997474,1.807235840584534,4.691620266728193
2007-07-23,-7.518705927485389,2.81696195334621,0,-0.1748623837997474,1.807235840584534,4.691620266728193
2007-07-24,-7.518705927485389,-5.61254932427296,0,-0.1748623837997474,1.807235840584534,4.691620266728193
2007-07-25,-7.180051476719255,-9.76947231570773,1,-0.06080020018723498,1.7137945815959577,4.215729415048766
2007-07-26,-7.5340498721487155,-11.320563041824162,1,0.05434983260077626,1.7500438087822174,4.17150633293447
2007-07-27,-7.708753442620141,-1.2616457020214,0,0.2522808047549593,1.5487013282985524,4.112942239005457
2007-07-30,-7.674474684189381,1.46261954887324,0,0.2977099831875927,1.4567135372843305,4.136655228126237
2007-07-31,-7.728269572015103,2.69625447589029,0,0.35004410821377996,1.4894533502712899,3.915907720706012
2007-08-01,-8.081385465085834,-6.47044067116673,0,0.20875940923950037,1.684179641816251,4.333924996184758
2007-08-02,-7.820684882177696,-0.0665810593511399,0,0.231775077798195,1.7018253569500015,3.9480322136183705
2007-08-03,-7.849441144738877,-4.14312892303597,0,0.15527668858229846,1.7643345096942915,4.120972801156915
2007-08-06,-8.09038821914558,2.40101178353925,0,-0.04787370739763204,2.0829703971856484,4.44541195155593
2007-08-07,-8.006310049297909,1.17169907837678,0,0.03691323952007275,2.002569107980314,4.220222648808182
2007-08-08,-8.006310049297909,8.29605350513121,0,0.03691323952007275,2.002569107980314,4.220222648808182
2007-08-09,-7.981443264569627,-5.23846854231001,0,0.05212588046892999,1.9256593868698162,4.289104135742635
2007-08-10,-7.906819612872578,-1.07713643524344,0,0.10642710193500832,1.7206978688223031,4.435486349688121
2007-08-13,-7.906819612872578,0.7475232620451898,0,0.10642710193500832,1.7206978688223031,4.435486349688121
2007-08-14,-7.906819612872578,-2.5854723954496195,0,0.10642710193500832,1.7206978688223031,4.435486349688121
2007-08-15,-7.906819612872578,5.212729410257539,0,0.10642710193500832,1.7206978688223031,4.435486349688121
2007-08-16,-7.83011048073619,-7.79599627042341,0,0.14074553903583664,1.7730223872368667,4.134915114971108
2007-08-17,-7.83011048073619,2.5989992194591998,0,0.14074553903583664,1.7730223872368667,4.134915114971108
2007-08-20,-7.780403421339342,1.9642158102991703,0,0.25938696490806923,1.565271762035592,4.120597989681133
2007-08-21,-7.7480262380518194,4.05819719217783,0,0.306192421669521,1.4719265119590512,4.142887912368849
2007-08-22,-7.806244259234446,2.68332140043864,0,0.36065995936577655,1.5022180136241885,3.9196796341822484
2007-08-23,-8.149724609572324,-0.6104222329920399,0,0.21057877315514162,1.7056062390279547,4.347870608137406
2007-08-24,-8.149724609572324,1.7021555664712598,0,0.21057877315514162,1.7056062390279547,4.347870608137406
2007-08-27,-8.133108450851648,-2.6094071887855903,0,0.1499163287901787,1.7178444050126482,4.521444353538433
2007-08-28,-8.343717765326996,-3.8131987467604906,0,-0.09995537849622238,2.057833491282671,4.906410049654547
2007-08-29,-8.293711212142307,-1.27585855402995,0,-0.05371784074699118,2.0589185970737502,4.709716014416648
2007-08-30,-8.293711212142307,4.725335640878329,0,-0.05371784074699118,2.0589185970737502,4.709716014416648
2007-08-31,-8.562674164174148,6.249787843158961,0,0.02978467047873748,2.0108450692531328,4.785873808735434
2007-09-03,-8.292707745236422,0.38400198838684,0,-0.003612749920275911,1.938260369339269,4.762087964857926
2007-09-04,-8.292707745236422,3.7183242893301607,0,-0.003612749920275911,1.938260369339269,4.762087964857926
2007-09-05,-8.292707745236422,-5.198965604594321,0,-0.003612749920275911,1.938260369339269,4.762087964857926
2007-09-06,-8.292707745236422,0.48813121712318996,0,-0.003612749920275911,1.938260369339269,4.762087964857926
2007-09-07,-8.23188732206741,-11.76692154556386,1,0.009334012069102738,2.0385200274649344,4.474411348865754
2007-09-10,-8.812622391382261,-2.91239721201844,0,0.13871762061905452,2.1065605237820377,4.430766076471661
2007-09-11,-8.791168018033174,4.38255089669428,0,0.2557001931885693,1.886879280592611,4.39539847400447
2007-09-12,-8.77580569065294,-1.4319123542044498,0,0.30821198086255475,1.7815370111919737,4.403538249103285
2007-09-13,-8.860048850199172,1.46581863280359,0,0.35681851625468786,1.8198328458422752,4.170030368668316
2007-09-14,-9.079348319243865,-1.71210764151407,0,0.13666378305306726,2.0935585102715963,4.733044497898671
2007-09-17,-9.079348319243865,-2.03470806980026,0,0.13666378305306726,2.0935585102715963,4.733044497898671
2007-09-18,-9.059822196115448,4.58197429313074,0,0.10507995531846179,2.06948101612511,4.890155787425884
2007-09-19,-9.183848237122817,8.69776672531926,0,-0.0942802347755439,2.373886382029222,5.1986153791875775
2007-09-20,-9.153210599674804,-1.9262221103616397,0,-0.05439766701991566,2.3884457574959965,4.998141236834652
2007-09-21,-9.153210599674804,1.73044233508471,0,-0.05439766701991566,2.3884457574959965,4.998141236834652
2007-09-24,-9.408482266850317,4.607277210251211,0,-0.010205229164213715,2.3685811857369266,5.1198738725015716
2007-09-25,-9.156270183121276,-1.7570619965221599,0,-0.005259411975211596,2.260970688967752,5.0440044408952724
2007-09-26,-9.156270183121276,2.6746066104585,0,-0.005259411975211596,2.260970688967752,5.0440044408952724
2007-09-27,-9.156270183121276,0.12132756978715,0,-0.005259411975211596,2.260970688967752,5.0440044408952724
2007-09-28,-9.156270183121276,-1.983355388208,0,-0.005259411975211596,2.260970688967752,5.0440044408952724
2007-10-01,-9.111639512424496,3.43571007405434,0,0.007432747215502931,2.37180434963372,4.747449533292231
2007-10-02,-9.111639512424496,1.1463110332805,0,0.007432747215502931,2.37180434963372,4.747449533292231
2007-10-03,-9.091687962312824,-1.5242362758619499,0,0.11575538558458638,2.159018331472656,4.697535473563546
2007-10-04,-9.091618453766253,0.5967950288230001,0,0.17904064431563022,2.0399441912075575,4.6812186842599175
2007-10-05,-9.128242136138068,2.57549117526483,0,0.1909029057763818,2.123072594311399,4.4852625537505
2007-10-08,-9.325604764524297,-0.8807260294399402,0,-0.08049898320914281,2.4438003285796137,5.172402688144473
2007-10-09,-9.325604764524297,-0.27063488359099,0,-0.08049898320914281,2.4438003285796137,5.172402688144473
2007-10-10,-9.32035867991026,-0.004753503642390038,0,-0.07095654671783623,2.358832091946221,5.277263522095099
2007-10-11,-9.388785992954702,3.8808117336282604,0,0.3797667469385917,1.5564456422073567,5.2829840907004515
2007-10-12,-9.36178305588126,0.23046249973177013,0,-0.11679090852658985,2.333965044131642,5.5208056479187455
2007-10-15,-9.36178305588126,-3.39599996186391,0,-0.11679090852658985,2.333965044131642,5.5208056479187455
2007-10-16,-9.445277354973285,-1.7922271911488499,0,0.30235536625424986,1.8544337513857752,4.920637788009621
2007-10-17,-9.13456176405613,0.7501341114839299,0,0.26303058146086766,1.801985832213726,4.90612152207205
2007-10-18,-9.13456176405613,-1.20644232989977,0,0.26303058146086766,1.801985832213726,4.90612152207205
2007-10-19,-9.13456176405613,-0.14059044213272,0,0.26303058146086766,1.801985832213726,4.90612152207205
2007-10-22,-9.13456176405613,-5.8669027522451,0,0.26303058146086766,1.801985832213726,4.90612152207205
2007-10-23,-9.171619678695784,2.79448994946571,0,-0.03425204854569251,2.282146000616712,5.1287180169553235
2007-10-24,-9.171619678695784,-3.05075062310807,0,-0.03425204854569251,2.282146000616712,5.1287180169553235
2007-10-25,-9.142889306772506,3.03720962640128,0,0.02272969586942549,2.1659361157018324,5.1011443506193075
2007-10-26,-9.121434756149657,0.23148849106301006,0,0.11608124286982305,1.9973714878558995,5.0550214370203985
2007-10-29,-9.157661291850477,2.79440177616792,0,0.010529550571835564,2.26142841139449,4.984742258921639
2007-10-30,-9.417495052834191,-2.87083820717588,0,-0.1655967596417271,2.5362607573002074,5.41800383060512
2007-10-31,-9.417495052834191,1.9122834669773003,0,-0.1655967596417271,2.5362607573002074,5.41800383060512
2007-11-01,-9.404874143465706,-7.813369972630591,0,-0.14599460936864206,2.428856096324711,5.508837025197387
2007-11-02,-9.431216865170105,0.9865665503241201,0,-0.006078206624917637,1.937665429340508,5.909611773495069
2007-11-05,-9.59701564847074,3.00444639366608,0,-0.22871177286433436,2.4614814400990466,5.920291570353008
2007-11-06,-9.59701564847074,-2.77865144246825,0,-0.22871177286433436,2.4614814400990466,5.920291570353008
2007-11-07,-9.611373110865067,-3.79944680308789,0,-0.12898998265600498,2.466377556820458,5.595806564792397
2007-11-08,-9.458392990686303,6.22049801519544,0,-0.19277403491595269,2.5738806835606423,5.493773111653729
2007-11-09,-9.458392990686303,-0.9459497861489999,0,-0.19277403491595269,2.5738806835606423,5.493773111653729
2007-11-12,-9.458392990686303,-1.63350063522883,0,-0.19277403491595269,2.5738806835606423,5.493773111653729
2007-11-13,-9.458392990686303,0.34752842713046994,0,-0.19277403491595269,2.5738806835606423,5.493773111653729
2007-11-14,-9.42295728737975,1.36828580965152,0,-0.20434229667012738,2.7448567385793012,5.236766576613819
2007-11-15,-9.426928154530867,-4.26647808259161,0,-0.20871278980574526,2.7574739196328375,5.237206598523162
2007-11-16,-9.411309462543677,-3.29547274886568,0,-0.19102304801359826,2.700938723110756,5.244705521655218
2007-11-19,-9.395928368136095,-5.3748416007513,0,-0.1722459861630165,2.6349103790849453,5.264754202885831
2007-11-20,-9.400882199888738,5.51493855594251,0,-0.19102477128349832,2.769113419682741,5.129114878759488
2007-11-21,-9.435917423169888,-3.8468875679211907,0,-0.14686136983478237,2.6127677579174513,5.248044847723678
2007-11-22,-9.435917423169888,4.69249368142931,0,-0.14686136983478237,2.6127677579174513,5.248044847723678
2007-11-23,-9.435584277783281,1.7046777467771204,0,-0.13728414217917526,2.5290373619944333,5.34783428029276
2007-11-26,-9.379614539792954,-2.99371939666972,0,0.03410783845998834,2.022013219100092,5.566658926895791
2007-11-27,-9.482202124306905,-0.47074935368207,0,-0.17580650607604786,2.496105092523278,5.580695898359332
2007-11-28,-9.53926649897906,4.43729164774944,0,-0.20083536236007826,2.4249609345785865,5.829811422978301
2007-11-29,-9.550043366157652,2.5795162025435703,0,-0.05705112399758258,2.3612561620660095,5.452053820298389
2007-11-30,-9.392096268803094,4.0808302074962,0,-0.1578274347973746,2.5170872430817592,5.395956041448882
2007-12-03,-9.392096268803094,-2.5237826226936,0,-0.1578274347973746,2.5170872430817592,5.395956041448882
2007-12-04,-9.392096268803094,-0.5406783935737601,0,-0.1578274347973746,2.5170872430817592,5.395956041448882
2007-12-05,-9.392096268803094,5.75469462294797,0,-0.1578274347973746,2.5170872430817592,5.395956041448882
2007-12-06,-9.35225886584664,0.4997510608796699,0,-0.16427600440926632,2.6743300641032954,5.130205663954343
2007-12-07,-9.356343018963727,1.04964284238161,0,-0.16931232560660112,2.687906479060187,5.1313541378950385
2007-12-10,-9.30310048928057,4.34240250489375,0,-0.12310678732033264,2.5879889285385254,5.067696256180411
2007-12-11,-9.28843610143517,-0.7944871525340201,0,-0.1027428122231786,2.521020086316343,5.087825497043557
2007-12-12,-9.289145360386566,2.56520277024171,0,-0.11137983944821922,2.6334899063324935,4.934509165019914
2007-12-13,-9.486399009946966,-5.76922359894191,0,-0.19477002531237014,2.6659317417055757,5.38703281791811
2007-12-14,-9.514324544211082,1.5576294045461399,0,-0.21513485941688287,2.6938482903261822,5.443687424799212
2007-12-17,-9.508230598846772,-6.677287616957489,0,-0.1987904266375463,2.5941087075184788,5.533059822032342
2007-12-18,-9.486960383811443,3.0205452361353,0,-0.10903940927145717,2.164030105416126,5.901200870045981
2007-12-19,-9.609936545544922,1.6529874002741503,0,-0.24200201181800884,2.518551967048868,5.890149304178472
2007-12-20,-9.639154057169106,1.69728213101605,0,-0.23986951527840955,2.384754998725545,6.110611774692497
2007-12-21,-9.676452682234304,10.55022937919202,0,-0.1909555044599892,2.4819302940935613,5.8474795633165915
2007-12-27,-9.535673233249108,-1.20245813212434,0,-0.2306893298819232,2.5658299048160917,5.709520599804957
2007-12-28,-9.535673233249108,1.62518828195206,0,-0.2306893298819232,2.5658299048160917,5.709520599804957
2008-01-02,-9.535673233249108,-2.3016889021052402,0,-0.2306893298819232,2.5658299048160917,5.709520599804957
2008-01-03,-9.535673233249108,-2.1927976503753404,0,-0.2306893298819232,2.5658299048160917,5.709520599804957
2008-01-04,-9.520346719447307,-4.39194191781056,0,-0.25628775884970234,2.7766689372891467,5.468521143040222
2008-01-07,-9.524311402599098,2.79386200753043,0,-0.2597401565789919,2.787957351141931,5.467825607977552
2008-01-08,-9.475292939709195,4.32652431771901,0,-0.22811540550608922,2.713298460051951,5.420372923438961
2008-01-09,-9.457948785896328,-5.1229949662209,0,-0.2104707738700316,2.647000188475505,5.442126417903607
2008-01-10,-9.47237716654492,-3.4388574641855496,0,-0.23615497552957715,2.8004995326008566,5.315620102871055
2008-01-11,-9.637374231319978,0.51338368761722,0,-0.2807333379691361,2.7383798754388624,5.7225761248465945
2008-01-14,-9.637374231319978,-0.4511673918058401,0,-0.2807333379691361,2.7383798754388624,5.7225761248465945
2008-01-15,-9.622112628766665,-7.04082886813916,0,-0.2587819081096032,2.6216509276362694,5.804524596417735
2008-01-16,-9.51671527026214,-4.97997535959722,0,-0.11873188173919731,2.089905560347889,6.083259951223363
2008-01-17,-9.51671527026214,-7.12317422958255,0,-0.11873188173919731,2.089905560347889,6.083259951223363
2008-01-18,-9.440714961408807,-3.2318267639985403,0,0.010971919600546921,1.7431175336853237,6.222908537486736
2008-01-21,-9.690532437247965,-20.748059845998228,1,-0.1664887314597651,2.299915422230497,6.066545631490001
2008-01-22,-11.540844783406158,0.2821780615034599,0,0.10401765378193004,2.8258214369166117,5.852975741609992
2008-01-23,-11.540844783406158,-13.526500784805739,1,0.10401765378193004,2.8258214369166117,5.852975741609992
2008-01-24,-11.49605635638374,12.88576454801958,0,0.12861816456827452,2.8284307137615627,5.6688721112638465
2008-01-25,-11.49605635638374,1.3469935264542297,0,0.12861816456827452,2.8284307137615627,5.6688721112638465
2008-01-28,-11.633335852471085,-0.46125680286318,0,0.09558804522745663,3.036611073670547,5.569504434138901
2008-01-29,-11.642391371257828,3.9891844743081,0,0.09233467664964702,3.051517929727026,5.567397529735352
2008-01-30,-11.651528830833607,-0.47304565506620005,0,0.0962322431705014,3.0156546633462558,5.6258959416872445
2008-01-31,-11.608898539055108,0.9925340180665299,0,0.10526325362024579,2.947688003405251,5.668761713014494
2008-02-01,-11.67333764909391,5.6083872225311495,0,0.1036340087191402,3.079622214266353,5.476854750133627
2008-02-04,-11.783957165134419,5.97956323919326,0,0.09793457114849612,2.9515326719714996,5.876994961657854
2008-02-05,-11.783957165134419,-16.15516148370056,1,0.09793457114849612,2.9515326719714996,5.876994961657854
2008-02-06,-11.722149119207302,2.03906988150135,0,0.10442065271481776,2.838575926007799,6.006436401553321
2008-02-07,-11.4548098144605,-7.0259876875867295,0,0.19219894154482245,2.3975583529442357,6.204977948327561
2008-02-08,-11.4548098144605,1.8223060661392398,0,0.19219894154482245,2.3975583529442357,6.204977948327561
2008-02-11,-11.219821094007857,-0.13650108373955003,0,0.30025915160368194,1.9815276992788617,6.395180490543977
2008-02-12,-11.683173016212884,13.012480508956239,0,0.15335792941370846,2.6177582273025903,6.161357902488394
2008-02-13,-11.681466135036828,0.34003899368527,0,0.07482593621136777,2.8760979930401036,6.048872308680201
2008-02-14,-11.681466135036828,-0.005461925428180102,0,0.07482593621136777,2.8760979930401036,6.048872308680201
2008-02-15,-11.647127111315832,-6.75322374804989,0,0.0935959083320081,2.898953121932463,5.869017261129908
2008-02-18,-11.647127111315832,1.7129249248799001,0,0.0935959083320081,2.898953121932463,5.869017261129908
2008-02-19,-11.787297472369708,2.7456175326761105,0,0.061813852496797765,3.1106292836614937,5.768887896018195
2008-02-20,-11.796670534388088,-4.7479463454509,0,0.05912925444440327,3.124741478950855,5.7660420509468135
2008-02-21,-11.839593778999928,0.7264779276935801,0,0.0572862142672351,3.104844491066676,5.857627507465375
2008-02-22,-11.795612071513144,-5.1174578357113605,0,0.06612890639292968,3.034647122659954,5.900562404256576
2008-02-25,-11.875276512064602,4.57864475999022,0,0.058184195777197495,3.1908768188959047,5.7224201676582975
2008-02-26,-11.714043505278271,6.956099064049889,0,0.10760143681690881,2.9148289007988546,5.82715281776385
2008-02-27,-12.88368300975246,0.4118857788207999,0,0.13240382855055288,3.287423931952425,6.086469324968597
2008-02-28,-12.821584878175756,-9.2303550924356,0,0.14183484168115246,3.1689638818506474,6.210216633273889
2008-02-29,-12.601843728057784,-6.882047505704761,0,0.25359444520380603,2.6854828672413347,6.358561956946288
2008-03-03,-12.601843728057784,-1.87188153554361,0,0.25359444520380603,2.6854828672413347,6.358561956946288
2008-03-04,-12.425975981814108,-11.068866552579031,0,0.38895592256528533,2.224103561060489,6.503692031329363
2008-03-05,-12.810104086544726,5.74035863631652,0,0.19990607822227208,2.930499098124888,6.34525140517088
2008-03-06,-12.757029624819204,-5.67815636461532,0,0.10846717467652903,3.213503055989446,6.261620845314468
2008-03-07,-12.757029624819204,-4.22973797807043,0,0.10846717467652903,3.213503055989446,6.261620845314468
2008-03-10,-12.741091629359389,-4.83732634289509,0,0.13136137490484445,3.229992656422838,6.069238985880695
2008-03-11,-12.741091629359389,2.5414729627642703,0,0.13136137490484445,3.229992656422838,6.069238985880695
2008-03-12,-12.690219171249387,3.69478107316367,0,0.10750838635887172,3.3691362207490556,5.88639096536091
2008-03-13,-12.025094506280777,-5.25381861617149,0,0.05688106940992402,3.2129476693187247,5.837181743891627
2008-03-14,-12.067525656613004,-2.1419976881475797,0,0.05458048609607419,3.1935111224517367,5.930181434060677
2008-03-17,-12.025025264640513,-23.273504193930588,1,0.0642065282044762,3.1221024150467622,5.970942114943627
2008-03-18,-13.71608132122146,14.77606006224467,0,0.2248588654357176,3.5322129290012043,5.732359226813164
2008-03-19,-13.548470279280854,1.3427745500340995,0,0.2900580815575597,3.209253696776778,5.813504858449292
2008-03-20,-14.828444184625294,-4.823562635373489,0,0.29386589119016193,3.6026843118729177,6.112279771939963
2008-03-25,-14.730592205727785,8.329849690114631,0,0.29237437647152825,3.505713673795972,6.261611473012867
2008-03-26,-14.519032346244407,-1.3538900294507696,0,0.4173406727188178,2.9660722375544912,6.3878950990192855
2008-03-27,-14.519032346244407,3.7782799386071,0,0.4173406727188178,2.9660722375544912,6.3878950990192855
2008-03-28,-14.362444172027718,-1.8218440526231698,0,0.5657522162393782,2.449641220736161,6.51608110475186
2008-03-31,-14.716396251089556,0.7735010851062201,0,0.3485948834162378,3.2531207347725966,6.40198532556197
2008-04-01,-14.609239196833554,10.01550169043392,0,0.23506385323661144,3.6120342395374565,6.36324397635814
2008-04-02,-14.609239196833554,0.41289403035447997,0,0.23506385323661144,3.6120342395374565,6.36324397635814
2008-04-03,-14.620285277758045,-1.80994651416314,0,0.26743912286918614,3.596250025786473,6.1447131616793165
2008-04-04,-14.620285277758045,-0.59126226896255,0,0.26743912286918614,3.596250025786473,6.1447131616793165
2008-04-07,-14.784153998449444,2.67279992770012,0,0.1821900904251858,3.732320762894174,6.690267245281857
2008-04-08,-13.599048904545796,-0.72640367448831,0,0.17774608947652237,3.359552670539016,6.344682036133919
2008-04-09,-13.938049035166394,0.20267542801493987,0,0.14857248940938111,3.507023694784891,6.5742027934032095
2008-04-10,-13.938049035166394,-1.80146687613657,0,0.14857248940938111,3.507023694784891,6.5742027934032095
2008-04-11,-14.0960538940671,-8.65006378729245,0,0.13477371583546377,3.71865334885083,6.38986542859447
2008-04-14,-14.106417079385366,-3.5084853871860595,0,0.1898125867239719,3.45097420285778,6.5673794366133045
2008-04-15,-15.26913719404989,1.33129531203095,0,0.166111235771569,3.8847942835283638,6.973926986073279
2008-04-16,-15.26913719404989,3.17795925181876,0,0.166111235771569,3.8847942835283638,6.973926986073279
2008-04-17,-15.013254459717142,0.24941443706164015,0,0.2838541533987615,3.30879246897989,7.0873722358400775
2008-04-18,-15.013254459717142,6.9985729405873,0,0.2838541533987615,3.30879246897989,7.0873722358400775
2008-04-21,-15.261175670057757,-1.4354800728383499,0,0.6866016327464701,2.2951764364907628,6.880231440406545
2008-04-22,-15.237217210731936,-5.073815268700129,0,0.22277211024334814,3.6046769937360517,7.106282704380499
2008-04-23,-15.190926092039467,5.0364982372507,0,0.1452239238357902,3.909850446008954,7.007448609568323
2008-04-24,-15.190926092039467,2.3401292793054402,0,0.1452239238357902,3.909850446008954,7.007448609568323
2008-04-25,-14.916159080183881,8.218326506337311,0,0.1820149608727522,3.81164379633924,6.65164881891133
2008-04-28,-14.916159080183881,1.09150120499165,0,0.1820149608727522,3.81164379633924,6.65164881891133
2008-04-29,-15.026247161827811,-2.60238060201169,0,0.12077771715505556,3.8373068237823706,7.179129339871292
2008-04-30,-13.909626091746008,4.9228939872104,0,0.1272446023998704,3.46342130137344,6.783521213955185
2008-05-02,-14.211962246055919,5.56142347386427,0,0.09917507271407315,3.5859183841742652,7.027007110463574
2008-05-05,-14.211962246055919,0.47055056719539,0,0.09917507271407315,3.5859183841742652,7.027007110463574
2008-05-06,-14.380704406742534,-0.013473826477150043,0,0.08960704861093569,3.8594201983250054,6.716985930108716
2008-05-07,-14.378604470527687,3.2073141332197506,0,0.13437781435866947,3.6029805735247145,6.914936622949849
2008-05-08,-15.47655149332948,1.4074920797661299,0,0.09995969307216356,4.041137871484837,7.373508525009305
2008-05-09,-15.47655149332948,-4.2255249418603205,0,0.09995969307216356,4.041137871484837,7.373508525009305
2008-05-12,-15.190747470643664,0.30729408189139,0,0.20267115331800295,3.4744339605017993,7.5053638927129835
2008-05-13,-15.190747470643664,1.90260989086718,0,0.20267115331800295,3.4744339605017993,7.5053638927129835
2008-05-14,-14.954840312879162,-0.3961986422306001,0,0.46138258345856276,2.6119254629983986,7.460686936201103
2008-05-15,-15.423186116764498,-2.3147691761783196,0,0.14886698571146345,3.763007213119451,7.519617631670208
2008-05-16,-15.41147439926421,3.5567926398697103,0,0.09226698105677043,4.035517910247543,7.37803401526002
2008-05-19,-15.41147439926421,1.24948876189146,0,0.09226698105677043,4.035517910247543,7.37803401526002
2008-05-20,-14.90885185774716,-5.689497903365321,0,0.19178559872892767,3.8032848635541723,6.584288642791993
2008-05-21,-14.928993857807365,-6.3176915059145,0,0.17439810307461928,3.8227025957245786,6.701097898624306
2008-05-22,-15.059324501478901,3.5714133372463297,0,0.10758125428255005,3.842379189438395,7.299268519151131
2008-05-23,-13.959483619132374,-5.11655734053004,0,0.1151189200097909,3.4730006829295927,6.895296292990075
2008-05-26,-14.253011811354918,-0.09883146062546,0,0.08814917054715814,3.586851869462005,7.140275563482357
2008-05-27,-14.253011811354918,1.7651268306346102,0,0.08814917054715814,3.586851869462005,7.140275563482357
2008-05-28,-14.259785744852122,5.944745703690411,0,0.0872853909429781,3.5892411596333265,7.148077082503074
2008-05-29,-14.00814395457842,2.00723995117906,0,0.19932853884789997,3.051182562810688,7.280823226846577
2008-05-30,-15.167556492502477,4.13399699757565,0,0.18288667713544876,3.4493759240462207,7.68223474942325
2008-06-02,-15.167556492502477,-6.69832732582646,0,0.18288667713544876,3.4493759240462207,7.68223474942325
2008-06-03,-15.082005733763783,1.62284323165207,0,0.23642394326976066,3.3890995577523406,7.334642175425463
2008-06-04,-15.082005733763783,-1.93191169194547,0,0.23642394326976066,3.3890995577523406,7.334642175425463
2008-06-05,-14.911774833187629,-1.8911140114171,0,0.5397585480752558,2.460101868684469,7.24706893949734
2008-06-06,-15.31864608014535,-7.9462375957811,0,0.18031209018454797,3.682083598263361,7.348148156689165
2008-06-09,-15.392998865322491,0.8428234953698399,0,0.09528414409362983,4.025053114630328,7.3576366965752875
2008-06-10,-15.392998865322491,0.1348802456623402,0,0.09528414409362983,4.025053114630328,7.3576366965752875
2008-06-11,-14.886075316226847,-6.774308173524981,0,0.19484885675120528,3.7900663994417485,6.565822835869673
2008-06-12,-14.888789449892558,3.60317174548706,0,0.18990105187750894,3.7935956725552735,6.600548392491675
2008-06-13,-15.004401828195366,2.79694463102573,0,0.1261805035200041,3.8307900460093105,7.130379082428724
2008-06-16,-13.881248567395811,-3.74386148596268,0,0.13184457954109355,3.4560933878796694,6.739084557191413
2008-06-17,-14.186862070321919,4.75152239968622,0,0.1035416313519405,3.581379168848664,6.981425506029774
2008-06-18,-14.186862070321919,-5.41234941340809,0,0.1035416313519405,3.581379168848664,6.981425506029774
2008-06-19,-14.193824745539295,0.33467533015647993,0,0.10260493232371881,3.5841206214261545,6.989235581263237
2008-06-20,-13.984253379787837,-8.02165524672699,0,0.22431839291932887,3.0482851863223344,7.0979680595002765
2008-06-23,-15.243518447063334,3.27115812342687,0,0.1993546965478825,3.556041603384083,7.4028735977358044
2008-06-24,-15.243518447063334,-3.7197470155085304,0,0.1993546965478825,3.556041603384083,7.4028735977358044
2008-06-25,-15.243518447063334,2.8609896052987605,0,0.1993546965478825,3.556041603384083,7.4028735977358044
2008-06-26,-15.152745585629823,-8.01109060897983,0,0.19690694492224348,3.4409444193654153,7.583846372634591
2008-06-27,-14.81165900995898,0.9233641396803801,0,0.5444038861953313,2.3244875777677256,7.533648845480521
2008-06-30,-15.411919490836965,1.24364127501831,0,0.1328701312462015,3.739567953028887,7.67640576666357
2008-07-01,-15.426623067264579,-3.91270549151611,0,0.07855364795416389,4.021031851361904,7.524274989085306
2008-07-02,-15.426623067264579,-3.96486633685938,0,0.07855364795416389,4.021031851361904,7.524274989085306
2008-07-03,-14.947498863573088,2.2930465638916298,0,0.16690794886479068,3.839742427454629,6.742214268933365
2008-07-04,-14.949327802606401,-1.65256357710865,0,0.1627899685970764,3.840067665405682,6.7757108587655726
2008-07-07,-14.933110278295327,8.582787607438942,0,0.1412753466044895,3.793910122155987,7.0221446406078565
2008-07-08,-13.793184350100413,-1.2705089955982198,0,0.14366122922566638,3.4205275448087757,6.644544293333068
2008-07-09,-14.13563065607238,4.75852951391081,0,0.11077781949839322,3.561114878247015,6.921876607670147
2008-07-10,-14.13563065607238,-3.7499293032636603,0,0.11077781949839322,3.561114878247015,6.921876607670147
2008-07-11,-14.14290487039219,-8.06100182957346,0,0.10983521173705309,3.564077307141599,6.929574400451946
2008-07-14,-13.937579228584823,1.1511898969406802,0,0.23637845185604578,3.020315038327796,7.033551840993898
2008-07-15,-15.290187186999635,-5.32508709750089,0,0.1852790214065333,3.594314564371356,7.472315076458563
2008-07-16,-15.290187186999635,2.8473099093676497,0,0.1852790214065333,3.594314564371356,7.472315076458563
2008-07-17,-15.290187186999635,5.042964498439,0,0.1852790214065333,3.594314564371356,7.472315076458563
2008-07-18,-15.201108567585191,6.25563143398485,0,0.18497588164325973,3.4729085689862167,7.649512402922172
2008-07-21,-14.847478087364085,1.5696038513331698,0,0.5149474064979056,2.383724237836313,7.613211700799771
2008-07-22,-15.22723162235144,2.11332398157454,0,0.157976805929496,3.6383447594715435,7.518623431961985
2008-07-23,-15.05900394819449,3.3477554211395795,0,0.10720713656243042,3.8512810308181944,7.283715286629906
2008-07-24,-15.05900394819449,-6.49935949914946,0,0.10720713656243042,3.8512810308181944,7.283715286629906
2008-07-25,-14.526054490097895,5.64430405621612,0,0.18991069099052738,3.656312430152653,6.537675192358635
2008-07-28,-14.529256285436649,-4.4846170349230805,0,0.18557806833368803,3.6578435374447933,6.570907466279962
2008-07-29,-14.529883130903718,-0.3892115185161601,0,0.16056129729455426,3.6276094537065795,6.824965694039548
2008-07-30,-13.373943856546301,3.4206753891810298,0,0.15149980276385872,3.2707313506102604,6.487014750940368
2008-07-31,-13.7363976338529,1.4165728945753302,0,0.12350403255946057,3.410094174521202,6.744868429639503
2008-08-01,-13.7363976338529,-8.609412058513291,0,0.12350403255946057,3.410094174521202,6.744868429639503
2008-08-04,-13.806731829339295,-4.02330032243316,0,0.11881178141410778,3.4375644598975765,6.7901455153364765
2008-08-05,-13.549800564578504,7.368651990509711,0,0.24394231711081743,2.885146669233338,6.905660921376065
2008-08-06,-14.951145760454224,1.72545540477455,0,0.2145505720464796,3.4275707179953097,7.28139789232036
2008-08-07,-14.951145760454224,-0.27164731779201,0,0.2145505720464796,3.4275707179953097,7.28139789232036
2008-08-08,-14.951145760454224,4.55182673115729,0,0.2145505720464796,3.4275707179953097,7.28139789232036
2008-08-11,-14.854431020880691,4.113679811321759,0,0.20853852100947717,3.3196384095903833,7.46950395008811
2008-08-12,-14.359427083133399,-0.8716248494216001,0,0.5283516851151924,2.2328534423028357,7.486355442788953
2008-08-13,-14.887573891676727,-10.553153289691071,0,0.17977304026461627,3.488511987905408,7.340016987311005
2008-08-14,-15.347846777915358,-0.02734753824012999,0,0.08110114684082667,3.98693793401271,7.493796732584697
2008-08-15,-15.347846777915358,2.8485545118181,0,0.08110114684082667,3.98693793401271,7.493796732584697
2008-08-18,-14.861108404425277,-0.7980104548151601,0,0.1672373196031794,3.8086587821990383,6.719673132792957
2008-08-19,-14.867294835409965,-7.43846116599175,0,0.16261940261396948,3.8111695269231882,6.756514637702427
2008-08-20,-14.859954087543723,1.90795668869271,0,0.14028690371406677,3.7686514139455456,7.009055577735875
2008-08-21,-13.72147523522601,-6.50595864394643,0,0.14120849594961382,3.398214991538379,6.636054537745547
2008-08-22,-14.065072682208001,5.63568490940388,0,0.10925459362783269,3.536887138852672,6.910695802821665
2008-08-25,-14.065072682208001,-4.2736564287593,0,0.10925459362783269,3.536887138852672,6.910695802821665
2008-08-26,-14.072531958330675,0.93445093098833,0,0.10834551658831448,3.539808235304214,6.918388692437045
2008-08-27,-13.853272295807725,-0.66823556249594,0,0.23256107942986665,2.998025551623946,7.025755075020364
2008-08-28,-15.209730806390663,5.56483021630219,0,0.1854665373003937,3.564949463973625,7.454326094958301
2008-08-29,-15.209730806390663,-2.2690158371822102,0,0.1854665373003937,3.564949463973625,7.454326094958301
2008-09-01,-15.209730806390663,1.95672369230162,0,0.1854665373003937,3.564949463973625,7.454326094958301
2008-09-02,-15.11903801811584,6.822693052001321,0,0.1846520186584383,3.443975283919358,7.632695605155008
2008-09-03,-14.725276007681867,-3.7424661663038794,0,0.5028904295113162,2.3716761322372726,7.618414872769478
2008-09-04,-14.661569486241307,-10.294196478371909,0,0.1886856204985686,3.400197772474929,7.2415437437477035
2008-09-05,-14.927019030383416,-7.24150855159922,0,0.10830376583500155,3.801102956874124,7.2450877895134145
2008-09-08,-14.927019030383416,7.11648784349662,0,0.10830376583500155,3.801102956874124,7.2450877895134145
2008-09-09,-14.449536073073615,0.7134506022807401,0,0.1821361442484016,3.6422967563994897,6.5512857179883515
2008-09-10,-14.457623094143258,-0.06651340611346004,0,0.177526246862861,3.6455477776387344,6.587366383530233
2008-09-11,-14.458383789739656,-2.06240123572854,0,0.15359231800017875,3.6111095413882475,6.83951752596186
2008-09-12,-13.311011972654349,4.332610515266009,0,0.14433890607967206,3.25591920014786,6.5019909470212
2008-09-15,-13.670675644041516,-2.0669947649125495,0,0.11699355110481675,3.3920538385543977,6.758889363031759
2008-09-16,-13.670675644041516,-3.03974421577382,0,0.11699355110481675,3.3920538385543977,6.758889363031759
2008-09-17,-13.678331538473017,-6.39825384275541,0,0.11615272734740287,3.3949256523614544,6.766194940444636
2008-09-18,-13.407589148567512,-0.33355360980033,0,0.2371565771036912,2.848445062211657,6.891468638131695
2008-09-19,-15.014780172571651,25.057194711213093,0,0.19341986540406778,3.483955566355215,7.377095293057753
2008-09-22,-15.014780172571651,-13.03831704895484,0,0.19341986540406778,3.483955566355215,7.377095293057753
2008-09-23,-15.383705681201054,-1.7444769017444801,0,0.1844068736384905,3.6266490544307652,7.50214090572149
2008-09-24,-15.294304124945402,-3.4428969154634803,0,0.1847298477187382,3.5034460788730124,7.678115006764905
2008-09-25,-14.95241754216319,3.5229455308191397,0,0.5148642080117165,2.410937467283233,7.636205066307445
2008-09-26,-14.95241754216319,-6.57609648523603,0,0.5148642080117165,2.410937467283233,7.636205066307445
2008-09-29,-14.95241754216319,-8.833056178607029,0,0.5148642080117165,2.410937467283233,7.636205066307445
2008-09-30,-14.95241754216319,0.44079433405858004,0,0.5148642080117165,2.410937467283233,7.636205066307445
2008-10-01,-14.804022564528736,-6.48482025694402,0,0.3099922129536459,3.0821641204448627,7.226272454088323
2008-10-02,-14.779548238571032,-15.45621361539127,1,0.3076454012463841,3.063603569529308,7.2650738083834945
2008-10-03,-14.990670356508431,9.292395339917421,0,0.5949113418303791,2.350601457591356,7.222391092649923
2008-10-06,-13.421671396478425,-18.175260165976752,1,0.5694874496884038,2.00465203819051,6.974947845346479
2008-10-07,-14.15015890714242,-1.8271581484972603,0,0.47520404182167375,2.3406811574723427,7.336787073705428
2008-10-08,-14.15015890714242,-26.3201117269068,1,0.47520404182167375,2.3406811574723427,7.336787073705428
2008-10-09,-14.998574744537148,-5.6163057667377805,0,0.5573790348938061,2.4191656678606437,7.318773326719306
2008-10-10,-15.361902732041251,-25.25150413501675,1,0.5597251271867465,2.506915819572842,7.383592998039609
2008-10-13,-17.202474007315196,27.23058037116106,0,0.3292784711015336,3.6069943737490284,8.161303028874435
2008-10-14,-17.202474007315196,9.82029906778396,0,0.3292784711015336,3.6069943737490284,8.161303028874435
2008-10-15,-17.202474007315196,-33.35372945595704,1,0.3292784711015336,3.6069943737490284,8.161303028874435
2008-10-16,-17.72332187057342,-19.07332601617549,1,0.5819458117345042,2.971920073424041,8.037584775137175
2008-10-17,-17.516275462054644,11.947217196743319,0,0.5694058349315911,2.913088906452935,8.148944196559807
2008-10-20,-17.516275462054644,12.14477304230306,0,0.5694058349315911,2.913088906452935,8.148944196559807
2008-10-21,-17.516275462054644,9.55563706184939,0,0.5694058349315911,2.913088906452935,8.148944196559807
2008-10-22,-17.516275462054644,-15.731861197936347,0,0.5694058349315911,2.913088906452935,8.148944196559807
2008-10-23,-17.678786745364967,-6.830497962549719,0,0.4153147062458429,3.6678697402502767,7.644685438629336
2008-10-24,-17.635228285305644,-16.15979434066596,0,0.411844944498544,3.648873692648154,7.688629482462571
2008-10-27,-17.303217301845933,-27.59507339884578,1,0.6182615261327654,2.8426551876718644,7.669042011874671
2008-10-28,-15.624803220443377,-0.9552238773250199,0,0.6229184206995794,2.4338378504854656,7.3344666749400655
2008-10-29,-16.577008130203957,42.3019570567974,0,0.608899791684195,2.7082965536137555,7.490622549426439
2008-10-30,-16.577008130203957,3.5606219258816996,0,0.608899791684195,2.7082965536137555,7.490622549426439
2008-10-31,-16.576803743689773,9.49754910358685,0,0.6048615576508489,2.7163021388095743,7.503193689046858
2008-11-03,-16.948854092993624,5.49565469331917,0,0.6004770423454187,2.816798278071495,7.583921484947963
2008-11-04,-18.626056936871286,19.11405278403437,0,0.3399422771284284,3.994236887264834,8.506217605974225
2008-11-05,-18.626056936871286,-6.412333024573991,0,0.3399422771284284,3.994236887264834,8.506217605974225
2008-11-06,-18.626056936871286,-23.16204835029701,1,0.3399422771284284,3.994236887264834,8.506217605974225
2008-11-07,-18.502913779159602,5.22642581995747,0,0.5125056187914465,3.3330366547414334,8.413635454623995
2008-11-10,-18.803707739300613,8.976206967793509,0,0.5268323488048003,3.3366295173414375,8.549543569884664
2008-11-11,-18.803707739300613,-20.85679229783084,1,0.5268323488048003,3.3366295173414375,8.549543569884664
2008-11-12,-19.276496005257094,-7.93438880617597,0,0.5487278942116478,3.4036884679484594,8.570372492617178
2008-11-13,-19.276496005257094,11.45110707416597,0,0.5487278942116478,3.4036884679484594,8.570372492617178
2008-11-14,-20.43998828294435,-2.09384947532679,0,0.45932108879958305,4.312765964576004,8.092284506314073
2008-11-17,-20.391591266797136,-0.3479650858680601,0,0.45674866125495145,4.2920310457695345,8.136077881996364
2008-11-18,-20.437183278386073,0.8314931599313701,0,0.6912182875964252,3.3894970049882804,7.997225518593657
2008-11-19,-18.661727151687085,-22.084903370884017,1,0.7336142416088044,2.886405876529816,7.559309006246953
2008-11-20,-19.141615584551822,-3.7273116895768705,0,0.5931557787934216,3.3075056223202584,8.231582321115255
2008-11-21,-19.28205214137016,-6.800032350440681,0,0.6013710103987954,3.3209530004781485,8.230326943053683
2008-11-24,-19.277744626820333,33.11634702865864,0,0.5980119252367975,3.3274281676012016,8.244475130345805
2008-11-25,-19.64393614037305,3.6381528309698,0,0.5861680165163357,3.4469217912568917,8.359103148975343
2008-11-26,-21.141396838761352,-1.3365726300425302,0,0.3124891432716599,4.714106269836968,9.522410775743715
2008-11-27,-21.141396838761352,9.37608857991563,0,0.3124891432716599,4.714106269836968,9.522410775743715
2008-11-28,-21.141396838761352,-9.294376572561621,0,0.3124891432716599,4.714106269836968,9.522410775743715
2008-12-01,-21.05428081064236,-13.778311247823199,0,0.538367540182595,3.785894559686776,9.276331217631729
2008-12-02,-21.86654262950001,9.167353381247919,0,0.7032863733500485,3.4162721201212696,9.160335066696554
2008-12-03,-21.199856600132705,6.51947493968945,0,0.6615686154716727,3.382791114572718,9.181978793695093
2008-12-04,-21.76213858601251,2.9795338712340502,0,0.6832222465936066,3.451431480095385,9.205821230141446
2008-12-05,-21.76213858601251,-18.84907731525579,0,0.6832222465936066,3.451431480095385,9.205821230141446
2008-12-08,-22.518788432171597,21.3687741496739,0,0.5251045793776875,4.39838573045882,9.026309929913555
2008-12-09,-22.605250529950595,8.24584515190738,0,0.5775938850018512,4.207559739013378,8.95629713529171
2008-12-10,-22.600573735177477,1.7026145177619898,0,0.5743726599670365,4.216322636146675,8.970308216416324
2008-12-11,-21.220509360711397,-3.43300100600932,0,0.6708428156410196,3.5986525477897624,8.305283493311716
2008-12-12,-21.683330375028383,-4.78813466995725,0,0.5587615176848431,4.013670775177982,8.922866977264047
2008-12-15,-21.685943311003534,-1.0384449614341,0,0.5599261203755757,4.010702140408964,8.91906598897078
2008-12-16,-21.67437343595728,4.68033147857191,0,0.5566547065768563,4.016020403334064,8.935093141087918
2008-12-17,-21.934607146099196,1.4687660752800697,0,0.5287619929034162,4.165142894799089,9.108076458414715
2008-12-18,-22.779109916097234,4.36165335940679,0,0.20996009629962537,5.456322430786965,10.624095527123659
2008-12-19,-22.779109916097234,0.17684082798543022,0,0.20996009629962537,5.456322430786965,10.624095527123659
2008-12-22,-22.779109916097234,-6.6434013562154,0,0.20996009629962537,5.456322430786965,10.624095527123659
2008-12-23,-22.75991914811303,-0.2864086418552101,0,0.4150868951263893,4.548175926211877,10.320500029212669
2008-12-29,-23.370284931006353,4.60186505220509,0,0.5378935028243443,4.220377182476751,10.247259440384202
2008-12-30,-22.66726628877484,6.300538900967889,0,0.49422054192403014,4.173950068166311,10.27320445204779
2009-01-02,-22.573058022674225,11.5710950095102,0,0.47176292594344554,4.219256165018586,10.335476815934658
2009-01-05,-22.573058022674225,-3.24028204293925,0,0.47176292594344554,4.219256165018586,10.335476815934658
2009-01-06,-23.587443748216348,5.26626108588297,0,0.33905898371213156,5.288801042890697,10.199604897009861
2009-01-07,-23.668001274185038,-1.9397098049700598,0,0.38501103028358197,5.110277561303098,10.115165748934745
2009-01-08,-23.65906050557857,-3.97411860410699,0,0.38175828236656484,5.117567278935711,10.131830779989267
2009-01-09,-23.030470571783262,-1.8485803874272801,0,0.5721641622320967,4.3238024932799135,9.085757724877407
2009-01-12,-23.160171529545238,-3.39040304873528,0,0.44099622553335566,4.752523648439951,9.809708701037028
2009-01-13,-23.17425412492979,-7.787733749606581,0,0.4439875086493579,4.746074488982633,9.800542502579798
2009-01-14,-23.17425412492979,-19.428489788172882,0,0.4439875086493579,4.746074488982633,9.800542502579798
2009-01-15,-23.345663167714754,-2.1247070894679103,0,0.39371988656044743,4.957370714260934,10.080895362819259
2009-01-16,-22.58996964666808,0.68075922728824,0,0.20663139967453154,5.402807727481175,10.593033099995047
2009-01-19,-22.58996964666808,-1.9405689947886402,0,0.20663139967453154,5.402807727481175,10.593033099995047
2009-01-20,-22.58996964666808,-6.08402303773901,0,0.20663139967453154,5.402807727481175,10.593033099995047
2009-01-21,-22.543422407837596,5.17137189543498,0,0.40739573880903224,4.509889918829524,10.305779438936362
2009-01-22,-23.132299929073284,-5.50243325659003,0,0.5283671837355994,4.188808516996561,10.238281523019154
2009-01-23,-22.435206888085787,-5.8637850605011,0,0.48377716853901326,4.143377094657689,10.265862372400292
2009-01-26,-22.342382391261623,7.76124204231733,0,0.46098386918872336,4.188891551652599,10.328573562994862
2009-01-27,-22.342382391261623,2.0137391244636405,0,0.46098386918872336,4.188891551652599,10.328573562994862
2009-01-28,-23.378750954137217,12.46614568788223,0,0.3337643784380538,5.243216579690922,10.176866668298263
2009-01-29,-23.450860037398492,-6.46516702293582,0,0.3785660337477902,5.068589819094357,10.096592229990971
2009-01-30,-23.442415875664906,-4.01487104983668,0,0.3754047710513939,5.075519268240466,10.112852008313784
2009-02-02,-22.79628652993692,-5.74334431170437,0,0.5633801391370896,4.293797392999127,9.077773794507559
2009-02-03,-22.939093014440438,5.53958237338507,0,0.43348412179167994,4.715277531605103,9.795768030125934
2009-02-04,-22.95253156269121,10.55051167094541,0,0.43647073569883343,4.708836300538048,9.786580979252918
2009-02-05,-22.95253156269121,3.3586599881726604,0,0.43647073569883343,4.708836300538048,9.786580979252918
2009-02-06,-23.034677059476902,19.92559636647102,0,0.3847286700246614,4.896326593347002,10.052994851706824
2009-02-09,-22.956358763395592,2.8286385692769103,0,0.20009632696355634,5.548023700515662,10.714836190382329
2009-02-10,-22.956358763395592,-8.9612863748179,0,0.20009632696355634,5.548023700515662,10.714836190382329
2009-02-11,-21.848146345615653,5.11199737440763,0,0.3308955437076968,4.877893850551517,9.601492826541906
2009-02-12,-21.874636365137807,-4.47283101050328,0,0.5708625116299278,3.9020869426953206,9.307515806943924
2009-02-13,-22.80792529558174,4.85976043614019,0,0.741831916364718,3.5122293589776565,9.174161856185089
2009-02-16,-22.106277965047717,-2.10520311854114,0,0.7019119599804731,3.477125000956325,9.19335035363729
2009-02-17,-22.076823796124167,-12.336771746871081,0,0.6916358929800043,3.5012058402579425,9.220966889435426
2009-02-18,-22.076823796124167,-0.02951168855988987,0,0.6916358929800043,3.5012058402579425,9.220966889435426
2009-02-19,-22.642928560444524,1.6575173451065697,0,0.4860970612828638,4.538069923242327,9.281933677374903
2009-02-20,-22.942833097523668,-13.005621857279671,0,0.41597045639787966,4.790923807006069,9.827578986546582
2009-02-23,-23.016625097604035,-7.8182804409110105,0,0.403448873627958,4.852736860773631,9.90185771431565
2009-02-24,-23.016625097604035,-7.052777177793729,0,0.403448873627958,4.852736860773631,9.90185771431565
2009-02-25,-23.175929166205037,0.8354516625109502,0,0.3377815284102318,5.095176415713644,10.294810330663655
2009-02-26,-23.200709274925792,2.69319988756296,0,0.3433261256014898,5.08321637028515,10.277805380436675
2009-02-27,-23.200709274925792,-7.418912705291531,0,0.3433261256014898,5.08321637028515,10.277805380436675
2009-03-02,-23.200709274925792,-10.74539378700277,0,0.3433261256014898,5.08321637028515,10.277805380436675
2009-03-03,-23.108428111985575,-2.32961120056784,0,0.16402992229116198,5.705050539440763,10.950727879960095
2009-03-04,-23.108428111985575,17.751177899335772,0,0.16402992229116198,5.705050539440763,10.950727879960095
2009-03-05,-22.088180262231187,-16.531552810878942,0,0.3096944370508497,5.014043069954981,9.764417952249083
2009-03-06,-22.865213947715013,-1.96472322858266,0,0.5531389755298773,4.209967126424262,9.560651409094248
2009-03-09,-23.98219531143548,5.24321796604274,0,0.7323780648122812,3.8002940280952235,9.384630382624424
2009-03-10,-23.204062178663932,19.921068534625608,0,0.6878191088093594,3.7713650156726652,9.41428754603124
2009-03-11,-23.134562480035346,7.14993742592588,0,0.6723031330302612,3.8056210620252853,9.454665410050056
2009-03-12,-23.134562480035346,5.46121294222041,0,0.6723031330302612,3.8056210620252853,9.454665410050056
2009-03-13,-21.526715008847958,-6.48410883122566,0,0.44570201561464146,4.359609836591819,9.220156467237647
2009-03-16,-21.751856530156488,0.5855798839751899,0,0.5454893502692737,4.100093784225658,8.89957199123158
2009-03-17,-21.747635060541327,-8.9221649892453,0,0.5421630965280787,4.108769784820277,8.913601002792177
2009-03-18,-21.747635060541327,-1.1172985328585898,0,0.5421630965280787,4.108769784820277,8.913601002792177
2009-03-19,-21.834145592619095,-1.5474786121486401,0,0.4046833875422182,4.493684721173439,9.674354301980713
2009-03-20,-21.845916037603804,12.720174681297259,0,0.40762814380937473,4.487668437123862,9.665666856798577
2009-03-23,-21.845916037603804,7.409697267640861,0,0.40762814380937473,4.487668437123862,9.665666856798577
2009-03-24,-21.845916037603804,0.35792880268357,0,0.40762814380937473,4.487668437123862,9.665666856798577
2009-03-25,-21.886906963654425,-4.69902829203982,0,0.2262827751429614,5.135318330895814,10.263600222622525
2009-03-26,-22.121255812418084,0.16892932662055998,0,0.16755028351872434,5.352390160885855,10.676482513924283
2009-03-27,-20.993600908061776,1.9549291054464901,0,0.2845396410126986,4.747149639599503,9.614538305594078
2009-03-30,-20.940957716751218,-17.961182522753372,0,0.5075294941320998,3.8455223234816844,9.361235237958285
2009-03-31,-22.163271446297202,4.2251379812678795,0,0.674649663969325,3.571452863743793,9.292048819067574
2009-04-01,-21.460159408072887,3.6671954527282202,0,0.6278233954634571,3.544046648293344,9.323771681669143
2009-04-02,-21.408219984887545,22.00100680109312,0,0.6129828141964286,3.5749976082625077,9.361009716536618
2009-04-03,-21.408219984887545,6.135735431045081,0,0.6129828141964286,3.5749976082625077,9.361009716536618
2009-04-06,-22.320010676887236,-11.14561254809338,0,0.6187862104817439,3.7228682066960905,9.69549688401963
2009-04-07,-22.404492903382618,-6.49888538562743,0,0.45429070908713354,4.564100160930725,9.405354119005004
2009-04-08,-22.395011483740696,5.12630407493461,0,0.45037414266190057,4.573451163208894,9.422100872410384
2009-04-09,-22.395011483740696,9.10640573178191,0,0.45037414266190057,4.573451163208894,9.422100872410384
2009-04-14,-22.33673602951766,-0.015055416774140129,0,0.2982277840927966,4.959392750175428,10.285986487814679
2009-04-15,-22.773635750310433,0.7824136232713799,0,0.2607939466180318,5.221166565284811,10.548935358246524
2009-04-16,-22.773635750310433,4.82282145647343,0,0.2607939466180318,5.221166565284811,10.548935358246524
2009-04-17,-22.773635750310433,5.36194108919786,0,0.2607939466180318,5.221166565284811,10.548935358246524
2009-04-20,-22.760748077994,-10.160624321858219,0,0.10722865230869619,5.743915465862077,11.164215090469263
2009-04-21,-22.929072439680496,2.67573943526721,0,0.04831013031294261,5.918974656079648,11.619891478086394
2009-04-22,-22.032280384290758,5.9198847715210094,0,0.19206146035869728,5.329266047278399,10.36456398246705
2009-04-23,-22.0811182090483,-3.5569141183539195,0,0.39096865189775437,4.501053320053722,10.071167869351074
2009-04-24,-22.729483343336994,9.459358117180411,0,0.4751527330741279,4.336064380587897,10.108526519691344
2009-04-27,-21.927183776082842,-0.5270968235096399,0,0.4008352169205093,4.348213325040026,10.20734756120596
2009-04-28,-21.747342724329712,-8.67240519951423,0,0.35383620974686214,4.4430430550267985,10.331371988633766
2009-04-29,-21.747342724329712,7.425851155788829,0,0.35383620974686214,4.4430430550267985,10.331371988633766
2009-04-30,-23.037312351289085,-1.81337516512824,0,0.4481074157488885,4.432069157823975,10.494970643168692
2009-05-04,-23.02557520996251,6.924717387971,0,0.3978476873859761,4.682101382012785,10.44434918913798
2009-05-05,-23.009376761804393,-0.3262990205880698,0,0.3935672534770843,4.689369166286715,10.463676546725168
2009-05-06,-23.009376761804393,4.46265788961068,0,0.3935672534770843,4.689369166286715,10.463676546725168
2009-05-07,-22.96558841964631,-4.7821699356595095,0,0.34999144874159627,4.625986911740152,11.125675771044254
2009-05-08,-23.3025719108878,-0.4289799089927396,0,0.5842066087527313,3.986236628920425,10.27953623639841
2009-05-11,-23.014307151955887,-5.7723380117208,0,0.44569820081274897,4.336525194644887,10.772961673504433
2009-05-12,-23.014307151955887,-2.59452927567056,0,0.44569820081274897,4.336525194644887,10.772961673504433
2009-05-13,-23.928384280124227,-8.65945047008147,0,0.6928263442269857,3.6184595715547143,10.624557172978939
2009-05-14,-22.84154080770736,6.62366294912278,0,0.3648378964445844,4.323724136280798,11.607634804347068
2009-05-15,-22.039907702292673,0.4006844992323801,0,0.4330627855899584,4.113098396995468,10.580081282059325
2009-05-18,-22.034324753595033,6.598161323415999,0,0.4743771971478426,3.9940434180020175,10.418297793723255
2009-05-19,-22.432869497058697,11.34616682012874,0,0.4321289671001762,4.232666721900797,10.65127423676161
2009-05-20,-21.713283491038695,6.2634715716799505,0,0.3693274839449475,4.21278881167375,10.7176077890805
2009-05-21,-21.574450199839163,-9.778279305566889,0,0.32958771960136063,4.288080157747286,10.82275167027103
2009-05-22,-21.574450199839163,-2.01611253300626,0,0.32958771960136063,4.288080157747286,10.82275167027103
2009-05-25,-24.931676611664727,-0.4727784013045599,0,0.8572705923080859,3.3378882699593557,10.171424423345886
2009-05-26,-22.77498456415541,4.398647417930031,0,0.3599494010962353,4.5626101411755275,10.979016743609641
2009-05-27,-22.76692509559225,2.71190727373001,0,0.3588311311031107,4.560014535357298,10.991016525745792
2009-05-28,-22.7933409770872,-7.1053047404883705,0,0.3786340416724624,4.510354797039152,10.909037943669516
2009-05-29,-23.93586064222893,1.29985178344207,0,0.659075023217406,3.6932794346424114,10.850646804114795
2009-06-01,-26.464281556620406,12.416628103725039,0,1.1300923526588997,2.732888866447675,9.807694422250833
2009-06-02,-24.34667089627159,0.8637187863337501,0,0.7987500993141653,3.349330512876045,10.488331646253663
2009-06-03,-24.34667089627159,-1.64169971776097,0,0.7987500993141653,3.349330512876045,10.488331646253663
2009-06-04,-23.155508294319596,3.05083476484058,0,0.5731843234446139,3.737228983409434,11.089388029470461
2009-06-05,-22.70295274451523,3.6148123145305204,0,0.3677284970175816,4.172384687219166,11.83040502362309
2009-06-08,-21.863791849415485,-3.2534714623246694,0,0.36342793580251054,4.213691327652624,10.931420446287927
2009-06-09,-21.832913004947436,0.15190991426735997,0,0.3965408925507824,4.118480289004066,10.780977440254128
2009-06-10,-22.223103748414783,5.14810460164853,0,0.3555019774672761,4.351112368490359,11.024481307416366
2009-06-11,-21.55588127258061,3.69426855363413,0,0.30000461408659196,4.306766754908574,11.072389221861018
2009-06-12,-21.439474928028453,-1.69423508802708,0,0.2651366819581933,4.367819274568492,11.168864364250421
2009-06-15,-21.439474928028453,-13.66466414199706,0,0.2651366819581933,4.367819274568492,11.168864364250421
2009-06-16,-22.90875496503437,0.60844642885982,0,0.36438901799394374,4.333903018873159,11.65352893135343
2009-06-17,-22.76111131983739,-4.78432424720832,0,0.17959918455469215,5.0066295994010686,11.930851515131266
2009-06-18,-22.76111131983739,0.6069011114977901,0,0.17959918455469215,5.0066295994010686,11.930851515131266
2009-06-19,-22.798348314006844,-1.4498724452771299,0,0.21519160091733913,4.964114088128594,11.683400791232298
2009-06-22,-22.950141661988688,-10.2271042145688,0,0.3227437047676356,4.412603149992833,11.96198709184615
2009-06-23,-25.799194366855552,-2.16169363787925,0,0.936815161966173,3.178756644031409,10.39255491066835
2009-06-24,-23.28436636440237,5.90095765754344,0,0.4921489189109939,3.997372844935801,11.440402204493903
2009-06-25,-23.28436636440237,-1.38618338173711,0,0.4921489189109939,3.997372844935801,11.440402204493903
2009-06-26,-22.89813145373466,-0.7782000978815,0,0.39760905964190796,4.114941603405099,11.843614868809748
2009-06-29,-22.60906899400978,5.16199884336135,0,0.28249836318948285,4.1917804349659935,12.581576056110091
2009-06-30,-22.017936882260514,-4.2274274362191795,0,0.2360083327486298,4.513352608107659,11.704768494688814
2009-07-01,-21.986892021499884,5.8735191784728995,0,0.26047578933014465,4.454407741096358,11.560731725457464
2009-07-02,-22.315946968716737,-12.46666895698197,0,0.21282635081804346,4.68419966154949,11.851859026162739
2009-07-03,-21.68651565794668,-0.7673803896847001,0,0.16301472350553592,4.605279962121351,11.882024629563691
2009-07-06,-21.58083123172261,-5.08344593838339,0,0.13215920854975494,4.646109576685573,11.976576419107381
2009-07-07,-21.58083123172261,-3.3530159542756803,0,0.13215920854975494,4.646109576685573,11.976576419107381
2009-07-08,-22.780558791810094,-3.1435642964966606,0,0.3672237431768953,4.190526817027582,11.86633038517078
2009-07-09,-22.706183413055,5.38752876130626,0,0.16631158073407887,4.939528450699451,12.156768176157042
2009-07-10,-22.706183413055,-2.92902905436629,0,0.16631158073407887,4.939528450699451,12.156768176157042
2009-07-13,-22.735478410254892,11.80687876623909,0,0.1905732981901745,4.939536220647592,11.936573545286791
2009-07-14,-22.99613066653933,4.95094707517571,0,0.39367819051807884,4.102585654051509,12.01903629335864
2009-07-15,-31.894572276878254,5.33717840276526,0,1.4614762083698363,2.3813801351241164,9.972981222177197
2009-07-16,-23.476707335940382,1.6619642023600298,0,0.5858903709914369,3.664933631256795,11.481705036997909
2009-07-17,-23.476707335940382,5.311477516680011,0,0.5858903709914369,3.664933631256795,11.481705036997909
2009-07-20,-23.11206478673983,0.44004508469692016,0,0.5405642242354589,3.6313852155491517,11.788420248271297
2009-07-21,-22.69893009405238,8.28166257444559,0,0.16290633726492193,4.68916459732371,12.716889097183591
2009-07-22,-22.0501622952429,2.8921903758730596,0,0.17585640989168133,4.532929250907641,12.279887747408834
2009-07-23,-22.02277594680011,4.46012798778593,0,0.19217230435668328,4.509350580917284,12.14909655524135
2009-07-24,-22.340458159553314,-0.02785151321699989,0,0.15264438074175707,4.699426037485502,12.434401775731828
2009-07-27,-21.7352109952076,0.4349007024830299,0,0.11080059532669356,4.588772110451821,12.43953065667354
2009-07-28,-21.637314743014628,-1.46436249605084,0,0.08629768223683248,4.6058783310851314,12.519695553188093
2009-07-29,-21.637314743014628,6.25794319896502,0,0.08629768223683248,4.6058783310851314,12.519695553188093
2009-07-30,-22.6220756975882,2.41417081497466,0,0.25893406763135174,4.329699630733776,12.503202626816975
2009-07-31,-22.762125654796144,-1.06013438327918,0,0.10740160410984659,4.993570823709371,12.678836537867657
2009-08-03,-22.762125654796144,3.69205764366718,0,0.10740160410984659,4.993570823709371,12.678836537867657
2009-08-04,-22.790176284344202,-1.8558710784231498,0,0.11600046292547461,5.057434979120378,12.494620612695368
2009-08-05,-22.717507746901386,-3.19489339866939,0,0.2774383171925069,4.2140538128669025,12.687175045772728
2009-08-06,-23.191629310103476,1.41582239907519,0,0.48695519930909575,3.8572068425501027,11.825020614766363
2009-08-07,-22.78667883422803,2.34918572852444,0,0.3799852302927804,3.972244970121687,12.305823769420474
2009-08-10,-22.95045146149632,0.06108546663659998,0,0.052689424509910515,5.585841086895118,12.234323285285758
2009-08-11,-22.941227452380836,-5.30315108611771,0,0.05616726533437755,5.5804023174079305,12.200890870977013
2009-08-12,-23.090835911685,2.32391732780288,0,0.02081516164806526,5.7084593595330375,12.457308507521002
2009-08-13,-22.461665707403363,3.96035814731945,0,0.07461917677845245,5.396961306246218,11.894217187343028
2009-08-14,-22.413811455722815,-2.75619416511218,0,0.08874794649625542,5.364364175944319,11.77028510238198
2009-08-17,-22.706021519030678,1.9426515105586801,0,0.04985685545549642,5.557122750295536,12.072976416785723
2009-08-18,-22.100711743777794,0.4763364247925,0,0.014145355701641748,5.421065329313084,12.064216604140508
2009-08-19,-22.002650568557755,0.15472778888098002,0,-0.004161844022259248,5.420934904595759,12.13314545506813
2009-08-20,-22.002650568557755,3.23864659451117,0,-0.004161844022259248,5.420934904595759,12.13314545506813
2009-08-21,-22.985611406771426,5.616595731508629,0,0.0293598697475592,5.6193535756014406,12.435387506204338
2009-08-24,-23.064862399435704,-0.20062398620852998,0,0.008511551437072131,5.822573494914116,12.340563040435448
2009-08-25,-23.064862399435704,4.17965037840239,0,0.008511551437072131,5.822573494914116,12.340563040435448
2009-08-26,-23.040654661539268,-1.4414151572856002,0,0.021411038981288856,5.8394272309488775,12.157202156289499
2009-08-27,-23.0960060029117,-3.30656759359952,0,0.004446011901312978,5.658047436043667,12.713458151011352
2009-08-28,-22.96738261077806,2.41545330046621,0,0.06535933963682322,5.559600781872412,12.17514839778901
2009-08-31,-23.019242457286538,-1.7854481490767202,0,0.03993757374241482,5.57001598765659,12.459001761157658
2009-09-01,-23.077964028776137,-5.88117469971768,0,0.02543538886260368,6.056885744628833,11.747328417414925
2009-09-02,-23.03182812686174,-0.74099019009781,0,0.04524671262635712,5.917754617123073,11.757034804893692
2009-09-03,-23.41554130663966,-0.80131941474569,0,-0.07209600629635568,6.644712359489574,12.0379383126735
2009-09-04,-22.824402487131728,6.95033742961646,0,-0.023372173489501023,6.364215728955819,11.438317247491876
2009-09-07,-22.798446689645758,3.83157562568227,0,-0.02209809312607905,6.404645841253814,11.326773270624475
2009-09-08,-23.077700961134795,-0.1850520008495801,0,-0.054281980293562404,6.581166025826652,11.627558427148898
2009-09-09,-22.71490601826344,9.30555890841128,0,-0.12499890931434826,6.835338661507299,11.547046312582385
2009-09-10,-22.55597582450111,1.67433129632916,0,-0.12119041588517204,6.685854041565962,11.59569748876389
2009-09-11,-22.34566748335021,-0.75391715348129,0,-0.08090762285515005,6.303911345262721,11.636165962349487
2009-09-14,-23.346582646487164,3.1345399767629805,0,-0.07982418358582793,6.647371424277688,12.042676392356032
2009-09-15,-23.360972806077793,0.13359496913424992,0,-0.08265190931000128,6.747385533290764,11.915869882520537
2009-09-16,-23.360972806077793,1.94279249387375,0,-0.08265190931000128,6.747385533290764,11.915869882520537
2009-09-17,-23.087073306131558,-1.79367908478686,0,0.01785900557534676,6.125655068565241,11.707370499996538
2009-09-18,-23.051068278017862,-1.14557323914258,0,0.020839628973710084,5.952324641757601,11.96302729885545
2009-09-21,-22.899226408684893,12.22581615062999,0,0.11462335050664853,5.6862412703578755,11.338660903493984
2009-09-22,-22.96680965480695,1.1785920358830901,0,0.06822135859940653,5.8013530518379115,11.675197757139593
2009-09-23,-22.920272330726448,-2.3062522797772296,0,0.1203181608389254,5.931096770881673,10.796728368557497
2009-09-24,-22.920272330726448,-4.753680002011141,0,0.1203181608389254,5.931096770881673,10.796728368557497
2009-09-25,-23.20036405111791,-2.39911437891408,0,-0.025756623361350442,6.733201504477876,11.180156639890118
2009-09-28,-22.563228854352985,10.04996826259717,0,0.03980884936658331,6.339893314989527,10.544802113751134
2009-09-29,-22.522326657433545,-2.00564520780451,0,0.04457764447429486,6.352428912251103,10.426869181365985
2009-09-30,-22.581104207967847,-7.678591683583461,0,0.034261024732795964,6.4037734128134876,10.503657197480294
2009-10-01,-22.191985195257164,-7.159567182941531,0,-0.07091126527582839,6.688082077557919,10.72798694179356
2009-10-02,-21.730679167346224,-5.27379269633093,0,-0.05256086132672189,6.387804119869822,10.59974666316631
2009-10-05,-21.513090301905418,2.19287248718702,0,0.003551018251164761,5.952606310501797,10.598965713857854
2009-10-06,-21.520310724292493,8.615266770660659,0,-0.0013103074661354823,5.911471080036751,10.729664808603264
2009-10-07,-21.51491805492182,-1.26620044649232,0,0.0037148467305655585,5.9632605093216275,10.57962021779682
2009-10-08,-21.48992077793357,4.86535059090329,0,0.008222002618386758,5.8969089382986795,10.631587424773222
2009-10-09,-21.199472478478445,-0.8118531131733199,0,0.17062106218560819,5.074509160546855,10.316819711535048
2009-10-12,-21.15781548875684,7.2085750024122905,0,0.13855679193302875,5.044157402060332,10.667071128643464
2009-10-13,-19.88085531507005,-3.99873877219055,0,0.09801585402306406,4.759330317518701,10.355182423961057
2009-10-14,-19.96590105458329,10.51742375613304,0,0.023031078517395817,4.949422943444082,10.727469057037448
2009-10-15,-19.856722003322027,-2.12563769664721,0,0.1265598590322728,4.89856663005998,9.784305610070192
2009-10-16,-19.856722003322027,-6.42452273893553,0,0.1265598590322728,4.89856663005998,9.784305610070192
2009-10-19,-20.111847952779804,8.23924530231289,0,-0.08976641028697124,5.831434038889521,10.282826914925879
2009-10-20,-19.425366767164498,-1.50522973771206,0,-0.021260853598510175,5.419904195396413,9.710131335584999
2009-10-21,-19.374570416193848,2.92229323513764,0,-0.015439480793238154,5.425179727546365,9.598301308789608
2009-10-22,-19.438876458673747,-2.6585443969020197,0,-0.02714030753357369,5.479038560797939,9.669878573767011
2009-10-23,-18.834751411730515,-0.43212693351073006,0,-0.28786917359063785,6.106457059989275,10.156799087072539
2009-10-26,-18.328981240107005,-1.99486228395881,0,-0.29508550803281547,5.824039726089747,10.101980426651396
2009-10-27,-18.194203465583584,-1.50401009681597,0,-0.23092769130904078,5.45072891802084,10.067750070219155
2009-10-28,-18.212388689294748,-7.959513894394031,0,-0.23381597820227576,5.402162566366632,10.178075007410051
2009-10-29,-18.201979475520425,5.37000857354826,0,-0.23383287794327887,5.458896155120817,10.083405787108738
2009-10-30,-18.37281185609421,-8.93066980580491,0,-0.3169274081965095,6.024733174089095,10.01503426047605
2009-11-02,-18.02898835336756,1.15307706587099,0,-0.11913611314936248,4.940749600884787,9.91483949820084
2009-11-03,-18.078122263282108,-8.97098519807243,0,-0.14627348852217353,4.9054574895443075,10.211377406179231
2009-11-04,-17.604021467949437,3.8258492920403704,0,-0.05116570409020124,4.544981471014301,9.674317056421517
2009-11-05,-17.732388401077692,5.1505810244216095,0,-0.14724001727189662,4.780572111923128,10.072384678117535
2009-11-06,-17.48175243961579,1.3217738609903902,0,0.10085570230907523,4.135500182397095,9.182500120204057
2009-11-09,-17.48175243961579,6.544624045485781,0,0.10085570230907523,4.135500182397095,9.182500120204057
2009-11-10,-17.748667357297492,-2.31534286392159,0,-0.20385903294175584,5.204561814076412,9.807883295595452
2009-11-11,-17.01594039000665,2.36718630331553,0,-0.1264955258094954,4.751866850465902,9.262347887190582
2009-11-12,-16.960586621667638,2.32488106747997,0,-0.11764267939060719,4.749345739764816,9.150511232921195
2009-11-13,-17.02696260868045,1.60047597440062,0,-0.13232256699326161,4.8076231246794965,9.222415058291382
2009-11-16,-17.20268930785129,7.6108871345585,0,-0.2280425262175681,5.29250696487921,9.29275128486611
2009-11-17,-16.610679872048788,-1.2924351395651197,0,-0.39259916016080465,5.326141228061481,9.66431438979497
2009-11-18,-16.464054271945194,-0.4093124314389001,0,-0.28429213702113326,4.862822670477204,9.532784631342757
2009-11-19,-16.4869344473268,-4.49745881461266,0,-0.2914258286953224,4.826143002116483,9.648752869060274
2009-11-20,-16.46297093173704,-2.7819623464881,0,-0.2848977205761214,4.874708824374977,9.518271488950319
2009-11-23,-16.656286711167642,6.754737601115529,0,-0.4318288851200383,5.58039872533114,9.603214755568743
2009-11-24,-16.253204708915177,-1.6916691102230799,0,-0.03120804013481395,4.083885841371851,8.998507049757713
2009-11-25,-16.307582567216073,0.16817286152206995,0,-0.11686027344587231,4.194430191323262,9.405282629780302
2009-11-26,-15.98992087315057,-9.4743596636272,0,0.05894353794744506,3.729413121955422,8.793543155947019
2009-11-27,-16.164515352213193,4.19363547305712,0,-0.06163828446418889,4.016203068405962,9.22297437893288
2009-11-30,-15.841206350491074,-3.7196279128506204,0,0.19502063865254712,3.386173604031117,8.406375070063994
2009-12-01,-15.873946895640373,8.35742204383919,0,0.2302303047555012,3.3473013556669042,8.268367213316644
2009-12-02,-16.124916321861395,0.13076490152156994,0,-0.0951348126649664,4.384539064368122,8.769820137692017
2009-12-03,-15.305762657561932,-3.27408428378404,0,-0.11870476741598832,4.128813257020784,8.522473184973565
2009-12-04,-15.2964945484889,1.4160620311262,0,-0.1365454531120931,4.135652059129684,8.607605207364411
2009-12-07,-15.367840163753549,-3.447714735628,0,-0.14903998997792084,4.188940955605522,8.666352540973623
2009-12-08,-15.601276416129142,-3.6258619744184095,0,-0.2698568269087088,4.690088200632541,8.834955287281186
2009-12-09,-15.553696343676403,-3.2699067831388,0,-0.2458071588143632,4.570153100813558,8.825484179092275
2009-12-10,-15.3947038674456,3.1451886732942995,0,-0.15034157248257415,4.140097217154787,8.778871241825087
2009-12-11,-15.42880412177209,2.58347344999464,0,-0.1640161735695632,4.129620416234717,8.907765156080877
2009-12-14,-15.392067172626913,-1.8566890229931299,0,-0.14930075491026318,4.1464217627413245,8.760110689739069
2009-12-15,-15.577055570496356,0.43925678317061995,0,-0.26376510343594817,4.747650998130146,8.692559007970605
2009-12-16,-15.1450663167269,4.2143189066239195,0,0.06703798133917549,3.4561358779687943,8.425547714918292
2009-12-17,-15.219557198627905,-0.9876142308624901,0,-0.01663663727509818,3.5681150260315984,8.796746923937572
2009-12-18,-14.814882431747137,-1.6369709693883898,0,0.08007986404980641,3.2570022095395257,8.4048976065808
2009-12-21,-15.015932895380818,5.08822090086591,0,0.01812760479102482,3.427934123306975,8.646246853750359
2009-12-22,-14.536431693867488,1.1069502668011801,0,0.19590226931048105,2.9438430194818723,8.067281921080387
2009-12-23,-14.547178735895532,0.7802493955001399,0,0.22756022963106365,2.913170464219613,7.945260750649819
2009-12-28,-14.96852340764065,1.7115207826041903,0,-0.016195861772850567,3.7684468436708327,8.182385396708273
2009-12-29,-15.412415385621166,0.60620786420273,0,-0.16556366156034208,4.185394969708806,8.81217478301506
2009-12-30,-15.399161755364934,-2.6158455764275996,0,-0.17406573367660516,4.166197348110288,8.877423668918993
2010-01-04,-15.468157194699359,3.50959193145247,0,-0.1864438601947437,4.216942510567174,8.937180152645084
2010-01-05,-15.694049197227157,-0.9740354038196299,0,-0.2918026250812745,4.6750980864832155,9.071962573023399
2010-01-06,-15.64756694369682,1.26719549978239,0,-0.2699334060728038,4.560950996267918,9.067972889702368
2010-01-07,-15.41713400350604,0.7420593007590799,0,-0.17105684152096104,4.336529284848529,8.611051352008136
2010-01-08,-15.456689864767498,-1.6121159167147898,0,-0.19871771998417972,4.480685668142323,8.590130037574955
2010-01-11,-14.01113872980332,-1.26135086418088,0,-0.15301647787073036,3.860910776939691,7.855811003656337
2010-01-12,-14.14632410961984,-5.13101961368966,0,-0.24408549762645187,4.356666223728093,7.723061892477863
2010-01-13,-13.72410661481128,3.3293181437686905,0,0.15521486785637867,2.908159906439074,7.5788203004117225
2010-01-14,-13.816586897986411,2.8515105207616105,0,0.013389152667258198,3.142891826259536,8.001910987132675
2010-01-15,-13.357724602086492,-5.02887920419463,0,0.09169818314541775,2.847400120727233,7.692478944724849
2010-01-18,-13.590386068640466,3.97555790388352,0,0.032359385495305114,3.023416712169305,7.898255259371736
2010-01-19,-13.044251641373847,3.29528795315977,0,0.2100677796562711,2.533378356754109,7.4000701777525535
2010-01-20,-13.052204536135989,-6.58208483984805,0,0.26634815054615535,2.46035034593724,7.259943983858754
2010-01-21,-13.470592461773666,-8.71710187396655,0,-7.863277477872187e-05,3.211637405401311,7.6015525034482625
2010-01-22,-14.097601057499798,-0.7420377585057499,0,-0.1737115052108152,3.659243406829127,8.367688996881082
2010-01-25,-14.090064988050756,-4.18191113856049,0,-0.1859938858118349,3.647821942626447,8.438319827698713
2010-01-26,-14.163758199817606,6.6939661338933005,0,-0.1941481583197711,3.6922142976333,8.483255243538515
2010-01-27,-14.40679355448458,-1.3339813321583702,0,-0.2946811374995833,4.129128518942835,8.572050415919055
2010-01-28,-14.35814051347305,-6.347432806131851,0,-0.27383648208459177,4.0203762837309585,8.577323659982255
2010-01-29,-14.094126533305857,5.2561874380366005,0,-0.17422563243120526,3.7928404479020656,8.157660412734895
2010-02-01,-14.135580695138984,0.6418686681337801,0,-0.1998149081373381,3.9265919020879974,8.123823281196223
2010-02-02,-14.135580695138984,2.73781645365332,0,-0.1998149081373381,3.9265919020879974,8.123823281196223
2010-02-03,-14.273419195126738,-2.42055484570718,0,-0.28107646871400915,4.407695507423421,7.973968387145291
2010-02-04,-13.912157004371542,-8.39068456426625,0,-0.09373331123171844,3.5251385092880154,7.991351515211411
2010-02-05,-13.912157004371542,-6.806128626542169,0,-0.09373331123171844,3.5251385092880154,7.991351515211411
2010-02-08,-13.473947729348222,3.0136322734174303,0,-0.02277993728349935,3.243408865610423,7.668113727434771
2010-02-09,-13.697624566579352,1.31724361597548,0,-0.07024685545433165,3.397908384427212,7.86983064496611
2010-02-10,-13.162436836579515,1.21674127662328,0,0.03587102382404615,3.0315759269508353,7.436409918587836
2010-02-11,-13.180752363874255,-0.026565183670519993,0,0.014916574547005422,3.1421228321626162,7.35934476124938
2010-02-12,-13.235486141474968,-1.54748717850963,0,-0.04496672154556532,3.5150751618082907,7.068349799678019
2010-02-15,-13.767284074474809,-0.24751073905553994,0,-0.14747873462464214,3.889415719966813,7.536495937774065
2010-02-16,-13.770476561852957,5.12245674650668,0,-0.16521116388369803,3.902319381614264,7.614754784075824
2010-02-17,-13.770476561852957,2.77543941992534,0,-0.16521116388369803,3.902319381614264,7.614754784075824
2010-02-18,-13.905288541994699,1.35811027595019,0,-0.2096622261904013,3.9814081729350104,7.8608270235406525
2010-02-19,-13.849738859295693,4.140940692396181,0,-0.18535367118262813,3.8621222583292045,7.862664048145939
2010-02-22,-13.497092236383331,-2.16260969992489,0,-0.021252204885233373,3.426352472008948,7.355271069579107
2010-02-23,-13.534736852631363,-5.00548130232686,0,-0.04812151485171756,3.554867418158972,7.3154854852546745
2010-02-24,-13.534736852631363,0.19022712542625,0,-0.04812151485171756,3.554867418158972,7.3154854852546745
2010-02-25,-13.66686817049746,-4.54686411836103,0,-0.14044099096399246,4.037152295009234,7.159515383727675
2010-02-26,-13.312742341410583,1.0071972069803399,0,0.04364275159815756,3.11492554719081,7.386844508462269
2010-03-01,-13.42819027960358,8.68918033192974,0,-0.008848746469172136,3.209016375421607,7.610684719732824
2010-03-02,-12.46717542480004,5.8425544525487805,0,-0.03034225381715981,2.8637275592081783,7.376003187177773
2010-03-03,-12.711559746413258,4.99410560410547,0,-0.058845060892051784,2.99179952114385,7.527608954631941
2010-03-04,-12.130483303796625,-2.40846760979634,0,0.0058244089238758505,2.6828768422457543,7.201175180162031
2010-03-05,-12.153980896454328,5.23911790734015,0,-0.011570911935568843,2.785812297319919,7.116193984357061
2010-03-08,-12.221169480171781,-2.62863108728263,0,-0.0605886665224204,3.134029213155006,6.79926257283395
2010-03-09,-12.796888369052372,1.42401509855413,0,-0.12398165471832764,3.4503813244377137,7.154468374379816
2010-03-10,-12.81217568271121,1.9403499711973298,0,-0.14233333995929448,3.469112492974313,7.229673141792159
2010-03-11,-12.81217568271121,-0.89929461939901,0,-0.14233333995929448,3.469112492974313,7.229673141792159
2010-03-12,-12.983000506083915,0.9615272020994597,0,-0.18192498792150452,3.55759690007761,7.451663617325252
2010-03-15,-12.807351909197601,-1.4104130247045,0,-0.143864225895953,3.4123471417748137,7.323538475501707
2010-03-16,-12.278449334650825,4.65059497474324,0,0.06122662501154516,2.906486808861713,6.658085469545375
2010-03-17,-12.315167848333061,1.77647630792857,0,0.03886268300404304,3.016244054836132,6.602326475289397
2010-03-18,-12.315167848333061,-2.67929530015236,0,0.03886268300404304,3.016244054836132,6.602326475289397
2010-03-19,-12.449155795022673,-1.91808881903793,0,-0.0520707471760317,3.4635061262461857,6.411236246589185
2010-03-22,-12.08738096186411,0.9702932794791799,0,0.10237651877997803,2.656391823296987,6.748806996625446
2010-03-23,-12.241316485864212,2.16032307984729,0,0.04516955562252875,2.776321693591716,6.95211170403964
2010-03-24,-12.241316485864212,0.2505744723746501,0,0.04516955562252875,2.776321693591716,6.95211170403964
2010-03-25,-11.176664062993666,6.0773624898722005,0,-0.2524310630643926,2.714523755030787,7.20262016358028
2010-03-26,-10.582635238220032,-1.41578566672089,0,-0.16949821282293706,2.3600343985996846,6.873610069363261
2010-03-29,-10.581229440419653,1.9457113133068402,0,-0.1822328376795699,2.438587859652369,6.790730561450914
2010-03-30,-10.577970826629173,-2.99425601179632,0,-0.22955429420417522,2.7327102001977996,6.499034135566379
2010-03-31,-11.178256242512754,2.36293980389246,0,-0.3151534860809776,3.105288192042373,6.864143494454856
2010-04-01,-11.170881511559667,6.04619602921304,0,-0.3373764023210264,3.132536082179704,6.897833434676054
2010-04-06,-11.170881511559667,-0.62779679775555,0,-0.3373764023210264,3.132536082179704,6.897833434676054
2010-04-07,-11.336865344691272,-3.56588676369103,0,-0.40491421333193034,3.35841479018929,6.999954778125598
2010-04-08,-11.181595007632108,-1.6025464089366,0,-0.3444937669097443,3.1608080053970675,6.895056535014369
2010-04-09,-10.712210132111025,2.82568856899592,0,-0.0967121520055439,2.686789377962296,6.2114035642243905
2010-04-12,-10.725260246487874,0.15334772979271996,0,-0.11704987231201747,2.7741038209974507,6.160993649971262
2010-04-13,-10.725260246487874,-0.08994065425184002,0,-0.11704987231201747,2.7741038209974507,6.160993649971262
2010-04-14,-10.790178384904177,-0.08392595228134997,0,-0.2140888604743314,3.165324634685235,6.002824291175294
2010-04-15,-10.579713749258442,-1.9905838344190199,0,-0.07868589856936326,2.5048877292380505,6.315807045704728
2010-04-16,-10.739791103382128,-2.64184368392597,0,-0.15535773475526948,2.6451653449685715,6.53127793173315
2010-04-19,-10.739791103382128,1.08307250767951,0,-0.15535773475526948,2.6451653449685715,6.53127793173315
2010-04-20,-10.739791103382128,7.78070769856051,0,-0.15535773475526948,2.6451653449685715,6.53127793173315
2010-04-21,-10.107267107202329,-1.9340039934910798,0,-0.11940851695146129,2.323095585756179,6.292983101122077
2010-04-22,-10.081414690732112,-4.0275374868435705,0,-0.12153806978897738,2.3662361124591484,6.203574570136084
2010-04-23,-10.003000447926397,8.37586767395376,0,-0.14094547896074153,2.5227167377413693,5.9385103276691265
2010-04-26,-10.658550591564481,6.39163373216333,0,-0.17984664692714875,2.8666800937513734,6.193441938633661
2010-04-27,-10.78784461438514,-8.47195045972543,0,-0.23452397271739303,3.0120520660211634,6.310890723863375
2010-04-28,-11.006324812509465,-3.0925035777934697,0,-0.29745866051586856,3.0219680372024587,6.745929777399468
2010-04-29,-11.199286464517506,-1.12792790461221,0,-0.37660856083426003,3.3093225663031767,6.827161503363659
2010-04-30,-11.059157291671578,1.0483206846274897,0,-0.33090449437148195,3.1846086780945297,6.691924369640681
2010-05-03,-10.587018764651567,0.030262002213659808,0,-0.13577239293619886,2.778290615226683,6.090444527264443
2010-05-04,-10.590812713839137,-10.46531428422807,0,-0.1417266489924507,2.837465215018482,6.022335600270987
2010-05-05,-10.8205004499608,1.0801898727786001,0,-0.19389808855991186,3.0084359898838198,6.191000823036221
2010-05-06,-10.856524325809183,1.8868870065141201,0,-0.25142604461321116,3.3217690387324543,5.989351249257474
2010-05-07,-10.869836335532002,-8.73646335760202,0,-0.20462794802247605,2.8878621675990495,6.466625588781787
2010-05-10,-10.9882474731144,17.14724537268716,0,-0.24389459299073468,2.9228442307783484,6.678248344289485
2010-05-11,-10.9882474731144,4.342150482519569,0,-0.24389459299073468,2.9228442307783484,6.678248344289485
2010-05-12,-10.9882474731144,5.45314581409717,0,-0.24389459299073468,2.9228442307783484,6.678248344289485
2010-05-13,-10.378867406573892,4.75279062636678,0,-0.17785941915576153,2.567528611925108,6.372840728474358
2010-05-14,-10.295897414304749,-10.717568468258259,1,-0.13952281068366384,2.478112922329542,6.298298929129766
2010-05-17,-10.131995719162529,1.37706392608855,0,-0.14751736449345954,2.621623082855584,5.932334778323858
2010-05-18,-10.781312421448305,5.70120944600101,0,-0.20156898765098516,2.9851424782507334,6.217822486417049
2010-05-19,-10.907419543864822,-10.639829889819339,0,-0.25995423969092823,3.1352708593757583,6.34641358220294
2010-05-20,-10.907419543864822,-7.52648293512945,0,-0.25995423969092823,3.1352708593757583,6.34641358220294
2010-05-21,-11.110732302431538,-2.9308414413078703,0,-0.3582926072740278,3.4637715282106356,6.46596560113354
2010-05-24,-10.953851732237336,-0.58351940704396,0,-0.2976373057802332,3.298245143836983,6.304649543751747
2010-05-25,-10.431379619687668,-7.9552578147899595,0,0.04365156392925401,2.5890439578008007,5.505889448379213
2010-05-26,-10.435581340372185,5.35819172089115,0,0.07124853150592511,2.584645786890113,5.39065855848841
2010-05-27,-10.435581340372185,10.05010477538614,0,0.07124853150592511,2.584645786890113,5.39065855848841
2010-05-28,-10.441001042852712,1.04717852003545,0,0.06492817487380713,2.758993644095071,5.087425287613907
2010-05-31,-10.496647116912687,1.331299635976,0,-0.026524132453957634,2.6156327211083577,5.830429910650311
2010-06-01,-10.635743328452739,0.9612899876288,0,-0.06829125720979437,2.6806248184336896,6.030121616547201
2010-06-02,-10.635743328452739,2.02583853137438,0,-0.06829125720979437,2.6806248184336896,6.030121616547201
2010-06-03,-10.880982730395186,4.66894366845682,0,-0.20598876480650719,2.8334823990253692,6.565720589782151
2010-06-04,-10.26450545942021,-6.95642711216972,0,-0.15540466990234386,2.496265057445524,6.293058029167623
2010-06-07,-10.177976693419362,-0.4827593227848599,0,-0.11632272437029915,2.403872685261115,6.220320393248059
2010-06-08,-10.267989846403722,-0.77007676258335,0,-0.1813810309890812,2.7087977381076795,6.054384103899769
2010-06-09,-10.042740977026575,7.65800347872098,0,-0.3065328349806293,2.765046809219303,6.173809957856218
2010-06-10,-10.390276819703764,6.890157798209559,0,-0.40945686823579075,3.0545598059768277,6.46008664800462
2010-06-11,-10.390276819703764,-3.15372368321277,0,-0.40945686823579075,3.0545598059768277,6.46008664800462
2010-06-14,-10.559043757261627,3.4631105862065596,0,-0.48576295080371373,3.3129932976105056,6.545884218506131
2010-06-15,-10.423325823587916,1.44815057230217,0,-0.43587007052100146,3.1900338707972193,6.404359401086685
2010-06-16,-9.923911447366738,-1.53640005705244,0,-0.15434375415474155,2.6560447905634263,5.694356177119131
2010-06-17,-9.917104382728859,1.5328390464779804,0,-0.14954439511907924,2.690387717083459,5.614902651392599
2010-06-18,-9.917104382728859,1.53776643420431,0,-0.14954439511907924,2.690387717083459,5.614902651392599
2010-06-21,-9.916456878658416,5.83236146905366,0,-0.19793167403222064,2.9473409621961677,5.396666955510323
2010-06-22,-10.023834629055628,-1.8337202111775999,0,-0.2037323233258878,2.64436348083896,5.988797489080087
2010-06-23,-10.16989843992338,-2.87738527191644,0,-0.27508662951357765,2.742785848647837,6.230230758731996
2010-06-24,-10.16989843992338,-3.61292103647666,0,-0.27508662951357765,2.742785848647837,6.230230758731996
2010-06-25,-10.096638527014477,-3.56606482555197,0,-0.29236280563872735,2.570908064808067,6.456750245006887
2010-06-28,-9.32561623116036,5.404401056753009,0,-0.47200369476252846,2.3388271229686213,6.461848041960488
2010-06-29,-9.267680494887667,-11.75126275806048,1,-0.4410699864335528,2.286704512491904,6.3986296545204215
2010-06-30,-9.890969658925929,1.59459148857957,0,-0.39999390823583647,2.7701266662719632,6.299591383457388
2010-07-01,-9.899010384194751,-7.49433790298617,0,-0.4073905351371674,2.8006092016317012,6.289598956706131
2010-07-02,-10.24886755384917,-4.85350407912107,0,-0.5428179631619703,3.1222857199269236,6.629840361497731
2010-07-05,-10.24886755384917,0.37048078604813006,0,-0.5428179631619703,3.1222857199269236,6.629840361497731
2010-07-06,-10.393179342812497,4.754018172087159,0,-0.6211018387961635,3.3552527144633735,6.7272597623262005
2010-07-07,-10.27579424843216,3.3547602918736903,0,-0.5688762483199465,3.2530127843723293,6.579341245436498
2010-07-08,-9.811228447606144,0.50744463379452,0,-0.28522572409331715,2.7771048911352505,5.855940172283297
2010-07-09,-9.808648210507835,0.8300588109119902,0,-0.2935751733612366,2.8353781434295575,5.798373741254796
2010-07-12,-9.808648210507835,0.65590369510581,0,-0.2935751733612366,2.8353781434295575,5.798373741254796
2010-07-13,-9.830173697421124,11.34216154256824,0,-0.36923146987347233,3.1536639964471576,5.638702504486152
2010-07-14,-9.908742041041954,-0.30167464321027987,0,-0.324991059681137,2.7403411403151283,6.132423418955563
2010-07-15,-10.064565798004313,-0.5679597659776701,0,-0.42158298157966956,2.867614074504993,6.410497374487323
2010-07-16,-10.064565798004313,-2.6231825550734,0,-0.42158298157966956,2.867614074504993,6.410497374487323
2010-07-19,-9.950032973758965,-3.42266425941015,0,-0.3926585630979965,2.5971849890638112,6.5629404724466305
2010-07-20,-10.029572674735661,-3.18631365126368,0,-0.41315122428509005,2.53576946538739,6.77652398315564
2010-07-21,-9.974522551319893,0.17959600029657008,0,-0.38653825292560173,2.4880939452558692,6.713648920741383
2010-07-22,-10.020406605738797,7.414869480043749,0,-0.42221871177062187,2.614607213072552,6.690421874206154
2010-07-23,-9.950258572628023,0.46657679585449,0,-0.3957914459613596,2.581672031337229,6.591877489278846
2010-07-26,-10.268795316550385,0.10696212157303006,0,-0.5104366581568691,2.8265052619034297,6.909954948795058
2010-07-27,-10.268795316550385,-3.25204033551924,0,-0.5104366581568691,2.8265052619034297,6.909954948795058
2010-07-28,-10.341019789783235,-3.8254655525493404,0,-0.5326650262064634,2.8138230652212304,7.05405075166049
2010-07-29,-10.243273412205227,-2.44625964813109,0,-0.49266685972451796,2.7786842101962037,6.8954065946677305
2010-07-30,-9.923267007627974,1.90145356546321,0,-0.34674773179973856,2.7147808449994906,6.2483930687931615
2010-08-02,-9.93453631666091,8.787206786683461,0,-0.367652188344909,2.801337046162433,6.206558169230897
2010-08-03,-9.93453631666091,3.63467545245452,0,-0.367652188344909,2.801337046162433,6.206558169230897
2010-08-04,-9.82301774235932,1.31776589932776,0,-0.3554775949781984,3.1014468159220305,5.654558531409377
2010-08-05,-10.056390397213868,7.421674737109529,0,-0.4226697556070438,2.853693078808165,6.423210863152168
2010-08-06,-10.183496676871963,-2.76197809388589,0,-0.48137942655493704,2.9055131534565026,6.651865368299594
2010-08-09,-10.055486984981812,4.42925258135475,0,-0.419751401854159,2.886930764673088,6.371424626028869
2010-08-10,-9.955105139167088,-4.6527363543763,0,-0.4119839109502559,2.7232907409930442,6.45822792380093
2010-08-11,-10.02793336756758,-6.356416924926131,0,-0.41910967985577763,2.584876248194525,6.727638026745343
2010-08-12,-10.003148139200992,-0.87570108028793,0,-0.3922780345496185,2.451124067882806,6.805559585376616
2010-08-13,-10.04948515196205,-1.00768641136518,0,-0.42741517441257476,2.5774291858784086,6.780412933734555
2010-08-16,-9.98297221784477,-0.45884742610705,0,-0.4034879361458882,2.5511081994619484,6.684810335047343
2010-08-17,-10.290504775856252,5.09114915357067,0,-0.5119768570985834,2.7774026648518744,6.993944628359934
2010-08-18,-10.290504775856252,1.76030921544085,0,-0.5119768570985834,2.7774026648518744,6.993944628359934
2010-08-19,-10.358491344742774,-6.86262969848945,0,-0.5314907815604413,2.7571028636232784,7.134874349401221
2010-08-20,-10.284941538015357,-4.264186692613969,0,-0.5008681140356206,2.722267843118755,7.025891698581519
2010-08-23,-10.00788775775154,-0.65665760301206,0,-0.3968170184467419,2.7512627795955114,6.431845146758292
2010-08-24,-10.02089755267006,-3.60982630113749,0,-0.4165455140138862,2.8387356027435424,6.389052440342876
2010-08-25,-10.02089755267006,0.5760474010054301,0,-0.4165455140138862,2.8387356027435424,6.389052440342876
2010-08-26,-9.917249004819642,0.67002774804353,0,-0.42587511033550335,3.2184641546009027,5.830113913212829
2010-08-27,-10.110250650433702,2.10022461453946,0,-0.4499032299709332,2.872138832133524,6.531770229353935
2010-08-30,-10.2267296716757,-2.8216110049973797,0,-0.4985939108454415,2.9012083106736997,6.747315925569003
2010-08-31,-10.115122555065753,4.10219858634632,0,-0.4535894774878386,2.918484006651081,6.489465776241943
2010-09-01,-10.01625896495387,9.13859033636823,0,-0.4414653606857195,2.7783235187708453,6.531482135612725
2010-09-02,-10.096033561234144,-0.06567766339273992,0,-0.4599980671423777,2.715113028230514,6.7400188710629605
2010-09-03,-10.03304844684934,3.1921304180813603,0,-0.4261644402892274,2.62252424436208,6.703466114522919
2010-09-06,-10.069320385047241,0.06465814391545001,0,-0.45435044487421383,2.7338413331761418,6.675084864424884
2010-09-07,-10.001376883417658,-0.61278304842192,0,-0.42973177538000684,2.7045121811194175,6.577436656789661
2010-09-08,-10.312660474689835,4.5826526672143295,0,-0.5420943328879495,2.941656548439318,6.901111172459135
2010-09-09,-10.312660474689835,2.4838433694643998,0,-0.5420943328879495,2.941656548439318,6.901111172459135
2010-09-10,-10.384012573048022,2.85984072755926,0,-0.5637599635482673,2.9274071056380144,7.044609838119127
2010-09-13,-10.291021067645573,0.13798644946169003,0,-0.5276804698511186,2.9006756010159425,6.8895909097040064
2010-09-14,-9.982751244044131,3.05728306990421,0,-0.4024142276736654,2.871078500106943,6.267720380400947
2010-09-15,-9.99040776692757,0.1699909199055799,0,-0.4182910438126937,2.949392004028975,6.2222472848860555
2010-09-16,-9.986501380515755,2.58742244533271,0,-0.40488391202590546,2.874211027822119,6.274780249603184
2010-09-17,-9.950673905181084,-1.6584179936524401,0,-0.39952779176617653,2.9483070897621877,6.126858730840924
2010-09-20,-10.151319558906444,8.22151637503237,0,-0.45962941523184797,2.8147529348915956,6.6711350737165045
2010-09-21,-10.255922661263797,-1.6753461604439,0,-0.4992465894437663,2.8209412885228016,6.8744878348330225
2010-09-22,-10.159562532526941,-5.6994849772750795,0,-0.4664818789006797,2.8681581735513024,6.632405963961302
2010-09-23,-10.055790609546225,0.89108142954204,0,-0.44693438358520576,2.714499805997444,6.665772116397521
2010-09-24,-10.02067302975545,9.42082094919526,0,-0.43402032044588185,2.6995042171698813,6.614702197246892
2010-09-27,-9.924893471445522,-2.8831569424066603,0,-0.38600700849731717,2.6037223793892688,6.511014712737678
2010-09-28,-9.96507060132917,0.90935943039709,0,-0.4187563650774848,2.722650274173259,6.487888756304116
2010-09-29,-9.888328345083988,-1.1925729362762003,0,-0.3880236550324432,2.677394959367896,6.383561612639879
2010-09-30,-10.22573393835092,0.7044206137350999,0,-0.5125107034255818,2.955756653052247,6.718929419749854
2010-10-01,-10.22573393835092,-4.721711936842869,0,-0.5125107034255818,2.955756653052247,6.718929419749854
2010-10-04,-10.307360399840377,-4.05044000494012,0,-0.540345867403941,2.9597168094367126,6.8702683840299485
2010-10-05,-10.200296300340264,6.9581205508691095,0,-0.49467582187533315,2.907246671376977,6.703004314667316
2010-10-06,-9.818363912975894,2.42509569953132,0,-0.28114122328316793,2.6958055205793308,5.965744087157919
2010-10-07,-9.821518092686956,0.22990899437935006,0,-0.29634563234921074,2.767654128256041,5.916043891662305
2010-10-08,-9.823750274727363,1.23228204535418,0,-0.2873193940410521,2.7051782777040656,5.97762878332823
2010-10-11,-9.770487289958437,-0.0372761614857,0,-0.25176894057680665,2.7203910114739873,5.785627895025884
2010-10-12,-10.035279328670065,0.12058203219450997,0,-0.40233090492419876,2.767588998302436,6.45391911428442
2010-10-13,-10.158297692074072,5.29436716650479,0,-0.4584076886840127,2.812314453559971,6.677781160087269
2010-10-14,-10.032775003850901,1.97613780104831,0,-0.39655992094057424,2.7963228836780485,6.397412389632762
2010-10-15,-9.949101983775297,-0.6648579723315601,0,-0.4092092770213013,2.6988480568192488,6.47590443402482
2010-10-18,-9.949101983775297,-0.12477951654209993,0,-0.4092092770213013,2.6988480568192488,6.47590443402482
2010-10-19,-9.871599992785107,-1.03372343320483,0,-0.3753625952222983,2.6845655422103816,6.321294277141931
2010-10-20,-9.918362038073779,1.08117771290322,0,-0.4211231458121879,2.8697178036805635,6.260271436213854
2010-10-21,-9.832945398113926,4.34921176293346,0,-0.38385293514608443,2.8070312356349554,6.146090077609848
2010-10-22,-10.10955654509329,-1.2150097268684101,0,-0.4992986147726035,3.175268484931511,6.303546960172232
2010-10-25,-10.10955654509329,1.28784673911363,0,-0.4992986147726035,3.175268484931511,6.303546960172232
2010-10-26,-10.115636238869106,-1.47092752410249,0,-0.49606809307871114,3.1329430384572383,6.350920076169045
2010-10-27,-9.971964312410725,-2.7360032562858896,0,-0.42287883709182406,3.0071229162489805,6.144083704592921
2010-10-28,-9.55489749062913,-0.43138504094420993,0,-0.20266006146859677,2.793207393525301,5.288819223431007
2010-10-29,-9.464041445333903,2.2153902790529503,0,0.05121374761385157,2.220651872569383,5.20967478869863
2010-11-01,-9.466973124493661,4.065547317461831,0,0.013694562800946553,2.233845054021133,5.332969738738815
2010-11-02,-9.418072379526606,-0.05549343351335008,0,0.0915763319592854,2.1714776544364507,5.098150369235622
2010-11-03,-9.717796680344328,-2.2701782136420103,0,-0.20938239977777748,2.5045490667789307,5.914550506369228
2010-11-04,-9.864377503890875,8.350405479878651,0,-0.2906129252157402,2.611995656302763,6.160922852235874
2010-11-05,-9.685695691608812,0.90193454325206,0,-0.09097761168329367,2.357527315242671,5.716301858824654
2010-11-08,-9.654592519573594,0.049040965784490076,0,-0.2873660925545551,2.549364035207484,6.03014309281528
2010-11-09,-9.650976092456915,3.11219730245249,0,-0.2915506534624402,2.5945269900351766,5.975162527275554
2010-11-10,-9.577758818337289,-5.32372680929174,0,-0.26425541430953825,2.6715389248124404,5.705397130896104
2010-11-11,-9.612499915476002,2.62798078391941,0,-0.28179757437431036,2.642744933707955,5.837781095061725
2010-11-12,-9.510990050617979,1.06941003142669,0,-0.2264588971067794,2.541181188123811,5.707937208423446
2010-11-15,-9.785181606033555,4.48926613454857,0,-0.3143258223760373,2.8689798138239495,5.796639201676042
2010-11-16,-9.785181606033555,-7.137447371349969,0,-0.3143258223760373,2.8689798138239495,5.796639201676042
2010-11-17,-9.930357579591133,1.0817367088882601,0,-0.4041463221718272,2.958642965434521,6.107340673540474
2010-11-18,-9.772595440015161,7.6313091743868995,0,-0.31431827025890824,2.7964483433708596,5.8848642024925795
2010-11-19,-9.740864820422612,2.4974244141134605,0,-0.33551547484904776,2.981186175611172,5.668055338578654
2010-11-22,-9.171737367978084,0.5298424804170601,0,0.07518136306508605,2.080393412981948,5.096109733750019
2010-11-23,-9.180235723593391,-5.15784944928991,0,0.04148521312634143,2.089964572845477,5.2121769571771015
2010-11-24,-9.116036132131198,8.05383943850627,0,0.10360900560227994,2.0446901303947085,5.002028651910312
2010-11-25,-9.462147988283474,3.15327611460224,0,-0.12572223932113546,2.3035239157799206,5.700947046015308
2010-11-26,-9.608011046245915,-1.9955044913909301,0,-0.16469059810581232,2.360408503930615,5.882897073207564
2010-11-29,-9.42318719268421,-6.87619810968168,0,-0.0060829582774851905,2.1502591890869884,5.515221051540113
2010-11-30,-9.397520748818263,-0.14037997546425,0,-0.20297642166873503,2.35035022469165,5.808793866270996
2010-12-01,-9.390503038995902,11.58395562143005,0,-0.20222722133579057,2.385374218141569,5.745957664817372
2010-12-02,-9.427482200625882,6.98981594402784,0,-0.28620888603795114,2.772303360651717,5.482271117717564
2010-12-03,-9.333212449680165,-0.80421355732382,0,-0.20380751881077774,2.588174622460143,5.384168503016312
2010-12-06,-9.22576851690371,-0.18866354441087005,0,-0.15318260753258475,2.4842076310943466,5.265848182645117
2010-12-07,-9.478027630165201,4.46366899124029,0,-0.15904512471468374,2.678015199270958,5.23089780545105
2010-12-08,-9.478027630165201,-3.1056948739089796,0,-0.15904512471468374,2.678015199270958,5.23089780545105
2010-12-09,-9.505714525290085,-4.7275282240571705,0,-0.1894587084061502,2.705455815556097,5.32651754800253
2010-12-10,-9.336465199306556,4.19855571688325,0,-0.09596648215718576,2.515272443777074,5.1201895265185176
2010-12-13,-9.266556990182247,0.63190755852837,0,-0.11515522115577638,2.649688264027063,4.899705758306523
2010-12-14,-9.207290831880552,-1.78241877779962,0,0.011940852744052922,2.2476994206478684,5.054334742011571
2010-12-15,-9.225144047215693,2.0918663485341398,0,-0.02183891636038101,2.263534581895522,5.169863024916642
2010-12-16,-9.14919956309998,0.08000328942870005,0,0.04528843569912065,2.1973115912915606,4.962613056104699
2010-12-17,-9.474858470254674,-2.6675922793527,0,-0.13028625526049809,2.2178853155644425,5.867974084157271
2010-12-20,-9.60798057427265,3.80905635976813,0,-0.15192495788047217,2.24164947682337,6.030789014794845
2010-12-21,-9.431724737880844,3.2723938212194903,0,-0.028994338640328014,2.0928284397930588,5.7065229287240715
2010-12-22,-9.407715663424694,-0.9351202364987,0,-0.19751611443527564,2.2468313731972525,5.960937338474839
2010-12-23,-9.507705533909796,-1.36508191838982,0,-0.2490182496473164,2.3415092308036503,6.069861342923787
2010-12-27,-9.571233014923711,-8.2001852675287,0,-0.3316667588077161,2.731246099630154,5.828068192941251
2010-12-28,-9.581743202585564,-1.9203851116754302,0,-0.29568318429352736,2.582539878221599,5.935477623875628
2010-12-29,-9.4859144107653,1.46700622387771,0,-0.25583370459591603,2.5067320171377236,5.826591488084983
2010-12-30,-9.757777571903382,-2.97370800822244,0,-0.328244924092322,2.8126921651783565,5.89212680073622
2011-01-03,-9.757777571903382,4.8926411083365595,0,-0.328244924092322,2.8126921651783565,5.89212680073622
2011-01-04,-9.781431482759302,-4.1081611039902,0,-0.3694241934011745,3.009517880522561,5.782167696722491
2011-01-05,-9.615515723428725,-2.9418488189398,0,-0.2814126567223666,2.8365818259415336,5.562629770399864
2011-01-06,-9.55168165518853,1.7154643309573496,0,-0.2770978018839946,2.955447250306171,5.313694798871973
2011-01-07,-9.48251897370662,-1.6859441088946998,0,-0.16107277010422205,2.548428357725212,5.448021649748259
2011-01-10,-9.49838691116916,-4.64302398946794,0,-0.1739043648039434,2.5286072881832125,5.539568768532394
2011-01-11,-9.428632881190715,5.02499718137179,0,-0.1224519787034187,2.496363462488077,5.340825530243151
2011-01-12,-9.625276820454726,4.09746664195729,0,-0.19136402657833845,2.3316560251245644,6.029402385635024
2011-01-13,-9.550778033515396,-4.601207211488171,0,-0.1366620002847353,2.201790164191187,5.990026945042487
2011-01-14,-9.369488152195864,0.80907421706667,0,-0.021859214953452097,2.0602357284757566,5.678499297229054
2011-01-17,-9.350038494560074,-0.26423908738889,0,-0.18512047532913195,2.2099506183431936,5.9234766952501126
2011-01-18,-9.45191081401359,1.7477251654511403,0,-0.23523368163130537,2.3043373695603755,6.028928541231865
2011-01-19,-9.517301386260732,-2.3158229803855903,0,-0.3178133749159935,2.6934934512427677,5.783500793022792
2011-01-20,-9.393971285263888,-7.428767954018289,0,-0.22779309402477843,2.437888239823635,5.749642345598946
2011-01-21,-9.293482630355035,2.29154266516109,0,-0.19026751626020355,2.360846326060029,5.649152898913396
2011-01-24,-9.565719342633667,0.2299269000097602,0,-0.2329970094706433,2.624221646948231,5.660156597556918
2011-01-25,-9.565719342633667,1.8785636723596197,0,-0.2329970094706433,2.624221646948231,5.660156597556918
2011-01-26,-9.583548668077512,6.71709024877514,0,-0.27030008244451026,2.8070340068308717,5.535387672858322
2011-01-27,-9.416363890579294,0.1759792012204801,0,-0.18995706898126186,2.6407426908599425,5.3388813227208605
2011-01-28,-9.35126148022449,-3.2807364073017804,0,-0.19381259528940156,2.763319020634665,5.098644850547865
2011-01-31,-9.121440072724507,-1.4146280763833303,0,0.042192645871967784,2.1853805567274946,4.969504863757711
2011-02-01,-9.139857127158571,2.93503531471609,0,0.004102761372648401,2.2083761790974545,5.088747321649083
2011-02-02,-9.061289966119359,-1.2616706112208502,0,0.07428163662671611,2.1354364272226825,4.881345673560873
2011-02-03,-9.491824326983922,1.1079102997052,0,-0.15075780475251518,2.2368569965259626,5.918646964406616
2011-02-04,-9.450215531844405,-0.013600820042940134,0,-0.10530460173415465,2.1307066107561985,5.90799725719697
2011-02-07,-9.258767075502664,3.6292333383101796,0,-0.002326295480460885,1.9972871355651032,5.616352241165641
2011-02-08,-9.2486318548992,6.59155727146824,0,-0.1590288974597865,2.144776701135055,5.847130012805762
2011-02-09,-9.354394184126374,-1.15702438996204,0,-0.2078990999374694,2.2405850815680273,5.9476646057171205
2011-02-10,-9.424064156826216,1.16914170735505,0,-0.29236020400223944,2.631443880177459,5.69846127448508
2011-02-11,-9.291184383200756,3.1156273703087005,0,-0.19588378425122152,2.3623339921788378,5.66213201936387
2011-02-14,-9.18853170758578,0.97569990440114,0,-0.16163558834900493,2.2877263653560522,5.568530735590018
2011-02-15,-9.462816343920618,-1.9082614209588602,0,-0.1901545173354226,2.5315057998729724,5.554667254350302
2011-02-16,-9.462816343920618,2.3606714909881803,0,-0.1901545173354226,2.5315057998729724,5.554667254350302
2011-02-17,-9.47820311006183,-0.3080357305299,0,-0.22294853068501652,2.7040398758363873,5.419308010632779
2011-02-18,-9.47820311006183,0.9925159965128698,0,-0.22294853068501652,2.7040398758363873,5.419308010632779
2011-02-21,-9.5502493206385,-3.8726203641535903,0,-0.2996859054790171,2.943075865727308,5.408750271092051
2011-02-22,-9.325482974670418,-2.2381126678145398,0,-0.09764455372589317,2.41419372579462,5.284660543516879
2011-02-23,-9.343824421940845,-7.19549816052681,0,-0.11681296371867925,2.4062280604895276,5.384001630029783
2011-02-24,-9.269820778081609,-1.0088422890778603,0,-0.06273934928744389,2.365159402816524,5.185950282255712
2011-02-25,-9.484006670437912,2.9469579337868104,0,-0.14592385670290103,2.2465205174136247,5.880224586899171
2011-02-28,-9.5852588573146,6.20123191813806,0,-0.1793962044051449,2.203774846742367,6.151347991935294
2011-03-01,-9.417330252867645,-0.69356094090254,0,-0.09142441278198882,2.1119039557614405,5.862906263587037
2011-03-02,-9.390051242032245,-3.53437916734695,0,-0.21558333327824042,2.199219793953552,6.06811296877737
2011-03-03,-9.485890916923813,3.3310043489300307,0,-0.2559054730953847,2.2762824506387807,6.16317885043099
2011-03-04,-9.558197467974924,-2.29079287909179,0,-0.33429928778253304,2.6696771586661465,5.907318332145298
2011-03-07,-9.442905876666963,-1.32892257366014,0,-0.2604901367899629,2.4400140195340576,5.8949188880383865
2011-03-08,-9.348123165183432,-0.32153086987428,0,-0.22985813467825716,2.3767968926434904,5.801351006230946
2011-03-09,-9.631824528129476,-0.63200209331288,0,-0.28293909872849177,2.6377466279054267,5.867836692792765
2011-03-10,-9.631824528129476,-4.57234220820699,0,-0.28293909872849177,2.6377466279054267,5.867836692792765
2011-03-11,-9.631824528129476,-3.7538990944287196,0,-0.28293909872849177,2.6377466279054267,5.867836692792765
2011-03-14,-9.631824528129476,-2.98518964372149,0,-0.28293909872849177,2.6377466279054267,5.867836692792765
2011-03-15,-9.714549605144498,-7.2304142188419505,0,-0.3546541445366558,2.877572698666886,5.844387003727813
2011-03-16,-9.471119095704871,-7.65404262406604,0,-0.16511382674626973,2.359713644319015,5.748469463219139
2011-03-17,-9.512354692126982,8.53859783938663,0,-0.1779684374786087,2.3367178317195036,5.866797680470134
2011-03-18,-9.467130986127327,1.6205652454743098,0,-0.16121777038711715,2.3753968994472237,5.707039039521645
2011-03-21,-9.483308463884118,5.78892499077842,0,-0.022366511316634335,1.8268807374708333,6.211890368481502
2011-03-22,-9.593353178634802,-3.7105170853587595,0,-0.16221794976997805,2.149544589514542,6.193725625433065
2011-03-23,-9.427571026996194,0.8455756094184599,0,-0.06183695998505801,2.046030451011669,5.8918746875237495
2011-03-24,-9.404338455597877,7.06569251067166,0,-0.207868251282677,2.160328498614935,6.119549400259762
2011-03-25,-9.501885913883502,0.1503625797517099,0,-0.2514914615942788,2.2414606203786027,6.217800142648013
2011-03-28,-9.601022938856959,-0.21586215149441,0,-0.35036196121053165,2.7209945869800296,5.928603325473929
2011-03-29,-9.495184493434854,2.28227773703115,0,-0.2834683989985549,2.5058631710755686,5.920971128004247
2011-03-30,-9.384699001777342,4.73418049285827,0,-0.23704975972751874,2.3719594812951907,5.866691011851618
2011-03-31,-9.669091993797046,0.8299288775065898,0,-0.29480841048841355,2.639380253442569,5.939860792717663
2011-04-01,-9.798793586345955,9.6389519732949,0,-0.34123742661593726,2.6015982460628972,6.261207356736739
2011-04-04,-9.798793586345955,-1.65615706753057,0,-0.34123742661593726,2.6015982460628972,6.261207356736739
2011-04-05,-9.798793586345955,-4.04094813373316,0,-0.34123742661593726,2.6015982460628972,6.261207356736739
2011-04-06,-9.881765241902064,0.91401642602007,0,-0.4056413146730351,2.833163989374354,6.225273521994769
2011-04-07,-9.643607158259401,-4.866213786857271,0,-0.24104546708113286,2.356275827359693,6.160674475515481
2011-04-08,-9.629209845124606,-0.15483640743933,0,-0.2236627684816982,2.2708027793544217,6.222697764153819
2011-04-11,-9.60820646818706,-2.6630763739881305,0,-0.22854873031431636,2.3595954819127645,6.08318115339417
2011-04-12,-9.506707203253937,-4.52918902863718,0,-7.114796006731896e-06,1.6502381079145199,6.4908168215796795
2011-04-13,-9.679869540969907,4.165450992630211,0,-0.19404912187184625,2.066713610300602,6.499942368085316
2011-04-14,-9.54652115883125,-0.40363070030298004,0,-0.12981552981746566,2.0397145682586126,6.228020193097757
2011-04-15,-9.276212720762002,2.13777721091283,0,-0.1754627725250107,2.0834026150935587,6.018807647694894
2011-04-18,-9.37980069310611,-6.07323620145976,0,-0.21910983432833703,2.169189757063086,6.1130696201293215
2011-04-19,-9.48528332041597,1.8448539597725002,0,-0.31949460566138443,2.650134681145932,5.816683496573566
2011-04-20,-9.368508545703062,10.46941628147672,0,-0.24669556781619265,2.420889224570467,5.807134109572811
2011-04-21,-9.257322561676188,1.7842502907794802,0,-0.2038525236503237,2.289719394200765,5.763797194910649
2011-04-26,-9.199510219486317,2.9315389039306305,0,-0.20100175474950116,2.3514861045644837,5.602962845408836
2011-04-27,-9.36529680830713,1.43447526883719,0,-0.25243583712217266,2.3530666873478845,5.920437418857217
2011-04-28,-9.36529680830713,5.09026286398211,0,-0.25243583712217266,2.3530666873478845,5.920437418857217
2011-04-29,-9.36529680830713,1.83642003970392,0,-0.25243583712217266,2.3530666873478845,5.920437418857217
2011-05-02,-9.466040725803186,1.2870836522001199,0,-0.31419092838126894,2.5903256612287517,5.86449008740917
2011-05-03,-9.18210820349119,-1.4052358534624099,0,-0.1653289459140016,2.1064091643716774,5.859688337173303
2011-05-04,-9.170699576421049,-6.5092275021109,0,-0.1557942074320968,2.0346779065630205,5.934714434230033
2011-05-05,-9.174054711750419,-0.3877243382893502,0,-0.16723524176709542,2.123436583428509,5.83031225961761
2011-05-06,-9.00196947563133,5.26733992204208,0,0.025546485716412316,1.4439625117274615,6.300467801803579
2011-05-09,-9.224874647753014,-5.76663212903945,0,-0.14831719809571609,1.8515065266187363,6.260957263998922
2011-05-10,-9.06364125016115,4.74244406881475,0,-0.09657865056939638,1.8194029655210933,6.015486263690047
2011-05-11,-8.787481443527906,1.07743401407926,0,-0.1553198970645579,1.863801628053534,5.822036539098352
2011-05-12,-8.904152257759822,-2.53715021393321,0,-0.18804707770499618,1.945529793902415,5.895178898171308
2011-05-13,-7.925630501193458,-1.27517593370551,0,-1.0832374462171415,2.1533647987497426,6.212287963692246
2011-05-16,-8.880888042490113,-0.01041293678019999,0,-0.20721222166918346,2.1732929516732806,5.574529944796396
2011-05-17,-8.762167767753958,-5.29888545319515,0,-0.17801377982823977,2.0544125625890715,5.557166072963981
2011-05-18,-8.613912619964104,2.37139674262923,0,-0.15415209880471742,2.088135467606989,5.288155958031097
2011-05-19,-8.822681012011778,3.2016524370631196,0,-0.2035123973395342,2.1205314276729528,5.586349694160827
2011-05-20,-8.822681012011778,-5.36022732670772,0,-0.2035123973395342,2.1205314276729528,5.586349694160827
2011-05-23,-8.822681012011778,-6.93510347096802,0,-0.2035123973395342,2.1205314276729528,5.586349694160827
2011-05-24,-7.803587102066292,3.4913200969057,0,-0.9053362984274069,1.9627220795438198,6.050100309332351
2011-05-25,-8.654967893382238,-0.91823288678392,0,-0.1411042043462507,1.8993021173000026,5.5953207174153725
2011-05-26,-8.650062895783208,-3.9156142845025896,0,-0.13656105035099447,1.8390311282530032,5.675705406039391
2011-05-27,-8.682439524285828,2.87975437007289,0,-0.15445628991458915,1.9088170354606513,5.64308717751143
2011-05-30,-8.499675227643523,1.6365062094927199,0,0.008104612620640118,1.2712082566511789,6.159174652935424
2011-05-31,-8.762128110946595,5.9136073632190795,0,-0.13664740291089655,1.6613059006065511,6.075417762623142
2011-06-01,-8.577135472382263,-3.7879990870383398,0,-0.09784730442244982,1.6271395535619941,5.854155892612768
2011-06-02,-8.64402665290483,-5.13167673176406,0,-0.13039325700434862,1.7979472803768388,5.720350199273197
2011-06-03,-8.767035901432559,2.08586935928902,0,-0.1629963876897636,1.883960884302101,5.7894580943189435
2011-06-06,-8.894524699667464,1.34017926333627,0,-0.24972446106720603,2.3468033409049536,5.450962214074341
2011-06-07,-8.737356321180457,-0.9460236802955699,0,-0.17878329614588573,2.0992375181755305,5.464602312029584
2011-06-08,-8.722190685326591,-1.08840387520761,0,-0.16804716919589435,2.0363148132159234,5.5178944582482945
2011-06-09,-8.570606546006829,6.23629086099223,0,-0.14306297019023279,2.0653808581502697,5.249110714173902
2011-06-10,-8.820797657509837,-3.6709066200648994,0,-0.20314140568153044,2.119636630252974,5.5848028999115655
2011-06-13,-8.820797657509837,0.5710538624831699,0,-0.20314140568153044,2.119636630252974,5.5848028999115655
2011-06-14,-8.820797657509837,5.67246590358996,0,-0.20314140568153044,2.119636630252974,5.5848028999115655
2011-06-15,-7.769641837390335,-3.41685251869935,0,-0.8699940729644581,1.9542574891192979,5.981444474806785
2011-06-16,-8.611606414666552,3.5673157817326397,0,-0.13217096804058048,1.878544666841016,5.561629288148449
2011-06-17,-8.607345045029327,2.86184856984915,0,-0.12833902665138947,1.819801582024513,5.642789971487797
2011-06-20,-8.766210925051949,-1.12499607204621,0,-0.16597083932266404,1.8115180195438045,5.910511225445315
2011-06-21,-7.630392912831931,3.9568197062883503,0,-0.5408373218929156,1.131232150376119,6.317197643064661
2011-06-22,-7.698632900609354,0.6502216368890501,0,-0.6666799723761793,1.3582577598017949,6.2637372771640525
2011-06-23,-7.588339924069834,-7.98287839775222,1,-0.5963733110602176,1.394581648833519,6.036195846768494
2011-06-24,-7.759435941418209,3.13810745205721,0,-0.8037674355268039,1.707068295070902,6.124446819950553
2011-06-27,-7.819965451520995,0.6934545528889199,0,-0.8738763842706516,1.7414787694704659,6.2306723119886875
2011-06-28,-7.869876798800663,0.36353354837428997,0,-1.0294449853088956,2.231478783092146,6.032532974363596
2011-06-29,-7.906680819282973,3.99715275078912,0,-1.0666977729709322,2.1993457264517406,6.138358776294737
2011-06-30,-7.921585659109882,2.40335923277063,0,-1.0789855442879555,2.159664814970484,6.198615527875061
2011-07-01,-7.861547956498353,-0.8979931937731198,0,-1.044805971609398,2.3879892656447543,5.914603704507632
2011-07-04,-7.899017390972448,2.3757859247315096,0,-1.0365344877862261,2.0753399608874767,6.197994327100009
2011-07-05,-7.899017390972448,0.16161545960891,0,-1.0365344877862261,2.0753399608874767,6.197994327100009
2011-07-06,-7.899017390972448,0.42259707988423,0,-1.0365344877862261,2.0753399608874767,6.197994327100009
2011-07-07,-7.899087498465802,3.52213292468016,0,-1.0430187076380175,2.112725151142674,6.174598252002321
2011-07-08,-7.792926792433734,-2.5852995882621803,0,-0.8774429280409359,1.8831628154113635,6.078493335622241
2011-07-11,-7.7750183213247315,-6.52300642989791,0,-0.8362109976718559,1.7802071849604624,6.107921778679991
2011-07-12,-7.801320183629026,-0.18493362506308994,0,-0.8146918766422555,1.5818471072545492,6.297746596112531
2011-07-13,-7.7040955212366775,5.04394599820326,0,-0.6011894793610861,1.1981295920197237,6.375409358776188
2011-07-14,-7.771486131605567,-0.5093200372825499,0,-0.7433947213761686,1.43193184663239,6.34035438352689
2011-07-15,-7.771486131605567,2.98291286552201,0,-0.7433947213761686,1.43193184663239,6.34035438352689
2011-07-18,-7.771486131605567,-3.28272901684027,0,-0.7433947213761686,1.43193184663239,6.34035438352689
2011-07-19,-7.8224038945543,3.7693744693034903,0,-0.8015763318732834,1.4485306549278918,6.432912498324641
2011-07-20,-7.93213928067479,-1.2855620818721598,0,-1.042103458373901,1.876018343237372,6.3999625274902865
2011-07-21,-7.904713546194622,1.22435620045587,0,-1.0275243691429599,1.9854253913544797,6.267943608860802
2011-07-22,-7.902534550480201,0.23992290950849002,0,-1.042544771620653,2.0857816949627006,6.199521361536138
2011-07-25,-7.888957779347106,4.37647858390011,0,-1.0545667323457535,2.2550752683469923,6.061794970187483
2011-07-26,-7.941380179959237,-0.23606064298081986,0,-1.0909095577040284,2.073079055092319,6.299863613499559
2011-07-27,-7.941380179959237,-6.02481930112473,0,-1.0909095577040284,2.073079055092319,6.299863613499559
2011-07-28,-7.941380179959237,-2.9528822747907397,0,-1.0909095577040284,2.073079055092319,6.299863613499559
2011-07-29,-7.899451258536713,-3.0811230170327697,0,-1.0243742136124472,2.0030252476649943,6.24482049843583
2011-08-01,-7.800346962120204,-10.29413110590675,1,-0.8352192856596475,1.6678043021802307,6.237442755600842
2011-08-02,-8.526901481505467,-6.81505193333269,0,-0.3181484307510202,1.8203339187785263,6.00419863260006
2011-08-03,-8.567877230193888,-5.71667223501228,0,-0.32590675301442595,1.7852907961258397,6.109517771893905
2011-08-04,-8.330137828700309,-13.720912548823527,1,-0.14392112109694527,1.2854207725862439,6.26450470746644
2011-08-05,-9.168180770501746,-7.7131692926539595,0,-0.03728511998989527,1.7613648250413156,6.056403449492265
2011-08-08,-9.168180770501746,-18.25777590460796,1,-0.03728511998989527,1.7613648250413156,6.056403449492265
2011-08-09,-9.741326930412542,4.8026232349014695,0,0.09917780145041794,1.8742380315218938,5.985984694807315
2011-08-10,-9.920850548667588,-16.18483745873714,1,0.0797485240918184,1.974622218352754,6.0358751247303815
2011-08-11,-10.334293506383794,10.4769041115199,0,-0.007834046032331343,2.6430428668622152,5.53838663614018
2011-08-12,-9.874005157010414,8.06859467182982,0,0.09323876124888603,2.226077647317392,5.438540268628133
2011-08-15,-9.836863929615333,1.7403323238281598,0,0.09662275557838804,2.164546584354134,5.5102561887155055
2011-08-16,-9.68692704437489,-0.47899793236384003,0,0.11496385648045457,2.1909497323046923,5.231123235628945
2011-08-17,-10.0007810244511,-1.09266957305435,0,0.05976966057183546,2.292297759084386,5.574099702267375
2011-08-18,-10.0007810244511,-19.26955555413525,1,0.05976966057183546,2.292297759084386,5.574099702267375
2011-08-19,-10.11936356297839,-7.6496032267847305,0,0.08382598748190168,2.3101517659821456,5.5568601277469
2011-08-22,-10.398006678392713,-2.91500483592072,0,0.02783638860937593,2.637236735269029,5.453595557669761
2011-08-23,-9.91065941532534,5.19285694845003,0,0.10340493583714874,2.084766062696356,5.7168241408904565
2011-08-24,-9.91065941532534,8.708810011464399,0,0.10340493583714874,2.084766062696356,5.7168241408904565
2011-08-25,-10.001525102954794,-2.91332937580955,0,0.0868176074633191,2.1038151681902604,5.834862452326041
2011-08-26,-9.28695163189361,-2.04800340272557,0,0.2909197211821323,1.344015895478067,6.044818927577029
2011-08-29,-9.804096965405332,4.27822971635191,0,0.12292242635028111,1.8795826096762824,5.952615996909619
2011-08-30,-9.804096965405332,-1.62466529433031,0,0.12292242635028111,1.8795826096762824,5.952615996909619
2011-08-31,-9.804096965405332,8.2137282524442,0,0.12292242635028111,1.8795826096762824,5.952615996909619
2011-09-01,-9.990673924358674,-0.5103119616216001,0,0.10527532442783206,1.9807339812319835,5.999082959426497
2011-09-02,-10.637474879721463,-11.0640262306621,1,-0.0036340892677411084,2.696196631651545,5.726339153855901
2011-09-05,-10.140141857041405,-16.743563019885148,1,0.07915553155355051,2.2451123428492368,5.725440683936787
2011-09-06,-10.080648432056321,-8.63955154915976,0,0.08438412547982949,2.1656321843443473,5.801330451432301
2011-09-07,-10.325766765602559,13.1130726002356,0,0.11050475243826909,2.256825650482071,5.755291738243836
2011-09-08,-10.548536777513652,-1.85366291505497,0,0.06678074581157842,2.2759729748699726,6.124585969494909
2011-09-09,-10.548536777513652,-7.1345355358604605,0,0.06678074581157842,2.2759729748699726,6.124585969494909
2011-09-12,-10.969270218525072,-3.7618122091816004,0,0.09893924566390516,2.3985501305063543,6.164462089868284
2011-09-13,-10.969270218525072,2.46050883642362,0,0.09893924566390516,2.3985501305063543,6.164462089868284
2011-09-14,-11.412820548063488,9.847225125809638,0,0.19227416065476527,2.4899029022908126,5.960389087147703
2011-09-15,-11.412820548063488,7.110342466230671,0,0.19227416065476527,2.4899029022908126,5.960389087147703
2011-09-16,-11.486713057155324,3.4122121598518103,0,0.17020259028018953,2.515460283413457,6.0942954323441905
2011-09-19,-10.772817386893376,-7.0871823724985905,0,0.42140845561641416,1.6505950239577436,6.228918955057192
2011-09-20,-11.275529249128628,6.828231187250419,0,0.2160217743616789,2.2668726065968645,6.195762029516191
2011-09-21,-11.275529249128628,-5.953205125650641,0,0.2160217743616789,2.2668726065968645,6.195762029516191
2011-09-22,-11.275529249128628,-14.15887495442964,1,0.2160217743616789,2.2668726065968645,6.195762029516191
2011-09-23,-11.467457635730401,4.20366064125188,0,0.1926433066489215,2.3777145272528655,6.2588387598144575
2011-09-26,-11.922536675009734,2.8271346707354708,0,0.02976213272081357,3.1192442160865363,6.064045622201783
2011-09-27,-11.470947757140335,12.82830422876976,0,0.13679743254925197,2.6347879345283944,6.000336054920995
2011-09-28,-11.403106924832871,-2.81164482544467,0,0.14392109499372904,2.549608984516019,6.073298998325159
2011-09-29,-11.68844715935274,0.6797503131951901,0,0.16547426184329994,2.6481805827556935,6.037237264794718
2011-09-30,-11.853329211778085,-8.96344373726634,0,0.11061907651716724,2.668918836369733,6.447708197788354
2011-10-04,-11.853329211778085,-18.88408758540952,1,0.11061907651716724,2.668918836369733,6.447708197788354
2011-10-05,-12.565432895961639,11.00903039701381,0,0.16340665078950806,2.8479180431579705,6.500028513315183
2011-10-06,-12.565432895961639,9.331977744341941,0,0.16340665078950806,2.8479180431579705,6.500028513315183
2011-10-07,-13.109225779923946,4.63836699277283,0,0.22670640307644152,2.9538971832830243,6.420592498278834
2011-10-10,-13.109225779923946,9.51365011879779,0,0.22670640307644152,2.9538971832830243,6.420592498278834
2011-10-11,-13.148768459744364,3.4746975887628095,0,0.20370448396152907,2.9711691713480066,6.570005095279036
2011-10-12,-12.28697267119865,6.635789204846409,0,0.47066604377130383,1.9419528045881231,6.66095168478868
2011-10-13,-12.91746545524769,-1.7878461126087801,0,0.25374497045630573,2.6906959828117234,6.661137370736968
2011-10-14,-12.91746545524769,5.534538144276451,0,0.25374497045630573,2.6906959828117234,6.661137370736968
2011-10-17,-12.91746545524769,-6.62338424483003,0,0.25374497045630573,2.6906959828117234,6.661137370736968
2011-10-18,-13.001806398138068,2.40231379515657,0,0.22504519976418774,2.7263182140946753,6.838495442498365
2011-10-19,-12.82365139983365,-1.99735756585045,0,0.20815409608278632,2.6912839994503814,6.838808674205264
2011-10-20,-12.778023631923563,-5.86733655635504,0,0.2342525662341069,2.676926942013477,6.671657536268949
2011-10-21,-12.53470446573566,12.078561018596881,0,0.3112936038149082,2.377745749860705,6.681212909391687
2011-10-24,-12.998137475506562,3.5021560494064103,0,0.346358946646866,2.5061379841763616,6.607331066394731
2011-10-25,-12.753292409809065,-0.7368405677346401,0,0.4335603747429594,2.0835166977440847,6.945257902535339
2011-10-26,-12.753292409809065,-0.024468715883300008,0,0.4335603747429594,2.0835166977440847,6.945257902535339
2011-10-27,-13.305851251814227,15.822452461251979,0,0.4719478370872304,2.179938066699771,6.981912594988517
2011-10-28,-13.305851251814227,1.35561463021012,0,0.4719478370872304,2.179938066699771,6.981912594988517
2011-10-31,-13.99777306620799,-10.36481393935068,0,0.5065835243385691,2.3556894304805986,6.9113304809713885
2011-11-01,-13.99777306620799,-14.318413894180528,1,0.5065835243385691,2.3556894304805986,6.9113304809713885
2011-11-02,-13.726656739819122,7.775714274438498,0,0.47837530271600026,2.2659561408083837,7.108906939382263
2011-11-03,-13.767253909694666,9.209353953085921,0,0.46051815997527845,2.321024434667627,7.113743204733345
2011-11-04,-13.979523032280376,-10.678498900094159,0,0.2195135798957169,3.039261685674053,7.14572423417851
2011-11-07,-13.979523032280376,1.30383353050248,0,0.2195135798957169,3.039261685674053,7.14572423417851
2011-11-08,-13.979523032280376,2.30233104052403,0,0.2195135798957169,3.039261685674053,7.14572423417851
2011-11-09,-13.957973049969832,-5.7959976094114,0,0.22420871326022873,3.0279092383853756,7.1184506049488405
2011-11-10,-13.786712813272736,2.88991722921023,0,0.20835632563371437,2.997263368330409,7.120127334568542
2011-11-11,-13.766561345903106,7.78856195270738,0,0.2365201455900433,2.985597332958635,6.94094674197804
2011-11-14,-13.590760038071771,-4.20428025630426,0,0.3253515863028212,2.673388937716586,6.916109506752749
2011-11-15,-14.061264753859252,-0.9666239724407101,0,0.34388457215732127,2.82696517308349,6.8703086170500836
2011-11-16,-13.885099370189153,-3.0051578675539505,0,0.44044659950745063,2.38640697483868,7.1851818335592945
2011-11-17,-13.885099370189153,-3.64237391931738,0,0.44044659950745063,2.38640697483868,7.1851818335592945
2011-11-18,-14.46671026875875,-4.45860218232003,0,0.4683021397377223,2.4999662847768747,7.241904442095127
2011-11-21,-14.46671026875875,-10.93120560242229,0,0.4683021397377223,2.4999662847768747,7.241904442095127
2011-11-22,-15.197081924938885,-3.1200890914390103,0,0.4975298286063733,2.689342993082613,7.183593942381602
2011-11-23,-15.197081924938885,-6.06898479567624,0,0.4975298286063733,2.689342993082613,7.183593942381602
2011-11-24,-14.948785551770538,-0.93445244825833,0,0.4841153964583314,2.5805219066943543,7.366955702465499
2011-11-25,-14.967583582550525,4.06791512904665,0,0.46361131177522213,2.6386594433886112,7.379139299850052
2011-11-28,-14.909844632910726,13.59514762399528,0,0.19069064582492382,3.383461266638972,7.512020240971159
2011-11-29,-14.909844632910726,1.7687095753131397,0,0.19069064582492382,3.383461266638972,7.512020240971159
2011-11-30,-14.909844632910726,15.62796978941389,0,0.19069064582492382,3.383461266638972,7.512020240971159
2011-12-01,-14.909844632910726,-5.174195611851149,0,0.19069064582492382,3.383461266638972,7.512020240971159
2011-12-02,-13.768799808926502,1.6869095368192497,0,0.21322355782682528,2.9875633047089454,7.092267839978886
2011-12-05,-13.746968821957548,2.52638466053282,0,0.24192563281837953,2.9734668231033075,6.9129746288925435
2011-12-06,-13.569980663318367,-1.65950195121552,0,0.33201407514024595,2.658785781236843,6.88720526621101
2011-12-07,-14.457771291281553,-0.9465906358095201,0,0.2716217626433566,3.077024625575042,7.175854360435349
2011-12-08,-14.400296152687798,-7.35869740736176,0,0.36247280810011673,2.6601133472529286,7.505345546365826
2011-12-09,-14.400296152687798,3.75148730157275,0,0.36247280810011673,2.6601133472529286,7.505345546365826
2011-12-12,-14.942866652740223,-8.48485140198851,0,0.37389593903890506,2.8014435419054236,7.59686956886879
2011-12-13,-14.942866652740223,1.1672583381696602,0,0.37389593903890506,2.8014435419054236,7.59686956886879
2011-12-14,-15.4550047459852,-8.73462091741081,0,0.4184051439842288,2.789759912760985,7.798825634346264
2011-12-15,-15.4550047459852,0.64165574366109,0,0.4184051439842288,2.789759912760985,7.798825634346264
2011-12-16,-15.811850229366444,-1.5489026312238101,0,0.9024970667660828,1.791191592885479,7.468760246690604
2011-12-19,-15.427488194078212,-0.7214332179854901,0,0.4444592950798839,2.8001891010960342,7.533125913058459
2011-12-20,-15.217619498698046,11.40547018615039,0,0.15244554201087612,3.5529022856069377,7.729777540934986
2011-12-21,-15.217619498698046,-0.29727527941553,0,0.15244554201087612,3.5529022856069377,7.729777540934986
2011-12-22,-15.217619498698046,2.4459875527070905,0,0.15244554201087612,3.5529022856069377,7.729777540934986
2011-12-23,-15.217619498698046,0.45008386668532,0,0.15244554201087612,3.5529022856069377,7.729777540934986
2011-12-27,-14.128597467095481,1.43668279661436,0,0.19610148263007926,3.129760043633425,7.249564864520968
2011-12-28,-14.11802844107589,-6.2040242991068295,0,0.22502633326693597,3.119740329678578,7.065449064065562
2011-12-29,-13.647448408122111,4.81366348027291,0,0.32674054453348894,2.689948407287635,6.922081796466941
2011-12-30,-14.510776174186468,2.86076566659596,0,0.257069563201353,3.1205674070110225,7.231133095544964
2012-01-02,-14.456638088138288,7.491531469172739,0,0.3468252128631243,2.7033986089925737,7.559558909523705
2012-01-03,-14.456638088138288,7.27081474658031,0,0.3468252128631243,2.7033986089925737,7.559558909523705
2012-01-04,-14.989436978273314,0.3146753170159401,0,0.35469301150908705,2.850566726054687,7.658829006590256
2012-01-05,-14.989436978273314,1.31416821439049,0,0.35469301150908705,2.850566726054687,7.658829006590256
2012-01-06,-15.517306486784232,-1.73285965731425,0,0.4051121286837633,2.831240812554989,7.852675109777948
2012-01-09,-15.517306486784232,0.7988768292443198,0,0.4051121286837633,2.831240812554989,7.852675109777948
2012-01-10,-15.96290024961904,8.27697579773167,0,0.8951914650680919,1.8319480353029092,7.501570821748158
2012-01-11,-15.96290024961904,-1.6389085300610604,0,0.8951914650680919,1.8319480353029092,7.501570821748158
2012-01-12,-15.311876728881042,2.6475154816246205,0,0.11999111873555589,3.6348538097574465,7.884302553346489
2012-01-13,-15.311876728881042,-3.81881175819765,0,0.11999111873555589,3.6348538097574465,7.884302553346489
2012-01-16,-15.311876728881042,5.36627979257926,0,0.11999111873555589,3.6348538097574465,7.884302553346489
2012-01-17,-15.311876728881042,6.86968978609912,0,0.11999111873555589,3.6348538097574465,7.884302553346489
2012-01-18,-14.261415869874863,0.9680116600556401,0,0.1746689491935136,3.2014650243635194,7.36886101400197
2012-01-19,-14.25657424030574,0.5264714900495,0,0.2019226216379985,3.1993302329717546,7.184851261416334
2012-01-20,-13.782319928977465,-0.65049676547003,0,0.3098802130013377,2.755482275891569,7.008501987649303
2012-01-23,-14.473717616030122,0.39667774200194,0,0.31111129975989715,3.01881751418309,7.043401776108492
2012-01-24,-14.474757747286079,-1.8745175287342102,0,0.41542015073019894,2.6033400785369576,7.35209187761291
2012-01-25,-14.474757747286079,-1.5821466903409902,0,0.41542015073019894,2.6033400785369576,7.35209187761291
2012-01-26,-15.043712194353045,5.2527083631494005,0,0.43196913008955296,2.735248144982517,7.431426763349755
2012-01-27,-15.043712194353045,-3.2656557518728704,0,0.43196913008955296,2.735248144982517,7.431426763349755
2012-01-30,-15.553566793754818,-1.5171945121103598,0,0.46221390311623295,2.7525856504283697,7.648993841496621
2012-01-31,-15.553566793754818,2.08382305599773,0,0.46221390311623295,2.7525856504283697,7.648993841496621
2012-02-01,-17.00170556499878,6.85564370500415,0,1.1301804202570154,1.6132093999040706,7.16836689132923
2012-02-02,-17.00170556499878,1.30164323662626,0,1.1301804202570154,1.6132093999040706,7.16836689132923
2012-02-03,-15.238348436645428,6.469166060620049,0,0.20643808547393525,3.346067316404434,7.809799444851009
2012-02-06,-15.238348436645428,1.3456794208409502,0,0.20643808547393525,3.346067316404434,7.809799444851009
2012-02-07,-15.238348436645428,-2.30503650042191,0,0.20643808547393525,3.346067316404434,7.809799444851009
2012-02-08,-15.238348436645428,-1.41389207010239,0,0.20643808547393525,3.346067316404434,7.809799444851009
2012-02-09,-14.120555075189799,4.44024499675104,0,0.25362448982664,2.919163656366629,7.333805346243151
2012-02-10,-14.14812876249454,-5.79717117485596,0,0.2880864203486681,2.9151180931696814,7.1358455206570675
2012-02-13,-13.40831247412689,2.60916237580734,0,0.5870393384363066,1.9601802630220393,6.984895225678962
2012-02-14,-14.56128210227659,-1.4282203228511199,0,0.5612434986487762,2.3828876292962597,6.965397045369981
2012-02-15,-14.593774416980516,1.24489357419316,0,0.5192769715392476,2.4647772795675333,7.079257992566137
2012-02-16,-14.593774416980516,0.55237428165226,0,0.5192769715392476,2.4647772795675333,7.079257992566137
2012-02-17,-15.223648548283244,3.60750747777113,0,0.547713923708667,2.5748328079919576,7.133379012207131
2012-02-20,-15.223648548283244,3.3062565762520397,0,0.547713923708667,2.5748328079919576,7.133379012207131
2012-02-21,-15.675629971599422,-1.82097679930777,0,0.54053213733024,2.656341421473161,7.392718790549997
2012-02-22,-15.675629971599422,-2.51510612597318,0,0.54053213733024,2.656341421473161,7.392718790549997
2012-02-23,-16.74847158729628,-1.71480839324566,0,1.0496129872447346,1.752329397258186,7.050502677604326
2012-02-24,-16.74847158729628,0.7594768954662099,0,1.0496129872447346,1.752329397258186,7.050502677604326
2012-02-27,-15.231611833899358,-2.5146934091108997,0,0.24871969420932916,3.2974536673112795,7.60226723626238
2012-02-28,-15.231611833899358,1.48592433944051,0,0.24871969420932916,3.2974536673112795,7.60226723626238
2012-02-29,-15.231611833899358,-1.1765851875022602,0,0.24871969420932916,3.2974536673112795,7.60226723626238
2012-03-01,-15.231611833899358,5.675895880129509,0,0.24871969420932916,3.2974536673112795,7.60226723626238
2012-03-02,-14.068799431393998,-3.4405922097876003,0,0.29207301319577283,2.864740389710114,7.1503338835720545
2012-03-05,-14.091288064331284,-1.8187684320478898,0,0.33441407779583254,2.8361488623045825,6.945484794644333
2012-03-06,-13.715020087506204,-11.692811825297818,0,0.34344670381747366,2.7074722502648862,6.831059798685761
2012-03-07,-14.92080341481589,3.55163105809937,0,0.21570764933885062,3.3587024216793404,7.396689044577162
2012-03-08,-14.979701732730568,5.67695718811893,0,0.18439482720691222,3.4326785936525157,7.519767293323193
2012-03-09,-14.979701732730568,1.88437073376586,0,0.18439482720691222,3.4326785936525157,7.519767293323193
2012-03-12,-15.392112233209495,1.4300833986939099,0,0.1409691102131092,3.671435715662685,7.73876107846692
2012-03-13,-15.392112233209495,2.30827384755427,0,0.1409691102131092,3.671435715662685,7.73876107846692
2012-03-14,-16.022053530814528,3.7218832277612095,0,0.06087469014888508,4.09734432913912,8.101486437082691
2012-03-15,-16.022053530814528,2.87350032086811,0,0.06087469014888508,4.09734432913912,8.101486437082691
2012-03-16,-16.001452382103402,-0.9453091025437199,0,0.060053933100544084,4.022036614618822,8.232398742442683
2012-03-19,-16.001452382103402,-2.7621388686158,0,0.060053933100544084,4.022036614618822,8.232398742442683
2012-03-20,-15.625845744282833,-6.28958848916204,0,0.15246390925816092,3.61606644999758,8.00474968480269
2012-03-21,-15.625845744282833,2.50455294138431,0,0.15246390925816092,3.61606644999758,8.00474968480269
2012-03-22,-15.625845744282833,-4.81137068674928,0,0.15246390925816092,3.61606644999758,8.00474968480269
2012-03-23,-15.625845744282833,-0.5922270101438901,0,0.15246390925816092,3.61606644999758,8.00474968480269
2012-03-26,-14.606915170823346,1.51813655841108,0,0.2528593154189397,3.099970899158042,7.405232041272238
2012-03-27,-14.647219022406441,-0.76838338492424,0,0.29446659342646697,3.079284675452116,7.192887695010036
2012-03-28,-14.309442737745275,-4.59650795308729,0,0.31965201843063556,2.927559519163607,7.041870877295241
2012-03-29,-14.879443541734894,-4.69856961844412,0,0.2034764656568408,3.32271707636935,7.52391032636513
2012-03-30,-14.943758132157349,4.21762327333506,0,0.1774583309189762,3.3844020083946194,7.637758583222013
2012-04-02,-14.943758132157349,5.78797081358411,0,0.1774583309189762,3.3844020083946194,7.637758583222013
2012-04-03,-15.365581144678394,-2.51821159631186,0,0.14079228028048651,3.609301436815488,7.843020745650341
2012-04-04,-15.365581144678394,-7.5064784485269485,0,0.14079228028048651,3.609301436815488,7.843020745650341
2012-04-05,-16.0036445492122,-0.43318145081499004,0,0.06412587611996395,4.026902561871136,8.195645976390189
2012-04-10,-16.0036445492122,-7.070864277905139,0,0.06412587611996395,4.026902561871136,8.195645976390189
2012-04-11,-16.0036445492122,4.1018455511849,0,0.06412587611996395,4.026902561871136,8.195645976390189
2012-04-12,-16.0036445492122,4.1415465319805005,0,0.06412587611996395,4.026902561871136,8.195645976390189
2012-04-13,-15.694931663686862,-6.1758304385926905,0,0.028634841124272496,4.128862401224675,7.948254482979753
2012-04-16,-15.632732765519815,2.85352388463904,0,0.10410199670448568,3.6765902123396876,8.231831137935497
2012-04-17,-15.632732765519815,7.19987134660562,0,0.10410199670448568,3.6765902123396876,8.231831137935497
2012-04-18,-15.632732765519815,-3.9092737941435693,0,0.10410199670448568,3.6765902123396876,8.231831137935497
2012-04-19,-14.653908170803264,-3.6895058873252298,0,0.20742146763312047,3.1718051444323954,7.605507055323908
2012-04-20,-14.690091683625065,5.87386771692086,0,0.23845583567555062,3.1799254083951656,7.406408720329333
2012-04-23,-14.378796909263858,-11.193790725575308,0,0.27062116829876054,3.0212604485884227,7.235919943799024
2012-04-24,-15.204523722720975,3.5954922087506,0,0.033918796991397174,3.718908837291554,8.192917894057244
2012-04-25,-15.258635269677637,6.18395063286329,0,0.01781762488680719,3.7700261442289076,8.255278797494336
2012-04-26,-15.258635269677637,3.4037570289433097,0,0.01781762488680719,3.7700261442289076,8.255278797494336
2012-04-27,-15.613827810543789,4.62431197478403,0,-0.06896634286913308,4.084306608929992,8.600756449489577
2012-04-30,-15.613827810543789,-2.8048875838311003,0,-0.06896634286913308,4.084306608929992,8.600756449489577
2012-05-02,-16.24725995372238,-2.54196437777003,0,-0.11538881749099374,4.43697006562069,8.936362990127648
2012-05-03,-16.24725995372238,1.27345657191717,0,-0.11538881749099374,4.43697006562069,8.936362990127648
2012-05-04,-16.24725995372238,-8.33607923896973,0,-0.11538881749099374,4.43697006562069,8.936362990127648
2012-05-07,-16.24725995372238,1.6337399495070903,0,-0.11538881749099374,4.43697006562069,8.936362990127648
2012-05-08,-15.97545422889685,-7.169943702863681,0,-0.1494114832592472,4.556881331252095,8.687695846792188
2012-05-09,-15.873978811431186,3.53114606191771,0,-0.03023927638289052,4.01733836306815,8.73123633643741
2012-05-10,-15.873978811431186,-1.10993488058079,0,-0.03023927638289052,4.01733836306815,8.73123633643741
2012-05-11,-15.873978811431186,3.91720152570128,0,-0.03023927638289052,4.01733836306815,8.73123633643741
2012-05-14,-15.016938184072504,-6.405388263424211,0,0.13254029642070175,3.4279362948839944,7.928275784677314
2012-05-15,-15.04266911108368,-1.87296398728049,0,0.17135060439858685,3.4344831293113804,7.6720037929164056
2012-05-16,-14.821891774795102,0.59183016011298,0,0.18282822529236953,3.316310291569253,7.62573498494377
2012-05-17,-15.222768967000235,-3.73099655534768,0,0.016223848637355178,3.7443839515485156,8.277221604974608
2012-05-18,-15.27672115604305,-2.7871976280169,0,0.000544993585083119,3.7940584983679075,8.33939544747032
2012-05-21,-15.27672115604305,3.5143355830074006,0,0.000544993585083119,3.7940584983679075,8.33939544747032
2012-05-22,-15.630799483888087,4.971485348241201,0,-0.08450330475909582,4.102110591075878,8.684147971492367
2012-05-23,-15.630799483888087,-6.9606670914190705,0,-0.08450330475909582,4.102110591075878,8.684147971492367
2012-05-24,-16.26173492935681,0.71959922305666,0,-0.12829520677993062,4.447380168536014,9.016433629514065
2012-05-25,-16.26173492935681,2.9852878225779502,0,-0.12829520677993062,4.447380168536014,9.016433629514065
2012-05-28,-16.26173492935681,0.16464791638721998,0,-0.12829520677993062,4.447380168536014,9.016433629514065
2012-05-29,-16.26173492935681,4.95311052924066,0,-0.12829520677993062,4.447380168536014,9.016433629514065
2012-05-30,-15.995408134943611,-6.3977018773635805,0,-0.1615484857100587,4.569075511812924,8.76495004486554
2012-05-31,-15.91829981097354,-2.61534397580466,0,-0.07028321804895538,4.070714821459054,8.93679441879388
2012-06-01,-15.91829981097354,-11.15359168982284,0,-0.07028321804895538,4.070714821459054,8.93679441879388
2012-06-04,-16.110359935270154,-4.7245896338560005,0,-0.16640991034706454,4.294816329318399,9.34253626909547
2012-06-05,-15.317501281666445,-0.72437760080276,0,0.001661676480545808,3.7466451000037786,8.45987327117961
2012-06-06,-15.317501281666445,4.90614476019315,0,0.001661676480545808,3.7466451000037786,8.45987327117961
2012-06-07,-15.138131960099987,4.15113110702682,0,0.04649879395386338,3.5671313721056075,8.333971125393525
2012-06-08,-15.481540801393594,-1.4851626172470902,0,-0.09033462084081109,3.8603552629947027,8.978104975133476
2012-06-11,-15.530350315555527,0.8190976584852899,0,-0.10429570441599786,3.9002037689678697,9.040621173107318
2012-06-12,-15.530350315555527,2.3137976834118,0,-0.10429570441599786,3.9002037689678697,9.040621173107318
2012-06-13,-15.860636117557714,-1.4989711442403302,0,-0.18479602186821864,4.168823023119801,9.395004196587868
2012-06-14,-15.860636117557714,-1.37103496220887,0,-0.18479602186821864,4.168823023119801,9.395004196587868
2012-06-15,-16.46642342198224,4.63047335826687,0,-0.25451086922824706,4.737864819029687,9.542379646644346
2012-06-18,-16.46642342198224,1.1587370630683098,0,-0.25451086922824706,4.737864819029687,9.542379646644346
2012-06-19,-16.46642342198224,5.50248668569897,0,-0.25451086922824706,4.737864819029687,9.542379646644346
2012-06-20,-16.46642342198224,-0.5989445833261099,0,-0.25451086922824706,4.737864819029687,9.542379646644346
2012-06-21,-16.216330819844647,-1.7771774225636299,0,-0.2614311726603976,4.8099704556023335,9.227762289291721
2012-06-22,-16.12443030392696,-5.926682623381829,0,-0.17384489755740723,4.302321565707784,9.388316965108217
2012-06-25,-16.12443030392696,-5.07007635689889,0,-0.17384489755740723,4.302321565707784,9.388316965108217
2012-06-26,-16.12443030392696,-3.15272352498504,0,-0.17384489755740723,4.302321565707784,9.388316965108217
2012-06-27,-15.335533867536054,5.49913426040262,0,-0.01007667128755115,3.768872608195844,8.510725919112417
2012-06-28,-15.335533867536054,-3.40238763330536,0,-0.01007667128755115,3.768872608195844,8.510725919112417
2012-06-29,-15.15803690395888,14.73964392556463,0,0.036086052087620224,3.587435132033075,8.380759513810496
2012-07-02,-15.497574058784899,3.5655439830473297,0,-0.09741419612811339,3.868479928928303,9.021277903737555
2012-07-03,-15.546126806012099,4.52213862422858,0,-0.1111317708965105,3.907395356852981,9.083595080001896
2012-07-04,-15.504205749227076,0.1985553398342,0,-0.09140426120115565,3.8982046755233886,8.943244385002613
2012-07-05,-15.838592967669573,-0.49290023439588,0,-0.17558344525353428,4.179890149156385,9.30400665506332
2012-07-06,-15.835279028212248,-7.378086487515789,0,-0.1743799661550075,4.187336605405957,9.282231882335815
2012-07-09,-16.469932110604493,-0.33622911797629,0,-0.25399015523718804,4.712004140469192,9.580657404990495
2012-07-10,-16.47695883792157,2.80219079217604,0,-0.25639797875435966,4.697330784826597,9.623063851848563
2012-07-11,-16.47695883792157,-0.6375105891380999,0,-0.25639797875435966,4.697330784826597,9.623063851848563
2012-07-12,-16.47695883792157,-3.10724140135948,0,-0.25639797875435966,4.697330784826597,9.623063851848563
2012-07-13,-16.234121629496585,7.78757873825134,0,-0.266453676937246,4.7828894031361875,9.314177269889404
2012-07-16,-16.132980835184153,-1.37639771910936,0,-0.17610624006585102,4.262149175778356,9.472808011143542
2012-07-17,-16.132980835184153,1.23067472380749,0,-0.17610624006585102,4.262149175778356,9.472808011143542
2012-07-18,-16.132980835184153,4.98133231394678,0,-0.17610624006585102,4.262149175778356,9.472808011143542
2012-07-19,-15.353084257818207,3.91643603994001,0,-0.02637623104360027,3.7724897418723087,8.622163489359988
2012-07-20,-15.353084257818207,-5.77154316745026,0,-0.02637623104360027,3.7724897418723087,8.622163489359988
2012-07-23,-15.17563322262917,-8.45464722368483,0,0.01947496063763631,3.5926119078984415,8.491676575384865
2012-07-24,-15.368670614770465,-3.6683925420595793,0,-0.051782050620858805,3.766196872218603,8.801366352321228
2012-07-25,-15.419592226932522,2.61758014353359,0,-0.06541696722977661,3.807179122894289,8.861568566007541
2012-07-26,-15.373962523216715,6.201594443360171,0,-0.0406230572275663,3.7814791767955125,8.7133838581586
2012-07-27,-15.373962523216715,5.51986531644474,0,-0.0406230572275663,3.7814791767955125,8.7133838581586
2012-07-30,-15.36930168018339,5.69635087455075,0,-0.0371145676304934,3.7817354725995074,8.687135742608895
2012-07-31,-15.438998688886059,1.7383785089913801,0,-0.09296967415298671,3.993079081036213,8.727694005932715
2012-08-01,-15.428050052752615,-2.22114214132443,0,-0.08641069515650013,4.0298908822096156,8.615272913039238
2012-08-02,-15.428050052752615,-8.379880344980089,0,-0.08641069515650013,4.0298908822096156,8.615272913039238
2012-08-03,-15.428050052752615,12.759805046755371,0,-0.08641069515650013,4.0298908822096156,8.615272913039238
2012-08-06,-15.148563485459293,2.4382220616796797,0,-0.12552951797785983,4.14752347403048,8.375327285693878
2012-08-07,-15.063071525144828,3.2797537710340494,0,-0.0637691067106251,3.7291731089573155,8.62992708480883
2012-08-08,-15.063071525144828,0.06822457457680005,0,-0.0637691067106251,3.7291731089573155,8.62992708480883
2012-08-09,-15.063071525144828,-0.42201955825455,0,-0.0637691067106251,3.7291731089573155,8.62992708480883
2012-08-10,-13.999005690983006,-0.6962492869073201,0,9.668579295952882e-05,3.2760176399996164,8.011356249289822
2012-08-13,-13.999005690983006,-2.41323505200229,0,9.668579295952882e-05,3.2760176399996164,8.011356249289822
2012-08-14,-13.833125740697863,2.2983394489671998,0,0.005559108774768275,3.1169031975102115,8.107762082744209
2012-08-15,-14.001642734612375,-0.9304453949334599,0,-0.027404908138329655,3.2347957516338046,8.235460174171356
2012-08-16,-14.060827544937641,1.98935113532327,0,-0.03671388913829901,3.2701851633115133,8.280457067965365
2012-08-17,-13.996485674944932,2.21331387061117,0,-0.011028247144138909,3.2351550123144994,8.14322787509833
2012-08-20,-13.996485674944932,-0.06588308462141003,0,-0.011028247144138909,3.2351550123144994,8.14322787509833
2012-08-21,-13.988912181488683,1.58856953093073,0,-0.006841393661080496,3.232740779158025,8.11766358711165
2012-08-22,-14.079034261906994,-3.3838124124594104,0,-0.06312562979113472,3.4412596157097832,8.139141200482978
2012-08-23,-14.057040186492532,-3.0313478862754,0,-0.05222220428871725,3.4618398643869983,8.022847343889563
2012-08-24,-14.057040186492532,0.56514538141831,0,-0.05222220428871725,3.4618398643869983,8.022847343889563
2012-08-27,-14.057040186492532,3.4114979445931497,0,-0.05222220428871725,3.4618398643869983,8.022847343889563
2012-08-28,-13.750013181957762,-1.72389953080408,0,-0.10903529336959628,3.580628986105501,7.816952867166396
2012-08-29,-13.729489294172335,0.21574073723395004,0,-0.07664297504657959,3.233476738935665,8.215311936465888
2012-08-30,-13.729489294172335,-6.79660184721092,0,-0.07664297504657959,3.233476738935665,8.215311936465888
2012-08-31,-13.729489294172335,2.3466612656508996,0,-0.07664297504657959,3.233476738935665,8.215311936465888
2012-09-03,-12.97507688341843,1.3584572194053601,0,0.009276297505953612,2.876378407962627,7.673509560610659
2012-09-04,-12.97507688341843,-5.36862232824396,0,0.009276297505953612,2.876378407962627,7.673509560610659
2012-09-05,-12.816302454887104,0.67683410416427,0,0.00026091281244160127,2.744588216429861,7.7992053632697615
2012-09-06,-13.000874876136038,10.11684125493619,0,-0.019875440414115073,2.8463348200064837,7.892367065524159
2012-09-07,-13.065057353029122,2.0185485713203404,0,-0.024868987463037878,2.876493138585098,7.925766055410444
2012-09-10,-12.875220547327128,0.020882460996900047,0,0.027002306114125754,2.7955599229841472,7.638004450827431
2012-09-11,-12.875220547327128,3.97099593416739,0,0.027002306114125754,2.7955599229841472,7.638004450827431
2012-09-12,-12.863570520920469,2.31791085998438,0,0.03140849660028624,2.7907770633362086,7.614033739642292
2012-09-13,-12.982298378545524,-1.59443312585499,0,-0.024298598419244907,3.0013788601619984,7.61710505960548
2012-09-14,-12.944701558620716,4.11309014990588,0,-0.010390340832580731,3.006624426407178,7.5017550477753066
2012-09-17,-12.944701558620716,0.1982532830061299,0,-0.010390340832580731,3.006624426407178,7.5017550477753066
2012-09-18,-12.944701558620716,-2.90144864210124,0,-0.010390340832580731,3.006624426407178,7.5017550477753066
2012-09-19,-12.986944085969693,1.7728688195873803,0,-0.017845653060781147,3.1762747407828362,7.275748542864168
2012-09-20,-12.982197557998413,-1.7698549821041798,0,0.006139195350862082,2.877502065650728,7.693776524285255
2012-09-21,-12.982197557998413,2.55738030663909,0,0.006139195350862082,2.877502065650728,7.693776524285255
2012-09-24,-12.982197557998413,-0.28435601093685003,0,0.006139195350862082,2.877502065650728,7.693776524285255
2012-09-25,-11.383274841413531,0.047197934267580004,0,-0.17445389266312267,2.4990064560681806,7.4726602612458555
2012-09-26,-11.383274841413531,-5.32155404854828,0,-0.17445389266312267,2.4990064560681806,7.4726602612458555
2012-09-27,-11.233951762696023,1.8727876112284498,0,-0.16465567907408807,2.3249867299129674,7.564627975460763
2012-09-28,-11.407258995510976,-4.2132284242108895,0,-0.19958325533068566,2.441770543448061,7.668074595676554
2012-10-01,-11.470508348940164,4.27182079678141,0,-0.20803442409608336,2.4780679028365347,7.703131070984629
2012-10-02,-11.393517585302448,-0.57185621369241,0,-0.22902358104157045,2.8164560057820998,7.187681860424872
2012-10-04,-11.393517585302448,4.024450495736991,0,-0.22902358104157045,2.8164560057820998,7.187681860424872
2012-10-05,-11.381065954678686,5.6921162969185,0,-0.22421774434449823,2.8116722146812405,7.165169414170878
2012-10-08,-11.425110807128542,-4.21016021293582,0,-0.2542580574084409,2.9267994696984294,7.146894983647686
2012-10-09,-11.29446931312888,-1.4102028498034502,0,-0.1700459750088617,2.63636147847165,7.153135404487822
2012-10-10,-11.29446931312888,-1.32911831006291,0,-0.1700459750088617,2.63636147847165,7.153135404487822
2012-10-11,-11.29446931312888,2.0567428925181104,0,-0.1700459750088617,2.63636147847165,7.153135404487822
2012-10-12,-11.306126722286923,-2.72717547484517,0,-0.1910107181688489,2.815338876284839,6.962997258875597
2012-10-15,-11.367631284405146,0.7494569256035202,0,-0.1708062977623521,2.5612630709722923,7.346915425576484
2012-10-16,-11.367631284405146,5.30579990771127,0,-0.1708062977623521,2.5612630709722923,7.346915425576484
2012-10-17,-11.367631284405146,0.8198590184251601,0,-0.1708062977623521,2.5612630709722923,7.346915425576484
2012-10-18,-11.367631284405146,1.57397661523551,0,-0.1708062977623521,2.5612630709722923,7.346915425576484
2012-10-19,-11.367631284405146,-1.50853481118295,0,-0.1708062977623521,2.5612630709722923,7.346915425576484
2012-10-22,-11.227506712939842,-1.9942104542748398,0,-0.16645858642026626,2.4031058758515895,7.440823231879019
2012-10-23,-11.084558368305242,-7.00580822136003,0,-0.1153735370319081,2.3518902773426236,7.2092428064086995
2012-10-24,-10.513358206114694,0.26097351537057,0,-0.42197769597972146,2.2808839124503333,7.607847771801859
2012-10-25,-10.432646978160616,0.28239055814735,0,-0.4511222311426406,2.641824294580533,7.144289444299862
2012-10-26,-10.432646978160616,2.59741738347932,0,-0.4511222311426406,2.641824294580533,7.144289444299862
2012-10-29,-10.419344747856677,-2.03534577293983,0,-0.43949804086534094,2.6307217867663133,7.1145524314711714
2012-10-30,-10.467966729833796,3.9305055009114396,0,-0.5056184824084209,2.784541738832379,7.14662413951366
2012-10-31,-10.327864531628066,-0.6508382248943699,0,-0.3188057078945332,2.387885056297653,7.020418435219913
2012-11-01,-10.327864531628066,4.56104779401784,0,-0.3188057078945332,2.387885056297653,7.020418435219913
2012-11-02,-10.327864531628066,3.9836297568605503,0,-0.3188057078945332,2.387885056297653,7.020418435219913
2012-11-05,-10.348014695061195,-0.8967493974947701,0,-0.38377782649301406,2.626641396371869,6.897880520074294
2012-11-06,-10.420179916308845,1.0842348302943001,0,-0.36625221423493304,2.3734734997519724,7.25800184587186
2012-11-07,-10.420179916308845,-3.73060301680228,0,-0.36625221423493304,2.3734734997519724,7.25800184587186
2012-11-08,-10.420179916308845,0.79603505939644,0,-0.36625221423493304,2.3734734997519724,7.25800184587186
2012-11-09,-10.420179916308845,-0.83746920343791,0,-0.36625221423493304,2.3734734997519724,7.25800184587186
2012-11-12,-10.420179916308845,-0.7827482902145001,0,-0.36625221423493304,2.3734734997519724,7.25800184587186
2012-11-13,-10.24410312650832,1.33647440592977,0,-0.3223623171755846,2.1330576177621365,7.298274037597743
2012-11-14,-10.109284925308822,-3.1397810406261897,0,-0.24613886046381778,2.0743952184453773,7.056201827577094
2012-11-15,-10.109284925308822,-3.40670222987519,0,-0.24613886046381778,2.0743952184453773,7.056201827577094
2012-11-16,-9.949979379928346,-2.10862556958945,0,-0.22914661953684828,2.288274308114739,6.533238941107895
2012-11-19,-9.949979379928346,8.36106646588028,0,-0.22914661953684828,2.288274308114739,6.533238941107895
2012-11-20,-9.934707438468788,2.92748325379352,0,-0.22046694876038736,2.2772549374685362,6.509200283338499
2012-11-21,-9.976215578898065,0.11505724282050989,0,-0.2658398245324044,2.400879008612802,6.5008021524039945
2012-11-22,-9.850277437527343,0.87269784987232,0,-0.1538130006217736,2.1007245661769582,6.503481898112009
2012-11-23,-9.850277437527343,2.34895668415621,0,-0.1538130006217736,2.1007245661769582,6.503481898112009
2012-11-26,-9.850277437527343,-0.29667087237663003,0,-0.1538130006217736,2.1007245661769582,6.503481898112009
2012-11-27,-9.83110558055957,1.09166398474714,0,-0.15427444489785108,2.2900399961991553,6.184165803480845
2012-11-28,-9.981384517828815,2.38546251948475,0,-0.18616135987564858,2.1839363229476465,6.59819591709797
2012-11-29,-10.015872587064097,1.5408218370335,0,-0.2343304106271637,2.29797635441461,6.59972166520131
2012-11-30,-10.015872587064097,-0.10130862412620002,0,-0.2343304106271637,2.29797635441461,6.59972166520131
2012-12-03,-10.015872587064097,0.7282288961862399,0,-0.2343304106271637,2.29797635441461,6.59972166520131
2012-12-04,-10.015872587064097,0.06136513276711998,0,-0.2343304106271637,2.29797635441461,6.59972166520131
2012-12-05,-10.171870037325723,0.51624556498278,0,-0.33787691974378575,2.387562203472762,6.916367333115705
2012-12-06,-9.983836010242104,5.10460660782552,0,-0.23113794986498565,2.2522252927339084,6.626608988030185
2012-12-07,-9.983836010242104,-0.0985695222792299,0,-0.23113794986498565,2.2522252927339084,6.626608988030185
2012-12-10,-9.714060382755385,0.9841902220572201,0,-0.13259105791696563,2.263865311858673,6.03983625605955
2012-12-11,-9.714060382755385,3.5409598921219603,0,-0.13259105791696563,2.263865311858673,6.03983625605955
2012-12-12,-9.695756928093003,0.59771264302517,0,-0.12291324877580928,2.248096214478738,6.0159818228348625
2012-12-13,-9.729285427673346,-0.04194932833254999,0,-0.16211108973996455,2.357734113762586,6.0000480790877
2012-12-14,-9.652563539837958,1.19904204828123,0,-0.11110072804201113,2.1889483696846437,6.032111883002033
2012-12-17,-9.652563539837958,-0.08728173797997998,0,-0.11110072804201113,2.1889483696846437,6.032111883002033
2012-12-18,-9.652563539837958,1.28280839900936,0,-0.11110072804201113,2.1889483696846437,6.032111883002033
2012-12-19,-9.558769949975055,-1.10736709504847,0,-0.015513192035765143,2.184333502918995,5.622826500074231
2012-12-20,-9.791969764630952,1.5448571535180902,0,-0.12396857652801496,2.2571441394020395,6.100812039247086
2012-12-21,-9.810110434012369,0.87198946715462,0,-0.15068867797360408,2.334421139744944,6.080858392885143
2012-12-27,-9.931897966836047,0.56337499876724,0,-0.30007803523098453,2.7072062856620818,6.123555588518002
2012-12-28,-10.035973327146579,-2.0390999108243104,0,-0.40184851107806385,2.9973567834312593,6.155782805268155
2013-01-02,-9.939052245923136,6.0701406527485995,0,-0.307658407427831,2.7276604382396354,6.125991842160012
2013-01-03,-10.118927964034999,-0.36468063151614,0,-0.4083401280413795,2.851468523093729,6.4467645229986825
2013-01-04,-10.118927964034999,1.4949772213151298,0,-0.4083401280413795,2.851468523093729,6.4467645229986825
2013-01-07,-10.118927964034999,-2.07019736334572,0,-0.4083401280413795,2.851468523093729,6.4467645229986825
2013-01-08,-9.777987780545015,-3.66457403387817,0,-0.24761712452731444,2.7168237073248425,5.784375516501742
2013-01-09,-9.659925778793927,-0.68548935624859,0,-0.0920240058754428,2.3165761414055375,5.763105798218774
2013-01-10,-9.640582945285972,0.6850526283844101,0,-0.07946820526244722,2.295476143079885,5.735868952372696
2013-01-11,-9.663794885977047,2.0341574864487098,0,-0.11663085216308983,2.3956484549478114,5.720749681177882
2013-01-14,-9.602797486459341,-0.63038757820373,0,-0.07879168766153566,2.2556232410334953,5.763559683955786
2013-01-15,-9.602797486459341,-1.8936994808344803,0,-0.07879168766153566,2.2556232410334953,5.763559683955786
2013-01-16,-9.602797486459341,1.21041018610599,0,-0.07879168766153566,2.2556232410334953,5.763559683955786
2013-01-17,-9.563835530260977,1.57570994670229,0,-0.023678370141565614,2.2077547586430124,5.61508475358048
2013-01-18,-9.800717059211152,-1.61811731603295,0,-0.1368934788966549,2.2895613122483365,6.098772355795834
2013-01-21,-9.81739433635736,2.57449713728463,0,-0.1614497048633894,2.3633402488558186,6.0771411254264756
2013-01-22,-9.935017899276367,0.29873167584184,0,-0.3045096596360557,2.7257331644618557,6.114692097157006
2013-01-23,-10.118087577188447,0.05052490242562001,0,-0.4765079841251862,3.237074300607959,6.168425664305948
2013-01-24,-10.118087577188447,1.0122459143164901,0,-0.4765079841251862,3.237074300607959,6.168425664305948
2013-01-25,-10.27537273883473,7.040222655767179,0,-0.5528029640799215,3.309771404409121,6.468178301760375
2013-01-28,-10.27537273883473,-1.39201505464286,0,-0.5528029640799215,3.309771404409121,6.468178301760375
2013-01-29,-10.27537273883473,-2.35353517258137,0,-0.5528029640799215,3.309771404409121,6.468178301760375
2013-01-30,-9.958287749584096,-1.37269104458257,0,-0.417121633421981,3.2337742230434063,5.822938556967465
2013-01-31,-9.977672601244944,-2.72709360031041,0,-0.433433849379291,3.287609360850907,5.8277553864282385
2013-02-01,-9.859013997388969,-0.28620112608901993,0,-0.3369013869975137,2.9919441358105425,5.776154354749101
2013-02-04,-9.859013997388969,-7.94867159384911,0,-0.3369013869975137,2.9919441358105425,5.776154354749101
2013-02-05,-10.02258481154123,-0.11845138987307997,0,-0.391033800199996,2.8963255494198474,6.240423677913336
2013-02-06,-10.02258481154123,-3.36401654637565,0,-0.391033800199996,2.8963255494198474,6.240423677913336
2013-02-07,-9.924374391702647,0.9540760307441699,0,-0.30349471522782034,2.6355800045420947,6.227293594169051
2013-02-08,-9.866644332630713,2.4001448888959,0,-0.29447334453579116,2.799067703039304,5.9106847696208735
2013-02-11,-10.094890554824417,-2.61680471305874,0,-0.39478821983378976,2.8414133337603493,6.395638487166771
2013-02-12,-10.101938642665043,0.8722098303180998,0,-0.4064478609040681,2.8947766226486245,6.368344656099042
2013-02-13,-10.16425831156597,2.6775538167451,0,-0.4725785791453537,3.1217793008142625,6.34352950827625
2013-02-14,-10.252024791409253,-3.1422225724666095,0,-0.5421868933634602,3.3086962129981865,6.415077644752449
2013-02-15,-10.252024791409253,-1.4741809449588499,0,-0.5421868933634602,3.3086962129981865,6.415077644752449
2013-02-18,-10.389293438943469,0.09014973337805,0,-0.6056465199017684,3.3406771326311397,6.696941937067374
2013-02-19,-10.389293438943469,5.1874359968020105,0,-0.6056465199017684,3.3406771326311397,6.696941937067374
2013-02-20,-10.389293438943469,-0.7640466230097499,0,-0.6056465199017684,3.3406771326311397,6.696941937067374
2013-02-21,-10.110280214647947,-6.07889502930502,0,-0.49026387724087683,3.3391223570298774,6.079639711959685
2013-02-22,-10.12789273821788,3.47050702271939,0,-0.5051483674979795,3.3893049900552947,6.083727987618854
2013-02-25,-10.020550706634072,5.21068555620413,0,-0.4172934272016363,3.116012874518641,6.0363414439618275
2013-02-26,-10.020550706634072,-4.71018315729871,0,-0.4172934272016363,3.116012874518641,6.0363414439618275
2013-02-27,-9.983822478202855,3.60766958049828,0,-0.38687231218759643,2.9967767015940083,6.057332497752451
2013-02-28,-9.983822478202855,4.0304731495025505,0,-0.38687231218759643,2.9967767015940083,6.057332497752451
2013-03-01,-9.89110966282719,-2.7297228202438903,0,-0.2999293110509678,2.739117782534424,6.0373999477230775
2013-03-04,-9.862496937102108,0.42802150767706,0,-0.28850675968641404,2.7729674653463094,5.92389754787756
2013-03-05,-9.402902236209863,7.973448154221501,0,-0.3032940897143678,2.576962491789769,5.787445797842834
2013-03-06,-9.402514638205467,1.6515096650728298,0,-0.3076457247607223,2.613477732621108,5.749034518944029
2013-03-07,-9.45611629130789,0.73170453680888,0,-0.3588965571631685,2.808675295062185,5.691657761097657
2013-03-08,-9.579424815052766,2.6249617761157205,0,-0.4547400559032602,3.1494612682311187,5.670372450275611
2013-03-11,-9.571477429401147,-1.30035701187585,0,-0.44620893912912585,3.1049325021717564,5.691639571608597
2013-03-12,-9.746538267307866,-2.0986035434707095,0,-0.5148856388645129,3.1888802190366525,5.970086477389051
2013-03-13,-9.78617170541997,-0.41295235574635003,0,-0.5029722542120865,2.9814898093643287,6.222609403779573
2013-03-14,-9.78617170541997,2.50536129093767,0,-0.5029722542120865,2.9814898093643287,6.222609403779573
2013-03-15,-9.469277961442648,-2.14965832326953,0,-0.40476721212727945,2.9543360775054106,5.6537271703525445
2013-03-18,-9.487659574083974,0.54245456543934,0,-0.4172977645907875,3.001174697660293,5.65029847025248
2013-03-19,-9.373618238697533,-0.8599071901207601,0,-0.34389195363413577,2.746783849303811,5.646724168903152
2013-03-20,-9.373618238697533,5.165491883161731,0,-0.34389195363413577,2.746783849303811,5.646724168903152
2013-03-21,-9.34343180810397,-1.02613886378672,0,-0.3266740184896019,2.6516552517657734,5.694388028531359
2013-03-22,-9.34343180810397,-1.11171361436934,0,-0.3266740184896019,2.6516552517657734,5.694388028531359
2013-03-25,-9.239544148385855,0.9983931077815901,0,-0.25228005686031874,2.4098258887306816,5.711126252866721
2013-03-26,-9.201731981009729,-0.29410504064459997,0,-0.23856769469200134,2.4333193725149562,5.597358592065425
2013-03-27,-9.388554033964397,-2.6810048314008896,0,-0.29661477282847915,2.5689451289174903,5.764292114451662
2013-03-28,-9.387839404569643,-1.5805155521149903,0,-0.3007720578522671,2.604876015285432,5.725561071852846
2013-04-02,-9.441887321601353,5.9358380543635,0,-0.35258463474828866,2.8008986825587048,5.668479544400064
2013-04-03,-9.50327943676018,-2.05941365043153,0,-0.42754890509439053,3.1448329636276426,5.514967430611687
2013-04-04,-9.495812820615471,-2.66929007784031,0,-0.41926397957714345,3.1013165278501784,5.536629117115044
2013-04-05,-9.598573504206204,-7.65114685008229,0,-0.4601360444318435,3.160377072206172,5.692614597040288
2013-04-08,-9.796209590730289,2.2245062930401,0,-0.5069262146227587,2.9867344588675824,6.237303796430556
2013-04-09,-9.796209590730289,-2.2516175074847498,0,-0.5069262146227587,2.9867344588675824,6.237303796430556
2013-04-10,-9.481424372117772,5.8738606950499,0,-0.40881405492583023,2.962341995287142,5.667924554748045
2013-04-11,-9.499689252034642,2.91162530936108,0,-0.4212849159961328,3.0089981057478226,5.664549999369518
2013-04-12,-9.38670059931832,-6.2993940148521705,0,-0.3481352241413032,2.7556705147016896,5.66070603468475
2013-04-15,-9.38670059931832,-1.6264229693636298,0,-0.3481352241413032,2.7556705147016896,5.66070603468475
2013-04-16,-9.356231493698775,-0.38725897376099994,0,-0.33050167284253756,2.6598330497321543,5.707444483289162
2013-04-17,-9.356231493698775,-8.62307801296601,0,-0.33050167284253756,2.6598330497321543,5.707444483289162
2013-04-18,-9.353465899356028,-1.35089858857464,0,-0.2826018028783239,2.486600623268818,5.804159021969808
2013-04-19,-9.319026839296995,-0.33406621492883987,0,-0.2704932807011961,2.5154012474063934,5.6920315429458395
2013-04-22,-9.016010366572171,0.31421868647223,0,-0.32879943287760327,2.4097548312204022,5.705651285282019
2013-04-23,-9.01515496409129,6.54277639877937,0,-0.33274831651116665,2.445448047187571,5.666653380707901
2013-04-24,-9.065524829031148,4.5636664327952605,0,-0.3703840267357744,2.6194113986877765,5.587373128716417
2013-04-25,-9.119736850623209,2.3392483295347497,0,-0.4251881922026133,2.9288610014258376,5.3983338924358915
2013-04-26,-9.113266875419633,-0.94575149419058,0,-0.41905781612549386,2.889174031395834,5.424300190378933
2013-04-29,-9.21541594677119,2.8757700105911104,0,-0.44640730981762744,2.9297660361640725,5.555035602391235
2013-04-30,-9.273573463853895,-0.38337533124231,0,-0.45854485740594364,2.9100869982269097,5.672442849822473
2013-05-02,-9.273573463853895,2.75093251751763,0,-0.45854485740594364,2.9100869982269097,5.672442849822473
2013-05-03,-8.881559073372111,4.869719770409691,0,-0.3701594029788928,2.8153656558380202,5.1425305394608785
2013-05-06,-8.908416200041385,-2.5107798677348003,0,-0.3882261225878241,2.916186335919125,5.091689894871589
2013-05-07,-8.80046863421796,0.7779423087203801,0,-0.3341267308451745,2.693932793975091,5.115896884019403
2013-05-08,-8.784379377385008,2.59516236874818,0,-0.3220178854263771,2.629147469378664,5.1524009817424385
2013-05-09,-8.764469800965312,0.37901480380318,0,-0.313683408635909,2.5550549928691453,5.210467832885525
2013-05-10,-8.764469800965312,1.8920964545681602,0,-0.313683408635909,2.5550549928691453,5.210467832885525
2013-05-13,-8.672504702085156,0.66947888180356,0,-0.2579682566482616,2.3495333556626417,5.248822934918648
2013-05-14,-8.615141534720541,2.1042408107560298,0,-0.23784612975576852,2.348595970032466,5.134136801925514
2013-05-15,-8.944729335317792,1.88763532752231,0,-0.3116206694178602,2.3641649877429067,5.650633308071663
2013-05-16,-8.943395530325054,-1.25738456764833,0,-0.3151346500090185,2.398730517425342,5.610836882394181
2013-05-17,-8.995357791768166,-0.47097233708146,0,-0.35293667167083026,2.5733337503908844,5.529524577540127
2013-05-20,-9.05267549115798,3.5412266993258905,0,-0.40887969635887794,2.8851105883446193,5.338792954511192
2013-05-21,-9.046290655037629,0.53126038007701,0,-0.40290832361517304,2.8458313200504195,5.365388555129492
2013-05-22,-9.151101699518229,1.6433385049235298,0,-0.43016029480372375,2.8891458556791347,5.494659717175974
2013-05-23,-9.21194785328536,-5.682307489068069,0,-0.4429637414408243,2.8730650068636203,5.6126133339177535
2013-05-24,-9.21194785328536,1.22732034892857,0,-0.4429637414408243,2.8730650068636203,5.6126133339177535
2013-05-27,-8.764006845472665,2.21588420201077,0,-0.3403507640698136,2.7584482485534334,5.010413467007362
2013-05-28,-8.792312772655324,3.39333949157148,0,-0.3591923909201891,2.860569384187358,4.959224544012876
2013-05-29,-8.694460370014676,-3.88240937656313,0,-0.3040749029308245,2.6366784795789835,4.997618609531689
2013-05-30,-8.67785515128757,0.84897181129581,0,-0.291502706807197,2.5715716898437995,5.034418144099604
2013-05-31,-7.9204864245605435,-1.5883001205139797,0,-0.7561393718673719,2.48665836241533,5.457646835145647
2013-06-03,-7.9204864245605435,-2.92326970569979,0,-0.7561393718673719,2.48665836241533,5.457646835145647
2013-06-04,-7.863507565305306,0.7355382113355301,0,-0.6814017884064016,2.301564888455433,5.458097127791939
2013-06-05,-7.834476257077305,-2.8859378549048302,0,-0.669658092440881,2.344797329486914,5.36277305134673
2013-06-06,-8.298051647774525,-3.9953913645500405,0,-1.0983447073440677,2.657130194562786,6.203864648713496
2013-06-07,-8.259007831877918,5.902846951182281,0,-1.0405582554422428,2.5371258844235722,6.184842699225426
2013-06-10,-8.169968064793398,2.2986798608822903,0,-1.04364896298712,3.184942846165083,5.5713403510522035
2013-06-11,-8.185773342069147,-3.08656271092159,0,-1.0424202872096444,3.0633411987277803,5.684396526895026
2013-06-12,-8.242727834899394,-2.5243470116318405,0,-1.0882250037797239,3.0243071973427624,5.843958633390593
2013-06-13,-8.211073564583117,-4.05588169291991,0,-1.0155129745261602,2.676698547563416,5.987268708006251
2013-06-14,-8.281518608345422,1.1955960282491198,0,-1.0890610557619325,2.72210973562513,6.1235765192497755
2013-06-17,-8.281518608345422,3.6629041836546596,0,-1.0890610557619325,2.72210973562513,6.1235765192497755
2013-06-18,-7.903985385513787,-0.5365430775214599,0,-0.8217714553678377,2.952689241630374,5.111159707545809
2013-06-19,-7.943920377080309,-0.060653854040940015,0,-0.8682174155662532,3.094632229638189,5.108819397229112
2013-06-20,-7.864297763217078,-10.91249711393883,1,-0.7814948383864088,2.857793812564986,5.084130875749469
2013-06-21,-8.521076237311263,-5.866976825735951,0,-0.2939807806172092,2.651442479191885,4.772220832391406
2013-06-24,-8.604710083005507,-4.03212138082382,0,-0.3228171617153677,2.6568071971539755,4.936939794680883
2013-06-25,-8.604710083005507,4.60265104001115,0,-0.3228171617153677,2.6568071971539755,4.936939794680883
2013-06-26,-8.529110069175724,5.31393681022439,0,-0.26752630308389147,2.4644190438038773,4.966767922787436
2013-06-27,-8.458722935991725,2.15728242791694,0,-0.23339496032685073,2.4338994886350713,4.837635577723385
2013-06-28,-8.845727293165082,-0.37737017134074996,0,-0.3538277229100363,2.5596102254728157,5.400883237536078
2013-07-01,-8.874050716614283,3.2022785426127296,0,-0.3413110373996713,2.3951506027341756,5.617383108515968
2013-07-02,-8.923728091156432,-2.6299618408808003,0,-0.38003161615520364,2.568940352541607,5.539151453689823
2013-07-03,-8.975504871267631,-2.81117278949512,0,-0.43569256522906896,2.876255056412017,5.351342318510975
2013-07-04,-8.969143140076723,5.308936798372139,0,-0.42940440397565094,2.8366141874851976,5.377025147716836
2013-07-05,-8.969143140076723,-7.041821632393369,0,-0.42940440397565094,2.8366141874851976,5.377025147716836
2013-07-08,-9.03351632743879,9.42194013625705,0,-0.44471371839259627,2.826934592482418,5.496875840840932
2013-07-09,-9.03351632743879,3.770086575809,0,-0.44471371839259627,2.826934592482418,5.496875840840932
2013-07-10,-8.443189714729812,-0.07123855273435999,0,-0.30140320936281156,2.7350231650657264,4.599948147558116
2013-07-11,-8.467629721625297,2.7679676653396603,0,-0.3211076080657367,2.8331050391423886,4.5509591071124085
2013-07-12,-8.363773876875772,1.7172304984760003,0,-0.2484668769417466,2.5855021050901223,4.565926552528721
2013-07-15,-8.352563246453482,0.94079000811678,0,-0.23660950292211047,2.5271996461671167,4.602908692575223
2013-07-16,-8.446800882880002,-0.6264934649102599,0,-0.2743180061023772,2.5537013516070313,4.776366976316387
2013-07-17,-8.446800882880002,2.02947740776651,0,-0.2743180061023772,2.5537013516070313,4.776366976316387
2013-07-18,-8.360019604243632,4.44859190207451,0,-0.20515908634400193,2.3388952044413127,4.795458069389388
2013-07-19,-8.281646966513138,0.81409214908092,0,-0.15830200289016655,2.285539287455382,4.6546109805919
2013-07-22,-8.576749118330198,0.05482064673673999,0,-0.27220607490704263,2.383385389381552,5.145041947490449
2013-07-23,-8.542487369266953,-0.40986828275856,0,-0.24100105750532755,2.250519283868357,5.215753762041393
2013-07-24,-8.596070566806283,1.9631115589879997,0,-0.28629073471158095,2.4294089056071195,5.139062047277367
2013-07-25,-8.6601195407501,-5.98159015891245,0,-0.3552381582871943,2.752240353927059,4.960284312319402
2013-07-26,-8.655078110677028,0.9415524463267201,0,-0.34968911478771386,2.715475728498601,4.988091801252438
2013-07-29,-8.833886143466298,-0.24684608226192,0,-0.3957681357036408,2.7508972941772725,5.255300408537419
2013-07-30,-8.903743100568422,2.58583258680675,0,-0.41226293388505986,2.748402100645359,5.375409132299936
2013-07-31,-8.903743100568422,4.3455439627402805,0,-0.41226293388505986,2.748402100645359,5.375409132299936
2013-08-01,-8.28310321190924,4.128720634976981,0,-0.2748263059673395,2.6332756617902513,4.4999083756098415
2013-08-02,-8.308267281566977,-1.33752539299651,0,-0.293356479596547,2.729499986450656,4.447040815767812
2013-08-05,-8.196384660059886,-0.16208655161018998,0,-0.22165341219632365,2.4797540263648807,4.470043608731766
2013-08-06,-8.185421519977142,-2.8035274607574197,0,-0.21123423642779626,2.424019711837689,4.510288184611402
2013-08-07,-8.285164014626256,-2.6683958770408402,0,-0.24737972461734625,2.4528377563890427,4.678876107422214
2013-08-08,-8.285164014626256,1.05653447399423,0,-0.24737972461734625,2.4528377563890427,4.678876107422214
2013-08-09,-8.191507253066735,1.05356866939085,0,-0.1795079523503491,2.2373504791879437,4.705615555981776
2013-08-12,-8.109191364914697,1.16492478137723,0,-0.13621711447737794,2.186183021616946,4.572302378546373
2013-08-13,-8.323737383680053,0.78545788201939,0,-0.20932869242750257,2.221494848545599,4.950164004248221
2013-08-14,-8.287685298255518,1.9592909378621899,0,-0.17969914079401225,2.092165656912771,5.028536359146721
2013-08-15,-8.346370884055991,-1.4937385146253301,0,-0.2255624859814408,2.2714702733958965,4.9443646433489725
2013-08-16,-8.427097462895773,1.59881064128745,0,-0.3044571502514677,2.6116409240455765,4.7665213258864725
2013-08-19,-8.422758251553994,-0.8530896087105201,0,-0.2997619828050495,2.5770645528433693,4.796539850967244
2013-08-20,-8.619848187527088,-1.8295741293532897,0,-0.3469369645070599,2.6321159295708263,5.05742534171628
2013-08-21,-8.698699577159486,-1.35199332289719,0,-0.36529366650074646,2.641068194520236,5.177262916304469
2013-08-22,-8.698699577159486,4.67786431345562,0,-0.36529366650074646,2.641068194520236,5.177262916304469
2013-08-23,-8.431917560620048,-0.09897341923592999,0,-0.31402009746261006,2.6547933064489806,4.740210647415054
2013-08-26,-8.458039921908968,0.69974314778049,0,-0.33166126664789086,2.7521512041653544,4.6862076863796815
2013-08-27,-8.356758438667487,-7.337188129340181,0,-0.27487520127656884,2.5266745548005494,4.726864769282912
2013-08-28,-8.472986351158529,-3.6972700223961796,0,-0.29710046163458537,2.545891679971656,4.882698517265904
2013-08-29,-8.342156177408832,1.6898636652066399,0,-0.2600835065865733,2.4890236708507283,4.721666205102737
2013-08-30,-8.342156177408832,-4.95392523438436,0,-0.2600835065865733,2.4890236708507283,4.721666205102737
2013-09-02,-8.251855563332741,5.9662461458682605,0,-0.1941373507579135,2.277271103639076,4.748222131362581
2013-09-03,-8.171204364817974,-2.20831750634377,0,-0.15155077982023657,2.22820912176147,4.614300890301781
2013-09-04,-8.380898591727513,1.6913004623876002,0,-0.2237658908296018,2.2583655915559073,4.993341513949593
2013-09-05,-8.345584580002154,7.873417471096711,0,-0.19359318496346462,2.128110536805142,5.06990559105679
2013-09-06,-8.402834866081928,3.0427447675795,0,-0.2394395157963768,2.3073547083059815,4.987571891867453
2013-09-09,-8.47946145485548,-1.60963646842068,0,-0.31575604026237414,2.643044203373579,4.8093628533050055
2013-09-10,-8.474956097439254,4.487180001396269,0,-0.31086797868600324,2.6079195846070045,4.838961676055394
2013-09-11,-8.668080017501216,2.09214868634953,0,-0.3579037430812828,2.6588777928594727,5.10151084943495
2013-09-12,-8.744917609066505,-2.46863749364422,0,-0.3758437392934443,2.6652354236659788,5.221549246321322
2013-09-13,-8.744917609066505,0.31296423058574,0,-0.3758437392934443,2.6652354236659788,5.221549246321322
2013-09-16,-8.484426116610344,3.8128864647009095,0,-0.32534855374699057,2.6863449590399067,4.783606834738164
2013-09-17,-8.509951581090228,-0.22931924232256995,0,-0.34300863561509143,2.783601743075115,4.730369553518926
2013-09-18,-8.412284706887867,1.55288052310027,0,-0.2875573063742845,2.5618462882510356,4.7706700479784825
2013-09-19,-8.399157529225146,4.03928422366132,0,-0.2767384930579313,2.502360468096284,4.809798683568102
2013-09-20,-8.391981215702256,-0.14763559566302015,0,-0.2756865282901311,2.515664277954485,4.780360057275002
2013-09-23,-8.391981215702256,-2.35530747534023,0,-0.2756865282901311,2.515664277954485,4.780360057275002
2013-09-24,-8.13755912842988,0.8077205778862698,0,-0.12838156715082993,2.257575408614081,4.459984220597968
2013-09-25,-8.05443073974891,0.12564862282239,0,-0.04025518302949091,2.141818337996377,4.280646434159051
2013-09-26,-8.299513796258548,-0.40926918439915994,0,-0.19387049525890487,2.3101219351303257,4.744522949595309
2013-09-27,-8.279728917890877,0.7756478450541701,0,-0.17039309457116442,2.2007077790615073,4.823782136316683
2013-09-30,-8.31949194104072,-2.02837748331556,0,-0.21176193508697008,2.360253276848379,4.742651209004125
2013-10-01,-8.37995091303706,5.586683870780811,0,-0.2923701362675155,2.684929390784061,4.57865459306865
2013-10-02,-8.377997075718081,-3.87026443427703,0,-0.2885575942327131,2.6538476498282098,4.608749937200557
2013-10-04,-8.648280852844575,-1.06113954617323,0,-0.35319983194776333,2.658256648124442,5.0688401603761815
2013-10-07,-8.726701569506105,-2.91369758927173,0,-0.3718365610724158,2.6670119669388415,5.189514746382111
2013-10-08,-8.726701569506105,-1.6367254809780702,0,-0.3718365610724158,2.6670119669388415,5.189514746382111
2013-10-09,-8.407413591661161,-0.9072959472486899,0,-0.3052359620503954,2.6830010288287234,4.649244658809646
2013-10-10,-8.432587335601678,5.99537866835602,0,-0.32344489038589064,2.779847746760904,4.596942712172542
2013-10-11,-8.32936073906886,3.07776456212867,0,-0.26058999589310283,2.5457849487470483,4.627884930196926
2013-10-14,-8.317171603103889,-0.62147635731066,0,-0.2496748139061022,2.4877066982361438,4.666702686807049
2013-10-15,-8.308294665098177,3.11525919142669,0,-0.24721665825910416,2.4975293977560478,4.635792701497055
2013-10-16,-8.308294665098177,0.46748707383954013,0,-0.24721665825910416,2.4975293977560478,4.635792701497055
2013-10-17,-8.040080152266542,-1.5102814468705699,0,-0.002275027065405377,2.0998874938684615,4.210375697575193
2013-10-18,-8.040080152266542,3.2652029981808,0,-0.002275027065405377,2.0998874938684615,4.210375697575193
2013-10-21,-8.28476564417106,-1.6904678388776,0,-0.18537622509223706,2.308748994883819,4.705804852974941
2013-10-22,-8.017920984650708,2.97489980062391,0,-0.02209358357548651,1.9857903962814225,4.461060432225269
2013-10-23,-8.052289818029227,1.21610861833109,0,-0.07413884535290564,2.1476322602942797,4.381649262801942
2013-10-24,-8.131651479471312,2.43876096085783,0,-0.21867086102100408,2.554738446216072,4.282855371257138
2013-10-25,-8.132010022108025,0.98159496740835,0,-0.21666851435660933,2.528688515611582,4.315943983861292
2013-10-28,-8.448906167343996,-1.65240854669924,0,-0.30398219517254677,2.6085773241704517,4.791183252645244
2013-10-29,-8.54004351395259,1.5600797797550299,0,-0.3282412495640563,2.637267872891039,4.915477860507015
2013-10-30,-8.54004351395259,0.23515490075004,0,-0.3282412495640563,2.637267872891039,4.915477860507015
2013-10-31,-8.128985874277676,0.4367740460650101,0,-0.2286658339298987,2.613018066774119,4.225758500544719
2013-11-01,-8.151257034474783,-1.69560665797714,0,-0.2478315786787858,2.706097273273568,4.174132990784603
2013-11-04,-8.032297915392798,2.23635097379531,0,-0.15104536777365615,2.4206002516313623,4.166576554602391
2013-11-05,-8.026440671948952,-4.00902664027968,0,-0.14343902466567682,2.3738110043754626,4.210189329740855
2013-11-06,-8.020045435861938,2.5486001842942,0,-0.13890963458377525,2.373890078691055,4.188519972256373
2013-11-07,-8.020045435861938,2.3993512475258103,0,-0.13890963458377525,2.373890078691055,4.188519972256373
2013-11-08,-7.987642122883536,0.33514275177397,0,0.47426399925529766,1.5549191088910188,3.4659467807628985
2013-11-11,-7.816121768823249,0.12136673130119999,0,0.256212142979488,1.7269782503014777,3.7908369325080074
2013-11-12,-8.021643820911592,-1.5429342434824502,0,-0.020296583262968744,2.0568658061452036,4.331460627730802
2013-11-13,-8.02789601327839,-0.83846189855985,0,-0.03581192102651001,1.994407385911162,4.499712253052133
2013-11-14,-8.064680338949291,4.78801765714884,0,-0.08721529502626119,2.1575743939582503,4.419778729905504
2013-11-15,-8.145495523046495,-0.4982778696978701,0,-0.22376054923299055,2.5560967995630337,4.311323044822002
2013-11-18,-8.145474801797823,1.8826876158173598,0,-0.22153694483208258,2.529423183500734,4.344118303362363
2013-11-19,-8.457802462532278,-1.32262419928905,0,-0.30576387133673244,2.600743324498385,4.816448938403197
2013-11-20,-8.547863947542618,1.7261485049387202,0,-0.32934627943283024,2.627437520662065,4.94009057158439
2013-11-21,-8.547863947542618,-0.022812055611159954,0,-0.32934627943283024,2.627437520662065,4.94009057158439
2013-11-22,-8.143614274330535,1.66746402030943,0,-0.23407373931177033,2.6154371968546295,4.254681774093614
2013-11-25,-8.16609599478676,2.0004489423706797,0,-0.2530400719294401,2.7086687865910895,4.202660710569166
2013-11-26,-8.048191562976783,-0.7413034763560801,0,-0.16082503348418117,2.429711938353881,4.200809714900573
2013-11-27,-8.041683387782534,2.3198606072530303,0,-0.15286107043255565,2.3818494712211606,4.243862044188045
2013-11-28,-8.041683387782534,0.27975065828112,0,-0.15286107043255565,2.3818494712211606,4.243862044188045
2013-11-29,-8.041683387782534,-0.2294270745947501,0,-0.15286107043255565,2.3818494712211606,4.243862044188045
2013-12-02,-7.930375115186478,1.21835502374124,0,0.3832596367720915,1.6441531649246448,3.5777401300165144
2013-12-03,-7.862877174868077,-5.62198189773606,0,0.33250934851572234,1.6657260518726522,3.674040616188135
2013-12-04,-8.13867293300761,-3.7088880703790994,0,-0.1244493144403193,2.218339857181616,4.512505752928346
2013-12-05,-8.220861115087972,-2.4837432010107796,0,-0.1955522188463113,2.3508110043865655,4.6084813181551
2013-12-06,-8.218835365552788,2.79862054453833,0,-0.19390947310497203,2.345280862465554,4.609860262899012
2013-12-09,-8.084472907242613,0.8841779750859001,0,-0.12562051862291063,2.211028842721378,4.473975457358518
2013-12-10,-8.070467643676166,-3.0421667785305,0,-0.11123745416261395,2.1599226123081507,4.498454878902157
2013-12-11,-8.375529038086967,-0.8911122105366001,0,-0.22810810890431488,2.2515519265916115,5.010650545977088
2013-12-12,-8.315249729227341,-1.3258529656534002,0,-0.14156730364154993,1.8891908305532512,5.273123382678083
2013-12-13,-8.315249729227341,-0.6126586205964,0,-0.14156730364154993,1.8891908305532512,5.273123382678083
2013-12-16,-8.054216969866902,5.86034887303834,0,-0.08738995249296108,2.0512010350355503,4.589555656622766
2013-12-17,-8.090593293605759,-2.57585138559442,0,-0.12893260242794524,2.1622356670248752,4.570029872904504
2013-12-18,-8.090593293605759,4.61820188222064,0,-0.12893260242794524,2.1622356670248752,4.570029872904504
2013-12-19,-8.056273874925225,4.89756898410078,0,-0.09003861321667819,2.058741464260629,4.587055470151675
2013-12-20,-8.056273874925225,1.40162896337777,0,-0.09003861321667819,2.058741464260629,4.587055470151675
2013-12-23,-8.056273874925225,3.7604689900369594,0,-0.09003861321667819,2.058741464260629,4.587055470151675
2013-12-27,-7.90933843946576,3.73337481563656,0,0.1237535649812532,1.8480523514969578,4.119481418944216
2013-12-30,-7.91896129096045,-2.26980909063896,0,0.1860073981415506,1.749194637700707,4.11167104627858
2014-01-02,-8.101145315176465,-4.1749135867942,0,-0.06187052267385826,2.0001890580222277,4.644770399861125
2014-01-03,-8.199885358991727,1.7860598080394,0,-0.16735734311247358,2.178626486405837,4.769599504534332
2014-01-06,-8.199885358991727,-1.9453538065284401,0,-0.16735734311247358,2.178626486405837,4.769599504534332
2014-01-07,-8.098912987602414,2.21622474931814,0,-0.13516780333921735,2.213780913558974,4.514081251040844
2014-01-08,-8.08427541021001,-1.50100269715228,0,-0.12086136245687984,2.162187465045424,4.5387237960104905
2014-01-09,-8.382124783399092,-2.66094363111559,0,-0.22927126003137935,2.2365752501726925,5.042932733802225
2014-01-10,-8.492123696155275,-0.32284177730443003,0,-0.2695776679692121,2.3044258175987906,5.166783767609068
2014-01-13,-8.492123696155275,0.8334647365051302,0,-0.2695776679692121,2.3044258175987906,5.166783767609068
2014-01-14,-8.136170077984758,0.06522235743625002,0,-0.17913614615512696,2.3518297173742004,4.470737389115465
2014-01-15,-8.15006598862751,7.20652957658337,0,-0.19313200087096807,2.416518913544172,4.428980776389719
2014-01-16,-8.111636858185653,-1.15089100213541,0,-0.1422829263979766,2.164345498265229,4.62861438999094
2014-01-17,-8.075775995939068,1.42486927705033,0,-0.10637361137594152,2.0631532810322772,4.649103548203813
2014-01-20,-8.075775995939068,0.49553863519797003,0,-0.10637361137594152,2.0631532810322772,4.649103548203813
2014-01-21,-8.075775995939068,0.36194182485741,0,-0.10637361137594152,2.0631532810322772,4.649103548203813
2014-01-22,-7.912756710645537,-0.78700936716952,0,0.05273782113607774,1.9177321301030519,4.233528025998542
2014-01-23,-7.905376877995617,-3.1148018682960097,0,0.09763522724649992,1.8321770287705301,4.239636529002027
2014-01-24,-8.117413909540904,-8.461985024181901,1,-0.081018466769535,2.0056099801027027,4.7104876155625455
2014-01-27,-8.592946237050507,-1.8750664721412698,0,-0.2766716896959478,2.369705860740048,5.193675644823765
2014-01-28,-8.592946237050507,2.93500488729167,0,-0.2766716896959478,2.369705860740048,5.193675644823765
2014-01-29,-8.500303661751634,-1.70259844228163,0,-0.24046185063891898,2.329987124729709,5.0545267861725005
2014-01-30,-8.49967464859896,-0.3368692351668999,0,-0.23998347694966277,2.328610060508612,5.054538444495057
2014-01-31,-8.705769354282168,-0.75167188040308,0,-0.2935710308526379,2.25055450219706,5.522641062771489
2014-02-03,-8.551104112839276,-3.04756709791578,0,-0.27749543556960865,2.339099569411119,5.198049918259599
2014-02-04,-8.551104112839276,-1.88375237236008,0,-0.27749543556960865,2.339099569411119,5.198049918259599
2014-02-05,-8.201045639503581,-1.4250156354914698,0,-0.18201544723289792,2.384766342945336,4.493510352025236
2014-02-06,-8.214939699760299,3.3379183099348,0,-0.1968998237290991,2.4507741063602446,4.453309727031866
2014-02-07,-8.157699916397037,1.11223652766918,0,-0.1298659939890913,2.1909564074504466,4.593294853580568
2014-02-10,-8.141876673897013,0.06223854551004001,0,-0.10494246070045019,2.0905293102171076,4.665338171365987
2014-02-11,-8.141876673897013,7.492650730366239,0,-0.10494246070045019,2.0905293102171076,4.665338171365987
2014-02-12,-8.141876673897013,1.0649769747996,0,-0.10494246070045019,2.0905293102171076,4.665338171365987
2014-02-13,-7.986997459866672,1.2248270274985402,0,0.06801845699540537,1.9293229677947372,4.2325209688613405
2014-02-14,-7.982883987724621,2.66424888554981,0,0.1164002262209991,1.8402686066924203,4.235182788509855
2014-02-17,-8.184062612127864,-1.0015164775848202,0,-0.07880291665195241,2.031886786911523,4.725675458633339
2014-02-18,-8.279440676831676,-0.76627155572275,0,-0.17740927362397674,2.2005355772692257,4.8446843583059
2014-02-19,-8.279440676831676,1.5125303156276497,0,-0.17740927362397674,2.2005355772692257,4.8446843583059
2014-02-20,-8.16914219885231,-1.509376643968,0,-0.13011510755038647,2.1313148237539856,4.702524334252147
2014-02-21,-8.168467316309487,0.9286871887520303,0,-0.12944170932190063,2.1296625390178976,4.702489004358512
2014-02-24,-8.432500227417608,0.92553926782132,0,-0.21907775626321682,2.1506504759297105,5.193600105141447
2014-02-25,-8.438489260583147,-0.49067031274054007,0,-0.24017382561018352,2.3144424289775367,5.014865940986208
2014-02-26,-8.438489260583147,-0.6280405354167,0,-0.24017382561018352,2.3144424289775367,5.014865940986208
2014-02-27,-8.041237995794908,-1.8120024236985202,0,-0.09499760072615204,2.2507727273401326,4.2650906397331845
2014-02-28,-8.053638254902697,4.26320729908831,0,-0.1106372021795711,2.3148310483402526,4.223413348928811
2014-03-03,-8.00136186387846,-11.8480310307389,1,-0.02507559741171588,2.0426679069113876,4.352509530307287
2014-03-04,-8.927983930194566,7.251345165996681,0,0.004319144215293284,2.287067620606852,4.731689544488355
2014-03-05,-8.927983930194566,-1.583885947792,0,0.004319144215293284,2.287067620606852,4.731689544488355
2014-03-06,-8.927983930194566,0.16683033647708004,0,0.004319144215293284,2.287067620606852,4.731689544488355
2014-03-07,-8.896681386631357,-7.18750114144064,0,0.2775458337530361,1.9881544489018728,4.163952358555356
2014-03-10,-8.931823562413442,-2.90462159313317,0,0.34158942582710006,1.8828581642399733,4.153467714958113
2014-03-11,-8.97493082421597,1.16741723705996,0,0.037247661582357004,2.2157219687618968,4.78455861555612
2014-03-12,-9.051820448619171,-3.58673825791862,0,-0.10261222648220492,2.4515010303472398,4.96657267781743
2014-03-13,-9.051820448619171,-4.45183141069891,0,-0.10261222648220492,2.4515010303472398,4.96657267781743
2014-03-14,-9.051820448619171,2.43955905680899,0,-0.10261222648220492,2.4515010303472398,4.96657267781743
2014-03-17,-9.051196035322622,4.88556647312777,0,-0.10189850730029257,2.449700870884839,4.966367788066295
2014-03-18,-9.277729764744466,0.0,0,-0.19463879627044559,2.4595343106393983,5.495311333983567
2014-03-19,-9.299023414774204,8.87341418041503,0,-0.21023356545578104,2.5064888887342613,5.495602193478447
2014-03-20,-9.299023414774204,3.3612446459314604,0,-0.21023356545578104,2.5064888887342613,5.495602193478447
2014-03-21,-9.010885655623982,4.525846370946359,0,-0.1164411916760354,2.587823674445719,4.750823397371386
2014-03-24,-9.010885655623982,-6.22981939452209,0,-0.1164411916760354,2.587823674445719,4.750823397371386
2014-03-25,-8.911105513279203,5.677588803644721,0,0.018036940488906437,2.1991834187543393,4.824988176954338
2014-03-26,-8.916437168976469,2.4790760307037,0,0.022275720158608465,2.232946827615047,4.751386888292056
2014-03-27,-8.916437168976469,0.19369038452578996,0,0.022275720158608465,2.232946827615047,4.751386888292056
2014-03-28,-8.916437168976469,4.57702788137523,0,0.022275720158608465,2.232946827615047,4.751386888292056
2014-03-31,-8.876193740030544,-3.08945380782159,0,0.2744727146269137,1.9658993599101415,4.21066211461676
2014-04-01,-8.921327325733003,0.30739237273747994,0,0.3557935173562176,1.8396154713358261,4.185242193097984
2014-04-02,-8.786294169971242,0.8911394619131701,0,0.3794469723571875,1.7681004590602258,4.123679654471255
2014-04-03,-8.771803471727575,1.9258479209320298,0,-0.003933901396744028,2.401430815752893,4.398781988512311
2014-04-04,-8.802741565556971,2.27891243198168,0,-0.04301102521589628,2.5034321636205137,4.402763805479384
2014-04-07,-8.777093562725272,-7.248730096125209,0,-0.0109130466180421,2.419663933807178,4.398817178101741
2014-04-08,-8.77668607141615,-0.5211954565301,0,-0.010290165767980482,2.418127021441487,4.398707572445246
2014-04-09,-9.237851493838036,-0.2609864529930199,0,-0.18463266818013768,2.4342544778050215,5.461914990053197
2014-04-10,-9.259844320740854,-2.73607657327446,0,-0.20041018704182695,2.481715556236595,5.462186639475771
2014-04-11,-9.259844320740854,-3.0167916361543803,0,-0.20041018704182695,2.481715556236595,5.462186639475771
2014-04-14,-8.849847253003944,0.6153641434716901,0,-0.09427940706372001,2.493134510205741,4.664419953831025
2014-04-15,-8.849847253003944,-6.00421332442551,0,-0.09427940706372001,2.493134510205741,4.664419953831025
2014-04-16,-8.739223249853564,5.84304129578711,0,0.0288088565504665,2.1195643922195604,4.761804417684326
2014-04-17,-8.744601419106855,3.39566425665885,0,0.03442477815457262,2.1513511782405557,4.686562966317288
2014-04-22,-8.744601419106855,7.588754343739959,0,0.03442477815457262,2.1513511782405557,4.686562966317288
2014-04-23,-8.744601419106855,-3.5383090438071196,0,0.03442477815457262,2.1513511782405557,4.686562966317288
2014-04-24,-8.664613550501533,-1.1085997703711299,0,0.2546049183806764,1.9220136451516243,4.191819020080095
2014-04-25,-8.691389580710776,-4.95718227165011,0,0.3267968640559922,1.8055710468313217,4.176873992464556
2014-04-28,-8.552770660619085,1.0674617121815901,0,0.3470027312485918,1.7375004837344818,4.119156426730837
2014-04-29,-8.599399490852313,3.6959764765089496,0,0.0020101376834774057,2.3254905179200853,4.341608842552793
2014-04-30,-8.63380566963382,1.32328363213597,0,-0.033676503457470405,2.4230589239616913,4.339037058193904
2014-05-02,-8.60526051830077,-2.24589267600141,0,-0.00430200735564628,2.342830271575989,4.340384024784498
2014-05-05,-8.604822192847255,-0.14515409005861,0,-0.0037702042817454673,2.3414571473600123,4.340376065131866
2014-05-06,-9.08494838143875,-1.64560448063539,0,-0.1593392793889313,2.346316335389525,5.364819547676966
2014-05-07,-9.108833075121968,1.83193394982008,0,-0.17475490243090877,2.3942362041491534,5.363145785030986
2014-05-08,-9.108833075121968,2.8028319466752003,0,-0.17475490243090877,2.3942362041491534,5.363145785030986
2014-05-09,-9.09756624351697,-0.9664718978667,0,-0.18223912282412577,2.5486797331295294,5.1359639484872845
2014-05-12,-9.007044145547747,4.973226031904231,0,-0.1573092969965886,2.4909981740289133,5.050539975148016
2014-05-13,-8.834020981325708,2.04958213952411,0,-0.017382535864721053,2.051989750515252,5.14282624197429
2014-05-14,-8.85724670714049,-0.5517401631721499,0,-0.033502044805149886,2.126882128401328,5.086843965664737
2014-05-15,-8.85724670714049,-3.6253244716201496,0,-0.033502044805149886,2.126882128401328,5.086843965664737
2014-05-16,-8.85724670714049,0.89321871127848,0,-0.033502044805149886,2.126882128401328,5.086843965664737
2014-05-19,-8.730398821103755,1.4700086666715897,0,0.062225101082976846,2.0864075580167727,4.692095675641591
2014-05-20,-8.710960494434492,-2.20463018176824,0,0.13280410931166153,1.9525598048511807,4.672230530557136
2014-05-21,-8.59382004437429,1.39781593706194,0,0.17307018887634257,1.8655475222141455,4.583585497900568
2014-05-22,-8.631368457764633,1.03560029341744,0,-0.009054013869117252,2.349640228801244,4.372590429742531
2014-05-23,-8.665551312089153,2.20892648175845,0,-0.04418784006624479,2.446467303636232,4.370253781421292
2014-05-26,-8.637452312340816,4.657036833724351,0,-0.015283156676667298,2.3669658058040532,4.371531903575877
2014-05-27,-8.538304390590575,0.9919938023521799,0,0.02428870716987814,2.2879123368012912,4.262815665193074
2014-05-28,-9.039355813853035,-0.8619485728260302,0,-0.14289151846617787,2.330224601267095,5.291383036081367
2014-05-29,-9.063988038896536,0.9005880058159501,0,-0.15933676554750614,2.37976858146213,5.29081179032749
2014-05-30,-9.063988038896536,0.6028669246681899,0,-0.15933676554750614,2.37976858146213,5.29081179032749
2014-06-02,-9.047917065702816,0.31727840715651995,0,-0.16277403048243977,2.5233279708946577,5.059056917188649
2014-06-03,-8.955073342271831,-0.9629494471797901,0,-0.13755403697866192,2.463340667314778,4.974451432052413
2014-06-04,-8.740875843438994,-0.2771838531574701,0,0.06121501061520696,1.9926961150329132,4.887579097926036
2014-06-05,-8.757913998826439,1.4650650502867,0,0.053014309520747774,2.050446826944583,4.823058025145183
2014-06-06,-8.757913998826439,1.11876728985917,0,0.053014309520747774,2.050446826944583,4.823058025145183
2014-06-09,-8.757913998826439,-0.04061596624348991,0,0.053014309520747774,2.050446826944583,4.823058025145183
2014-06-10,-8.65096641527838,0.9917150319501401,0,0.23315097843679064,1.884441558325302,4.35697864751117
2014-06-11,-8.74073606526533,-2.64336893569026,0,0.39510283965242815,1.670429989232395,4.264729371643605
2014-06-12,-8.590268529424737,-1.26407628773126,0,0.4094924582696652,1.6088598749715357,4.215201508107704
2014-06-13,-8.612240156691477,-1.17831314043449,0,0.008556813257342623,2.333095397123487,4.314853262388026
2014-06-16,-8.64486147679709,-0.51920162951918,0,-0.029023015373633602,2.432503394399415,4.315156029870088
2014-06-17,-8.61777411604131,0.41643592669688007,0,0.0018610018071291547,2.3508006732225195,4.314229421303114
2014-06-18,-8.517614056597292,0.10189892816597004,0,0.04317290383498383,2.268111218949766,4.204589689410547
2014-06-19,-8.31482321197903,3.08586226767655,0,-0.1029935478674267,2.0681865178822583,4.869504262973118
2014-06-20,-8.344114798390919,0.48047825740022004,0,-0.11852494658788226,2.11731788933026,4.864990358441272
2014-06-23,-8.357976548024727,-3.32490014020725,0,-0.12612742394817106,2.197640180247138,4.770940326188692
2014-06-24,-8.288399579582837,4.05021505459214,0,-0.10300726743478902,2.2207688131611283,4.588944093309843
2014-06-25,-8.18258438727903,-2.30459607739905,0,-0.08676118808235392,2.1638344220265644,4.525630411004605
2014-06-26,-7.9334855518858864,-3.1422307789656503,0,0.12615517106422525,1.6868953405594806,4.4662287069006865
2014-06-27,-7.947036475336535,-1.16767663917352,0,0.1399129266118182,1.7118946504032775,4.382068029662676
2014-06-30,-7.947036475336535,1.5097810428505898,0,0.1399129266118182,1.7118946504032775,4.382068029662676
2014-07-01,-7.947036475336535,3.03005556653238,0,0.1399129266118182,1.7118946504032775,4.382068029662676
2014-07-02,-7.790329867491089,-0.3267222547325999,0,0.34803421510729665,1.5012722489792583,3.9555113954924885
2014-07-03,-7.973890521015383,4.15255255607425,0,0.5958746879526909,1.2484913498598167,3.8435898192890283
2014-07-04,-7.762783297944277,-1.27719251883384,0,0.5679855764538309,1.2229691841539,3.8361702477775568
2014-07-07,-7.741880808551293,-4.27341618694971,0,0.0580262706781209,1.978395466037492,3.927570136960216
2014-07-08,-7.842019075778415,-4.42410789067064,0,-0.014931085098011826,2.1130110550376497,4.0325749308386
2014-07-09,-7.819251429624163,1.12070262745155,0,0.006992806556740444,2.044764558717833,4.058339862025022
2014-07-10,-7.704578669061392,-5.63011270514813,0,0.03377899132576079,1.9775436572283382,3.9766122896258267
2014-07-11,-8.17003066211695,0.9038916582540201,0,-0.07953646228680339,1.9979170038883014,4.771685740576663
2014-07-14,-8.201983511481597,2.77054729830944,0,-0.09582043122262301,2.0490978970977087,4.766697178852526
2014-07-15,-8.24043149915888,-2.83971618397286,0,-0.11371279945708102,2.1866060178767928,4.632181331438643
2014-07-16,-8.158230089794685,6.3160113031378,0,-0.08578413126773167,2.233508043218415,4.380242300033027
2014-07-17,-8.049414159654406,-3.8975504596902204,0,-0.07098585790273607,2.1757078806128707,4.320296044822484
2014-07-18,-7.796871514874814,-1.0091682643086302,0,0.1172545823820274,1.6996087293498843,4.332824321528541
2014-07-21,-7.801158037852831,-3.90747841110381,0,0.14172598331647063,1.7061005374230234,4.242111933488607
2014-07-22,-7.801158037852831,4.46370339876624,0,0.14172598331647063,1.7061005374230234,4.242111933488607
2014-07-23,-7.801158037852831,1.4560732573794501,0,0.14172598331647063,1.7061005374230234,4.242111933488607
2014-07-24,-7.6370957597645175,2.19321361942484,0,0.37635659331053994,1.4567068159408665,3.807717635181125
2014-07-25,-7.702966720064518,-5.0337584653321,0,0.5027951185855113,1.3100785279950884,3.77763613836448
2014-07-28,-7.702966720064518,-1.51575426684488,0,0.5027951185855113,1.3100785279950884,3.77763613836448
2014-07-29,-7.690015814468175,-0.13125447518181005,0,0.08942181403250637,1.9527777333024763,3.813024946868026
2014-07-30,-7.742171003832934,-0.010040804522089969,0,0.025837389739546926,2.0548413781087804,3.89674929415939
2014-07-31,-7.707689374284602,-4.21313914379816,0,0.058634987916231035,1.972976326975598,3.9016726729444304
2014-08-01,-7.587228296351688,-7.709034881950711,1,0.084487802897838,1.9036917016461792,3.8251426321308983
2014-08-04,-8.23254250394632,-0.72028317812364,0,-0.0557782443098087,2.067206702924977,4.640775886237537
2014-08-05,-8.260796658208157,2.79904513636663,0,-0.07596848712168068,2.1210096076125646,4.641575881157808
2014-08-06,-8.287178311654012,-0.6163769696410901,0,-0.0913584834574073,2.2443759233807983,4.509577136107973
2014-08-07,-8.193094609008831,-3.90267278757927,0,-0.04016261760857599,2.2467107378311555,4.23416402363444
2014-08-08,-8.081434978036594,-1.06587972631918,0,-0.02157874311438935,2.1821330707302,4.171067075100368
2014-08-11,-7.895332861806454,6.55119461050919,0,0.27115118056580867,1.6086275497835754,4.090214889511595
2014-08-12,-7.936839462806617,-4.667561457502529,0,0.343609173156136,1.5631084671988833,3.9618623133274156
2014-08-13,-7.920239274443418,4.24790480714579,0,0.22903519481688983,1.6649780300590067,4.14157194070947
2014-08-14,-7.927734016474508,1.80206286281348,0,0.21469236229463529,1.6812042756947458,4.165246325984906
2014-08-15,-7.898802277845306,-5.76379718272177,0,0.2193119474632937,1.6666512394461939,4.152063016071967
2014-08-18,-7.990631123882862,5.76513738095176,0,0.22040061049024418,1.6488769666805947,4.279913703324066
2014-08-19,-7.990631123882862,3.7260401870366193,0,0.22040061049024418,1.6488769666805947,4.279913703324066
2014-08-20,-8.13414319605894,-0.60000538270609,0,-0.04879853725013873,2.217324030643228,4.257291791829961
2014-08-21,-8.178497985971232,4.43000614599971,0,-0.08294674691873177,2.276472838364555,4.3180954400237095
2014-08-22,-8.14555821487831,-3.0920791870487996,0,-0.05903172600714439,2.203689582964059,4.32782081585818
2014-08-25,-8.041170715246281,7.244112298590199,0,-0.02729819878253187,2.136301537854137,4.232739885970633
2014-08-26,-8.043032212553838,2.15626672205314,0,-0.02809454342438736,1.9712270375529468,4.531417959008953
2014-08-27,-8.07474992567276,-2.58744077408773,0,-0.04868214926332001,2.026736216285066,4.5307580102782445
2014-08-28,-8.100201917059483,-2.81767275447862,0,-0.059263002830067496,2.1414860098114494,4.3909976881538775
2014-08-29,-7.997414840635729,0.23668545439097005,0,-0.0037070982084610356,2.131340510528486,4.115426083067835
2014-09-01,-7.8817771920348925,0.16950202828857,0,0.008060205878162564,2.0739171558643483,4.0635146665109945
2014-09-02,-7.648893552191145,0.46070296622272006,0,0.27078887697087095,1.529085816489023,4.033222728343652
2014-09-03,-7.675934551094521,5.01021833611006,0,0.33595625237150417,1.4906132793778766,3.914434024509487
2014-09-04,-7.684482451007714,4.4429467111047405,0,0.2369632500720838,1.578204359395086,4.074856051194061
2014-09-05,-7.694924897993662,0.33567164969058005,0,0.22515205161274454,1.5921406280641823,4.095241851203473
2014-09-08,-7.664342570246387,-0.53906181082445,0,0.22746813439223373,1.5796419802069035,4.084830590750175
2014-09-09,-7.779029088299679,-0.9482863482208599,0,0.23544793225178515,1.5624349250034955,4.210769276171948
2014-09-10,-7.779029088299679,-1.08580028084318,0,0.23544793225178515,1.5624349250034955,4.210769276171948
2014-09-11,-7.9526307320102525,0.17748858932947997,0,-0.020872563473729844,2.1174856260323134,4.1556770914416425
2014-09-12,-8.001929666235194,-1.3330453251263101,0,-0.05723921153806229,2.1816546098171496,4.216280229432995
2014-09-15,-7.9659326781716935,0.78836372062982,0,-0.03324203114439077,2.1080365615594836,4.228059200104429
2014-09-16,-7.856780823356717,-0.44561136574014,0,-0.006176421018494275,2.0441453111361865,4.141986924105339
2014-09-17,-8.119102219714025,1.2476460921441799,0,-0.04843111458594215,2.010982082120276,4.601863501671174
2014-09-18,-8.149339020705057,6.20300165231522,0,-0.06763288775690901,2.064288385382614,4.600564018936451
2014-09-19,-8.176230199592347,-3.4122643694711496,0,-0.08078749340072697,2.1846751881479856,4.464362092724227
2014-09-22,-8.176230199592347,-2.5732748998787898,0,-0.08078749340072697,2.1846751881479856,4.464362092724227
2014-09-23,-7.8871721956914085,-5.47526159953199,0,-0.0030725451119764935,2.039399100237884,4.1704917803710995
2014-09-24,-7.722023766178853,3.78116259889679,0,0.2239042390519797,1.4976973761737744,4.339989984695588
2014-09-25,-7.7512455588412825,-5.17015147573996,0,0.24672400576642858,1.5175794625640386,4.246887889768097
2014-09-26,-7.756542855067906,1.00406026115364,0,0.17758325750908588,1.55767206301081,4.393549718853022
2014-09-29,-7.76574133713954,-1.98519331791804,0,0.16724077325229691,1.5680754973856008,4.413792992224661
2014-09-30,-7.736520592833919,2.51662439767622,0,0.1708358543609364,1.5548172840560652,4.401413706760176
2014-10-01,-7.886294424525444,-1.9255369385298697,0,0.11114099299692987,1.7060094556963836,4.429243522419874
2014-10-02,-7.886294424525444,-5.81410605659479,0,0.11114099299692987,1.7060094556963836,4.429243522419874
2014-10-06,-8.119013916493143,-3.20934084585595,0,-0.08040620457122052,2.216473185229898,4.351839375466975
2014-10-07,-8.162797451594455,-4.19724963561159,0,-0.10557823974593539,2.262503917180152,4.4023813977275505
2014-10-08,-8.128643091644498,-3.5937658544828803,0,-0.08611050983390553,2.1945494441644335,4.417631888091561
2014-10-09,-8.026263331888012,2.47710301790454,0,-0.06025992453306116,2.137077867187934,4.328003475938846
2014-10-10,-8.259640394567292,-10.16328918912545,1,-0.09262017983160684,2.0640816026547695,4.789391011961888
2014-10-13,-8.800364294004105,1.2005916601678799,0,-0.12711358225157987,2.341037411564159,4.9825811767954535
2014-10-14,-8.834329002474876,0.04297818485203002,0,-0.15347708956304557,2.4896433926677926,4.8667618334383675
2014-10-15,-8.834329002474876,-9.30325020040518,1,-0.15347708956304557,2.4896433926677926,4.8667618334383675
2014-10-16,-8.590248240033613,3.18049858797738,0,-0.05605068396463922,2.3628859320650273,4.48574422033435
2014-10-17,-8.447771829163148,8.91676773178485,0,0.3399801727678373,1.6422251939782013,4.286854414692272
2014-10-20,-8.535763623721532,-4.80462379004482,0,0.412860038996504,1.6074573220705264,4.149364097347096
2014-10-21,-8.44633306735486,6.59637896732701,0,0.27132654795054667,1.7253126454145422,4.364495203392504
2014-10-22,-8.446844574494389,2.6324219977671404,0,0.25340259338840443,1.7441459330153142,4.3927733415220285
2014-10-23,-8.42878452350353,3.52073684373028,0,0.23704086147418407,1.7773082106121172,4.36346412288526
2014-10-24,-8.511905285554347,-2.75811334131187,0,0.12423088756224507,1.9262461533912765,4.559905487437288
2014-10-27,-8.511905285554347,-2.55192062738486,0,0.12423088756224507,1.9262461533912765,4.559905487437288
2014-10-28,-8.586253890763238,5.3905318836952905,0,-0.024128399851555696,2.2413165729698257,4.57911123864414
2014-10-29,-8.622567451707676,0.25111789396402007,0,-0.07095784425924888,2.277891485184849,4.7182109773785825
2014-10-30,-8.574476731948819,3.1647475414101502,0,-0.025116920417296948,2.1655311838076274,4.706296591901975
2014-10-31,-8.589283567981166,8.73149632796002,0,-0.04869930241631544,2.1477746878764403,4.833699327897532
2014-11-03,-8.618189121382935,-2.0273234206474497,0,0.11574693982052156,1.6988183156258465,5.16068856168674
2014-11-04,-8.878927694483432,-4.81199045318167,0,-0.1583484571394792,2.3588158409653186,5.135756745642064
2014-11-05,-8.918549896876797,4.481981866539769,0,-0.18695645375725597,2.516873310671593,5.022271725392798
2014-11-06,-8.918549896876797,1.83652405573128,0,-0.18695645375725597,2.516873310671593,5.022271725392798
2014-11-07,-8.692103365445416,-5.37270894141685,0,-0.1088477127175129,2.4342767105205017,4.6578668397571334
2014-11-10,-8.495747209988304,1.67343267028255,0,0.19015950830125666,1.8164328048224565,4.526216533793915
2014-11-11,-8.547199598663042,0.74779286362505,0,0.185693231864373,1.8710248465108537,4.47596918262078
2014-11-12,-8.534234870912726,-5.45063224310743,0,0.11031240240842494,1.9210809945803853,4.644409477039871
2014-11-13,-8.538902275587922,1.3635667529974198,0,0.09789371996037952,1.9333740061506108,4.669750401413895
2014-11-14,-8.527534513803083,0.11500175712227997,0,0.08752896452996742,1.9635789961945374,4.636017530535476
2014-11-17,-8.623165126835932,1.90473522056535,0,0.0029348841267521904,2.0756651251367595,4.819570011984668
2014-11-18,-9.024645625089345,5.56389348020665,0,-0.07719565149678742,2.3232789760983668,5.064618511428097
2014-11-19,-9.101357069636956,0.8733456286546801,0,-0.17397926402186753,2.5834106339849274,5.057000315522563
2014-11-20,-9.120244387123131,0.26431367959521,0,-0.1876098870847167,2.560282774743462,5.15899683949973
2014-11-21,-8.665798098779508,10.47205780732672,0,-0.07338784436686678,2.218841035766797,4.87090567493016
2014-11-24,-8.674948413302044,1.26943569861248,0,-0.08683488626807631,2.18138239076734,4.988579473262233
2014-11-25,-8.659592978574691,2.3359753008343898,0,0.049052387859368884,1.730184403035709,5.351513024488174
2014-11-26,-8.659592978574691,0.96102372269508,0,0.049052387859368884,1.730184403035709,5.351513024488174
2014-11-27,-8.846194556592588,3.65556656685532,0,-0.11575310605929777,2.1348848828568974,5.3296255511513255
2014-11-28,-8.846194556592588,-0.2958238379620601,0,-0.11575310605929777,2.1348848828568974,5.3296255511513255
2014-12-01,-8.665532302558358,-0.8159385098608699,0,-0.05567790204714085,2.1222268928456725,4.977835864451669
2014-12-02,-8.481624952491128,-2.65372400837659,0,0.20231352825243915,1.7983821188178544,4.505016736845673
2014-12-03,-8.536822127199569,-0.25285100516597003,0,0.20187447931735492,1.8488657404067257,4.450324348648618
2014-12-04,-8.519864940568883,-4.698919150378821,0,0.12198151307434607,1.9036942151434137,4.622453896161211
2014-12-05,-8.524318003444117,8.04306094044526,0,0.10922839587748723,1.9164339501852767,4.647872114446788
2014-12-08,-8.51280792317276,-2.56998454092664,0,0.09837640471143544,1.9470086048353272,4.614599560206992
2014-12-09,-8.608138291753184,-8.5017053227465,0,0.01218497795176748,2.0613985451006305,4.798547680162784
2014-12-10,-9.317034742771941,2.41422667553081,0,-0.21414757639574272,2.592966088242979,5.395533611485531
2014-12-11,-9.385824325564375,1.45609230364114,0,-0.2815832642250233,2.8134301068332745,5.366590508561058
2014-12-12,-9.394734217610633,-7.86322146104136,0,-0.28100567670483667,2.761535664988685,5.447731187356721
2014-12-15,-8.92692579480794,-9.43068313245031,1,-0.11840213806553554,2.3776101472076983,5.019672908213247
2014-12-16,-9.083095282253371,9.142979897415529,0,-0.14613833335735835,2.4020217528449246,5.2305856344182065
2014-12-17,-9.0871205170179,-1.18872971185687,0,-0.023304880336752605,1.955887754878657,5.587668997158633
2014-12-18,-9.0871205170179,8.72182457423415,0,-0.023304880336752605,1.955887754878657,5.587668997158633
2014-12-19,-9.238673975446536,-2.4849475986120804,0,-0.1883041130040236,2.3509681586435,5.60345116782746
2014-12-22,-9.238673975446536,2.43510893678727,0,-0.1883041130040236,2.3509681586435,5.60345116782746
2014-12-23,-9.087219289741304,1.55035492053312,0,-0.12760078040689887,2.3616994523920942,5.237388186247143
2014-12-29,-9.007604424408314,0.34216977767077,0,-0.02447522687246225,2.2148660741942034,5.048996839472503
2014-12-30,-9.03507152923642,-4.33626521991283,0,-0.04910757590460982,2.315359840684958,4.987936688001158
2015-01-02,-9.043988291073362,-1.96935053441087,0,-0.06665245957072691,2.29199964516856,5.100289205992404
2015-01-05,-9.049152654769806,-9.87138547686326,1,-0.07321815648779739,2.296160131957281,5.12142569685169
2015-01-06,-9.102088631656976,1.9278446915617504,0,-0.06922021443162191,2.3394648757485434,5.085958088620899
2015-01-07,-9.181963340356894,1.1708820181422799,0,-0.1373273811624834,2.4187511444104883,5.272619885522408
2015-01-08,-9.5440910835804,12.03734123540077,0,-0.27499856331463074,2.7186520700640964,5.638800504582472
2015-01-09,-9.610727079588788,-6.3255570696723,0,-0.337649141039559,2.9344030669051397,5.608845014633669
2015-01-12,-9.612524533007083,3.4584933527775203,0,-0.33093524156768495,2.867303080369606,5.680530023599329
2015-01-13,-9.171988928677345,5.29987306744767,0,-0.15773239127389843,2.4903903175151636,5.217905959836456
2015-01-14,-9.20119596585139,-4.56997246159528,0,-0.17366603962197824,2.4385187420922065,5.38263397268649
2015-01-15,-9.174569874828089,7.661218177795931,0,-0.04770461540095866,1.9601574805603879,5.7439808106538575
2015-01-16,-9.174569874828089,6.21309987378708,0,-0.04770461540095866,1.9601574805603879,5.7439808106538575
2015-01-19,-9.306319411991966,2.43079143337024,0,-0.1909036519961131,2.3572862256119427,5.669477366927442
2015-01-20,-9.306319411991966,0.88293710530871,0,-0.1909036519961131,2.3572862256119427,5.669477366927442
2015-01-21,-9.164500325377825,0.94864664738797,0,-0.135363464667911,2.382725116362539,5.306754344405645
2015-01-22,-9.423532522680791,3.77951698132618,0,-0.22492438283363364,2.5607618081211414,5.58616727009624
2015-01-23,-9.101834968969479,10.47028278897691,0,-0.03763803023219474,2.328949367205656,4.98862590074946
2015-01-26,-9.10988883997279,5.26737591941194,0,-0.05742924334624452,2.308802438925281,5.104293495848015
2015-01-27,-9.114721833300035,-7.604887691715299,0,-0.06454271372873445,2.313743976969925,5.126079887493328
2015-01-28,-9.225938045640325,1.1165352236334103,0,-0.07193741475421865,2.3953419484224048,5.123862380888024
2015-01-29,-9.301887707033885,-2.0002149395410997,0,-0.14795288902111053,2.4846051482036553,5.323232652034031
2015-01-30,-9.662540430724054,-0.7520818304021499,0,-0.3110767399229175,2.818352757637014,5.733836319045038
2015-02-02,-9.727165675491678,3.56630781197649,0,-0.3726843131700941,3.0328399216667794,5.707555396246175
2015-02-03,-9.726579797295294,3.62674789555284,0,-0.3637041651784322,2.960202241638507,5.7745253267297665
2015-02-04,-9.291027040532398,-0.12343695896394999,0,-0.16769376274876302,2.5555684794344575,5.268413140569108
2015-02-05,-9.318141069346543,-0.68344792107394,0,-0.18362535645729983,2.5022499050460763,5.433358108538396
2015-02-06,-9.297257833059753,-2.87195867240945,0,-0.04873763137789605,2.011976176608667,5.779251337409091
2015-02-09,-9.297257833059753,-8.35973341578403,0,-0.04873763137789605,2.011976176608667,5.779251337409091
2015-02-10,-9.420973769778385,4.289788604527881,0,-0.20458468387263645,2.4234494691957975,5.725730101767866
2015-02-11,-9.294847229150827,-0.49799933527595,0,-0.188868993976123,2.350227965089035,5.662536816627857
2015-02-12,-9.152583329974204,4.0253119816295,0,-0.13365709801987372,2.3756715653401415,5.300501191945028
2015-02-13,-9.411783240898098,3.07150443416871,0,-0.22135969470657832,2.551417322515184,5.576793421491347
2015-02-16,-9.434212794210655,-2.70640393896638,0,-0.23469634318549382,2.5671831375230765,5.619046554733616
2015-02-17,-9.426462183553735,0.7588925843476,0,-0.2201310786958352,2.48253838488064,5.691092678723011
2015-02-18,-9.428876569570978,2.5831236194434495,0,-0.2208408904272342,2.475989510698324,5.705614762546081
2015-02-19,-9.539960112501873,1.14150389628213,0,-0.2517728151723616,2.593523192019391,5.74095055114757
2015-02-20,-9.593663465089154,1.2556182964198999,0,-0.27845435783794287,2.5895906798556423,5.884512394081827
2015-02-23,-9.904916685522647,2.4613031544542503,0,-0.39716759816146835,2.81063194281339,6.252736969069921
2015-02-24,-9.904916685522647,0.7531702550529399,0,-0.39716759816146835,2.81063194281339,6.252736969069921
2015-02-25,-9.83310440066384,-0.9793183611777899,0,-0.33471278041782465,2.586411928087727,6.297294349404282
2015-02-26,-9.459069238936236,5.89780620746673,0,-0.14449496528870417,2.292833641876797,5.776400276313877
2015-02-27,-9.422657117989349,1.8224031402023901,0,-0.09179324652459968,2.1048606152571194,5.881247842340494
2015-03-02,-8.76870749309367,-0.25663839275040007,0,-0.23552334268603886,1.9567043536223565,5.862831596249207
2015-03-03,-8.76870749309367,-3.89611647231618,0,-0.23552334268603886,1.9567043536223565,5.862831596249207
2015-03-04,-8.874472164250989,2.96866681504349,0,-0.4080893322971404,2.355910910144612,5.839885462254091
2015-03-05,-8.649782183089872,3.20152486960062,0,-0.3401701423358032,2.1826062229414687,5.6793333832864565
2015-03-06,-8.521116161349031,0.8506225815648499,0,-0.29454326487535554,2.248550185557267,5.3433952281886254
2015-03-09,-8.793039247059287,1.06298757683525,0,-0.4300306137865126,2.467665525603272,5.669691764563055
2015-03-10,-8.81194827850794,-1.01004771592371,0,-0.4413321989402486,2.474756209196835,5.7076003227011896
2015-03-11,-8.800419676607348,11.43346661086348,0,-0.4174772198657166,2.3758153133315654,5.763090788663755
2015-03-12,-8.801523864915413,-1.1788788810718698,0,-0.41635202650096514,2.3656506646921756,5.774470166314816
2015-03-13,-8.934637290452626,3.3699090496546997,0,-0.4726836570756142,2.5263941651864927,5.842851797729805
2015-03-16,-8.974655646716402,7.0486354731886705,0,-0.49126954493186636,2.4924459929947353,5.968390629353143
2015-03-17,-9.346702566403268,-4.53357478744607,0,-0.7561989196648065,2.872930002939407,6.501411539907364
2015-03-18,-9.217588468712183,-3.37825593249503,0,-0.6834486457554593,2.891626803272409,6.199996336152513
2015-03-19,-9.123322425087132,-3.87457086000781,0,-0.5666618026898208,2.5982635799051828,6.165908543598167
2015-03-20,-8.627307857730779,0.91353245970544,0,-0.11584455250029557,1.9634068568793266,5.393457095660448
2015-03-23,-8.60525235959517,-4.76636239339713,0,-0.07426041997599653,1.807861184179899,5.5156693856671986
2015-03-24,-8.60889653382663,2.91066593266675,0,-0.08141520842706174,1.8048818366219752,5.544030633853041
2015-03-25,-8.60889653382663,-3.63704823766291,0,-0.08141520842706174,1.8048818366219752,5.544030633853041
2015-03-26,-8.714869374420335,0.80423378616145,0,-0.28924326098365966,2.2388322377403416,5.536883917176812
2015-03-27,-8.487756970486995,0.1909416489403,0,-0.25691986413836754,2.099510501560885,5.425699234947148
2015-03-30,-8.423432276864133,5.13791806917334,0,-0.23212238974788096,2.1840503795988475,5.170550066479372
2015-03-31,-8.708678335538702,-3.6660648186960394,0,-0.3746163557496658,2.427142966394297,5.496869564071574
2015-04-01,-8.731600000602418,-0.32139065992998006,0,-0.39140840262519644,2.4440149833221074,5.5410509840853415
2015-04-02,-8.723022690722374,-1.65132064089491,0,-0.36862202826438034,2.3497301002587445,5.598498234761678
2015-04-07,-8.725086585326302,2.95159129569413,0,-0.3685058654155154,2.3415798161027017,5.611106171425048
2015-04-08,-8.751305999763709,-3.35514948792931,0,-0.3214486566884913,2.358813938224297,5.491243826464105
2015-04-09,-8.813904571247296,4.18138437643859,0,-0.3731518205971578,2.383887040987978,5.655589044763143
2015-04-10,-9.257086948041449,6.02806849759549,0,-0.7105354181614267,2.9158258942290844,6.273400725442556
2015-04-13,-9.027585149242668,-1.43497156651743,0,-0.5372860370826292,2.778283408473642,5.793617308922366
2015-04-14,-8.873221762456033,-3.4534140926241497,0,-0.2210812589605758,2.2237970634215047,5.5298787177349045
2015-04-15,-8.451777648445777,0.89471136934237,0,0.14928746494149298,1.678559143204907,4.924828055007509
2015-04-16,-8.41955682522498,-6.91052067854484,0,0.0930711139471255,1.6451050303880796,5.142197574435949
2015-04-17,-8.575810262727272,-8.73561994705867,1,-0.06301319823848467,1.826098466540949,5.423498652163228
2015-04-20,-8.782970125209541,5.31594625802045,0,-0.14767351637232784,1.9957280879736508,5.58638583924124
2015-04-21,-8.886046873881229,0.8971434252285501,0,-0.40485244911762297,2.489188677804458,5.6714577941405615
2015-04-22,-8.64352649678063,-3.6352842940357,0,-0.30581180893554427,2.265585612370458,5.471560163127065
2015-04-23,-8.574699466383077,-2.90746360914841,0,-0.26805897474685847,2.332778213595047,5.204153088825494
2015-04-24,-8.896503590856575,2.09753709093102,0,-0.5021039936391878,2.7041359538436245,5.66226464887767
2015-04-27,-8.921015989753355,7.1642244053151005,0,-0.5102222521431212,2.6697378667499976,5.74794173149113
2015-04-28,-8.907508168474253,-6.4618352541139705,0,-0.4830673449422994,2.5646571312689876,5.794293174467631
2015-04-29,-8.908529726763902,-11.12312256123396,1,-0.4817115429480918,2.553958618441627,5.805016110630696
2015-04-30,-9.384962370522311,0.48040462478172,0,-0.35316480642661996,2.6929530546018228,5.758698026339969
2015-05-04,-9.443894748355053,1.80521030574551,0,-0.38789264286224645,2.684612542592639,5.929308621361218
2015-05-05,-9.769534507709974,-5.4316759644249295,0,-0.5609012840428356,2.967541203447351,6.376987121225946
2015-05-06,-9.616781887605109,-1.2528770227743,0,-0.49888514180807,2.9994901561167624,6.020312673982071
2015-05-07,-9.542309788245024,-0.71741991691151,0,-0.4099409145976636,2.7429262638964076,6.014454822547335
2015-05-08,-9.172762231840988,10.510227127308479,0,0.21133520582239806,1.8599127048305069,5.023903459042593
2015-05-11,-9.146908674182114,-0.81822278706715,0,0.026252480009733715,1.9704884053742902,5.45793470810864
2015-05-12,-9.146908674182114,-5.116125134896319,0,0.026252480009733715,1.9704884053742902,5.45793470810864
2015-05-13,-9.146908674182114,-4.000216995268961,0,0.026252480009733715,1.9704884053742902,5.45793470810864
2015-05-14,-9.218659390386255,6.0472004258614795,0,-0.21316165700577672,2.4509531127961175,5.508809180703766
2015-05-15,-9.00231953504681,-3.42682750512599,0,-0.1642645602547692,2.29943458629473,5.372090140203967
2015-05-18,-8.925827036974212,4.54901863710006,0,-0.10119605082131258,2.313341376002981,5.065975311053254
2015-05-19,-9.232847757556268,7.8168704436125696,0,-0.2819400365845408,2.564478148275712,5.570355992388624
2015-05-20,-9.264245250525178,-0.80678705181777,0,-0.30179339686211115,2.554035349618418,5.676489366712012
2015-05-21,-9.251940647684762,-0.37965763899318994,0,-0.2759137820572569,2.4519108217860746,5.732517104432928
2015-05-22,-9.253738355255605,-1.15930246447596,0,-0.27600057353069085,2.443931697081469,5.746022802921859
2015-05-26,-9.390556238791836,-4.2305360627522,0,-0.3427715702217223,2.611260491040915,5.84429120075573
2015-05-27,-9.546593496503398,4.30212586577146,0,-0.42653921115579674,2.6075541889350955,6.237005116420257
2015-05-28,-9.953398221316682,-3.63207919244853,0,-0.6174001929273051,2.8605936448899123,6.819307801630747
2015-05-29,-9.86948499925715,-7.1910199559729495,0,-0.6060266097817484,3.02231106196124,6.529964312500347
2015-06-01,-9.820613387548299,1.35288762305917,0,-0.5581459592525708,2.8316588748464913,6.576616989188363
2015-06-02,-9.441001958084854,-1.9835280488903602,0,-0.3117466316709913,2.495315780237032,5.964530091816814
2015-06-03,-9.440833624990573,2.8043749957178,0,-0.26136878963790644,2.2727103629298795,6.138562670507812
2015-06-04,-9.440833624990573,-1.8173442256837102,0,-0.26136878963790644,2.2727103629298795,6.138562670507812
2015-06-05,-9.440833624990573,-3.9052853265874905,0,-0.26136878963790644,2.2727103629298795,6.138562670507812
2015-06-08,-9.424651117689711,-4.98550835521719,0,-0.24460401559998934,2.282594867746612,6.0607773523554584
2015-06-09,-9.037207773109564,-0.1314313803217299,0,-0.06453495776286111,1.928588182217478,5.7125092570490725
2015-06-10,-9.038972340288325,8.63518163052162,0,-0.10285937989773496,2.1276560546546515,5.494164236390141
2015-06-11,-9.349335833581682,0.81600359936217,0,-0.31995226072924765,2.4265014560669957,5.991581497086976
2015-06-12,-9.359916471492282,-4.61923685196809,0,-0.3165046553209535,2.3691187037848396,6.072221718609647
2015-06-15,-9.31985746920087,-5.95954759206751,0,-0.26197055969460387,2.214242498843338,6.104169179321595
2015-06-16,-9.317451035850327,2.05795127090498,0,-0.2574974978478154,2.1977625005050347,6.1136558658592115
2015-06-17,-9.460733016330554,-2.72908507384424,0,-0.334657931117443,2.374932662851338,6.213884000290655
2015-06-18,-9.558944798192705,4.42373017456657,0,-0.370552477311914,2.259978105255321,6.558472127355558
2015-06-19,-9.937724433743377,-0.45958946297204994,0,-0.5513992396351306,2.459152622843365,7.105957666869067
2015-06-22,-9.885214154416815,12.37897487202431,0,-0.5624321629898954,2.674397923392484,6.831349273250067
2015-06-23,-9.853748580090599,2.75232107787741,0,-0.5324402494010338,2.571427552099184,6.8494155177697635
2015-06-24,-9.545910865128379,-2.32011258216403,0,-0.36459599455168457,2.3999412138529026,6.344162549394062
2015-06-25,-9.474893687076786,-0.56637323199933,0,-0.2125603375650344,2.014937154405567,6.423444960406615
2015-06-26,-9.474893687076786,-0.81444992906847,0,-0.2125603375650344,2.014937154405567,6.423444960406615
2015-06-29,-9.474893687076786,-11.516182384011769,1,-0.2125603375650344,2.014937154405567,6.423444960406615
2015-06-30,-10.036507327986694,-4.611395879529059,0,-0.34058850273497177,2.4488561646453704,6.704844555191633
2015-07-01,-9.578900898447094,5.975970798687389,0,0.17363782821632368,1.7304269390170917,5.8570937368427325
2015-07-02,-9.613958135283607,-3.4532112426139205,0,-0.05498480470435142,2.193476997596414,5.800079619527581
2015-07-03,-9.88333259463731,-1.3654578107692699,0,-0.30706022277613565,2.5156160259463425,6.364950399893621
2015-07-06,-9.870174392236002,-5.24687786660762,0,-0.2800419526165541,2.430661462450218,6.393282433103076
2015-07-07,-9.974206653382456,-7.33304106050858,0,-0.3581698650262804,2.4802114136115874,6.648018583762902
2015-07-08,-9.974206653382456,1.20319117127314,0,-0.3581698650262804,2.4802114136115874,6.648018583762902
2015-07-09,-10.109382340085563,6.865186254702629,0,-0.4522012346081764,2.6711127757728907,6.787399578095647
2015-07-10,-10.156372280441385,7.71240646455779,0,-0.4576962951369664,2.552554493064304,6.995563489132573
2015-07-13,-10.46477993803296,4.064899240898299,0,-0.6195231564155699,2.6605922694972888,7.5544206317774165
2015-07-14,-10.447992854041585,0.7837998853653199,0,-0.6536965663021104,2.9402527017955062,7.312084001417895
2015-07-15,-10.419600968120616,-2.02405821914468,0,-0.6251205572552756,2.839525077739917,7.326422893974043
2015-07-16,-10.192076244999129,4.70168932413209,0,-0.5122282377464271,2.804118649655764,6.864453224333634
2015-07-17,-10.113572930030502,-0.45944912765558,0,-0.39542271535130846,2.4311694772776837,6.95003541125509
2015-07-20,-10.113572930030502,0.1926501190534599,0,-0.39542271535130846,2.4311694772776837,6.95003541125509
2015-07-21,-10.113572930030502,-3.96213358083158,0,-0.39542271535130846,2.4311694772776837,6.95003541125509
2015-07-22,-10.124982096362116,-2.0764365033060996,0,-0.41877394083929587,2.5105625962955225,6.918709049367413
2015-07-23,-9.666203875053936,-1.18377128397734,0,0.027790722746681235,1.9011074381356936,6.102071358606134
2015-07-24,-9.723781184734007,-3.9767809213892704,0,-0.18149607281784685,2.358329456032127,6.055702369259176
2015-07-27,-9.980234573782548,-7.632040331497531,0,-0.38130684973448337,2.588716443780815,6.573118344093775
2015-07-28,-9.96520738833732,4.0275913403810195,0,-0.35634213403296583,2.503766671456895,6.602423838933335
2015-07-29,-9.984664178609812,3.49433487552214,0,-0.3636936986414653,2.474257838289688,6.681347651503791
2015-07-30,-9.984664178609812,3.2603417185068504,0,-0.3636936986414653,2.474257838289688,6.681347651503791
2015-07-31,-10.11804731314104,3.45777458537737,0,-0.4552470125785071,2.6604074501187087,6.8173192021132465
2015-08-03,-10.061812443768062,2.8490799894917402,0,-0.4006613802806041,2.517572716556579,6.799611751931526
2015-08-04,-10.41722613261339,-1.70791755351321,0,-0.6061870256377888,2.7217214968988683,7.4102047304225955
2015-08-05,-10.44402785113045,5.61035080595768,0,-0.6517536563477982,2.939565497880721,7.30436380865696
2015-08-06,-10.41544890362692,-1.19130856528739,0,-0.6230138375776744,2.838563287983667,7.318469857342132
2015-08-07,-10.185528184654116,-1.8041201207348498,0,-0.5079352555704586,2.7982943124804915,6.853767078194517
2015-08-10,-10.106432665815838,2.2675557791742804,0,-0.389278438076054,2.4231871834633782,6.9376377074206665
2015-08-11,-10.106432665815838,-9.80330987456044,0,-0.389278438076054,2.4231871834633782,6.9376377074206665
2015-08-12,-10.35762866230175,-9.87435377219169,0,-0.5681694452377717,2.7035459646366204,7.28389700254482
2015-08-13,-10.380242074491061,2.70343025281538,0,-0.594150513157891,2.7941153713535067,7.2652448320398655
2015-08-14,-9.909601568083582,-0.9735655183606899,0,-0.06922040173472566,2.1063646301950976,6.293631951936046
2015-08-17,-9.992465938595636,0.05406791941446999,0,-0.3614959121281045,2.6923660973340797,6.391525739336137
2015-08-18,-10.238527982281727,-0.9149199942015901,0,-0.542423331501447,2.87443704167259,6.9057748587048
2015-08-19,-10.22168463821879,-7.92832576721672,0,-0.5186496619915919,2.787182566867625,6.930523823618646
2015-08-20,-10.230443922329782,-6.3814688047618,0,-0.5145057167928148,2.733540109511058,6.992281225700799
2015-08-21,-10.230443922329782,-8.41924029104891,0,-0.5145057167928148,2.733540109511058,6.992281225700799
2015-08-24,-10.358175940933773,-14.19207402679093,1,-0.6038634548144696,2.9096789102448666,7.137897363636999
2015-08-25,-11.110568816655558,15.37647781639269,0,-0.21134770785206466,2.7330631549611573,6.967286941565867
2015-08-26,-11.464812738122529,-3.9072629271859394,0,-0.30520418441430197,2.8532091627842293,7.4681222813218655
2015-08-27,-11.470369402113132,9.35162725437875,0,-0.32479459553244494,3.039103150414922,7.281664776871642
2015-08-28,-11.422529320719558,-0.10936784316564994,0,-0.2993777914245923,2.9224400628145553,7.309016113694982
2015-08-31,-11.172637526664342,-1.61909937415518,0,-0.22964411722220326,2.8805625082419875,6.873339710856988
2015-09-01,-11.089970078624606,-7.738201698291919,0,-0.15458279314034978,2.5461109984931465,7.036320177156263
2015-09-02,-11.113355785003286,0.8177483832947999,0,-0.16592353512852248,2.563452135290373,7.072131860648834
2015-09-03,-11.113355785003286,8.33361758434018,0,-0.16592353512852248,2.563452135290373,7.072131860648834
2015-09-04,-11.123467973024681,-9.2255521199368,0,-0.1770628392833312,2.6283360983724453,7.019740517659176
2015-09-07,-10.71643049216203,2.50722962660349,0,0.06784972513194007,2.2308482153424816,6.375866825296924
2015-09-08,-10.71643049216203,5.76818396179275,0,0.06784972513194007,2.2308482153424816,6.375866825296924
2015-09-09,-10.910292424007663,1.5784088232445397,0,-0.08991497877848617,2.4011548718380817,6.863623047225646
2015-09-10,-10.858787432092658,-1.0597675208391,0,-0.016427563137926395,2.2255977856949727,6.851823060642177
2015-09-11,-10.85756961488579,-2.18275923707104,0,-0.021885544359068886,2.184843019504705,6.943435713330774
2015-09-14,-10.85756961488579,-0.74530567128204,0,-0.021885544359068886,2.184843019504705,6.943435713330774
2015-09-15,-10.957776590319897,2.77776434127791,0,-0.05624247644353635,2.2620677308730865,7.029077902806598
2015-09-16,-10.93159745831447,1.1457450190305,0,-0.017000624345998513,2.058746718171065,7.226962174251234
2015-09-17,-11.455856025395189,-0.50356831759698,0,-0.2264503386863141,2.31427205192629,7.992363125895023
2015-09-18,-11.575924794539445,-10.733345333018601,0,-0.2986286125854727,2.652032605406511,7.840702009789288
2015-09-21,-11.575924794539445,2.59561124183781,0,-0.2986286125854727,2.652032605406511,7.840702009789288
2015-09-22,-11.402058107606933,-12.49685766205749,1,-0.26559817426399457,2.737279350664223,7.438880925725574
2015-09-23,-11.390717807158635,1.12732908307538,0,-0.25589963019464235,2.678401779954995,7.48100891474785
2015-09-24,-11.409121289650468,-8.79582596990596,0,-0.2616814731063166,2.683578140260409,7.51088089931981
2015-09-25,-11.409121289650468,9.02284044465663,0,-0.2616814731063166,2.683578140260409,7.51088089931981
2015-09-28,-11.42452207013909,-7.348304510346041,0,-0.2740427575542939,2.7569442259695536,7.461053396904667
2015-09-29,-11.068001919751064,-0.7340708263203201,0,-0.14383143634186862,2.57939210697236,6.922670342139061
2015-09-30,-11.403294294378115,6.520807726029161,0,-0.15422647008957607,2.7425239651792093,7.035581217657713
2015-10-01,-11.554787673247784,-3.8599636746352397,0,-0.23431464662030635,2.754950545300936,7.4592482435621195
2015-10-02,-11.508093234974158,0.44127105269424993,0,-0.19113483106989565,2.6377565342843807,7.439348798571052
2015-10-05,-11.499028025773306,9.3374353773392,0,-0.177304779751849,2.5595045201329767,7.503605906223136
2015-10-06,-11.499028025773306,2.64278486447847,0,-0.177304779751849,2.5595045201329767,7.503605906223136
2015-10-07,-11.586629148994012,4.674986621990721,0,-0.21770777608152939,2.635887054926677,7.61231562407973
2015-10-08,-11.538895929286376,-0.83059557913642,0,-0.1559709299326017,2.370526363877949,7.769351795189499
2015-10-09,-11.733924689483164,2.4268057209733698,0,-0.2528646678774328,2.468158332302899,8.121879714473426
2015-10-12,-11.846015390172663,1.50475037655611,0,-0.3354202429455774,2.8176474257740343,7.99632679836997
2015-10-13,-11.846015390172663,-3.84454982739734,0,-0.3354202429455774,2.8176474257740343,7.99632679836997
2015-10-14,-11.68859201672094,-4.61679031128855,0,-0.29924354514959517,2.913513638952213,7.587185838844261
2015-10-15,-11.676768051984013,2.27680599591767,0,-0.2873008953353212,2.850487228027423,7.623989180570492
2015-10-16,-11.693829643198402,-0.08200252936204988,0,-0.29397578097969124,2.8558956616999236,7.655882553971287
2015-10-19,-11.693829643198402,2.1326433934778,0,-0.29397578097969124,2.8558956616999236,7.655882553971287
2015-10-20,-11.70947182237192,-1.59239207287827,0,-0.3089592366413396,2.933988178217211,7.612398553909645
2015-10-21,-11.370378509737945,1.7244546359146302,0,-0.14304102798871504,2.713508381635837,7.00649589112758
2015-10-22,-11.29972547114576,6.532096294619399,0,-0.11494621515022009,2.6474728294512255,6.935721211775224
2015-10-23,-11.45713738300784,11.0456669713383,0,-0.20262192015678174,2.6781331772353445,7.36667870384022
2015-10-26,-11.40768107828032,-0.8072484386680101,0,-0.1550698637970485,2.5537398696122287,7.34360928721868
2015-10-27,-11.564271683903865,-1.35563574906745,0,-0.19446991068693828,2.6083928575806388,7.552347226727761
2015-10-28,-11.564271683903865,4.6974652677129995,0,-0.19446991068693828,2.6083928575806388,7.552347226727761
2015-10-29,-11.447126519581339,2.77129894487951,0,-0.16412372770559375,2.5202669083397513,7.467771880180846
2015-10-30,-11.39985121453221,0.56447560623815,0,-0.10437022656090036,2.262440767227708,7.635519760160635
2015-11-02,-11.59912034830782,3.0581865050739503,0,-0.19665167582748538,2.399786871414487,7.914964022059808
2015-11-03,-11.717225018658244,-1.09311920333655,0,-0.2934205606035384,2.7672521518721584,7.802802123876183
2015-11-04,-11.695218760011992,-2.0870736125803697,0,-0.30490793430118796,2.9398627994293514,7.57613460303069
2015-11-05,-11.695218760011992,1.63090802560783,0,-0.30490793430118796,2.9398627994293514,7.57613460303069
2015-11-06,-11.695218760011992,5.80722208222657,0,-0.30490793430118796,2.9398627994293514,7.57613460303069
2015-11-09,-11.712455776846065,-5.18785532238702,0,-0.3113950153868704,2.9453160669055354,7.607849736921656
2015-11-10,-11.696496573937935,0.7128863535396099,0,-0.2971568607853383,2.8746173879768864,7.642820630613164
2015-11-11,-11.711806983490582,1.8591151478908199,0,-0.31251071151046395,2.9581188863304364,7.59316275763873
2015-11-12,-11.369062413394305,-1.67250608592932,0,-0.14290116768070088,2.728083564796404,6.981203536567023
2015-11-13,-11.298310705514599,-1.6654173491639799,0,-0.11385871462153066,2.6602714593814607,6.909001703400993
2015-11-16,-11.459839673761314,-0.013771259455709964,0,-0.2063035196008105,2.70190280622451,7.346076362547819
2015-11-17,-11.412191777706482,9.09867064993755,0,-0.16066063852561713,2.581074022833014,7.324548256915861
2015-11-18,-11.570905830477992,-0.91728754208179,0,-0.20243336973721004,2.6409658868245556,7.53656252109117
2015-11-19,-11.570905830477992,4.2877488637234205,0,-0.20243336973721004,2.6409658868245556,7.53656252109117
2015-11-20,-11.45368784607452,1.05385116929207,0,-0.17143177980144347,2.551555349475383,7.450380963734368
2015-11-23,-11.41483050512968,-1.70666330444974,0,-0.11994293500492186,2.3096472029153055,7.624411375611904
2015-11-24,-11.613753119332419,-5.050235955210311,0,-0.2095507166804609,2.444337307860867,7.902475146850254
2015-11-25,-11.722532596399065,5.67625290682539,0,-0.2984797216789799,2.795824013557355,7.78430127203282
2015-11-26,-11.69732043858054,4.40199088174045,0,-0.30829019347516196,2.9634389289544787,7.556827633727396
2015-11-27,-11.69732043858054,-0.52882936150503,0,-0.30829019347516196,2.9634389289544787,7.556827633727396
2015-11-30,-11.69732043858054,3.45705708877702,0,-0.30829019347516196,2.9634389289544787,7.556827633727396
2015-12-01,-11.71460714876186,-2.3849928772096303,0,-0.3148232736581984,2.969150853697745,7.588501125601789
2015-12-02,-11.71460714876186,-2.5244292490625595,0,-0.3148232736581984,2.969150853697745,7.588501125601789
2015-12-03,-11.71460714876186,-13.632720692081099,1,-0.3148232736581984,2.969150853697745,7.588501125601789
2015-12-04,-12.15943013152391,-1.03416936653824,0,-0.3537405155155028,3.2482320548210772,7.787495271137699
2015-12-07,-12.093348414933283,4.54383511540291,0,-0.3164584121146456,3.1734332712329714,7.689314749826991
2015-12-08,-12.093348414933283,-7.3677937851571205,0,-0.3164584121146456,3.1734332712329714,7.689314749826991
2015-12-09,-12.055937448442528,-2.49451548582201,0,-0.27570175456935186,3.0612290658276793,7.661130558416847
2015-12-10,-12.214129524040969,0.15330126451015003,0,-0.35477672140973593,3.173348179397166,7.946593384109045
2015-12-11,-12.214129524040969,-7.6929932074918685,0,-0.35477672140973593,3.173348179397166,7.946593384109045
2015-12-14,-12.221344997012071,-6.12807677868906,0,-0.4377944551226488,3.583346093351551,7.713751967048109
2015-12-15,-12.239097279566181,8.40699728203731,0,-0.4253104914784308,3.4215318650394533,7.892131554026308
2015-12-16,-12.131356550657708,1.38033512301197,0,-0.2548891654946579,2.7307794114005883,8.141794375305414
2015-12-17,-12.236358228857348,9.369101866651599,0,-0.3717732160763434,3.127940473440269,8.08764107637432
2015-12-18,-12.226939618046977,-5.5644590733534,0,-0.39522029753618476,3.332707867491994,7.889576907124449
2015-12-21,-12.226939618046977,-3.8344900483714603,0,-0.39522029753618476,3.332707867491994,7.889576907124449
2015-12-22,-12.226939618046977,-0.39796543244449994,0,-0.39522029753618476,3.332707867491994,7.889576907124449
2015-12-23,-12.242247182162444,7.01553981611834,0,-0.40267559655797436,3.3378611428008886,7.924129188441448
2015-12-25,-12.242247182162444,0.0,0,-0.40267559655797436,3.3378611428008886,7.924129188441448
2015-12-28,-12.242247182162444,-2.30260040403066,0,-0.40267559655797436,3.3378611428008886,7.924129188441448
2015-12-29,-11.86730187008965,5.19207676009224,0,-0.12987536128670069,2.9359127559654974,7.09098764435348
2015-12-30,-11.802655487723577,-3.8187372555676005,0,-0.08308614966061437,2.839925467087008,6.987357819624426
2016-01-04,-11.802655487723577,-14.81746364905746,1,-0.08308614966061437,2.839925467087008,6.987357819624426
2016-01-05,-12.027312180986687,0.34207729847221996,0,0.14791563119207685,2.52514833393278,6.728476204266411
2016-01-06,-12.147796945176012,-5.2113079073851,0,0.0224685773699528,2.730680062989788,7.053435634483366
2016-01-07,-12.147796945176012,-8.352986530265149,0,0.0224685773699528,2.730680062989788,7.053435634483366
2016-01-08,-12.146849456471532,-5.86049565533662,0,-0.23783147468260063,3.4239971449104596,7.071860609701481
2016-01-11,-12.204503892331648,-2.07328203312793,0,-0.2569152604433178,3.3567071044202756,7.308852827426708
2016-01-12,-12.121590187426655,3.9654502445928705,0,-0.03054510170418028,2.6117398545325887,7.479257575287354
2016-01-13,-12.190824430394862,-2.5774066902232504,0,-0.15290603522302537,2.9935822764643376,7.4177917925975585
2016-01-14,-12.897598268920804,-4.6789878956082696,0,-0.44646596229096835,3.7482929021367974,8.21478705786717
2016-01-15,-12.897598268920804,-6.770931306091301,0,-0.44646596229096835,3.7482929021367974,8.21478705786717
2016-01-18,-12.897598268920804,0.09489704402962,0,-0.44646596229096835,3.7482929021367974,8.21478705786717
2016-01-19,-12.912137309586528,3.53010918981739,0,-0.45393128999395704,3.753217550581537,8.250741313156126
2016-01-20,-12.912137309586528,-7.11777426983597,0,-0.45393128999395704,3.753217550581537,8.250741313156126
2016-01-21,-12.912137309586528,6.70390544724961,0,-0.45393128999395704,3.753217550581537,8.250741313156126
2016-01-22,-12.76081505982709,5.60249577605242,0,-0.36784585587635577,3.698957173559334,7.839071468732024
2016-01-25,-12.674638714840459,-0.55544335217436,0,-0.2916127977320499,3.5386281549082117,7.661522992075735
2016-01-26,-12.674638714840459,8.44875989380704,0,-0.2916127977320499,3.5386281549082117,7.661522992075735
2016-01-27,-12.629910132204039,2.41851143387302,0,-0.20847743456354978,3.342378830764446,7.550457668691943
2016-01-28,-12.838965591113158,-8.18279040103886,0,-0.39990880212711855,3.691515074511047,8.052710233190616
2016-01-29,-12.838965591113158,2.05665240141986,0,-0.39990880212711855,3.691515074511047,8.052710233190616
2016-02-01,-12.830719054858388,-3.22122416790452,0,-0.4678925001557963,4.07916854130363,7.819859908323855
2016-02-02,-12.850399766567183,-5.77873956162659,0,-0.45650849386499376,3.9193384777328406,7.992567975844648
2016-02-03,-12.771627205093566,-5.0148279547371,0,-0.29703108935996747,3.2503166770140073,8.187675079329743
2016-02-04,-12.813541149894984,-1.36108276375853,0,-0.3850167615969282,3.6150970892843164,8.069804247629962
2016-02-05,-12.851791918180826,-1.54125859540113,0,-0.4189941319055228,3.7079806625784224,8.117112597986388
2016-02-08,-12.851791918180826,-8.76391558112789,0,-0.4189941319055228,3.7079806625784224,8.117112597986388
2016-02-09,-12.851791918180826,-4.2527160961537,0,-0.4189941319055228,3.7079806625784224,8.117112597986388
2016-02-10,-12.942498325764163,3.92979247720153,0,-0.47085991559178925,3.7803764709914587,8.309476861041404
2016-02-11,-12.942498325764163,-8.69324750805372,0,-0.47085991559178925,3.7803764709914587,8.309476861041404
2016-02-12,-12.942498325764163,8.33814903964177,0,-0.47085991559178925,3.7803764709914587,8.309476861041404
2016-02-15,-12.804386940866964,7.611779086253731,0,-0.40186948484564666,3.766257993878921,7.928907133924765
2016-02-16,-12.71935238359632,-1.63252389327215,0,-0.334761249915297,3.6232538190401673,7.766302474484707
2016-02-17,-12.71935238359632,8.742130995907079,0,-0.334761249915297,3.6232538190401673,7.766302474484707
2016-02-18,-12.674118250379163,1.7227821061514599,0,-0.26985926573633157,3.4586322492620325,7.684410684012296
2016-02-19,-12.880550825875048,-3.3834260858229297,0,-0.43066290734548307,3.7501750167110615,8.136305069192879
2016-02-22,-12.880550825875048,4.992115364361941,0,-0.43066290734548307,3.7501750167110615,8.136305069192879
2016-02-23,-12.865883643339203,-6.238799139496649,0,-0.48719301086966504,4.1166592619201285,7.884771988128634
2016-02-24,-12.881502083587753,-9.62256954992851,0,-0.47299089149857854,3.9479763784113593,8.051156418699488
2016-02-25,-12.888213135953377,4.16347126928049,0,-0.38774213646420685,3.4098706341541654,8.423606406046254
2016-02-26,-12.910728176967439,8.6430113530364,0,-0.3890921443808564,3.337297122100892,8.545898628142348
2016-02-29,-12.949535492082873,-0.7402270629323698,0,-0.4224392789192802,3.426196139328739,8.586671983415513
2016-03-01,-12.949535492082873,7.77503888810229,0,-0.4224392789192802,3.426196139328739,8.586671983415513
2016-03-02,-12.949535492082873,3.6366707303421704,0,-0.4224392789192802,3.426196139328739,8.586671983415513
2016-03-03,-12.99008451006074,0.49311320592379004,0,-0.44172756305366245,3.427616554319457,8.691809702349428
2016-03-04,-12.99008451006074,4.69577382739231,0,-0.44172756305366245,3.427616554319457,8.691809702349428
2016-03-07,-12.99008451006074,-1.7932194986614698,0,-0.44172756305366245,3.427616554319457,8.691809702349428
2016-03-08,-12.90345596486653,-3.60115601939158,0,-0.4162143833037324,3.5414029682890362,8.371427563856766
2016-03-09,-12.835720851973408,-0.09681794412848,0,-0.37045151703115387,3.4527192289306075,8.251323152875809
2016-03-10,-12.835720851973408,-10.04261967913668,0,-0.37045151703115387,3.4527192289306075,8.251323152875809
2016-03-11,-12.893139265771799,9.35329533667576,0,-0.41523628410171987,3.5661690740155096,8.325848311350693
2016-03-14,-13.033741221807148,6.47377553992408,0,-0.48582406998778116,3.6465784973643056,8.616707427038762
2016-03-15,-13.033741221807148,-1.79273491229071,0,-0.48582406998778116,3.6465784973643056,8.616707427038762
2016-03-16,-13.08035506933695,4.567864466411479,0,-0.5632535927633315,4.067821521723044,8.438253680773716
2016-03-17,-13.073612372538824,-2.98499091631141,0,-0.5384305670266751,3.8756140498806353,8.566289104457011
2016-03-18,-12.956327961651045,2.57192111689633,0,-0.3856847437943498,3.1807466174235737,8.78479696699446
2016-03-21,-12.954979625989983,1.9546531844198796,0,-0.36647752045931675,3.0583792281799624,8.881047753475016
2016-03-22,-12.99718375355934,2.1650069603298303,0,-0.40337112835495026,3.152125821452598,8.921623256954927
2016-03-23,-12.99718375355934,-0.2262612249923,0,-0.40337112835495026,3.152125821452598,8.921623256954927
2016-03-24,-12.99718375355934,-5.14595262528324,0,-0.40337112835495026,3.152125821452598,8.921623256954927
2016-03-29,-13.025439330929482,1.5717279973735498,0,-0.41368649757607956,3.1285547854433577,9.01364522902533
2016-03-30,-13.025439330929482,5.070354363170231,0,-0.41368649757607956,3.1285547854433577,9.01364522902533
2016-03-31,-13.025439330929482,-2.02193212218006,0,-0.41368649757607956,3.1285547854433577,9.01364522902533
2016-04-01,-12.988155623243497,-8.0998568245512,0,-0.426670096677647,3.342878107096891,8.745713544470522
2016-04-04,-12.933453213979561,1.86462644758217,0,-0.3941712020685887,3.28830947674557,8.650257803512295
2016-04-05,-12.997977483175928,-9.18651039424523,0,-0.43188889938296693,3.3452921880741675,8.770060762022169
2016-04-06,-13.011704215230576,2.4630083873768203,0,-0.4460033395203419,3.3988740827835233,8.76387434231819
2016-04-07,-13.11056389846157,-4.6049364156597505,0,-0.48322719990884744,3.3884088285006326,8.997917377213101
2016-04-08,-13.11056389846157,3.5120985570135503,0,-0.48322719990884744,3.3884088285006326,8.997917377213101
2016-04-11,-13.186146806324924,1.1084681856290999,0,-0.5771776272620656,3.856984326207445,8.83085102491906
2016-04-12,-13.186146806324924,1.70347317630756,0,-0.5771776272620656,3.856984326207445,8.83085102491906
2016-04-13,-13.019810226674082,8.82410482990057,0,-0.42325555347979327,3.233219237004872,8.90535885830856
2016-04-14,-13.015005625913195,2.76518320534357,0,-0.4019810226793017,3.1040643654191644,8.997105651629997
2016-04-15,-13.053622190680747,-1.39142822077382,0,-0.4335121558000953,3.18743756574535,9.030401126047753
2016-04-18,-13.053622190680747,3.73652231962906,0,-0.4335121558000953,3.18743756574535,9.030401126047753
2016-04-19,-13.053622190680747,8.54161267706878,0,-0.4335121558000953,3.18743756574535,9.030401126047753
2016-04-20,-13.050442292522495,2.0490815540589797,0,-0.42624969366183707,3.139019524441358,9.065383076442252
2016-04-21,-13.050442292522495,1.1679683335157498,0,-0.42624969366183707,3.139019524441358,9.065383076442252
2016-04-22,-13.050442292522495,-2.03662596149135,0,-0.42624969366183707,3.139019524441358,9.065383076442252
2016-04-25,-12.799494903950983,-2.4520750967023797,0,-0.31590288603392835,3.132529485873105,8.450230876453666
2016-04-26,-12.742267997947224,-1.03768902499629,0,-0.27906597594306604,3.066965799771971,8.351604722040573
2016-04-27,-12.811729013850723,-1.15271335396088,0,-0.3244820330148435,3.1424392167088704,8.479483827582847
2016-04-28,-12.825747665957413,-1.7273032953919802,0,-0.3407952865150331,3.1988757307111597,8.474422614049868
2016-04-29,-12.935655124748202,-10.998060784895761,0,-0.3873185815777633,3.2170960826860293,8.72201200868681
2016-05-02,-13.097296691732542,2.59187017453756,0,-0.4763949417489518,3.3745391531581763,8.979544975792466
2016-05-03,-13.174337943232608,-6.95893715420602,0,-0.5720812498615493,3.8464217633352624,8.814186979919771
2016-05-04,-13.174337943232608,-2.20366550612665,0,-0.5720812498615493,3.8464217633352624,8.814186979919771
2016-05-05,-13.006092426625752,0.9798191370679799,0,-0.4157982548164818,3.2180721140754343,8.886469544079228
2016-05-06,-13.001797321100852,0.62679282372017,0,-0.39489053532236074,3.0900272507222417,8.979204649517925
2016-05-09,-13.040860911799163,3.6835694768672504,0,-0.42698416624808466,3.1745131900863344,9.013097798475044
2016-05-10,-13.040860911799163,3.60089804481261,0,-0.42698416624808466,3.1745131900863344,9.013097798475044
2016-05-11,-13.040860911799163,-1.6677676018536602,0,-0.42698416624808466,3.1745131900863344,9.013097798475044
2016-05-12,-13.037978789919263,-7.6801783213895,0,-0.4200572587017023,3.1268856913419603,9.048679641926917
2016-05-13,-13.037978789919263,3.1294326885913604,0,-0.4200572587017023,3.1268856913419603,9.048679641926917
2016-05-17,-13.037978789919263,-3.8441516820482997,0,-0.4200572587017023,3.1268856913419603,9.048679641926917
2016-05-18,-13.031595754691036,0.42178970535095006,0,-0.41730346188610834,3.128518963706509,9.03142796659234
2016-05-19,-12.985724278394292,-10.055343384058279,0,-0.3927906237381297,3.094763902895211,8.950148528830312
2016-05-20,-13.038939070765299,3.94598378123858,0,-0.4205901049054327,3.125755788531465,9.052776622882877
2016-05-23,-13.038939070765299,-7.677770794001231,0,-0.4205901049054327,3.125755788531465,9.052776622882877
2016-05-24,-13.164445203253774,6.737013138628869,0,-0.49939195350879645,3.3347356605980227,9.167581356806487
2016-05-25,-13.164445203253774,4.46862548404903,0,-0.49939195350879645,3.3347356605980227,9.167581356806487
2016-05-26,-13.240365031924199,0.9891275377724299,0,-0.5902632555212354,3.800073346914747,8.991479944071397
2016-05-27,-13.240365031924199,0.2488066726037,0,-0.5902632555212354,3.800073346914747,8.991479944071397
2016-05-30,-13.081553455390196,1.74247529449096,0,-0.44770328725802055,3.1988031094488463,9.089137870878014
2016-05-31,-13.070619497813484,-2.36891109862124,0,-0.42289943223585746,3.0588154924684505,9.177001382958005
2016-06-01,-13.106055096196638,-1.69909201396892,0,-0.4501109689833577,3.1331946810651683,9.202958219422591
2016-06-02,-13.106055096196638,1.7818228866780201,0,-0.4501109689833577,3.1331946810651683,9.202958219422591
2016-06-03,-13.106055096196638,-2.2908602615127402,0,-0.4501109689833577,3.1331946810651683,9.202958219422591
2016-06-06,-13.105449653129547,0.22946479639706002,0,-0.4966260027706215,3.469269130964748,8.938393545313364
2016-06-07,-13.105449653129547,6.95655262907515,0,-0.4966260027706215,3.469269130964748,8.938393545313364
2016-06-08,-13.152355678215535,-2.57437177749694,0,-0.4650776239204595,3.1034669667786874,9.331611843361301
2016-06-09,-13.14773381238346,-3.87142612049805,0,-0.4638480155011482,3.1089465675957912,9.316542823996308
2016-06-10,-13.109836203456794,-6.68698767471492,0,-0.44648659685836656,3.0931983349619774,9.24550973831178
2016-06-13,-13.152759394566875,-3.6389899022555,0,-0.46511429958075107,3.1011251456094016,9.335008662100138
2016-06-14,-13.152759394566875,-5.08752203460099,0,-0.46511429958075107,3.1011251456094016,9.335008662100138
2016-06-15,-13.246507803910923,4.241693063192289,0,-0.5065960230790458,3.144619295911582,9.498512412978767
2016-06-16,-13.246507803910923,-1.7187989754452397,0,-0.5065960230790458,3.144619295911582,9.498512412978767
2016-06-17,-13.337363258607738,2.85735588986905,0,-0.6049734892635779,3.632157298795412,9.320824099955075
2016-06-20,-13.337363258607738,10.09566820683106,0,-0.6049734892635779,3.632157298795412,9.320824099955075
2016-06-21,-13.170197554193352,2.85096752289232,0,-0.46041074329028453,3.0245109699575057,9.432965858009126
2016-06-22,-12.936042392277084,0.22909520585690005,0,-0.3567905802075695,2.9368127793580268,8.993080781723155
2016-06-23,-12.975849199233119,5.576876147456019,0,-0.3885113255346215,3.0208209298377673,9.023085757899203
2016-06-24,-12.975849199233119,-21.64035888180534,1,-0.3885113255346215,3.0208209298377673,9.023085757899203
2016-06-27,-14.763244204127668,-8.72741977108662,0,-0.01944146177841903,3.3087475078464568,8.822472048849022
2016-06-28,-14.742965423590968,4.73516702927243,0,-0.019619527136861978,3.518209894444243,8.427130505817946
2016-06-29,-14.742965423590968,1.79822595225455,0,-0.019619527136861978,3.518209894444243,8.427130505817946
2016-06-30,-14.845868721495945,1.99639193997614,0,-0.03824199131243573,3.3303413974097564,8.96728670870177
2016-07-01,-14.8361867955852,4.03033180205886,0,-0.035912926129914466,3.328163116012,8.94907504120991
2016-07-04,-14.780526240903594,-1.9779193243647502,0,-0.025977708567401135,3.3014782832287572,8.88786129103923
2016-07-05,-14.84839645813484,-5.0071415075898,0,-0.03909796099765525,3.3314617280171754,8.972380541854543
2016-07-06,-14.84839645813484,-4.23357932778886,0,-0.03909796099765525,3.3314617280171754,8.972380541854543
2016-07-07,-14.982809068836366,1.22896553411683,0,-0.05996574523260518,3.394483035384403,9.107031767894034
2016-07-08,-14.982809068836366,8.08613878616675,0,-0.05996574523260518,3.394483035384403,9.107031767894034
2016-07-11,-15.30363702414984,7.82674802201125,0,-0.16059966599088776,4.064277856785447,8.866704444563693
2016-07-12,-15.30363702414984,6.00504224382437,0,-0.16059966599088776,4.064277856785447,8.866704444563693
2016-07-13,-14.858897336264691,-1.14913061567726,0,-0.032374135370690664,3.256754116339715,9.079634965271268
2016-07-14,-14.865120377119798,4.13868269741422,0,-0.033456189114398294,3.2597388588097815,9.08622086837839
2016-07-15,-14.939143531416288,0.80818292354077,0,-0.056392060877606745,3.362342021170937,9.100302367052027
2016-07-18,-14.939143531416288,-1.30947249643136,0,-0.056392060877606745,3.362342021170937,9.100302367052027
2016-07-19,-14.775309370351092,-3.4631644345141597,0,-0.023456847020471405,3.3059546119797867,8.861149475406332
2016-07-20,-14.745539089896688,4.35859912486202,0,-0.02043425425686675,3.51924456389722,8.432519735756959
2016-07-21,-14.705786985143448,0.8410714922142999,0,-0.004333266800577579,3.5112271701556077,8.314148963695946
2016-07-22,-14.827988556734008,-0.91704635246888,0,-0.03144181781259149,3.3582858811800333,8.863523501934498
2016-07-25,-14.817697777988739,2.07050508563384,0,-0.028828112096388428,3.3549994031171737,8.844952272950058
2016-07-26,-14.760767411508311,2.1505038492027904,0,-0.017937558882958376,3.3250924682057184,8.782485065784373
2016-07-27,-14.830499524577144,4.130311252545909,0,-0.0323937496231862,3.359681896683453,8.868692798595054
2016-07-28,-14.830499524577144,-3.35324090736039,0,-0.0323937496231862,3.359681896683453,8.868692798595054
2016-07-29,-14.967781580799482,3.8396249043939297,0,-0.05507461293946682,3.4291372241302884,9.00589661060177
2016-08-01,-14.967781580799482,0.06360957045463998,0,-0.05507461293946682,3.4291372241302884,9.00589661060177
2016-08-02,-15.361609479284368,-5.36136211902491,0,-0.16747093136270494,4.060648473092859,8.968676589638545
2016-08-03,-15.260122642860928,1.40386310974074,0,-0.15676651229211247,4.16259712706608,8.645459785802299
2016-08-04,-14.746007099170237,3.9892743131716397,0,-0.0009961720063137117,3.3576818410662588,8.615222817449135
2016-08-05,-14.746007099170237,6.1033593083837,0,-0.0009961720063137117,3.3576818410662588,8.615222817449135
2016-08-08,-14.807297800684044,0.97414200220729,0,-0.02619780237986162,3.4580984576785454,8.63631966779392
2016-08-09,-14.807297800684044,8.59720405574887,0,-0.02619780237986162,3.4580984576785454,8.63631966779392
2016-08-10,-14.62027599256651,-2.30727569078829,0,0.02330775024838406,3.343910392673611,8.37705220850357
2016-08-11,-14.529019694630904,3.03284264129966,0,0.06562945355816627,3.4152247226119465,7.897754861443744
2016-08-12,-14.490420545247572,-1.1592058273812897,0,0.10515284675489489,3.348916864877684,7.74243593944643
2016-08-15,-14.66855704239952,1.3093194934947099,0,0.01682264785204736,3.3897679515063723,8.377336635341504
2016-08-16,-14.656805341416632,-3.16917344804908,0,0.021173341134859018,3.3811249925242954,8.356483728798674
2016-08-17,-14.070790941663063,-4.00859519338125,0,0.06879279556759219,3.0897240323246242,8.053820986367189
2016-08-18,-14.154742675763691,2.41430794021385,0,0.05004892019438559,3.1436691386116786,8.138548039675442
2016-08-19,-14.154742675763691,-1.70932730324863,0,0.05004892019438559,3.1436691386116786,8.138548039675442
2016-08-22,-14.314219027949013,-1.9444220135819097,0,0.02339479067091274,3.2377918342937484,8.26863889232093
2016-08-23,-14.314219027949013,2.48273233600388,0,0.02339479067091274,3.2377918342937484,8.26863889232093
2016-08-24,-14.727066676067205,1.11318918691355,0,-0.11717457057056396,3.9231720901436393,8.272933400092189
2016-08-25,-14.572966179086258,-3.17324042543884,0,-0.09453594844644879,3.9725812876749895,7.905389748883827
2016-08-26,-14.05551684072839,3.14664562241357,0,0.11118096785514558,3.080769084136324,7.81242263257384
2016-08-29,-14.05551684072839,-1.3048371603959001,0,0.11118096785514558,3.080769084136324,7.81242263257384
2016-08-30,-14.10783041406491,3.46546148207396,0,0.07585561380652969,3.1947801137225835,7.845099820950289
2016-08-31,-14.10783041406491,-3.24553721648895,0,0.07585561380652969,3.1947801137225835,7.845099820950289
2016-09-01,-13.891592823784755,-2.67878988040974,0,0.1493215517508315,3.006223404553003,7.5747801467586555
2016-09-02,-13.83035857886302,3.7420213571062995,0,0.24599023256102434,2.982449316246846,6.948320334947905
2016-09-05,-13.77883687343244,-1.7044342829707397,0,0.1757642518075398,3.1973984707490093,6.887776388985449
2016-09-06,-14.084583714711393,0.83487148817105,0,0.040809598021905605,3.444813720519508,7.5482617642611585
2016-09-07,-14.069669990058676,2.18523315854518,0,0.04483369124986508,3.4340388706813534,7.529475136328591
2016-09-08,-14.002411919342617,-3.6334270925886205,0,0.091407046416563,3.2593034039832816,7.51940806638212
2016-09-09,-14.088731729975816,-3.25867184349512,0,0.06971643281848622,3.325293669510029,7.607427123171908
2016-09-12,-14.088731729975816,-4.288322314572331,0,0.06971643281848622,3.325293669510029,7.607427123171908
2016-09-13,-14.061781617629041,-2.09510845308826,0,0.09117671319213008,3.2462912811412634,7.606056551089181
2016-09-14,-14.061781617629041,0.14889266687521002,0,0.09117671319213008,3.2462912811412634,7.606056551089181
2016-09-15,-14.197221269995325,0.8890584209200602,0,-0.06444277731597031,3.844464494079962,7.569190956348873
2016-09-16,-13.979874855263446,-4.89626184802118,0,-0.022952546095156623,3.7958143350535303,7.186276709789823
2016-09-19,-13.786287584549907,2.50930864147876,0,0.4340100110001869,2.49498231254103,6.828014882803799
2016-09-20,-13.786287584549907,-0.30196122579371,0,0.4340100110001869,2.49498231254103,6.828014882803799
2016-09-21,-13.622146978714575,0.11946286901865998,0,0.29553542255211507,2.7367922840022265,6.989868046830425
2016-09-22,-13.622146978714575,5.825298122138591,0,0.29553542255211507,2.7367922840022265,6.989868046830425
2016-09-23,-13.526917992942796,-2.13721648018946,0,0.4421007630065414,2.4381912306111087,6.669881535639901
2016-09-26,-14.127700483512584,-7.44577895158217,0,0.7770191436700893,2.0511336002323177,5.845957057618627
2016-09-27,-13.161126668003007,-1.07610914903372,0,0.24285426598802823,2.8700950317065748,6.558702330678578
2016-09-28,-13.522846995420075,1.4606859740735099,0,0.11045168666717252,3.1374147756500292,7.169340162810133
2016-09-29,-13.505915011075794,-1.82601014472598,0,0.11420764812588188,3.1262232568104475,7.1525607974425895
2016-09-30,-13.432781774497101,3.6823570456911705,0,0.17650681329776685,2.9224362340994703,7.129818005884848
2016-10-04,-13.530084998310654,5.12247553201198,0,0.15853478197604398,2.985006005655768,7.202333376837357
2016-10-05,-13.530084998310654,1.04488988463384,0,0.15853478197604398,2.985006005655768,7.202333376837357
2016-10-06,-13.530084998310654,0.40955244715240996,0,0.15853478197604398,2.985006005655768,7.202333376837357
2016-10-07,-13.530084998310654,-2.2688960567607697,0,0.15853478197604398,2.985006005655768,7.202333376837357
2016-10-10,-14.095920499878973,3.33838817066507,0,-0.05010415413561703,3.825007360890202,7.41599011625803
2016-10-11,-13.865659142975074,-2.00860061838943,0,-0.0033034164113034743,3.752641088125805,7.028140979892681
2016-10-12,-13.568019855743643,-2.18576579512642,0,0.20166198292430298,2.9483032356555086,7.052808016893188
2016-10-13,-13.568019855743643,-2.75711512838659,0,0.20166198292430298,2.9483032356555086,7.052808016893188
2016-10-14,-13.62684001790397,4.3136020288593,0,0.11656233272261439,3.04161681897304,7.431646828645409
2016-10-17,-13.62684001790397,-2.69962130934542,0,0.11656233272261439,3.04161681897304,7.431646828645409
2016-10-18,-13.43289634508135,3.35167166257051,0,0.12472149122149737,3.022535626906116,7.228798631203176
2016-10-19,-13.25136382363406,0.6853577184169399,0,0.2292286022845998,2.919692468758061,6.623869621257767
2016-10-20,-13.182467214724028,2.28187242014817,0,0.24302954698091883,2.896413139771198,6.5183541648795575
2016-10-21,-13.544288830586192,-0.50994018722479,0,0.1047242177461613,3.1802559072467105,7.13874142561372
2016-10-24,-13.527452079683048,2.52275398089811,0,0.10855415686327498,3.1688221116199546,7.1218303374267595
2016-10-25,-13.458770459075343,0.30934526824113,0,0.16174355165923843,2.985472074366516,7.110540480413542
2016-10-26,-13.512271506670917,-1.14767328555365,0,0.16496256959828037,2.9468697382169475,7.226747180968382
2016-10-27,-13.512271506670917,-1.7036711028716498,0,0.16496256959828037,2.9468697382169475,7.226747180968382
2016-10-28,-13.512271506670917,-0.37243289154129,0,0.16496256959828037,2.9468697382169475,7.226747180968382
2016-10-31,-13.512271506670917,-1.5746233976131698,0,0.16496256959828037,2.9468697382169475,7.226747180968382
2016-11-01,-13.726537359029145,-2.19105591221813,0,0.08812584326810786,3.1229446496818962,7.533865837549016
2016-11-02,-13.574934506403533,-6.394123698024081,0,0.20191521953856312,2.959070564887199,7.034322702733138
2016-11-03,-13.559144485752284,-0.79002321005524,0,0.16075984092524764,2.9747162518570223,7.239747295986133
2016-11-04,-13.559144485752284,-0.6838085151148201,0,0.16075984092524764,2.9747162518570223,7.239747295986133
2016-11-07,-13.622487246679086,5.37461773779731,0,0.10038205249619439,3.010091218901004,7.584435152621312
2016-11-08,-13.622487246679086,-0.18702087476051998,0,0.10038205249619439,3.010091218901004,7.584435152621312
2016-11-09,-13.442944892109104,6.11385141118891,0,0.10486588079990876,3.008284656851435,7.382965844011706
2016-11-10,-13.266580251205884,4.4983408918709795,0,0.17998809904370677,2.9818255913442027,6.813925515204383
2016-11-11,-13.203542025047255,3.55067336515926,0,0.19344503135256924,2.963819837989165,6.705963998636015
2016-11-14,-13.567323676934773,1.9024335762905298,0,0.08304727306952281,3.1791385439225546,7.293168386454955
2016-11-15,-13.550623173253783,1.1566213290727,0,0.08633504033231243,3.1691609976494126,7.276854439131604
2016-11-16,-13.465398100362567,-5.80689112129711,0,0.13298472286142815,2.9909033981349795,7.277866457788853
2016-11-17,-13.507760353436968,0.13765875688484,0,0.13923202205178375,2.9386794568620926,7.392018008944329
2016-11-18,-13.507760353436968,-0.31449422192948007,0,0.13923202205178375,2.9386794568620926,7.392018008944329
2016-11-21,-13.507760353436968,1.8737916823044498,0,0.13923202205178375,2.9386794568620926,7.392018008944329
2016-11-22,-13.507760353436968,-0.18405144930050008,0,0.13923202205178375,2.9386794568620926,7.392018008944329
2016-11-23,-13.72342671253223,-2.89402940007316,0,0.07556482312709817,3.0831594111910787,7.681149075525089
2016-11-24,-13.566711573752837,0.6045218567786299,0,0.15959470868941525,2.9893538952005168,7.2233052725003635
2016-11-25,-13.79492369664095,0.4882818146630601,0,0.027646524072088584,3.5336554340408,7.171025137399317
2016-11-28,-13.79492369664095,-3.03703717683298,0,0.027646524072088584,3.5336554340408,7.171025137399317
2016-11-29,-13.093820330017074,-0.10718966991777011,0,0.06522111030744487,3.222185377379032,6.839756203487971
2016-11-30,-13.093820330017074,-0.71054642645987,0,0.06522111030744487,3.222185377379032,6.839756203487971
2016-12-01,-12.853096910932596,-2.67579244715707,0,0.08609264481783557,3.1427998385565292,6.632927609001785
2016-12-02,-12.503409145636894,-0.45276145150885,0,0.17780866969637682,2.967718024303961,6.094754443483099
2016-12-05,-12.412428703286967,7.301781245728001,0,0.1964601087653475,2.9210002503206587,5.990008286758975
2016-12-06,-12.905426615788596,1.4565462997577598,0,0.09470054508405777,3.2053288201665886,6.5100204712063405
2016-12-07,-12.886557057795105,8.22801387607912,0,0.09729396759130529,3.1950237256604517,6.496144356249085
2016-12-08,-12.84580886248479,8.33950397633031,0,0.10600940180392257,3.1222661313942437,6.549435349721657
2016-12-09,-12.63637777464903,1.51780774276708,0,0.22794427055483496,2.5444257334094753,6.867956700685891
2016-12-12,-12.63637777464903,0.58446095742821,0,0.22794427055483496,2.5444257334094753,6.867956700685891
2016-12-13,-12.63637777464903,2.39682509356017,0,0.22794427055483496,2.5444257334094753,6.867956700685891
2016-12-14,-12.63637777464903,-0.004011031925549974,0,0.22794427055483496,2.5444257334094753,6.867956700685891
2016-12-15,-12.904321637088547,2.5786095135663,0,0.16322408381445902,2.7150792488149014,7.122845549843875
2016-12-16,-12.704750333381028,-0.33005284583974004,0,0.28262422807486487,2.5267743172823414,6.659496767188013
2016-12-19,-12.948972305175836,0.5715147730847301,0,0.10197962131113705,3.142752763522564,6.635315973058104
2016-12-20,-12.948972305175836,-0.09957233188782992,0,0.10197962131113705,3.142752763522564,6.635315973058104
2016-12-21,-12.948972305175836,-0.06860244952096001,0,0.10197962131113705,3.142752763522564,6.635315973058104
2016-12-22,-12.948972305175836,0.04825036364656003,0,0.10197962131113705,3.142752763522564,6.635315973058104
2016-12-23,-12.744420210793542,0.23594817172215002,0,0.1368116851678926,3.1941234008171246,6.1123699894851224
2016-12-27,-11.360064791815255,0.40974802847831004,0,0.2382642575250405,2.608387780675138,5.386621735477579
2016-12-28,-11.249416213338593,0.35233350991569995,0,0.2579844928940292,2.550258813427476,5.294821034936165
2016-12-29,-11.831752769053903,-1.36463558643656,0,0.14870714650216693,2.8929061423954856,5.756613891851165
2016-12-30,-11.810772026449705,1.2218658527464399,0,0.15081074151892185,2.8824149933433114,5.745486938435821
2017-01-02,-11.788976516746628,3.4297646482452397,0,0.14905792232395532,2.845409748540093,5.811578266683073
2017-01-03,-11.793930880362513,-0.007141895568820063,0,0.14610962614929124,2.642886921625383,6.2575826934822185
2017-01-04,-11.793930880362513,0.13265291447621996,0,0.14610962614929124,2.642886921625383,6.2575826934822185
2017-01-05,-11.886049176916767,0.11311314922531007,0,0.11116644063976189,2.780075829437048,6.252378933872565
2017-01-06,-11.886049176916767,0.8103553859813499,0,0.11116644063976189,2.780075829437048,6.252378933872565
2017-01-09,-12.183357715734557,-1.3538333284031998,0,0.08072464023085812,2.9138356285301725,6.445283765937992
2017-01-10,-12.197437862230231,0.70396313051363,0,0.029845438560558227,3.2615100812526014,6.071275852271391
2017-01-11,-12.20956127179982,0.016979056307919998,0,0.037474246114413655,3.3730351132212633,5.829143111718203
2017-01-12,-12.20956127179982,-5.080430531578779,0,0.037474246114413655,3.3730351132212633,5.829143111718203
2017-01-13,-11.826477740404234,2.33708077692395,0,0.14538527631894121,2.724530354600331,6.123045841675204
2017-01-16,-11.826477740404234,-2.18294878626858,0,0.14538527631894121,2.724530354600331,6.123045841675204
2017-01-17,-11.568652843011971,-0.58532139289437,0,0.18537487051574353,2.7322257479970524,5.625331126827252
2017-01-18,-10.998719102751597,2.65666286232418,0,0.3249982310088104,2.3667049166473237,5.0918620446780345
2017-01-19,-10.875308722195903,-1.12782817808704,0,0.3406056679385987,2.3121091244189977,5.0134073725216926
2017-01-20,-11.50638636876287,1.83181315556958,0,0.23467136580819714,2.663897235885891,5.427250916855204
2017-01-23,-11.50638636876287,-3.35267711742815,0,0.23467136580819714,2.663897235885891,5.427250916855204
2017-01-24,-11.480248517611464,2.4800519366488,0,0.22600732387827766,2.641482994065643,5.503109912140989
2017-01-25,-11.500808091147682,6.72261523871496,0,0.2108940564188161,2.4865882725801356,5.956419364531213
2017-01-26,-11.500808091147682,1.33095000605334,0,0.2108940564188161,2.4865882725801356,5.956419364531213
2017-01-27,-11.592845550331635,-1.7097292546262597,0,0.16358299381480776,2.642565917393217,5.96384145605779
2017-01-30,-11.592845550331635,-3.5946943961802797,0,0.16358299381480776,2.642565917393217,5.96384145605779
2017-01-31,-11.839016665092906,-6.194128366080711,0,0.13894976037553924,2.754827327788253,6.1074336128173945
2017-02-01,-12.19574092027067,6.356145607257679,0,-0.004495504446806734,3.4940603099798384,5.836294060876003
2017-02-02,-12.189465173056256,-0.07849619128370003,0,1.66250206067904e-05,3.608142957021881,5.59526543404061
2017-02-03,-12.189465173056256,-0.55629028744646,0,1.66250206067904e-05,3.608142957021881,5.59526543404061
2017-02-06,-11.930779656345097,-3.3671647361866897,0,0.06428470173062258,3.2457716685258475,5.636430481688791
2017-02-07,-11.930779656345097,2.1091592450649896,0,0.06428470173062258,3.2457716685258475,5.636430481688791
2017-02-08,-11.509863944191181,1.4290193331481298,0,0.12064230260944891,3.109574654259248,5.151740994713096
2017-02-09,-10.863761830920076,4.57494028136593,0,0.19319528061641267,2.805402972977884,4.714966772119299
2017-02-10,-10.731669217749923,0.33811732910081,0,0.20308475252013639,2.7511291116846106,4.643780354328179
2017-02-13,-11.398926653691316,3.63839189796785,0,0.15293063600740595,3.0413549906108948,4.986211174288125
2017-02-14,-11.398926653691316,-0.9809463805262199,0,0.15293063600740595,3.0413549906108948,4.986211174288125
2017-02-15,-11.411410322307812,0.6658573774474801,0,0.14147906639989152,3.046302679898238,5.058103400978611
2017-02-16,-11.558705378270805,-1.26709753066933,0,0.0867325064851091,3.0685869524546243,5.481771271464375
2017-02-17,-11.558705378270805,-0.8418190141999401,0,0.0867325064851091,3.0685869524546243,5.481771271464375
2017-02-20,-11.1578781651124,1.4456841544938899,0,0.1914452573079805,2.4672640157647425,5.759350963512906
2017-02-21,-11.1578781651124,6.11496312407039,0,0.1914452573079805,2.4672640157647425,5.759350963512906
2017-02-22,-11.421049866660685,-1.60446894506381,0,0.1740934858815385,2.5740004713694375,5.882454861561974
2017-02-23,-11.740443003929414,-4.12941052012171,0,0.024988107132783936,3.327209851066055,5.5187838057721645
2017-02-24,-11.719568676599064,-3.934577765838659,0,0.03321566006244064,3.4199542052156247,5.275793802947465
2017-02-27,-11.719568676599064,0.73684487761889,0,0.03321566006244064,3.4199542052156247,5.275793802947465
2017-02-28,-11.429726725146358,-0.16840065939330998,0,0.10697652272246164,3.030044497631655,5.31375013002253
2017-03-01,-11.429726725146358,6.981350081193121,0,0.10697652272246164,3.030044497631655,5.31375013002253
2017-03-02,-10.96432257970873,0.43643727681506006,0,0.16400031226357548,2.8668344171535614,4.855152618895616
2017-03-03,-10.205425222339827,-0.06400545869683001,0,0.21387292336322966,2.5626453835820286,4.4748693685156145
2017-03-06,-10.06552729894298,-1.13838191599893,0,0.21936117522514073,2.5132035133549224,4.4154129469072005
2017-03-07,-10.77665028250794,0.46004067881527,0,0.19218533677159888,2.777644429081578,4.694640079433142
2017-03-08,-10.77665028250794,-0.69056488593348,0,0.19218533677159888,2.777644429081578,4.694640079433142
2017-03-09,-10.718806981886447,-2.94529879559438,0,0.20115636333063486,2.7432523448052626,4.659691719927405
2017-03-10,-10.918230341300793,-1.02248083745029,0,0.13475993678774037,2.820115180947189,5.074164710948279
2017-03-13,-10.918230341300793,0.7634614671939,0,0.13475993678774037,2.820115180947189,5.074164710948279
2017-03-14,-10.50411398998088,-0.42323863939738,0,0.25178496619114815,2.2219530571994945,5.347646740147056
2017-03-15,-10.50411398998088,-0.77694998417571,0,0.25178496619114815,2.2219530571994945,5.347646740147056
2017-03-16,-10.79458862457124,2.29032983416112,0,0.24470985687719615,2.322696915006708,5.441670630351547
2017-03-17,-11.140793102661316,-1.49010949727571,0,0.05854278015100817,3.1205433113271694,5.1215513753801485
2017-03-20,-11.096877819727638,-0.7135590469637201,0,0.07084269641805618,3.186109109745157,4.880325484044677
2017-03-21,-11.096877819727638,-1.53361579854272,0,0.07084269641805618,3.186109109745157,4.880325484044677
2017-03-22,-10.766282387541441,-1.54083232585847,0,0.1548755237914639,2.7680262777546334,4.919014004537896
2017-03-23,-10.766282387541441,3.9092669180103603,0,0.1548755237914639,2.7680262777546334,4.919014004537896
2017-03-24,-10.238646350676472,0.9675743416556001,0,0.20829040554735045,2.5793134194748775,4.502042667722586
2017-03-27,-9.540894492977806,-1.9495571347021,0,0.2409788322955394,2.323481127420758,4.205735384608197
2017-03-28,-9.394568624408755,3.4488386981738404,0,0.24243716080902375,2.277708468588256,4.157025998265384
2017-03-29,-10.143767773658455,0.90790315900907,0,0.23737983279834207,2.5198180889906654,4.378155529915682
2017-03-30,-10.143767773658455,2.3484160313010802,0,0.23737983279834207,2.5198180889906654,4.378155529915682
2017-03-31,-10.034465957152293,1.5892831358043698,0,0.2644209869547458,2.458782971891538,4.25689939522221
2017-04-03,-10.321658053440359,-1.60788953648388,0,0.17819288691521512,2.593220933044215,4.719640237659158
2017-04-04,-10.307413429239695,-0.4714135987681901,0,0.19703337284063155,2.5978250242162986,4.592388395354726
2017-04-05,-10.006538028420476,-1.0304129752766198,0,0.32166698289668094,2.074873835818952,4.845315413175791
2017-04-06,-10.006538028420476,-0.32338140146570005,0,0.32166698289668094,2.074873835818952,4.845315413175791
2017-04-07,-10.317639850432844,-0.30982668503967,0,0.3233863589293553,2.167742186606625,4.916100952485261
2017-04-10,-10.557519848001313,-1.4763295906606602,0,0.09930082493673204,2.943545077348345,4.658963082598139
2017-04-11,-10.478450599339073,-0.45059410568978997,0,0.11620328195137078,2.973251007134113,4.424562475005523
2017-04-12,-10.478450599339073,0.61904485927814,0,0.11620328195137078,2.973251007134113,4.424562475005523
2017-04-13,-10.125779160656966,-0.9827457407036801,0,0.21738925365523667,2.5285216853989096,4.452138963255855
2017-04-18,-10.125779160656966,-3.97457397023421,0,0.21738925365523667,2.5285216853989096,4.452138963255855
2017-04-19,-9.565306240004062,1.77751095915673,0,0.2403011348442062,2.3329062320837597,4.212063753759085
2017-04-20,-9.477096336784333,1.2208513706796,0,0.25413506987861645,2.292849541142651,4.1437819608145485
2017-04-21,-9.328677802540607,1.25204162249287,0,0.25511649452203866,2.247124152474043,4.096671342885408
2017-04-24,-9.207400747903904,11.90973396638279,0,0.24384262808872142,2.221832716489974,4.091292527680187
2017-04-25,-9.207400747903904,0.12020034703444998,0,0.24384262808872142,2.221832716489974,4.091292527680187
2017-04-26,-9.075313935245843,1.01547503943857,0,0.2645670339324172,2.1643359291801922,3.9888960252891934
2017-04-27,-9.441708353678122,2.2133326396396904,0,0.19014220027050338,2.306841562800215,4.400550140508331
2017-04-28,-9.4072927070413,0.44140547672893005,0,0.21030982448109686,2.301288566420479,4.278983745310053
2017-05-02,-9.066261993112063,0.94593304280084,0,0.3472311152684949,1.7754883974981075,4.534668335056465
2017-05-03,-9.066261993112063,0.4042176829236099,0,0.3472311152684949,1.7754883974981075,4.534668335056465
2017-05-04,-9.382993988315253,0.7811999712559999,0,0.36348968869286724,1.8514140109929826,4.5792217822159955
2017-05-05,-9.731825723984317,3.5301516963475694,0,0.11133488575028423,2.6677017379384793,4.3250150364741025
2017-05-08,-9.62771355569609,-0.16820760507268007,0,0.12715780979411842,2.685078614551733,4.103529821698908
2017-05-09,-9.62771355569609,0.9040889940470399,0,0.12715780979411842,2.685078614551733,4.103529821698908
2017-05-10,-9.207642933703688,0.7395869922574501,0,0.22416976601468142,2.2347816400968474,4.159850223746309
2017-05-11,-9.207642933703688,-1.30472311368865,0,0.22416976601468142,2.2347816400968474,4.159850223746309
2017-05-12,-8.622402960001414,1.57646870122953,0,0.2752469744920652,2.0702659683861753,3.7054179856600253
2017-05-15,-8.519544872629808,-0.43688902928046003,0,0.2875263023718113,2.026099657359854,3.648496746262089
2017-05-16,-8.36644960666181,1.29614421200277,0,0.28432346768322614,1.983382443037856,3.61324135863633
2017-05-17,-8.36644960666181,-3.06268781522941,0,0.28432346768322614,1.983382443037856,3.61324135863633
2017-05-18,-8.36644960666181,-1.4517915906857901,0,0.28432346768322614,1.983382443037856,3.61324135863633
2017-05-19,-8.211203711247796,1.1706097985869302,0,0.30301249049054413,1.9185106796039204,3.527153006833442
2017-05-22,-8.678951511540967,-1.8815451827521799,0,0.22370939947972007,2.119953771476773,3.892676107155086
2017-05-23,-8.609446355723453,1.9024987046926103,0,0.24995518225427674,2.085790485030704,3.7776722396254003
2017-05-24,-8.51322815131985,-0.84188591302775,0,0.2755686693784968,1.8577808657497972,4.099500286239705
2017-05-25,-8.51322815131985,-2.17860255089922,0,0.2755686693784968,1.8577808657497972,4.099500286239705
2017-05-26,-8.579168508641352,-1.06048729354066,0,0.43970956968053165,1.569397477892509,4.176392234816522
2017-05-29,-8.941430177093741,0.73146938084098,0,0.12638269920150064,2.421016312352272,3.9641813217663424
2017-05-30,-8.808158172273696,-0.7087926717897,0,0.14065750395377644,2.422850428661234,3.7590653205340816
2017-05-31,-8.808158172273696,0.74281675173436,0,0.14065750395377644,2.422850428661234,3.7590653205340816
2017-06-01,-8.335442306172187,2.58176913501927,0,0.23894257438681282,1.9647599963285565,3.832972904435872
2017-06-02,-8.335442306172187,5.36923839477211,0,0.23894257438681282,1.9647599963285565,3.832972904435872
2017-06-05,-8.00385710611372,0.0,0,0.31204426476379854,1.8501010789976053,3.4458912585453323
2017-06-06,-7.889294005730043,-5.090254740996031,0,0.3197856884538701,1.8082465933050693,3.399778864116331
2017-06-07,-8.129962891088397,-1.7151126404215098,0,0.2840427833984811,1.9104320427820247,3.5528567573283043
2017-06-08,-8.129962891088397,1.0888177723808699,0,0.2840427833984811,1.9104320427820247,3.5528567573283043
2017-06-09,-8.129962891088397,1.7589349173989601,0,0.2840427833984811,1.9104320427820247,3.5528567573283043
2017-06-12,-7.970560972216786,-2.4145587508406603,0,0.30003875673861624,1.847948712443056,3.4721480966831586
2017-06-13,-8.456101578057561,1.80024374309792,0,0.2279740088281301,2.044972313690436,3.8198475156564884
2017-06-14,-8.380828442167818,0.16131741617364995,0,0.25346086805925416,2.010055034273014,3.7084134457518925
2017-06-15,-8.279281664028332,-1.53217750461151,0,0.2795835717864393,1.7818848027165215,4.028995799378225
2017-06-16,-8.279281664028332,-0.009020651146710024,0,0.2795835717864393,1.7818848027165215,4.028995799378225
2017-06-19,-6.894930740186261,2.7246887612596997,0,-0.2715902924782701,1.8126807493984334,4.28360235604721
2017-06-20,-6.416398196678854,-2.71448337757164,0,-0.5318535346265492,1.9549404652095874,4.131309828992829
2017-06-21,-6.345405072149536,-0.62067414517298,0,-0.5146461204090569,2.0244693434395087,3.947470620398657
2017-06-22,-6.345405072149536,1.85341039415312,0,-0.5146461204090569,2.0244693434395087,3.947470620398657
2017-06-23,-6.234352738217542,-1.5305787631073902,0,-0.3836434836504423,1.6239906027953577,4.100984398528763
2017-06-26,-6.234352738217542,0.99082643518121,0,-0.3836434836504423,1.6239906027953577,4.100984398528763
2017-06-27,-6.037637503879173,-2.52547725904809,0,-0.30598018924875836,1.6453728599862592,3.734330687819509
2017-06-28,-5.9677471918772955,0.21581473645938004,0,-0.2650516439566606,1.596239812399684,3.6555656147525477
2017-06-29,-5.962610422432651,-6.33105307339573,1,-0.2613064556711547,1.5962064214894855,3.643184847198727
2017-06-30,-6.109741918058621,-6.1596904642976105,1,-0.3106189996301145,1.6993896816386194,3.7399430132154166
2017-07-03,-6.109741918058621,4.505757743226379,0,-0.3106189996301145,1.6993896816386194,3.7399430132154166
2017-07-04,-6.007707057165639,-2.22113637287587,0,-0.23005167647788005,1.6128703082879148,3.6012992734707296
2017-07-05,-6.302176144647516,-1.32508262321782,0,-0.42764626155580476,1.775160024795933,4.051072983150224
2017-07-06,-6.27215788830923,-2.91676486458197,0,-0.41590061113913324,1.8037046592315669,3.963329822035124
2017-07-07,-6.308991546447701,-0.41829726709291004,0,-0.3839646494046146,1.5955430711293281,4.213537260649389
2017-07-10,-6.308991546447701,0.86828388578512,0,-0.3839646494046146,1.5955430711293281,4.213537260649389
2017-07-11,-6.360818730466166,0.9572224377902203,0,-0.44734407334235554,1.7325793450371858,4.1977779838431175
2017-07-12,-6.453037537347295,5.51890905574714,0,-0.5595310738838786,2.064530555222655,4.090367676508475
2017-07-13,-6.46977369048127,-1.43468808222909,0,-0.5753870332895814,2.111402765196642,4.08235286641181
2017-07-14,-6.46977369048127,-0.9924321458773301,0,-0.5753870332895814,2.111402765196642,4.08235286641181
2017-07-17,-6.370119883391662,-1.99548002829475,0,-0.4485462586709276,1.7204016218170815,4.224322541617772
2017-07-18,-6.370119883391662,-3.0428466663300497,0,-0.4485462586709276,1.7204016218170815,4.224322541617772
2017-07-19,-6.190720548726507,-0.06567580513109003,0,-0.36972942232118744,1.7603401681685333,3.8520334240389666
2017-07-20,-6.190720548726507,2.19273047081437,0,-0.36972942232118744,1.7603401681685333,3.8520334240389666
2017-07-21,-6.229376022721567,-5.42840076208578,0,-0.39548986555946564,1.7740656144298914,3.921013754277978
2017-07-24,-6.229376022721567,-2.19612585859255,0,-0.39548986555946564,1.7740656144298914,3.921013754277978
2017-07-25,-6.229376022721567,1.65854854865559,0,-0.39548986555946564,1.7740656144298914,3.921013754277978
2017-07-26,-5.9781676665792745,-0.22674044923920003,0,-0.21503150702408086,1.5894534869692396,3.576154335853495
2017-07-27,-6.276848094496026,-5.05860445076788,0,-0.41239377620157947,1.756293777434721,4.022395475510022
2017-07-28,-6.245187269496759,-1.5686076644292497,0,-0.3986694187842984,1.7816883200668472,3.932826959724953
2017-07-31,-6.2831525156037955,-1.55967006095909,0,-0.36652832236838506,1.5757751177208803,4.184218729046723
2017-08-01,-6.2831525156037955,3.30376904390081,0,-0.36652832236838506,1.5757751177208803,4.184218729046723
2017-08-02,-6.33747682519904,-1.59882158580054,0,-0.43370183358323233,1.7171709863465585,4.170370013281675
2017-08-03,-6.4323639074761925,-2.40245721282157,0,-0.5487434245228424,2.053176082207459,4.063290766760092
2017-08-04,-6.349333247957943,2.3068166111250403,0,-0.5243789974670903,2.1285476679247366,3.846976621782633
2017-08-07,-6.543693866959842,-0.88757003987304,0,-0.6160535460900218,2.1650758838691058,4.169235473745045
2017-08-08,-6.376205598185892,0.41230705789915,0,-0.45208347319372977,1.7246599627751553,4.2310983959011
2017-08-09,-6.376205598185892,-3.1350715579929895,0,-0.45208347319372977,1.7246599627751553,4.2310983959011
2017-08-10,-6.197969220255246,-2.90147173363719,0,-0.37413607431499285,1.7665144097160632,3.8594521818253247
2017-08-11,-6.197969220255246,1.4242711761910003,0,-0.37413607431499285,1.7665144097160632,3.8594521818253247
2017-08-14,-6.236427741272526,2.4929048314467304,0,-0.3995718119964093,1.7798106436799574,3.9281789696858116
2017-08-15,-6.236427741272526,-0.38587591425706996,0,-0.3995718119964093,1.7798106436799574,3.9281789696858116
2017-08-16,-6.236427741272526,3.2193325716058796,0,-0.3995718119964093,1.7798106436799574,3.9281789696858116
2017-08-17,-6.113807349251946,-1.21691538051386,0,-0.3121931427495289,1.7061649905340979,3.7376577374585738
2017-08-18,-6.379480096880817,-0.65876676504419,0,-0.4725165745165214,1.8088277846908283,4.165557952791134
2017-08-21,-6.355798150267407,-2.29897562624251,0,-0.4679945695192592,1.8495206549598935,4.0840251734592385
2017-08-22,-6.385122929688482,4.49174175691313,0,-0.43251543082969723,1.6274859215091158,4.329263736128928
2017-08-23,-6.385122929688482,-1.83510972433806,0,-0.43251543082969723,1.6274859215091158,4.329263736128928
2017-08-24,-6.429878795272231,0.08460052640057004,0,-0.4846543767604966,1.751498194045415,4.3063834352041335
2017-08-25,-6.514347532688643,-0.14788162035506008,0,-0.5884994364302178,2.0715684610191527,4.195036613660971
2017-08-28,-6.4451615254719385,-0.10174330844208998,0,-0.5739179831648511,2.1707789056594997,3.9878723920086534
2017-08-29,-6.592439239912379,-4.7995658202451,0,-0.6389360156745478,2.1604110097323743,4.263030714982644
2017-08-30,-6.435907551068944,0.5209019786216901,0,-0.48401212508793573,1.7365684100048313,4.329456955475813
2017-08-31,-6.435907551068944,0.40263720883332993,0,-0.48401212508793573,1.7365684100048313,4.329456955475813
2017-09-01,-6.296674841194529,2.9229925345239702,0,-0.43710403448124546,1.8168693581330175,4.00993103480323
2017-09-04,-6.274737882402454,0.05954891562862004,0,-0.42380044801517547,1.8021621037805682,3.9823821540744717
2017-09-05,-6.274737882402454,2.33053683608467,0,-0.42380044801517547,1.8021621037805682,3.9823821540744717
2017-09-06,-6.274737882402454,3.1134726205621304,0,-0.42380044801517547,1.8021621037805682,3.9823821540744717
2017-09-07,-6.274737882402454,1.8545436240863598,0,-0.42380044801517547,1.8021621037805682,3.9823821540744717
2017-09-08,-6.158877530879668,-1.37701055107219,0,-0.34729732210483477,1.743812158101794,3.7994199877030157
2017-09-11,-6.3724936584810745,4.28320288438426,0,-0.4684902240856061,1.8053402720644023,4.155850265124407
2017-09-12,-6.348325382035141,2.32431060101752,0,-0.4634506975706293,1.8450658788262788,4.0739188616089645
2017-09-13,-6.37820292233361,1.94656317066574,0,-0.428198274645661,1.6240699164067505,4.319603669788211
2017-09-14,-6.37820292233361,0.79569492000381,0,-0.428198274645661,1.6240699164067505,4.319603669788211
2017-09-15,-6.423557470735828,-1.58260530849023,0,-0.4812127284916838,1.7491371104562172,4.297216314685423
2017-09-18,-6.508758127206118,0.45043950472741,0,-0.5857331030940965,2.0702953956494268,4.186036525008605
2017-09-19,-6.120532367669576,-1.16822234880351,0,-1.071908688881932,2.0798568806640043,4.453793423405797
2017-09-20,-6.19352304988867,-0.38418157048598,0,-1.1404354845156977,1.838933658900496,4.78163997240463
2017-09-21,-6.128695354651349,2.5866837819309296,0,-1.023191614442604,1.7620201989390387,4.672041368509564
2017-09-22,-6.128695354651349,-1.1000960345380202,0,-1.023191614442604,1.7620201989390387,4.672041368509564
2017-09-25,-6.125688946910953,1.34244724497787,0,-1.0612296361922384,1.981278279521601,4.52715898845325
2017-09-26,-6.0830993622786735,0.48972179752116995,0,-1.0479100836303132,2.2123001041795964,4.282969183205935
2017-09-27,-6.0830993622786735,0.7530177489345099,0,-1.0479100836303132,2.2123001041795964,4.282969183205935
2017-09-28,-6.0830993622786735,0.41445263121264003,0,-1.0479100836303132,2.2123001041795964,4.282969183205935
2017-09-29,-6.0830993622786735,4.7293356753139,0,-1.0479100836303132,2.2123001041795964,4.282969183205935
2017-10-02,-5.674206268870867,0.96929332588469,0,-0.4353528116120691,1.6127725997495093,3.6415191236417686
2017-10-03,-6.096689451292303,0.0,0,-1.0664366941764465,2.227184838559145,4.305687646712959
2017-10-04,-6.137098481457933,5.58796357720599,0,-1.1456259910693798,2.3894684586871158,4.308391986877517
2017-10-05,-6.122864932152873,-1.8843120072870998,0,-1.056472935023321,1.9758962487414333,4.523847438937693
2017-10-06,-6.172788797871263,0.97949681006134,0,-1.1435400615445221,2.04610724005697,4.604849050930917
2017-10-09,-6.110934767718271,0.34071096191785,0,-1.1049657855822046,2.3574138548830765,4.260651435223691
2017-10-10,-6.084610282230681,-1.0961661131163198,0,-1.039895937738406,2.1529511993777835,4.323771154807035
2017-10-11,-6.023592478344366,0.010622573915150004,0,-1.0451084469260654,2.6150991257680474,3.8918961699051273
2017-10-12,-6.121657405848132,-1.0716325791913501,0,-1.1061603830822193,2.2755677034538486,4.336946693444349
2017-10-13,-6.100440841820171,0.8551238882262899,0,-1.0578101472142203,2.147185907183867,4.364283170554614
2017-10-16,-6.100440841820171,0.2904162646480101,0,-1.0578101472142203,2.147185907183867,4.364283170554614
2017-10-17,-6.091345595372044,-0.8901376074115999,0,-1.0574930058091536,2.211737471890218,4.302632350336273
2017-10-18,-6.04623009867956,0.9068257250281299,0,-1.0286497894990283,2.3450534425066976,4.1143843091220695
2017-10-19,-6.04623009867956,-1.7894686929634702,0,-1.0286497894990283,2.3450534425066976,4.1143843091220695
2017-10-20,-6.04623009867956,-3.1977883027053804,0,-1.0286497894990283,2.3450534425066976,4.1143843091220695
2017-10-23,-5.887696930931035,-0.4154485570002,0,-0.7511371624728511,1.8647618798308192,4.034222470725055
2017-10-24,-5.684753405578245,-0.8542450859568699,0,-0.4436929361553786,1.5985385001978476,3.683283177643088
2017-10-25,-5.628523974686299,-3.369899042655,0,-0.521298808931066,1.5884635617750211,3.75666259219529
2017-10-26,-5.590530160209234,1.55208808402395,0,-0.4803967887271454,1.5820568791136678,3.666073353758014
2017-10-27,-5.725387036775402,2.5957261300927104,0,-0.6379241325123539,1.6863889340080866,3.9057187966209086
2017-10-30,-5.725387036775402,1.96663417748171,0,-0.6379241325123539,1.6863889340080866,3.9057187966209086
2017-10-31,-5.760530472255091,0.0,0,-0.7031095395466871,1.8067469112218297,3.901791731646738
2017-11-01,-5.850199269781968,6.56215178562569,0,-0.863610063636636,2.1632059996041075,3.8621710643973204
2017-11-02,-5.860813331496178,0.11830869945077,0,-0.8850017630532148,2.2234397313654437,3.846946334545038
2017-11-03,-6.0259655697790535,0.8132659394715102,0,-1.0698060121760746,2.305865061693817,4.175648228545873
2017-11-06,-5.851669510614446,0.93382060725808,0,-0.7775017221816118,1.7674631956671698,4.1273771088724125
2017-11-07,-5.851669510614446,-5.78279095972091,0,-0.7775017221816118,1.7674631956671698,4.1273771088724125
2017-11-08,-5.865001017877216,-0.20939318319914998,0,-0.8232794514877695,1.90724258335786,4.062904084368093
2017-11-09,-5.763557076822472,-7.13938508378356,1,-0.7253430533656322,1.8834557753619632,3.8566909418115607
2017-11-10,-5.957721885935646,-2.98265027033787,0,-0.39919810582189713,1.7834307728554548,3.644083444203879
2017-11-13,-5.945015790543158,-1.12968752800202,0,-0.3799115742578403,1.7368584015163893,3.6564841863597533
2017-11-14,-5.945015790543158,-1.03417692655205,0,-0.3799115742578403,1.7368584015163893,3.6564841863597533
2017-11-15,-5.8005398428937225,-2.60270074280242,0,-0.2645764389316267,1.6210674235909046,3.4514571287157185
2017-11-16,-5.83956474865997,0.8561034532573699,0,-0.3009781184963328,1.6491095761147168,3.521425683049472
2017-11-17,-5.779244540830027,-1.5750005166339902,0,-0.24173077182973773,1.6106839473238703,3.3997908790396285
2017-11-20,-5.91605155714517,1.26801765197234,0,-0.3516148468555468,1.7109083184366582,3.609267476102649
2017-11-21,-5.91605155714517,2.4718872840219603,0,-0.3516148468555468,1.7109083184366582,3.609267476102649
2017-11-22,-5.948523171142602,-2.2504112272762797,0,-0.40152384592185936,1.8215646693070568,3.5898247170820334
2017-11-23,-6.013169430484057,0.16237766776777995,0,-0.5003611270131731,2.1139205041368676,3.4814257296718676
2017-11-24,-6.009915078896363,-0.51573943805101,0,-0.5049788840380381,2.1467283577346947,3.448073098518374
2017-11-27,-6.227499992704845,-1.3646113506586601,0,-0.6213367898720616,2.2530985841861098,3.7662148693661046
2017-11-28,-6.07862204890894,0.38204340814405013,0,-0.45340635403653173,1.7364330972174398,3.9211251808793457
2017-11-29,-6.07862204890894,-0.27424021734480997,0,-0.45340635403653173,1.7364330972174398,3.9211251808793457
2017-11-30,-6.085651370848489,-1.15780340183503,0,-0.47634629614803947,1.8285229554601297,3.8543273492289165
2017-12-01,-5.969955407033506,-3.12806514013832,0,-0.4057374052152548,1.7778848985688707,3.6755875050717295
2017-12-04,-5.969955407033506,4.5190330617175904,0,-0.4057374052152548,1.7778848985688707,3.6755875050717295
2017-12-05,-5.95727912872246,-2.07064006080984,0,-0.3869793425405923,1.7316929794459364,3.6885455659072397
2017-12-06,-5.95727912872246,-1.83370806606265,0,-0.3869793425405923,1.7316929794459364,3.6885455659072397
2017-12-07,-5.817221967960173,-0.25726957130142,0,-0.2804631665256282,1.6272574446441779,3.4903631361266436
2017-12-08,-5.854626230001491,2.26975276528525,0,-0.31311622430955877,1.6507226047879113,3.5574451678407746
2017-12-11,-5.797023548942849,1.99098500017967,0,-0.2611008113762736,1.6208604917449576,3.4413659439979147
2017-12-12,-5.937123327084815,2.09664257255523,0,-0.36358288364650787,1.693808659750049,3.675560142399749
2017-12-13,-5.937123327084815,-1.30096036916046,0,-0.36358288364650787,1.693808659750049,3.675560142399749
2017-12-14,-6.15947040706445,-0.72549661173781,0,-0.5259040824399248,1.917747902578478,3.9075788887951646
2017-12-15,-6.15947040706445,1.2709643638382202,0,-0.5259040824399248,1.917747902578478,3.9075788887951646
2017-12-18,-5.9515803847969195,4.71557140070134,0,-0.4028988463407629,1.8185820255003033,3.599342123203268
2017-12-19,-6.173777544670141,-1.37888662184922,0,-0.5308039683165044,1.9307259482079568,3.915172760784076
2017-12-20,-6.023215671223638,-2.68458392925984,0,-0.36631807249927034,1.5042550043688276,4.019204404016998
2017-12-21,-6.023215671223638,1.9360250396916598,0,-0.36631807249927034,1.5042550043688276,4.019204404016998
2017-12-22,-6.048677807962973,-0.9137276085480501,0,-0.4107642434315406,1.6254626569316057,3.959442726534229
2017-12-27,-5.932497813680257,0.26444376165886,0,-0.3322568362183095,1.572362384204927,3.7786246553519787
2017-12-28,-5.932497813680257,-2.2552365941942503,0,-0.3322568362183095,1.572362384204927,3.7786246553519787
2017-12-29,-5.907656124745466,-1.29833074293766,0,-0.29356105489535844,1.5034012621849326,3.7812651271302835
2018-01-02,-5.907656124745466,-2.4435659416770097,0,-0.29356105489535844,1.5034012621849326,3.7812651271302835
2018-01-03,-5.7669388125408645,1.60127145975359,0,-0.16660476106628053,1.3887692965251928,3.578869200231403
2018-01-04,-5.803100467619334,4.81498739033496,0,-0.20763231470770743,1.4158842550875248,3.649807296221727
2018-01-05,-5.750120959998816,5.270763642898539,0,-0.14275969868688948,1.3823214803345243,3.5265154526695026
2018-01-08,-5.778114505284935,1.7286124703791401,0,-0.22496501309944877,1.5633472107844175,3.435480865467465
2018-01-09,-5.778114505284935,0.45163551423181,0,-0.22496501309944877,1.5633472107844175,3.435480865467465
2018-01-10,-6.04186088720386,-3.44325260724509,0,-0.4549693327719737,1.878593483777884,3.7106073789159444
2018-01-11,-6.0531931009980715,-0.67165066206104,0,-0.4606090201367254,1.8725942482867222,3.7396863693536138
2018-01-12,-5.809095410908071,2.16299913480804,0,-0.2919938341411462,1.700916064367962,3.400200540157516
2018-01-15,-6.065965889775937,-0.64425984341078,0,-0.460371968790969,1.8803863376347703,3.7423988815974902
2018-01-16,-5.910401812683978,3.8782837506265904,0,-0.2857430388836468,1.4474121188304236,3.8498167926910583
2018-01-17,-5.910401812683978,-1.850168119923,0,-0.2857430388836468,1.4474121188304236,3.8498167926910583
2018-01-18,-5.935031165695355,1.31323437549163,0,-0.3338161939900715,1.5682366190454653,3.789560263301272
2018-01-19,-5.800108625505219,2.8607385685363904,0,-0.22767258209962316,1.4753292640115419,3.5944553071706027
2018-01-22,-5.800108625505219,3.7505853071279396,0,-0.22767258209962316,1.4753292640115419,3.5944553071706027
2018-01-23,-5.770966460544113,2.8589501563484,0,-0.17179658509921902,1.3914682218855234,3.5884880095372353
2018-01-24,-5.770966460544113,-3.97959239519941,0,-0.17179658509921902,1.3914682218855234,3.5884880095372353
2018-01-25,-5.514694062693341,-3.0566024004352004,0,-0.1006286041445404,1.2450984177180215,3.4361805578082354
2018-01-26,-5.556576021010656,0.22787634323161998,0,-0.13366367377122967,1.2701409392141314,3.4970914134740636
2018-01-29,-5.493918927942069,-0.8150475937519299,0,-0.07839778156260514,1.2372839978714252,3.3872299206865897
2018-01-30,-5.523595598144949,-1.84849847838943,0,-0.13806363670125416,1.3957968338100433,3.2690713702009098
2018-01-31,-5.523595598144949,-0.015210854826879991,0,-0.13806363670125416,1.3957968338100433,3.2690713702009098
2018-02-01,-5.805100325504672,-3.5439631808868404,0,-0.3241541209475485,1.689010869097852,3.4759584825848044
2018-02-02,-5.805100325504672,-4.4461760044565,0,-0.3241541209475485,1.689010869097852,3.4759584825848044
2018-02-05,-5.559250837016211,-3.71403833039302,0,-0.18723069179276244,1.538734848914789,3.177755429643195
2018-02-06,-5.840812980920064,-5.14230782865242,0,-0.3340682853826653,1.7258937470876479,3.4801436138204602
2018-02-07,-5.769931638920433,2.73764442297792,0,-0.24823264690536673,1.4010248628203552,3.71155712883939
2018-02-08,-5.769931638920433,-6.0493361029784,1,-0.24823264690536673,1.4010248628203552,3.71155712883939
2018-02-09,-5.897318617947251,-4.84055610933692,0,-0.32279165808122945,1.583255415649741,3.711559982164875
2018-02-12,-5.753587907036294,3.8884940385091897,0,-0.20277800350689512,1.4710187667813592,3.5071215056954097
2018-02-13,-5.753587907036294,-2.0826877923166895,0,-0.20277800350689512,1.4710187667813592,3.5071215056954097
2018-02-14,-5.725452017151255,3.56361381086773,0,-0.14039968000414052,1.3829572067413798,3.4962283004063783
2018-02-15,-5.725452017151255,-0.33262567435468005,0,-0.14039968000414052,1.3829572067413798,3.4962283004063783
2018-02-16,-5.751236288793866,2.93617052859036,0,-0.17519035041685646,1.3845304052372498,3.586009418205607
2018-02-19,-5.735241800154041,-2.02027578600565,0,-0.15902742362953703,1.3702698001097535,3.5620639488920816
2018-02-20,-5.678477310903707,1.85487111661258,0,-0.08142494739316622,1.3225175471615833,3.432732646186773
2018-02-21,-5.703501100171733,-1.54411203552315,0,-0.16291690559823374,1.4978013182709002,3.336080485621593
2018-02-22,-5.703501100171733,0.0041239588146600205,0,-0.16291690559823374,1.4978013182709002,3.336080485621593
2018-02-23,-5.979855434412411,-0.56205561525129,0,-0.41770728917730204,1.8444680817631292,3.6222534579804386
2018-02-26,-5.979855434412411,1.44340863672851,0,-0.41770728917730204,1.8444680817631292,3.6222534579804386
2018-02-27,-5.692508440598001,-1.6238169640192202,0,-0.18545286987255483,1.6072737043623113,3.201120495180594
2018-02-28,-5.978889729096703,-3.90587051555107,0,-0.40657784467980307,1.8604490156110987,3.579589752405141
2018-03-01,-5.834202276173205,-4.59123685109752,0,-0.23926270858510795,1.4455648954574898,3.694208815737744
2018-03-02,-5.866836697355874,-7.66077829910657,1,-0.27071500027493417,1.4635929498937568,3.756852207128008
2018-03-05,-6.1368241218411566,2.4731453908142402,0,-0.17835736998966945,1.6019304465666961,3.638462551720291
2018-03-06,-5.989523577544921,1.8957713902294702,0,-0.0631060475017727,1.4784052157629872,3.4376315433856313
2018-03-07,-5.989523577544921,2.74127382026109,0,-0.0631060475017727,1.4784052157629872,3.4376315433856313
2018-03-08,-5.960189136488239,1.5576244749383499,0,0.008126368596205736,1.3781281523855644,3.422781124332203
2018-03-09,-5.960189136488239,0.6878157355364101,0,0.008126368596205736,1.3781281523855644,3.422781124332203
2018-03-12,-5.986343553817058,1.85732516310862,0,-0.03869665822516022,1.3961524707783357,3.522924169644389
2018-03-13,-6.028147481171796,-4.85229100832118,0,-0.07077664176472492,1.4314077136331074,3.5742854374274353
2018-03-14,-6.028147481171796,-0.7742272386783201,0,-0.07077664176472492,1.4314077136331074,3.5742854374274353
2018-03-15,-6.132432637748439,1.14580201452329,0,-0.18707219960870797,1.6715931203295145,3.5449594822462966
2018-03-16,-6.132432637748439,2.50085831895922,0,-0.18707219960870797,1.6715931203295145,3.5449594822462966
2018-03-19,-6.481972614804051,-4.47756707672269,0,-0.45110922725221125,2.058014170387755,3.920274660213564
2018-03-20,-6.481972614804051,1.9898955623421997,0,-0.45110922725221125,2.058014170387755,3.920274660213564
2018-03-21,-6.237593503005153,0.5594050694963699,0,-0.26880667047099166,1.8910246176754968,3.507035033672954
2018-03-22,-6.485627040866814,-5.060494951315119,0,-0.4539770804375908,2.089701667444813,3.8903671075497632
2018-03-23,-6.335585580964696,-6.058254270886771,0,-0.27374108326564006,1.644159318482401,3.971293535527196
2018-03-26,-6.36102907162064,-0.8130629080553899,0,-0.29485300961644645,1.6495315241613993,4.030460699701134
2018-03-27,-6.36102907162064,3.5599596557168005,0,-0.29485300961644645,1.6495315241613993,4.030460699701134
2018-03-28,-6.241092061576694,0.11002445730313999,0,-0.19258450753396894,1.5679040946150948,3.825612057268306
2018-03-29,-6.241092061576694,5.3623083246167695,0,-0.19258450753396894,1.5679040946150948,3.825612057268306
2018-04-03,-6.20450384283524,-2.10742939766368,0,-0.11179434202212879,1.454829330254737,3.799734869600681
2018-04-04,-6.20450384283524,-1.47635160215766,0,-0.11179434202212879,1.454829330254737,3.799734869600681
2018-04-05,-6.213721252230991,7.909646518622621,0,-0.12463166715882357,1.427672252729379,3.880377977339373
2018-04-06,-6.248631565774152,-0.4943349884574099,0,-0.16114181540548939,1.458958561989011,3.9390468237334932
2018-04-09,-6.248631565774152,-0.42577914272729994,0,-0.16114181540548939,1.458958561989011,3.9390468237334932
2018-04-10,-6.377819137068026,6.7582198349208,0,-0.3330632966448889,1.764955128430265,3.961727877989343
2018-04-11,-6.377819137068026,-2.36360661672068,0,-0.3330632966448889,1.764955128430265,3.961727877989343
2018-04-12,-6.655369468201661,2.40665253423574,0,-0.5597550755024195,2.1814015207300095,4.159376608625662
2018-04-13,-6.655369468201661,1.83051100595195,0,-0.5597550755024195,2.1814015207300095,4.159376608625662
2018-04-16,-6.463837041439415,-2.04914095204497,0,-0.4476246110363818,2.1306544241978016,3.8044088948078536
2018-04-17,-6.664489393406941,4.7255592682368,0,-0.570469437832412,2.2253796017477785,4.138805229898846
2018-04-18,-6.523901554315448,-0.46175487262982995,0,-0.40839159513461065,1.7955924422568903,4.211606330781716
2018-04-19,-6.541782735131678,0.8478456559345201,0,-0.4176018762539978,1.7837909291948142,4.261546429820301
2018-04-20,-6.541782735131678,0.17957388453123999,0,-0.4176018762539978,1.7837909291948142,4.261546429820301
2018-04-23,-6.4420431610494715,0.15127884618132,0,-0.3434410463845802,1.7468704432982252,4.070977431451372
2018-04-24,-6.4420431610494715,-2.95915769882117,0,-0.3434410463845802,1.7468704432982252,4.070977431451372
2018-04-25,-6.411431009532081,-3.95706484404642,0,-0.29102183445328533,1.659952361109878,4.058646040513124
2018-04-26,-6.411431009532081,1.03699535773737,0,-0.29102183445328533,1.659952361109878,4.058646040513124
2018-04-27,-6.4144157302370495,2.7328669121992397,0,-0.28122987690169654,1.6064110648191852,4.118837478276436
2018-04-30,-6.445287133361354,2.37120839033604,0,-0.3129075530515667,1.6288194414100783,4.1781957216215995
2018-05-02,-6.445287133361354,3.3675811933061497,0,-0.3129075530515667,1.6288194414100783,4.1781957216215995
2018-05-03,-6.560475268080163,-1.19102881518427,0,-0.45530326638353635,1.9037162020950982,4.198667541681587
2018-05-04,-6.376759466960584,2.67907978844536,0,-0.33225792431050893,1.764460609260083,3.9597460705569656
2018-05-07,-6.6365003453801314,0.7274745076541,0,-0.5001082141608021,1.931416157795426,4.32287927147989
2018-05-08,-6.6365003453801314,0.60642707121975,0,-0.5001082141608021,1.931416157795426,4.32287927147989
2018-05-09,-6.465265410512176,4.25809317005167,0,-0.40079053458870356,1.9161695205040004,3.9826038163997177
2018-05-10,-6.648596822997648,2.0307954047024497,0,-0.5135660387219869,1.9797689968205394,4.301650816605985
2018-05-11,-6.5446461461105185,-1.0683445207876001,0,-0.41440746985842325,1.7599828675498572,4.289093657766937
2018-05-14,-6.560023741372008,0.05177981264300002,0,-0.420671627388597,1.743419561609647,4.336848913065597
2018-05-15,-6.560023741372008,0.42643073784376995,0,-0.420671627388597,1.743419561609647,4.336848913065597
2018-05-16,-6.470146200993059,2.11589279762027,0,-0.3610592710017647,1.7279181364766347,4.1582980300823795
2018-05-17,-6.470146200993059,2.70487693476322,0,-0.3610592710017647,1.7279181364766347,4.1582980300823795
2018-05-18,-6.4405497457932395,-0.9719100352673199,0,-0.3153532609742312,1.6471959646697965,4.152512239392564
2018-05-21,-6.4405497457932395,0.0,0,-0.3153532609742312,1.6471959646697965,4.152512239392564
2018-05-22,-6.438875468819046,3.3900799309843204,0,-0.2993009161728408,1.5845107774761893,4.208437134032035
2018-05-23,-6.466534033609766,-5.496427026956701,0,-0.3240049673118022,1.5982274555440492,4.262311373680762
2018-05-24,-6.575551255167661,-3.74216160365968,0,-0.4059681192635914,1.661838967206709,4.431337820862799
2018-05-25,-6.675647816444033,1.29522397614837,0,-0.5162917843183181,1.9001848048819658,4.4277844156046875
2018-05-28,-6.503283258785384,-1.6651948538706502,0,-0.43308842186541613,1.9135270480612454,4.087193809953714
2018-05-29,-6.731650141998447,-3.3319821040517503,0,-0.5682085083167236,2.0234401617353575,4.431216595279043
2018-05-30,-6.731650141998447,4.27095751593463,0,-0.5682085083167236,2.0234401617353575,4.431216595279043
2018-05-31,-6.470175725719674,-3.3256093124727397,0,-0.42007370339782124,2.0172972920385552,3.896529754475651
2018-06-01,-6.663633778469538,3.3821108178558803,0,-0.5349888876608706,2.0531456565237374,4.269524374866579
2018-06-04,-6.580461301370956,-0.12538218900768003,0,-0.4389445171102463,1.7869397986427216,4.334668108628243
2018-06-05,-6.594549904346323,-1.08523891986325,0,-0.44356711291225454,1.7677438279528348,4.381003546364958
2018-06-06,-6.594549904346323,0.27382607503965,0,-0.44356711291225454,1.7677438279528348,4.381003546364958
2018-06-07,-6.50962483006017,-0.5193364110383699,0,-0.3904046850572578,1.7623583196015868,4.207085452743142
2018-06-08,-6.50962483006017,-1.3920510625584799,0,-0.3904046850572578,1.7623583196015868,4.207085452743142
2018-06-11,-6.481917106938221,0.24157707579593996,0,-0.349528682756694,1.6865794182658376,4.204056769322058
2018-06-12,-6.481917106938221,-0.87036711159795,0,-0.349528682756694,1.6865794182658376,4.204056769322058
2018-06-13,-6.479033745171433,4.11932868392787,0,-0.3315803591352784,1.6208760652709175,4.257470041640947
2018-06-14,-6.505334866242588,5.4980749960778095,0,-0.3537798228206423,1.631386344361624,4.309652431440568
2018-06-15,-6.505334866242588,-2.2318855809439797,0,-0.3537798228206423,1.631386344361624,4.309652431440568
2018-06-18,-6.615983880091493,-3.8184519933223102,0,-0.48279124448535937,1.8920909993044186,4.318695694985585
2018-06-19,-6.419021790009354,-4.46600216761896,0,-0.3731550351750217,1.8583657239395506,3.9569546186825586
2018-06-20,-6.6755303137006505,0.014918912190570004,0,-0.5381441909207554,2.0211316582033305,4.324446570119596
2018-06-21,-6.6755303137006505,-5.03327960484949,0,-0.5381441909207554,2.0211316582033305,4.324446570119596
2018-06-22,-6.511267262560935,2.69881873632489,0,-0.4429035498607504,1.9920382619311072,4.015551432306971
2018-06-25,-6.448661614493662,-7.24163722618658,1,-0.3895528123950963,1.883050442066017,3.986746633262175
2018-06-26,-6.650152810152277,-1.6773809933597998,0,-0.5070300470268,2.140561590699612,4.099727110102378
2018-06-27,-6.671860187147951,1.8959768427010402,0,-0.5218199796985153,2.1372315619014848,4.154336586553055
2018-06-28,-6.671860187147951,-4.67723311816292,0,-0.5218199796985153,2.1372315619014848,4.154336586553055
2018-06-29,-6.640263267463228,0.9731152885945199,0,-0.4242846749524132,1.8584319069275859,4.277244219162397
2018-07-02,-6.640263267463228,0.16419229077400999,0,-0.4242846749524132,1.8584319069275859,4.277244219162397
2018-07-03,-6.610141088655053,0.86677165904358,0,-0.37061022826245615,1.7698718662961963,4.260470836885876
2018-07-04,-6.610141088655053,0.01429292006550004,0,-0.37061022826245615,1.7698718662961963,4.260470836885876
2018-07-05,-6.605123606972061,3.9763430221714398,0,-0.3455604170413299,1.696477312432621,4.306448676487095
2018-07-06,-6.632080074416486,-0.77314558970667,0,-0.3759263945584633,1.7138574741962236,4.366559028715875
2018-07-09,-6.632080074416486,0.9729545187437899,0,-0.3759263945584633,1.7138574741962236,4.366559028715875
2018-07-10,-6.75162593523085,1.72011132983909,0,-0.5455036866137076,2.014329589724391,4.421616278180959
2018-07-11,-6.549340680025576,-5.34764372693399,0,-0.39235878739644303,1.9438428100286074,4.013685587638504
2018-07-12,-6.818366888270787,1.61966468557533,0,-0.6197378681716851,2.1646793352817246,4.4508537615187596
2018-07-13,-6.818366888270787,1.2708603408914,0,-0.6197378681716851,2.1646793352817246,4.4508537615187596
2018-07-16,-6.654847716289906,-0.6340735733371701,0,-0.5011540139335429,2.121536473621908,4.11554621485249
2018-07-17,-6.606514000109729,1.5889419580065,0,-0.4388079537904327,2.0083978311021076,4.082123075616803
2018-07-18,-6.657987192532277,1.5186555934072201,0,-0.5140156733517691,2.1494431399877287,4.1107837900296555
2018-07-19,-6.679253634981293,-1.04184187121298,0,-0.5282217238523522,2.1451536689474127,4.1648208816310195
2018-07-20,-6.679253634981293,-3.1677668150432403,0,-0.5282217238523522,2.1451536689474127,4.1648208816310195
2018-07-23,-6.504521478152235,1.3032225389449,0,-0.2710128293331262,1.7175480006291284,4.029041855459813
2018-07-24,-6.487494110984735,4.09705801076303,0,-0.2479788306539339,1.709114922639619,3.9759375697505375
2018-07-25,-6.473958579336152,-3.1818519105344403,0,-0.18926172556291138,1.6008755047342689,4.000619680917449
2018-07-26,-6.517549130086224,8.534515919211131,0,-0.2571617404004699,1.6554333109655508,4.103653364181367
2018-07-27,-6.517689057456513,1.54688082952884,0,-0.24287091610513983,1.596228860800186,4.161864747396479
2018-07-30,-6.593590318066612,-1.4751843091379602,0,-0.3348402155211918,1.6717469174336397,4.308431888124999
2018-07-31,-6.593590318066612,0.14864849395110996,0,-0.3348402155211918,1.6717469174336397,4.308431888124999
2018-08-01,-6.744346034849226,-1.66576514588112,0,-0.5393764126776777,2.007907879712647,4.41084901245824
2018-08-02,-6.540181106173021,-6.91343351898758,1,-0.3838081717320224,1.9331810038110988,4.00098014803603
2018-08-03,-6.99907705191591,0.7702785684528299,0,-0.7667970497918055,2.355561719223677,4.683625465249126
2018-08-06,-6.99907705191591,0.7971686179065601,0,-0.7667970497918055,2.355561719223677,4.683625465249126
2018-08-07,-6.893314056312866,2.22799376281237,0,-0.7095101518759037,2.4239686068954103,4.411096700224819
2018-08-08,-6.884180420110525,0.23101354530233997,0,-0.6908115462281845,2.356946574024723,4.43769782264627
2018-08-09,-6.915304798517547,0.36664948014011,0,-0.7292870952038663,2.4528856271083725,4.4389445069340185
2018-08-10,-6.924781166043081,-5.60081610145645,0,-0.730513237318525,2.425189021113147,4.4785323119054645
2018-08-13,-6.924781166043081,-11.41526129418305,1,-0.730513237318525,2.425189021113147,4.4785323119054645
2018-08-14,-7.5802643871246485,-0.65208127074826,0,-0.0016697468469786553,1.8945592154464475,4.123120321355872
2018-08-15,-7.562131143943251,-5.85531784252662,0,0.011034616593710278,1.8891301478493183,4.074584004690633
2018-08-16,-7.531150497731442,-3.84790866495488,0,0.04761238069756038,1.7843525247681074,4.124054374815533
2018-08-17,-7.577068641627815,1.18632324643481,0,0.0200216887894584,1.8146067146122737,4.199345052402641
2018-08-20,-7.5701952874186205,4.13197124949051,0,0.016166197250743645,1.7721521838397098,4.283161831549906
2018-08-21,-7.65230725349865,2.95189510997621,0,-0.01705678636539392,1.813972969065777,4.388299530001909
2018-08-22,-7.65230725349865,1.1146734710798598,0,-0.01705678636539392,1.813972969065777,4.388299530001909
2018-08-23,-7.763979717738586,-2.5172896107665,0,-0.07492347969377823,2.091098751923666,4.192467277371147
2018-08-24,-7.517770854899602,0.58467349436143,0,0.02593611683187027,1.979980919617614,3.812105772923741
2018-08-27,-7.822605000888429,4.025972521509,0,-0.08921019840468729,2.1807459833679164,4.14508793414527
2018-08-28,-7.822605000888429,1.1192724255681,0,-0.08921019840468729,2.1807459833679164,4.14508793414527
2018-08-29,-7.601259934141487,0.7255396882824899,0,0.023549363646980796,2.038014989682452,3.7953525685569067
2018-08-30,-7.602909764416994,-1.46860301511047,0,0.013565460832018227,2.019356136996042,3.866287012126619
2018-08-31,-7.679924213345007,-3.9629455099102997,0,-0.060095637328828735,2.1933134203733324,3.8837881060827524
2018-09-03,-7.713967908877167,-1.17835760974119,0,-0.07644923643167509,2.2099012806380722,3.9446830821708856
2018-09-04,-7.713967908877167,-3.12539567043581,0,-0.07644923643167509,2.2099012806380722,3.9446830821708856
2018-09-05,-7.63486336167799,-3.75860784601632,0,-0.018013298863576856,1.9264311519558355,4.171514063372552
2018-09-06,-7.617421153883605,-5.39808699476341,0,-0.006303814716898501,1.9228238339840953,4.123508889262466
2018-09-07,-7.587128716640532,-1.7805818829343598,0,0.027857545203144526,1.820294738723371,4.174290989907324
2018-09-10,-7.809985151619793,-1.19897303100127,0,-0.031515699697450536,1.9451276539482665,4.355582930682424
2018-09-11,-7.802101805486249,-3.12239279062323,0,-0.029623390288857396,1.893765271173033,4.433149099502987
2018-09-12,-7.8760655390246495,1.38584217001365,0,-0.06240138619196263,1.9296472072853357,4.543175187875779
2018-09-13,-7.8760655390246495,1.00783760302782,0,-0.06240138619196263,1.9296472072853357,4.543175187875779
2018-09-14,-7.958741139944814,2.9272430016440603,0,-0.09081655692839197,1.9696435737420699,4.641956706764709
2018-09-17,-7.787170242496475,0.72799780682783,0,-0.03238469830602152,1.9763007137644055,4.280165787951891
2018-09-18,-8.049820750198126,0.77797249254089,0,-0.12569480193170263,2.106936933007658,4.6095246852418885
2018-09-19,-7.936180012960772,2.16610404436799,0,-0.10534139934369069,2.045942399494556,4.534989698595258
2018-09-20,-7.758895737784432,5.28181876627116,0,-0.03643242789284612,2.0029934455989116,4.217509362111468
2018-09-21,-7.691614638359852,1.5903198098765998,0,-0.009673356133694945,1.9103122369359884,4.231082329003314
2018-09-24,-7.806517144226666,-2.44392879624819,0,-0.09632545405679253,2.1201043042712406,4.253781400877882
2018-09-25,-7.832343818190792,-5.7796301588276995,0,-0.10583912877833201,2.12007997438693,4.309457735306854
2018-09-26,-7.869897854086522,1.09737891284437,0,-0.11372614219161656,2.139425728086875,4.339544275195648
2018-09-27,-7.627156147106637,1.50641554982136,0,0.09018349706443289,1.5891073895972392,4.469929576994373
2018-09-28,-7.629079752719318,-4.171178134723,0,0.1030903714313629,1.5976170538210341,4.416174126931144
2018-10-01,-7.6285717584080945,-0.3277805135769699,0,0.08640382963967136,1.5901197502874471,4.480518640155335
2018-10-02,-7.838155234458913,-3.6432148462235294,0,0.009188149667323535,1.714351041028983,4.678621938496791
2018-10-04,-7.775235251436385,-0.15651817306943996,0,0.09953958339574334,1.536999862955183,4.694555741443647
2018-10-05,-7.827512327956615,-2.9391823366849597,0,0.03425350893307401,1.586437757670992,4.835528733532323
2018-10-08,-7.827512327956615,-1.51768979326713,0,0.03425350893307401,1.586437757670992,4.835528733532323
2018-10-09,-7.90302713583441,-0.60767836968591,0,-0.012029740127924005,1.6329836370843192,4.9512175123711994
2018-10-10,-7.85376205848932,-3.2423091017184,0,-0.028670011549998133,1.8113241263181687,4.62868625084873
2018-10-11,-8.078100162801046,-0.34066870335854976,0,-0.10671264065355292,1.8819544686989413,4.953315965474985
2018-10-12,-7.966764396399175,-2.07413628737928,0,-0.08735530842676498,1.8270824937683592,4.88056416907922
2018-10-15,-7.853642146949211,4.2567617822093,0,-0.05251871235258604,1.8794057875648704,4.578599360152552
2018-10-16,-7.751085262629222,2.24964669694814,0,0.007485982463031486,1.7296446652844062,4.568332874468206
2018-10-17,-7.982384341561807,-1.3614570401814698,0,-0.14379121602689993,2.169505284172501,4.495657833805957
2018-10-18,-8.002731272241638,0.30476299561813003,0,-0.1492800472034977,2.1594607913406683,4.548739010109385
2018-10-19,-8.002731272241638,-2.96925604902995,0,-0.1492800472034977,2.1594607913406683,4.548739010109385
2018-10-22,-7.735369999561634,-1.4910706259706799,0,0.008434041814567542,1.6441168469458771,4.707370564736232
2018-10-23,-7.740392771101116,-12.05225064405777,1,0.008931873098753818,1.6701926179311104,4.662965792131192
2018-10-24,-8.57174750783233,-2.02070855562815,0,0.12552501064729954,1.8435874406785944,4.784689474730541
2018-10-25,-8.755108563521624,0.6979483847400899,0,0.052532791003302715,1.9561488986149231,5.002890438888873
2018-10-26,-8.678644230902902,-0.59745444305217,0,0.14886951717995717,1.7471339545251152,5.009072138973822
2018-10-29,-8.706216926632687,5.89213835431749,0,0.0987630111627793,1.7750108567993275,5.151080917229881
2018-10-30,-8.706216926632687,-3.2749625446511903,0,0.0987630111627793,1.7750108567993275,5.151080917229881
2018-10-31,-8.761659523772192,3.04249063387668,0,0.05631474061708516,1.8112528754567414,5.275148866926246
2018-11-01,-8.78017920268229,3.3226830902495106,0,0.011848099252809675,2.070388269364117,4.95515699145278
2018-11-02,-8.893182505697066,2.7152025490139002,0,-0.03088153421299864,2.142023604242013,5.086923608447449
2018-11-05,-8.784332139430719,-0.29612177121097,0,-0.004070010067227573,2.0785153453278573,4.99981202413913
2018-11-06,-8.535587302965533,-1.53925797693741,0,0.08888836127249702,2.0047119110749136,4.557480054136865
2018-11-07,-8.441331141581784,-0.42402423795561,0,0.17758910622242907,1.816307757900847,4.519924912365889
2018-11-08,-8.667528197784407,-0.9366322778951299,0,-0.049962069966084786,2.369764726094261,4.5284806184618915
2018-11-09,-8.687462118553828,-1.4305346151181901,0,-0.05928319981051833,2.367044685670624,4.5876487148039775
2018-11-12,-8.687462118553828,-6.715176326964301,0,-0.05928319981051833,2.367044685670624,4.5876487148039775
2018-11-13,-8.405571110427154,0.48375551287151,0,0.15414172625282174,1.7609534498892578,4.68828660995211
2018-11-14,-8.416764225613736,-3.3879700967751094,0,0.1625271846008547,1.7773048219967105,4.634708898591631
2018-11-15,-8.405172078523389,-1.3525419040622,0,0.15127631423387916,1.7605872236632178,4.698829928330016
2018-11-16,-8.601766757216577,-2.10079929084366,0,0.08522978415746732,1.870711467584707,4.902284617153506
2018-11-19,-8.51606968790973,-1.1805709865678102,0,0.18580719294711165,1.6561305205542807,4.912039104021929
2018-11-20,-8.548209158289335,-3.8445716075092,0,0.132024995327654,1.6907983658882468,5.053503189914096
2018-11-21,-8.548209158289335,5.25061200377204,0,0.132024995327654,1.6907983658882468,5.053503189914096
2018-11-22,-8.609992392459985,-2.19629976658624,0,0.08831986753106502,1.7320190027584952,5.174844205714876
2018-11-23,-8.630798642610856,1.18957216380362,0,0.04203841315143886,1.9880866413945355,4.854235000932759
2018-11-26,-8.63575269346644,5.987689499253509,0,0.05759461334487169,1.9902419522182897,4.800142073410077
2018-11-27,-8.514195295924281,-1.9582362284708104,0,0.07978823774645685,1.9253777512438934,4.725965212454907
2018-11-28,-8.546391290346808,0.39839701566417,0,0.061744946328863626,1.9935038781463619,4.68963045158007
2018-11-29,-8.659385117277738,-2.05027345019424,0,0.04915763480749882,1.9565320238893011,4.918167614555896
2018-11-30,-8.907104231897414,0.47749631967763,0,-0.11589361016636013,2.450940424747886,4.87043054638103
2018-12-03,-8.91992059222497,9.32094523995058,0,-0.12050094150563204,2.4349474782863885,4.925830615841271
2018-12-04,-8.91992059222497,-4.55402912828555,0,-0.12050094150563204,2.4349474782863885,4.925830615841271
2018-12-05,-8.60474470427955,-1.89654408249746,0,0.06629575435407795,1.8278975728165752,5.053352181999363
2018-12-06,-8.623705110181662,-11.275740103205912,1,0.061631778683136504,1.8682072900178814,5.009731873796026
2018-12-07,-9.209153824364794,1.2050026697288,0,0.11379434863796613,1.9979689736872122,5.150312157177102
2018-12-10,-9.359181046546693,-7.25555168957395,0,0.04976024076783894,2.0805605888024186,5.37857580505206
2018-12-11,-9.261496437528104,6.090424458942209,0,0.2144365074242848,1.7602064153874077,5.3231850920343184
2018-12-12,-9.24549248530424,5.88728270398787,0,0.17475771061885714,1.7543137443930417,5.468241597978816
2018-12-13,-9.24549248530424,2.95810170620389,0,0.17475771061885714,1.7543137443930417,5.468241597978816
2018-12-14,-9.268899571883805,-1.7461169437516502,0,0.13146156884929883,1.7746729099768248,5.602797244323445
2018-12-17,-9.40028086083191,0.020171733218859924,0,-0.0033923327640483707,2.2276324172105877,5.341741685296706
2018-12-18,-9.415015693658589,-0.9045651441850002,0,0.001576823191764616,2.2505428063758455,5.296080547758145
2018-12-19,-9.312467398680562,-3.68521147376471,0,0.03319599485142387,2.183257034575753,5.19891481331744
2018-12-20,-9.312467398680562,-4.375735012331329,0,0.03319599485142387,2.183257034575753,5.19891481331744
2018-12-21,-9.358909567288304,0.53865024715318,0,0.05809011385639726,2.047445672824611,5.411236979249832
2018-12-27,-9.629604288791903,-9.04304079721774,0,-0.1690494425018525,2.66358036537284,5.441898342420499
2018-12-28,-9.631288549026554,5.14903473786914,0,-0.1684687538200586,2.6306846260706545,5.493219054985408
2019-01-02,-9.631288549026554,-0.15672602610524003,0,-0.1684687538200586,2.6306846260706545,5.493219054985408
2019-01-03,-9.227639234309972,-3.8110320813685705,0,0.22436710918952651,1.6819211669784095,5.4278832819264595
2019-01-04,-9.272255863343984,14.149199212280369,0,0.14329655097344157,1.832461736546204,5.443883140454528
2019-01-07,-9.221644461611186,-2.3489529056216796,0,0.23767045750741417,1.6579833814181257,5.426921565418358
2019-01-08,-9.315332968563673,3.07287144801855,0,0.19557840656142222,1.6707964902500225,5.644877652158215
2019-01-09,-9.315332968563673,1.49196959708506,0,0.19557840656142222,1.6707964902500225,5.644877652158215
2019-01-10,-9.250223292054578,-0.014638072736579997,0,0.21529992973778012,1.561364255025639,5.753866885785175
2019-01-11,-9.250223292054578,-2.49664517541165,0,0.21529992973778012,1.561364255025639,5.753866885785175
2019-01-14,-9.220690837482731,-1.8216347102972401,0,0.18776276448691887,1.5285814881167574,5.887941594546819
2019-01-15,-9.534283972186197,0.6625903361843899,0,-0.06301270379848906,2.230401458702116,5.684040593205413
2019-01-16,-9.555251759484385,-0.14614524773618,0,-0.06657071519920482,2.271350738863902,5.64679592873053
2019-01-17,-9.311469050703693,-1.48475638299177,0,0.020758632028486206,2.1393346764879997,5.326595029605466
2019-01-18,-9.311469050703693,9.14008461310363,0,0.020758632028486206,2.1393346764879997,5.326595029605466
2019-01-21,-9.720234840692004,-1.02510207906598,0,-0.036511796180129584,2.1569391102033535,5.906938805785009
2019-01-22,-9.97532937474211,-1.7555428578415597,0,-0.26509395396068725,2.7732421730966053,5.958381893689115
2019-01-23,-9.97532937474211,-1.41677730684498,0,-0.26509395396068725,2.7732421730966053,5.958381893689115
2019-01-24,-9.97532937474211,1.60909191729205,0,-0.26509395396068725,2.7732421730966053,5.958381893689115
2019-01-25,-9.612843875775539,5.6679085081830305,0,0.10121784408268164,1.863318110891469,5.872202566652733
2019-01-28,-9.665855776863438,-2.6139181367177704,0,0.027014183933191858,2.0155036682261036,5.889959693260172
2019-01-29,-9.604237371785462,-0.5823503515064401,0,0.11465733866161676,1.8367798664212907,5.869802713947073
2019-01-30,-9.651916965759018,-1.9011620660831803,0,0.10956013028401337,1.768250239936353,6.074087567356125
2019-01-31,-9.651916965759018,1.1756365436338,0,0.10956013028401337,1.768250239936353,6.074087567356125
2019-02-01,-9.623835758115948,1.9106463359104602,0,0.11738957855850926,1.7120458245217183,6.133994135319657
2019-02-04,-9.623835758115948,-0.9799333893094099,0,0.11738957855850926,1.7120458245217183,6.133994135319657
2019-02-05,-9.62177385902439,4.39343265548704,0,0.10911578311598347,1.7045736562709983,6.174232642941027
2019-02-06,-9.51340105563811,-1.2088835202621,0,-0.04736145049225394,2.2701158473856626,5.539107262820288
2019-02-07,-9.467963173722302,-9.18230058712131,0,-0.01651545257140856,2.2613923365127064,5.396879651245875
2019-02-08,-9.65897593907336,-4.98084597672703,0,-0.02974440838326254,2.321084057083904,5.530288147485017
2019-02-11,-9.65897593907336,1.2091367242153201,0,-0.02974440838326254,2.321084057083904,5.530288147485017
2019-02-12,-10.019296195604475,2.0533952103327304,0,-0.1373741464062324,2.36635015376173,6.1948032473478065
2019-02-13,-10.230744702750627,1.7143221465857899,0,-0.36290518123663607,2.9540818275355356,6.284297440476784
2019-02-14,-10.230744702750627,-5.42834007863879,0,-0.36290518123663607,2.9540818275355356,6.284297440476784
2019-02-15,-10.230744702750627,8.48266282040436,0,-0.36290518123663607,2.9540818275355356,6.284297440476784
2019-02-18,-9.939464980621715,-1.03315808488227,0,-0.00014966416615777779,2.0816677982940757,6.135611368235084
2019-02-19,-9.977537197848708,0.2655261517984,0,-0.07450619616093312,2.2302293203677834,6.16697568361305
2019-02-20,-9.933453983581916,3.4537811391152897,0,0.013620132087624078,2.055152552666388,6.130402661792198
2019-02-21,-9.97113233789181,-0.006694628689709941,0,0.002608618755691905,1.9802902711381865,6.343391460289605
2019-02-22,-9.97113233789181,0.15085158653249994,0,0.002608618755691905,1.9802902711381865,6.343391460289605
2019-02-25,-9.950885385499495,1.4306788984455299,0,0.025457346693622068,1.9063765312823713,6.384548575870545
2019-02-26,-9.950885385499495,1.3642148578002098,0,0.025457346693622068,1.9063765312823713,6.384548575870545
2019-02-27,-9.947934856998986,2.93053789356767,0,0.022491132963106224,1.890900600703759,6.420194314413074
2019-02-28,-9.830720719879164,0.95685006195494,0,-0.12272622351823945,2.467901545615767,5.790494718681276
2019-03-01,-9.649466635072388,3.05250704852412,0,-0.032281710972154654,2.3514520760240156,5.476356082667394
2019-03-04,-9.394370871916307,1.66662244696904,0,0.08630738777049021,2.15693393815659,5.124548733976308
2019-03-05,-9.462640890030144,0.94918890473711,0,0.036755266535717715,2.3465778223771645,5.026812972585107
2019-03-06,-9.922025519395604,-1.17666172383658,0,-0.13182933459197482,2.5697528084824537,5.748562811844989
2019-03-07,-10.081863449057046,-4.59847760351122,0,-0.3173895092893846,3.0788884555841802,5.812322525652464
2019-03-08,-10.081863449057046,-4.99477125809542,0,-0.3173895092893846,3.0788884555841802,5.812322525652464
2019-03-11,-10.081863449057046,0.49306564155964006,0,-0.3173895092893846,3.0788884555841802,5.812322525652464
2019-03-12,-9.88677626231269,-1.77379006079897,0,-0.08345518229217269,2.4270110452470566,5.772956953604261
2019-03-13,-9.90172819506853,2.25508146428396,0,-0.10318772992276454,2.490790290886392,5.753121618819828
2019-03-14,-9.884880800000959,0.54005691218707,0,-0.08114485244148714,2.4178113572074835,5.778211312513976
2019-03-15,-9.980144217495782,1.53057953122478,0,-0.14551156912659255,2.457483528489312,6.036523760221067
2019-03-18,-9.822204193502852,0.5203566351144601,0,0.1329488821054926,1.819536817127834,6.058104689277771
2019-03-19,-9.79719952772566,6.03286506690122,0,0.14023211920006795,1.766448925164244,6.117504632757834
2019-03-20,-9.79719952772566,-17.356443525467256,1,0.14023211920006795,1.766448925164244,6.117504632757834
2019-03-21,-11.268112978313543,-2.8449837436437897,0,0.23405886858816335,2.1198440805507923,6.433431093179773
2019-03-22,-11.213491731502288,-8.71923433030155,0,0.10336940383822915,2.7149400402117836,5.752145157497574
2019-03-25,-11.176620975049447,-4.30748248013749,0,0.13876739834900453,2.6859434801679196,5.589325370443538
2019-03-26,-10.908261632905502,-2.50983403213514,0,0.24029281444972894,2.4741163713961543,5.231035241075148
2019-03-27,-11.00760676640234,-0.004990666369050073,0,0.210061744062042,2.6489731966377894,5.105923090981147
2019-03-28,-11.470577150223917,-1.16882499707048,0,0.07428820342596695,2.8801346506298025,5.8329116521155235
2019-03-29,-11.693300303891476,4.54397883059074,0,-0.06654948759016344,3.406112057671334,5.832078035226871
2019-04-01,-11.693300303891476,4.58509895012479,0,-0.06654948759016344,3.406112057671334,5.832078035226871
2019-04-02,-11.693300303891476,4.95335460392655,0,-0.06654948759016344,3.406112057671334,5.832078035226871
2019-04-03,-11.42120466551155,5.48831022416351,0,0.10339993637118466,2.7518779870671186,5.885394774680765
2019-04-04,-11.443428682604385,1.76527638745685,0,0.09345884075026652,2.806290271747866,5.850732231200175
2019-04-05,-11.418102310921665,3.04741809063444,0,0.10406394597692764,2.7446877587067915,5.893299634039195
2019-04-08,-11.514549294164024,-0.70937884224206,0,0.05197036590148732,2.794870150067415,6.156322980683083
2019-04-09,-11.312127544239605,-2.4120417389763804,0,0.2796459585793276,2.134680730120282,6.22001135921373
2019-04-10,-11.267137277478934,1.75522022556316,0,0.2768896689402358,2.0907968754665216,6.293305763450549
2019-04-11,-11.267137277478934,0.1669213506035999,0,0.2768896689402358,2.0907968754665216,6.293305763450549
2019-04-12,-11.254938487825157,4.80024406097812,0,0.26400106150216474,2.091739126927414,6.341876154098943
2019-04-15,-10.992669144684495,0.8324791275549199,0,0.32471205798274383,2.055185620421483,5.864779605579203
2019-04-16,-11.10809906630492,2.5617087951994,0,0.4420556031300634,1.9705158741674706,5.566586500570454
2019-04-17,-11.046007464141624,1.25944126782502,0,0.6941882738153154,1.6083661359685584,5.123719845657259
2019-04-18,-10.898540354864743,0.6474124466616801,0,0.2261918135508425,2.4362742908141275,5.384754019938636
2019-04-23,-11.410951447332856,0.2691077305301599,0,0.08733301739953879,2.710489926376332,6.040157161366073
2019-04-24,-11.72552761201965,-4.34094213141051,0,-0.07743625944059432,3.391717126291737,5.945589554999998
2019-04-25,-11.72552761201965,0.4982179913372899,0,-0.07743625944059432,3.391717126291737,5.945589554999998
2019-04-26,-11.72552761201965,1.0461495626767299,0,-0.07743625944059432,3.391717126291737,5.945589554999998
2019-04-29,-11.421113164936902,1.2064125072714,0,0.08504874528928238,2.7325708406576057,6.018151967730786
2019-04-30,-11.751636382931327,0.7736243505199,0,-0.01607785977343228,2.9864246531142022,6.373170042998367
2019-05-02,-11.720119665809912,2.2370246253839103,0,-0.002100543720156059,2.9114321698591334,6.409501131440514
2019-05-03,-11.504525467321006,0.71230349171854,0,0.052522497201185826,2.7663232483649196,6.1983092373834054
2019-05-06,-11.327880584750755,-4.53780089222951,0,0.39040881007160455,1.9382728057532141,6.15903489997649
2019-05-07,-11.322919028435269,-6.91731799555721,0,0.5100916316626667,1.711377197944023,6.155654495155522
2019-05-08,-11.521858476985983,3.2796712642536403,0,0.6553400450934491,1.4817491936331852,6.293428268878135
2019-05-09,-15.20247227815346,-9.14880306549406,0,1.5447436916565667,0.9119159154954901,5.857974034549917
2019-05-10,-11.291361302559183,1.83697019069532,0,0.22587600574988403,2.1771750452300322,6.365488810360386
2019-05-13,-11.367202788027317,-5.17545702788774,0,0.2534628364582492,2.247102395542523,6.143756120995091
2019-05-14,-11.316417974929639,-1.1089079841179703,0,0.47230431894776814,1.9539889749574184,5.645842069108859
2019-05-15,-11.346026788643574,5.681117729989889,0,0.1157400681986375,2.689588782695396,5.872107542714364
2019-05-16,-11.74624656715358,3.02996652826027,0,-0.005130990144166497,2.8501581428970084,6.5617560924945115
2019-05-17,-11.74624656715358,-1.9543346429376898,0,-0.005130990144166497,2.8501581428970084,6.5617560924945115
2019-05-20,-11.74624656715358,-5.905177564618019,0,-0.005130990144166497,2.8501581428970084,6.5617560924945115
2019-05-21,-11.74624656715358,1.82177456197369,0,-0.005130990144166497,2.8501581428970084,6.5617560924945115
2019-05-22,-11.755930567420645,-1.6501924454846302,0,-0.0010824696402893684,2.9479353469411915,6.373725863362555
2019-05-23,-12.05353141308439,-6.99866358748686,0,-0.08685232238595877,3.1492689144622914,6.731591031653349
2019-05-24,-12.021429203731742,1.00775595690537,0,-0.07399445776847813,3.073552660529893,6.767567872853771
2019-05-27,-11.82721213529264,1.95029743181673,0,-0.026221069626044497,2.9586457039439003,6.547619004034516
2019-05-28,-11.853913743619195,1.5059966151466602,0,-0.04219360702393293,2.947296463396972,6.6699893382942985
2019-05-29,-11.872182038220457,-6.23107818445989,0,-0.05204759686484997,2.9497890389593717,6.729716844362592
2019-05-30,-11.872182038220457,0.83420371543384,0,-0.05204759686484997,2.9497890389593717,6.729716844362592
2019-05-31,-11.877955510082394,-6.05311884880617,0,-0.05444361340071906,2.9399149808767744,6.763731638826354
2019-06-03,-11.345516613525819,2.33380988730095,0,0.2459549750819525,2.225707848832111,6.2098463702296804
2019-06-04,-11.429903180237401,5.80648764434527,0,0.3130107412182348,2.2229321477900017,5.948122233637206
2019-06-05,-11.53044924926565,-1.4156160071470199,0,0.6174951893385096,1.8145771172647476,5.385679492802195
2019-06-06,-11.314263819568101,-3.2364897487383097,0,0.151769411227049,2.6582948298574984,5.715452723292186
2019-06-07,-11.734931954726573,-0.18818551295657998,0,0.00598304891350011,2.886785438257265,6.43020781054299
2019-06-11,-11.734931954726573,4.1484705831412,0,0.00598304891350011,2.886785438257265,6.43020781054299
2019-06-12,-11.734931954726573,-2.06201924776744,0,0.00598304891350011,2.886785438257265,6.43020781054299
2019-06-13,-11.732239572100191,0.97391998923585,0,0.0058514933266118375,2.874127245401054,6.45141198544594
2019-06-14,-11.829041412457876,-3.08510598717907,0,-0.032458676684507845,2.880632277230714,6.71761580663565
2019-06-17,-12.067506301335698,-1.76384037189298,0,-0.08522087619039395,2.946456475186828,7.081064347609162
2019-06-18,-12.072834264530396,7.567195226243579,0,-0.08640913776802511,2.9480153264470177,7.089027049733272
2019-06-19,-11.925562356342066,3.13580713899234,0,-0.059763698906943774,2.947474581459713,6.82262222249693
2019-06-20,-11.941329060231249,1.56084209938513,0,-0.06820496709299473,2.9125881646838745,6.936781249798788
2019-06-21,-11.962028124804323,-2.07943406598964,0,-0.07595380927306847,2.9463274470075955,6.93444635999837
2019-06-24,-11.962028124804323,-0.0029466672418801323,0,-0.07595380927306847,2.9463274470075955,6.93444635999837
2019-06-25,-11.858695432986917,-2.00421576005254,0,-0.05026904434016208,2.9312297619050645,6.74040311047929
2019-06-26,-11.32110772000718,2.41097078415796,0,0.25516351489876427,2.2059247354099862,6.184788591705448
2019-06-27,-11.410131641641787,8.58002223790584,0,0.32575979178774384,2.1981386819685715,5.91978910609359
2019-06-28,-11.487835380121133,1.5193030328914199,0,0.6211486616121378,1.7987628596432153,5.3724783687710485
2019-07-01,-11.288150317956845,1.9502615603420599,0,0.15769526922220214,2.641203899875622,5.693705930607852
2019-07-02,-11.654415759700516,-1.87559600742347,0,0.03283717489666484,2.8327868958492197,6.318828086792685
2019-07-03,-11.654415759700516,3.09146277615337,0,0.03283717489666484,2.8327868958492197,6.318828086792685
2019-07-04,-11.654415759700516,0.75192687330692,0,0.03283717489666484,2.8327868958492197,6.318828086792685
2019-07-05,-11.65203355617901,-3.41602683813875,0,0.03206426216047356,2.8217412041182435,6.341040007692144
2019-07-08,-11.744545997092168,-2.5913389039051595,0,-0.00859330114195668,2.8410060331241316,6.5929934529044685
2019-07-09,-11.995458789779995,-1.35916349026915,0,-0.06808104930900939,2.9298415235328665,6.960707193542925
2019-07-10,-12.027871899170666,-1.78974861880263,0,-0.07958170371395276,3.1250502592886793,6.712550860653325
2019-07-11,-11.847156390988038,-2.3376527111549,0,-0.03635637119661185,3.063895198435879,6.42967362365467
2019-07-12,-11.880271639617682,0.45583458772408997,0,-0.05366158738129484,3.060754965644227,6.55209315436865
2019-07-15,-11.895568966151641,0.8915135903989501,0,-0.060828092740276896,3.090213999963403,6.550610775935566
2019-07-16,-11.895568966151641,2.04201641513299,0,-0.060828092740276896,3.090213999963403,6.550610775935566
2019-07-17,-11.895568966151641,-1.9323318030359402,0,-0.060828092740276896,3.090213999963403,6.550610775935566
2019-07-18,-11.412965268587325,-1.22930604708528,0,0.17876262693246955,2.483500774066703,6.045025456391851
2019-07-19,-11.45315802074186,2.3307144747323196,0,0.2706954624849567,2.4080743874427384,5.7595599306446426
2019-07-22,-11.464498921672579,0.34372451230469003,0,0.5447469902226738,1.9954378248556304,5.214470238239976
2019-07-23,-11.29757300978087,8.01323098098599,0,0.21271260485841864,2.63013218381564,5.422740358083724
2019-07-24,-11.674659015497028,0.2771428180170501,0,0.03700286184550169,2.943289817258192,6.1095699696639105
2019-07-25,-11.674659015497028,-4.32813570579497,0,0.03700286184550169,2.943289817258192,6.1095699696639105
2019-07-26,-11.641471916316888,0.8221708107559299,0,0.04970300253103378,2.8476913057376834,6.1934531704980165
2019-07-29,-11.640077631181601,-1.29339357120004,0,0.047926680520461264,2.839472707726297,6.2167234244329475
2019-07-30,-11.740501907862313,-7.04269224036486,0,-0.0015070707164933266,2.882924630953608,6.479031776925655
2019-07-31,-12.071872023310593,1.6911753346387801,0,-0.08742902777350647,2.92256476167322,7.135571304863653
2019-08-01,-12.134240338542513,-0.6103380497649296,0,-0.1092887820314685,3.1727461130736474,6.8782143161181475
2019-08-02,-11.870665040131428,-11.15096815097458,0,-0.045562600741628684,3.1014674124430552,6.432117342199881
2019-08-05,-12.325177871610684,-8.49923284140812,0,-0.12221500923346182,3.329320170563049,6.872263162830935
2019-08-06,-12.337575337228026,-2.4352748506298196,0,-0.12768580594264092,3.3546630539246207,6.869512180891569
2019-08-07,-12.348600979701871,5.2897978520894,0,-0.13232122755328082,3.3809624968269416,6.860043976753721
2019-08-08,-12.348600979701871,8.703196051528,0,-0.13232122755328082,3.3809624968269416,6.860043976753721
2019-08-09,-11.9304866362085,-1.47533184335066,0,0.05104450644823488,2.9012334180942636,6.37312193752282
2019-08-12,-11.92407717828284,-2.11139357345374,0,0.10251883996780517,2.8820368480203546,6.13124562401816
2019-08-13,-11.417639797488228,2.90638715796524,0,0.5391355953825648,1.9919826682412918,5.21551125372978
2019-08-14,-11.25877249144514,-7.52526532921132,0,0.20913161950293196,2.622689254207869,5.420927309805988
2019-08-15,-11.639810456848984,-4.1427721835799,0,0.03595098488400911,2.931365350054323,6.1026518311993385
2019-08-16,-11.639810456848984,4.78883843226778,0,0.03595098488400911,2.931365350054323,6.1026518311993385
2019-08-19,-11.639810456848984,5.52262763331237,0,0.03595098488400911,2.931365350054323,6.1026518311993385
2019-08-20,-11.640112224908396,-1.49745744891713,0,0.03344709286376901,2.9256561590885597,6.12650114311467
2019-08-21,-11.750249122585037,5.4143070751235705,0,-0.01853706565245616,2.9821869994062173,6.3914068426127715
2019-08-22,-12.019312220833452,0.5457809349830799,0,-0.0862519363220576,3.1050895998637715,6.769226679230572
2019-08-23,-12.022175455239307,-5.7203478774960095,0,-0.09018464980861499,3.276206786298719,6.502103089797765
2019-08-26,-11.71802754601898,1.9462706709588402,0,0.01098989426775878,3.093280929315995,6.007716515545409
2019-08-27,-11.76260571088691,0.88887481985152,0,-0.02160119966742328,3.131548735690721,6.151005667063162
2019-08-28,-11.773971237438538,-0.35946584192764003,0,-0.029041412989765918,3.1591506980662025,6.150972271615037
2019-08-29,-11.782572581938206,3.5938578571881603,0,-0.033623928182221804,3.182733957029318,6.1410441231746695
2019-08-30,-11.782572581938206,1.6635560596139298,0,-0.033623928182221804,3.182733957029318,6.1410441231746695
2019-09-02,-11.308228986439925,-1.8714210776840898,0,0.23880054951871504,2.4483922077280775,5.69824267918505
2019-09-03,-11.354230548080615,-1.40537752751594,0,0.36038209420283185,2.3056060106654828,5.390805974386799
2019-09-04,-11.504479324409377,4.2628417090554205,0,0.6914950270844953,1.7863152369314523,4.946438557383218
2019-09-05,-11.361025516986864,0.86905234057743,0,0.16226317266828888,2.7264569261530256,5.560669489840041
2019-09-06,-11.752290132578665,1.82055241507709,0,-0.012879080977115473,3.01683044632313,6.303229610044859
2019-09-09,-11.752290132578665,3.59255769343714,0,-0.012879080977115473,3.01683044632313,6.303229610044859
2019-09-10,-11.892538973176803,5.42509448253435,0,-0.04716338671246318,3.1106429595477016,6.445762114088808
2019-09-11,-11.795832860422024,1.3783185987852502,0,-0.026091208792464026,3.037250796644104,6.375333809444518
2019-09-12,-11.895554209563452,-0.8329810530484199,0,-0.06201621960357515,3.0525857281558055,6.621301462558341
2019-09-13,-12.143619415686295,0.9380575134298099,0,-0.11491310711537756,3.129516905330128,6.984879471875535
2019-09-16,-12.161135154451305,-0.44533015400629006,0,-0.12545573542369887,3.328238721596341,6.725503746181506
2019-09-17,-11.877249658019348,-2.07363927617092,0,-0.05326679039503469,3.220938853808533,6.268232014270886
2019-09-18,-11.918283133018836,-1.41105708216702,0,-0.07246879966947553,3.228642303137243,6.391787438364793
2019-09-19,-11.929672754760551,2.66918472274173,0,-0.07800378509392827,3.25298687874824,6.388955623385963
2019-09-20,-11.800109354594614,1.2904427552222,0,-0.041152170475720715,3.1921668419496694,6.180210915533658
2019-09-23,-11.800109354594614,-5.272967043402151,0,-0.041152170475720715,3.1921668419496694,6.180210915533658
2019-09-24,-11.319350750418536,-1.52113422572915,0,0.21918789366246916,2.477873045504317,5.7496061210653995
2019-09-25,-11.352388613119759,0.15412839401353004,0,0.3646605148913087,2.298498775684693,5.381500570028522
2019-09-26,-11.495356718726496,-2.92275250926197,0,0.6936694968389583,1.7809655943752927,4.941275240734697
2019-09-27,-11.357346518293443,3.07760226542609,0,0.16515377647407103,2.721179298916373,5.552143391033369
2019-09-30,-11.748994937788996,2.01511335510127,0,-0.011401343837214804,3.014948457463801,6.296002539480736
2019-10-01,-11.727942463885254,-5.26785667700289,0,-0.00038566632190479314,3.0038549922032223,6.240149922362425
2019-10-02,-11.869508977664701,-7.00155004593975,0,-0.03684865489330337,3.1030666807810467,6.385204526333997
2019-10-04,-11.88044718848462,1.9587685937528,0,-0.05418303095510795,3.0846952490337802,6.51310937769996
2019-10-07,-11.972735660275294,2.9877073759093298,0,-0.08260808622481527,3.0789562133258706,6.7499206540946375
2019-10-08,-12.20813004966852,-2.5053280480275797,0,-0.1282564681636057,3.1314205257346495,7.106507041555709
2019-10-09,-12.234466904042224,3.1279449967305903,0,-0.1416512644475631,3.344321934127209,6.849567292481186
2019-10-10,-11.964665710684397,1.91082013803771,0,-0.0817487942630632,3.2733043690182946,6.407926718322257
2019-10-11,-12.00226509606351,6.79086946143566,0,-0.09593477732711655,3.267981983506692,6.524090951711528
2019-10-14,-12.01345702481039,0.8471255590723901,0,-0.1007452220740464,3.290987659415963,6.520191877497044
2019-10-15,-11.889514602384182,4.87627851916886,0,-0.06964330443912714,3.2466071395602274,6.318212893117944
2019-10-16,-11.889514602384182,0.9377703543145498,0,-0.06964330443912714,3.2466071395602274,6.318212893117944
2019-10-17,-11.406322303159532,-1.01119623238439,0,0.15930581386552484,2.5898444360760013,5.912195644784242
2019-10-18,-11.398801227087858,-0.9961390244164601,0,0.1832169690357202,2.560421636101175,5.840785080598641
2019-10-21,-11.477594024509754,3.5358231470872497,0,0.46791680711088385,2.1150486365042585,5.367640243325778
2019-10-22,-11.501404674440312,1.0360032563468002,0,0.058205769031328375,2.886216533794471,5.935902461837465
2019-10-23,-11.154647729250325,3.02261362041777,0,0.031160972835562246,2.7338409539237714,6.013383584054942
2019-10-24,-11.268079689055806,1.7553570290197902,0,-0.02152804912010621,3.1181640883282116,5.6800933000510145
2019-10-25,-11.3949078232679,0.11207074023222002,0,-0.034536006285512705,3.1551114919469,5.8069521138678635
2019-10-28,-11.296179033012148,1.10688594153934,0,-0.020552301670344497,3.091536546254449,5.7510008932164585
2019-10-29,-11.441991295740301,-0.4053020545665099,0,-0.061029021585142285,3.153636577492154,5.988317699494912
2019-10-30,-11.743463243810712,0.4512367215729399,0,-0.11404265640638264,3.2809755272771897,6.330903213273197
2019-10-31,-11.594441050058325,1.2902916399398499,0,-0.06665342032566482,3.0559605933865095,6.336247116280765
2019-11-01,-11.263607640102727,3.0134445998403403,0,0.014950263061377304,2.899773347490794,5.8910345294563555
2019-11-04,-11.317076788436783,7.39119364347286,0,-0.012682525931032125,2.930755532129639,6.022539371667349
2019-11-05,-11.330328739177407,3.01835255770295,0,-0.019092641840595566,2.9568924549825697,6.019620839388115
2019-11-06,-11.180773397084101,1.04974657927587,0,0.01757517473458669,2.884015848174631,5.824499482203826
2019-11-07,-11.180773397084101,5.8783911592385,0,0.01757517473458669,2.884015848174631,5.824499482203826
2019-11-08,-10.593566866152084,-0.43758501567742997,0,0.24194470663283568,2.2108845142640967,5.512139858998485
2019-11-11,-10.669793246582422,-1.3109052331381499,0,0.19282935124710188,2.486803170849625,5.221224450036754
2019-11-12,-10.470918722981317,1.35370223705138,0,0.285894417427595,2.27934202033351,4.99991258269263
2019-11-13,-10.768360321124788,-1.40006716454568,0,0.13822295329920134,2.671962578095756,5.213028775331395
2019-11-14,-11.253810848970064,-0.36756765692516996,0,-0.0343300878477721,3.208046386833029,5.571045211229106
2019-11-15,-11.201769109845456,1.8351010981801599,0,-0.014393029308381608,3.3451835870190774,5.167948808047058
2019-11-18,-11.345230595817519,-2.63378091266149,0,-0.03644043835697734,3.415361067276991,5.306755718529727
2019-11-19,-11.151353683055543,0.41304521075073003,0,0.047666343939115494,3.074864438234431,5.27982176107847
2019-11-20,-11.313098540383823,-1.43368313393434,0,-0.02147667479737581,3.212462122757951,5.555854429766068
2019-11-21,-11.644206705157345,-0.5458735775243599,0,-0.09644103349534247,3.411951021859349,5.927262626388309
2019-11-22,-11.525940732517032,0.62809308357052,0,-0.051188796601288944,3.2094390294166995,5.926495644036806
2019-11-25,-11.167188347259973,3.14514389501227,0,0.07492499761892571,2.9329731696109027,5.422677488388549
2019-11-26,-11.224483373392676,-0.2576448297756899,0,0.025947883807462137,3.0141682395993117,5.583207270741363
2019-11-27,-11.233103971892458,2.06498665688312,0,0.01979133096265452,3.03704128937824,5.581127856734892
2019-11-28,-11.072260629235142,-2.7595304874465003,0,0.07720562310258235,2.9098515918688794,5.360870422037379
2019-11-29,-11.064665601639536,-0.9719946817939201,0,0.08394956385945437,2.8851984664596815,5.365796534457573
2019-12-02,-10.548559643261086,-4.37645341700859,0,0.27763022749934513,2.2912215822378665,5.09393433512871
2019-12-03,-10.497448132184642,0.64120411667836,0,0.2945552429261261,2.29898819346474,4.931567170312956
2019-12-04,-10.467147014899506,4.5919350948636595,0,0.29569198381634937,2.2670390485171112,4.972400711080352
2019-12-05,-10.763075581707767,-1.96095117694315,0,0.14577857314202272,2.662984460710404,5.186389036674614
2019-12-06,-10.608471457379821,2.19316774917293,0,0.006352967587671669,3.003806973337089,5.086840233105748
2019-12-09,-10.503236517479579,-2.09455545477282,0,0.047972853821067474,3.0563688831828557,4.665363664447597
2019-12-10,-10.662924106495574,-0.20928738739665995,0,0.03495276505644356,3.119004967433413,4.77675600446426
2019-12-11,-10.55918167330343,3.09757369939584,0,0.04025918281681633,3.0678985072285814,4.740996321532016
2019-12-12,-10.755947875663706,2.39173450134916,0,-0.008059839247791491,3.1914883496946347,4.966056599231566
2019-12-13,-11.12417472215758,3.0407940711568995,0,-0.0683495496351684,3.396498517990156,5.288904034045561
2019-12-16,-11.040392479287163,2.6237818097639103,0,-0.046929063509077586,3.2625044490240085,5.326498347386778
2019-12-17,-10.626913503562747,-4.74754296571732,0,0.025149117791786822,3.043834741810824,4.934302871047638
2019-12-18,-10.676481604544417,0.1767702839499499,0,0.01980291323610354,3.000999164005288,5.091520921018949
2019-12-19,-10.681379327559235,-0.7026991680897199,0,0.018237499938821303,3.01281695080557,5.08248644105746
2019-12-20,-10.477270576725799,1.34941190284966,0,0.06116581964411323,2.8790364106252593,4.910303489067976
2019-12-23,-10.477270576725799,1.54252947307842,0,0.06116581964411323,2.8790364106252593,4.910303489067976
2019-12-27,-9.979645970560133,0.03868296480681998,0,0.0974820023147969,2.569587138681518,4.8392686041596775
2019-12-30,-9.697568501209844,-2.50064890417075,0,0.370696341702453,2.0241223689518937,4.407113902884127
2020-01-02,-9.66520640726121,4.2221182208759505,0,0.35315283620053917,2.02533296980988,4.464904450491133
2020-01-03,-10.019929922683094,-4.44730857315606,0,0.2660501192554417,2.3188966183079174,4.562292285430308
2020-01-06,-10.10353441087285,-1.9981679580805802,0,0.08255230011465264,2.8027194450406543,4.5748213110030616
2020-01-07,-9.951945905971172,2.76798814127648,0,0.1604108502264814,2.744025775075206,4.1245700331495705
2020-01-08,-10.13227423340289,3.22614938356322,0,0.15598133118267007,2.800150294819992,4.2108831054568086
2020-01-09,-10.017419062152335,2.05634963139188,0,0.15198291441312856,2.7637737188571156,4.1952636493177335
2020-01-10,-10.241761823363605,-0.9129708851176999,0,0.09653839631329016,2.919316885650284,4.406943165347693
2020-01-13,-10.648900799227746,-2.31518161834132,0,0.026405754501686442,3.1630675621548447,4.726449615440405
2020-01-14,-10.569798361985029,-0.15242679253319996,0,0.04383463266517877,3.0449107758178666,4.776068759973036
2020-01-15,-10.156787446906733,-1.05354755006859,0,0.08366456621111887,2.8046188184682057,4.618559295230038
2020-01-16,-10.188047284680465,-1.8931987335731901,0,0.0932718780535471,2.744197908412427,4.720056406586165
2020-01-17,-10.193517727399177,1.39073249889141,0,0.0923336135061822,2.7545153470399635,4.709805213949755
2020-01-20,-9.964529134315434,0.9051775529399101,0,0.13175365299234393,2.61528671684104,4.560394919328041
2020-01-21,-9.964529134315434,0.33376799576569,0,0.13175365299234393,2.61528671684104,4.560394919328041
2020-01-22,-10.006241779232127,-3.08079485393751,0,0.0865665461123422,2.576485337841852,4.90464453229856
2020-01-23,-9.700221402203649,-2.93420393274351,0,0.32890613872989716,2.0748080066397545,4.501522678353089
2020-01-24,-9.673624970381299,3.1245196517167897,0,0.31623206033908313,2.069106168972258,4.554703525163271
2020-01-27,-9.956209490921657,-7.430045603376291,0,0.22941679754325886,2.264829451686265,4.814261996967602
2020-01-28,-10.416824893045902,1.96244137045423,0,0.016929149513545357,2.916604520983575,5.003239916262558
2020-01-29,-10.304351921287864,-0.5724846877257199,0,0.0589969047796248,2.9641958945027183,4.58427438210567
2020-01-30,-10.492862918870621,-5.68307182454817,0,0.03957170342895748,3.03956044792492,4.732084029737254
2020-01-31,-10.388151509088441,-4.301675851517841,0,0.043161647902029865,2.991144604870737,4.700271204254152
2020-02-03,-10.590675432655244,0.054140743256550015,0,-0.0004793682113956516,3.1076452777398105,4.913752727392804
2020-02-04,-10.963633059975345,5.24892765942202,0,-0.05481095381010919,3.2953401988318523,5.233009693893257
2020-02-05,-10.87538587159552,5.052132377361301,0,-0.03435056401353854,3.1611465930826514,5.275802677586993
2020-02-06,-10.485809488515113,0.8098918787359201,0,0.012202659765714942,2.9202542372635145,5.088913497346173
2020-02-07,-9.962967166571094,-3.70040248359184,0,0.097480463302438,2.656662394514841,4.648406215361615
2020-02-10,-9.96849974336368,-2.02879504360876,0,0.09672574909029527,2.666671234147768,4.637702824392841
2020-02-11,-9.732342251838913,2.0867192241032497,0,0.13130405244066873,2.533402375202675,4.49964719046562
2020-02-12,-9.732342251838913,4.7686814034568705,0,0.13130405244066873,2.533402375202675,4.49964719046562
2020-02-13,-9.782900557192129,-3.41604945389822,0,0.08714218240400899,2.4952461997720903,4.839493432758704
2020-02-14,-9.432196174333955,-1.47947136645266,0,0.3131787337794917,2.0124213478376936,4.468703589939595
2020-02-17,-9.408649016389585,0.22753783536749989,0,0.30133374179608874,2.00549439444283,4.5204193837569235
2020-02-18,-9.7077931474997,-3.897615433497,0,0.22494912158623892,2.1879737135539896,4.761966384307382
2020-02-19,-9.930077062991511,0.77848945273319,0,0.05915872854291286,2.7039280363378717,4.71145893515764
2020-02-20,-9.78909838585448,-1.9070359944233302,0,0.10995878472837671,2.71498487789103,4.293603487256089
2020-02-21,-9.967531116943505,-2.8496371265906704,0,0.1055691679729916,2.7684684787095146,4.386944984272521
2020-02-24,-9.857272359891574,-14.14903672963278,1,0.1030806914052711,2.7292571448309424,4.368619358760937
2020-02-25,-10.976880862900009,-3.3204789136040898,0,0.11220974652040641,3.1050489617279338,4.678464819533399
2020-02-26,-11.36045011393678,0.6103148279091801,0,0.03956224269452753,3.3454142020455873,5.0200521435785745
2020-02-27,-11.273592350076187,-9.40659834553085,0,0.0623714383911701,3.209287282785037,5.061076055998787
2020-02-28,-10.861478608998686,-7.792541839586151,0,0.10731715269720457,2.95967882035439,4.885610814870353
2020-03-02,-10.787986288382243,-3.41681313495971,0,0.18498368034365936,2.8294143003001535,4.635576980121164
2020-03-03,-10.79431547025748,-1.4563135299172,0,0.1846583241350765,2.838486953103521,4.624115969481913
2020-03-04,-10.874704640375274,5.6140301885853106,0,0.16414510182743275,2.879869917163777,4.736903744952647
2020-03-05,-10.874704640375274,-3.91301989771818,0,0.16414510182743275,2.879869917163777,4.736903744952647
2020-03-06,-10.884674392497239,-8.69010272694283,0,0.11379601267252801,2.847160463458395,5.100704843939024
2020-03-09,-10.73335744762451,-28.207960536797426,1,0.36807620371647926,2.3266575859374896,4.668329763971007
2020-03-10,-12.168613254982889,-5.44529519188415,0,0.5608382645156291,2.376526710593502,4.596280463081107
2020-03-11,-12.4824961626075,-0.36205853475912997,0,0.4827077120498554,2.5983897213134215,4.859408250335391
2020-03-12,-12.68574766270551,-42.584560777435435,1,0.2748711482467744,3.285587896272414,4.885215388248916
2020-03-13,-13.68089618278437,2.67256026678902,0,0.4613589572619037,3.2706382966664456,4.296990429053231
2020-03-16,-13.90125245733211,-17.74446715044082,1,0.4549550701656411,3.3340817865807404,4.398806455491505
2020-03-17,-13.748760475028716,8.20504539790642,0,0.45027832324276074,3.301611509282239,4.384442208972155
2020-03-18,-14.061307034288332,-18.62169904042944,1,0.4220760785823086,3.4471304252584583,4.56522521378661
2020-03-19,-12.79314408745532,-0.32205623482836,0,0.35985544236945344,3.2095366731155286,4.496141716608042
2020-03-20,-12.612665331042503,19.51367430364185,0,0.3425003544881813,3.145203474043774,4.623368604494022
2020-03-23,-12.033507439480863,-7.8340384012333395,0,0.32888529020967894,2.978343613533582,4.5710401910569916
2020-03-24,-11.829112796508316,32.83109321495027,0,0.4032284133367938,2.773311375887375,4.33579173989432
2020-03-25,-11.843527671329722,3.5624742589828498,0,0.40593873229133604,2.777123428870107,4.319024396099811
2020-03-26,-11.679508956777191,1.63188139639862,0,0.41014691865690245,2.7078911590385566,4.310831647779537
2020-03-27,-11.679508956777191,-10.988430050618431,0,0.41014691865690245,2.7078911590385566,4.310831647779537
2020-03-30,-11.730712138720087,7.47890382172841,0,0.34169369235366975,2.7714476045373138,4.696536441512661
2020-03-31,-11.041966259366621,6.200065386293641,0,0.6259288441653195,1.9965450286004112,4.218944516852751
2020-04-01,-12.652947331639304,-11.49420285090112,0,0.6257255381689346,2.3740305464375986,4.541689397795989
2020-04-02,-13.023755138063366,5.21005544351292,0,0.5598152434318551,2.58899528407838,4.783433616379893
2020-04-03,-13.332664201325162,-0.008322031219560017,0,0.3537265873176494,3.3238215455472355,4.793372200480581
2020-04-06,-13.247223095626472,20.409898643864498,0,0.4332141392426575,3.212961568451206,4.2939387242776945
2020-04-07,-13.464172870103074,7.983349440308821,0,0.42749516972929513,3.274166164267811,4.3940428518607835
2020-04-08,-13.317047561048168,-5.86756255156742,0,0.422876991871052,3.2416398372476865,4.379675544242113
2020-04-09,-13.624480760557706,4.59190479071008,0,0.3951325510047261,3.383188058411541,4.55877152000153
2020-04-14,-13.615051362057436,5.26471439222044,0,0.3915794465372857,3.384080797043734,4.579829602624289
2020-04-15,-13.416651858087405,-14.648925277362801,1,0.37332997200169615,3.3224227917401583,4.709546347911399
2020-04-16,-13.451066107934347,1.25762698865682,0,0.33740318688903237,3.370500602434162,4.933347599454207
2020-04-17,-14.824674261182144,11.11903566899165,0,0.466842451632169,3.4248750488209803,4.94196613542154
2020-04-20,-14.824674261182144,-0.46182439924100993,0,0.466842451632169,3.4248750488209803,4.94196613542154
2020-04-21,-14.630322786324514,-10.87706862076426,0,0.4727429921681833,3.3425503112246577,4.925628711695474
2020-04-22,-13.67683613453788,5.46296416346416,0,0.4084497749329401,3.217867902666927,4.935660609182985
2020-04-23,-13.69771740012403,4.47110494361969,0,0.3868665528846591,3.2498704263701708,5.062486762975313
2020-04-24,-13.40548825986249,-6.02275832217107,0,0.7140547648860867,2.3824876530022525,4.438115412979098
2020-04-27,-15.026609778021934,14.870022767943599,0,0.6608154867023264,2.8586604222101046,4.879145857669615
2020-04-28,-14.63088992192699,6.505685004359091,0,0.525285698568138,3.070063413237996,5.211365642105547
2020-04-29,-14.829750383555206,10.80007983752406,0,0.3447546760860878,3.769704352373778,5.232324864709296
2020-04-30,-14.841702513886284,-8.46858475080056,0,0.4249113932146862,3.6735967871881057,4.692144586939792
2020-05-04,-15.04287674241583,-13.096618691267661,0,0.41394058443184434,3.744678943599857,4.8131124616274015
2020-05-05,-14.884698034963082,9.29951027317019,0,0.4180077835735959,3.689782178933963,4.762649913232684
2020-05-06,-14.860024434762678,-8.25399799288915,0,0.42042641114002177,3.6771370674766604,4.747520623774932
2020-05-07,-14.847692523594278,-1.2148307310488604,0,0.41666504686867917,3.678764131471826,4.769801483627267
2020-05-08,-14.261037508739497,8.857312166458861,0,0.4042503245592632,3.499970613762483,4.7944146317007394
2020-05-11,-14.273430722233043,-0.8080059560610999,0,0.36508980375632116,3.5571411040874485,5.028899308414827
2020-05-12,-15.761265096892458,-0.08180485709318995,0,0.4959122697287345,3.6064863108400544,5.0331866278175434
2020-05-13,-15.761265096892458,-8.02827288400096,0,0.4959122697287345,3.6064863108400544,5.0331866278175434
2020-05-14,-15.565355590644067,-8.66910834385366,0,0.5032592472861271,3.5203247220975253,5.012411053170346
2020-05-15,-14.54831509881686,8.63595145061362,0,0.4403210193016194,3.394306580888767,5.019924246773257
2020-05-18,-14.556085969467489,19.49516654070727,0,0.4169541758937526,3.4315630916869737,5.152600186941927
2020-05-19,-14.49362812001138,1.2469562918493797,0,0.7795252949843285,2.4797920199546555,4.452885621670164
2020-05-20,-16.14337716419708,1.69317859759908,0,0.7100231029494479,2.9937680085305396,4.92538432000413
2020-05-21,-15.063095482996792,-4.7798983133919695,0,0.5359687349144033,3.158122095568904,5.26312392551417
2020-05-22,-15.201141679688519,-0.68141481565812,0,0.3486191956554267,3.8713564406137246,5.3063847881759045
2020-05-25,-15.50184983284596,10.41325727785101,0,0.440210770305307,3.8205019878683046,4.778280349945109
2020-05-26,-15.697516784389592,4.35274841510964,0,0.4269900543442745,3.8972919789188345,4.906820717523602
2020-05-27,-15.54147096693243,6.35300764982478,0,0.432519758197241,3.8388753796298403,4.851676933804544
2020-05-28,-15.518408771328465,0.9279810508833999,0,0.43530883945947474,3.8253978261684978,4.835400744088753
2020-05-29,-15.504008175996365,-6.816205374431081,0,0.4313753804441691,3.8275229316514325,4.858415646086081
2020-06-02,-15.269533968691338,13.744038597540781,0,0.4158924735905498,3.7586420345809675,4.980997983244699
2020-06-03,-15.249168711185792,9.63755844547578,0,0.374125963545337,3.820160125281965,5.229530307609843
2020-06-04,-16.890653089027833,-4.262979192856429,0,0.5084502399420281,3.8708880677677326,5.223240185142496
2020-06-05,-16.890653089027833,11.448356630196521,0,0.5084502399420281,3.8708880677677326,5.223240185142496
2020-06-08,-16.702596288169048,5.139914063847421,0,0.5179264989654675,3.779939735663911,5.1948870417772905
2020-06-09,-15.602041407248663,-5.1122956387408,0,0.4541218290543395,3.6515912301158377,5.203668647118599
2020-06-10,-15.589037794481492,-2.55026657635108,0,0.4289457146396331,3.692280079245565,5.345324607278273
2020-06-11,-14.905647308519345,-16.37961444811958,1,0.7857970872482702,2.552331490051671,4.498045560791015
2020-06-12,-18.15104322581343,2.06141649551028,0,0.7624631141301703,3.2907019910949513,5.079461940055307
2020-06-15,-16.72008089456969,-1.45877627271772,0,0.5664302751562436,3.5060183388667907,5.4819320343263165
2020-06-16,-16.727983048539052,11.295664955020209,0,0.35060224392227113,4.3164009829252175,5.673613899732153
2020-06-17,-17.129335411530874,1.58542862368636,0,0.4438760210491895,4.26488295812123,5.112935882784548
2020-06-18,-17.293635321536236,-0.68695629948951,0,0.4235299223271879,4.358735509659285,5.268283819748909
2020-06-19,-17.15782303635639,2.06908129126314,0,0.434351701387123,4.287948273281758,5.194912389357963
2020-06-22,-17.15782303635639,-1.54497207453929,0,0.434351701387123,4.287948273281758,5.194912389357963
2020-06-23,-17.140415494116674,8.763651949592939,0,0.4306278127631434,4.289662022103737,5.218668761013362
2020-06-24,-16.99565366323501,-10.22381800313833,0,0.35421479311910886,4.381632807696427,5.733158055806792
2020-06-25,-16.929533476472706,-0.5524479311925597,0,0.3224480898259875,4.3962989836064565,5.9852247953472215
2020-06-26,-18.72931055826922,-4.28877715519682,0,0.44551402682547114,4.509048772217325,6.003386945301854
2020-06-29,-18.72931055826922,3.6459394045270694,0,0.44551402682547114,4.509048772217325,6.003386945301854
2020-06-30,-18.537246204209364,-0.46236443985614994,0,0.4542573268906055,4.407023519051876,5.9859169606477405
2020-07-01,-17.327348227086368,-1.65820143103298,0,0.39124057481423036,4.248644693413715,5.98773799681668
2020-07-02,-17.27795922102343,7.27287602396309,0,0.37157156981797845,4.259850837504399,6.134066564670395
2020-07-03,-16.60934999653745,-2.2851058573707594,0,0.6509916140055374,3.242468484224773,5.222298907148136
2020-07-06,-17.991281002102852,4.41819454389527,0,0.5439188285648444,3.8740689710431235,5.8677566357339455
2020-07-07,-16.818835985269835,-4.57072301578431,0,0.39954543173501733,3.936882254509899,6.221677439437608
2020-07-08,-17.135113976942876,-3.9732922215815,0,0.2733030499959256,4.586335724955756,6.263276427682013
2020-07-09,-17.47775802439648,-1.00135416185945,0,0.32620240781507737,4.684611452089285,5.771693387742927
2020-07-10,-17.624017070676448,4.85330749014834,0,0.30720205222407926,4.765790681973503,5.939556271785932
2020-07-13,-17.506100647574364,2.5402866581601,0,0.3192674474429762,4.695817396602983,5.853377773509896
2020-07-14,-17.506100647574364,-1.70268135214581,0,0.3192674474429762,4.695817396602983,5.853377773509896
2020-07-15,-17.27102557709449,3.16384709719926,0,0.3414376838957891,4.557318105944484,5.707140038069566
2020-07-16,-17.15720897839566,-1.06983919404745,0,0.29240688099178,4.54473982934465,6.177830114640356
2020-07-17,-17.083961772817204,1.4816047972131698,0,0.27134513703100804,4.509823398316766,6.414181783982663
2020-07-20,-19.29046984228073,-0.64804457642922,0,0.35414415414333456,4.8840460147229905,6.737474564113853
2020-07-21,-19.29046984228073,4.55045926863186,0,0.35414415414333456,4.8840460147229905,6.737474564113853
2020-07-22,-19.11793183050386,-4.7851129404494905,0,0.36578634634534685,4.772550398958552,6.7059452360219005
2020-07-23,-17.896246752210523,3.49749442511341,0,0.3046221273977644,4.580020117412962,6.696135202729855
2020-07-24,-17.896246752210523,-4.96428078096997,0,0.3046221273977644,4.580020117412962,6.696135202729855
2020-07-27,-17.269650648425817,-2.72483649972903,0,0.530731359623634,3.724530845902456,5.776036915307705
2020-07-28,-18.35823926174866,0.14218839663917007,0,0.39407840901740454,4.39538703276158,6.592896544575922
2020-07-29,-17.24099251832312,-2.80107534378096,0,0.3617069425221696,4.157831066492172,6.472357822706448
2020-07-30,-17.543602286366788,-11.25003491513875,0,0.24932700163696958,4.769450995973655,6.501897080170539
2020-07-31,-18.02029626748758,-4.63031505330121,0,0.2871039339489919,4.9655353739172465,6.087410621202865
2020-08-03,-17.638490215818884,9.95254719442725,0,0.3069560638037328,4.771023113417352,5.944074481504662
2020-08-04,-17.52095281929061,-0.3766862993525598,0,0.31906098945689454,4.700999502956156,5.857783785387688
2020-08-05,-17.52095281929061,-3.77868981649256,0,0.31906098945689454,4.700999502956156,5.857783785387688
2020-08-06,-17.286480628818026,-0.38009711109477995,0,0.3413537378970894,4.562254734326124,5.711048441712702
2020-08-07,-17.171994605143897,1.2649369398936599,0,0.2923236015594235,4.5495535331758,6.181897087812132
2020-08-10,-17.09847537276619,1.7276642551458,0,0.271288876152357,4.514498824868065,6.418228083989982
2020-08-11,-19.30633734841204,9.108275432193901,0,0.3539596139071971,4.889293379709012,6.742201074422866
2020-08-12,-19.30633734841204,1.6878210711026402,0,0.3539596139071971,4.889293379709012,6.742201074422866
2020-08-13,-19.134007979242554,-2.35831793141489,0,0.3656619307022675,4.777627701024638,6.710385533140684
2020-08-14,-17.91142985878856,-2.29931630093176,0,0.30447714404370707,4.585056969574794,6.700623475916343
2020-08-17,-17.91142985878856,0.12902396483689,0,0.30447714404370707,4.585056969574794,6.700623475916343
2020-08-18,-17.288065799335826,-0.69831570782356,0,0.5309785754952792,3.728655050192665,5.778711559204872
2020-08-19,-18.373302717937367,3.9153772727441103,0,0.3936933877718185,4.400943992458171,6.597722084149169
2020-08-20,-17.25637436781819,-5.18965083882755,0,0.3615002691363429,4.162991859340192,6.476632048538246
2020-08-21,-17.557722598497655,-1.96150004064461,0,0.24911804672865434,4.77449614286716,6.5066073758768965
2020-08-24,-17.326187089785805,8.23034301043622,0,0.3830781072158175,4.486160098893883,5.451986965854583
2020-08-25,-17.298470385887427,-1.4864655265421602,0,0.3823976999522015,4.4651262079029514,5.488138821142177
2020-08-26,-17.298470385887427,3.3984712558736905,0,0.3823976999522015,4.4651262079029514,5.488138821142177
2020-08-27,-17.298470385887427,-2.20295077247836,0,0.3823976999522015,4.4651262079029514,5.488138821142177
2020-08-28,-17.045339129393277,-3.51574007645334,0,0.395757786329466,4.34652674051275,5.39078249185045
2020-08-31,-16.92045297402646,-0.3649117267521602,0,0.3327857661413749,4.388558582998357,5.8813831504265774
2020-09-01,-16.85901660951615,0.9088476337329199,0,0.30280416683556705,4.387556297298245,6.14900833725155
2020-09-02,-19.10843784308967,3.74281330124477,0,0.3946428873869269,4.731902814543859,6.43501376304391
2020-09-03,-19.10843784308967,-3.13959091874811,0,0.3946428873869269,4.731902814543859,6.43501376304391
2020-09-04,-19.107617110130104,-1.74801592070726,0,0.37967103052260776,4.73980471203172,6.6055409961446685
2020-09-07,-17.887120085213876,5.51622580630256,0,0.3136342992405257,4.561951966985524,6.630263686591272
2020-09-08,-17.887120085213876,-1.53073235329865,0,0.3136342992405257,4.561951966985524,6.630263686591272
2020-09-09,-17.2911081873641,4.27705254176398,0,0.5535722162234533,3.668587707375936,5.692090007303408
2020-09-10,-18.384125614001697,-1.34445316296243,0,0.41297454063162087,4.353135439081523,6.503973106384095
2020-09-11,-17.250182387629653,1.02333764224167,0,0.37827208024885417,4.122640649420541,6.391467754888984
2020-09-14,-17.52670603940258,-0.71391537414786,0,0.2574019059876293,4.751357826412152,6.439134299074315
2020-09-15,-17.165660652976655,3.0562126392896,0,0.323603987311888,4.496026812476867,5.960099823543716
2020-09-16,-17.166847033109875,1.4801107600626,0,0.32212529886860003,4.498999397082166,5.970497553554526
2020-09-17,-17.166847033109875,0.9167455932705799,0,0.32212529886860003,4.498999397082166,5.970497553554526
2020-09-18,-17.166847033109875,-1.9701322331865703,0,0.32212529886860003,4.498999397082166,5.970497553554526
2020-09-21,-16.914720815214416,-16.05522361170707,0,0.3343366055069613,4.38365456592893,5.870769061095165
2020-09-22,-18.374491306815933,0.9124999017873,0,0.2853796948150701,4.948560265272232,6.502744938047789
2020-09-23,-18.294709480310303,2.04356577447096,0,0.26342981342280264,4.911723149849206,6.764590352646897
2020-09-24,-20.561777923113652,-0.5047976293380699,0,0.3330881335518773,5.331149304972316,7.147616925413223
2020-09-25,-20.561777923113652,-5.99931804515523,0,0.3330881335518773,5.331149304972316,7.147616925413223
2020-09-28,-20.53383550231456,14.617970725116338,0,0.31858010676311543,5.325019770268204,7.328838024760966
2020-09-29,-19.24272829602321,-2.07093050336926,0,0.2537403936056361,5.116791732672498,7.345366486765414
2020-09-30,-19.24272829602321,-1.0926054431889698,0,0.2537403936056361,5.116791732672498,7.345366486765414
2020-10-01,-18.839849442731314,-14.074160354223169,0,0.5405431730283446,4.107466671968299,6.031940029597163
2020-10-02,-19.591488473315312,-4.29275313228085,0,0.343010086370363,4.924913076124079,7.075024794438484
2020-10-05,-18.510955636923953,7.9961097723342895,0,0.33005155048139967,4.6343139027245455,6.885711483830708
2020-10-06,-18.733910284214968,1.74238847756025,0,0.22472584091457098,5.220301208316231,6.936200669502204
2020-10-07,-18.4644067928872,-0.5270530741899802,0,0.2999232921268439,4.959046407286548,6.394120138956577
2020-10-08,-18.464352472896824,3.63949936548692,0,0.298429042387729,4.96184319573104,6.405230599437019
2020-10-09,-18.464352472896824,-0.024694598103809813,0,0.298429042387729,4.96184319573104,6.405230599437019
2020-10-12,-18.464352472896824,0.5917947679558501,0,0.298429042387729,4.96184319573104,6.405230599437019
2020-10-13,-18.24776982219649,-5.906468146741879,0,0.3184953510168338,4.829275697653283,6.273136681871463
2020-10-14,-18.24776982219649,-0.18180057648086984,0,0.3184953510168338,4.829275697653283,6.273136681871463
2020-10-15,-18.16537588164624,-6.272388451314059,0,0.2909695223477863,4.8168189284787655,6.545320186628907
2020-10-16,-20.485367817081354,4.56174034342298,0,0.36874647649777625,5.210869140685865,6.892656132834105
2020-10-19,-20.485367817081354,-0.73958682984826,0,0.36874647649777625,5.210869140685865,6.892656132834105
2020-10-20,-20.55836616800088,-0.6565832223637602,0,0.3865962030524851,5.18059898373118,6.7967940828138325
2020-10-21,-19.216111106780346,-4.885514649326749,0,0.312465505343256,5.0197413846527565,6.84411039029167
2020-10-22,-19.216111106780346,0.22447578098520002,0,0.312465505343256,5.0197413846527565,6.84411039029167
2020-10-23,-18.805577252448902,0.68445542319435,0,0.5990348700215108,3.838409806625088,6.06393502572807
2020-10-26,-19.548953183454074,-2.79744309944134,0,0.3937559626024423,4.6566608358371955,7.088355271451089
2020-10-27,-18.42381667224764,-5.253008948467,0,0.374025035743352,4.38508870484587,6.923646075209817
2020-10-28,-19.161819961861923,-14.84090620055644,0,0.23746926119598735,4.87214427254092,8.012858090373848
2020-10-29,-19.23362555037411,1.19833336344432,0,0.34307056700153615,4.666715957938923,7.3726356740380625
2020-10-30,-19.226981291890567,-0.38970961406734,0,0.3418533118972886,4.665234938663116,7.384302350429596
2020-11-02,-19.226981291890567,7.85339983209941,0,0.3418533118972886,4.665234938663116,7.384302350429596
2020-11-03,-19.226981291890567,7.12440332222388,0,0.3418533118972886,4.665234938663116,7.384302350429596
2020-11-04,-19.111864408587966,5.92347659862294,0,0.40816145520057434,4.409941513818341,7.136025660871675
2020-11-05,-19.111864408587966,6.07814777547729,0,0.40816145520057434,4.409941513818341,7.136025660871675
2020-11-06,-25.43294249848388,-5.628723748348671,0,1.3234243815837816,2.525807992093153,5.907523221605255
2020-11-09,-31.718586088545166,20.861897191349176,0,1.4610603791890482,2.797464123949925,5.980463129841171
2020-11-10,-31.718586088545166,7.380817119466079,0,1.4610603791890482,2.797464123949925,5.980463129841171
2020-11-11,-21.874913203031774,1.51093520310824,0,0.5605046110552887,4.528752820433317,7.450074251766376
2020-11-12,-20.135890143542557,-4.084471628691901,0,0.4293883384752234,4.503985884772865,7.634503742865855
2020-11-13,-20.135890143542557,-0.08080599794798,0,0.4293883384752234,4.503985884772865,7.634503742865855
2020-11-16,-20.133700570360404,2.39897470900793,0,0.6023151884772096,3.9788275160115893,6.879165456439594
2020-11-17,-20.17634850803327,-0.79433951187517,0,0.2983573091147902,4.900514505182978,8.267129393566929
2020-11-18,-19.148772415746627,0.5494418199206,0,0.3041985319738213,4.559490168605889,8.003578341053586
2020-11-19,-19.63702166387631,-3.30979918536666,0,0.22865487316577027,4.664764005157707,9.054274785039183
2020-11-20,-19.789444984703202,3.1838682779383203,0,0.31264439568436175,4.628112966677911,8.380637304355293
2020-11-23,-19.787001999088837,0.95019615960109,0,0.3161948625609533,4.610380414977406,8.381450884224655
2020-11-24,-19.787001999088837,6.5639979512331195,0,0.3161948625609533,4.610380414977406,8.381450884224655
2020-11-25,-19.787001999088837,-0.7607557608961798,0,0.3161948625609533,4.610380414977406,8.381450884224655
2020-11-26,-19.915167167614896,-2.47066057832565,0,0.43175269737175437,4.290533234303346,7.977140946402043
2020-11-27,-19.915167167614896,0.3834341819413301,0,0.43175269737175437,4.290533234303346,7.977140946402043
2020-11-30,-19.9110918559377,-3.2101875506678796,0,0.43665017287481867,4.262849985231728,7.989911537004927
2020-12-01,-23.526733834140323,4.025638686480081,0,0.8586270880015334,3.697574120085786,7.1505604606631685
2020-12-02,-23.526733834140323,-2.38298512546998,0,0.8586270880015334,3.697574120085786,7.1505604606631685
2020-12-03,-21.404713436177126,-1.11078502859614,0,0.4694183273537491,4.668894974023282,7.896074616580284
2020-12-04,-19.956636321918673,2.18324711582534,0,0.3967411234821303,4.5042542441999345,7.867000255904728
2020-12-07,-19.956636321918673,-3.75707956362584,0,0.3967411234821303,4.5042542441999345,7.867000255904728
2020-12-08,-19.672166036949612,0.8582963386181598,0,0.5092584760952856,4.125041236335908,7.228108546546533
2020-12-09,-20.08106216506451,0.2545741916044701,0,0.29159853786149836,4.822972526671036,8.438881215428598
2020-12-10,-19.0502144828316,-2.82646109793822,0,0.294627611931941,4.489105186087906,8.181248268023651
2020-12-11,-19.479632827014953,-4.01853515738841,0,0.2573274642284168,4.424197003128807,9.156267132593609
2020-12-14,-19.705839117365986,3.5115595658337897,0,0.3316088550596559,4.461583538930244,8.496356158186318
2020-12-15,-19.822865989701047,4.3429848858807105,0,0.2904079924399691,4.755433991123098,8.357298242846362
2020-12-16,-19.822865989701047,6.13170974477192,0,0.2904079924399691,4.755433991123098,8.357298242846362
2020-12-17,-19.822865989701047,-0.5047712655953499,0,0.2904079924399691,4.755433991123098,8.357298242846362
2020-12-18,-19.82962712609215,1.5237325867796299,0,0.3728333898473294,4.5067524588474965,8.024699665496737
2020-12-21,-19.82082283045034,-11.296313439226418,0,0.36560479171064075,4.53340547495627,8.032953228826287
2020-12-22,-19.859978727243544,3.7754641904860304,0,0.24542507463048402,4.697316745980988,9.026876442276643
2020-12-23,-21.507785949676546,3.9350191296449206,0,0.4062473218505134,4.727875336469004,8.693743917050975
2020-12-28,-21.507785949676546,2.92334972265699,0,0.4062473218505134,4.727875336469004,8.693743917050975
2020-12-29,-21.451564373115765,-2.13785589104129,0,0.30816496218158046,5.126289411678686,8.871160339793384
2020-12-30,-20.12567270850134,-1.97351684727717,0,0.24661276230072887,4.9069058961350756,8.796002675762363
2021-01-04,-20.12567270850134,1.9011181107022799,0,0.24661276230072887,4.9069058961350756,8.796002675762363
2021-01-05,-19.736889410835918,-1.23101127579547,0,0.30613911547173167,4.703882087726237,8.216448130184276
2021-01-06,-20.327529581178627,7.8207504725686,0,0.19596190088669824,5.031671846133079,9.269698733547571
2021-01-07,-19.363580472805737,3.72407703598484,0,0.20507481304728387,4.689902804841651,8.965376814334398
2021-01-08,-19.51450264066232,-2.57039957957723,0,0.213932860437611,4.294055381567794,9.911629096227056
2021-01-11,-19.834359985647744,-2.71395680113977,0,0.22079597355170216,4.648884764616612,9.36823717004988
2021-01-12,-20.032058634394073,-0.4583906560868001,0,0.1895666610948033,4.941893042174568,9.238508390509187
2021-01-13,-20.032058634394073,2.36692433951892,0,0.1895666610948033,4.941893042174568,9.238508390509187
2021-01-14,-20.032058634394073,0.72969660044039,0,0.1895666610948033,4.941893042174568,9.238508390509187
2021-01-15,-19.927726086969614,-3.48492659528706,0,0.22479632479813239,4.833082569703777,9.004366360449138
2021-01-18,-20.063765257467594,0.88987324410813,0,0.1864361471332352,5.083779182138356,8.99384968511811
2021-01-19,-19.963186719114233,0.19563874964480982,0,0.21013868205507574,4.911943018320535,9.01898306132161
2021-01-20,-21.479846712744497,5.75153264043535,0,0.3360381001397525,5.035406708291845,8.772160570397672
2021-01-21,-21.479846712744497,0.24532758072783012,0,0.3360381001397525,5.035406708291845,8.772160570397672
2021-01-22,-21.685364883844514,6.063042188167491,0,0.3415396154857248,5.254755176057208,8.35040974112751
2021-01-25,-20.262936683856896,-6.54648773978236,0,0.2802043020788803,5.003385782642672,8.321137773108932
2021-01-26,-20.262936683856896,5.04342102964687,0,0.2802043020788803,5.003385782642672,8.321137773108932
2021-01-27,-19.95853045088828,-5.48488119380185,0,0.389476344640011,4.62550020628864,7.635323683782522
2021-01-28,-20.467438061716333,1.43321650622717,0,0.2080859610293293,5.228409356371192,8.841338263627335
2021-01-29,-19.500403538482903,-4.71136818853933,0,0.22187226111614122,4.868879244825399,8.52749167878289
2021-02-01,-19.938851868219672,2.9911499106106403,0,0.17018950713240966,4.83992987984567,9.563575742332791
2021-02-02,-19.83799762949276,5.96166693202635,0,0.23525955567062107,4.642166135828841,9.238260139197331
2021-02-03,-20.01721551502765,2.7484946530761203,0,0.20229313534591675,4.930473153638389,9.115098537305448
2021-02-04,-20.01721551502765,6.55911241270648,0,0.20229313534591675,4.930473153638389,9.115098537305448
2021-02-05,-20.01721551502765,-0.34676295545435987,0,0.20229313534591675,4.930473153638389,9.115098537305448
2021-02-08,-19.918684727516734,-1.86947896140915,0,0.24262169668856726,4.804096524257183,8.869765873571046
2021-02-09,-20.038415833349543,-0.9027533591225,0,0.19947193558927476,5.06366159206477,8.872381240062449
2021-02-10,-19.947424217323864,-0.3181594581278202,0,0.2257066270449198,4.887939434735964,8.890258811238718
2021-02-11,-21.51030610428555,-0.20294916559626006,0,0.3640552428542875,4.968699144897652,8.610871138641638
2021-02-12,-21.51030610428555,0.7455162959780999,0,0.3640552428542875,4.968699144897652,8.610871138641638
2021-02-15,-21.636609967619442,0.7255147277622997,0,0.3163834847550575,5.304314677937521,8.511866595040262
2021-02-16,-20.242064387846522,-1.4392307506862398,0,0.25912450629797457,5.036902829011945,8.468188093874248
2021-02-17,-20.242064387846522,-0.8133806255328401,0,0.25912450629797457,5.036902829011945,8.468188093874248
2021-02-18,-19.758212306433816,-2.3224449794472397,0,0.3256100992723534,4.689033303412852,8.04806374620313
2021-02-19,-19.758212306433816,4.49515477985259,0,0.3256100992723534,4.689033303412852,8.04806374620313
2021-02-22,-18.69856184684755,-1.43652545488646,0,0.32046581249119266,4.3765596074678985,7.825028038717078
2021-02-23,-19.219645242102228,-5.01708465621449,0,0.24928589583574534,4.48252467982455,8.842619378287022
2021-02-24,-19.392947076334515,5.794170640298351,0,0.29086845010905016,4.636945019116006,8.207941959445213
2021-02-25,-19.5082600486608,-5.602544400503521,0,0.29697001382158206,4.74125012029113,8.001998173598219
2021-02-26,-19.5082600486608,-4.59518279065337,0,0.29697001382158206,4.74125012029113,8.001998173598219
2021-03-01,-19.5082600486608,7.410424870487289,0,0.29697001382158206,4.74125012029113,8.001998173598219
2021-03-02,-19.445373440817356,-0.6673992718277699,0,0.360131059501507,4.532620548379452,7.724782159905944
2021-03-03,-19.30325680884326,6.378664745541091,0,0.3245684853672379,4.541680655033339,7.972951187434536
2021-03-04,-19.309271906209517,-0.5497745634136001,0,0.38648663975447406,4.288904758632292,7.917640658505823
2021-03-05,-18.783844199771565,-3.1259033814423702,0,0.4390588839368727,3.9917238448970496,7.593028649127618
2021-03-08,-18.783844199771565,12.18958674801454,0,0.4390588839368727,3.9917238448970496,7.593028649127618
2021-03-09,-18.894476752532587,0.179089836841,0,0.38326868253930024,4.30952398586553,7.485589627986105
2021-03-10,-15.548863246700645,4.99037888593889,0,-0.42682450467766636,5.096858330704859,9.081242407319149
2021-03-11,-15.548863246700645,-6.342130649626529,0,-0.42682450467766636,5.096858330704859,9.081242407319149
2021-03-12,-15.107633670403068,-1.3167301166525198,0,-0.23548669050697935,4.5094326384577315,8.41052632040724
2021-03-15,-15.107633670403068,0.05834549607647002,0,-0.23548669050697935,4.5094326384577315,8.41052632040724
2021-03-16,-14.167763192331465,3.7193588622889897,0,-0.39660960286236857,4.382558596530764,8.470440789629752
2021-03-17,-14.820440563044851,6.2026161197757395,0,-0.6786804431335046,4.774767175432647,9.820325626961733
2021-03-18,-15.065437775793734,6.18185628219117,0,-0.8403681106027234,5.625458143225876,9.812479102890205
2021-03-19,-15.173183976743829,-7.30747284548708,0,-0.903604273440529,5.964808305262801,9.838038440274607
2021-03-22,-15.133810245422284,0.9446309033539798,0,-0.8780571183946528,5.805920886116535,9.850298617432262
2021-03-23,-15.133810245422284,0.2826917499904198,0,-0.8780571183946528,5.805920886116535,9.850298617432262
2021-03-24,-15.119193823244146,-2.24894994657177,0,-0.8812275863293185,5.91867735403107,9.744651927367013
2021-03-25,-15.049036032275051,0.19850549742204004,0,-0.8388782886193991,5.679098039848445,9.7405448198579
2021-03-26,-15.008997550865203,1.75414230122924,0,-0.8147437682842491,5.549112455878194,9.734658461035057
2021-03-29,-14.295184588727516,2.75295978844175,0,-0.45838183955533984,4.591055035312229,8.613185452277332
2021-03-30,-14.295184588727516,6.72169584194075,0,-0.45838183955533984,4.591055035312229,8.613185452277332
2021-03-31,-14.590530823193607,-0.75084642753805,0,-0.6778545033643916,5.550670214727539,8.77438959931806
2021-04-01,-14.375221665640211,-0.5664760001367799,0,-0.5320854924334327,4.900431488029126,8.648231746734663
2021-04-06,-14.375221665640211,2.38334268690043,0,-0.5320854924334327,4.900431488029126,8.648231746734663
2021-04-07,-13.768454079296387,-1.9498624283354498,0,-0.05428228604372098,3.6398642096139433,7.435692925830635
2021-04-08,-13.768454079296387,-1.0110454638959998,0,-0.05428228604372098,3.6398642096139433,7.435692925830635
2021-04-09,-13.768454079296387,-0.2589769206565,0,-0.05428228604372098,3.6398642096139433,7.435692925830635
2021-04-12,-14.54029782285414,-0.4798888165476799,0,-0.555915029917541,4.642573391864426,9.212645574408342
2021-04-13,-13.988274751517121,-0.58315396407593,0,-0.2385953840847846,4.059062591194986,7.9758975867826845
2021-04-14,-14.040270771754594,-1.8420193441797499,0,-0.3323111749544929,4.38544475591719,8.033214117057442
2021-04-15,-14.040270771754594,1.14954376415643,0,-0.3323111749544929,4.38544475591719,8.033214117057442
2021-04-16,-14.040270771754594,7.2999146264714,0,-0.3323111749544929,4.38544475591719,8.033214117057442
2021-04-19,-13.941593782168678,-0.5011689380935498,0,0.038376000295723536,3.5876380381431128,7.149574741487831
2021-04-20,-13.917682495699466,-5.72992830310063,0,0.012701180978248251,3.565790132832232,7.324763300996548
2021-04-21,-13.976457848328195,2.63137527962863,0,0.1335454012416105,3.249445659992835,7.250473483272588
2021-04-22,-13.5258409914214,1.7334493088017302,0,0.21820119154454354,2.973302507189045,6.848896865408042
2021-04-23,-13.5258409914214,-1.61786618923765,0,0.21820119154454354,2.973302507189045,6.848896865408042
2021-04-26,-13.539210091407233,0.7809225886888199,0,-0.16649674327333566,4.086881888440482,7.099537154974863
2021-04-27,-13.502995290994614,-1.9035507124327797,0,0.15118595394574974,3.1889559767712656,6.790268411403921
2021-04-28,-13.502995290994614,1.2770561891841499,0,0.15118595394574974,3.1889559767712656,6.790268411403921
2021-04-29,-12.941156544452873,-4.42251637240821,0,0.21352871961134606,2.8684249279490026,6.52896837074295
2021-04-30,-12.941156544452873,0.35730882266857,0,0.21352871961134606,2.8684249279490026,6.52896837074295
2021-05-03,-12.941156544452873,1.8505443295129,0,0.21352871961134606,2.8684249279490026,6.52896837074295
2021-05-04,-13.694476770212571,-8.41740140438989,0,0.13108070602617486,3.0784157554263745,7.337416148406702
2021-05-05,-13.547286885398602,6.281330857546749,0,0.08476084762405342,3.2502788291216422,7.122424464682125
2021-05-06,-13.57017584341,1.3869710904026,0,0.07584574334179715,3.365891895927389,6.9720755415710975
2021-05-07,-13.57017584341,3.61800955467677,0,0.07584574334179715,3.365891895927389,6.9720755415710975
2021-05-10,-13.57017584341,1.9336615085089202,0,0.07584574334179715,3.365891895927389,6.9720755415710975
2021-05-11,-13.508132618578596,-5.74143678503939,0,0.2129166960869832,3.0744010615804997,6.639588750975973
2021-05-12,-13.443651887609137,6.956976351872479,0,0.15683928455167248,3.1090327519875225,6.863674805334687
2021-05-13,-13.453780718207828,-0.5143253314769299,0,0.2320727906241427,2.880472910749911,6.897103241935551
2021-05-14,-12.918351126980781,5.0976788237600195,0,0.25928616408549476,2.6963031587042474,6.614676092502162
2021-05-17,-12.918351126980781,-1.45047861657649,0,0.25928616408549476,2.6963031587042474,6.614676092502162
2021-05-18,-13.03920226011969,-2.0597620732749897,0,-0.027216254138745,3.6125882022223097,6.5984850969635405
2021-05-19,-12.935597684230153,-6.7012850615884,0,0.21357568323673182,2.874358128876575,6.509852561184504
2021-05-20,-12.935597684230153,2.14446090628605,0,0.21357568323673182,2.874358128876575,6.509852561184504
2021-05-21,-12.987073076562268,1.93988118455572,0,0.014002604526938528,3.5325743719245377,6.447764099612299
2021-05-25,-12.987073076562268,-1.11683139254326,0,0.014002604526938528,3.5325743719245377,6.447764099612299
2021-05-26,-12.987073076562268,-0.3905251780139601,0,0.014002604526938528,3.5325743719245377,6.447764099612299
2021-05-27,-13.80281109713982,-7.143443288974019,0,-0.27346211471345344,4.265946995707628,7.6669686636215175
2021-05-28,-13.45616487136667,3.22366608155183,0,0.26207465053276097,2.9164298989734014,6.619082945953171
2021-05-31,-13.559999652387482,-3.74154347629604,0,0.3113962493316895,2.920347527140712,6.370002874155549
2021-06-01,-13.559999652387482,4.40329835910153,0,0.3113962493316895,2.920347527140712,6.370002874155549
2021-06-02,-13.559999652387482,3.5276433670752,0,0.3113962493316895,2.920347527140712,6.370002874155549
2021-06-03,-13.538710408140302,3.99649930563944,0,0.3015599415921132,2.924134713463289,6.4097616722175434
2021-06-04,-13.430075531905329,1.34918735949442,0,0.217391171663879,3.010709737375474,6.6744618456419875
2021-06-07,-13.46104038323758,2.14465752088248,0,0.3009631341212591,2.774745414814678,6.700322860771262
2021-06-08,-11.563123386405373,-0.85752042127582,0,0.28594018794885434,2.2352743722673516,6.197647061107569
2021-06-09,-11.563123386405373,-0.41305065156109994,0,0.28594018794885434,2.2352743722673516,6.197647061107569
2021-06-10,-11.790929392787621,-2.3238974782540502,0,0.02651613920805062,3.0642257857466833,6.052963751561753
2021-06-11,-11.688249938575979,3.86380150273114,0,0.17827846870766656,2.5104706699721735,6.26454665354589
2021-06-14,-11.688249938575979,-1.15405665138215,0,0.17827846870766656,2.5104706699721735,6.26454665354589
2021-06-15,-11.820007526287291,2.43233802187314,0,0.011176120942387416,3.0924846752461805,6.110191572604343
2021-06-16,-11.820007526287291,-3.50311530520674,0,0.011176120942387416,3.0924846752461805,6.110191572604343
2021-06-17,-11.820007526287291,1.14647517357419,0,0.011176120942387416,3.0924846752461805,6.110191572604343
2021-06-18,-12.745832532276737,-6.593626654613351,0,-0.1497721636816976,3.6077665511344845,6.97779533653628
2021-06-21,-12.18513800569826,3.3739489614386304,0,0.24178757868934786,2.5392012679731923,6.350017561285503
2021-06-22,-12.254397411975344,-1.7455323930790998,0,0.2867266450753683,2.5535531182464197,6.120146409089461
2021-06-23,-12.254397411975344,-3.09177234588255,0,0.2867266450753683,2.5535531182464197,6.120146409089461
2021-06-24,-12.254397411975344,1.5436017538428901,0,0.2867266450753683,2.5535531182464197,6.120146409089461
2021-06-25,-12.240128150338252,2.04461485600105,0,0.27793888940801703,2.554832568590036,6.156073760120689
2021-06-28,-12.186567919604993,-4.33950171944916,0,0.20359654420615714,2.6198770768382555,6.38624312285055
2021-06-29,-12.166705023320137,1.07971577569075,0,0.2745571151333993,2.410581533243481,6.445362287088109
2021-06-30,-11.121385342160558,-3.7074601290822295,0,0.30425535989971997,2.0724512638115256,6.055208919417073
2021-07-01,-11.121385342160558,2.52086824065047,0,0.30425535989971997,2.0724512638115256,6.055208919417073
2021-07-02,-11.44354650996653,-0.9654119468621402,0,0.07541635735909244,2.863721814039506,5.8320945197015135
2021-07-05,-11.243320506096612,-0.9662088887075999,0,0.23637058737099093,2.283114147806223,6.024473796966079
2021-07-06,-11.243320506096612,-6.424619810060579,0,0.23637058737099093,2.283114147806223,6.024473796966079
2021-07-07,-11.425915174086446,2.2062637707115798,0,0.074353445535986,2.858109740665099,5.831020833853721
2021-07-08,-11.425915174086446,-5.10591229978378,0,0.074353445535986,2.858109740665099,5.831020833853721
2021-07-09,-11.425915174086446,5.56277129270861,0,0.074353445535986,2.858109740665099,5.831020833853721
2021-07-12,-12.43429196799579,1.47961318418958,0,-0.05070346080463346,3.3530415356633165,6.581751698625538
2021-07-13,-12.198854659090646,0.12476172204780007,0,0.17356505664826552,2.5869652927580487,6.635191892378935
2021-07-14,-12.255579879131654,0.2122277979107601,0,0.18493018812465467,2.67207764175683,6.44559064728241
2021-07-15,-12.255579879131654,-4.8424243791199,0,0.18493018812465467,2.67207764175683,6.44559064728241
2021-07-16,-12.255579879131654,-2.43088186545771,0,0.18493018812465467,2.67207764175683,6.44559064728241
2021-07-19,-12.255579879131654,-8.79221674402597,0,0.18493018812465467,2.67207764175683,6.44559064728241
2021-07-20,-12.418506435561696,3.07202774129418,0,0.07758901536334742,2.826978492758741,6.867787563558149
2021-07-21,-12.383995894472612,5.57660988675698,0,0.1391959459407372,2.629341382882268,6.912210990676808
2021-07-22,-11.448571545847097,2.48436275701652,0,0.19239762976113695,2.2869518248574003,6.4399676941723545
2021-07-23,-11.448571545847097,2.6684233561769,0,0.19239762976113695,2.2869518248574003,6.4399676941723545
2021-07-26,-11.7577837437397,0.19228553175412,0,-0.01816423638247463,3.0753499382651173,6.229659778976389
2021-07-27,-10.891175599014495,-4.64020042468559,0,0.22023049904100767,2.187357930612891,5.969449283102001
2021-07-28,-10.891175599014495,0.058265879117209984,0,0.22023049904100767,2.187357930612891,5.969449283102001
2021-07-29,-11.108867332977468,2.71796535858811,0,0.074666152652032,2.7396812639661725,5.7442352542523345
2021-07-30,-11.108867332977468,-4.33256360808024,0,0.074666152652032,2.7396812639661725,5.7442352542523345
2021-08-02,-11.108867332977468,4.285244867146,0,0.074666152652032,2.7396812639661725,5.7442352542523345
2021-08-03,-12.157578911726603,-6.26976417346478,0,-0.02210445152903867,3.200509760185888,6.425022925361317
2021-08-04,-11.864853983796626,2.78373924265579,0,0.17770051095871567,2.4663080889833373,6.539526467368777
2021-08-05,-11.922652692130132,-5.692339639277651,0,0.19253595536377438,2.5461369890371737,6.345666886802541
2021-08-06,-11.922652692130132,2.46603423490963,0,0.19253595536377438,2.5461369890371737,6.345666886802541
2021-08-09,-11.922652692130132,-1.31248405270419,0,0.19253595536377438,2.5461369890371737,6.345666886802541
2021-08-10,-11.922652692130132,0.76861119653008,0,0.19253595536377438,2.5461369890371737,6.345666886802541
2021-08-11,-11.89805772586607,2.29852023566131,0,0.15039272293196254,2.550339392343289,6.53368187156524
2021-08-12,-11.838049884955474,3.35996168742318,0,0.2097383795205761,2.3546510624081014,6.593739225197386
2021-08-13,-10.837467995817462,-1.0270935209726,0,0.21990422558225448,2.0547204068776046,6.215656784624411
2021-08-16,-10.837467995817462,-2.32408258360413,0,0.21990422558225448,2.0547204068776046,6.215656784624411
2021-08-17,-11.237901243841462,-0.54561064681212,0,0.036262289411795254,2.8109409776743037,5.9266891872790834
2021-08-18,-10.96476253346842,-0.53742624083508,0,0.17474091195719488,2.248736981781035,6.123036545910109
2021-08-19,-10.96476253346842,-6.387606810760821,0,0.17474091195719488,2.248736981781035,6.123036545910109
2021-08-20,-11.196823883902537,-1.1638798012553,0,0.04478752235469891,2.7916262520570707,5.880343909160018
2021-08-23,-11.196823883902537,1.28324034266184,0,0.04478752235469891,2.7916262520570707,5.880343909160018
2021-08-24,-11.196823883902537,3.03039438828818,0,0.04478752235469891,2.7916262520570707,5.880343909160018
2021-08-25,-12.212716110916741,-1.98143177104323,0,-0.045291181323261195,3.2210776848487432,6.563045332065574
2021-08-26,-11.898568946031329,-0.8948154270214601,0,0.14404711771562662,2.489487661216291,6.693815534537108
2021-08-27,-11.961344012309276,1.53012584052631,0,0.1474659020304822,2.597839469642885,6.512311509890711
2021-08-30,-11.961344012309276,1.1434751978659001,0,0.1474659020304822,2.597839469642885,6.512311509890711
2021-08-31,-11.961344012309276,1.25569167210339,0,0.1474659020304822,2.597839469642885,6.512311509890711
2021-09-01,-11.961344012309276,-2.0038989332078696,0,0.1474659020304822,2.597839469642885,6.512311509890711
2021-09-02,-11.936312084975775,2.58709023308179,0,0.11886095913590922,2.5726609051766536,6.684879551951125
2021-09-03,-11.859844020961695,0.12794908488499993,0,0.17383415465107055,2.374073051040691,6.752716451235786
2021-09-06,-10.892968398036047,4.0490437241045205,0,0.18158363402199065,2.09011069990379,6.363017754048783
2021-09-07,-10.892968398036047,-0.46450496731805,0,0.18158363402199065,2.09011069990379,6.363017754048783
2021-09-08,-11.30504358549273,-7.80226724749189,0,0.0036433080813155975,2.7600472962464107,6.244059913249186
2021-09-09,-10.961400673844633,-0.38464549063976017,0,0.19142366296460944,2.028356594471913,6.523322894067338
2021-09-10,-10.961400673844633,3.0656483284932703,0,0.19142366296460944,2.028356594471913,6.523322894067338
2021-09-13,-11.39572069434132,3.72672764455824,0,-0.012151112368902074,2.8077729319661477,6.320902303332168
2021-09-14,-11.39572069434132,1.4528869939895601,0,-0.012151112368902074,2.8077729319661477,6.320902303332168
2021-09-15,-11.39572069434132,-0.68510086733762,0,-0.012151112368902074,2.8077729319661477,6.320902303332168
2021-09-16,-11.138060776704492,1.3341965323640599,0,-0.09177552882253992,2.852598520868218,6.338513588187595
2021-09-17,-10.803188244160387,-3.2259604984784698,0,0.07058267473759722,2.187993933180738,6.535136737008253
2021-09-20,-10.850965457204797,-8.163674852045249,0,0.06978455332294153,2.302657331162108,6.36258824780751
2021-09-21,-10.891149022739295,5.316127668439139,0,0.06327258925644301,2.3238163253788855,6.388944632292145
2021-09-22,-10.891149022739295,7.2029496956753505,0,0.06327258925644301,2.3238163253788855,6.388944632292145
2021-09-23,-10.891149022739295,0.19760241795707,0,0.06327258925644301,2.3238163253788855,6.388944632292145
2021-09-24,-10.8839998319426,-1.2801814584434201,0,0.04367413845060486,2.2813971551929857,6.543697260278629
2021-09-27,-10.81171504785744,2.5845484734802597,0,0.08818406509077847,2.1045063536588358,6.638337031473002
2021-09-28,-9.872278057577372,-3.6579275028181204,0,0.05617103136001307,1.8513611105494507,6.309038361101801
2021-09-29,-9.872278057577372,3.39583714630909,0,0.05617103136001307,1.8513611105494507,6.309038361101801
2021-09-30,-10.252835540803124,-3.9755442399515104,0,-0.08969362034069195,2.439850399472511,6.140143480005577
2021-10-01,-9.794187530723882,-2.72818750589651,0,0.09155230296687715,1.7284221197683225,6.355754614897361
2021-10-04,-9.794187530723882,-1.68523260840509,0,0.09155230296687715,1.7284221197683225,6.355754614897361
2021-10-05,-10.216029866920175,0.84907641002567,0,-0.08352117006138884,2.4300076714214995,6.0973732750636955
2021-10-06,-10.216029866920175,-4.136241600183141,0,-0.08352117006138884,2.4300076714214995,6.0973732750636955
2021-10-07,-10.216029866920175,6.308182263401579,0,-0.08352117006138884,2.4300076714214995,6.0973732750636955
2021-10-08,-10.268471597200154,2.21069154053513,0,-0.1036353667671899,2.523054884462566,6.067790303266065
2021-10-11,-9.901603656248154,3.06852651900995,0,0.028782361308963698,1.9044829704143327,6.327878102820945
2021-10-12,-9.93608727817913,-2.125651388665,0,0.0295059771466031,2.0131585121987583,6.1559132714832785
2021-10-13,-9.93608727817913,-1.5763080354419903,0,0.0295059771466031,2.0131585121987583,6.1559132714832785
2021-10-14,-9.93608727817913,5.100598978846089,0,0.0295059771466031,2.0131585121987583,6.1559132714832785
2021-10-15,-10.077819835470628,1.7411806807315597,0,0.0026604533981341443,2.0789339864878063,6.269190650044487
2021-10-18,-10.082607573326474,-5.05241258332347,0,-0.010577891082211984,2.0273117615747767,6.413155384949441
2021-10-19,-10.006896389847594,0.9134484359561799,0,0.024922862439681406,1.8642362989404861,6.521108989086878
2021-10-20,-10.023026432274115,1.97934984180063,0,0.02693430206359572,1.916610423105269,6.4326637211046505
2021-10-21,-10.023026432274115,-2.98634384598242,0,0.02693430206359572,1.916610423105269,6.4326637211046505
2021-10-22,-10.385085394524811,2.68072117883906,0,-0.11000916577776693,2.4902987351115895,6.262237698938838
2021-10-25,-8.816336606503452,2.0272797691864004,0,-0.12836034911899807,1.5012124080702216,6.3708262936886175
2021-10-26,-8.816336606503452,3.3584039868201394,0,-0.12836034911899807,1.5012124080702216,6.3708262936886175
2021-10-27,-8.896124289720358,-0.72151172032817,0,-0.2522773610621376,2.052181473649582,5.891355214216002
2021-10-28,-8.896124289720358,-1.7013188789403701,0,-0.2522773610621376,2.052181473649582,5.891355214216002
2021-10-29,-8.896124289720358,0.06612567049304,0,-0.2522773610621376,2.052181473649582,5.891355214216002
2021-11-01,-8.059830570661042,3.16302179182959,0,-0.6218133320058349,1.852788707768608,6.0365618416203235
2021-11-02,-8.696311100155054,4.40434281603072,0,-0.12913285619875367,1.5964320194028492,6.097449064598908
2021-11-03,-8.70461511031904,1.43983220857091,0,-0.13974936841443436,1.7077477363243818,5.950286785144848
2021-11-04,-8.70461511031904,0.6478313861037299,0,-0.13974936841443436,1.7077477363243818,5.950286785144848
2021-11-05,-8.70461511031904,1.34740277654395,0,-0.13974936841443436,1.7077477363243818,5.950286785144848
2021-11-08,-8.839166437349858,0.1382503214918099,0,-0.1755586250434103,1.7766276463378952,6.0616350816462745
2021-11-09,-8.852714152433004,0.6804686133887599,0,-0.1776735295835744,1.7114324918901425,6.181995737691375
2021-11-10,-8.821122968685112,3.04748931270023,0,-0.14352265203862222,1.5796550196725485,6.281780100063567
2021-11-11,-8.822879668248014,2.67321226319496,0,-0.14745379766235892,1.6327405249785092,6.207195862418984
2021-11-12,-8.822879668248014,-1.23596376811494,0,-0.14745379766235892,1.6327405249785092,6.207195862418984
2021-11-15,-8.196539046384853,0.77533326984427,0,-0.7106269032495093,1.8458718380810764,6.307832680015968
2021-11-16,-8.813591365809081,1.5448380130289499,0,-0.12836720819155567,1.5346684090066915,6.3135954979193265
2021-11-17,-8.813591365809081,0.7284528684480701,0,-0.12836720819155567,1.5346684090066915,6.3135954979193265
2021-11-18,-8.856799518175908,-0.51748723537719,0,-0.246439649703533,2.1078627878329197,5.75524788370406
2021-11-19,-8.856799518175908,-3.2264559133527,0,-0.246439649703533,2.1078627878329197,5.75524788370406
2021-11-22,-8.856799518175908,2.2788444637015,0,-0.246439649703533,2.1078627878329197,5.75524788370406
2021-11-23,-8.885589081905167,-1.0267001356282999,0,-0.26568979781466495,2.1808592908190807,5.728269209114943
2021-11-24,-8.784113002557662,-5.5309161224492005,0,-0.1916265688279794,1.8740927397954938,5.894544535683938
2021-11-25,-8.692132005062993,-0.5026082198453999,0,-0.12756380853175947,1.5976477489073204,6.087705044290172
2021-11-26,-8.692132005062993,-16.00461144320676,1,-0.12756380853175947,1.5976477489073204,6.087705044290172
2021-11-29,-10.043241731746262,-0.63832234238612,0,0.07413877959549155,1.9419066707295647,6.242623680400715
2021-11-30,-10.191363501935923,-5.013062178716571,0,0.05311371122864888,2.0021320867593246,6.348870015110345
2021-12-01,-9.757203009543993,10.76835910183244,0,0.3641396527808043,1.2963068621170377,6.3915216903144625
2021-12-02,-9.76037249853662,-1.34934535886276,0,0.29921704548070305,1.3321967482772092,6.5200960825643905
2021-12-03,-9.895949210720623,-3.43827363147493,0,0.2103599191288044,1.535516152081665,6.473959952753774
2021-12-06,-9.895949210720623,3.68156055008437,0,0.2103599191288044,1.535516152081665,6.473959952753774
2021-12-07,-10.572144558327231,0.0,0,-0.062422470026499685,2.436215254968713,6.3643884318685835
2021-12-08,-9.854463640159342,7.07845694630829,0,0.22637251347195897,1.4497106211166029,6.572893355190731
2021-12-09,-9.854463640159342,-1.2885988944411901,0,0.22637251347195897,1.4497106211166029,6.572893355190731
2021-12-10,-10.377833432214342,1.1764863040479001,0,-0.033374047291190354,2.458476741844924,6.019096051587754
2021-12-13,-10.377833432214342,-0.14836837829235,0,-0.033374047291190354,2.458476741844924,6.019096051587754
2021-12-14,-10.377833432214342,-4.20146839433261,0,-0.033374047291190354,2.458476741844924,6.019096051587754
2021-12-15,-10.438891560650411,-0.30520390208084014,0,-0.053961940379014944,2.5568254667170915,5.989157628195085
2021-12-16,-9.591384931569698,4.1454068561802,0,0.03895553613568719,2.0472273150461553,5.713552492797209
2021-12-17,-9.591384931569698,-4.877408125496459,0,0.03895553613568719,2.0472273150461553,5.713552492797209
2021-12-20,-9.591384931569698,-6.75852316275419,0,0.03895553613568719,2.0472273150461553,5.713552492797209
2021-12-21,-9.91468004863841,4.06019145923466,0,-0.04989981436266344,2.459087097874675,5.619380764242873
2021-12-22,-10.056028484726646,1.39533948069904,0,-0.06190989368168493,2.5132165199050354,5.713283041196982
2021-12-23,-10.099309397061418,5.62982030966615,0,-0.07018531500668093,2.436202754057116,5.920718527273769
2021-12-27,-10.163197956006798,2.30421863468395,0,-0.07755593290721738,2.447442708652785,5.9928746759350595
2021-12-28,-10.127192387286513,1.4023872080922002,0,-0.07217313420697907,2.4589085350796727,5.917144570675129
2021-12-29,-9.67891195283622,-1.94521406417049,0,0.040686568856805716,1.9186366698978365,6.0388313209515925
2021-12-30,-9.995452999499351,-0.10150623837365995,0,-0.03718563738990809,2.3714499867467174,5.805470644829899
2022-01-03,-9.737414322871912,5.26380247098159,0,0.027348850148365522,1.9210140800439888,6.1374275884543845
2022-01-04,-9.184318193583382,5.94018367921584,0,0.253850315622348,1.240148372050741,6.300462273196357
2022-01-05,-9.752691150300258,4.31886485352001,0,-0.012079845838431521,2.2261312160587687,5.728881207293828
2022-01-06,-9.859964980919706,-3.39288859787509,0,-0.025887967115385335,2.258119223298306,5.829218310488656
2022-01-07,-9.859964980919706,-1.00501106515919,0,-0.025887967115385335,2.258119223298306,5.829218310488656
2022-01-10,-9.929701562695671,1.3363798631868897,0,-0.044340378394552474,2.356505146554178,5.792920751253904
2022-01-11,-9.66452731183974,4.95009215048186,0,0.0184424613296564,1.9455345360661886,6.048346389398699
2022-01-12,-9.66452731183974,0.37376922890552994,0,0.0184424613296564,1.9455345360661886,6.048346389398699
2022-01-13,-9.66452731183974,0.9675553342139303,0,0.0184424613296564,1.9455345360661886,6.048346389398699
2022-01-14,-10.064938433186231,-0.5388659129319295,0,-0.07058136363191586,2.411417593882927,5.930323744379284
2022-01-17,-10.195842238142173,0.22982884647675003,0,-0.08094657037660069,2.4544609668851676,6.026186356397176
2022-01-18,-10.117856733091157,-3.88643209205467,0,-0.07198574220865493,2.441801016375447,5.936399508242198
2022-01-19,-10.18139389255529,0.23040050682983995,0,-0.0793122305869002,2.4526334126788774,6.008767622745115
2022-01-20,-10.145958765321662,1.80662595917239,0,-0.07399696127650408,2.4646235683794475,5.93299645871773
2022-01-21,-9.700618109285653,-5.02428869845983,0,0.03778302853324897,1.9267108829356179,6.055020126003295
2022-01-24,-10.015640060353439,-12.575052532087932,1,-0.039607273640558785,2.378949011187218,5.821590378286701
2022-01-25,-10.455919480157238,3.06312888282411,0,0.04099533224232179,2.1682325635569106,6.341124677585934
2022-01-26,-9.995015346017226,5.6152352085469,0,0.3176982753227575,1.4403597791108034,6.426361641327743
2022-01-27,-10.466090749507,1.27234352886711,0,-0.003241898568681347,2.4853461228480045,5.93739930084676
2022-01-28,-10.561943053402484,-2.79174171484008,0,-0.021806732437378226,2.518208885398603,6.050263347114544
2022-01-31,-10.561943053402484,3.59427608590209,0,-0.021806732437378226,2.518208885398603,6.050263347114544
2022-02-01,-10.622006062015146,2.77887492779747,0,-0.04384165609928013,2.618729153100297,6.022830787739595
2022-02-02,-10.37912980667792,-1.74461401806256,0,0.034621171911084256,2.1911459323106035,6.245277935070822
2022-02-03,-10.37912980667792,-4.02644640764287,0,0.034621171911084256,2.1911459323106035,6.245277935070822
2022-02-04,-10.37912980667792,-8.06752412726135,0,0.034621171911084256,2.1911459323106035,6.245277935070822
2022-02-07,-10.731690956016983,3.16846323852564,0,-0.07428738807746008,2.667044502110277,6.1738980832151125
2022-02-08,-10.853341136415814,0.22370698278867995,0,-0.08897123304133024,2.7094704549731095,6.2832348937803415
2022-02-09,-10.853341136415814,5.83024693433593,0,-0.08897123304133024,2.7094704549731095,6.2832348937803415
2022-02-10,-10.905674253443639,6.400807808021031,0,-0.09750624332664297,2.714199754919936,6.362151426122578
2022-02-11,-10.905674253443639,2.364722443691,0,-0.09750624332664297,2.714199754919936,6.362151426122578
2022-02-14,-10.502718268834112,-6.79207417275824,0,0.025638059163607417,2.1651319823544894,6.451642908822572
2022-02-15,-10.502718268834112,7.37197009984247,0,0.025638059163607417,2.1651319823544894,6.451642908822572
2022-02-16,-10.545251379140876,-1.2179401559614298,0,0.01461031458725744,2.1723487209143206,6.521674470542266
2022-02-17,-9.939949398408237,-0.11640754093104992,0,0.28184163907705595,1.3795081657193289,6.642066790664394
2022-02-18,-10.55759240906518,-3.05600550690399,0,-0.02079957097303325,2.5175116979108996,6.043035789551142
2022-02-21,-10.542409066576084,-7.151036082595031,0,-0.00983249974385187,2.6115066368084836,5.812348343321304
2022-02-22,-10.542409066576084,-3.8201849008341298,0,-0.00983249974385187,2.6115066368084836,5.812348343321304
2022-02-23,-10.588364227632205,1.4016289190618603,0,-0.031027645990375427,2.7016383253511176,5.78833542135815
2022-02-24,-10.391495809621386,-17.80913366021527,1,0.04446640931929329,2.280180895398649,6.050323285643074
2022-02-25,-11.057200256383002,12.27502197845984,0,0.15436935990769446,2.393673817054453,6.003174280488196
2022-02-28,-11.057200256383002,-6.684759058767489,0,0.15436935990769446,2.393673817054453,6.003174280488196
2022-03-01,-11.442536593153942,-9.042113199806339,0,0.026110360820209448,2.8612041097111067,6.086744657105831
2022-03-02,-12.325225122856402,4.29546583407797,0,-0.028359644108954953,3.181006949823743,6.6598264941055465
2022-03-03,-12.325225122856402,-6.379600852298209,0,-0.028359644108954953,3.181006949823743,6.6598264941055465
2022-03-04,-12.332691860026284,-17.65428802232134,1,-0.029803228333751316,3.182821122215472,6.671468695235463
2022-03-07,-12.332691860026284,-4.06201239515629,0,-0.029803228333751316,3.182821122215472,6.671468695235463
2022-03-08,-11.921278727549684,1.91311641071002,0,0.11284427721840005,2.569488928657789,6.7060893809965645
2022-03-09,-11.921278727549684,23.30919063715649,0,0.11284427721840005,2.569488928657789,6.7060893809965645
2022-03-10,-11.956772901189332,-9.370107577853029,0,0.09963558719758432,2.5803201155175044,6.784451143779574
2022-03-11,-11.354349368291707,6.8693202173133905,0,0.396490840479116,1.6852763029717397,6.83214458387531
2022-03-14,-11.918994263061894,4.92374126847046,0,0.07880016650729899,2.905977222518617,6.206694069554379
2022-03-15,-11.922644609090508,0.8717205526435999,0,0.09999931504701665,2.977464312021943,5.952192190217512
2022-03-16,-11.922644609090508,11.807793966839888,0,0.09999931504701665,2.977464312021943,5.952192190217512
2022-03-17,-11.96782935529675,-1.9717024142255104,0,0.07253659805515808,3.084269503183211,5.94045496423487
2022-03-18,-11.75381291925579,0.37558815376313,0,0.1617064603981298,2.6219108095503643,6.1788483866247494
2022-03-21,-11.75381291925579,0.92308978496821,0,0.1617064603981298,2.6219108095503643,6.1788483866247494
2022-03-22,-11.75381291925579,3.02615265606078,0,0.1617064603981298,2.6219108095503643,6.1788483866247494
2022-03-23,-12.0649894248598,-2.24404092901564,0,0.01768589275727176,3.097936964108505,6.310830047157625
2022-03-24,-12.39263334341896,-0.23794604928573,0,-0.03716935759730502,3.209372773811878,6.722088678276062
2022-03-25,-12.39263334341896,-0.27366523400094,0,-0.03716935759730502,3.209372773811878,6.722088678276062
2022-03-28,-12.399776087332349,1.5622874956753199,0,-0.0385916567659719,3.210939446073036,6.7337469954822184
2022-03-29,-12.399776087332349,11.174996118937722,0,-0.0385916567659719,3.210939446073036,6.7337469954822184
2022-03-30,-12.001535100466347,-6.429487328620221,0,0.10182115979867398,2.606098103054472,6.7667766637325215
2022-03-31,-12.001535100466347,-5.12974163048609,0,0.10182115979867398,2.606098103054472,6.7667766637325215
2022-04-01,-12.035009722802188,2.8024465070191305,0,0.08887382260798493,2.615163949757979,6.84560537092614
2022-04-04,-12.844668784148404,3.4948727861885605,0,0.49683051957154056,1.9701559078698567,6.978466833266814
2022-04-05,-12.94455793289488,-5.13259065360333,0,0.3625364363144301,2.4019272392132844,6.718417915384398
2022-04-06,-13.177978276039306,-5.39951459548792,0,0.23743612706133266,2.875588944987147,6.597961540771592
2022-04-07,-13.177978276039306,-2.26723554645704,0,0.23743612706133266,2.875588944987147,6.597961540771592
2022-04-08,-13.169083588607224,5.596141315221879,0,0.24278689854645477,2.86553976310395,6.577573977297835
2022-04-11,-13.252550186347023,-1.6194890964473498,0,0.17918419414463732,3.0851535829366563,6.581464339694966
2022-04-12,-12.127470316651463,0.050676470970459964,0,0.09980170961438681,2.8148129875198036,6.484218650035119
2022-04-13,-12.127470316651463,0.049183437262760026,0,0.09980170961438681,2.8148129875198036,6.484218650035119
2022-04-14,-12.390592306724864,0.27779300044856997,0,-0.024687311993443917,3.2358631744265223,6.60827932382008
2022-04-19,-12.676138116034421,1.09419909071171,0,-0.07734595494090696,3.3101870414815675,7.034683654671667
2022-04-20,-12.429510506913264,1.6767153717145802,0,-0.04505611030662577,3.212941617778701,6.792916163760815
2022-04-21,-12.436333418195032,0.0,0,-0.0464232684497454,3.2141218330115384,6.804610452282951
2022-04-22,-12.436333418195032,0.41414166866185,0,-0.0464232684497454,3.2141218330115384,6.804610452282951
2022-04-25,-12.035289470135657,-6.818302798577649,0,0.08878856479424807,2.6152532706739633,6.8461230964259165
2022-04-26,-12.062671904819318,-4.816036742581,0,0.08173821568935896,2.626096506345154,6.886318020601264
2022-04-27,-11.872055983736221,0.0,0,0.11143405325002187,2.5436413988482274,6.716203709663661
2022-04-28,-12.60847032232461,1.6216195160644598,0,0.5381083772359361,1.8536138936261182,6.843447795547488
2022-04-29,-12.731350012022963,3.66468671795303,0,0.3940507889392839,2.2953643269867827,6.587412043532005
2022-05-02,-13.003694520087764,-4.58798766880635,0,0.27272089523815807,2.766062351030076,6.450562505150518
2022-05-03,-13.003694520087764,4.06438381434764,0,0.27272089523815807,2.766062351030076,6.450562505150518
2022-05-04,-12.993354698303317,0.3541642124194199,0,0.27787696305614923,2.7557635373050133,6.431207821633256
2022-05-05,-13.087638896484322,-2.06077739503981,0,0.21260143777002705,2.980258194742472,6.431462110901036
2022-05-06,-11.959751628370732,0.0,0,0.12844073241431547,2.7240339644321434,6.348592882185184
2022-05-09,-11.959751628370732,-7.85532431516501,0,0.12844073241431547,2.7240339644321434,6.348592882185184
2022-05-10,-12.336028399005217,8.68282358833746,0,-0.018178066025496493,3.210448210362583,6.56512980032979
2022-05-11,-12.627453764259533,0.42301555939146007,0,-0.07091556123358286,3.2895574501684317,6.988866261245338
2022-05-12,-12.377301854974824,0.5780986741613099,0,-0.039098732549662285,3.190524921451366,6.749873509666452
2022-05-13,-12.384245756761343,0.0,0,-0.04048027538669305,3.1918574752873132,6.761483738293019
2022-05-16,-12.384245756761343,6.7341985142590595,0,-0.04048027538669305,3.1918574752873132,6.761483738293019
2022-05-17,-11.973131378431386,5.178745658656051,0,0.09542914873397798,2.5880752669586524,6.8057566331432415
2022-05-18,-11.973131378431386,-3.7695868013762497,0,0.09542914873397798,2.5880752669586524,6.8057566331432415
2022-05-19,-11.91541905018568,-1.88610715518649,0,0.10827089888559646,2.563316586099951,6.735182915402374
2022-05-20,-12.70136241145331,2.33554660591183,0,0.5428389334432109,1.872525814812135,6.848194165299963
2022-05-23,-12.795128164503708,3.55152162637354,0,0.3936784018483891,2.31538275946846,6.599966699136246
2022-05-24,-13.052452041267536,-4.589602304876,0,0.26914915356527547,2.788286456589515,6.469959181355016
2022-05-25,-13.052452041267536,0.0,0,0.26914915356527547,2.788286456589515,6.469959181355016
2022-05-26,-13.042275370700285,10.8675366581388,0,0.2744161574255145,2.777819068521417,6.450240469070076
2022-05-27,-13.131750536460249,0.0,0,0.20833138561586956,3.0027224901516214,6.453184587309709
2022-05-30,-12.002102128494087,0.0,0,0.12461365831526852,2.744919974298681,6.368418285878969
2022-05-31,-12.002102128494087,4.75292779419793,0,0.12461365831526852,2.744919974298681,6.368418285878969
2022-06-01,-12.309937124407607,2.44077314753572,0,-0.01373936192343765,3.19956736989417,6.535336279525656
2022-06-02,-12.605440109277712,0.0,0,-0.0670450540343418,3.283131793980653,6.958347486011324
2022-06-03,-12.352745128046344,0.23458054100370002,0,-0.03521706698315681,3.1821197610859207,6.720424657277727
2022-06-06,-12.35996163523626,3.80708951788321,0,-0.036612861481465794,3.1836511450862766,6.732034726874412
2022-06-07,-12.35996163523626,-3.0076561199417498,0,-0.036612861481465794,3.1836511450862766,6.732034726874412
2022-06-08,-11.945165041112633,0.34569063389944005,0,0.10101196123931208,2.5758326341329782,6.775141959547696
2022-06-09,-11.945165041112633,-3.76012010547862,0,0.10101196123931208,2.5758326341329782,6.775141959547696
2022-06-10,-11.93310025425442,-10.99601193597799,0,0.10415336622137077,2.5709626989351366,6.757553779435195
2022-06-13,-13.297674674673928,-6.47271157940375,0,0.5317848927337249,2.041473260284055,6.9908112291640485
2022-06-14,-13.314979378026308,-2.3981273029876604,0,0.3767560977281364,2.4920310572115434,6.761285739050574
2022-06-15,-13.572001843536492,2.12626958027961,0,0.19984135161760758,3.069767944070839,6.800338788367329
2022-06-16,-13.572001843536492,-12.233854948026341,0,0.19984135161760758,3.069767944070839,6.800338788367329
2022-06-17,-13.739978277760422,3.1508766213656503,0,0.2073248499484924,3.115855613665854,6.816558284888265
2022-06-20,-13.788895787070443,2.64238834670303,0,0.13642212477167434,3.3449519244815997,6.846250570096176
2022-06-21,-12.66120484272276,-1.2731604441766,0,0.07120305390870521,3.048438803539592,6.71126559146799
2022-06-22,-12.66120484272276,-5.61429175310481,0,0.07120305390870521,3.048438803539592,6.71126559146799
2022-06-23,-12.891789310118895,-10.22066257217333,0,-0.06283848046419283,3.4667512116683046,6.906355481732964
2022-06-24,-13.135350309210445,2.0929608895960503,0,-0.11903391581466477,3.517636371793206,7.357847615872101
2022-06-27,-12.91487534555655,5.266822503121181,0,-0.08029602838931132,3.4266555656662065,7.0902718366774895
2022-06-28,-12.920450087793128,2.3731291922956,0,-0.0817192777314174,3.427092431904103,7.102488524505235
2022-06-29,-12.920450087793128,-9.69257022974407,0,-0.0817192777314174,3.427092431904103,7.102488524505235
2022-06-30,-12.588521490044805,-7.35040237824911,0,0.0613863851325378,2.8366228404329377,7.102439970998524
2022-07-01,-12.588521490044805,0.3831295532422601,0,0.0613863851325378,2.8366228404329377,7.102439970998524
2022-07-04,-12.588521490044805,-0.15015128606166006,0,0.0613863851325378,2.8366228404329377,7.102439970998524
2022-07-05,-13.592506833152063,-8.58704070866852,0,0.46876278558703555,2.2110990256092613,7.19944649119204
2022-07-06,-13.624037799438529,3.45197495378661,0,0.33226643618381935,2.651660454234199,6.957479998827914
2022-07-07,-13.774349422108402,7.09012074380349,0,0.2734007934883195,3.0508019084504783,6.541771402862908
2022-07-08,-13.774349422108402,5.9949527120729496,0,0.2734007934883195,3.0508019084504783,6.541771402862908
2022-07-11,-13.561102204027456,-9.04391113165226,0,0.3619055320599359,2.821492158400817,6.252066470950987
2022-07-12,-13.57511413497392,0.0,0,0.27069972236161144,3.0777676737128905,6.29807732335577
2022-07-13,-12.390955129445661,-2.53422563628814,0,0.18190511639741958,2.8434089281305246,6.226451193192823
2022-07-14,-12.390955129445661,-3.7217286377387007,0,0.18190511639741958,2.8434089281305246,6.226451193192823
2022-07-15,-12.629799061194996,10.46417253390442,0,-0.000837023143438384,3.367686858921803,6.47985258408923
2022-07-18,-12.92150183806164,1.8973866157394499,0,-0.07268992877636463,3.495173486032246,6.939964405952907
2022-07-19,-13.13750746422318,11.843155191722241,0,-0.10422822518679575,3.541450393373954,7.244372794619601
2022-07-20,-13.142817617297851,1.56216985549537,0,-0.10563039878542899,3.5415780677108657,7.256775790846543
2022-07-21,-13.142817617297851,-3.04498689378371,0,-0.10563039878542899,3.5415780677108657,7.256775790846543
2022-07-22,-12.846415933422783,-2.4140657815526203,0,0.04137778658466103,2.9568839537019547,7.232960470805765
2022-07-25,-12.75211489117652,1.7221788212568403,0,0.04600674666943933,2.9151491420576137,7.194118942808447
2022-07-26,-12.75211489117652,-3.9593925836337904,0,0.04600674666943933,2.9151491420576137,7.194118942808447
2022-07-27,-13.829209966871923,1.1072770387875601,0,0.45819799317046894,2.293650319764273,7.270019290733078
2022-07-28,-13.824578888035699,3.85233721269872,0,0.31645550423020724,2.740859702625028,7.0422371930044765
2022-07-29,-13.945161352914873,3.6035816471493898,0,0.24774458268697508,3.1571357465889918,6.64746728468803
2022-08-01,-13.87953104865708,-1.3882552613969201,0,0.2554506176945007,3.120114154722109,6.612541133646101
2022-08-02,-13.87953104865708,3.1291879784652803,0,0.2554506176945007,3.120114154722109,6.612541133646101
2022-08-03,-13.88311496298893,-3.3555382079155005,0,0.1699149776783173,3.3655465253088828,6.670352801175467
2022-08-04,-12.730415464436634,-1.35679917012403,0,0.09647856423310999,3.0898201589742085,6.555160633546114
2022-08-05,-12.655114241702629,-7.36331652998187,0,0.10695780432895165,3.0453553670974425,6.50834206836632
2022-08-08,-12.866525074085697,2.00206011617853,0,-0.04835309404100298,3.501462916895489,6.7419821673241715
2022-08-09,-13.126963333958685,-5.47268657045452,0,-0.11459635751772229,3.59036405619704,7.206903006976237
2022-08-10,-13.32329415046918,3.1275037947498197,0,-0.1428105976171939,3.6120165656724224,7.513254503052898
2022-08-11,-13.32329415046918,-0.10896517222714003,0,-0.1428105976171939,3.6120165656724224,7.513254503052898
2022-08-12,-13.32329415046918,7.475503411066049,0,-0.1428105976171939,3.6120165656724224,7.513254503052898
2022-08-15,-13.04621238696176,-1.32307030322514,0,-0.013167029204746071,3.067884408073808,7.506389214415023
2022-08-16,-12.95745670503641,2.66555827392899,0,-0.00596969503586969,3.0241233092219018,7.46072750575053
2022-08-17,-12.810216131609067,-7.3134404142709,0,0.025715402041998764,2.943068191899148,7.303189135455848
2022-08-18,-13.811180332376814,3.53803618369818,0,0.39231452720704674,2.385292455708199,7.437856642490653
2022-08-19,-13.856566739445103,-3.9657687252472,0,0.2688362437478672,2.824442165715165,7.190780506174246
2022-08-22,-13.973619437863565,-9.83424364862784,0,0.1934627777274166,3.266278761408591,6.812838194264955
2022-08-23,-14.106759126089255,1.69978490484511,0,0.10626571725509738,3.4793769782840758,7.0885378663452485
2022-08-24,-14.106759126089255,1.04710201653576,0,0.10626571725509738,3.4793769782840758,7.0885378663452485
2022-08-25,-14.130790546777371,2.84352910043202,0,0.03883558823450914,3.6940124778148777,7.134414170448582
2022-08-26,-13.034848995835603,-5.68648490022736,0,-0.0028106566055139627,3.3466662798259303,6.93429548346937
2022-08-29,-12.967114619232433,-4.48962251529682,0,0.012018553421345626,3.2970936911937114,6.87481376297932
2022-08-30,-13.154368161185234,2.75533071821068,0,-0.10742748800854554,3.666545779383511,7.070306759862692
2022-08-31,-13.301190582978574,-1.6424224259488598,0,-0.14515548762123381,3.6839052085086337,7.387644239866621
2022-09-01,-13.485270308907602,-5.0940328547025295,0,-0.17216194832818738,3.6917052420567336,7.696767095764257
2022-09-02,-13.485270308907602,11.049176837414459,0,-0.17216194832818738,3.6917052420567336,7.696767095764257
2022-09-05,-13.485270308907602,-7.915424634083649,0,-0.17216194832818738,3.6917052420567336,7.696767095764257
2022-09-06,-13.229239049159897,1.36286962608052,0,-0.0522000330358811,3.1754401508771237,7.694147591454534
2022-09-07,-13.144226302437058,1.7284869022406502,0,-0.04272831789125711,3.129560710200737,7.6423760975273165
2022-09-08,-12.98933739531773,-1.1637009774107998,0,0.007126459239374635,3.194180576726735,7.113599274177608
2022-09-09,-14.080675601199829,4.403853359795431,0,0.15137591914732687,3.1271291417935108,7.49689837497063
2022-09-12,-14.097245901497585,7.750079567746479,0,0.24662648522428382,3.094976426081343,6.951085971478896
2022-09-13,-14.1178782279145,-4.494961592381061,0,0.13308138761025423,3.4352732892667897,7.010388289056375
2022-09-14,-14.064324155818259,-2.29800869522232,0,0.14769488017983107,3.386844683803618,6.958780399153232
2022-09-15,-14.064324155818259,-1.78542132618234,0,0.14769488017983107,3.386844683803618,6.958780399153232
2022-09-16,-14.080896253893759,-3.82387379938887,0,0.07381921966996416,3.6128752829478277,7.0120396957731295
2022-09-19,-12.969898399290514,2.84908308540184,0,0.023140106758488557,3.2856828029051215,6.8363343326111
2022-09-20,-12.90069963761167,-3.11344085390231,0,0.03731147576548982,3.2365680975258355,6.779342781614549
2022-09-21,-13.092681637328626,1.9017724906393398,0,-0.09262444583791492,3.6307089485509714,6.988553902816127
2022-09-22,-13.24495560963075,-4.54029464839118,0,-0.13280256510777583,3.658584238321866,7.308221870945335
2022-09-23,-13.434449808368345,-8.07872193376767,0,-0.16118849099746496,3.674411877536736,7.617957397232081
2022-09-26,-13.434449808368345,-1.75990614010136,0,-0.16118849099746496,3.674411877536736,7.617957397232081
2022-09-27,-13.434449808368345,-1.1303417336630899,0,-0.16118849099746496,3.674411877536736,7.617957397232081
2022-09-28,-13.22298338699677,1.1745525222725401,0,-0.0503874382959725,3.1717167013837857,7.685360851855174
2022-09-29,-13.137750228930848,-5.676642066488229,0,-0.04098631226762105,3.1258758445961234,7.6337352514876
2022-09-30,-12.981958312699842,3.54333972259402,0,0.009370699285317176,3.1885805949024566,7.104450309018143
2022-10-03,-14.075041325635544,1.9071331053864402,0,0.15496007259442723,3.119265121338402,7.485271541219663
2022-10-04,-14.075041325635544,9.59438673210626,0,0.15496007259442723,3.119265121338402,7.485271541219663
2022-10-05,-14.166148687644364,-3.8779401603470904,0,0.03554150729854411,3.5020949512308652,7.553420652005174
2022-10-06,-14.113492306510548,-0.40472551334474993,0,0.049011581864879736,3.458455372121236,7.501241090196643
2022-10-07,-14.113492306510548,-3.36210235032658,0,0.049011581864879736,3.458455372121236,7.501241090196643
2022-10-10,-14.19179984620149,1.8827838252785702,0,-0.024296306537641983,3.7686998651673997,7.4549477817787295
2022-10-11,-13.123310783612634,1.56537778408746,0,-0.05066117867856676,3.3872677082823968,7.21080579882261
2022-10-12,-13.05823131821369,2.0415620096253697,0,-0.03757393496239703,3.343608317330669,7.1526686901554815
2022-10-13,-13.245512773525476,5.360635202737289,0,-0.13294580048043259,3.6604561083820766,7.306487527569317
2022-10-14,-13.374796109642062,-1.59579188065097,0,-0.1618923992293992,3.6424585649647616,7.612410344669422
2022-10-17,-13.541005435930838,7.160872672401419,0,-0.18267735148274805,3.6207460614391325,7.915139063190757
2022-10-18,-13.541005435930838,1.6512150685323301,0,-0.18267735148274805,3.6207460614391325,7.915139063190757
2022-10-19,-13.541005435930838,-0.23270098733026998,0,-0.18267735148274805,3.6207460614391325,7.915139063190757
2022-10-20,-13.290819932023677,-0.14121587210444,0,-0.07489014989463065,3.104225634683983,7.988769789613683
2022-10-21,-13.20897576892326,-0.7155136986045,0,-0.06634600848432862,3.0627384127386126,7.937669118389994
2022-10-24,-13.102948825525072,5.36751024146815,0,-0.043378969890723595,3.224770813057356,7.437042235778245
2022-10-25,-14.102952695713636,1.40840885187549,0,0.08528502995445698,3.15044342726963,7.872375154763832
2022-10-26,-14.102952695713636,3.8556703037826803,0,0.08528502995445698,3.15044342726963,7.872375154763832
2022-10-27,-14.236362355666618,1.0655687927332502,0,-0.022057302076355506,3.52719686484535,7.918394177365421
2022-10-28,-14.185695849554993,0.4911961277654799,0,-0.009885042191514634,3.488810248675934,7.866931737724826
2022-10-31,-14.185695849554993,0.21113099346559996,0,-0.009885042191514634,3.488810248675934,7.866931737724826
2022-11-01,-14.062027329501579,3.6358185977910003,0,0.11268563093221878,3.2220790839456868,7.523282251169144
2022-11-02,-12.950769883867082,-2.66773946741669,0,0.058155099301451324,2.904222430663263,7.350810716432967
2022-11-03,-12.880439873093334,-7.444598966709109,0,0.07126309378116807,2.8601951996438517,7.2976013375912725
2022-11-04,-12.810302014212706,10.20653123997037,0,0.11646057233180923,2.565952882621844,7.584448708361014
2022-11-07,-12.80914040155079,3.60494515659624,0,0.0904375563946033,2.4569008238556895,7.926623859803161
2022-11-08,-12.853719269353892,-3.8248762784999903,0,0.5974694501551848,1.529704224455802,7.784404195379786
2022-11-09,-12.853719269353892,-3.7950001579617103,0,0.5974694501551848,1.529704224455802,7.784404195379786
2022-11-10,-12.853719269353892,9.62973640758382,0,0.5974694501551848,1.529704224455802,7.784404195379786
2022-11-11,-12.818676040286054,0.82400633565198,0,0.5297616285640332,1.599949800704473,7.88642312657217
2022-11-14,-12.675945455139917,3.3717292279835305,0,0.52174446987755,1.5719688293093603,7.8708782013869865
2022-11-15,-12.92475051597161,4.39813368352881,0,0.038419385101133186,2.717247317686068,7.780325255666417
2022-11-16,-14.117872251527185,-6.307149261075459,0,0.05367402186150991,3.1276572180447815,8.112145916358092
2022-11-17,-14.117872251527185,6.2649590958293,0,0.05367402186150991,3.1276572180447815,8.112145916358092
2022-11-18,-13.257400547516392,6.85817586961753,0,0.03194390273281408,3.086321985484684,7.449066355207682
2022-11-21,-13.197896118274539,-2.12759805738447,0,0.03821393462734377,3.0558649612139597,7.413482129628971
2022-11-22,-13.197896118274539,2.19799550886054,0,0.03821393462734377,3.0558649612139597,7.413482129628971
2022-11-23,-12.999146015844143,-0.61316261780208,0,0.14876829411593473,2.7945573191880815,7.13019813176449
2022-11-24,-11.88579510359521,2.35474573043273,0,0.05086364181732579,2.527827419116857,7.0445089062055555
2022-11-25,-11.80889113199509,0.66874797704794,0,0.05812520084785644,2.491296678841559,7.005274290991441
2022-11-28,-11.665527407279189,-0.47622919656893015,0,0.14394523422185668,2.1888688233629257,7.089720261495985
2022-11-29,-11.980226967199048,3.09772270351923,0,0.003073482974838079,2.552505846759933,7.302242329475861
2022-11-30,-12.115193229569664,-0.6254117672772499,0,0.0012073430975906236,2.4785582616860022,7.580476973290405
2022-12-01,-12.115193229569664,-0.15646459433048993,0,0.0012073430975906236,2.4785582616860022,7.580476973290405
2022-12-02,-12.115193229569664,0.57007813059989,0,0.0012073430975906236,2.4785582616860022,7.580476973290405
2022-12-05,-12.287202952487984,-1.9940024669433103,0,-0.05301208614252738,2.6831153577350007,7.613693617688121
2022-12-06,-12.199563103633388,-2.40899144568623,0,-0.049294941956762456,2.645513032023932,7.576116553430135
2022-12-07,-12.391144926166099,-1.5576094768975197,0,-0.13591273187274844,3.324809918890247,7.0107082296081025
2022-12-08,-13.569879092907938,-2.72243865526507,0,-0.11352333431896142,3.7764496842297204,7.337090548231222
2022-12-09,-13.390008907789184,3.25570756957997,0,-0.03504483437545747,3.41735949221846,7.340374594725057
2022-12-12,-13.238197302054477,-0.55243612626367,0,0.04099368833246245,3.0790276932165055,7.394936716227303
2022-12-13,-13.17800339779443,0.16555986069908996,0,0.04724971015295394,3.04819097157507,7.359652704117862
2022-12-14,-13.17800339779443,-2.32995071624147,0,0.04724971015295394,3.04819097157507,7.359652704117862
2022-12-15,-12.979405649508937,-8.54552597986344,0,0.16419710026085832,2.77303085391731,7.069013558386674
2022-12-16,-12.042103361472698,-4.44097446316042,0,0.010871968705014789,2.6125989182253884,7.219670520477893
2022-12-19,-11.968563916781608,2.44331876841692,0,0.019075693448486628,2.5763596571781227,7.177075639420872
2022-12-20,-11.826361279642976,0.6399504287933199,0,0.09118310947662706,2.289669613462659,7.272990977681863
2022-12-21,-12.123980991219302,1.86885966749396,0,-0.026709841172819992,2.609455520286576,7.4695672447428265
2022-12-22,-12.244118729014005,-2.9951599002381704,0,-0.025751318703053912,2.5176947118869686,7.7494725849497605
2022-12-23,-12.244118729014005,0.36832349620833,0,-0.025751318703053912,2.5176947118869686,7.7494725849497605
2022-12-27,-12.244118729014005,0.66095235616405,0,-0.025751318703053912,2.5176947118869686,7.7494725849497605
2022-12-28,-12.41018119555481,-0.94968002062309,0,-0.07463750199601926,2.711380009314913,7.7780705993437245
2022-12-29,-12.325058683414788,3.40745894747444,0,-0.07026919824523663,2.6744333918679075,7.73819714932087
2022-12-30,-12.52483668688178,-3.01903774535872,0,-0.1541561270121386,3.3657002456484753,7.164331624975521
2023-01-02,-13.689352375425901,5.392091704940741,0,-0.13820706272535493,3.8238398435006977,7.513770758222366
2023-01-03,-13.51689161758908,0.34698291590285,0,-0.06642103526778931,3.4813094478106956,7.525581053323787
2023-01-04,-13.062759871348902,6.22870103168163,0,0.14435114011206973,2.5162690604300466,7.8004889625098155
2023-01-05,-12.99603689846118,1.3678671462071499,0,0.1491601417929681,2.48753775945576,7.7699158501261305
2023-01-06,-12.99603689846118,3.1745373844645903,0,0.1491601417929681,2.48753775945576,7.7699158501261305
2023-01-09,-12.944769790790602,4.66292333701499,0,0.20451925053595665,2.4629348248509775,7.4870252938223745
2023-01-10,-11.836556269824893,4.423191953775099,0,0.0995564435259235,2.2104834666227515,7.405912271758998
2023-01-11,-11.756974502803157,6.38406779202286,0,0.10667074102308172,2.1750440166460674,7.36803531559824
2023-01-12,-11.77163314754,3.7403930982066997,0,0.09673855476557533,2.1791430555102878,7.415374725599101
2023-01-13,-11.47256087537805,0.4771679373960801,0,0.017347547128872286,2.3603123179358017,7.08984018333998
2023-01-16,-11.621684684412495,0.07689438748761,0,0.015116766739414434,2.2987314799604377,7.3620446205889465
2023-01-17,-11.969491819875245,1.26646000168655,0,-0.0777291793576458,2.894820471863813,7.037620962266944
2023-01-18,-11.969491819875245,-1.91605909036361,0,-0.0777291793576458,2.894820471863813,7.037620962266944
2023-01-19,-12.06171965951313,-5.608087370883521,0,-0.09583097317235222,2.996926933565871,7.037457095914975
2023-01-20,-11.974928751735828,2.04598653826549,0,-0.0922703048586456,2.958157174869429,6.999963999322
2023-01-23,-11.91856069266719,2.3811741568366602,0,-0.11573863012504468,3.345373788110131,6.408011621207908
2023-01-24,-13.093144539380177,-0.93745872480413,0,-0.06624980725038454,3.563696483250686,6.959106129964524
2023-01-25,-12.883661260443368,-0.40760207893226996,0,0.013836697731384878,3.1923368338215967,6.975081075175387
2023-01-26,-12.399404900682622,2.47703674401431,0,0.2229240676076506,2.2656575210597465,7.288088604776801
2023-01-27,-12.324690021672211,0.0,0,0.22384819762423197,2.240012880729938,7.266668934989427
2023-01-30,-12.324690021672211,0.019562470564629935,0,0.22384819762423197,2.240012880729938,7.266668934989427
2023-01-31,-12.21617548717395,1.81889108412601,0,0.29736831441965234,2.152424352345734,6.99051021939453
2023-02-01,-11.124436407206844,1.3534345010615598,0,0.16372669893260927,1.9534762123437615,6.962708044621795
2023-02-02,-11.037383138354034,3.6425297624165394,0,0.165481650531292,1.921806227701459,6.936224985829049
2023-02-03,-11.061967258456836,0.4740094595231101,0,0.15237653311493826,1.9359079897944547,6.982255667784386
2023-02-06,-11.301040691014217,0.6642136878237799,0,0.05919706801937083,2.3085866652585523,6.845277908771305
2023-02-07,-11.48101577100886,0.16745807956960007,0,0.050021284537604876,2.281627270731115,7.114665107098723
2023-02-08,-11.801779759492884,5.43650557242078,0,-0.048540785689742766,2.8562124635318145,6.806713265625728
2023-02-09,-11.801779759492884,5.0354907865774,0,-0.048540785689742766,2.8562124635318145,6.806713265625728
2023-02-10,-11.895549274821384,-4.05627965335584,0,-0.06798172220471392,2.9605964983321105,6.807494934378729
2023-02-13,-11.805614086295666,1.39143863076991,0,-0.0651244508624258,2.9210801169860527,6.772614261782937
2023-02-14,-11.724536722599868,0.8666472987712601,0,-0.08690342569148028,3.276227956032711,6.188300320018139
2023-02-15,-11.649433685713499,3.3031727620293,0,-0.0806975663032719,3.1104550616720386,6.364197482228005
2023-02-16,-11.51102690933569,-1.85054954960988,0,-0.030303746707165173,2.9460800792496364,6.273264690566576
2023-02-17,-11.42719919247228,-1.3690976224023,0,-0.0029835292586953897,2.572425523315986,6.738729649308918
2023-02-20,-11.364345204995736,-0.9229080645908,0,-0.0014581144650740057,2.5468181139604353,6.7160770931271845
2023-02-21,-11.364345204995736,-1.09139750180115,0,-0.0014581144650740057,2.5468181139604353,6.7160770931271845
2023-02-22,-11.185301945635388,-0.17856530898937,0,0.03272757823412997,2.483178893928632,6.508678136834639
2023-02-23,-9.880861080254215,3.79057719749793,0,-0.2644853201644948,2.222677382560324,6.65974097146548
2023-02-24,-9.808612041048484,-7.821638324144631,0,-0.25415148743868615,2.1812173236863774,6.6199558898060715
2023-02-27,-9.710483416511748,2.56550197249538,0,-0.13703456979474188,1.6712231782011813,7.008650794014004
2023-02-28,-9.847819075072852,-3.7823066284290796,0,-0.23165555258774295,1.9853458955124554,6.88971067060236
2023-03-01,-10.03890118978857,2.14362661506202,0,-0.21303544417735293,1.9335285153550048,7.111927642366284
2023-03-02,-10.211412539769778,0.2511138005477801,0,-0.34748418164002537,2.462189562759713,6.880466549802968
2023-03-03,-10.211412539769778,5.282104592995081,0,-0.34748418164002537,2.462189562759713,6.880466549802968
2023-03-06,-10.27432516509942,0.33106865189067,0,-0.3770628843009074,2.5554541407938833,6.899418302557077
2023-03-07,-10.173765044714651,-0.77761867657767,0,-0.36739084547973117,2.4936047380786954,6.854608027311467
2023-03-08,-10.06082987036906,3.27773287159657,0,-0.3929147913431634,2.864682061321515,6.32565464846536
2023-03-09,-10.0260062626242,-1.3087104618165601,0,-0.36344865854160324,2.6775283838729513,6.450596082055892
2023-03-10,-9.964957230973111,-4.21712596652313,0,-0.3370871533942684,2.6146140093758543,6.397552759541298
2023-03-13,-9.925647251886794,-11.24354515735377,1,-0.2735375368039716,2.1921771521362654,6.772770876008732
2023-03-14,-10.242765103352646,6.282305639649239,0,-0.31517621455064965,2.365503195894006,6.956482107545668
2023-03-15,-10.242765103352646,-8.833818332477449,0,-0.31517621455064965,2.365503195894006,6.956482107545668
2023-03-16,-10.122642777786737,3.21978715144131,0,-0.26984872713396857,2.3458984459145533,6.738226662823415
2023-03-17,-10.122642777786737,-3.4806752032436994,0,-0.26984872713396857,2.3458984459145533,6.738226662823415
2023-03-20,-10.051617138934425,2.2487787162827804,0,-0.25497044974334127,2.300290120722583,6.691213314794103
2023-03-21,-9.94865575949194,6.637638094566601,0,-0.15661176832905693,2.019460927362892,6.7391565621141645
2023-03-22,-10.005118484952687,1.4145776372880001,0,-0.21768394942603558,2.2453863865350545,6.619521627246623
2023-03-23,-10.464053027881695,-0.42098327209394004,0,-0.3407413171164832,2.4142435057699254,7.179892032766254
2023-03-24,-10.561571292066535,-5.00792832406547,0,-0.45386651198224365,2.874464244411338,6.991381003909954
2023-03-27,-10.561571292066535,2.47840077121335,0,-0.45386651198224365,2.874464244411338,6.991381003909954
2023-03-28,-10.615776252952953,2.9878917122315802,0,-0.4861981836053454,2.9647844895079905,7.025635190010947
2023-03-29,-10.513129557985511,2.76100613386823,0,-0.45910078404636423,2.880603686408808,6.950043835044111
2023-03-30,-10.382543476658508,4.14605689333274,0,-0.46659954861548647,3.221770919702093,6.420892996867976
2023-03-31,-10.3525848534906,2.3686946220860996,0,-0.4329633443823892,3.0316207164290128,6.5243689174730015
2023-04-03,-10.303559623410951,-0.25936157943802,0,-0.40595988964229424,2.9753947168242862,6.464485231430022
2023-04-04,-10.379869856681358,-0.32048868618687004,0,-0.35557071882198443,2.419527789765379,7.128181989514044
2023-04-05,-10.320979482405434,-3.546042577393101,0,-0.34272692819033895,2.3801186772558065,7.088502183596308
2023-04-06,-10.320979482405434,-0.7218174685497399,0,-0.34272692819033895,2.3801186772558065,7.088502183596308
2023-04-11,-10.21248407301265,3.4692039415423697,0,-0.3060256429901307,2.3823155196836034,6.877679582775251
2023-04-12,-10.21248407301265,2.37412140156402,0,-0.3060256429901307,2.3823155196836034,6.877679582775251
2023-04-13,-10.14366784712665,0.8601585514282901,0,-0.2896057595373308,2.336925385308298,6.827443025026049
2023-04-14,-10.026969969808693,3.12152817204435,0,-0.19460492436141397,2.0687004630773576,6.845506475769927
2023-04-17,-10.083511883337657,0.41024321116043,0,-0.25335615492511054,2.2947275175768738,6.726667613479444
2023-04-18,-10.521865168807063,0.7682008154648401,0,-0.36885381122361716,2.4344171762699798,7.28533825876436
2023-04-19,-10.618075402453087,-0.90923981042929,0,-0.47654123140627536,2.8896965144780715,7.092352429804145
2023-04-20,-10.618075402453087,-4.57746549907654,0,-0.47654123140627536,2.8896965144780715,7.092352429804145
2023-04-21,-10.740201659222691,-0.16178555790274,0,-0.5343209605621244,3.010615153086585,7.227817202580576
2023-04-24,-10.64059904524755,0.13953975777255995,0,-0.5036055594162372,2.925975085279479,7.145106993261565
2023-04-25,-10.306138474191794,1.45031235881403,0,-0.4429128795346841,3.2374094252861436,6.250195163402839
2023-04-26,-10.27926605126986,-2.1258464850859498,0,-0.40969301899278276,3.0516616861484067,6.353547275941914
2023-04-27,-10.221689164064616,0.13864324400623995,0,-0.37408234149238484,2.9765267540175877,6.281182581509256
2023-04-28,-10.273727172743275,1.8983486861011498,0,-0.3227887300671888,2.468934524459904,6.865238604248267
2023-05-02,-10.211644182426635,-2.19750185317834,0,-0.3105273032926176,2.42703230006998,6.826890735159736
2023-05-03,-10.211644182426635,1.89204592415461,0,-0.3105273032926176,2.42703230006998,6.826890735159736
2023-05-04,-10.079781876734394,3.6181498448432103,0,-0.2548937897141579,2.3832555875520858,6.59795202338033
2023-05-05,-10.082128551616176,5.89162388533258,0,-0.2603989502866373,2.4195078701308224,6.563689248862399
2023-05-08,-10.008489172085469,0.16892538896544004,0,-0.2442596621811169,2.3699134502430192,6.514915910540072
2023-05-09,-9.899053283881411,0.39632447011738997,0,-0.13202532958083024,2.0875584442889563,6.509291549535725
2023-05-10,-9.930423021997804,-1.055934051138,0,-0.17995911694273958,2.2777732230616783,6.382933743445696
2023-05-11,-10.436323284997197,-8.251920578078801,0,-0.34670528406599344,2.54461188734407,6.991679644400429
2023-05-12,-10.645512937344465,-0.05221985793250998,0,-0.4878695340641567,2.9038679772657208,7.13371842717015
2023-05-15,-10.645512937344465,0.21402389295633,0,-0.4878695340641567,2.9038679772657208,7.13371842717015
2023-05-16,-10.764514134265479,-0.53587464705925,0,-0.543545599779174,3.019077185294699,7.267062911480936
2023-05-17,-10.665637896908358,3.35283748521275,0,-0.5123052218591926,2.934759911612794,7.183191342474389
2023-05-18,-10.341203485536505,5.699395518498259,0,-0.4566139919198511,3.2643440083676802,6.295542285213193
2023-05-19,-10.314144317608626,3.02302165997874,0,-0.42362160440318897,3.078198936979433,6.3981076674700965
2023-05-22,-10.259996206090788,-1.76946392674021,0,-0.39136350860830765,3.0102580833580914,6.3301007401346086
2023-05-23,-10.399708545045286,-0.9200419925490502,0,-0.3564465287178826,2.386409345815524,7.194819208250541
2023-05-24,-10.341461833365194,-4.04946033807043,0,-0.3435710900131037,2.3476970963162205,7.15522013935778
2023-05-25,-10.341461833365194,-0.0031316881770399735,0,-0.3435710900131037,2.3476970963162205,7.15522013935778
2023-05-26,-10.237797421731589,5.473476775646071,0,-0.30955454595887366,2.3581488674433873,6.946459472620452
2023-05-29,-10.28838521164488,-0.58435336351969,0,-0.35546727561561275,2.5535890774359955,6.856238176822612
2023-05-30,-10.1769222824896,-1.51471048917161,0,-0.301126449867238,2.357478595068894,6.863443179246275
2023-05-31,-10.064128198442472,-6.76049095600723,0,-0.20981978937614615,2.095495065576648,6.883235553259061
2023-06-01,-10.119743601674225,3.2317641002088697,0,-0.2678814318245898,2.3210345648281856,6.765665320667875
2023-06-02,-10.119743601674225,5.54212250188056,0,-0.2678814318245898,2.3210345648281856,6.765665320667875
2023-06-05,-10.190784715586524,-1.15061701632245,0,-0.3526988173026933,2.7163761782078732,6.531587855164425
2023-06-06,-10.190784715586524,0.44948941470464004,0,-0.3526988173026933,2.7163761782078732,6.531587855164425
2023-06-07,-10.34110910538913,-0.055643480537789995,0,-0.416337900014786,2.87370974565094,6.663908566204752
2023-06-08,-9.95745760816416,0.8486526708949201,0,-0.5732570033430492,2.7965655773785705,6.790203017312189
2023-06-09,-9.54161233360781,-1.8321103025061398,0,-0.4594518237602587,2.9766173408321217,5.8607826743128495
2023-06-12,-9.521411305169122,3.46545393425971,0,-0.42632979165788654,2.801338199930782,5.9652733123977715
2023-06-13,-9.45448900166905,4.32330421985416,0,-0.3776384395515756,2.7067113268864933,5.881486839210581
2023-06-14,-9.696286719770786,1.6827474428941196,0,-0.4063668256891795,2.2534646197151504,6.789648435115606
2023-06-15,-9.625882016152172,0.5545888320386,0,-0.39526328554314905,2.206410268857586,6.754442047635605
2023-06-16,-9.625882016152172,-0.9286223608675099,0,-0.39526328554314905,2.206410268857586,6.754442047635605
2023-06-19,-9.547510281710126,-2.28810733522926,0,-0.35360977744617716,2.0906520697471485,6.733311762946023
2023-06-20,-9.593179948141183,-2.97165779591091,0,-0.3984144699402713,2.276553708550626,6.637954107868931
2023-06-21,-9.478457323772806,-1.29197879873072,0,-0.34717804455903234,2.0853069034919107,6.656666553119377
2023-06-22,-9.370973366874802,-1.39154240942431,0,-0.2634557162168687,1.8450253563963894,6.694834165221796
2023-06-23,-9.421259396296938,-2.67094658166491,0,-0.31815158738530114,2.057496841298488,6.569892643928827
2023-06-26,-9.421259396296938,-1.2061584136323,0,-0.31815158738530114,2.057496841298488,6.569892643928827
2023-06-27,-9.481533407323095,0.5816712480959699,0,-0.3968609587760358,2.4295439632391513,6.32376681226358
2023-06-28,-9.481533407323095,-1.3702375503349,0,-0.3968609587760358,2.4295439632391513,6.32376681226358
2023-06-29,-9.636989076501399,0.05562491192116995,0,-0.4598036903366215,2.5842465555526686,6.442243015468314
2023-06-30,-9.636989076501399,2.9335517643371203,0,-0.4598036903366215,2.5842465555526686,6.442243015468314
2023-07-03,-9.144818661075536,-2.9781767157544903,0,-0.34722478000567186,2.673419913263662,5.527344749586835
2023-07-04,-9.132181521737497,-1.54283974237139,0,-0.32297393030358723,2.5196068275609567,5.654268348542335
2023-07-05,-9.039618860063822,-0.55214056353234,0,-0.25678063142889207,2.3864147275123853,5.558713691358311
2023-07-06,-9.359619258834217,-10.14337440452399,1,-0.3196037936177376,2.0577276751220133,6.511349253130279
2023-07-07,-9.685259889475654,-0.24961881529059998,0,-0.4051855326030549,2.2463287328878576,6.785080002748712
2023-07-10,-9.685259889475654,3.1202834865635203,0,-0.4051855326030549,2.2463287328878576,6.785080002748712
2023-07-11,-9.606919710728356,0.72094548465556,0,-0.35960766660242544,2.1266553321664734,6.758220799983862
2023-07-12,-9.653067173997975,3.3529800963075895,0,-0.40789207625589585,2.316789155079381,6.668400472195977
2023-07-13,-9.613390170936556,1.8163785437787898,0,-0.3689508989524163,2.1708369705472403,6.727517299394217
2023-07-14,-9.510881698384855,-0.7921667675646499,0,-0.27387002154114837,1.9214578880241056,6.748134328792107
2023-07-17,-9.561266100254317,-0.59413814763706,0,-0.3379786970649651,2.1446851458256755,6.637176675905176
2023-07-18,-9.561266100254317,2.78957018323729,0,-0.3379786970649651,2.1446851458256755,6.637176675905176
2023-07-19,-9.623186977417918,-1.14973411775176,0,-0.4277234773471467,2.5324260211451697,6.41198247095371
2023-07-20,-9.623186977417918,3.95335942698604,0,-0.4277234773471467,2.5324260211451697,6.41198247095371
2023-07-21,-9.77653797031779,-0.38355880591171,0,-0.5008765576157053,2.695811516012591,6.5491823213813305
2023-07-24,-9.77653797031779,-0.25686611685579996,0,-0.5008765576157053,2.695811516012591,6.5491823213813305
2023-07-25,-9.629032283152192,0.76133188549591,0,-0.4866569556859477,2.9102442645946365,6.1061965903915425
2023-07-26,-9.601807674105965,-2.18362060644366,0,-0.4513025738522258,2.7248270825086727,6.210617024940886
2023-07-27,-9.547999413361772,7.17551128781619,0,-0.4185255795248508,2.6612288455562423,6.1486345052410165
2023-07-28,-9.649396099875094,0.5192324338994201,0,-0.39049989776577754,2.2366400599342837,6.72742697133179
2023-07-31,-9.658768990344777,1.47687264669642,0,-0.44335925280557853,2.5549370900412454,6.458982722801328
2023-08-01,-9.658768990344777,-8.82543354653836,0,-0.44335925280557853,2.5549370900412454,6.458982722801328
2023-08-02,-9.590412014165285,-3.2567288166611705,0,-0.4054034781117748,2.4484921923625977,6.429776345103038
2023-08-03,-9.605564389609217,-4.04238991960169,0,-0.4320906715381849,2.590868206789028,6.3316445278504805
2023-08-04,-9.588368561201978,2.86923049974218,0,-0.4089538840463386,2.4793652139659015,6.396974778140223
2023-08-07,-9.538942952825412,0.80573050894612,0,-0.3613410139643841,2.313779365466859,6.443958352518393
2023-08-08,-9.535738292407625,-3.7607777670079403,0,-0.38060919014288863,2.4507219205447752,6.308422240737716
2023-08-09,-9.535209216668624,-0.51948698928526,0,-0.3801577255577788,2.449350963235157,6.308520635714652
2023-08-10,-9.530832573427064,-3.10000868118355,0,-0.4216738701301642,2.72949759655421,6.053011728082238
2023-08-11,-9.530832573427064,-3.59379048782874,0,-0.4216738701301642,2.72949759655421,6.053011728082238
2023-08-14,-9.657231279016933,1.3174831641221099,0,-0.46088267282623435,2.599384255696557,6.44649946592839
2023-08-15,-9.657231279016933,-3.2666046981332797,0,-0.46088267282623435,2.599384255696557,6.44649946592839
2023-08-16,-9.504321180064327,-0.80505382333173,0,-0.4502093102373489,2.8086237947353503,6.0058219218945705
2023-08-17,-9.479052996044565,-1.6980493911411199,0,-0.41817822234497304,2.6298746289928268,6.118807081589466
2023-08-18,-9.41969445956604,-3.89970405159272,0,-0.38434437969099455,2.5608419457803473,6.057527877074239
2023-08-21,-9.53304725741206,1.01044233044605,0,-0.36187988453511954,2.156823142314015,6.649277270040119
2023-08-22,-9.537898750826448,2.0389389279058703,0,-0.40902125947990586,2.462802547914802,6.367995205515321
2023-08-23,-9.537898750826448,-1.02981972446738,0,-0.40902125947990586,2.462802547914802,6.367995205515321
2023-08-24,-9.4698895216505,-3.49636354846432,0,-0.3759882923006076,2.3619001153139685,6.347887697695716
2023-08-25,-9.482928534873032,0.62906963949305,0,-0.3994512289110185,2.4980431031965753,6.242885172755863
2023-08-28,-9.466913902313884,1.91657966444293,0,-0.37876941192498303,2.3909792107802885,6.313582544384033
2023-08-29,-9.41631616828459,3.07935385226945,0,-0.33484411792645885,2.2294632879090757,6.368809127818791
2023-08-30,-9.40985613321712,-2.12176299182628,0,-0.3504441828500451,2.3587463119965655,6.226562622976674
2023-08-31,-9.409372074422055,0.58346751492594,0,-0.3500221653641814,2.357404764143179,6.2267920055506405
2023-09-01,-9.399831552234613,-3.4519916870728693,0,-0.38593802408364086,2.624284831876212,5.958800656019391
2023-09-04,-9.399831552234613,0.30802614082888,0,-0.38593802408364086,2.624284831876212,5.958800656019391
2023-09-05,-9.553482786799371,2.0359175498861,0,-0.46872082752358146,2.8930497581923853,6.001964506970131
2023-09-06,-9.553482786799371,-1.7991534290787,0,-0.46872082752358146,2.8930497581923853,6.001964506970131
2023-09-07,-9.292781145490538,-1.67296120011598,0,-0.3779757610027741,2.772607695892443,5.633791495087076
2023-09-08,-9.277123119580317,1.00185096634171,0,-0.3497111576259216,2.6101387573254855,5.752447646444882
2023-09-11,-9.191547326595568,2.83740109141538,0,-0.2857135299355651,2.4928652055749554,5.642532401924694
2023-09-12,-9.401351775925914,-1.7242047203252897,0,-0.33348360004843397,2.2656009096309018,6.300984766121706
2023-09-13,-9.361875752392258,-5.31430956575754,0,-0.35358007060126,2.4976944730767525,5.999681445809873
2023-09-14,-9.375605227963636,1.3591757477098099,0,-0.3472359366574631,2.4098769213570286,6.114767933758291
2023-09-15,-9.288359592665506,3.92486389880307,0,-0.30810914555072766,2.2943060890610436,6.0822929191001105
2023-09-18,-9.294706160857842,-2.9600467074779697,0,-0.3275646196985067,2.4173818707684047,5.9704931286034455
2023-09-19,-9.28178643183528,-0.4538667992752099,0,-0.3080625356903115,2.316538130384872,6.0445276658950124
2023-09-20,-9.22656333742643,4.292578958421591,0,-0.2554325615117984,2.1449365858160276,6.094329852973434
2023-09-21,-9.205530192613352,-5.506799031745,0,-0.25766024387825015,2.243420385434992,5.935625397643153
2023-09-22,-9.213461824926688,-0.79340219133815,0,-0.261682935631339,2.2422413568224293,5.956323552321563
2023-09-25,-9.186763976127024,-5.41721407964409,0,-0.2869683479168714,2.473397010015987,5.6691504531993395
2023-09-26,-9.186763976127024,-4.6776694694995,0,-0.2869683479168714,2.473397010015987,5.6691504531993395
2023-09-27,-9.359986136181925,4.158802789617,0,-0.38908172963412113,2.778976452179495,5.72535009385941
2023-09-28,-9.359986136181925,0.59208565301803,0,-0.38908172963412113,2.778976452179495,5.72535009385941
2023-09-29,-9.070903780129703,-0.51647725279214,0,-0.28418065897389333,2.6097385578065326,5.350742309105961
2023-10-02,-9.062713928773913,-2.41698777845838,0,-0.2616387587145567,2.464330215443689,5.482830551844388
2023-10-03,-8.947884666571134,-4.130419136527809,0,-0.13871118588320538,2.252664934140018,5.311388471071568
2023-10-04,-9.210554921431042,1.3084542380399098,0,-0.24894988830619247,2.1613630096763177,6.037021261983067
2023-10-05,-9.147730659933249,-3.0298398670692404,0,-0.24933909639146257,2.342440450634858,5.7094511629995495
2023-10-06,-9.147730659933249,3.75931264147435,0,-0.24933909639146257,2.342440450634858,5.7094511629995495
2023-10-09,-9.267340291091172,-4.0160395194893495,0,-0.31046515620573745,2.381196117195678,5.946339402925251
2023-10-10,-9.263763831732168,9.023042925925939,0,-0.3235603613172628,2.4881953746437864,5.830869025876933
2023-10-11,-9.257944135854627,2.24442144498831,0,-0.3083571772486826,2.39843705707683,5.907053305155643
2023-10-12,-9.213457356618221,-2.56044467674056,0,-0.2615235033538549,2.241072183127739,5.957580802761244
2023-10-13,-9.213457356618221,-4.627189116542111,0,-0.2615235033538549,2.241072183127739,5.957580802761244
2023-10-16,-9.212718514615155,1.29059872814221,0,-0.2609594208317904,2.2394712398097862,5.9576233852572935
2023-10-17,-9.186683345099244,-1.25136681700218,0,-0.2866343144228566,2.4715387936553386,5.670732814877644
2023-10-18,-9.192165271051618,-4.625124343029411,0,-0.29566990959512673,2.5128889014135734,5.6442001204408125
2023-10-19,-9.357963079453725,-4.00398611025809,0,-0.38619879655207207,2.7647011055271085,5.733577696648027
2023-10-20,-9.385344812601561,-5.5882495793781795,0,-0.38430581938518604,2.6673000976080123,5.883298709092951
2023-10-23,-8.957074233550657,-1.00080642485139,0,-0.12449222984382671,2.0907904659127023,5.5395321926082834
2023-10-24,-8.919308610757387,-0.33555068630742996,0,0.2942377834154346,1.4676587293129404,5.367209882918287
2023-10-25,-8.925196326785144,-2.2137610257705003,0,-0.06860614775134156,1.992718855957181,5.502440642137779
2023-10-26,-9.056850193010455,-8.37105919610875,0,-0.16283513114409764,2.0564335624185706,5.80622614250591
2023-10-27,-9.239304487699604,0.22825209438862995,0,-0.2869513364039872,2.4270654726060483,5.787533720653627
2023-10-30,-9.249189183874272,0.5735826205898001,0,-0.29285750863261084,2.4304306872785157,5.809605820103501
2023-10-31,-9.360856093706612,0.87300542925711,0,-0.34638902049067977,2.4526587507040754,6.039830493180973
2023-11-01,-9.360037798970083,1.0187090888524701,0,-0.3619718420534319,2.565940490800087,5.929516156509367
2023-11-02,-9.35282534675428,6.489087226912201,0,-0.3455838709070077,2.4727477049937985,6.00239204726358
2023-11-03,-9.310271717860106,4.01854980161411,0,-0.3012046665433908,2.318276178968355,6.05210394703883
2023-11-06,-9.310271717860106,0.7898980793378301,0,-0.3012046665433908,2.318276178968355,6.05210394703883
2023-11-07,-9.309728575826297,-2.4323578081702,0,-0.30064307058164075,2.316739451524502,6.05220169359024
2023-11-08,-9.288528641146204,0.8489720283283299,0,-0.33062568103628864,2.5614685891388747,5.775037342813144
2023-11-09,-9.294333751384766,3.3743319709827198,0,-0.3398318999413626,2.6037943003596613,5.749680376750492
2023-11-10,-9.454709451753157,-6.81819329161957,0,-0.4269957403483155,2.8479533297754456,5.841312692565331
2023-11-13,-9.477005827209698,2.83299638789192,0,-0.42112438480627956,2.7400833418048105,5.984166495987912
2023-11-14,-9.055554390519397,5.90366186259014,0,-0.15338820876130632,2.163654627779292,5.607225291014919
2023-11-15,-9.061941316321128,4.7769508028766605,0,0.3149709634268422,1.4927133811893991,5.373661990421997
2023-11-16,-9.02570460827384,2.24140624008661,0,-0.09607087350683485,2.0643266238989586,5.565656296393246
2023-11-17,-9.253179385789522,4.39814627506072,0,-0.2566566628370852,2.2177444256498866,6.017964504476191
2023-11-20,-9.183118747392312,-19.78626973373032,1,-0.24868450091476807,2.382849881222083,5.683590998162783
2023-11-21,-10.827340884003158,-2.35929837616165,0,0.2634398856799088,2.357311466344653,5.293569668314877
2023-11-22,-10.994033421356828,-1.4231137564976797,0,0.18300085606840089,2.505377652535839,5.556637262050493
2023-11-23,-10.97853995613114,0.28038504344637,0,0.27260979629521254,2.4283980275272836,5.2260073798714295
2023-11-24,-10.943832864509655,-0.20299442887645008,0,0.23428677652432317,2.438068956567311,5.382141994439482
2023-11-27,-10.858209533798284,-4.1369936093765105,0,0.2649442579423979,2.2888299516991646,5.477214075348684
2023-11-28,-10.899960895645666,-3.0596368940107,0,0.22260094850242065,2.344470382469122,5.6125101022786215
2023-11-29,-10.898750627125581,4.41111202141689,0,0.22372178048150487,2.3415475313955563,5.612113286615667
2023-11-30,-10.898750627125581,2.45385983456735,0,0.22372178048150487,2.3415475313955563,5.612113286615667
2023-12-01,-10.932370637394932,1.1156937307250199,0,0.21863674852795484,2.3881807889072757,5.567118142289938
2023-12-04,-11.510608044687213,-0.32528108795054,0,0.06571653327974632,2.9033018413828184,5.8728747693638645
2023-12-05,-11.526199233841337,5.47760982989067,0,0.04952149725818318,2.8451761989072724,6.083908579383699
2023-12-06,-10.868840475455084,5.21718821106597,0,0.4525993691959506,1.8360306890107476,5.6487686170091855
2023-12-07,-10.67431781020155,-2.1420493437496297,0,0.7037065097533343,1.472210123959396,5.196156708794497
2023-12-08,-10.538795540855691,3.09772957108343,0,0.3183312216050035,2.108555716437264,5.311297456293602
2023-12-11,-10.844048595075092,0.2487720137358599,0,0.21243264689341662,2.3022785171259095,5.702931345324695
2023-12-12,-10.795403689633492,-1.10166752374321,0,0.26859057397783803,2.3404446670880246,5.273210044821177
2023-12-13,-10.802433731626726,-2.74339822884469,0,0.26379437115494964,2.3487211708200357,5.286899001297849
2023-12-14,-10.9707571300673,7.260524842204649,0,0.18403069159835503,2.495986066914777,5.548358702266924
2023-12-15,-10.954126141991782,1.73934575523501,0,0.2735252021190331,2.4190661010063836,5.218506804190839
2023-12-18,-10.919717001532156,-4.0311548598211395,0,0.2351216243033697,2.4288560077402455,5.374512689916482
2023-12-19,-10.833059165866914,2.89005536924027,0,0.26534282797681985,2.280133777504476,5.470398430457909
2023-12-20,-10.875559246268875,1.3431406765574698,0,0.2232785663609155,2.335463513172569,5.60493813015669
2023-12-21,-10.874477121288596,-1.07695533271954,0,0.22440590710675906,2.3325945033254856,5.604536012538489
2023-12-22,-10.874477121288596,1.1268464624321,0,0.22440590710675906,2.3325945033254856,5.604536012538489
2023-12-27,-10.908055765456975,2.49773643360282,0,0.2194354122795436,2.378957465838924,5.559362645252344
2023-12-28,-11.312708870403286,-0.08708317499104001,0,0.08723747225760875,2.808049189191058,5.749101073470256
2023-12-29,-11.160605780695983,1.60618791581398,0,0.11285243407601189,2.701175007792762,5.678096176061448
2024-01-02,-10.889372432339687,1.82507656678153,0,0.7670093703846417,1.4485169630452956,5.10608843629006
2024-01-03,-10.889372432339687,-5.3907421184961,0,0.7670093703846417,1.4485169630452956,5.10608843629006
2024-01-04,-10.447455601544824,3.9316098688101597,0,0.5034779632432407,1.6742508327715453,5.427367082684153
2024-01-05,-10.623296260165295,-1.5689186613567299,0,0.3657244508868598,1.837884212016979,5.843805327141463
2024-01-08,-10.718149269897422,0.76608640291832,0,0.2425232441959891,2.239976162169849,5.566936274710304
2024-01-09,-10.725529619864464,-0.23588476077339005,0,0.23889725509716436,2.245685977287022,5.579515179820872
2024-01-10,-10.889575300954943,-2.4284818724651096,0,0.1773662321284719,2.346906427886859,5.823694690352816
2024-01-11,-10.8994244394246,-4.35681729750916,0,0.22656661406731346,2.3706683728551012,5.532153453838047
2024-01-12,-10.850034315561638,1.2230283628196201,0,0.2150659333391411,2.317430859821973,5.661803155510016
2024-01-15,-10.817830769237947,-4.18611768824242,0,0.2751110493197616,2.263639936152366,5.442296421894088
2024-01-16,-10.860054463950533,-0.27914344038552,0,0.23174155854599243,2.321487284232224,5.577479993415675
2024-01-17,-10.859189976313719,-5.52249024360233,0,0.2329484836247877,2.3185623058151545,5.577038474875103
2024-01-18,-10.868233767257202,-0.60729145538451,0,0.2276884875472739,2.327025125274999,5.593995843630459
2024-01-19,-10.901932084379553,-1.14599982558151,0,0.22287186187479757,2.3730880392359825,5.548525554616674
2024-01-22,-11.306256114649353,4.03068024927248,0,0.08900649432635824,2.8048337226066575,5.739787206557416
2024-01-23,-11.15413770809603,-1.5930781357110402,0,0.114705483546372,2.6977857205468667,5.668905980055426
2024-01-24,-10.897719503587407,3.6256695300831705,0,0.7782024830502188,1.4357841420519457,5.092826230991738
2024-01-25,-10.897719503587407,-0.02973084122271999,0,0.7782024830502188,1.4357841420519457,5.092826230991738
2024-01-26,-10.712202039136246,0.5853646121798298,0,0.6816026901750427,1.5337952896732578,5.142173094897751
2024-01-29,-10.729241823973497,-5.14305104988594,0,0.430048250210433,1.836170268020732,5.629244766993803
2024-01-30,-10.691957832390683,-0.9156230115021702,0,0.30013401432429243,2.1893110466332844,5.362069509987765
2024-01-31,-10.699178104343385,-3.71700943863366,0,0.29555988074833967,2.196898632341292,5.375135275649011
2024-02-01,-10.86808345842028,-2.00040161864527,0,0.2168422662769841,2.3351677803454933,5.631092689275024
2024-02-02,-10.882733560924944,2.49141662607213,0,0.29919432095052284,2.292250174392668,5.3074640144942205
2024-02-05,-10.828118302548663,-3.0303088685694797,0,0.26978119520598676,2.2742428255320584,5.455806994818346
2024-02-06,-10.828118302548663,4.81094311002213,0,0.26978119520598676,2.2742428255320584,5.455806994818346
2024-02-07,-10.870251399822518,0.32718555545407974,0,0.2269521789142635,2.3309796611668085,5.590849180848407
2024-02-08,-10.86941977712024,0.37935891582793013,0,0.2281298543572624,2.3281244075418908,5.590414341666714
2024-02-09,-10.885279138757902,0.44947745583733995,0,0.1874444826120914,2.343854141435835,5.776570778179725
2024-02-12,-10.925686559730345,1.83217241212658,0,0.1802845386244466,2.398932141456048,5.732926706236563
2024-02-13,-11.352943111153749,-3.60529223866845,0,0.06779722780799599,2.8040680430431317,5.897332158963815
2024-02-14,-11.200796489788221,1.6762741031516801,0,0.09161480262119873,2.700677178044697,5.827894616511397
2024-02-15,-10.461024287081763,2.5600861878802297,0,0.5752226026208547,1.5650532382919595,5.397010365796257
2024-02-16,-10.461024287081763,4.71143018768173,0,0.5752226026208547,1.5650532382919595,5.397010365796257
2024-02-19,-10.429647281791844,-0.016153271873149903,0,0.5162536467161605,1.647627565839235,5.422433362386137
2024-02-20,-10.429647281791844,-1.95399380643395,0,0.5162536467161605,1.647627565839235,5.422433362386137
2024-02-21,-10.37165817681626,3.3924898889042403,0,0.34639413376779127,2.0344268898272566,5.183559853599322
2024-02-22,-10.38147490878942,2.24539328358082,0,0.3424835031294032,2.0417930777736784,5.195097089949197
2024-02-23,-10.569151209284254,3.0618284297739002,0,0.28092475768641934,2.1663433781595796,5.394950164106795
2024-02-26,-10.584528232095572,-0.32022948952342994,0,0.3843060661484261,2.083259961450393,5.063539391284387
2024-02-27,-10.51361211632812,3.0703424511811397,0,0.3380776759162417,2.090877730578619,5.226085759386104
2024-02-28,-10.51361211632812,1.1895930383318603,0,0.3380776759162417,2.090877730578619,5.226085759386104
2024-02-29,-10.570682887235815,0.09355608438204009,0,0.2940552685806257,2.156176121141787,5.3531488749015566
2024-03-01,-10.569644816034154,0.46885780104227,0,0.2955228985185408,2.1528585532290663,5.352522395807178
2024-03-04,-10.593574666278373,-0.86934092349781,0,0.2440030078326319,2.19319836350141,5.542606423068879
2024-03-05,-10.63786787748549,-9.81092151787246,0,0.240343363317637,2.2416818978741526,5.493741864075444
2024-03-06,-11.170940884390003,1.90858176952176,0,0.0637416019176838,2.741457610110815,5.857269766324647
2024-03-07,-11.016181524349621,-0.74236255323982,0,0.08558606041744103,2.6406156983005475,5.792407371961787
2024-03-08,-10.224964325545868,-0.11629588256261997,0,0.542422904844294,1.5443898553836615,5.399621406149934
2024-03-11,-10.224964325545868,1.0928588338285596,0,0.542422904844294,1.5443898553836615,5.399621406149934
2024-03-12,-10.202653560655854,2.60601510840109,0,0.48630562283369616,1.6232142566144894,5.422538731620729
2024-03-13,-10.202653560655854,-1.0320132096050099,0,0.48630562283369616,1.6232142566144894,5.422538731620729
2024-03-14,-10.164940034070737,-4.3133307152531195,0,0.325393377887654,1.9984124052263974,5.17529418917048
2024-03-15,-10.174870237428507,1.7793146179183001,0,0.32158318095533267,2.005489423026158,5.18665968236009
2024-03-18,-10.365683217306795,-0.51991304117311,0,0.2623117240728674,2.125171020848245,5.38241004705543
2024-03-19,-10.364519271314883,-6.18941576415762,0,0.3597897842040073,2.0521482709429115,5.059845068742037
2024-03-20,-10.303988521562864,2.17242441817948,0,0.3170052961004137,2.0543933282815825,5.217529226445226
2024-03-21,-10.303988521562864,-0.99659069248041,0,0.3170052961004137,2.0543933282815825,5.217529226445226
2024-03-22,-10.365269426145796,0.66459178636602,0,0.2747339796591904,2.116209758176671,5.341717588250562
2024-03-25,-10.364080737894085,1.6033295932373701,0,0.27610196330355086,2.113061077854102,5.3412046841117
2024-03-26,-10.394956135162023,2.7649124556016296,0,0.22752627586583768,2.1483273924004926,5.526510923173667
2024-03-27,-10.438315475093713,4.5094949083711295,0,0.22379577103459458,2.196947597212173,5.477790986230407
2024-03-28,-10.73671277808387,0.8085680302470502,0,0.13148227449352462,2.58004904780132,5.406767248002653
2024-04-02,-10.57048210885376,-2.60366695234209,0,0.15035556244434206,2.4795519369040537,5.355185563438486
2024-04-03,-10.28822403692877,8.00783233253819,0,0.4483555287410442,1.7632926820884118,5.296986210312801
2024-04-04,-10.28822403692877,1.5740846548308203,0,0.4483555287410442,1.7632926820884118,5.296986210312801
2024-04-05,-10.310496384394392,-8.12481251994287,0,0.4471347671345227,1.7800313097855094,5.278252317647539
2024-04-08,-10.310496384394392,2.67481993783881,0,0.4471347671345227,1.7800313097855094,5.278252317647539
2024-04-09,-10.197984853873088,-1.17635902910595,0,0.39744025131707916,1.9513212534026287,4.956795847219273
2024-04-10,-10.208113219663648,-0.7171715500415502,0,0.392759970353483,1.9601108097149695,4.968458174059244
2024-04-11,-10.395047161276338,-2.1349388153410196,0,0.3163257960398519,2.110326619958448,5.17365720516413
2024-04-12,-10.357871465995586,-2.90329386455609,0,0.35933474236134033,2.0473133985212026,5.068134358750946
2024-04-15,-10.681397742101467,0.15103418236975008,0,0.22484139670934994,2.2755895353950066,5.538059837383733
2024-04-16,-10.681397742101467,-6.0701015024004406,0,0.22484139670934994,2.2755895353950066,5.538059837383733
2024-04-17,-10.728885094616206,-0.052470901104619994,0,0.1894988150427333,2.3185318261127073,5.66532974493589
2024-04-18,-10.727583863455681,2.5325907534827796,0,0.19045277701586083,2.31590104701597,5.6651082844220735
2024-04-19,-10.746230447189301,-2.17968079971247,0,0.15838687797465456,2.3137715140477946,5.842087057728573
2024-04-22,-10.78938984679256,4.30269125949881,0,0.15108454283096354,2.371436681099817,5.798018386895184
2024-04-23,-11.082386082338076,1.43066775055767,0,0.07558317782594473,2.737436321301714,5.717553498369267
2024-04-24,-10.927963731251172,-1.6869895191237598,0,0.09758612936439508,2.636365800603162,5.653481035731465
2024-04-25,-10.60505324663805,-2.23595994024687,0,0.3008422615737426,2.02868069463865,5.66273164610254
2024-04-26,-10.60505324663805,5.36884767699492,0,0.3008422615737426,2.02868069463865,5.66273164610254
2024-04-29,-10.619605079287354,1.47981058981974,0,0.2950673518496141,2.0517028427183055,5.6498724405876946
2024-04-30,-10.619605079287354,-6.01634354139408,0,0.2950673518496141,2.0517028427183055,5.6498724405876946
2024-05-02,-10.596193116074609,1.92402435765524,0,0.29377357495146117,2.2026867455744514,5.267606310335922
2024-05-03,-10.60266269279342,1.51804982722398,0,0.28833703048720655,2.2114912092591847,5.281621027192482
2024-05-06,-10.375790809215871,1.6526681289640102,0,0.316199737493031,2.104523251969768,5.169416816384823
2024-05-07,-10.337796530261489,3.04697089871905,0,0.35888214302460597,2.0418699860171055,5.064542119542877
2024-05-08,-10.411174793264976,-2.2096668464207,0,0.25423559945019963,2.1523534565262823,5.404167864934523
2024-05-09,-10.411174793264976,2.61271868027659,0,0.25423559945019963,2.1523534565262823,5.404167864934523
2024-05-10,-10.467113467031199,3.18991740451071,0,0.21845752823163578,2.1993436350787565,5.526962623738271
2024-05-13,-10.465718643909696,2.55392074216544,0,0.21950649746618714,2.1965414519422413,5.526815626359153
2024-05-14,-10.491083537658135,-1.2403157317082,0,0.18326313528290217,2.2050135995418376,5.704353555623888
2024-05-15,-10.524047987545595,0.85530811130623,0,0.18022127754396516,2.2535723244459316,5.646233325861049
2024-05-16,-10.834683120668814,-9.78970166780582,0,0.10143114738748713,2.62682682587789,5.5602260299919735
2024-05-17,-11.123963374204347,-2.10592037925707,0,0.09429520145624086,2.7106536470264406,5.717614314871905
2024-05-20,-10.83546240777861,-0.44698647186380003,0,0.3069314459071426,2.093201811880231,5.70487096937806
2024-05-21,-10.83546240777861,-1.11824548036831,0,0.3069314459071426,2.093201811880231,5.70487096937806
2024-05-22,-10.848350791282972,-1.40658588707123,0,0.3004681696668825,2.1169383412628893,5.692937006435548
2024-05-23,-10.848350791282972,-1.4268034647116803,0,0.3004681696668825,2.1169383412628893,5.692937006435548
2024-05-24,-10.826135915438487,0.36004383856054,0,0.3008297591564975,2.265448835238926,5.307062772803351
2024-05-27,-10.831480757223552,4.1215228548531,0,0.2948880355070447,2.2749629572800507,5.321940383224623
2024-05-28,-10.820348444178382,-2.50195650151334,0,0.3097747167016674,2.2519915390972125,5.284848426795434
2024-05-29,-10.802624374292641,-6.19275546372758,0,0.3600208834210641,2.1802479470149807,5.165500740097791
2024-05-30,-10.836319654968904,5.17306430398971,0,0.2433898923223578,2.3040723195309667,5.5331989144376035
2024-05-31,-10.836319654968904,1.3611088551794,0,0.2433898923223578,2.3040723195309667,5.5331989144376035
2024-06-03,-10.879239540540201,2.51211023995538,0,0.20448825986603136,2.352910401061111,5.665460672647583
2024-06-04,-10.877960074620152,-4.53695336582488,0,0.2055237137531603,2.3501165810366897,5.665135097078979
2024-06-05,-10.892264095885896,2.80916438069269,0,0.17015175376534336,2.35384216257396,5.846555396056269
2024-06-06,-10.922783785177504,-2.42119534994691,0,0.16518504761025363,2.405215345068002,5.791485497580574
2024-06-07,-11.206248849784199,-2.1033860536558797,0,0.08191335611758277,2.7805360074663295,5.724576957553227
2024-06-10,-11.053700587956577,-2.08219192084968,0,0.10605364656226537,2.676278421916874,5.656482303922118
2024-06-11,-10.768007030691013,-2.78700283220444,0,0.3371329609193563,2.033768706897906,5.629792316478833
2024-06-12,-10.768007030691013,4.98364016645522,0,0.3371329609193563,2.033768706897906,5.629792316478833
2024-06-13,-10.782011091404724,-8.142644802117541,0,0.3310176914159637,2.0569613979997827,5.617079679698213
2024-06-14,-10.782011091404724,-5.61282658918947,0,0.3310176914159637,2.0569613979997827,5.617079679698213
2024-06-17,-10.78824775156756,-0.7531330401865901,0,0.33367475588780915,2.061985509296977,5.596846784552825
2024-06-18,-10.790389104344735,-0.32895555243775004,0,0.3261374250861081,2.071782517591054,5.613687039887749
2024-06-19,-10.78840009174419,-1.03795999443728,0,0.3451047647562224,2.0483215844875025,5.571661986928136
2024-06-20,-10.817214415014277,2.5319204841266,0,0.41434871762129843,1.9710676079077507,5.430365867214702
2024-06-21,-10.754861662203478,-2.53960431591296,0,0.35760042065057723,1.9396822776659883,5.752011734639714
2024-06-24,-10.994326401536037,6.853329902313029,0,0.2851294772791797,2.105743152695169,5.943839425387461
2024-06-25,-10.98205652316477,-2.10290643329131,0,0.237427015744132,2.135195680603905,6.096275497384686
2024-06-26,-10.98205652316477,-3.40454490749076,0,0.237427015744132,2.135195680603905,6.096275497384686
2024-06-27,-10.888980791802144,3.1597655674838,0,0.24152134447455148,2.0159207707640574,6.257575884544796
2024-06-28,-10.988419976063271,1.4497638088845601,0,0.17339032096382628,2.199184194137729,6.259534466402561
2024-07-01,-10.953385124891707,1.99528430223224,0,0.08659511229763966,2.6831493529986625,5.640444319389202
2024-07-02,-10.79548464240272,-3.77102231120868,0,0.10752758727936435,2.5824560379243264,5.580229320014384
2024-07-03,-10.46127751085745,2.98911975275037,0,0.32277374926028624,1.9579105303641047,5.585590485614258
2024-07-04,-10.46127751085745,-0.06580042986478003,0,0.32277374926028624,1.9579105303641047,5.585590485614258
2024-07-05,-10.476988125592044,-0.80004009654607,0,0.3174612338557291,1.9802890674754323,5.571763583917811
2024-07-08,-10.476988125592044,-1.06225748282355,0,0.3174612338557291,1.9802890674754323,5.571763583917811
2024-07-09,-10.482565057412996,-4.305544370424331,0,0.31991422351116583,1.9856481065274791,5.5519622166485885
2024-07-10,-10.486720658553383,6.82782387790018,0,0.3131675270292419,1.9944553396069309,5.567595095759729
2024-07-11,-10.47973060398621,5.03281288924359,0,0.330250868017318,1.9733444321132265,5.528575452284466
2024-07-12,-10.489463497916091,5.287433292186799,0,0.3927926723905033,1.9048026843184505,5.397484732059622
2024-07-15,-10.44409895531554,-6.45374209413006,0,0.3416080320989102,1.865536426207278,5.709613751206962
2024-07-16,-10.459403980304888,-1.93542960854261,0,0.33252102198851985,1.8805142989950343,5.7303793484036945
2024-07-17,-10.455908270276943,1.5330133228240104,0,0.27822103082449856,1.9206891468206813,5.880718237843894
2024-07-18,-10.455908270276943,-1.6465528940395096,0,0.27822103082449856,1.9206891468206813,5.880718237843894
2024-07-19,-10.352034207486412,-4.75021358541341,0,0.26960496814409296,1.8191386582158975,6.055537504278847
2024-07-22,-10.507095554843286,7.158083157188081,0,0.1937097695830226,2.0218945976526195,6.073363356424011
2024-07-23,-10.728965112298386,-2.0400270592258702,0,0.16087315256673648,2.215003712362563,6.022967178053488
2024-07-24,-10.485369023964314,-2.2722701320212,0,0.2522350454823937,1.9739425953315914,5.902428943102853
2024-07-25,-10.115317941736961,-0.5186958169171199,0,0.3425219245276889,1.8287244736005446,5.469977697467838
2024-07-26,-10.115317941736961,-0.37405407815551994,0,0.3425219245276889,1.8287244736005446,5.469977697467838
2024-07-29,-10.134149933711816,-2.40762176644886,0,0.338729788025509,1.8494735906372997,5.4540261547594735
2024-07-30,-10.134149933711816,1.1997772860329798,0,0.338729788025509,1.8494735906372997,5.4540261547594735
2024-07-31,-10.140462062450013,-0.92602755347447,0,0.3418853777398895,1.854056621316703,5.43379508145002
2024-08-01,-10.14625307773678,-6.8448965867005,0,0.33559079626907234,1.8624721993202615,5.44811076416153
2024-08-02,-10.186758961256203,-5.25097208246378,0,0.34185246886412046,1.8693427475159305,5.441444424438757
2024-08-05,-10.18206274216644,-5.977867423458,0,0.40023648553471347,1.8051585922410267,5.3195615161460506
2024-08-06,-10.146295162312319,-7.328997446233849,0,0.3528602247517947,1.762319994728324,5.6226516280199474
2024-08-07,-10.233544772344255,5.43856922569706,0,0.33658941488032107,1.8066046659687285,5.671746092753662
2024-08-08,-10.237834647551871,2.24081482549748,0,0.28341602915728537,1.846080692966882,5.817654777161888
2024-08-09,-10.237834647551871,-2.8992968546229,0,0.28341602915728537,1.846080692966882,5.817654777161888
2024-08-12,-10.131787338363605,-0.91400794902577,0,0.2710489687655739,1.7486395672011878,5.99589689336269
2024-08-13,-10.220944048503803,1.6266082961530401,0,0.21725465999550653,1.9149234778915631,5.924693582977281
2024-08-14,-10.469902602110064,0.5509295758188401,0,0.23197576470405135,2.1310487952776422,5.619562388144186
2024-08-15,-10.195316275586448,5.58376852417201,0,0.35115385416463407,1.8107370802285554,5.5554045420912495
2024-08-16,-10.208468410668795,10.493214938335399,0,0.3234491552815282,1.863470230088034,5.564816056445046
2024-08-19,-10.208468410668795,2.1318727963535102,0,0.3234491552815282,1.863470230088034,5.564816056445046
2024-08-20,-10.208468410668795,-3.18291330663919,0,0.3234491552815282,1.863470230088034,5.564816056445046
2024-08-21,-10.299930876948022,1.14816698908378,0,0.23976035971865745,1.94546075401023,5.8381127829436235
2024-08-22,-10.309488109234614,-1.8288030987765498,0,0.23876666080958608,1.959137135971456,5.820678083591858
2024-08-23,-10.31499009379092,3.3742962446758105,0,0.23487731324986266,1.9632538402160127,5.833851609013287
2024-08-26,-10.303897287825315,-0.29895188822838,0,0.24444493766779624,1.9542612278276652,5.801252120416531
2024-08-27,-10.288553207952763,-0.48411756557954,0,0.27596149697728733,1.9320194952948464,5.696662906924924
2024-08-28,-10.181542255318636,-0.5634964674872799,0,0.3022880152783682,1.7323602314283977,5.955034265484355
2024-08-29,-10.198763938734334,2.28598758000875,0,0.29543666955912057,1.7435148083855083,5.9739860039783235
2024-08-30,-10.170825411465728,-0.02654299897358,0,0.26288524251210044,1.7303688901372662,6.111019758693397
2024-09-02,-10.170825411465728,0.15176988265225996,0,0.26288524251210044,1.7303688901372662,6.111019758693397
2024-09-03,-10.0987519974189,-4.14758234133023,0,0.7671076779463861,1.0284814078726625,5.992030775550152
2024-09-04,-10.102291458812939,-1.80746716947943,0,0.8727162592428709,0.9368548815522706,5.885565383866376
2024-09-05,-10.473896590308998,2.61430548889577,0,0.19258169333934044,2.059526012832372,5.962570001488701
2024-09-06,-10.294093541508843,-5.3750344255395,0,0.2966227348886164,1.8982380918149033,5.688963955322209
2024-09-09,-10.36003305983617,-0.61546287274544,0,0.26519321720351263,1.970576565287217,5.726106395229658
2024-09-10,-10.36003305983617,-15.758410117763969,1,0.26519321720351263,1.970576565287217,5.726106395229658
2024-09-11,-11.545786184661496,0.6481334892132999,0,0.3715067914035617,2.194208461466194,5.806051485666882
2024-09-12,-11.626013045391216,0.8986999727239702,0,0.2694813948585493,2.31627548637384,6.156031757074961
2024-09-13,-11.636870501117057,3.2701134504984504,0,0.2679400059050364,2.3316688557296095,6.138918603931591
2024-09-16,-11.634021565223492,-2.8124573087620597,0,0.2715781957744724,2.32749524944001,6.126136898676528
2024-09-17,-11.63156972660968,5.43926869160606,0,0.2819605225647782,2.3180200581132615,6.089406421553539
2024-09-18,-11.642952224927294,3.4459895479461995,0,0.31510758237358893,2.294452377415211,5.9729162077382885
2024-09-19,-11.516563137569516,8.32728415630505,0,0.34164444019877827,2.0804678669423744,6.236416484020765
2024-09-20,-11.528064816799194,-6.35155213698053,0,0.33349766282265136,2.0930167765360173,6.2594760966061
2024-09-23,-11.466554554268013,2.65563857612796,0,0.30365632493655287,2.072014009663576,6.404474061826164
2024-09-24,-11.466554554268013,6.596280613956079,0,0.30365632493655287,2.072014009663576,6.404474061826164
2024-09-25,-11.50990449416318,-2.9041753368781897,0,0.7456341022116278,1.349091001398386,6.250764102903201
2024-09-26,-11.71562070931477,10.33145787207742,0,0.8866951089852679,1.228920625465661,6.094789659004796
2024-09-27,-11.757457687835846,8.1407220848681,0,0.21998264208753662,2.4330114736148616,6.284314336323336
2024-09-30,-11.657362791797611,-3.4776093406587703,0,0.3338087591426268,2.260909355284293,5.9643695596215185
2024-10-01,-11.703844655978305,-2.2599385889820196,0,0.2983515023259635,2.340770957232437,6.015341356243157
2024-10-02,-11.703844655978305,0.10281885037648,0,0.2983515023259635,2.340770957232437,6.015341356243157
2024-10-03,-11.703844655978305,-3.89462964735282,0,0.2983515023259635,2.340770957232437,6.015341356243157
2024-10-04,-11.786212797270565,3.35812119322392,0,0.23220147246516132,2.57658645639139,5.920518663852976
2024-10-07,-11.788961589731134,0.80219596487364,0,0.23507407455986384,2.5796159306657778,5.899838706654785
2024-10-08,-11.788961589731134,-6.16840181227792,0,0.23507407455986384,2.5796159306657778,5.899838706654785
2024-10-09,-11.780828290911701,-3.4585840245750092,0,0.24548631250652647,2.565616266244083,5.863566127772641
2024-10-10,-11.689248964075096,-3.1033212548035096,0,0.32760573267838194,2.3164295158765658,5.892713902924756
2024-10-11,-11.585977915144248,-1.6894706398739998,0,0.32004028416767594,2.1718203520831176,6.192405555668696
2024-10-14,-11.597086766714735,-0.31843875943713995,0,0.31188893190262235,2.18471779838944,6.215584999890925
2024-10-15,-11.467487490676117,-0.96712843213461,0,0.312296987158202,2.0673570598462585,6.372995549019258
2024-10-16,-11.467487490676117,-2.12791561275547,0,0.312296987158202,2.0673570598462585,6.372995549019258
2024-10-17,-11.332109662361827,2.10611640644037,0,0.6142730444406648,1.4555104378716008,6.420409576340501
2024-10-18,-11.503036316719363,0.69469274197358,0,0.7375148829458942,1.3567847342144876,6.261532570874408
2024-10-21,-11.516622951506283,-1.61125105880672,0,0.2574556486523125,2.31121708421583,6.122976972383352
2024-10-22,-11.395967887039792,-1.2809312880869501,0,0.3783686771817357,2.1203078575990566,5.8106926603923945
2024-10-23,-11.449312526511857,-1.8007483777527398,0,0.3419895181657358,2.2024268544485057,5.857693466726963
2024-10-24,-11.449312526511857,0.6737655768689501,0,0.3419895181657358,2.2024268544485057,5.857693466726963
2024-10-25,-11.449312526511857,-0.01839128859144005,0,0.3419895181657358,2.2024268544485057,5.857693466726963
2024-10-28,-11.541003741651044,1.51960679366724,0,0.27057771700548366,2.4443536005775703,5.762300714110882
2024-10-29,-11.52618209345398,-4.207482467928631,0,0.2801222684025436,2.4323822691354984,5.7211814596801585
2024-10-30,-11.52618209345398,-4.23683349287353,0,0.2801222684025436,2.4323822691354984,5.7211814596801585
2024-10-31,-11.516315503275493,-2.9437402894851403,0,0.2913097852419346,2.4161954902008898,5.685532086507916
2024-11-01,-11.414832837167348,1.73377599511975,0,0.3805574149193667,2.158185646348573,5.717092482268011
2024-11-04,-11.304788289138962,0.20092884632803995,0,0.3694907781483457,2.0251708829924318,6.018072677641557
2024-11-05,-11.31934673835589,0.69912137972098,0,0.3616635119048873,2.038650862297842,6.039545914224383
2024-11-06,-11.171957254436343,-9.371860026711829,0,0.34980749595268834,1.9391104709530187,6.209852587529884
2024-11-07,-11.620530016049683,6.701319894665481,0,0.3116146705557379,2.1152383834759076,6.411602204244498
2024-11-08,-11.535514800906931,-7.07867416598925,0,0.6251344440935507,1.492075178714699,6.440865473824642
2024-11-11,-11.733389419894667,3.2823458775442402,0,0.75394493495404,1.3872036691084308,6.275275849773113
2024-11-12,-11.852399976618141,-20.92315282320096,1,0.22790511675576625,2.456835598524432,6.28276596513555
2024-11-13,-11.511495216954124,-4.6586446325271105,0,0.3989322951490862,2.1240290249897016,5.797698307396412
2024-11-14,-11.566006133265397,9.05070454761856,0,0.3626839110355188,2.2070149275418256,5.844251249866646
2024-11-15,-11.566006133265397,-0.9686564824189,0,0.3626839110355188,2.2070149275418256,5.844251249866646
2024-11-18,-11.566006133265397,-1.10422110619081,0,0.3626839110355188,2.2070149275418256,5.844251249866646
2024-11-19,-11.664272026091961,-3.20884907623806,0,0.2921077982646175,2.4503508136496066,5.746369543015456
2024-11-20,-11.649405590900997,-4.61493946409468,0,0.3017457171841239,2.4377545224298793,5.705135272702066
2024-11-21,-11.649405590900997,-1.27167310599605,0,0.3017457171841239,2.4377545224298793,5.705135272702066
2024-11-22,-11.639595224574691,2.1207470534079,0,0.31290736324912305,2.4211349566992846,5.6696609001859475
2024-11-25,-11.532510764173114,4.651945399092821,0,0.40158698874773846,2.1610866094890295,5.703198111169067
2024-11-26,-11.413324203372866,-6.794798064323331,0,0.3883994032307997,2.0311952338043175,6.007783950926005
2024-11-27,-11.427952282789455,0.50377411251168,0,0.3807040233663991,2.0447162020078045,6.028971691126206
2024-11-28,-11.270914012421823,0.0,0,0.36544412903504936,1.949069822892871,6.203722130279477
2024-11-29,-11.270914012421823,5.853234276939499,0,0.36544412903504936,1.949069822892871,6.203722130279477
2024-12-02,-11.063315559096294,4.76621910838011,0,0.6997096866001083,1.297588194799475,6.256187672292573
2024-12-03,-11.158689680426182,0.71826545270938,0,0.8063389461280355,1.206411316192908,6.124016353162904
2024-12-04,-11.565897262600222,3.2833482332534802,0,0.2952613123963085,2.278777935087632,6.045066544926256
2024-12-05,-11.468452538224398,4.20930033832057,0,0.31931699669496566,2.1650511670792794,6.095587303048122
2024-12-06,-11.552423367682481,5.61433464700939,0,0.36237926635696227,2.197120037222457,5.858080524330476
2024-12-09,-11.552423367682481,3.8012543124562703,0,0.36237926635696227,2.197120037222457,5.858080524330476
2024-12-10,-11.552423367682481,0.0,0,0.36237926635696227,2.197120037222457,5.858080524330476
2024-12-11,-11.657657857096707,-1.36836565053412,0,0.28964474393883133,2.447313752124858,5.761548506890403
2024-12-12,-11.633904445754057,2.0040155187709803,0,0.2968339830264124,2.4304973371415057,5.736272106814434
2024-12-13,-12.088244705326897,-3.21335750852984,0,0.19501725669234432,2.673510898829936,6.218186133353607
2024-12-16,-12.08060901670296,-5.11015293491747,0,0.20192671379883362,2.6672731100180647,6.184908970090941
2024-12-17,-11.921648928939558,1.44036427142445,0,0.2739924682994871,2.399424924204312,6.229967509771341
2024-12-18,-11.705803960440365,-0.09205911397539013,0,0.3288759885767147,2.084094624073411,6.483994612801846
2024-12-19,-11.332735804400679,-5.524594212954249,0,0.3415740023667029,1.9573161263731231,6.365496266188323
2024-12-20,-11.128624566103372,0.64152368839344,0,0.6744176121559253,1.340471567005931,6.2989047363673425
2024-12-23,-11.128624566103372,-1.21964529786086,0,0.6744176121559253,1.340471567005931,6.2989047363673425
2024-12-27,-10.967336875156093,4.184713854245969,0,0.5655889808309873,1.4002097458273846,6.483154502919975
2024-12-30,-11.035632581285064,0.9794720322796999,0,0.642401996666691,1.3449856942111076,6.3562554082420135
2025-01-02,-11.677762345297545,-0.9915512978049601,0,0.25226954746488806,2.356845242087349,6.205644177767915
2025-01-03,-11.580016097680641,-5.493772728847509,0,0.27546265603087716,2.2410716602266385,6.256222329118918
2025-01-06,-11.6635432346229,11.41730290895965,0,0.3070874626199124,2.2994294555621932,6.02659436722287
2025-01-07,-11.6635432346229,-0.6128497860461799,0,0.3070874626199124,2.2994294555621932,6.02659436722287
2025-01-08,-11.6635432346229,-3.3073691899260895,0,0.3070874626199124,2.2994294555621932,6.02659436722287
2025-01-09,-11.665028639153448,0.40680940826296025,0,0.28437404633391794,2.4557865256394615,5.7794008644622
2025-01-10,-11.641461386057898,1.18576939665337,0,0.2914790478699606,2.439177176602859,5.754227440777026
2025-01-13,-12.09395049106607,-0.62579855960099,0,0.1913399293717188,2.677708052090544,6.235555327137436
2025-01-14,-12.080744674678588,-2.09733630640328,0,0.20186981536587395,2.667353698464364,6.185191838790425
2025-01-15,-11.921614903788967,7.81225478894038,0,0.27387236855586844,2.3995443151434888,6.230326804506363
2025-01-16,-11.705861996143891,-1.21060225086443,0,0.3287850839003843,2.084176281241116,6.484324994472113
2025-01-17,-11.332691762775216,5.929495355678791,0,0.3414928338140415,1.957323279526979,6.365840557387244
2025-01-20,-11.127863741497908,3.87133860302473,0,0.6740926288590401,1.3405917761386532,6.299432257767609
2025-01-21,-11.127863741497908,0.7490565232417,0,0.6740926288590401,1.3405917761386532,6.299432257767609
2025-01-22,-10.966728914249416,-0.8492537451039297,0,0.5654068984623708,1.400143674256982,6.483630384845434
2025-01-23,-11.035033617382062,0.23736192765053007,0,0.6421298355676829,1.345055481930392,6.356799850699508
2025-01-24,-11.677953050718166,0.0,0,0.2522062877898807,2.3569490460321316,6.20593441111611
2025-01-27,-11.580026403163792,2.6577264715968405,0,0.27541120544477005,2.241087540025529,6.2564661126298144
2025-01-28,-11.66367036589531,-3.24266822556825,0,0.30699474181884656,2.2995730308203033,6.026891570810442
2025-01-29,-11.66367036589531,2.4777859785194103,0,0.30699474181884656,2.2995730308203033,6.026891570810442
2025-01-30,-11.66367036589531,3.0846816351138497,0,0.30699474181884656,2.2995730308203033,6.026891570810442
2025-01-31,-11.646497498952103,-1.51199479002888,0,0.3014345379738058,2.43040781352848,5.721980440234637
2025-02-03,-11.640034320434967,-7.988186274276391,0,0.2926432245375186,2.437333567078443,5.750433981337416
2025-02-04,-12.31812166966936,1.4426583084324198,0,0.14135970790854388,2.799356638376201,6.480504517843503
2025-02-05,-12.31812166966936,-2.24416721445925,0,0.14135970790854388,2.799356638376201,6.480504517843503
2025-02-06,-12.150180240386145,5.86391501446742,0,0.19903968369501807,2.545532434973418,6.539299947468004
2025-02-07,-11.896357984808574,-3.2036563414271004,0,0.25292298687730647,2.194043164417626,6.7989573739699285
2025-02-10,-11.557775394596241,0.0,0,0.27279956810598943,2.0675065318510466,6.659224254774065
2025-02-11,-11.229003814563796,2.28675836047724,0,0.6208926833019599,1.3682989816619688,6.57840895090381
2025-02-12,-11.229003814563796,-0.11007089136217015,0,0.6208926833019599,1.3682989816619688,6.57840895090381
2025-02-13,-11.017009319745997,15.899067456486932,0,0.6205476256275915,1.2670865641501077,6.71202571004299
2025-02-14,-11.252547017906974,2.74283767015161,0,0.7032805293139921,1.2598315806336293,6.5668610758204675
2025-02-17,-11.715144956464119,2.2306525980216,0,0.21711522790485402,2.254517599963333,6.657680795893246
2025-02-18,-11.49796923824983,1.0706131524256102,0,0.29864392149626695,1.9889688030623045,6.663001163916606
2025-02-19,-11.707799784750387,-6.507237773768811,0,0.29193412127573926,2.172975369330408,6.460700082205366
2025-02-20,-11.707799784750387,2.27413309769973,0,0.29193412127573926,2.172975369330408,6.460700082205366
2025-02-21,-11.707799784750387,1.9025891879113102,0,0.29193412127573926,2.172975369330408,6.460700082205366
2025-02-24,-11.837883214712022,0.45501340709231014,0,0.21529565878189905,2.514999595652349,6.20607861998478
2025-02-25,-11.829045456431645,3.6562860929667305,0,0.21082284321677658,2.5108624320867987,6.230919858571067
2025-02-26,-12.205149577247553,6.280065088361869,0,0.14313164295794215,2.632685739186911,6.705816504288373
2025-02-27,-12.205149577247553,-6.42112302291495,0,0.14313164295794215,2.632685739186911,6.705816504288373
2025-02-28,-11.88776919240187,0.45188894019996,0,0.2750017542775541,2.1833535735192218,6.703454296651756
2025-03-03,-11.405305142154702,8.85788883027319,0,0.315628217029841,1.9962299160677466,6.4696628027445495
2025-03-04,-11.031743420552921,-13.85002681612468,1,0.32195172356714985,1.8771399174622732,6.361047923919067
2025-03-05,-12.21178481691831,16.465231499848247,0,0.23610453151742722,2.517718918964552,6.458167131624748
2025-03-06,-12.21178481691831,10.5569500437128,0,0.23610453151742722,2.517718918964552,6.458167131624748
2025-03-07,-12.26238615128834,-14.26083415948064,1,0.2143704497856263,2.5426598676219156,6.5737678676720375
2025-03-10,-12.300100388494045,1.16323044722199,0,0.22571460744798527,2.5664841095417614,6.494328688515805
2025-03-11,-12.4060498800332,-3.5195151772366207,0,0.24544096003755694,2.6691668323406947,6.250235852711745
2025-03-12,-12.12160111532165,-1.1699678328038996,0,0.34967675923501884,2.116276493344423,6.706851181781468
2025-03-13,-12.351195378942517,-2.9431858928138,0,0.3447710263734054,2.297610330484688,6.501530315893076
2025-03-14,-12.351195378942517,3.6910703554709197,0,0.3447710263734054,2.297610330484688,6.501530315893076
2025-03-17,-12.351195378942517,1.09431465349126,0,0.3447710263734054,2.297610330484688,6.501530315893076
2025-03-18,-12.457508069283918,10.358310217380039,0,0.25438467826064715,2.6609454728463886,6.26645817991411
2025-03-19,-12.446207794347764,-3.8984717096158796,0,0.2492680157517841,2.6582166930936477,6.29255543059859
2025-03-20,-12.80051333465951,-6.158523433144319,0,0.16915229672887427,2.803305751092874,6.79710053520752
2025-03-21,-12.80051333465951,-2.9443275708710703,0,0.16915229672887427,2.803305751092874,6.79710053520752
2025-03-24,-12.524621384304638,0.0,0,0.3210905017490282,2.3198742014424836,6.757298195738949
2025-03-25,-12.524621384304638,0.08012483219534013,0,0.3210905017490282,2.3198742014424836,6.757298195738949
2025-03-26,-12.168017541909002,-7.375703237466761,0,0.3454627207964053,2.181209316525093,6.610828974555465
2025-03-27,-12.460486425729274,-4.409668313309719,0,0.2123667566838452,2.617275744909534,6.616337263604041
2025-03-28,-12.460486425729274,-4.70235469992309,0,0.2123667566838452,2.617275744909534,6.616337263604041
2025-03-31,-12.50164339835344,-7.177867213625019,0,0.19153512979031612,2.635472371408228,6.734564687036531
2025-04-01,-12.28163564391549,3.0084232369881296,0,0.22675353800151424,2.5594313394927664,6.48594110650263
2025-04-02,-12.387811875490847,-4.557079642416509,0,0.24686747419673818,2.6613381859019327,6.241448230418753
2025-04-03,-11.901386495141452,-12.751005266792431,1,0.37743071548019513,2.0226330036961535,6.5784901805639935
2025-04-04,-12.150527686656746,-16.33882315267386,1,0.3832202894058712,2.18694887494905,6.361159328798807
2025-04-07,-12.417948110009007,-7.66100647405364,0,0.4152575066497679,2.2166952459794818,6.354145946121811
2025-04-08,-12.417948110009007,4.15687609706559,0,0.4152575066497679,2.2166952459794818,6.354145946121811
2025-04-09,-12.5263323859147,-11.14586217689319,0,0.30797645931179685,2.6048656375899526,6.134947011394297
2025-04-10,-13.55663623502958,9.9849663740885,0,0.2924291496945535,2.939335624791913,6.455504913690815
2025-04-11,-13.84746284639012,-0.15075546953682017,0,0.19060809309719318,3.1218462513649285,7.022195620638278
2025-04-14,-13.84746284639012,9.70475223465722,0,0.19060809309719318,3.1218462513649285,7.022195620638278
2025-04-15,-13.74045551021329,1.60537533065154,0,0.3754314512674467,2.5988443819973943,6.9150647014678555
2025-04-16,-13.74045551021329,1.58654487512625,0,0.3754314512674467,2.5988443819973943,6.9150647014678555
2025-04-17,-13.389360932594577,0.48792184742879,0,0.411813858592217,2.439080993558215,6.740792807748353
2025-04-22,-13.59700557794854,5.50314278985376,0,0.2534477583101746,2.9229062255865537,6.802736535038218
2025-04-23,-13.59700557794854,9.125491710263361,0,0.2534477583101746,2.9229062255865537,6.802736535038218
2025-04-24,-13.62143506964803,5.33514591003696,0,0.2287077363338464,2.9480863349238495,6.932894511655138
2025-04-25,-13.622876194488924,4.25503144541273,0,0.23349607435435374,2.9668200728154894,6.860240490216179
2025-04-28,-13.743149537863172,2.6314943024094,0,0.2432445814824799,3.093328377673642,6.6244689287826235
2025-04-29,-13.356071064532284,-0.3160222942883699,0,0.39947105275653677,2.3993853314641203,6.897983521928857
2025-04-30,-13.599660420343273,-3.69860462984416,0,0.3885113966558175,2.5927655716284708,6.6988460093450675
2025-05-02,-13.599660420343273,8.13522912345131,0,0.3885113966558175,2.5927655716284708,6.6988460093450675
2025-05-05,-13.599660420343273,2.2868428683406097,0,0.3885113966558175,2.5927655716284708,6.6988460093450675
2025-05-06,-13.659722592441174,-1.9299919480144898,0,0.2882345542609109,2.9816011829885953,6.486459295927126
2025-05-07,-14.574004777523335,-0.8305748824972602,0,0.21637930759364532,3.3982331387775626,6.9563537382214395
2025-05-08,-14.744634540851461,4.60581658358067,0,0.09946377737448478,3.5618101365116295,7.606044168320123
2025-05-09,-14.744634540851461,4.8553235066445,0,0.09946377737448478,3.5618101365116295,7.606044168320123
2025-05-12,-13.805003036569406,5.87943086905528,0,0.32216642055995076,2.6936080875614055,7.101329913225952
2025-05-13,-13.805003036569406,7.281730683011641,0,0.32216642055995076,2.6936080875614055,7.101329913225952
2025-05-14,-12.990251363101477,0.0,0,0.4264829999727985,2.3048039796254365,6.612120973765673
2025-05-15,-14.031307149909868,-12.02883327777208,0,0.2590955831324879,3.053211866581746,6.894557592158939
2025-05-16,-13.924624725756619,-1.6926413724263,0,0.25516328460441606,3.025681322351879,6.879569616205975
2025-05-19,-13.94257526985987,1.86274975274867,0,0.22892591699025658,3.0529649313831553,7.0146118657968515
2025-05-20,-13.944591691811695,4.64386928321061,0,0.2339041487356394,3.071389466051755,6.940801754941663
2025-05-21,-14.06143529921988,0.29130721411492,0,0.24053489830687438,3.2029791101214853,6.709980696797989
2025-05-22,-13.729861981730988,-0.19128214767140972,0,0.41197296599531,2.4865856218323357,6.950695351115732
2025-05-23,-13.964506561637885,-5.54571691461682,0,0.3968545493805101,2.6846799440414126,6.757859461173778
2025-05-26,-13.964506561637885,5.80686820902176,0,0.3968545493805101,2.6846799440414126,6.757859461173778
2025-05-27,-13.964506561637885,1.60706625367995,0,0.3968545493805101,2.6846799440414126,6.757859461173778
2025-05-28,-13.994190643463536,1.58173039648623,0,0.2904129277207005,3.083510545039842,6.559669925588743
2025-05-29,-14.859648409149887,-3.6486817846827293,0,0.19472489957780448,3.5405931353695212,7.087991767721128
2025-05-30,-14.99666919615084,-0.8219450290139899,0,0.06521584357072399,3.7194812321738864,7.777419759851075
2025-06-02,-14.99666919615084,0.03089473099775978,0,0.06521584357072399,3.7194812321738864,7.777419759851075
2025-06-03,-14.147547565863883,1.3148587507518699,0,0.3227985001894329,2.7981916816177,7.179177256349519
2025-06-04,-14.147547565863883,2.79270586369758,0,0.3227985001894329,2.7981916816177,7.179177256349519
2025-06-05,-13.851534134141202,4.83934417706248,0,0.38246489685123064,2.6129212900799854,6.939841330082306
2025-06-06,-14.660982431572656,-0.9141956274228801,0,0.16571827352227247,3.4126247495566853,7.376745053704967
2025-06-09,-14.444727545092775,0.18896813725328,0,0.1696626328668655,3.3294877796758104,7.310973618452403
2025-06-10,-14.447558724044834,2.59254644513349,0,0.14717102439510987,3.338270219107234,7.447425445470492
2025-06-11,-14.333140943845365,3.09978731166543,0,0.20529722573342432,3.248306235856604,7.1296135733412
2025-06-12,-14.013541539987617,-1.33530004154452,0,0.3738894602741424,3.018903767245509,6.097368391496605
2025-06-13,-13.797252815972351,-4.26038451808974,0,0.3812921916310341,2.750309356935907,6.530831754018745
2025-06-16,-13.97378106935196,-0.8280455140093502,0,0.4510749592264099,2.7209208346664338,6.25008524328707
2025-06-17,-13.97378106935196,-3.28735363189947,0,0.4510749592264099,2.7209208346664338,6.25008524328707
2025-06-18,-13.97378106935196,-2.45560227194921,0,0.4510749592264099,2.7209208346664338,6.25008524328707
2025-06-19,-13.939021701064675,-3.96385070549502,0,0.4274958210210996,2.8814786090108795,5.956713572379269
2025-06-20,-14.916193706847773,0.45408188264243,0,0.3485428548247832,3.333208416038162,6.39754031718887
2025-06-23,-14.916030552314057,-1.6347970313497302,0,0.14927787515318497,3.579902171318632,7.394091934727021
2025-06-24,-14.916030552314057,4.9348759914312295,0,0.14927787515318497,3.579902171318632,7.394091934727021
2025-06-25,-14.040279267621864,-1.0326329957157698,0,0.42646445337538064,2.6084825284909243,6.821911192119307
2025-06-26,-14.040279267621864,0.14488817971067,0,0.42646445337538064,2.6084825284909243,6.821911192119307
2025-06-27,-13.664150720310534,11.40261768912378,0,0.46999398469418874,2.4310351218352473,6.6261475553338185
2025-06-30,-14.55274350539205,-9.614487663891168,0,0.25161830666197493,3.2488090495061845,7.014496238890237
2025-07-01,-14.589854890343457,2.42300047250801,0,0.13568866666000923,3.438697274232472,7.457615462586316
2025-07-02,-14.590895295001317,6.269926403626689,0,0.11523399146067892,3.44039730753268,7.592262547206941
2025-07-03,-14.60049382030152,-1.2874978916127997,0,0.10579562019791439,3.4721782699618933,7.599897976111233
2025-07-04,-14.238880954968902,-2.50929002622243,0,0.21076809449913944,3.3244150463151287,6.827283221300952
2025-07-07,-14.059423918384908,1.19238475072593,0,0.2681872676144518,2.9412443035413594,7.122430716669056
2025-07-08,-14.187148667650465,5.4957011477877,0,0.27914096643249814,3.0504919527317615,6.91407693379176
2025-07-09,-14.187148667650465,7.064118636847061,0,0.27914096643249814,3.0504919527317615,6.91407693379176
2025-07-10,-14.187148667650465,6.27066374389941,0,0.27914096643249814,3.0504919527317615,6.91407693379176
2025-07-11,-14.294195927282505,-3.0532559860931103,0,0.35195839977218635,3.1406313758160445,6.239956622624621
2025-07-14,-15.04790707870194,-3.1291205758669,0,0.19043914713697951,3.732564484276332,6.888764180173231
2025-07-15,-15.102942283141328,0.2755870395428902,0,0.035064834891264246,3.8455632886404887,7.844866361484748
2025-07-16,-15.102942283141328,0.0,0,0.035064834891264246,3.8455632886404887,7.844866361484748
2025-07-17,-14.36149570684077,4.3914501228731595,0,0.33482066015110196,2.8629166717902823,7.145297775464226
2025-07-18,-14.36149570684077,-2.26042865473407,0,0.33482066015110196,2.8629166717902823,7.145297775464226
2025-07-21,-14.094796300510938,0.15598815597447,0,0.40955318659288104,2.651980760339968,6.882659807372622
2025-07-22,-14.793835411621245,-1.7372206792122198,0,0.15349196706169999,3.5054872211425114,7.398525277185811
2025-07-23,-14.630812863327609,5.66223932027089,0,0.16432933383511056,3.4989590222760647,7.172243280810827
2025-07-24,-14.632542864444186,6.039500499533849,0,0.1317409249461489,3.5357367236555497,7.326512309992019
2025-07-25,-14.637284232479516,3.04644134943631,0,0.12244858492973312,3.5652874378378323,7.334880809537581
2025-07-28,-14.278689257618606,-4.94054668794393,0,0.286881295047907,3.247042788814328,6.477310422060868
2025-07-29,-14.162315995460222,-0.6328757657808299,0,0.30923600847777233,2.991190567193807,6.813788039966758
2025-07-30,-14.295099800450277,-2.4390910521854403,0,0.3812392194221499,2.9545367589345854,6.489523605602606
2025-07-31,-14.295099800450277,-5.5758136788381405,0,0.3812392194221499,2.9545367589345854,6.489523605602606
2025-08-01,-14.295099800450277,-4.82831108210319,0,0.3812392194221499,2.9545367589345854,6.489523605602606
2025-08-04,-14.441773126890041,0.12704937731491012,0,0.5493274256819594,2.7843884172195312,5.678036355472753
2025-08-05,-15.410250893047412,3.1462415359568894,0,0.45246608220956985,3.2674848923556032,6.121655844427747
2025-08-06,-15.070951027950521,-9.167461797427361,0,0.09176726566742868,3.768774936086816,7.5720325646606526
2025-08-07,-15.21930253136293,7.09477306070719,0,-0.027717539205613692,3.990256207852344,8.108489165455303
2025-08-08,-14.511088606611997,4.900488641046779,0,0.2668070658760029,3.0338690673677373,7.3653879371066076
2025-08-11,-14.511088606611997,-2.89736648227898,0,0.2668070658760029,3.0338690673677373,7.3653879371066076
2025-08-12,-14.313436417011015,3.35324667462744,0,0.3643549131716143,2.796726360038388,7.050537788172832
2025-08-13,-14.917815339683052,4.15557022044815,0,0.08552549790341019,3.6729750520304636,7.652198192075234
2025-08-14,-14.759190245558996,1.2945151752533401,0,0.09449697925953152,3.6761525861085067,7.42578036883452
2025-08-15,-14.766360626926149,2.9708011294596304,0,0.06956300673156433,3.6933212678612932,7.568766785375189
2025-08-18,-14.772376725183445,1.07153580603855,0,0.06184325111567715,3.7197419638024716,7.5752659972242835
2025-08-19,-14.438643966141928,5.82280359466133,0,0.2274487233670458,3.4210426908376927,6.686614558156991
2025-08-20,-14.346414692841044,-3.1761007790812097,0,0.2590247430784155,3.1422668934726925,7.002015706609553
2025-08-21,-14.453341875051098,0.26888145692901,0,0.3170070138279788,3.1341007613835865,6.693628506160822
2025-08-22,-14.453341875051098,3.9808204697490703,0,0.3170070138279788,3.1341007613835865,6.693628506160822
2025-08-25,-14.453341875051098,-2.7076035381976995,0,0.3170070138279788,3.1341007613835865,6.693628506160822
2025-08-26,-14.61074611870215,0.9487306786710701,0,0.45738099690376044,2.901925363272711,6.31910740288675
2025-08-27,-15.177040730315497,-2.53749282647042,0,0.21445869750617796,3.6120921338803242,7.095118886729366
2025-08-28,-15.225214720064642,0.67862432907334,0,-0.03347074567723302,4.011491276248659,8.11369420904106
2025-08-29,-15.225214720064642,-0.42494173296519994,0,-0.03347074567723302,4.011491276248659,8.11369420904106
2025-09-01,-14.575955398871365,1.5555196139294398,0,0.08877314249545393,3.5531719611403965,7.52587967323779
2025-09-02,-14.575955398871365,-8.17003358370737,0,0.08877314249545393,3.5531719611403965,7.52587967323779
2025-09-03,-14.812613005610737,2.1289871286272506,0,0.7052846196932199,2.1643948294647544,6.744748861058968
2025-09-04,-14.927125901430433,2.5308447202419404,0,0.08667935413280756,3.6986812722462235,7.602737754852612
2025-09-05,-14.766194123330886,-3.43764303427221,0,0.09982354677725219,3.689385202298392,7.369412395877487
2025-09-08,-13.69015646411171,1.78377070267388,0,0.19399232100941777,3.1229259567138152,6.840143856907199
2025-09-09,-13.697153863161937,-5.24162492642693,0,0.18405400882855133,3.153099528178049,6.847056889956786
2025-09-10,-13.213370457445198,-1.03390964824041,0,0.32439424397586536,2.851697027120061,6.10037598033877
2025-09-11,-13.092625635886563,3.4546330161989802,0,0.3358950666055277,2.631930029216658,6.451468904908869
2025-09-12,-13.355349923684107,-3.50850505928533,0,0.3039983958145168,2.8158601719960616,6.473650594824297
2025-09-15,-13.355349923684107,-1.6428627771171402,0,0.3039983958145168,2.8158601719960616,6.473650594824297
2025-09-16,-13.355349923684107,-4.404556749002129,0,0.3039983958145168,2.8158601719960616,6.473650594824297
2025-09-17,-13.384045441367817,1.0969521126549,0,0.4135326394465551,2.6413006300535224,6.17152976872113
2025-09-18,-14.250072901636372,2.3612889390230403,0,0.2945993647667787,3.1296594221337655,6.672793087787047
2025-09-19,-14.370833026017866,-0.19834939327643,0,0.05173853202327772,3.5333918527547805,7.598196560212394
2025-09-22,-14.370833026017866,0.0,0,0.05173853202327772,3.5333918527547805,7.598196560212394
2025-09-23,-13.628196104358057,0.7301591752195901,0,0.11385552741113963,3.172689092103643,7.182556699359862
2025-09-24,-13.628196104358057,0.62375972579394,0,0.11385552741113963,3.172689092103643,7.182556699359862
2025-09-25,-13.349453421895692,-2.46377353922837,0,0.6227939850029655,1.9646229173566416,6.658297175524007
2025-09-26,-14.000141425541022,3.284841639051,0,0.14239386541591298,3.2615590384225053,7.191965913549746
2025-09-29,-13.827008246300675,0.3608578707162399,0,0.1495034143988261,3.258450174901504,6.97901562371117
2025-09-30,-13.820696240259325,0.0,0,0.13688881466459918,3.252433801833739,7.067078664192431
2025-10-01,-13.829063698860073,9.28964827969657,0,0.1287987729640725,3.279312964191184,7.071804891736406
2025-10-02,-13.377109038192092,3.9060020917921405,0,0.2647123189428995,3.0092401834077434,6.304062606742194
2025-10-03,-13.267229696880552,-1.7612114115167297,0,0.28130422607268996,2.7709579540873683,6.646446459930566
2025-10-06,-13.445264222281292,2.3538668002453296,0,0.2974944437971792,3.013016530447363,6.129330343097024
2025-10-07,-13.445264222281292,-4.45910738436053,0,0.2974944437971792,3.013016530447363,6.129330343097024
2025-10-08,-13.445264222281292,-8.708098133696328,0,0.2974944437971792,3.013016530447363,6.129330343097024
2025-10-09,-13.55017109204682,3.34285852635317,0,0.30944615338572223,2.8843469976087257,6.462639842453505
2025-10-10,-14.325829834742962,-4.77403485599771,0,0.14731762194512366,3.440577415251521,7.110155263279873
2025-10-13,-14.52046451294466,1.58619450590223,0,-0.0033762127046868037,3.6323460387487874,7.902570324487894
2025-10-14,-14.52046451294466,-5.42754806288182,0,-0.0033762127046868037,3.6323460387487874,7.902570324487894
2025-10-15,-13.817842388721699,1.0411349004322001,0,0.0635744520182249,3.2828337835700028,7.4558314615604395
2025-10-16,-13.817842388721699,1.76115235221985,0,0.0635744520182249,3.2828337835700028,7.4558314615604395
2025-10-17,-13.421413434521803,-2.85350650306053,0,0.45496706311192137,2.2500785525138074,7.008398477560326
2025-10-20,-14.168440390864362,5.63593524956969,0,0.07206064736285628,3.410709042837671,7.506089804707967
2025-10-21,-14.005288625456235,-0.46537876933731,0,0.07423329727425854,3.427472449666184,7.296591238498268
2025-10-22,-14.000525534260088,-0.54307424125315,0,0.06834215081789523,3.4041365707654627,7.374050669704875
2025-10-23,-14.009785904904877,-0.88237904248436,0,0.062305345837896056,3.4271561252291365,7.375928864982716
2025-10-24,-13.585856743059566,3.3050717522217,0,0.18006437907247863,3.225195384622851,6.606037940813128
2025-10-27,-13.484309214221579,1.15182245059525,0,0.2044412488549345,2.9568823048019146,6.9324970089694755
2025-10-28,-13.625876067894417,-1.1665689505087802,0,0.13953793059687858,3.304549200395745,6.74671094719826
2025-10-29,-13.625876067894417,1.26792123568359,0,0.13953793059687858,3.304549200395745,6.74671094719826
2025-10-30,-13.625876067894417,-2.90898975009464,0,0.13953793059687858,3.304549200395745,6.74671094719826
2025-10-31,-13.477315077382226,-1.10579377387424,0,0.287616881342721,2.8543884466566083,6.614318652231393
2025-11-03,-14.292205037647275,-0.11669090899869006,0,0.15417178432714368,3.353415368900296,7.2131096634793135
2025-11-04,-14.301082096546725,-1.68249207297494,0,0.08103368867648215,3.497220244324078,7.412184302091588
2025-11-05,-14.301082096546725,5.71092100189529,0,0.08103368867648215,3.497220244324078,7.412184302091588
2025-11-06,-13.53772112135407,-2.8400342996142602,0,0.14119399050962037,3.130160274326343,7.011295968495038
2025-11-07,-13.56620832354766,0.0,0,0.14662592329983465,3.177211242974465,6.9072711013343095
2025-11-10,-11.548645351223419,4.70567461499445,0,0.2508533032401331,2.1259113767681335,6.619579658406746
2025-11-11,-12.317068985159228,4.59791684690629,0,-0.016067206286642436,2.993313679462502,6.92614348040807
2025-11-12,-12.116121895319724,8.95092137701269,0,-0.018930616664960494,2.990182594726086,6.744832866491729
2025-11-13,-12.123373267650564,-9.810958988773729,0,-0.028306865015855873,2.9738224680788106,6.826718606381465
2025-11-14,-12.432935321345322,-1.17470702512225,0,-0.1378981384475715,3.1155506359582925,7.399894735255203
2025-11-17,-12.006173854254328,-6.8557708941336895,0,-0.04244322117175264,3.0176464135864034,6.699707619563049
2025-11-18,-11.945871477540102,-7.0044401354255506,0,0.0005810564308826471,2.717313973890069,6.97717808037907
2025-11-19,-12.056642502985305,-0.44513771196447,0,-0.07025199848195637,3.056840061041896,6.813843115498063
2025-11-20,-12.056642502985305,0.08782080395468,0,-0.07025199848195637,3.056840061041896,6.813843115498063
2025-11-21,-12.056642502985305,2.09199417429464,0,-0.07025199848195637,3.056840061041896,6.813843115498063
2025-11-24,-11.889867468560148,14.375563644805812,0,0.05383279910813868,2.693833686371434,6.716406096567023
2025-11-25,-12.687204346128027,3.22996316376259,0,-0.07661726047843512,3.1564330650235064,7.304289118404858
2025-11-26,-12.722467309380724,-1.32703585238515,0,-0.11512660170454499,3.21003677319845,7.431993340941951
2025-11-27,-12.722467309380724,1.18177614622784,0,-0.11512660170454499,3.21003677319845,7.431993340941951
2025-11-28,-12.003824157258645,0.04633654395252997,0,-0.042071476391863885,2.83313096740336,7.020153511062144
2025-12-01,-12.01950802706811,0.5372454855519699,0,-0.047437482422712174,2.9023050457011874,6.938787960450004
2025-12-02,-11.848362682819353,12.088312728105882,0,0.13707462296500372,2.374798781712151,6.916265471209369
2025-12-03,-12.57199259097208,0.5030865008165399,0,-0.12120057448951835,3.2241145987821334,7.286672683554812
2025-12-04,-12.384909704619648,3.02903481777623,0,-0.12012973633450977,3.224127519352649,7.094584432779259
2025-12-05,-12.389773124672406,4.05404667305376,0,-0.1216438348425289,3.189360562529604,7.16346486748327
2025-12-08,-12.388811435427229,5.6791960904922,0,-0.12010980276084315,3.1313405043237648,7.2506460181911825
2025-12-09,-11.937246205046202,4.206370117545609,0,0.002220476387857156,2.9596395540190255,6.517336139863436
2025-12-10,-11.893551644667964,-2.03894108150346,0,0.04026410085466027,2.685370231902289,6.80079750500498
2025-12-11,-11.989171453126525,2.13357714860105,0,-0.035260654510035544,3.0194947911449654,6.644906147567661
2025-12-12,-12.045203398544771,1.13476069453459,0,-0.07723101657180892,3.283506583815835,6.448645721765975
2025-12-15,-12.045203398544771,-1.3793268270760302,0,-0.07723101657180892,3.283506583815835,6.448645721765975
2025-12-16,-12.012002728619583,-5.20173970590792,0,-0.054689930817452374,3.097041824830849,6.625636139413305
2025-12-17,-12.789995934363503,0.0,0,-0.17701319752662478,3.5798032041552212,7.200464507509642
2025-12-18,-12.825954125603003,0.0,0,-0.19793618171701122,3.6039837958431225,7.299214330950445
2025-12-19,-12.825954125603003,1.01130690808969,0,-0.19793618171701122,3.6039837958431225,7.299214330950445
2025-12-22,-12.065420416434305,-1.7316255451213898,0,-0.06766674370868604,2.838601487605207,7.185650297826156
2025-12-23,-12.085935821585121,1.6278223210477498,0,-0.07568964604073988,2.9170667554970726,7.107110249970743
2025-12-29,-11.882784237548082,1.9423269218598698,0,0.07413257842060127,2.4275593861578955,7.131694650053529
2025-12-30,-12.569128676198218,2.0741669175369597,0,-0.11988136874032904,3.2388252005694342,7.253524437381551
2026-01-02,-12.379527621326828,6.809124421698,0,-0.1173942493665488,3.2342790264177017,7.0597437633087345
2026-01-05,-12.385453620351239,-0.8770124091253901,0,-0.11969605888658552,3.2018495257886253,7.129676907609711
2026-01-06,-12.386010792929977,0.15765153656718994,0,-0.11901380300262497,3.14659216810303,7.217833978047444
2026-01-07,-11.92878267011226,4.26112962704075,0,0.01194894433150145,2.953068993218819,6.472511802341283
2026-01-08,-11.891610604923159,0.82189220109774,0,0.046784169207388156,2.6898753107364577,6.75942356906226
2026-01-09,-11.98066772375465,-1.3503391214700102,0,-0.028440093182020985,3.0188767143877016,6.60441615007489
2026-01-12,-12.032855473354097,2.0439954920921597,0,-0.06958756790378282,3.2780368525897874,6.407338745289902
2026-01-13,-12.032855473354097,-2.8956497285130105,0,-0.06958756790378282,3.2780368525897874,6.407338745289902
2026-01-14,-12.002558937673426,8.40316404513655,0,-0.04839806831964874,3.0967148286875634,6.586195734448708
2026-01-15,-12.784661381120587,0.8450432351148798,0,-0.17476858665764106,3.5890331597339973,7.16982826667412
2026-01-16,-12.821226126639786,-3.13898897218508,0,-0.1966258022303101,3.6157086945602215,7.270261438225531
2026-01-19,-12.821226126639786,1.5853496072378601,0,-0.1966258022303101,3.6157086945602215,7.270261438225531
2026-01-20,-12.06486957106291,-3.83853802870907,0,-0.0668410541730336,2.854028414135935,7.154952084059341
2026-01-21,-12.083486791564248,-0.010356885666369968,0,-0.0742394245456125,2.930006633530293,7.076095495855649
2026-01-22,-11.890893656237573,6.6772057371566,0,0.07298172929352695,2.450254075424553,7.100540485918648
2026-01-23,-12.712101036836973,-0.8677959368004399,0,-0.2197431044632161,3.6107553327365416,7.277353947280542
2026-01-26,-12.514336246668961,3.8810868774825598,0,-0.20470222048411332,3.575794558669952,7.062561190727111
2026-01-27,-12.526315009967217,-0.43831496122484004,0,-0.206845822005644,3.5466213623983487,7.128938673325992
2026-01-28,-12.532934640429135,-4.12309174317314,0,-0.20558798695825697,3.4888293853247303,7.217784975222411
2026-01-29,-11.881833118827092,-0.5039291060146399,0,0.09424769582292725,2.7204727639122357,6.456142303460813
2026-01-30,-11.78986902721201,1.7110245285075,0,0.18982764135262922,2.546141398525096,6.227458524341122
2026-02-02,-11.819861970817179,3.22280396800246,0,0.11996864035643692,2.8186737707128176,6.060218288743036
2026-02-03,-11.847607188450016,0.31150972625285994,0,0.10129415342179979,3.001703974936445,5.82120464747411
2026-02-04,-11.847607188450016,-3.9025406948195993,0,0.10129415342179979,3.001703974936445,5.82120464747411
2026-02-05,-11.822734235498068,-2.0506838281157997,0,0.08337514858492351,2.9163319184451524,6.065469842190613
2026-02-06,-12.63221424512015,4.03472224472514,0,-0.074823745835318,3.494486524538856,6.66324046098433
2026-02-09,-12.674455138828488,2.96849250982071,0,-0.12550508786943654,3.5877490460246566,6.815249366460021
2026-02-10,-12.674455138828488,1.7702464017464499,0,-0.12550508786943654,3.5877490460246566,6.815249366460021
2026-02-11,-11.942010104411128,-0.6154561353964499,0,-0.018466342078787217,2.8937028816188732,6.741835239103988
2026-02-12,-11.94526234269389,-2.61947445620195,0,-0.015794930028348222,2.938514770999281,6.65171859420014
2026-02-13,-11.83391909941178,1.74109273060199,0,0.1271803192549344,2.5113278771984877,6.667093468556735
2026-02-16,-12.565833626279364,-6.075548537781261,0,-0.17085479511843987,3.6307930473804086,6.8663902417697535
2026-02-17,-12.39074056391038,8.628870577035721,0,-0.16484866192156122,3.511631389183936,6.8495672695431375
2026-02-18,-12.406180008197044,-2.245645846178511,0,-0.16985374711468337,3.4913606791455174,6.920855181620491
2026-02-19,-12.417097647479636,-4.15708299956073,0,-0.17172602100842405,3.4440530304667174,7.014867993262978
2026-02-20,-11.815014236628198,-2.08660334312061,0,0.05059307141621407,2.912146293803663,6.239081958117062
2026-02-23,-11.815014236628198,-6.831598857793911,0,0.05059307141621407,2.912146293803663,6.239081958117062
2026-02-24,-11.864964894125691,-0.67412160344951,0,0.04403373549841902,3.0363879533483074,6.086386862263327
2026-02-25,-11.8784158582847,2.07173956761932,0,0.05707314663556186,3.1515265969423014,5.807711890989719
2026-02-26,-11.867817278720189,0.9075928701528099,0,0.08040832310910342,3.058455727768739,5.846733360048917
2026-02-27,-11.84885026335872,0.58500668951353,0,0.06175130448408851,2.9764834654695145,6.090319797001819
2026-03-02,-11.84885026335872,-12.29293715807869,1,0.06175130448408851,2.9764834654695145,6.090319797001819
2026-03-03,-12.473129264640196,-13.85005235283186,1,-0.14018187351961178,3.54363807317622,6.759960947517172
2026-03-04,-12.67981234964332,0.5497957135471198,0,-0.1315355099835837,3.620967891672872,6.797585172321347
2026-03-05,-11.89868182897061,-4.029412586500601,0,-0.03854267624714855,2.929560974458612,6.728944995380459
2026-03-06,-11.885823633799035,-5.74509682934541,0,-0.026607451013849974,2.930592568020804,6.658121483257332
2026-03-09,-11.771550125246257,0.2729869961836901,0,0.1123958522459797,2.510476893687828,6.678294176813878
2026-03-10,-12.507478763888187,12.209957698106729,0,-0.17810211721411867,3.616032315400309,6.866691180334999
2026-03-11,-12.286967169178372,-0.21568566853471005,0,-0.1566805200067013,3.549183313019744,6.6466404237522045
2026-03-12,-12.307089393286322,-2.7236427945102197,0,-0.1647580513698362,3.538997446980681,6.722294654309572
2026-03-13,-12.324883323448695,-3.69429511814633,0,-0.17026556512129953,3.504554781563093,6.820793545359189
2026-03-16,-11.724571830813074,0.9055366922074299,0,0.11560503904281288,2.837427754744917,5.9505045374282375
2026-03-17,-11.724571830813074,0.12893366337225998,0,0.11560503904281288,2.837427754744917,5.9505045374282375
2026-03-18,-11.833485770554717,-2.6152011439863196,0,0.26078202108305126,2.6973324003233534,5.518097767296263
2026-03-19,-12.501339423375484,-9.82337181071908,0,0.5745263913186824,2.374914401620663,4.822599947996761
2026-03-20,-12.201134212865506,-4.13498857995405,0,0.48475044532215494,2.4400647376399327,5.027213688010727
2026-03-23,-11.801033249195857,6.55521191293028,0,0.26043781591045045,2.6689406812370473,5.55424060844731
2026-03-24,-11.801033249195857,-2.90163797983184,0,0.26043781591045045,2.6689406812370473,5.55424060844731
2026-03-25,-11.784327819372237,3.59048428032162,0,0.011941794909788118,3.044425056146368,6.159298784971124
2026-03-26,-11.784327819372237,-1.48442735432375,0,0.011941794909788118,3.044425056146368,6.159298784971124
2026-03-27,-11.810647506558738,-2.89159560925498,0,0.0031391756407113886,2.8598602252290233,6.569058701968508
2026-03-30,-11.797322306937252,2.6852623031972502,0,0.020875786733183424,2.8488457606378046,6.490291732226579
2026-03-31,-11.72141680907226,0.88486788512339,0,0.20857966234930408,2.3666511502210046,6.456311789705552
2026-04-01,-11.88329561439895,7.73279682673398,0,-0.07255654243167134,3.2128429649829093,6.384274967112944
2026-04-02,-11.036603051132406,-1.7200088581278101,0,-0.2713907321624247,3.1884126657332925,6.442641398933173
2026-04-07,-11.056615887316465,-3.92910822419344,0,-0.2777251867750371,3.171655064396582,6.510983473266769
2026-04-08,-11.074566363467046,17.98666081757772,0,-0.28048914633150257,3.129399068344803,6.599852344237776
2026-04-09,-10.420296293258271,-2.1958533614509097,0,-0.02064232120694129,2.553904537225404,5.839823823415032
2026-04-10,-11.056334210160784,2.12128183518678,0,-0.14388126321488945,2.9870342068252445,6.256091509446142
2026-04-13,-10.703334387912765,1.37649786627284,0,-0.12663610957338356,2.9191763952070193,5.940720145441084
2026-04-14,-10.682796606943121,1.5691868040405101,0,-0.11879683913388261,3.037946292626616,5.6921136202640685
2026-04-15,-10.673431649138369,0.06715372849511998,0,-0.08528698379404429,2.9331493173163246,5.709802160215325
2026-04-16,-10.688019704545006,-0.71962580185202,0,-0.10200963720939446,2.852668733113439,5.931718462368364
2026-04-17,-10.688019704545006,8.20545889495938,0,-0.10200963720939446,2.852668733113439,5.931718462368364
2026-04-20,-10.815633262250675,-2.3088216332336597,0,-0.20818845802643882,2.9613725387671535,6.31408724995846
2026-04-21,-10.815633262250675,-3.8348955503029303,0,-0.20818845802643882,2.9613725387671535,6.31408724995846
2026-04-22,-10.848271549424616,-1.24131276654932,0,-0.19210557004330123,2.7151885925297776,6.663585256841081
2026-04-23,-10.834843073586404,-0.7585171412669299,0,-0.18595667706416313,2.7298988901680055,6.60514436091975
2026-04-24,-10.723390388390946,-6.21480024103301,0,-0.06212434658553638,2.3625181349825444,6.6418309990552595
2026-04-27,-10.90297379109322,3.45961134883338,0,-0.2528440854538552,3.0300685408624015,6.468520071356918
2026-04-28,-10.876153955279616,-4.896905532029329,0,-0.24731500645462343,3.080238318570464,6.347181836093295
2026-04-29,-10.562429061462169,-4.52703700439613,0,-0.1581391839842426,2.8347862988244152,6.063128523708597
2026-04-30,-10.590844634189704,7.08240044934936,0,-0.1697609399334825,2.816728640238451,6.165087559263228
2026-05-04,-10.475775719746515,-2.5885601872431105,0,-0.0722474887474221,2.533350240336275,6.138559919295107
