Date,Close,Volume
1996-12-16,14.659175872802734,1146230
1996-12-17,14.644587516784668,2182715
1996-12-18,14.834052085876465,1050203
1996-12-19,14.853475570678711,1023275
1996-12-20,14.829201698303223,1175699
1996-12-23,14.64700984954834,744846
1996-12-24,14.64700984954834,0
1996-12-25,14.64700984954834,0
1996-12-26,14.64700984954834,0
1996-12-27,14.95547866821289,398335
1996-12-30,15.302847862243652,756532
1996-12-31,15.302847862243652,0
1997-01-01,15.302847862243652,0
1997-01-02,14.853475570678711,1095930
1997-01-03,15.047785758972168,935377
1997-01-06,14.999234199523926,1278331
1997-01-07,14.629999160766602,1421102
1997-01-08,14.574135780334473,1803179
1997-01-09,14.625160217285156,2555647
1997-01-10,14.64700984954834,2068397
1997-01-13,14.880172729492188,1579623
1997-01-14,15.09638500213623,1446506
1997-01-15,15.084223747253418,1468354
1997-01-16,15.120661735534668,1116253
1997-01-17,14.999234199523926,1050711
1997-01-20,14.829201698303223,1247338
1997-01-21,14.880172729492188,534501
1997-01-22,15.115811347961426,1745258
1997-01-23,15.084223747253418,1360132
1997-01-24,14.933627128601074,1082720
1997-01-27,14.93120002746582,736209
1997-01-28,15.140088081359863,1505952
1997-01-29,15.115811347961426,1384520
1997-01-30,14.938519477844238,1074591
1997-01-31,15.011341094970703,851543
1997-02-03,15.069642066955566,789557
1997-02-04,15.07938289642334,1282396
1997-02-05,15.754648208618164,3243081
1997-02-06,15.754648208618164,0
1997-02-07,15.98297119140625,531960
1997-02-10,16.070425033569336,941474
1997-02-11,16.255041122436523,992282
1997-02-12,16.255041122436523,0
1997-02-13,16.510061264038086,1403827
1997-02-14,16.512489318847656,1541009
1997-02-17,17.00072479248047,1921562
1997-02-18,17.056596755981445,1536436
1997-02-19,17.056596755981445,0
1997-02-20,16.940013885498047,1206692
1997-02-21,16.879297256469727,1048171
1997-02-24,16.687414169311523,764153
1997-02-25,16.833118438720703,1342858
1997-02-26,16.935165405273438,898287
1997-02-27,17.314088821411133,2038420
1997-02-28,17.258216857910156,906924
1997-03-03,17.100303649902344,923691
1997-03-04,17.75614356994629,1606552
1997-03-05,17.586116790771484,1785904
1997-03-06,17.736711502075195,1987104
1997-03-07,18.205516815185547,1468354
1997-03-10,18.72776985168457,2129875
1997-03-11,18.181238174438477,2741096
1997-03-12,17.610431671142578,2849318
1997-03-13,17.467100143432617,1510016
1997-03-14,17.71970558166504,1838237
1997-03-17,17.345674514770508,1048679
1997-03-18,16.72380256652832,1925626
1997-03-19,16.60237693786621,2171538
1997-03-20,16.128721237182617,3082019
1997-03-21,16.225879669189453,1708168
1997-03-24,16.347312927246094,1357084
1997-03-25,16.7578182220459,1467846
1997-03-26,17.119781494140625,1773710
1997-03-27,16.88899040222168,558381
1997-03-28,16.88899040222168,0
1997-03-31,16.88899040222168,0
1997-04-01,16.429922103881836,1378931
1997-04-02,16.128721237182617,1741701
1997-04-03,16.068012237548828,2492137
1997-04-04,16.104448318481445,2094817
1997-04-07,16.813690185546875,1905811
1997-04-08,16.738391876220703,1545582
1997-04-09,17.039587020874023,1405352
1997-04-10,16.76024627685547,1154360
1997-04-11,16.682519912719727,1180780
1997-04-14,16.34246253967285,1694958
1997-04-15,16.667940139770508,1722902
1997-04-16,16.667940139770508,0
1997-04-17,16.845273971557617,1905303
1997-04-18,16.952173233032227,1513065
1997-04-21,16.833118438720703,1042074
1997-04-22,16.935165405273438,1480548
1997-04-23,16.976449966430664,772791
1997-04-24,16.903568267822266,1661424
1997-04-25,16.340038299560547,1202119
1997-04-28,16.733543395996094,1826043
1997-04-29,17.051753997802734,1784888
1997-04-30,16.332765579223633,3144005
1997-05-01,16.332765579223633,0
1997-05-02,16.374059677124023,620366
1997-05-05,16.711685180664062,1159948
1997-05-06,16.687414169311523,1748814
1997-05-07,16.250150680541992,2366133
1997-05-08,16.250150680541992,0
1997-05-09,16.116559982299805,1607568
1997-05-12,16.080127716064453,1480548
1997-05-13,15.992714881896973,1873802
1997-05-14,15.968389511108398,2588672
1997-05-15,15.837218284606934,1083228
1997-05-16,15.861543655395508,1621286
1997-05-19,15.861543655395508,0
1997-05-20,15.412166595458984,1775743
1997-05-21,15.788670539855957,1547106
1997-05-22,15.681778907775879,2330059
1997-05-23,16.250150680541992,656948
1997-05-26,16.675249099731445,1462765
1997-05-27,16.590219497680664,1093898
1997-05-28,16.468788146972656,530436
1997-05-29,16.53681755065918,142262
1997-05-30,16.250150680541992,1194498
1997-06-02,16.468788146972656,1351495
1997-06-03,16.626649856567383,1015145
1997-06-04,16.675249099731445,724523
1997-06-05,16.711685180664062,493854
1997-06-06,16.6630859375,1061889
1997-06-09,16.687414169311523,776347
1997-06-10,16.276897430419922,481660
1997-06-11,16.128721237182617,1042582
1997-06-12,16.19186019897461,1462257
1997-06-13,16.36189079284668,1617729
1997-06-16,16.41533660888672,1441933
1997-06-17,16.347312927246094,1277315
1997-06-18,16.575674057006836,1637036
1997-06-19,16.803997039794922,3434627
1997-06-20,16.77239990234375,1339301
1997-06-23,16.395902633666992,935885
1997-06-24,16.335186004638672,1653295
1997-06-25,16.52950096130371,1486645
1997-06-26,16.412912368774414,1734588
1997-06-27,16.493059158325195,1233620
1997-06-30,16.395902633666992,1377915
1997-07-01,17.039587020874023,3337076
1997-07-02,17.209617614746094,3054582
1997-07-03,17.445255279541016,2218281
1997-07-04,17.486536026000977,1065953
1997-07-07,17.525402069091797,270299
1997-07-08,17.646875381469727,1206184
1997-07-09,17.850873947143555,1501887
1997-07-10,17.67115020751953,1545582
1997-07-11,17.829025268554688,1394174
1997-07-14,18.01363182067871,1592325
1997-07-15,18.09620475769043,1512049
1997-07-16,18.394981384277344,2077035
1997-07-17,18.436309814453125,1970338
1997-07-18,17.816909790039062,1056808
1997-07-21,17.683271408081055,1119810
1997-07-22,18.339109420776367,1239717
1997-07-23,18.72776985168457,1671586
1997-07-24,18.424144744873047,2156295
1997-07-25,19.201414108276367,1555744
1997-07-28,19.45648193359375,1455143
1997-07-29,19.097000122070312,653392
1997-07-30,19.177143096923828,1054776
1997-07-31,18.49702262878418,910481
1997-08-01,18.509140014648438,1509000
1997-08-04,18.135108947753906,937917
1997-08-05,18.326995849609375,1085261
1997-08-06,18.594179153442383,923691
1997-08-07,18.667055130004883,1215329
1997-08-08,18.606338500976562,1117778
1997-08-11,18.533458709716797,730620
1997-08-12,19.189306259155273,1329139
1997-08-13,18.460582733154297,1628907
1997-08-14,17.768308639526367,1441933
1997-08-15,17.008047103881836,2207103
1997-08-18,17.073598861694336,2399158
1997-08-19,17.634719848632812,2078051
1997-08-20,17.80474281311035,394270
1997-08-21,18.156963348388672,689973
1997-08-22,17.168331146240234,2320914
1997-08-25,17.379648208618164,20323
1997-08-26,16.638811111450195,5146860
1997-08-27,16.323028564453125,4150005
1997-08-28,16.177278518676758,4036195
1997-08-29,16.007246017456055,891174
1997-09-01,16.541664123535156,3147053
1997-09-02,16.76024627685547,2728394
1997-09-03,16.626649856567383,6162006
1997-09-04,16.711685180664062,2754815
1997-09-05,16.821002960205078,3167376
1997-09-08,17.258216857910156,1796574
1997-09-09,17.136743545532227,3528114
1997-09-10,16.88414192199707,2347334
1997-09-11,16.09228515625,4003678
1997-09-12,15.715791702270508,5088939
1997-09-15,15.897981643676758,3610423
1997-09-16,16.323028564453125,3187700
1997-09-17,16.165164947509766,3545389
1997-09-18,16.565929412841797,2039437
1997-09-19,16.456623077392578,2437772
1997-09-22,17.029890060424805,2443869
1997-09-23,17.00072479248047,4350189
1997-09-24,17.367536544799805,1966273
1997-09-25,17.051753997802734,2973290
1997-09-26,17.063913345336914,5042195
1997-09-29,16.869558334350586,1626875
1997-09-30,17.00315284729004,3516936
1997-10-01,17.59584617614746,3638876
1997-10-02,17.624977111816406,2331075
1997-10-03,17.624977111816406,0
1997-10-06,17.658985137939453,2559712
1997-10-07,17.9869327545166,4043308
1997-10-08,17.588533401489258,4330882
1997-10-09,17.122209548950195,3714072
1997-10-10,16.94243621826172,3233427
1997-10-13,16.79425811767578,1999806
1997-10-14,16.578092575073242,2835091
1997-10-15,16.323028564453125,3339108
1997-10-16,15.91009521484375,3692732
1997-10-17,16.019411087036133,3441740
1997-10-20,16.323028564453125,1847382
1997-10-21,16.578092575073242,3710007
1997-10-22,16.456623077392578,3079987
1997-10-23,15.75222110748291,4887739
1997-10-24,15.618629455566406,6039050
1997-10-27,15.181380271911621,4284138
1997-10-28,14.561074256896973,115842
1997-10-29,14.987070083618164,4076841
1997-10-30,15.059948921203613,6817430
1997-10-31,14.768442153930664,4706862
1997-11-03,14.843743324279785,3561647
1997-11-04,14.654280662536621,3707975
1997-11-05,14.671287536621094,3434627
1997-11-06,14.476982116699219,3725249
1997-11-07,14.149086952209473,6116279
1997-11-10,14.2122220993042,2615600
1997-11-11,14.331230163574219,3549453
1997-11-12,14.379826545715332,4938547
1997-11-13,14.51584243774414,3581971
1997-11-14,14.66401481628418,4599149
1997-11-17,15.497157096862793,4374577
1997-11-18,15.720635414123535,4765799
1997-11-19,15.94653034210205,4084971
1997-11-20,15.788670539855957,5261686
1997-11-21,15.788670539855957,5358222
1997-11-24,15.400007247924805,3308623
1997-11-25,15.351407051086426,552792
1997-11-26,15.883392333984375,1081196
1997-11-27,15.97081184387207,702167
1997-11-28,15.948957443237305,661521
1997-12-01,16.429922103881836,1336253
1997-12-02,16.274471282958984,879996
1997-12-03,16.386213302612305,1152327
1997-12-04,16.395902633666992,1701055
1997-12-05,16.347312927246094,1166553
1997-12-08,16.37163543701172,605632
1997-12-09,15.97081184387207,426788
1997-12-10,15.650181770324707,335333
1997-12-11,15.181380271911621,1324059
1997-12-12,15.057520866394043,1282396
1997-12-15,14.792760848999023,1531356
1997-12-16,15.120661735534668,1381980
1997-12-17,15.27857780456543,982628
1997-12-18,15.157097816467285,775331
1997-12-19,14.804880142211914,1183828
1997-12-22,14.865640640258789,840365
1997-12-23,15.412166595458984,741798
1997-12-24,15.412166595458984,0
1997-12-25,15.412166595458984,0
1997-12-26,15.412166595458984,0
1997-12-29,16.15058135986328,688957
1997-12-30,16.177278518676758,976531
1997-12-31,16.177278518676758,0
1998-01-01,16.177278518676758,0
1998-01-02,17.428245544433594,1580131
1998-01-05,17.658985137939453,2258928
1998-01-06,17.00315284729004,1988629
1998-01-07,16.697099685668945,1969321
1998-01-08,16.493059158325195,1361657
1998-01-09,16.298755645751953,845446
1998-01-12,15.997553825378418,1087293
1998-01-13,15.885814666748047,1047663
1998-01-14,15.582197189331055,992790
1998-01-15,15.4486083984375,802767
1998-01-16,15.652608871459961,1076115
1998-01-19,16.03399658203125,1629923
1998-01-20,16.031572341918945,1387061
1998-01-21,15.769235610961914,1913433
1998-01-22,15.679346084594727,1042582
1998-01-23,15.897981643676758,1327107
1998-01-26,16.26958656311035,917594
1998-01-27,16.53681755065918,1166553
1998-01-28,16.626649856567383,1276299
1998-01-29,16.616962432861328,1236669
1998-01-30,16.697099685668945,1315929
1998-02-02,17.73186492919922,4615407
1998-02-03,17.999052047729492,3159247
1998-02-04,18.569894790649414,3452918
1998-02-05,18.416881561279297,2361560
1998-02-06,19.01927375793457,2519065
1998-02-09,18.458162307739258,1947982
1998-02-10,18.85167121887207,2002855
1998-02-11,18.460582733154297,1751863
1998-02-12,17.877622604370117,1802671
1998-02-13,17.952917098999023,860689
1998-02-16,17.7440242767334,944014
1998-02-17,18.144805908203125,1632972
1998-02-18,17.792579650878906,1254960
1998-02-19,17.646875381469727,578196
1998-02-20,17.68816566467285,617826
1998-02-23,18.545583724975586,2025210
1998-02-24,18.674325942993164,2296526
1998-02-25,18.973100662231445,1603503
1998-02-26,18.92207908630371,1953063
1998-02-27,18.594179153442383,1635004
1998-03-02,18.87110137939453,1323042
1998-03-03,18.654895782470703,904384
1998-03-04,18.348852157592773,1162489
1998-03-05,18.533458709716797,1046646
1998-03-06,19.04355239868164,2407287
1998-03-09,19.98843002319336,2741605
1998-03-10,19.832984924316406,2544469
1998-03-11,19.8013973236084,1787428
1998-03-12,19.381189346313477,1376899
1998-03-13,19.28645896911621,1095422
1998-03-16,19.22574234008789,756024
1998-03-17,19.383615493774414,828172
1998-03-18,19.22574234008789,1345398
1998-03-19,19.820823669433594,2146134
1998-03-20,20.03944969177246,2138004
1998-03-23,19.99085807800293,1379947
1998-03-24,20.42321014404297,1873802
1998-03-25,20.430530548095703,1870754
1998-03-26,19.97873306274414,963321
1998-03-27,20.185209274291992,1447014
1998-03-30,20.32364273071289,837317
1998-03-31,20.362499237060547,1355560
1998-04-01,20.403791427612305,1189925
1998-04-02,20.476655960083008,1124891
1998-04-03,20.670970916748047,1573018
1998-04-06,20.74384307861328,1033436
1998-04-07,20.051570892333984,1777267
1998-04-08,19.93014144897461,1555744
1998-04-09,20.182737350463867,948079
1998-04-10,20.182737350463867,0
1998-04-13,20.182737350463867,0
1998-04-14,20.11233139038086,1017178
1998-04-15,19.738258361816406,1744750
1998-04-16,19.599773406982422,1907336
1998-04-17,19.439483642578125,2420497
1998-04-20,19.917978286743164,2283316
1998-04-21,19.628938674926758,2197958
1998-04-22,19.3714542388916,2347334
1998-04-23,19.055665969848633,2284332
1998-04-24,18.776369094848633,1680731
1998-04-27,18.679161071777344,1477499
1998-04-28,18.946395874023438,1406368
1998-04-29,18.946395874023438,1500871
1998-04-30,19.667800903320312,2569873
1998-05-01,19.667800903320312,0
1998-05-04,19.140701293945312,1562857
1998-05-05,18.735034942626953,1135052
1998-05-06,18.679161071777344,1099487
1998-05-07,18.341583251953125,1499855
1998-05-08,18.606338500976562,1309832
1998-05-11,19.111539840698242,944014
1998-05-12,18.994953155517578,901335
1998-05-13,19.34717559814453,1386044
1998-05-14,19.582813262939453,1291541
1998-05-15,19.675067901611328,948079
1998-05-18,19.52446937561035,1014129
1998-05-19,19.650787353515625,892190
1998-05-20,19.893699645996094,1367754
1998-05-21,19.893699645996094,0
1998-05-22,19.541481018066406,530436
1998-05-25,19.80870819091797,790574
1998-05-26,19.55364227294922,1419578
1998-05-27,19.189306259155273,2002855
1998-05-28,19.99085807800293,2538372
1998-05-29,20.74384307861328,3401094
1998-06-01,20.74384307861328,0
1998-06-02,20.622411727905273,969418
1998-06-03,20.59567642211914,825631
1998-06-04,20.391674041748047,933852
1998-06-05,20.768173217773438,1090849
1998-06-08,21.326807022094727,2248258
1998-06-09,21.423961639404297,1655327
1998-06-10,21.800460815429688,1783364
1998-06-11,21.800460815429688,0
1998-06-12,20.90418815612793,1577591
1998-06-15,20.622411727905273,1439901
1998-06-16,20.646690368652344,1228539
1998-06-17,21.691198348999023,1648214
1998-06-18,21.666873931884766,1466321
1998-06-19,21.618322372436523,2205071
1998-06-22,21.37540626525879,1082212
1998-06-23,21.496841430664062,651867
1998-06-24,21.739749908447266,1653295
1998-06-25,22.330032348632812,1917497
1998-06-26,22.347034454345703,1112697
1998-06-29,22.674928665161133,1220410
1998-06-30,22.614219665527344,1309832
1998-07-01,23.03926658630371,1117778
1998-07-02,23.318618774414062,1148771
1998-07-03,23.318618774414062,872883
1998-07-06,23.415775299072266,904384
1998-07-07,23.364788055419922,1216853
1998-07-08,23.014995574951172,947571
1998-07-09,22.444190979003906,2009968
1998-07-10,22.25226593017578,1123367
1998-07-13,22.296016693115234,643738
1998-07-14,22.551040649414062,690990
1998-07-15,22.419864654541016,860689
1998-07-16,21.858806610107422,996346
1998-07-17,21.866071701049805,574131
1998-07-20,21.938949584960938,736209
1998-07-21,21.909778594970703,709789
1998-07-22,21.241823196411133,3039788
1998-07-23,21.132503509521484,3325980
1998-07-24,20.977060317993164,2831107
1998-07-27,20.527687072753906,2458462
1998-07-28,20.435380935668945,1992408
1998-07-29,20.20948600769043,2556841
1998-07-30,20.28235626220703,1490579
1998-07-31,20.28235626220703,3309086
1998-08-03,19.577913284301758,2860919
1998-08-04,19.34717559814453,1953652
1998-08-05,19.152862548828125,3947055
1998-08-06,18.642772674560547,3122267
1998-08-07,18.642772674560547,2898680
1998-08-10,18.460582733154297,2100723
1998-08-11,17.683307647705078,4630734
1998-08-12,17.70759391784668,2617458
1998-08-13,17.683307647705078,4852334
1998-08-14,18.023374557495117,4324668
1998-08-17,17.974777221679688,2460450
1998-08-18,18.7034912109375,2281580
1998-08-19,19.213577270507812,3781104
1998-08-20,17.94076156616211,8751692
1998-08-21,17.10035514831543,4890095
1998-08-24,17.389385223388672,3371691
1998-08-25,17.525402069091797,2423682
1998-08-26,16.833118438720703,3126242
1998-08-27,16.068012237548828,4568130
1998-08-28,16.068012237548828,6279316
1998-08-31,16.080127716064453,3385603
1998-09-01,16.638811111450195,5269697
1998-09-02,16.687414169311523,3369703
1998-09-03,15.919837951660156,4006679
1998-09-04,15.919837951660156,2826139
1998-09-07,16.19186019897461,2122585
1998-09-08,16.383739471435547,3736387
1998-09-09,15.97081184387207,3721480
1998-09-10,15.545757293701172,3789053
1998-09-11,15.545757293701172,3905318
1998-09-14,16.174856185913086,2241832
1998-09-15,15.769235610961914,2937435
1998-09-16,15.793512344360352,3651920
1998-09-17,15.74006175994873,2243819
1998-09-18,15.74006175994873,4295851
1998-09-21,15.144987106323242,3234558
1998-09-22,15.336867332458496,1740003
1998-09-23,15.9611177444458,2665156
1998-09-24,15.667186737060547,33786
1998-09-25,15.667186737060547,1939740
1998-09-28,16.007246017456055,1822482
1998-09-29,15.98297119140625,1402138
1998-09-30,15.327129364013672,3013952
1998-10-01,14.671287536621094,3695644
1998-10-02,14.683451652526855,3897369
1998-10-05,14.088325500488281,4664520
1998-10-06,14.622735023498535,4243183
1998-10-07,14.476982116699219,2676088
1998-10-08,14.294791221618652,4428016
1998-10-09,14.671287536621094,2219970
1998-10-12,14.987070083618164,3072015
1998-10-13,14.610574722290039,3711483
1998-10-14,14.671287536621094,3539755
1998-10-15,14.476982116699219,3683631
1998-10-16,14.768442153930664,4155054
1998-10-19,14.974908828735352,2878735
1998-10-20,15.059948921203613,4730273
1998-10-21,14.877758026123047,2980883
1998-10-22,14.804880142211914,3751040
1998-10-23,15.302847862243652,1997683
1998-10-26,15.655077934265137,2572889
1998-10-27,16.225879669189453,3831825
1998-10-28,15.618629455566406,2421307
1998-10-29,15.91009521484375,2386833
1998-10-30,15.91009521484375,2482384
1998-11-02,16.694686889648438,2993825
1998-11-03,16.694686889648438,2267430
1998-11-04,17.161060333251953,3417028
1998-11-05,16.72380256652832,2917239
1998-11-06,16.72380256652832,2065444
1998-11-09,16.383739471435547,2929108
1998-11-10,15.74006175994873,3012302
1998-11-11,15.73037338256836,3065109
1998-11-12,15.570033073425293,1820952
1998-11-13,15.987815856933594,1983527
1998-11-16,16.61453628540039,4217450
1998-11-17,16.395902633666992,1686948
1998-11-18,16.675249099731445,2634251
1998-11-19,16.7651309967041,2361672
1998-11-20,16.898723602294922,2802097
1998-11-23,16.898723602294922,2482025
1998-11-24,17.331090927124023,2766545
1998-11-25,17.294658660888672,2410404
1998-11-26,17.148900985717773,1895195
1998-11-27,17.586116790771484,2369550
1998-11-30,17.24605369567871,1909708
1998-12-01,17.24605369567871,2991093
1998-12-02,16.055843353271484,3148651
1998-12-03,16.395902633666992,4639263
1998-12-04,16.116559982299805,2393545
1998-12-07,15.880970001220703,2482288
1998-12-08,15.880970001220703,1608595
1998-12-09,15.703628540039062,3289148
1998-12-10,15.91009521484375,3028703
1998-12-11,15.91009521484375,2178851
1998-12-14,15.980549812316895,2570546
1998-12-15,16.395902633666992,4281618
1998-12-16,16.444503784179688,2782451
1998-12-17,16.638811111450195,2132705
1998-12-18,16.638811111450195,3209780
1998-12-21,16.395902633666992,3331484
1998-12-22,16.876874923706055,1652434
1998-12-23,17.214506149291992,1876876
1998-12-24,17.214506149291992,0
1998-12-25,17.214506149291992,0
1998-12-28,17.233938217163086,1235147
1998-12-29,17.294658660888672,1051077
1998-12-30,17.037160873413086,706137
1998-12-31,17.037160873413086,0
1999-01-01,17.037160873413086,0
1999-01-04,18.10038948059082,1630592
1999-01-05,18.071876525878906,1916165
1999-01-06,18.17164421081543,1464361
1999-01-07,17.506534576416016,2348202
1999-01-08,17.34501838684082,1083558
1999-01-11,16.983957290649414,1382521
1999-01-12,16.62289810180664,1682512
1999-01-13,16.271339416503906,2452808
1999-01-14,16.271339416503906,2540059
1999-01-15,16.00530242919922,2580884
1999-01-18,16.17158317565918,941989
1999-01-19,15.677498817443848,1315277
1999-01-20,15.734509468078613,2252999
1999-01-21,15.653743743896484,2075993
1999-01-22,15.653743743896484,1205276
1999-01-25,15.392455101013184,1103371
1999-01-26,15.340193748474121,1182960
1999-01-27,15.487468719482422,1566178
1999-01-28,15.511225700378418,1470933
1999-01-29,16.019556045532227,1472660
1999-02-01,15.748758316040039,1859378
1999-02-02,15.558731079101562,1804529
1999-02-03,15.687002182006836,1456242
1999-02-04,15.273682594299316,1436355
1999-02-05,15.273682594299316,2405045
1999-02-08,15.202423095703125,1355279
1999-02-09,14.675089836120605,1615642
1999-02-10,14.675089836120605,2015499
1999-02-11,14.822361946105957,1219562
1999-02-12,14.822361946105957,1354886
1999-02-15,14.608576774597168,800277
1999-02-16,14.542065620422363,1222891
1999-02-17,14.537318229675293,1671669
1999-02-18,14.51356315612793,1439424
1999-02-19,14.195263862609863,2139511
1999-02-22,14.371042251586914,1151261
1999-02-23,15.273682594299316,2909717
1999-02-24,15.482717514038086,1939538
1999-02-25,15.059900283813477,1559371
1999-02-26,15.059900283813477,1466785
1999-03-01,14.86987018585205,1359311
1999-03-02,14.86987018585205,2927707
1999-03-03,15.173919677734375,1686127
1999-03-04,15.154915809631348,1481273
1999-03-05,15.273682594299316,1594888
1999-03-08,15.368698120117188,1483906
1999-03-09,15.525474548339844,1580558
1999-03-10,15.9387845993042,1994975
1999-03-11,16.010053634643555,1608176
1999-03-12,16.010053634643555,2596746
1999-03-15,16.532630920410156,1205907
1999-03-16,16.86518669128418,2490888
1999-03-17,16.91269874572754,1996622
1999-03-18,17.064714431762695,1380425
1999-03-19,17.43527603149414,14916604
1999-03-22,17.135984420776367,1456000
1999-03-23,16.461374282836914,1349251
1999-03-24,16.247591018676758,1814052
1999-03-25,16.342605590820312,1321440
1999-03-26,16.176326751708984,1348149
1999-03-29,16.451868057250977,821174
1999-03-30,16.29509925842285,803142
1999-03-31,16.461374282836914,1090033
1999-04-01,16.817684173583984,1210863
1999-04-02,16.817684173583984,0
1999-04-05,16.817684173583984,0
1999-04-06,16.960203170776367,1213169
1999-04-07,17.055217742919922,1907009
1999-04-08,17.055217742919922,1589390
1999-04-09,17.269001007080078,3733676
1999-04-12,18.03387451171875,1929165
1999-04-13,18.03387451171875,2050717
1999-04-14,18.24290657043457,2385726
1999-04-15,19.21681022644043,5558140
1999-04-16,19.21681022644043,4173062
1999-04-19,19.47810173034668,4032801
1999-04-20,19.1693115234375,3812546
1999-04-21,19.183555603027344,1723452
1999-04-22,19.14080047607422,1250127
1999-04-23,19.14080047607422,1631142
1999-04-26,19.145559310913086,1829779
1999-04-27,19.145559310913086,2605293
1999-04-28,19.14080047607422,1783410
1999-04-29,18.90801239013672,2515205
1999-04-30,18.703723907470703,3457085
1999-05-03,18.741735458374023,1344553
1999-05-04,18.347421646118164,1800235
1999-05-05,18.052879333496094,1360475
1999-05-06,17.991119384765625,1741229
1999-05-07,18.13839340209961,2162000
1999-05-10,18.53270149230957,1418353
1999-05-11,18.480443954467773,1479989
1999-05-12,18.166893005371094,1445622
1999-05-13,18.166893005371094,0
1999-05-14,17.910354614257812,1372085
1999-05-17,17.957860946655273,1329074
1999-05-18,17.57780647277832,1421568
1999-05-19,17.69182014465332,1732866
1999-05-20,17.340261459350586,1882110
1999-05-21,17.97686767578125,1484602
1999-05-24,17.97686767578125,0
1999-05-25,18.052879333496094,1214466
1999-05-26,17.910354614257812,1213767
1999-05-27,18.13839340209961,2023381
1999-05-28,17.696569442749023,1512219
1999-05-31,17.767831802368164,595414
1999-06-01,17.720325469970703,1460968
1999-06-02,17.696569442749023,1020114
1999-06-03,17.696569442749023,0
1999-06-04,17.99586296081543,2587498
1999-06-07,18.713232040405273,2084435
1999-06-08,18.979272842407227,1116563
1999-06-09,18.765491485595703,1480470
1999-06-10,18.675228118896484,2264917
1999-06-11,18.741735458374023,2394700
1999-06-14,19.1693115234375,1534970
1999-06-15,19.335580825805664,1614733
1999-06-16,19.202560424804688,1705114
1999-06-17,19.1693115234375,1237950
1999-06-18,19.378337860107422,9590223
1999-06-21,18.717981338500977,1664517
1999-06-22,19.240562438964844,951745
1999-06-23,19.240562438964844,1205258
1999-06-24,19.050540924072266,1147096
1999-06-25,19.050540924072266,1841774
1999-06-28,18.955522537231445,1172599
1999-06-29,19.136049270629883,897741
1999-06-30,18.98877716064453,1244287
1999-07-01,19.21681022644043,2208392
1999-07-02,19.48285675048828,1671534
1999-07-05,19.829662322998047,1672899
1999-07-06,20.238229751586914,1937707
1999-07-07,20.66579246520996,1876602
1999-07-08,20.594532012939453,1288949
1999-07-09,20.333240509033203,1219443
1999-07-12,20.333240509033203,1214032
1999-07-13,20.494768142700195,1451244
1999-07-14,20.36174964904785,1422395
1999-07-15,20.646791458129883,3090339
1999-07-16,19.834415435791016,2147614
1999-07-19,19.715641021728516,1600581
1999-07-20,19.877168655395508,2017281
1999-07-21,19.42584991455078,2252992
1999-07-22,19.145559310913086,1922570
1999-07-23,18.9317684173584,1624423
1999-07-26,18.90801239013672,2165618
1999-07-27,18.694231033325195,1542362
1999-07-28,18.884260177612305,1380613
1999-07-29,19.145559310913086,3166511
1999-07-30,19.19305419921875,1874175
1999-08-02,19.050540924072266,1647693
1999-08-03,19.21681022644043,1549541
1999-08-04,19.21206283569336,2295071
1999-08-05,19.620630264282227,2936077
1999-08-06,19.606374740600586,1285272
1999-08-09,19.492355346679688,1859695
1999-08-10,19.891420364379883,1609953
1999-08-11,19.454345703125,743268
1999-08-12,19.47810173034668,3608999
1999-08-13,20.475765228271484,2588014
1999-08-16,20.66579246520996,1116549
1999-08-17,20.380746841430664,1594049
1999-08-18,19.99118423461914,1060107
1999-08-19,19.86292266845703,872153
1999-08-20,19.772653579711914,1467482
1999-08-23,19.948429107666016,939867
1999-08-24,20.048194885253906,801116
1999-08-25,20.057697296142578,1968885
1999-08-26,20.475765228271484,1898353
1999-08-27,19.95317840576172,2069282
1999-08-30,19.919931411743164,627625
1999-08-31,19.88192367553711,1427234
1999-09-01,19.326078414916992,901311
1999-09-02,19.558866500854492,1667068
1999-09-03,19.311826705932617,969403
1999-09-06,19.706146240234375,871278
1999-09-07,19.43059539794922,1845729
1999-09-08,18.955522537231445,1505022
1999-09-09,18.822498321533203,1076714
1999-09-10,19.17880630493164,1427504
1999-09-13,19.53511619567871,925496
1999-09-14,19.606374740600586,1082605
1999-09-15,19.454345703125,1159060
1999-09-16,19.47810173034668,1848658
1999-09-17,18.889009475708008,4234035
1999-09-20,18.836748123168945,1105788
1999-09-21,18.955522537231445,1676677
1999-09-22,18.760744094848633,1129466
1999-09-23,18.432941436767578,1232669
1999-09-24,18.31416893005371,3617597
1999-09-27,17.316509246826172,1309507
1999-09-28,17.46378517150879,1558543
1999-09-29,17.57780647277832,2881807
1999-09-30,17.720325469970703,1574524
1999-10-01,17.839092254638672,1317648
1999-10-04,17.796337127685547,1016309
1999-10-05,17.791587829589844,1987933
1999-10-06,18.200153350830078,1568244
1999-10-07,18.21440315246582,2174335
1999-10-08,17.891353607177734,1852282
1999-10-11,17.53504180908203,997110
1999-10-12,17.57780647277832,1031874
1999-10-13,17.734575271606445,1042962
1999-10-14,17.411523818969727,1061639
1999-10-15,17.38776969909668,2315335
1999-10-18,17.197742462158203,1300870
1999-10-19,17.078975677490234,2161431
1999-10-20,17.221498489379883,1983460
1999-10-21,17.007713317871094,1186463
1999-10-22,17.10272789001465,1736138
1999-10-25,17.68231773376465,934642
1999-10-26,17.7108211517334,1063713
1999-10-27,17.82008934020996,1036866
1999-10-28,17.886600494384766,2436616
1999-10-29,18.38068389892578,1676479
1999-11-01,18.394933700561523,506013
1999-11-02,18.456693649291992,1076596
1999-11-03,18.456693649291992,1777720
1999-11-04,18.24290657043457,2166497
1999-11-05,18.656225204467773,1906175
1999-11-08,18.884260177612305,1343466
1999-11-09,18.912769317626953,1451602
1999-11-10,18.760744094848633,1196885
1999-11-11,18.979272842407227,1319566
1999-11-12,18.741735458374023,1316559
1999-11-15,18.361675262451172,1903679
1999-11-16,18.836748123168945,2207410
1999-11-17,19.402090072631836,1638133
1999-11-18,19.19305419921875,2605264
1999-11-19,19.81065559387207,2335332
1999-11-22,19.525609970092773,1107134
1999-11-23,19.47810173034668,2046824
1999-11-24,19.19305419921875,1534689
1999-11-25,19.050540924072266,1308378
1999-11-26,19.60162925720215,1329968
1999-11-29,19.763153076171875,1522666
1999-11-30,19.891420364379883,1562934
1999-12-01,19.772653579711914,1875792
1999-12-02,20.14320945739746,2032084
1999-12-03,19.95317840576172,1652990
1999-12-06,19.95317840576172,2002595
1999-12-07,20.019689559936523,1345832
1999-12-08,19.834415435791016,1098161
1999-12-09,19.900920867919922,1512375
1999-12-10,19.634876251220703,1567051
1999-12-13,19.668136596679688,1132978
1999-12-14,19.668136596679688,1978993
1999-12-15,20.00069236755371,2731528
1999-12-16,20.713300704956055,4288459
1999-12-17,21.848737716674805,4302593
1999-12-20,21.501922607421875,1780306
1999-12-21,21.615947723388672,966544
1999-12-22,21.3784122467041,1110214
1999-12-23,21.373659133911133,1474454
1999-12-24,21.373659133911133,0
1999-12-27,21.520933151245117,1214913
1999-12-28,21.42116928100586,886272
1999-12-29,21.972253799438477,642464
1999-12-30,21.92474365234375,1164353
1999-12-31,21.92474365234375,0
2000-01-03,22.376070022583008,2648778
2000-01-04,21.473417282104492,2606194
2000-01-05,20.90333366394043,2344211
2000-01-06,20.974597930908203,2697899
2000-01-07,21.848737716674805,2635380
2000-01-10,22.642108917236328,2632123
2000-01-11,21.972253799438477,2194255
2000-01-12,21.022106170654297,2743727
2000-01-13,20.879573822021484,2818194
2000-01-14,21.3784122467041,3196583
2000-01-17,21.972253799438477,4372612
2000-01-18,21.425918579101562,2819773
2000-01-19,21.425918579101562,2300617
2000-01-20,21.140867233276367,2187761
2000-01-21,20.784561157226562,2536102
2000-01-24,20.90333366394043,2100368
2000-01-25,19.81065559387207,3347065
2000-01-26,19.763153076171875,2723374
2000-01-27,19.43059539794922,2352382
2000-01-28,19.549360275268555,1492380
2000-01-31,18.96502113342285,2637783
2000-02-01,19.02678108215332,2204788
2000-02-02,19.85816764831543,1767529
2000-02-03,20.214473724365234,2104281
2000-02-04,19.668136596679688,2025800
2000-02-07,19.145559310913086,1834645
2000-02-08,20.570785522460938,2715773
2000-02-09,20.808320999145508,3412321
2000-02-10,21.140867233276367,2275639
2000-02-11,20.428251266479492,3778555
2000-02-14,20.760805130004883,1095408
2000-02-15,19.596872329711914,2183685
2000-02-16,20.238229751586914,2081400
2000-02-17,20.85582160949707,2360021
2000-02-18,20.89383316040039,2721677
2000-02-21,20.6182804107666,907451
2000-02-22,20.85582160949707,2351117
2000-02-23,20.760805130004883,1751199
2000-02-24,20.28573226928711,1396945
2000-02-25,20.333240509033203,1391780
2000-02-28,20.356996536254883,1247523
2000-02-29,20.80356788635254,1732620
2000-03-01,20.28573226928711,3097060
2000-03-02,20.356996536254883,2220955
2000-03-03,19.905672073364258,1813242
2000-03-06,19.957931518554688,1230288
2000-03-07,19.368837356567383,1856836
2000-03-08,19.302330017089844,1992118
2000-03-09,19.81065559387207,1850783
2000-03-10,19.311826705932617,2478066
2000-03-13,19.625381469726562,1231229
2000-03-14,19.76790428161621,1441686
2000-03-15,19.962684631347656,1485685
2000-03-16,21.425918579101562,4476608
2000-03-17,21.805978775024414,31412184
2000-03-20,21.672956466674805,1445044
2000-03-21,21.492422103881836,1729497
2000-03-22,21.354656219482422,1578843
2000-03-23,20.90333366394043,1465825
2000-03-24,20.90333366394043,1704448
2000-03-27,21.19312858581543,1761625
2000-03-28,21.782224655151367,2784485
2000-03-29,22.29054832458496,3556249
2000-03-30,22.233543395996094,2497880
2000-03-31,22.22403907775879,1782329
2000-04-03,22.3048038482666,1317964
2000-04-04,22.50908851623535,1838381
2000-04-05,21.615947723388672,2951469
2000-04-06,21.045852661132812,2195313
2000-04-07,20.860570907592773,1659890
2000-04-10,21.425918579101562,1664332
2000-04-11,21.093358993530273,1232853
2000-04-12,21.22638511657715,1369074
2000-04-13,21.16462516784668,2729249
2000-04-14,21.055355072021484,1333776
2000-04-17,20.7370548248291,1943325
2000-04-18,20.64204216003418,1810914
2000-04-19,20.309486389160156,1995673
2000-04-20,20.214473724365234,1985975
2000-04-21,20.214473724365234,0
2000-04-24,20.214473724365234,0
2000-04-25,20.846328735351562,1757880
2000-04-26,21.18837547302246,1638635
2000-04-27,20.97934913635254,1436728
2000-04-28,21.772720336914062,3146540
2000-05-01,21.772720336914062,0
2000-05-02,21.70915412902832,1809876
2000-05-03,21.552696228027344,1772107
2000-05-04,21.880287170410156,1359096
2000-05-05,21.660261154174805,1619222
2000-05-08,21.47935676574707,1494101
2000-05-09,21.47935676574707,0
2000-05-10,21.269105911254883,1437280
2000-05-11,21.293554306030273,1744492
2000-05-12,21.185985565185547,1061439
2000-05-15,20.90239906311035,945540
2000-05-16,21.2202091217041,1773218
2000-05-17,20.951297760009766,2008090
2000-05-18,20.868173599243164,1550153
2000-05-19,20.80461311340332,1746435
2000-05-22,20.780160903930664,1543609
2000-05-23,21.044187545776367,1643569
2000-05-24,21.117534637451172,1581461
2000-05-25,20.628591537475586,1876966
2000-05-26,20.340112686157227,1451590
2000-05-29,20.618806838989258,641061
2000-05-30,20.67259407043457,1430745
2000-05-31,20.242326736450195,2565949
2000-06-01,20.437904357910156,746092
2000-06-02,20.560136795043945,2048149
2000-06-05,20.682373046875,1179536
2000-06-06,20.310775756835938,1943488
2000-06-07,20.530797958374023,2458460
2000-06-08,20.261878967285156,2436589
2000-06-09,20.73126792907715,2180622
2000-06-12,20.745941162109375,230274
2000-06-13,20.657928466796875,2071706
2000-06-14,20.437904357910156,2041393
2000-06-15,19.948959350585938,2477672
2000-06-16,19.298660278320312,15172500
2000-06-19,19.504018783569336,2634874
2000-06-20,19.46000862121582,1942309
2000-06-21,19.142200469970703,2071346
2000-06-22,18.922168731689453,1234771
2000-06-23,18.84882926940918,1464813
2000-06-26,18.95151138305664,1431977
2000-06-27,19.015071868896484,1059031
2000-06-28,19.504018783569336,1720529
2000-06-29,19.269323348999023,1947982
2000-06-30,19.98807144165039,3209659
2000-07-03,20.2276554107666,1653902
2000-07-04,20.545473098754883,1613420
2000-07-05,20.535690307617188,2145923
2000-07-06,20.212984085083008,1470790
2000-07-07,20.212984085083008,0
2000-07-10,20.55524253845215,1259313
2000-07-11,20.447681427001953,1393402
2000-07-12,21.22509765625,3125852
2000-07-13,21.22509765625,0
2000-07-14,20.73126792907715,2471997
2000-07-17,21.039304733276367,1161686
2000-07-18,20.951297760009766,944681
2000-07-19,21.009965896606445,1482310
2000-07-20,21.308223724365234,1898614
2000-07-21,21.122419357299805,1498745
2000-07-24,21.440237045288086,1245265
2000-07-25,21.94385528564453,1768932
2000-07-26,21.929182052612305,1056152
2000-07-27,21.454912185668945,1482977
2000-07-28,22.00741195678711,1446556
2000-07-31,22.06119728088379,1457099
2000-08-01,22.051424026489258,1438498
2000-08-02,22.075864791870117,1690355
2000-08-03,22.14920997619629,1783989
2000-08-04,21.987857818603516,1833084
2000-08-07,22.246999740600586,1375639
2000-08-08,21.885175704956055,2876354
2000-08-09,21.70915412902832,2643322
2000-08-10,21.841176986694336,2870141
2000-08-11,22.3936824798584,2347207
2000-08-14,22.4768009185791,1236665
2000-08-15,22.858179092407227,2127485
2000-08-16,22.867956161499023,2228252
2000-08-17,22.511035919189453,1579180
2000-08-18,22.794620513916016,2244581
2000-08-21,22.9315242767334,1615623
2000-08-22,23.073312759399414,1935374
2000-08-23,23.17110252380371,1777027
2000-08-24,23.127099990844727,2229265
2000-08-25,23.801841735839844,3202522
2000-08-28,23.616052627563477,1956787
2000-08-29,23.38623809814453,1803717
2000-08-30,23.371566772460938,2062122
2000-08-31,23.224891662597656,2037540
2000-09-01,22.809289932250977,2639871
2000-09-04,22.80439567565918,1575229
2000-09-05,22.941295623779297,1132977
2000-09-06,22.926633834838867,1272067
2000-09-07,22.44257926940918,1999901
2000-09-08,21.7580509185791,3669071
2000-09-11,21.684715270996094,1681261
2000-09-12,21.670042037963867,1731710
2000-09-13,21.670042037963867,0
2000-09-14,21.7580509185791,2976953
2000-09-15,21.523357391357422,5982784
2000-09-18,21.14686393737793,1976457
2000-09-19,21.29844856262207,1450718
2000-09-20,20.565031051635742,1528441
2000-09-21,20.193431854248047,2386291
2000-09-22,21.3179988861084,3361288
2000-09-25,21.073530197143555,1652055
2000-09-26,20.726381301879883,1954902
2000-09-27,20.67748260498047,1238360
2000-09-28,20.711708068847656,1352419
2000-09-29,20.609031677246094,1469681
2000-10-02,21.151758193969727,1570882
2000-10-03,21.151758193969727,0
2000-10-04,21.577144622802734,2851672
2000-10-05,22.10030746459961,2265173
2000-10-06,22.447465896606445,2852236
2000-10-09,22.026975631713867,2181485
2000-10-10,22.07097816467285,1591585
2000-10-11,22.051424026489258,2011342
2000-10-12,21.39134407043457,1739293
2000-10-13,21.39134407043457,0
2000-10-16,21.39134407043457,0
2000-10-17,21.39134407043457,0
2000-10-18,21.39134407043457,0
2000-10-19,21.39134407043457,0
2000-10-20,21.39134407043457,0
2000-10-23,22.882627487182617,1658375
2000-10-24,22.882627487182617,0
2000-10-25,23.224891662597656,1950341
2000-10-26,23.616052627563477,2317833
2000-10-27,23.997417449951172,2757380
2000-10-30,24.1929988861084,2058882
2000-10-31,24.1929988861084,0
2000-11-01,25.175783157348633,2222292
2000-11-02,24.71128273010254,2463119
2000-11-03,25.180667877197266,2056616
2000-11-06,25.38113784790039,2738446
2000-11-07,25.40068817138672,1841127
2000-11-08,25.249120712280273,2814732
2000-11-09,24.9117488861084,2084297
2000-11-10,24.41302490234375,2317373
2000-11-13,24.300565719604492,1374652
2000-11-14,24.300565719604492,0
2000-11-15,25.058433532714844,1710592
2000-11-16,24.266342163085938,3842366
2000-11-17,24.090314865112305,2115066
2000-11-20,23.572044372558594,1899150
2000-11-21,24.10498809814453,1908119
2000-11-22,23.811628341674805,1942837
2000-11-23,23.787174224853516,1357500
2000-11-24,24.016979217529297,2567859
2000-11-27,24.39346694946289,1599762
2000-11-28,24.960641860961914,2308600
2000-11-29,25.04376220703125,2414739
2000-11-30,24.569486618041992,2182216
2000-12-01,24.92152976989746,2029558
2000-12-04,24.91663932800293,2775801
2000-12-05,25.650056838989258,3240849
2000-12-06,26.378583908081055,3686502
2000-12-07,26.20745277404785,2404444
2000-12-08,27.18534278869629,4009653
2000-12-11,26.911531448364258,3261625
2000-12-12,25.84562873840332,3547741
2000-12-13,25.52781867980957,1990417
2000-12-14,25.571821212768555,1986858
2000-12-15,25.664722442626953,4910519
2000-12-18,26.403032302856445,1777251
2000-12-19,26.867534637451172,3248368
2000-12-20,26.843082427978516,2806203
2000-12-21,26.20745277404785,1809380
2000-12-22,26.256351470947266,1256221
2000-12-25,26.256351470947266,0
2000-12-26,26.256351470947266,0
2000-12-27,26.769737243652344,1408600
2000-12-28,27.327136993408203,1250129
2000-12-29,27.31735610961914,694370
2001-01-01,27.31735610961914,0
2001-01-02,27.820972442626953,2341105
2001-01-03,27.28313446044922,2162313
2001-01-04,26.158559799194336,2880752
2001-01-05,26.158559799194336,0
2001-01-08,26.246566772460938,1907529
2001-01-09,25.405582427978516,2009699
2001-01-10,24.843299865722656,2476490
2001-01-11,25.09265899658203,2610999
2001-01-12,25.317569732666016,1510836
2001-01-15,25.7136173248291,1267117
2001-01-16,25.278459548950195,1835775
2001-01-17,25.425140380859375,1887371
2001-01-18,25.08287239074707,1805051
2001-01-19,24.804176330566406,2320966
2001-01-22,24.94108009338379,2698581
2001-01-23,25.180667877197266,1757645
2001-01-24,25.254013061523438,1826617
2001-01-25,25.283348083496094,2017218
2001-01-26,25.576717376708984,1752543
2001-01-29,25.645164489746094,1444542
2001-01-30,25.914081573486328,1527417
2001-01-31,26.055870056152344,1438578
2001-02-01,25.953205108642578,1340399
2001-02-02,25.96297836303711,1214886
2001-02-05,25.96297836303711,1014755
2001-02-06,25.977649688720703,1147661
2001-02-07,25.884750366210938,1317257
2001-02-08,25.733177185058594,1134568
2001-02-09,25.664722442626953,867910
2001-02-12,25.762510299682617,1422602
2001-02-13,25.718503952026367,1584318
2001-02-14,25.62071990966797,1452976
2001-02-15,25.62071990966797,0
2001-02-16,26.20745277404785,3824400
2001-02-19,26.51548957824707,2078483
2001-02-20,26.1683406829834,1755433
2001-02-21,26.222116470336914,1523044
2001-02-22,26.011871337890625,2510765
2001-02-23,25.19533348083496,2403332
2001-02-26,25.76740264892578,1244168
2001-02-27,25.76740264892578,1456059
2001-02-28,25.96297836303711,1493106
2001-03-01,25.914081573486328,1961882
2001-03-02,25.840744018554688,1461157
2001-03-05,25.791851043701172,1205321
2001-03-06,25.52292823791504,1622274
2001-03-07,25.76740264892578,1392509
2001-03-08,25.938528060913086,1683932
2001-03-09,25.791851043701172,2380137
2001-03-12,25.566932678222656,1586857
2001-03-13,25.03398323059082,2930758
2001-03-14,23.94852638244629,5202876
2001-03-15,24.545040130615234,2862925
2001-03-16,24.3739013671875,23380164
2001-03-19,23.73338508605957,2018082
2001-03-20,23.94364356994629,1519396
2001-03-21,23.17110252380371,2357229
2001-03-22,22.3936824798584,3553834
2001-03-23,22.662599563598633,3096393
2001-03-26,23.224891662597656,2002879
2001-03-27,24.44725227355957,2969809
2001-03-28,23.992528915405273,2734073
2001-03-29,23.977861404418945,2440701
2001-03-30,23.537818908691406,2238783
2001-04-02,23.048864364624023,3230358
2001-04-03,22.83373260498047,4031210
2001-04-04,22.57459259033203,3280103
2001-04-05,22.613710403442383,4638272
2001-04-06,22.34967613220215,2046154
2001-04-09,23.303119659423828,3951948
2001-04-10,23.493810653686523,3618938
2001-04-11,23.762727737426758,3850915
2001-04-12,23.9143009185791,2642662
2001-04-13,23.9143009185791,0
2001-04-16,23.9143009185791,0
2001-04-17,23.933860778808594,2033373
2001-04-18,24.095212936401367,1891359
2001-04-19,24.42280387878418,2099568
2001-04-20,24.325008392333984,1876857
2001-04-23,23.762727737426758,1799545
2001-04-24,24.0023136138916,1699595
2001-04-25,23.660049438476562,4093694
2001-04-26,24.14899444580078,2433416
2001-04-27,23.420461654663086,5245472
2001-04-30,23.924137115478516,2612738
2001-05-01,23.924137115478516,0
2001-05-02,23.067899703979492,3844388
2001-05-03,22.795917510986328,3604769
2001-05-04,23.395286560058594,3921466
2001-05-07,23.395286560058594,0
2001-05-08,23.697477340698242,2324922
2001-05-09,23.91908836364746,1858180
2001-05-10,23.91908836364746,0
2001-05-11,23.767995834350586,1694494
2001-05-14,23.57156753540039,1886965
2001-05-15,23.395286560058594,1591308
2001-05-16,23.999677658081055,2763688
2001-05-17,23.9342098236084,3807943
2001-05-18,23.873767852783203,2755347
2001-05-21,24.160852432250977,1501836
2001-05-22,24.175962448120117,2170991
2001-05-23,23.803251266479492,1771367
2001-05-24,23.737770080566406,980117
2001-05-25,23.65718650817871,1238293
2001-05-28,23.65215492248535,845291
2001-05-29,23.173669815063477,2224341
2001-05-30,23.30462074279785,1570909
2001-05-31,23.516162872314453,2129785
2001-06-01,23.773035049438477,2093047
2001-06-04,23.788135528564453,574451
2001-06-05,23.274402618408203,2025863
2001-06-06,23.299585342407227,2691261
2001-06-07,23.697477340698242,2521520
2001-06-08,23.848587036132812,2562278
2001-06-11,23.944284439086914,1447564
2001-06-12,23.546382904052734,2500122
2001-06-13,23.621931076049805,1572163
2001-06-14,23.57156753540039,1773252
2001-06-15,23.57156753540039,0
2001-06-18,23.19382095336914,1458206
2001-06-19,23.077972412109375,1792031
2001-06-20,22.99234962463379,2498334
2001-06-21,22.16130256652832,5545277
2001-06-22,21.894357681274414,3160268
2001-06-25,21.849027633666992,2733501
2001-06-26,21.82887840270996,2884979
2001-06-27,22.005165100097656,4333402
2001-06-28,22.725404739379883,4017236
2001-06-29,23.344913482666016,4283989
2001-07-02,23.541343688964844,2719292
2001-07-03,23.224035263061523,2081535
2001-07-04,23.103153228759766,2577548
2001-07-05,22.816068649291992,2850305
2001-07-06,22.33758544921875,3029936
2001-07-09,22.25196075439453,2106411
2001-07-10,22.060569763183594,2179488
2001-07-11,21.75836181640625,2967089
2001-07-12,21.96487045288086,3135803
2001-07-13,21.96487045288086,0
2001-07-16,22.115970611572266,1971321
2001-07-17,22.43831443786621,2226510
2001-07-18,22.28722381591797,2021102
2001-07-19,22.896656036376953,4332952
2001-07-20,22.720367431640625,2351062
2001-07-23,22.816068649291992,2231803
2001-07-24,22.680072784423828,1826341
2001-07-25,22.403060913085938,2558029
2001-07-26,22.841251373291016,2233007
2001-07-27,23.178707122802734,2062755
2001-07-30,23.511125564575195,1948664
2001-07-31,23.798215866088867,2058221
2001-08-01,23.57156753540039,1687213
2001-08-02,22.99738311767578,3060183
2001-08-03,22.760663986206055,1746920
2001-08-06,22.841251373291016,1428094
2001-08-07,22.841251373291016,2229992
2001-08-08,18.81192398071289,36557674
2001-08-09,18.625566482543945,18620085
2001-08-10,18.16722869873047,9271206
2001-08-13,18.182342529296875,7452401
2001-08-14,18.257892608642578,5219851
2001-08-15,17.59305191040039,7043908
2001-08-16,16.570608139038086,10961179
2001-08-17,16.787185668945312,9099575
2001-08-20,17.326108932495117,7172454
2001-08-21,17.779403686523438,4276356
2001-08-22,17.577945709228516,3105873
2001-08-23,17.275745391845703,4693538
2001-08-24,17.35129165649414,3083930
2001-08-27,17.67363739013672,1591311
2001-08-28,18.046350479125977,9036310
2001-08-29,18.036272048950195,3199457
2001-08-30,17.90532112121582,2410904
2001-08-31,17.804594039916992,1956968
2001-09-03,18.212556838989258,4080762
2001-09-04,18.58527374267578,2542574
2001-09-05,18.157155990600586,2574116
2001-09-06,17.804594039916992,4101493
2001-09-07,17.638381958007812,3886041
2001-09-10,17.426841735839844,5219556
2001-09-11,16.72170639038086,4776200
2001-09-12,16.59579086303711,4586715
2001-09-13,16.097166061401367,3967392
2001-09-14,15.160344123840332,5235703
2001-09-17,15.638826370239258,4946765
2001-09-18,15.336626052856445,2801174
2001-09-19,14.908513069152832,2514772
2001-09-20,13.72993278503418,4074381
2001-09-21,13.160789489746094,8997273
2001-09-24,13.160789489746094,0
2001-09-25,14.48039436340332,3969598
2001-09-26,14.68186092376709,3536254
2001-09-27,15.326554298400879,2348026
2001-09-28,15.835256576538086,2363129
2001-10-01,15.351736068725586,2231830
2001-10-02,15.553205490112305,2458585
2001-10-03,15.553205490112305,0
2001-10-04,16.11227035522461,3392492
2001-10-05,16.09212875366211,2647781
2001-10-08,16.26337432861328,2760702
2001-10-09,16.953393936157227,4106849
2001-10-10,17.321075439453125,6399567
2001-10-11,17.30596160888672,4943014
2001-10-12,18.610456466674805,4689784
2001-10-15,17.74414825439453,5261251
2001-10-16,17.74414825439453,0
2001-10-17,17.552753448486328,5596476
2001-10-18,17.829774856567383,3658082
2001-10-19,17.426841735839844,3072380
2001-10-22,17.35129165649414,3643852
2001-10-23,17.769332885742188,2479295
2001-10-24,17.93050765991211,4531715
2001-10-25,16.908069610595703,7636506
2001-10-26,17.1246395111084,3086375
2001-10-29,16.762001037597656,2325690
2001-10-30,16.40943717956543,3174401
2001-10-31,16.620973587036133,3240886
2001-11-01,17.023902893066406,2529839
2001-11-02,16.98361587524414,2573277
2001-11-05,17.4318790435791,1850632
2001-11-06,17.154865264892578,2488565
2001-11-07,17.769332885742188,3544759
2001-11-08,17.915395736694336,4364455
2001-11-09,17.55779457092285,2480914
2001-11-12,17.175003051757812,2400758
2001-11-13,17.577945709228516,2766745
2001-11-14,17.19011878967285,5440892
2001-11-15,17.20018768310547,3048071
2001-11-16,18.4190616607666,6340513
2001-11-19,19.38610076904297,5440834
2001-11-20,19.088937759399414,4131920
2001-11-21,19.053680419921875,2387157
2001-11-22,18.983169555664062,1176088
2001-11-23,19.063753128051758,2295272
2001-11-26,18.635643005371094,3132740
2001-11-27,18.35862159729004,2994307
2001-11-28,17.93050765991211,3176689
2001-11-29,18.071533203125,1955595
2001-11-30,18.348552703857422,1964775
2001-12-03,18.35862159729004,2567317
2001-12-04,17.940580368041992,2832186
2001-12-05,18.40898895263672,3623851
2001-12-06,18.7867374420166,4132435
2001-12-07,18.590309143066406,3262846
2001-12-10,18.560087203979492,2074448
2001-12-11,18.575199127197266,2231985
2001-12-12,18.05642318725586,3181815
2001-12-13,17.718969345092773,2650028
2001-12-14,17.502391815185547,2440383
2001-12-17,17.98590660095215,2584340
2001-12-18,17.769332885742188,3206280
2001-12-19,17.41172981262207,4555359
2001-12-20,17.452024459838867,2478860
2001-12-21,17.336179733276367,5307692
2001-12-24,17.336179733276367,0
2001-12-25,17.336179733276367,0
2001-12-26,17.336179733276367,0
2001-12-27,17.779403686523438,1294750
2001-12-28,18.031240463256836,1120578
2001-12-31,18.031240463256836,0
2002-01-01,18.031240463256836,0
2002-01-02,18.22766876220703,2322178
2002-01-03,18.75148582458496,3739397
2002-01-04,19.13930892944336,3743694
2002-01-07,19.083906173706055,3525544
2002-01-08,19.441499710083008,4410124
2002-01-09,19.315587997436523,4626194
2002-01-10,19.255149841308594,3069423
2002-01-11,18.726301193237305,3391311
2002-01-14,18.17226791381836,2376495
2002-01-15,18.17226791381836,0
2002-01-16,17.779403686523438,2876260
2002-01-17,18.106792449951172,3162223
2002-01-18,17.90532112121582,4330093
2002-01-21,18.131973266601562,2164784
2002-01-22,17.88014030456543,3359685
2002-01-23,18.590309143066406,4232719
2002-01-24,18.942874908447266,4063551
2002-01-25,18.947908401489258,1948378
2002-01-28,18.771625518798828,1778836
2002-01-29,18.40898895263672,2597906
2002-01-30,18.58527374267578,2996834
2002-01-31,18.726301193237305,2076379
2002-02-01,18.827030181884766,2707948
2002-02-04,18.625566482543945,1469156
2002-02-05,18.383806228637695,3134577
2002-02-06,17.769332885742188,4321872
2002-02-07,17.527570724487305,3790146
2002-02-08,17.35129165649414,2283571
2002-02-11,17.61823272705078,1992443
2002-02-12,17.361364364624023,3013011
2002-02-13,17.391584396362305,2140692
2002-02-14,17.3764705657959,2463123
2002-02-15,17.11960792541504,1823973
2002-02-18,17.094419479370117,1276087
2002-02-19,16.772075653076172,2893572
2002-02-20,16.847620010375977,2821871
2002-02-21,17.225378036499023,2611261
2002-02-22,17.149822235107422,1922297
2002-02-25,17.527570724487305,1755755
2002-02-26,17.628307342529297,2909670
2002-02-27,17.85495948791504,3042145
2002-02-28,18.560087203979492,4586156
2002-03-01,18.81192398071289,3300991
2002-03-04,19.14434051513672,4184202
2002-03-05,19.038572311401367,3421036
2002-03-06,18.988204956054688,4105377
2002-03-07,18.837106704711914,3485580
2002-03-08,19.365957260131836,4176022
2002-03-11,19.330699920654297,2908276
2002-03-12,19.668149948120117,3910631
2002-03-13,19.824295043945312,9348330
2002-03-14,20.171817779541016,3945347
2002-03-15,20.54957389831543,8471381
2002-03-18,20.181896209716797,3869844
2002-03-19,20.388397216796875,2154493
2002-03-20,20.116413116455078,3746310
2002-03-21,19.91998863220215,2614705
2002-03-22,19.70844841003418,3103569
2002-03-25,19.869619369506836,1748644
2002-03-26,19.74370765686035,2372382
2002-03-27,19.668149948120117,1980527
2002-03-28,19.56742286682129,2530968
2002-03-29,19.56742286682129,0
2002-04-01,19.56742286682129,0
2002-04-02,20.096277236938477,3017804
2002-04-03,20.121450424194336,2783927
2002-04-04,19.602680206298828,3894057
2002-04-05,19.73866844177246,2140632
2002-04-08,19.370988845825195,2776695
2002-04-09,19.38610076904297,1770838
2002-04-10,19.768888473510742,2077155
2002-04-11,19.41632080078125,2010019
2002-04-12,19.869619369506836,2313668
2002-04-15,20.096277236938477,1913642
2002-04-16,20.151676177978516,1997703
2002-04-17,20.106342315673828,2397820
2002-04-18,20.1617488861084,3015820
2002-04-19,20.15671157836914,2637410
2002-04-22,20.197006225585938,2528197
2002-04-23,19.642972946166992,3968658
2002-04-24,19.74370765686035,2814857
2002-04-25,18.937841415405273,4751223
2002-04-26,18.675931930541992,6023353
2002-04-29,18.428159713745117,3966698
2002-04-30,18.774011611938477,3904073
2002-05-01,18.774011611938477,0
2002-05-02,18.83078956604004,3655251
2002-05-03,18.51590919494629,3601642
2002-05-06,18.35072898864746,1585592
2002-05-07,18.75336456298828,4216879
2002-05-08,19.001136779785156,2396384
2002-05-09,18.82563018798828,1113514
2002-05-10,18.479778289794922,1816300
2002-05-13,18.774011611938477,1916374
2002-05-14,18.835954666137695,2417667
2002-05-15,18.7430362701416,2196784
2002-05-16,18.686260223388672,2147613
2002-05-17,18.588180541992188,2728443
2002-05-20,18.170059204101562,1509615
2002-05-21,18.428159713745117,2573887
2002-05-22,18.273303985595703,2514842
2002-05-23,18.397188186645508,2324301
2002-05-24,18.11844253540039,2067410
2002-05-27,18.35072898864746,1531923
2002-05-28,18.35072898864746,0
2002-05-29,18.30943489074707,2996173
2002-05-30,17.65386390686035,2812274
2002-05-31,17.96358299255371,2601222
2002-06-03,17.808719635009766,1693352
2002-06-04,17.251230239868164,3504550
2002-06-05,17.20993995666504,3072349
2002-06-06,17.359636306762695,3337374
2002-06-07,17.65386390686035,3995515
2002-06-10,17.266714096069336,2119056
2002-06-11,17.369958877563477,2940976
2002-06-12,16.957006454467773,3193289
2002-06-13,16.93119239807129,3245959
2002-06-14,16.3478946685791,4307969
2002-06-17,17.163482666015625,3362256
2002-06-18,16.895057678222656,3084129
2002-06-19,16.466617584228516,3032303
2002-06-20,16.208520889282227,4561062
2002-06-21,16.523399353027344,16478207
2002-06-24,16.19819450378418,4528999
2002-06-25,16.156902313232422,3524013
2002-06-26,15.95042610168457,6990386
2002-06-27,16.4201602935791,4394519
2002-06-28,16.750526428222656,4144475
2002-07-01,16.80214500427246,2782604
2002-07-02,16.440807342529297,3327135
2002-07-03,15.898807525634766,3532602
2002-07-04,16.131092071533203,2662643
2002-07-05,17.173805236816406,3772823
2002-07-08,17.008623123168945,3231381
2002-07-09,16.760848999023438,2969031
2002-07-10,16.136255264282227,3746983
2002-07-11,16.002046585083008,4986554
2002-07-12,15.692323684692383,4070845
2002-07-15,15.150320053100586,3989567
2002-07-16,15.201939582824707,6664641
2002-07-17,15.58908748626709,4262414
2002-07-18,15.408417701721191,4256194
2002-07-19,14.505077362060547,4057900
2002-07-22,13.756596565246582,4593354
2002-07-23,13.075220108032227,5243660
2002-07-24,12.842926979064941,9804514
2002-07-25,12.228658676147461,6142854
2002-07-26,12.750012397766113,5032560
2002-07-29,14.07663345336914,4130927
2002-07-30,14.143739700317383,4301475
2002-07-31,13.008111000061035,5426631
2002-08-01,12.259631156921387,6185188
2002-08-02,12.228658676147461,5209452
2002-08-05,11.27885913848877,5496862
2002-08-06,11.810538291931152,6279413
2002-08-07,10.989791870117188,5799598
2002-08-08,12.156392097473145,6256558
2002-08-09,13.147481918334961,4408105
2002-08-12,12.56934642791748,3324202
2002-08-13,12.553858757019043,3370101
2002-08-14,12.027342796325684,3267780
2002-08-15,12.393839836120605,2726496
2002-08-16,12.342218399047852,3113805
2002-08-19,12.91519832611084,2543702
2002-08-20,12.290599822998047,3062960
2002-08-21,12.543537139892578,3048721
2002-08-22,12.848092079162598,2811350
2002-08-23,12.848092079162598,0
2002-08-26,12.848092079162598,0
2002-08-27,12.848092079162598,0
2002-08-28,12.848092079162598,0
2002-08-29,12.156392097473145,4372815
2002-08-30,12.507405281066895,2791052
2002-09-02,12.053150177001953,1247801
2002-09-03,11.103355407714844,4024763
2002-09-04,11.160135269165039,3304377
2002-09-05,11.020761489868164,3398458
2002-09-06,11.402746200561523,3331749
2002-09-09,10.994953155517578,4167141
2002-09-10,11.227238655090332,4123072
2002-09-11,11.361449241638184,5408860
2002-09-12,11.072380065917969,6730210
2002-09-13,10.778151512145996,6184776
2002-09-16,11.051732063293457,4863430
2002-09-17,11.387258529663086,6164215
2002-09-18,10.633614540100098,4731350
2002-09-19,10.055477142333984,6101932
2002-09-20,10.215497016906738,12854891
2002-09-23,9.652844429016113,3866741
2002-09-24,9.472176551818848,5535646
2002-09-25,9.797378540039062,6429567
2002-09-26,10.230985641479492,6098682
2002-09-27,10.08128547668457,3289678
2002-09-30,9.00760269165039,4804448
2002-10-01,9.792219161987305,4935451
2002-10-02,9.910940170288086,5063190
2002-10-03,9.890294075012207,2754394
2002-10-04,9.647684097290039,4364800
2002-10-07,9.42055606842041,3244751
2002-10-08,9.136651992797852,5307817
2002-10-09,9.07986831665039,4641451
2002-10-10,9.565091133117676,4606770
2002-10-11,10.107095718383789,5064592
2002-10-14,9.797378540039062,3065920
2002-10-15,10.721366882324219,5928559
2002-10-16,10.638779640197754,5090743
2002-10-17,11.051732063293457,4943917
2002-10-18,11.139486312866211,3701099
2002-10-21,10.721366882324219,5316265
2002-10-22,10.112259864807129,4497086
2002-10-23,9.399909973144531,5644975
2002-10-24,9.678655624389648,4004806
2002-10-25,9.508309364318848,3535716
2002-10-28,9.658008575439453,3735769
2002-10-29,9.518633842468262,5422237
2002-10-30,9.978049278259277,3484405
2002-10-31,9.890294075012207,4224245
2002-11-01,9.72511100769043,2748832
2002-11-04,10.205175399780273,3016324
2002-11-05,10.261957168579102,2705587
2002-11-06,10.54069995880127,4549637
2002-11-07,10.03999137878418,4669138
2002-11-08,10.029667854309082,3824302
2002-11-11,10.11742115020752,2956883
2002-11-12,10.809123039245605,10562304
2002-11-13,10.607804298400879,5326167
2002-11-14,11.314992904663086,6001585
2002-11-15,11.531795501708984,5049809
2002-11-18,12.001530647277832,6155608
2002-11-19,11.980883598327637,3532490
2002-11-20,11.748595237731934,3427847
2002-11-21,11.970561981201172,3115133
2002-11-22,12.078961372375488,2835437
2002-11-25,11.9292631149292,1902575
2002-11-26,11.469852447509766,3634606
2002-11-27,12.21317195892334,4090406
2002-11-28,12.001530647277832,3234077
2002-11-29,11.86215877532959,3732425
2002-12-02,12.156392097473145,3922218
2002-12-03,11.872483253479004,3643981
2002-12-04,12.011856079101562,2944275
2002-12-05,11.521471977233887,4096701
2002-12-06,11.62986946105957,3638248
2002-12-09,11.299505233764648,3571703
2002-12-10,11.66600513458252,3331148
2002-12-11,11.800215721130371,2961820
2002-12-12,11.578254699707031,2776250
2002-12-13,11.093029022216797,4548760
2002-12-16,11.640195846557617,4033210
2002-12-17,11.407907485961914,3411461
2002-12-18,11.103355407714844,3973781
2002-12-19,10.664588928222656,7226854
2002-12-20,11.180781364440918,8232165
2002-12-23,10.881388664245605,1913345
2002-12-24,10.881388664245605,0
2002-12-25,10.881388664245605,0
2002-12-26,10.881388664245605,0
2002-12-27,10.0916109085083,1754948
2002-12-30,10.556185722351074,1247502
2002-12-31,10.556185722351074,0
2003-01-01,10.556185722351074,0
2003-01-02,11.124000549316406,3273623
2003-01-03,11.149807929992676,3457405
2003-01-06,11.573089599609375,3161205
2003-01-07,11.382098197937012,2911225
2003-01-08,10.984628677368164,2498507
2003-01-09,10.93817138671875,4245489
2003-01-10,10.865904808044434,3881276
2003-01-13,10.716207504272461,3818739
2003-01-14,10.819446563720703,5575971
2003-01-15,10.654263496398926,4395643
2003-01-16,10.685236930847168,3600393
2003-01-17,10.138066291809082,4309246
2003-01-20,9.983210563659668,3289167
2003-01-21,9.668330192565918,4738520
2003-01-22,9.203756332397461,6123271
2003-01-23,9.399909973144531,6102955
2003-01-24,8.888875007629395,5625793
2003-01-27,8.506893157958984,6787929
2003-01-28,8.537862777709961,5932542
2003-01-29,8.465596199035645,9918822
2003-01-30,8.403653144836426,5086133
2003-01-31,8.460433959960938,4949514
2003-02-03,8.362357139587402,3280551
2003-02-04,8.042317390441895,4266845
2003-02-05,8.192011833190918,5571787
2003-02-06,7.882295608520508,4895016
2003-02-07,7.784219741821289,5852138
2003-02-10,7.846161842346191,3385057
2003-02-11,8.181689262390137,5966133
2003-02-12,7.9029436111450195,4128906
2003-02-13,7.753247261047363,5246729
2003-02-14,8.073287010192871,4902957
2003-02-17,8.56367301940918,3886055
2003-02-18,8.599807739257812,4813752
2003-02-19,8.140396118164062,4316275
2003-02-20,7.985537052154541,3528268
2003-02-21,8.171364784240723,3536877
2003-02-24,7.376426696777344,7083007
2003-02-25,6.354360580444336,20743440
2003-02-26,6.013671398162842,23879412
2003-02-27,6.462761402130127,15033920
2003-02-28,6.323387622833252,7553812
2003-03-03,6.395654201507568,5349567
2003-03-04,6.364683628082275,5972217
2003-03-05,6.204663276672363,5257824
2003-03-06,6.261444091796875,7072294
2003-03-07,6.1788530349731445,7376711
2003-03-10,6.02915620803833,4991455
2003-03-11,5.967212677001953,5913745
2003-03-12,5.445855140686035,12866523
2003-03-13,5.600714683532715,13362258
2003-03-14,5.332293510437012,13728933
2003-03-17,5.306485176086426,7992363
2003-03-18,7.381587505340576,21898451
2003-03-19,6.937659740447998,19242889
2003-03-20,6.953146934509277,6117826
2003-03-21,7.242214679718018,15887978
2003-03-24,6.710533618927002,5039465
2003-03-25,6.839582443237305,6128551
2003-03-26,6.782802581787109,3475279
2003-03-27,6.751829147338867,4444442
2003-03-28,6.715696334838867,3278824
2003-03-31,6.447275161743164,3619542
2003-04-01,6.436951637268066,4365609
2003-04-02,6.932497501373291,5154139
2003-04-03,6.911850929260254,5186582
2003-04-04,7.288674354553223,9875700
2003-04-07,7.650007724761963,7626395
2003-04-08,7.603551864624023,4564864
2003-04-09,7.650007724761963,6872915
2003-04-10,7.660333633422852,5229972
2003-04-11,7.959725856781006,7012292
2003-04-14,8.269441604614258,5542318
2003-04-15,8.362357139587402,7723053
2003-04-16,8.207500457763672,6066325
2003-04-17,8.352034568786621,5328869
2003-04-18,8.352034568786621,0
2003-04-21,8.352034568786621,0
2003-04-22,8.630780220031738,5437356
2003-04-23,8.749504089355469,5921415
2003-04-24,8.517216682434082,4964084
2003-04-25,8.64626407623291,10325256
2003-04-28,8.940837860107422,5173100
2003-04-29,8.668085098266602,4859559
2003-04-30,8.91901969909668,5018853
2003-05-01,8.91901969909668,0
2003-05-02,8.940837860107422,5215789
2003-05-05,8.897198677062988,4072829
2003-05-06,9.006298065185547,5111244
2003-05-07,9.491799354553223,14768743
2003-05-08,9.317235946655273,8361565
2003-05-09,9.284504890441895,5805340
2003-05-12,9.279051780700684,4129691
2003-05-13,9.04994010925293,3586555
2003-05-14,9.480890274047852,9271940
2003-05-15,10.004575729370117,7719821
2003-05-16,9.944568634033203,6282667
2003-05-19,9.339057922363281,5372222
2003-05-20,9.355422019958496,5100166
2003-05-21,9.208136558532715,5050639
2003-05-22,9.339057922363281,4036152
2003-05-23,9.164495468139648,4287781
2003-05-26,9.0608491897583,1768766
2003-05-27,9.028120994567871,5674110
2003-05-28,9.300870895385742,6599894
2003-05-29,9.202680587768555,3912291
2003-05-30,9.475435256958008,6456792
2003-06-02,9.922746658325195,4290594
2003-06-03,9.835465431213379,3408515
2003-06-04,10.108220100402832,4777232
2003-06-05,9.95002555847168,6067698
2003-06-06,10.277327537536621,5646238
2003-06-09,10.053668975830078,1979807
2003-06-10,10.337332725524902,3478585
2003-06-11,10.593722343444824,6001336
2003-06-12,10.768282890319824,4714109
2003-06-13,10.370062828063965,4950938
2003-06-16,10.882840156555176,4134665
2003-06-17,11.068309783935547,5176384
2003-06-18,11.237415313720703,3971070
2003-06-19,11.046489715576172,3614007
2003-06-20,10.806468963623047,12648914
2003-06-23,11.073765754699707,4352623
2003-06-24,10.817376136779785,3797823
2003-06-25,11.00830078125,3149605
2003-06-26,11.101044654846191,3143414
2003-06-27,11.101044654846191,2840804
2003-06-30,11.00830078125,4217349
2003-07-01,10.566442489624023,4775295
2003-07-02,10.757372856140137,4240654
2003-07-03,10.719184875488281,4597704
2003-07-04,10.681002616882324,2380593
2003-07-07,11.373793601989746,5370862
2003-07-08,11.291969299316406,4890684
2003-07-09,11.024670600891113,3103692
2003-07-10,10.855563163757324,3095563
2003-07-11,11.01375961303711,2513469
2003-07-14,11.291969299316406,3254956
2003-07-15,11.171957969665527,3701315
2003-07-16,10.99194049835205,5013616
2003-07-17,10.866475105285645,4592482
2003-07-18,11.00830078125,4408932
2003-07-21,10.85010814666748,3289175
2003-07-22,10.664636611938477,5133967
2003-07-23,10.511896133422852,4812828
2003-07-24,10.773738861083984,3993728
2003-07-25,10.571900367736816,3097430
2003-07-28,10.921022415161133,3658921
2003-07-29,10.89920425415039,3572793
2003-07-30,11.1228609085083,4536802
2003-07-31,11.564720153808594,5471444
2003-08-01,11.444709777832031,3990615
2003-08-04,11.477438926696777,3127497
2003-08-05,11.60836124420166,4370199
2003-08-06,10.855563163757324,9897524
2003-08-07,10.370062828063965,9171380
2003-08-08,10.391883850097656,4184697
2003-08-11,10.451888084411621,2618610
2003-08-12,10.511896133422852,3175987
2003-08-13,10.342787742614746,5696666
2003-08-14,10.468255996704102,4807047
2003-08-15,10.522804260253906,4834692
2003-08-18,10.822833061218262,3097155
2003-08-19,10.604631423950195,3824691
2003-08-20,10.855563163757324,5422443
2003-08-21,10.926481246948242,3018637
2003-08-22,10.893747329711914,2280282
2003-08-25,10.757372856140137,1920940
2003-08-26,10.686454772949219,2790284
2003-08-27,10.784648895263672,2638225
2003-08-28,10.779193878173828,3155612
2003-08-29,10.62099552154541,2859484
2003-09-01,10.871927261352539,1967808
2003-09-02,10.708276748657227,3444721
2003-09-03,11.101044654846191,5843324
2003-09-04,11.101044654846191,3695214
2003-09-05,10.910114288330078,2965209
2003-09-08,11.106494903564453,3880403
2003-09-09,11.041036605834961,3838641
2003-09-10,10.828288078308105,4042651
2003-09-11,10.822833061218262,2937810
2003-09-12,10.719184875488281,3459501
2003-09-15,10.811924934387207,2682659
2003-09-16,10.921022415161133,2117921
2003-09-17,10.779193878173828,3018657
2003-09-18,11.379252433776855,13738288
2003-09-19,11.242874145507812,14212356
2003-09-22,10.89920425415039,5869484
2003-09-23,10.779193878173828,5090479
2003-09-24,10.239140510559082,6609422
2003-09-25,10.304601669311523,6486498
2003-09-26,10.44097900390625,6863572
2003-09-29,10.331877708435059,3439278
2003-09-30,10.119131088256836,5289124
2003-10-01,10.217324256896973,7588015
2003-10-02,9.80273723602295,6441388
2003-10-03,10.184591293334961,6127607
2003-10-06,10.173681259155273,3596569
2003-10-07,9.977299690246582,4570949
2003-10-08,10.080945014953613,4143858
2003-10-09,10.26096248626709,3534998
2003-10-10,10.16822624206543,4127120
2003-10-13,10.468255996704102,3261378
2003-10-14,10.49553108215332,3290157
2003-10-15,10.52825927734375,5378556
2003-10-16,10.560992240905762,4340082
2003-10-17,10.473711013793945,5984341
2003-10-20,10.566442489624023,3477118
2003-10-21,10.724639892578125,3895596
2003-10-22,10.304601669311523,4213341
2003-10-23,10.457345962524414,4459904
2003-10-24,10.43552303314209,3742940
2003-10-27,10.670090675354004,2935039
2003-10-28,10.910114288330078,4890469
2003-10-29,11.01375961303711,4598246
2003-10-30,11.101044654846191,4537150
2003-10-31,11.275601387023926,3152086
2003-11-03,11.302876472473145,4176911
2003-11-04,11.346519470214844,3501164
2003-11-05,11.346519470214844,4357693
2003-11-06,11.488348007202148,4174068
2003-11-07,12.27933120727539,25223906
2003-11-10,12.164775848388672,11524842
2003-11-11,12.377522468566895,7333998
2003-11-12,12.15386962890625,7217872
2003-11-13,12.19205379486084,6477026
2003-11-14,12.28478717803955,4525693
2003-11-17,11.919297218322754,5525052
2003-11-18,11.826563835144043,4410823
2003-11-19,11.750191688537598,4592400
2003-11-20,11.908393859863281,5066742
2003-11-21,11.892022132873535,4335087
2003-11-24,12.312064170837402,3837554
2003-11-25,12.252058029174805,3236241
2003-11-26,12.213873863220215,4307512
2003-11-27,12.388436317443848,2108681
2003-11-28,12.295697212219238,3707718
2003-12-01,12.623002052307129,5364095
2003-12-02,12.530264854431152,4110855
2003-12-03,12.863021850585938,4676282
2003-12-04,12.737556457519531,4418429
2003-12-05,12.486625671386719,4103843
2003-12-08,12.372068405151367,3930011
2003-12-09,12.333882331848145,5077480
2003-12-10,12.15386962890625,4777471
2003-12-11,12.066585540771484,5463457
2003-12-12,12.142958641052246,4285138
2003-12-15,12.213873863220215,7298320
2003-12-16,12.19205379486084,3139912
2003-12-17,12.31751823425293,4600979
2003-12-18,12.541177749633789,4135145
2003-12-19,12.546629905700684,7999741
2003-12-22,12.437531471252441,2492455
2003-12-23,12.546629905700684,1554905
2003-12-24,12.546629905700684,0
2003-12-25,12.546629905700684,0
2003-12-26,12.546629905700684,0
2003-12-29,12.655734062194824,1625876
2003-12-30,12.666641235351562,1669351
2003-12-31,12.666641235351562,0
2004-01-01,12.666641235351562,0
2004-01-02,12.950304985046387,2890743
2004-01-05,13.064859390258789,2998715
2004-01-06,13.124865531921387,3407770
2004-01-07,12.98303508758545,3982452
2004-01-08,13.337615966796875,6010744
2004-01-09,13.255788803100586,3493291
2004-01-12,13.315793991088867,4930921
2004-01-13,13.304883003234863,2617854
2004-01-14,13.375799179077148,3284710
2004-01-15,13.484903335571289,4044335
2004-01-16,13.550361633300781,4123413
2004-01-19,13.812202453613281,3642946
2004-01-20,13.850391387939453,3748918
2004-01-21,13.67037296295166,4911967
2004-01-22,13.403075218200684,5272217
2004-01-23,13.359434127807617,4262751
2004-01-26,13.157596588134766,3787898
2004-01-27,13.233970642089844,4676754
2004-01-28,13.517630577087402,4198390
2004-01-29,13.272156715393066,4027516
2004-01-30,13.299428939819336,3646541
2004-02-02,13.266697883605957,2087465
2004-02-03,13.163053512573242,5620650
2004-02-04,12.9230318069458,10417199
2004-02-05,12.81938362121582,2951965
2004-02-06,12.688464164733887,3429603
2004-02-09,12.879390716552734,3288178
2004-02-10,12.99394702911377,2416461
2004-02-11,13.086684226989746,3142827
2004-02-12,13.048495292663574,3696526
2004-02-13,12.79211139678955,3634239
2004-02-16,12.786653518676758,2227580
2004-02-17,12.895756721496582,2715714
2004-02-18,12.753924369812012,3347614
2004-02-19,12.81938362121582,4005405
2004-02-20,12.453897476196289,7076933
2004-02-23,12.552084922790527,3031039
2004-02-24,12.301155090332031,5047383
2004-02-25,12.312064170837402,2689962
2004-02-26,12.355704307556152,2650759
2004-02-27,12.437531471252441,4428478
2004-03-01,12.693918228149414,3845269
2004-03-02,12.79211139678955,3516908
2004-03-03,12.808472633361816,3501068
2004-03-04,12.890300750732422,2453564
2004-03-05,12.808472633361816,3917584
2004-03-08,12.890300750732422,2364811
2004-03-09,12.781197547912598,3699756
2004-03-10,12.644824028015137,3429371
2004-03-11,11.892022132873535,11948190
2004-03-12,11.837474822998047,7866190
2004-03-15,11.422889709472656,6005722
2004-03-16,11.428345680236816,7259524
2004-03-17,11.712007522583008,6856442
2004-03-18,11.128315925598145,10087314
2004-03-19,10.904658317565918,13944425
2004-03-22,10.631906509399414,8952070
2004-03-23,10.757372856140137,6427324
2004-03-24,10.653726577758789,5325735
2004-03-25,10.8610200881958,4790953
2004-03-26,10.997396469116211,3379767
2004-03-29,11.133772850036621,3376549
2004-03-30,11.019214630126953,4013566
2004-03-31,10.806468963623047,7073254
2004-04-01,10.953754425048828,4420834
2004-04-02,11.264695167541504,4715504
2004-04-05,11.422889709472656,4211602
2004-04-06,11.53199291229248,5582439
2004-04-07,11.619270324707031,4738035
2004-04-08,11.493806838989258,2928200
2004-04-09,11.493806838989258,0
2004-04-12,11.493806838989258,0
2004-04-13,11.810198783874512,4705182
2004-04-14,11.74473762512207,4967779
2004-04-15,11.750191688537598,4203810
2004-04-16,11.837474822998047,4695727
2004-04-19,11.864750862121582,2326607
2004-04-20,11.859292984008789,3061183
2004-04-21,11.74473762512207,3794676
2004-04-22,11.73928165435791,4159930
2004-04-23,11.979305267333984,4351625
2004-04-26,12.170231819152832,4891869
2004-04-27,12.344793319702148,7474088
2004-04-28,12.126588821411133,6936491
2004-04-29,12.388436317443848,10824987
2004-04-30,12.399348258972168,5976802
2004-05-03,12.382612228393555,3922938
2004-05-04,12.187389373779297,5146990
2004-05-05,12.510899543762207,4969194
2004-05-06,12.192970275878906,5118212
2004-05-07,12.165081024169922,5763292
2004-05-10,11.741169929504395,8057384
2004-05-11,11.752326011657715,5145146
2004-05-12,11.769057273864746,5411219
2004-05-13,12.059103012084961,5497693
2004-05-14,12.131614685058594,5436973
2004-05-17,11.897348403930664,4605893
2004-05-18,12.304522514343262,7269895
2004-05-19,12.800945281982422,8937953
2004-05-20,12.572254180908203,2719609
2004-05-21,12.427233695983887,4254817
2004-05-24,12.6614990234375,4095347
2004-05-25,12.477437973022461,3461214
2004-05-26,12.800945281982422,4535711
2004-05-27,13.169076919555664,7108897
2004-05-28,13.024049758911133,3783030
2004-05-31,13.051944732666016,631950
2004-06-01,12.934810638427734,3144066
2004-06-02,13.202542304992676,5144592
2004-06-03,13.247164726257324,5115580
2004-06-04,13.241583824157715,5224630
2004-06-07,13.21369743347168,5324985
2004-06-08,13.130033493041992,5380931
2004-06-09,12.82883071899414,5117912
2004-06-10,12.895763397216797,2535330
2004-06-11,12.96827507019043,2036042
2004-06-14,12.577834129333496,4615016
2004-06-15,12.812097549438477,3575013
2004-06-16,12.845565795898438,3329113
2004-06-17,12.767477035522461,2554541
2004-06-18,12.756319999694824,6464578
2004-06-21,12.784209251403809,3088683
2004-06-22,12.600146293640137,2734806
2004-06-23,12.605725288391113,2479508
2004-06-24,13.06309986114502,6372659
2004-06-25,13.06309986114502,2454717
2004-06-28,13.163496017456055,4072020
2004-06-29,13.185811042785645,3121585
2004-06-30,13.21927547454834,3057120
2004-07-01,13.20811939239502,4089453
2004-07-02,13.06309986114502,2812992
2004-07-05,12.979430198669434,1136875
2004-07-06,12.851141929626465,3003419
2004-07-07,12.750744819641113,3645284
2004-07-08,12.817678451538086,2890942
2004-07-09,12.778633117675781,3839995
2004-07-12,12.633610725402832,2202701
2004-07-13,12.605725288391113,2263014
2004-07-14,12.605725288391113,2971395
2004-07-15,12.43281364440918,3252812
2004-07-16,12.410500526428223,6927448
2004-07-19,12.215283393859863,6887254
2004-07-20,12.321256637573242,4725347
2004-07-21,12.455121994018555,3605137
2004-07-22,12.109301567077637,3815864
2004-07-23,12.020058631896973,2311175
2004-07-26,11.86945915222168,3196108
2004-07-27,11.914079666137695,2716004
2004-07-28,11.86945915222168,2941876
2004-07-29,12.165081024169922,5245884
2004-07-30,12.371458053588867,5311725
2004-08-02,12.265481948852539,2232477
2004-08-03,12.32683277130127,2487039
2004-08-04,12.254323959350586,2493229
2004-08-05,12.181812286376953,2787418
2004-08-06,11.85830307006836,4835325
2004-08-09,11.71328353881836,3581165
2004-08-10,11.71328353881836,3231935
2004-08-11,11.545949935913086,3758261
2004-08-12,11.361881256103516,4278494
2004-08-13,11.077415466308594,5600844
2004-08-16,11.244750022888184,3679516
2004-08-17,11.244750022888184,3419761
2004-08-18,11.39534854888916,3525560
2004-08-19,11.534794807434082,4703686
2004-08-20,11.584992408752441,3025667
2004-08-23,11.75790023803711,2625791
2004-08-24,11.75790023803711,2326428
2004-08-25,11.71885871887207,3396392
2004-08-26,11.880614280700684,3357521
2004-08-27,12.003324508666992,3654325
2004-08-30,12.003324508666992,2651104
2004-08-31,11.696548461914062,6593676
2004-09-01,11.690970420837402,5731923
2004-09-02,11.651925086975098,4713010
2004-09-03,11.71328353881836,4311705
2004-09-06,11.886190414428711,2883218
2004-09-07,11.875035285949707,2741345
2004-09-08,11.808104515075684,3354716
2004-09-09,11.668659210205078,2906059
2004-09-10,11.746747016906738,3122817
2004-09-13,12.098148345947266,7238953
2004-09-14,12.187389373779297,4318987
2004-09-15,12.153925895690918,3178919
2004-09-16,12.131614685058594,3972933
2004-09-17,12.243165969848633,9052631
2004-09-20,12.153925895690918,3750622
2004-09-21,12.337987899780273,3874647
2004-09-22,12.232010841369629,3581069
2004-09-23,12.137190818786621,4463719
2004-09-24,12.1985445022583,3651906
2004-09-27,12.11487865447998,2857245
2004-09-28,12.220855712890625,3299694
2004-09-29,12.393770217895508,6771394
2004-09-30,12.28221321105957,4695705
2004-10-01,12.678236961364746,6038473
2004-10-04,12.761899948120117,5033247
2004-10-05,12.901342391967773,5205672
2004-10-06,12.918079376220703,3262825
2004-10-07,12.834407806396484,3601410
2004-10-08,12.6893892288208,4583277
2004-10-11,12.622456550598145,2541862
2004-10-12,12.494165420532227,3798282
2004-10-13,12.577834129333496,4523599
2004-10-14,12.371458053588867,5902577
2004-10-15,12.287792205810547,4309065
2004-10-18,12.32683277130127,2577926
2004-10-19,12.488592147827148,4310360
2004-10-20,12.332413673400879,3207482
2004-10-21,12.421656608581543,2231851
2004-10-22,12.51647663116455,3776656
2004-10-25,12.176239013671875,5259029
2004-10-26,12.126032829284668,3445907
2004-10-27,12.276636123657227,3933914
2004-10-28,12.438387870788574,4436015
2004-10-29,12.388188362121582,3879089
2004-11-01,12.572254180908203,2235553
2004-11-02,12.745165824890137,3951541
2004-11-03,12.795367240905762,3806155
2004-11-04,12.845565795898438,3080821
2004-11-05,12.951541900634766,5152496
2004-11-08,12.91249942779541,2061220
2004-11-09,12.901342391967773,2283033
2004-11-10,12.973855018615723,2733729
2004-11-11,13.347562789916992,7168411
2004-11-12,13.414495468139648,5801362
2004-11-15,13.392184257507324,3523092
2004-11-16,13.314095497131348,2948857
2004-11-17,13.553940773010254,5798136
2004-11-18,13.620872497558594,5685252
2004-11-19,13.420072555541992,4499212
2004-11-22,13.35871696472168,3599679
2004-11-23,13.247164726257324,5733128
2004-11-24,13.202542304992676,2799870
2004-11-25,13.509317398071289,5906877
2004-11-26,13.44796085357666,1995705
2004-11-29,13.35871696472168,5246308
2004-11-30,13.297365188598633,4698410
2004-12-01,13.609716415405273,4373900
2004-12-02,13.687809944152832,3956977
2004-12-03,13.604138374328613,3301599
2004-12-06,13.654338836669922,2360387
2004-12-07,13.654338836669922,3150649
2004-12-08,13.665494918823242,3561013
2004-12-09,13.509317398071289,2880738
2004-12-10,13.592988014221191,2877765
2004-12-13,13.816094398498535,4333389
2004-12-14,14.0057373046875,5309182
2004-12-15,14.111713409423828,5608407
2004-12-16,14.189803123474121,4337615
2004-12-17,13.916494369506836,12849397
2004-12-20,14.055938720703125,3015668
2004-12-21,14.028046607971191,3533348
2004-12-22,14.106135368347168,3190869
2004-12-23,14.083828926086426,2110569
2004-12-24,14.083828926086426,0
2004-12-27,13.949960708618164,1881918
2004-12-28,13.955536842346191,1878487
2004-12-29,13.88302993774414,1767339
2004-12-30,13.910914421081543,1311155
2004-12-31,13.910914421081543,0
2005-01-03,14.000162124633789,3378754
2005-01-04,13.799361228942871,4541503
2005-01-05,13.44796085357666,7621041
2005-01-06,13.453537940979004,4877933
2005-01-07,13.414495468139648,4903796
2005-01-10,13.459118843078613,4587556
2005-01-11,13.330828666687012,5784761
2005-01-12,13.113296508789062,5902150
2005-01-13,13.157918930053711,4331857
2005-01-14,13.280630111694336,3930217
2005-01-17,13.609716415405273,8653572
2005-01-18,13.68222713470459,4841088
2005-01-19,13.643181800842285,3964643
2005-01-20,13.61529541015625,5464810
2005-01-21,13.916494369506836,11660540
2005-01-24,13.871870040893555,6244825
2005-01-25,13.916494369506836,4760924
2005-01-26,13.916494369506836,4564214
2005-01-27,13.782628059387207,8350811
2005-01-28,13.910914421081543,8280996
2005-01-31,13.604138374328613,11921626
2005-02-01,13.799361228942871,7050484
2005-02-02,13.71012020111084,4318889
2005-02-03,13.648761749267578,4089957
2005-02-04,14.000162124633789,6386006
2005-02-07,14.184225082397461,5711602
2005-02-08,14.16191577911377,4377114
2005-02-09,14.284626960754395,5896662
2005-02-10,14.530045509338379,6923097
2005-02-11,14.697380065917969,5584519
2005-02-14,14.758729934692383,5095244
2005-02-15,14.680644035339355,3793715
2005-02-16,14.518889427185059,4639847
2005-02-17,14.736420631408691,3785576
2005-02-18,14.920488357543945,4258503
2005-02-21,14.942801475524902,3049556
2005-02-22,14.725265502929688,4071451
2005-02-23,14.502157211303711,6335986
2005-02-24,14.680644035339355,6218739
2005-02-25,14.836823463439941,3848399
2005-02-28,14.725265502929688,3719227
2005-03-01,14.808931350708008,4980210
2005-03-02,14.959532737731934,5475493
2005-03-03,14.781046867370605,4046968
2005-03-04,14.864712715148926,2971793
2005-03-07,14.903754234313965,2887663
2005-03-08,14.725265502929688,3123968
2005-03-09,14.468690872192383,3958704
2005-03-10,14.49658203125,3772337
2005-03-11,14.719690322875977,5747479
2005-03-14,14.630446434020996,2707058
2005-03-15,14.351556777954102,11438820
2005-03-16,14.134027481079102,7929496
2005-03-17,14.262311935424805,5455959
2005-03-18,14.323671340942383,8702793
2005-03-21,14.178651809692383,6694126
2005-03-22,14.306934356689453,3623217
2005-03-23,14.134027481079102,4058799
2005-03-24,14.23442554473877,3337606
2005-03-25,14.23442554473877,0
2005-03-28,14.23442554473877,0
2005-03-29,14.15633773803711,3755279
2005-03-30,14.223270416259766,3077493
2005-03-31,14.206535339355469,3108235
2005-04-01,14.390602111816406,3744421
2005-04-04,14.306934356689453,3017327
2005-04-05,14.362712860107422,2119827
2005-04-06,14.624870300292969,3855704
2005-04-07,14.730846405029297,3557461
2005-04-08,14.764312744140625,2490092
2005-04-11,14.725265502929688,1915545
2005-04-12,14.697380065917969,2975761
2005-04-13,14.742002487182617,2992948
2005-04-14,14.502157211303711,5115032
2005-04-15,14.329249382019043,7595972
2005-04-18,13.927647590637207,8616031
2005-04-19,14.055938720703125,5018081
2005-04-20,13.910914421081543,5968374
2005-04-21,13.827249526977539,4589027
2005-04-22,13.866294860839844,3001229
2005-04-25,13.877449035644531,3409473
2005-04-26,14.028046607971191,5535753
2005-04-27,13.860715866088867,4786992
2005-04-28,13.877449035644531,4680488
2005-04-29,14.145179748535156,7149200
2005-05-02,14.458756446838379,4783243
2005-05-03,14.578484535217285,3845787
2005-05-04,14.532877922058105,3114225
2005-05-05,14.624098777770996,2636373
2005-05-06,14.829354286193848,4607270
2005-05-09,14.98898983001709,7042249
2005-05-10,14.949079513549805,6270654
2005-05-11,14.983291625976562,5059077
2005-05-12,15.131525039672852,4848550
2005-05-13,14.971885681152344,5419534
2005-05-16,14.78943920135498,4581589
2005-05-17,14.760934829711914,4205554
2005-05-18,15.148629188537598,5700350
2005-05-19,15.34817886352539,4253510
2005-05-20,15.467903137207031,7015787
2005-05-23,15.473608016967773,2939717
2005-05-24,15.564834594726562,2212300
2005-05-25,15.479310989379883,2832233
2005-05-26,15.5192232131958,2427561
2005-05-27,15.547725677490234,2665008
2005-05-30,15.587635040283203,1814294
2005-05-31,15.55912971496582,3259888
2005-06-01,15.912617683410645,5194746
2005-06-02,15.929718971252441,4342650
2005-06-03,15.878406524658203,3068737
2005-06-06,15.884111404418945,2528346
2005-06-07,16.026647567749023,3695226
2005-06-08,15.935420989990234,2000460
2005-06-09,16.169178009033203,3908821
2005-06-10,16.294612884521484,5472949
2005-06-13,16.317413330078125,3334717
2005-06-14,16.16347885131836,2618253
2005-06-15,15.99813461303711,4508840
2005-06-16,16.066551208496094,3392336
2005-06-17,15.98673152923584,10196015
2005-06-20,16.089359283447266,3883105
2005-06-21,16.23189353942871,4849033
2005-06-22,16.226192474365234,3109242
2005-06-23,16.220491409301758,2590218
2005-06-24,15.815691947937012,4654045
2005-06-27,15.627546310424805,2855626
2005-06-28,15.798590660095215,2375227
2005-06-29,15.84420108795166,3584638
2005-06-30,15.730170249938965,2775819
2005-07-01,15.884111404418945,1940884
2005-07-04,15.781490325927734,1763834
2005-07-05,15.735871315002441,1913255
2005-07-06,15.633248329162598,2304307
2005-07-07,15.268356323242188,10085573
2005-07-08,15.467903137207031,4543575
2005-07-11,15.792889595031738,5625607
2005-07-12,15.946825981140137,3849127
2005-07-13,16.07225799560547,4166970
2005-07-14,16.043750762939453,3189213
2005-07-15,16.066551208496094,3417295
2005-07-18,16.306015014648438,3658185
2005-07-19,16.420042037963867,5896982
2005-07-20,16.545475006103516,4946036
2005-07-21,16.72791290283203,6511046
2005-07-22,16.83624267578125,3601496
2005-07-25,16.881853103637695,3735419
2005-07-26,16.733619689941406,3132848
2005-07-27,16.676603317260742,2335253
2005-07-28,16.86475372314453,3877281
2005-07-29,16.8077392578125,3542148
2005-08-01,16.78493309020996,2421655
2005-08-02,16.97307586669922,2428030
2005-08-03,17.189729690551758,5147994
2005-08-04,17.18402862548828,5530311
2005-08-05,17.0585994720459,3523451
2005-08-08,17.10991096496582,3369045
2005-08-09,17.355072021484375,3676880
2005-08-10,17.155521392822266,7087691
2005-08-11,17.0585994720459,3465356
2005-08-12,16.91606330871582,2160491
2005-08-15,16.739320755004883,2281775
2005-08-16,16.442848205566406,4284138
2005-08-17,16.317413330078125,5161541
2005-08-18,16.277507781982422,4764233
2005-08-19,16.499858856201172,4632874
2005-08-22,16.5739803314209,2016727
2005-08-23,16.70511245727539,3992789
2005-08-24,16.551172256469727,3157924
2005-08-25,16.368730545043945,2543943
2005-08-26,16.13497543334961,3373681
2005-08-29,16.21478843688965,2052015
2005-08-30,16.10076141357422,2519963
2005-08-31,16.311716079711914,3365974
2005-09-01,16.36302947998047,3333006
2005-09-02,16.5739803314209,3551666
2005-09-05,16.824840545654297,2229414
2005-09-06,16.93316650390625,2886851
2005-09-07,17.417787551879883,6297840
2005-09-08,17.417787551879883,3753085
2005-09-09,17.583131790161133,2604601
2005-09-12,17.566024780273438,3263954
2005-09-13,17.052900314331055,4990934
2005-09-14,17.104211807250977,3476585
2005-09-15,17.075700759887695,3702239
2005-09-16,17.526111602783203,9036676
2005-09-19,17.30946159362793,4955811
2005-09-20,17.434890747070312,3086265
2005-09-21,17.018688201904297,4056020
2005-09-22,16.745025634765625,3852599
2005-09-23,16.665199279785156,4469375
2005-09-26,17.30375862121582,5263920
2005-09-27,17.064300537109375,2967979
2005-09-28,17.42348861694336,3287777
2005-09-29,17.24104881286621,2250785
2005-09-30,17.38357925415039,3393876
2005-10-03,17.503305435180664,2163423
2005-10-04,17.80548095703125,3337640
2005-10-05,17.30375862121582,3439548
2005-10-06,17.172622680664062,4969795
2005-10-07,17.13271713256836,3056033
2005-10-10,17.149822235107422,2070075
2005-10-11,17.2524471282959,1941085
2005-10-12,16.967374801635742,3773782
2005-10-13,16.93316650390625,4457318
2005-10-14,16.859052658081055,3471091
2005-10-17,16.841943740844727,2075270
2005-10-18,16.75072479248047,3455273
2005-10-19,16.425743103027344,6132746
2005-10-20,16.442848205566406,2559618
2005-10-21,16.283206939697266,3450777
2005-10-24,16.665199279785156,2319253
2005-10-25,16.317413330078125,3594203
2005-10-26,16.23189353942871,7357390
2005-10-27,15.884111404418945,4760016
2005-10-28,16.05515480041504,4456724
2005-10-31,16.516965866088867,4547234
2005-11-01,16.454254150390625,2036816
2005-11-02,16.522666931152344,3799556
2005-11-03,16.773527145385742,3512654
2005-11-04,16.69940757751465,3673961
2005-11-07,16.887557983398438,2063589
2005-11-08,16.733619689941406,2738918
2005-11-09,17.49760627746582,9123622
2005-11-10,17.611631393432617,5321495
2005-11-11,18.170373916625977,6201545
2005-11-14,18.501056671142578,6877679
2005-11-15,18.529560089111328,4905508
2005-11-16,18.529560089111328,4541710
2005-11-17,18.8032283782959,4690761
2005-11-18,18.96856689453125,4957459
2005-11-21,19.282142639160156,3486729
2005-11-22,19.356264114379883,3617737
2005-11-23,19.09400177001953,3970197
2005-11-24,19.071195602416992,3375483
2005-11-25,19.105403900146484,2033100
2005-11-28,19.065488815307617,3279596
2005-11-29,19.208030700683594,2640209
2005-11-30,19.30495262145996,3763920
2005-12-01,19.721155166625977,4511069
2005-12-02,19.95490837097168,3630224
2005-12-05,19.78386688232422,2420594
2005-12-06,19.709747314453125,4262077
2005-12-07,19.413278579711914,3022529
2005-12-08,19.58431625366211,3755929
2005-12-09,19.418981552124023,3049696
2005-12-12,19.316354751586914,3110208
2005-12-13,19.230838775634766,3189067
2005-12-14,19.4816951751709,5418700
2005-12-15,19.4816951751709,3233863
2005-12-16,19.664138793945312,6531717
2005-12-19,19.521608352661133,2641740
2005-12-20,19.641338348388672,2329267
2005-12-21,20.182968139648438,4630210
2005-12-22,20.182968139648438,2849840
2005-12-23,20.331205368041992,1883357
2005-12-26,20.331205368041992,0
2005-12-27,20.479440689086914,1459554
2005-12-28,20.40532112121582,1732472
2005-12-29,20.399621963500977,1403170
2005-12-30,20.120248794555664,1766986
2006-01-02,20.308395385742188,1161129
2006-01-03,20.6846923828125,3873712
2006-01-04,20.73600959777832,4269006
2006-01-05,20.59347152709961,2433312
2006-01-06,20.55925750732422,2091477
2006-01-09,20.553560256958008,3820314
2006-01-10,20.354013442993164,2990457
2006-01-11,20.25708770751953,3114655
2006-01-12,20.308395385742188,2296278
2006-01-13,20.148761749267578,3177576
2006-01-16,20.28559684753418,2379579
2006-01-17,19.972017288208008,3171481
2006-01-18,19.80097198486328,3550899
2006-01-19,19.715452194213867,3912330
2006-01-20,19.624229431152344,5342042
2006-01-23,19.487396240234375,3690259
2006-01-24,19.49880027770996,3663397
2006-01-25,19.43608283996582,8662152
2006-01-26,19.16241455078125,12684514
2006-01-27,19.78386688232422,7528308
2006-01-30,19.51019859313965,4199127
2006-01-31,19.595722198486328,5166157
2006-02-01,19.795272827148438,4358406
2006-02-02,19.379070281982422,4858578
2006-02-03,19.202327728271484,4567368
2006-02-06,19.270740509033203,2230116
2006-02-07,19.30495262145996,4100862
2006-02-08,19.099699020385742,3972835
2006-02-09,19.538713455200195,5372031
2006-02-10,19.53301429748535,5287940
2006-02-13,19.704050064086914,5327381
2006-02-14,19.89789390563965,5078927
2006-02-15,19.915000915527344,4213198
2006-02-16,19.994821548461914,3825319
2006-02-17,19.915000915527344,4617336
2006-02-20,19.761064529418945,1951270
2006-02-21,19.567218780517578,4546116
2006-02-22,19.75536346435547,3849309
2006-02-23,19.612825393676758,3005013
2006-02-24,19.629934310913086,2627027
2006-02-27,19.772464752197266,2248537
2006-02-28,19.26504135131836,4081434
2006-03-01,19.430387496948242,4472148
2006-03-02,19.58431625366211,5118391
2006-03-03,19.270740509033203,4742211
2006-03-06,18.478246688842773,16097495
2006-03-07,18.501056671142578,5269349
2006-03-08,18.073448181152344,7777290
2006-03-09,18.535263061523438,6477479
2006-03-10,18.632186889648438,3668665
2006-03-13,18.917255401611328,6272027
2006-03-14,19.14531135559082,5267290
2006-03-15,19.076894760131836,6010284
2006-03-16,18.808931350708008,4381715
2006-03-17,18.81463050842285,9595375
2006-03-20,18.89444923400879,3599708
2006-03-21,18.79752540588379,3489817
2006-03-22,19.242233276367188,6900437
2006-03-23,19.8123779296875,10663862
2006-03-24,20.19437026977539,13269225
2006-03-27,19.829483032226562,4948726
2006-03-28,19.430387496948242,5019591
2006-03-29,18.67779541015625,26828254
2006-03-30,18.86594581604004,17927659
2006-03-31,18.84884262084961,7186380
2006-04-03,19.04268455505371,5668255
2006-04-04,18.974273681640625,4184988
2006-04-05,19.111103057861328,5815586
2006-04-06,19.208030700683594,6592876
2006-04-07,19.059789657592773,7746890
2006-04-10,19.344860076904297,5973327
2006-04-11,19.048391342163086,5635058
2006-04-12,18.96856689453125,6000655
2006-04-13,19.139610290527344,3397854
2006-04-18,18.99137306213379,2803255
2006-04-19,19.208030700683594,4631248
2006-04-20,19.567218780517578,8747361
2006-04-21,19.95490837097168,8151383
2006-04-24,20.11454963684082,5275618
2006-04-25,20.01762580871582,5889779
2006-04-26,20.245685577392578,7686556
2006-04-27,20.952661514282227,17998142
2006-04-28,20.872835159301758,10316988
2006-05-02,21.048437118530273,6690557
2006-05-03,20.697235107421875,7288153
2006-05-04,20.93136978149414,5388865
2006-05-05,20.972341537475586,4671797
2006-05-08,20.96649169921875,3953256
2006-05-09,21.376220703125,6492737
2006-05-10,21.428897857666016,4925562
2006-05-11,21.428897857666016,8784904
2006-05-12,21.352807998657227,9031848
2006-05-15,20.785037994384766,7377913
2006-05-16,20.632850646972656,6420199
2006-05-17,19.98314094543457,7386047
2006-05-18,19.994842529296875,8095003
2006-05-19,19.737300872802734,6961725
2006-05-22,19.40365982055664,8119852
2006-05-23,20.199708938598633,9642350
2006-05-24,19.88363265991211,8774216
2006-05-25,20.49822998046875,5517126
2006-05-26,21.14794158935547,9189657
2006-05-29,20.96649169921875,2000006
2006-05-30,20.603586196899414,8055963
2006-05-31,20.509933471679688,7543162
2006-06-01,20.398719787597656,5661583
2006-06-02,20.211414337158203,6174284
2006-06-05,20.047523498535156,4417868
2006-06-06,19.918750762939453,6722977
2006-06-07,20.246538162231445,7318257
2006-06-08,19.661205291748047,8037363
2006-06-09,19.374393463134766,12755368
2006-06-12,18.89442253112793,10956723
2006-06-13,17.887659072875977,13012814
2006-06-14,19.11684799194336,23098332
2006-06-15,19.11684799194336,0
2006-06-16,19.11684799194336,0
2006-06-19,19.245622634887695,5927125
2006-06-20,19.157821655273438,6705371
2006-06-21,19.374393463134766,5468663
2006-06-22,19.608524322509766,4008036
2006-06-23,19.40365982055664,4860816
2006-06-26,19.32756805419922,2475322
2006-06-27,19.175382614135742,3644662
2006-06-28,19.5031681060791,5031745
2006-06-29,20.12361717224121,6562707
2006-06-30,21.036727905273438,12069330
2006-07-03,21.265012741088867,4952786
2006-07-04,21.352807998657227,2178389
2006-07-05,20.884544372558594,4820919
2006-07-06,20.673828125,10590630
2006-07-07,21.25330352783203,9560405
2006-07-10,21.45816993713379,5022894
2006-07-11,21.569377899169922,7336733
2006-07-12,21.65717887878418,6023589
2006-07-13,21.335243225097656,5182749
2006-07-14,21.03087615966797,4139641
2006-07-17,20.98404884338379,5169785
2006-07-18,21.07184410095215,3909599
2006-07-19,21.686439514160156,5787620
2006-07-20,22.096176147460938,7295485
2006-07-21,21.926429748535156,8097353
2006-07-24,22.476642608642578,3990772
2006-07-25,22.775156021118164,7395610
2006-07-26,22.72248077392578,4551047
2006-07-27,22.418107986450195,9538893
2006-07-28,22.886367797851562,4763975
2006-07-31,22.576152801513672,6338077
2006-08-01,22.160564422607422,4208435
2006-08-02,22.306888580322266,4374569
2006-08-03,22.137149810791016,4068220
2006-08-04,22.336162567138672,3586852
2006-08-07,21.780092239379883,3806946
2006-08-08,21.996671676635742,2453484
2006-08-09,22.277629852294922,3448383
2006-08-10,22.505903244018555,6402009
2006-08-11,22.681503295898438,3576312
2006-08-14,22.991727828979492,3174048
2006-08-15,23.44828987121582,4425348
2006-08-16,23.296100616455078,5013191
2006-08-17,23.21415138244629,3823268
2006-08-18,23.161474227905273,3877443
2006-08-21,22.92734146118164,3340688
2006-08-22,22.950754165649414,3872269
2006-08-23,22.845394134521484,2338975
2006-08-24,22.985876083374023,4070108
2006-08-25,22.921491622924805,3238102
2006-08-28,23.1439151763916,2804321
2006-08-29,22.98002052307129,6702886
2006-08-30,22.769302368164062,5322915
2006-08-31,22.634674072265625,3712981
2006-09-01,22.476642608642578,6025508
2006-09-04,22.476642608642578,2695817
2006-09-05,22.30103874206543,3769894
2006-09-06,22.183977127075195,4967590
2006-09-07,22.14299964904785,4344170
2006-09-08,22.306888580322266,2834840
2006-09-11,22.576152801513672,5843640
2006-09-12,22.862957000732422,5595670
2006-09-13,22.710769653320312,5093921
2006-09-14,22.740041732788086,4609499
2006-09-15,23.067821502685547,11967108
2006-09-18,22.716623306274414,4312762
2006-09-19,22.886367797851562,6256727
2006-09-20,22.740041732788086,6234706
2006-09-21,22.909786224365234,4193832
2006-09-22,22.494203567504883,4277083
2006-09-25,22.8980770111084,4566130
2006-09-26,23.003435134887695,5327620
2006-09-27,22.816131591796875,4995033
2006-09-28,23.255125045776367,8714590
2006-09-29,23.530235290527344,5450021
2006-10-02,23.7233829498291,6219933
2006-10-03,23.547792434692383,3088212
2006-10-04,23.8463077545166,4003401
2006-10-05,23.776071548461914,3458910
2006-10-06,23.43657684326172,4872435
2006-10-09,23.71753692626953,3706082
2006-10-10,23.647294998168945,3372160
2006-10-11,23.582908630371094,3019012
2006-10-12,23.401460647583008,5266988
2006-10-13,23.43657684326172,3385914
2006-10-16,23.34877586364746,2901349
2006-10-17,23.179039001464844,4017260
2006-10-18,23.506820678710938,4477635
2006-10-19,23.454139709472656,3406880
2006-10-20,23.6004695892334,4875301
2006-10-23,23.6180362701416,2898486
2006-10-24,23.881425857543945,4302904
2006-10-25,23.729248046875,2841370
2006-10-26,23.653154373168945,3866755
2006-10-27,23.19074249267578,6477186
2006-10-30,22.94490623474121,6160897
2006-10-31,23.09123420715332,4302406
2006-11-01,23.512670516967773,5169991
2006-11-02,23.19074249267578,5145536
2006-11-03,23.272687911987305,4127131
2006-11-06,23.612180709838867,3923973
2006-11-07,23.4951171875,3523075
2006-11-08,23.582908630371094,4595430
2006-11-09,23.67656135559082,3977381
2006-11-10,23.659008026123047,5674316
2006-11-13,23.524383544921875,3002908
2006-11-14,23.518522262573242,2814737
2006-11-15,23.56534767150879,3910377
2006-11-16,23.471698760986328,3805837
2006-11-17,23.35463523864746,4726869
2006-11-20,23.401460647583008,3621622
2006-11-21,23.389755249023438,3523896
2006-11-22,23.272687911987305,3560659
2006-11-23,23.46584701538086,3784000
2006-11-24,22.827838897705078,7523829
2006-11-27,23.290245056152344,8691996
2006-11-28,23.09123420715332,6733115
2006-11-29,23.34292221069336,5592636
2006-11-30,22.786867141723633,6544794
2006-12-01,22.72832489013672,8016208
2006-12-04,22.98002052307129,8270933
2006-12-05,23.225860595703125,5378079
2006-12-06,23.026845932006836,4504744
2006-12-07,23.067821502685547,4045015
2006-12-08,23.243423461914062,5110271
2006-12-11,23.161474227905273,4196425
2006-12-12,23.40731430053711,3707343
2006-12-13,23.764362335205078,6623350
2006-12-14,23.70583152770996,4938718
2006-12-15,23.659008026123047,12216939
2006-12-18,23.881425857543945,4124924
2006-12-19,23.547792434692383,3832437
2006-12-20,23.828746795654297,3631871
2006-12-21,23.869722366333008,3379300
2006-12-22,23.57120132446289,2301498
2006-12-27,23.95166778564453,2456464
2006-12-28,23.90484619140625,1552316
2006-12-29,23.79948616027832,1390917
2007-01-02,24.14482879638672,2898751
2007-01-03,24.256038665771484,4504895
2007-01-04,24.156536102294922,3856108
2007-01-05,23.863874435424805,6299557
2007-01-08,23.559499740600586,6881338
2007-01-09,23.530235290527344,6570475
2007-01-10,23.916549682617188,7550661
2007-01-11,24.560413360595703,6764566
2007-01-12,25.28622055053711,8157124
2007-01-15,25.175006866455078,3439515
2007-01-16,25.087207794189453,2814890
2007-01-17,25.491079330444336,6655505
2007-01-18,25.567174911499023,6139917
2007-01-19,25.690093994140625,5617251
2007-01-22,25.356449127197266,4347395
2007-01-23,25.614002227783203,5982079
2007-01-24,25.883258819580078,5819800
2007-01-25,25.280363082885742,5630684
2007-01-26,25.210124969482422,5106930
2007-01-29,25.414989471435547,3139299
2007-01-30,25.473526000976562,3280746
2007-01-31,26.45688247680664,10536018
2007-02-01,26.57394027709961,5773095
2007-02-02,26.556377410888672,5398284
2007-02-05,26.35736846923828,3127628
2007-02-06,26.380781173706055,3560364
2007-02-07,26.33395767211914,3641517
2007-02-08,25.982765197753906,3652693
2007-02-09,26.099824905395508,3252289
2007-02-12,26.292980194091797,3712530
2007-02-13,26.632476806640625,4673865
2007-02-14,26.66759490966797,2837526
2007-02-15,26.404199600219727,2712774
2007-02-16,26.02958869934082,4628526
2007-02-19,26.04129409790039,3061417
2007-02-20,26.11738395690918,3551337
2007-02-21,25.988615036010742,3644551
2007-02-22,26.053003311157227,3561111
2007-02-23,26.111536026000977,3528081
2007-02-26,26.380781173706055,4196752
2007-02-27,25.877399444580078,5985549
2007-02-28,25.44425392150879,9031708
2007-03-01,24.71259880065918,9880660
2007-03-02,24.741863250732422,5451591
2007-03-05,24.449201583862305,5666386
2007-03-06,24.917463302612305,5488723
2007-03-07,24.75942039489746,4427751
2007-03-08,25.690093994140625,9005946
2007-03-09,25.619855880737305,5369814
2007-03-12,26.257862091064453,8025586
2007-03-13,25.77789878845215,6295103
2007-03-14,25.016965866088867,7094557
2007-03-15,25.830577850341797,7841676
2007-03-16,26.064708709716797,17066788
2007-03-19,26.12324333190918,5371069
2007-03-20,26.37493324279785,6647849
2007-03-21,26.211044311523438,4455172
2007-03-22,26.767101287841797,6211098
2007-03-23,27.118305206298828,6312721
2007-03-26,26.808073043823242,4432229
2007-03-27,26.93099021911621,3291041
2007-03-28,27.346576690673828,7482033
2007-03-29,27.91434669494629,5699550
2007-03-30,28.002145767211914,5511547
2007-04-02,27.849958419799805,4346681
2007-04-03,28.166038513183594,5532979
2007-04-04,28.417728424072266,3261849
2007-04-05,28.768930435180664,3895762
2007-04-10,29.07914924621582,5918319
2007-04-11,28.62259292602539,4876078
2007-04-12,28.17774772644043,6281845
2007-04-13,28.821609497070312,4505094
2007-04-16,29.085010528564453,3923714
2007-04-17,29.196218490600586,4241880
2007-04-18,28.70454216003418,6769422
2007-04-19,28.686981201171875,6179318
2007-04-20,29.003063201904297,7971500
2007-04-23,28.739662170410156,3093674
2007-04-24,29.020618438720703,7853806
2007-04-25,29.728858947753906,6688512
2007-04-26,30.074214935302734,8550520
2007-04-27,29.79911231994629,6773608
2007-04-30,30.097639083862305,4341373
2007-05-02,30.28272247314453,4535042
2007-05-03,30.939489364624023,6966753
2007-05-04,30.837984085083008,4130112
2007-05-07,30.772314071655273,2447679
2007-05-08,30.103609085083008,5073595
2007-05-09,30.211074829101562,4023903
2007-05-10,29.8826961517334,4599095
2007-05-11,29.870752334594727,6727302
2007-05-14,29.566253662109375,3165173
2007-05-15,29.936431884765625,5442937
2007-05-16,29.596113204956055,4289999
2007-05-17,29.548343658447266,2611611
2007-05-18,30.569307327270508,11142448
2007-05-21,31.775362014770508,12957091
2007-05-22,31.852985382080078,9427211
2007-05-23,31.33354377746582,6707688
2007-05-24,31.3633975982666,6043055
2007-05-25,31.315629959106445,3652854
2007-05-29,31.32160186767578,3073176
2007-05-30,31.27981185913086,4081820
2007-05-31,31.93657112121582,5232958
2007-06-01,32.4380989074707,5474023
2007-06-04,32.52766036987305,3758612
2007-06-05,32.629154205322266,6891503
2007-06-06,31.703718185424805,7993526
2007-06-07,30.957399368286133,8042888
2007-06-08,30.99322509765625,8560508
2007-06-11,31.745515823364258,5523935
2007-06-12,31.912691116333008,6235749
2007-06-13,32.43212890625,7982908
2007-06-14,33.1784553527832,9606456
2007-06-15,33.739681243896484,23464193
2007-06-18,33.46503448486328,7170864
2007-06-19,33.8411865234375,9039925
2007-06-20,33.787445068359375,6772827
2007-06-21,33.44114685058594,7341926
2007-06-22,33.67998123168945,5722641
2007-06-25,33.56056594848633,4414524
2007-06-26,32.95753479003906,5794551
2007-06-27,32.9754524230957,5611744
2007-06-28,33.47100830078125,5299269
2007-06-29,33.49489212036133,5132794
2007-07-02,33.40533447265625,4196183
2007-07-03,33.67998123168945,4181558
2007-07-04,34.157623291015625,3741962
2007-07-05,33.73371505737305,5405921
2007-07-06,33.8352165222168,4237667
2007-07-09,33.38742446899414,5193597
2007-07-10,32.58139419555664,7055883
2007-07-11,33.04710006713867,6524444
2007-07-12,33.44114685058594,5629895
2007-07-13,33.66804122924805,5462593
2007-07-16,34.121795654296875,4747930
2007-07-17,33.95461654663086,5308569
2007-07-18,33.21427536010742,5233803
2007-07-19,33.56056594848633,4096080
2007-07-20,32.838130950927734,5755466
2007-07-23,32.95753479003906,4421631
2007-07-24,32.16942596435547,4889860
2007-07-25,31.608186721801758,7390752
2007-07-26,30.640953063964844,9806417
2007-07-27,30.04987335205078,12395877
2007-07-30,30.74842643737793,8151134
2007-07-31,31.20816421508789,6708204
2007-08-01,30.837984085083008,5763662
2007-08-02,31.351459503173828,4481728
2007-08-03,30.879779815673828,4359380
2007-08-06,31.184282302856445,5116514
2007-08-07,30.599157333374023,7836946
2007-08-08,32.3724250793457,9950308
2007-08-09,31.423093795776367,8295465
2007-08-10,31.148454666137695,10835027
2007-08-13,31.71565818786621,5375849
2007-08-14,31.202190399169922,4528369
2007-08-15,32.91574478149414,14024181
2007-08-16,32.06195831298828,14125883
2007-08-17,32.24704360961914,13633343
2007-08-20,32.64706802368164,4438945
2007-08-21,33.89491653442383,11212412
2007-08-22,33.96059799194336,5484468
2007-08-23,33.65011978149414,3666924
2007-08-24,33.918800354003906,2858647
2007-08-27,33.59639358520508,2002026
2007-08-28,33.500858306884766,2726159
2007-08-29,33.32174301147461,3443528
2007-08-30,33.918800354003906,2946647
2007-08-31,34.58152389526367,4234292
2007-09-03,34.55168151855469,1954867
2007-09-04,34.963645935058594,3659909
2007-09-05,34.08000564575195,3662287
2007-09-06,33.87700653076172,4466999
2007-09-07,32.784393310546875,4632586
2007-09-10,32.641090393066406,3795061
2007-09-11,32.91574478149414,3159602
2007-09-12,32.91574478149414,3482683
2007-09-13,33.30979919433594,4138931
2007-09-14,33.500858306884766,3594274
2007-09-17,33.7755012512207,4062369
2007-09-18,34.35464859008789,4300342
2007-09-19,34.945735931396484,5781782
2007-09-20,34.59943771362305,4358742
2007-09-21,33.13665771484375,22371054
2007-09-24,33.76356887817383,8807636
2007-09-25,33.45907211303711,4969916
2007-09-26,33.57847595214844,3921023
2007-09-27,33.50682830810547,4195139
2007-09-28,33.32770919799805,4818350
2007-10-01,33.72774124145508,3566253
2007-10-02,33.29786682128906,5195756
2007-10-03,33.16651153564453,2646364
2007-10-04,33.00530242919922,3913634
2007-10-05,32.95753479003906,3081303
2007-10-08,33.20830535888672,3385638
2007-10-09,33.1068000793457,3837883
2007-10-10,33.11874771118164,4612200
2007-10-11,33.86506652832031,6776749
2007-10-12,34.426307678222656,5442583
2007-10-15,34.51585388183594,6271872
2007-10-16,34.957672119140625,5058479
2007-10-17,35.13082504272461,4272888
2007-10-18,35.745792388916016,7565166
2007-10-19,35.96073913574219,7654128
2007-10-22,34.724822998046875,6718438
2007-10-23,35.262176513671875,5013053
2007-10-24,34.99350357055664,3458281
2007-10-25,34.963645935058594,5486756
2007-10-26,34.79647445678711,4362188
2007-10-29,34.50391387939453,5822628
2007-10-30,34.09791946411133,3929959
2007-10-31,34.35464859008789,3923914
2007-11-01,33.29188919067383,6144443
2007-11-02,33.82327651977539,6675124
2007-11-05,34.0382194519043,5134128
2007-11-06,33.80537033081055,5822410
2007-11-07,33.93074035644531,5409386
2007-11-08,33.28591537475586,6173025
2007-11-09,33.17247772216797,6030548
2007-11-12,32.68886184692383,5259539
2007-11-13,32.7008056640625,4506172
2007-11-14,33.017242431640625,3879101
2007-11-15,32.52766036987305,4376584
2007-11-16,32.27091979980469,6961089
2007-11-19,31.775362014770508,6014677
2007-11-20,32.92768478393555,6314758
2007-11-21,32.99933624267578,6533274
2007-11-22,34.259124755859375,7071651
2007-11-23,33.882972717285156,4160456
2007-11-26,33.36353302001953,4564810
2007-11-27,33.35756301879883,4404792
2007-11-28,33.29188919067383,6733662
2007-11-29,33.57847595214844,4591422
2007-11-30,33.638187408447266,4589149
2007-12-03,33.26204299926758,3906784
2007-12-04,33.80537033081055,7389292
2007-12-05,34.51585388183594,5507385
2007-12-06,34.742740631103516,6138315
2007-12-07,34.8502082824707,4477232
2007-12-10,35.07709503173828,4079344
2007-12-11,35.13679885864258,4611140
2007-12-12,36.08612060546875,9868287
2007-12-13,35.668174743652344,5591492
2007-12-14,35.51891326904297,5897686
2007-12-17,34.88603591918945,5058890
2007-12-18,35.24427032470703,4416458
2007-12-19,35.88908386230469,5280453
2007-12-20,36.39061737060547,4856458
2007-12-21,37.06528854370117,12046808
2007-12-27,36.86228942871094,2793249
2007-12-28,37.333961486816406,1429754
2008-01-02,36.689144134521484,3605709
2008-01-03,36.844383239746094,4328600
2008-01-04,37.274261474609375,6294868
2008-01-07,37.913108825683594,7140857
2008-01-08,38.85646438598633,8425602
2008-01-09,39.214698791503906,6791872
2008-01-10,38.28925704956055,7378703
2008-01-11,38.33702087402344,5361909
2008-01-14,38.03252410888672,4747524
2008-01-15,37.489200592041016,7776250
2008-01-16,36.2592658996582,10462214
2008-01-17,35.7875862121582,8901363
2008-01-18,35.82341003417969,9859351
2008-01-21,33.04710006713867,16337497
2008-01-22,32.820220947265625,16349077
2008-01-23,30.963369369506836,14646588
2008-01-24,32.72468948364258,12111246
2008-01-25,31.960453033447266,9320928
2008-01-28,31.94253921508789,6509064
2008-01-29,31.984336853027344,6837626
2008-01-30,31.608186721801758,4466270
2008-01-31,32.73662567138672,9437455
2008-02-01,32.80230712890625,6496489
2008-02-04,33.41727066040039,5937271
2008-02-05,31.930601119995117,7057696
2008-02-06,33.13665771484375,6631106
2008-02-07,32.44407272338867,5938532
2008-02-08,32.62318420410156,3843714
2008-02-11,32.838130950927734,5119715
2008-02-12,34.306884765625,7056778
2008-02-13,34.40837860107422,4349811
2008-02-14,34.51585388183594,5253945
2008-02-15,33.232181549072266,7791780
2008-02-18,32.479896545410156,12443169
2008-02-19,32.778419494628906,5839930
2008-02-20,31.86492156982422,7748475
2008-02-21,32.19927978515625,5850914
2008-02-22,31.345487594604492,6619255
2008-02-25,31.751480102539062,4842926
2008-02-26,32.26494598388672,4854215
2008-02-27,32.2888298034668,5055279
2008-02-28,30.778282165527344,11842818
2008-02-29,30.360342025756836,8719948
2008-03-03,29.972253799438477,5478112
2008-03-04,28.234813690185547,17664928
2008-03-05,28.897546768188477,6713678
2008-03-06,28.36020278930664,7087573
2008-03-07,27.91240692138672,7170095
2008-03-10,27.404905319213867,5023145
2008-03-11,28.061674118041992,6905787
2008-03-12,28.718433380126953,8516899
2008-03-13,28.927404403686523,7024443
2008-03-14,28.873666763305664,7520545
2008-03-17,28.55722427368164,7814320
2008-03-18,29.61402130126953,6851323
2008-03-19,29.822986602783203,6994526
2008-03-20,28.802026748657227,13484704
2008-03-25,30.037933349609375,6572872
2008-03-26,29.739397048950195,5382135
2008-03-27,30.199129104614258,4189747
2008-03-28,30.354372024536133,4362954
2008-03-31,30.306602478027344,4013306
2008-04-01,31.100704193115234,5243809
2008-04-02,30.802165985107422,7394562
2008-04-03,31.33951187133789,5315318
2008-04-04,31.046960830688477,4170207
2008-04-07,31.05889892578125,3906340
2008-04-08,31.291748046875,3904120
2008-04-09,31.584312438964844,4235101
2008-04-10,31.19622230529785,4355314
2008-04-11,30.44392967224121,3874693
2008-04-14,30.551401138305664,3350938
2008-04-15,30.431989669799805,3316540
2008-04-16,31.088754653930664,3389029
2008-04-17,30.76634407043457,2669762
2008-04-18,31.464895248413086,5586916
2008-04-21,31.638038635253906,4800443
2008-04-22,30.74842643737793,4740040
2008-04-23,31.094722747802734,6299991
2008-04-24,32.055992126464844,9088455
2008-04-25,33.05307388305664,9419273
2008-04-28,33.17546081542969,0
2008-04-29,33.089786529541016,4133636
2008-04-30,33.536537170410156,3727955
2008-05-02,33.45085144042969,4168845
2008-05-05,33.64057159423828,1682245
2008-05-06,33.62221145629883,3530643
2008-05-07,33.88535690307617,3397106
2008-05-08,34.42390441894531,4339312
2008-05-09,34.22195053100586,3522729
2008-05-12,34.15463638305664,2053797
2008-05-13,34.509586334228516,3189655
2008-05-14,34.270912170410156,3618279
2008-05-15,33.677284240722656,5166134
2008-05-16,33.75684356689453,5377596
2008-05-19,33.74460983276367,2823256
2008-05-20,33.38353729248047,2682546
2008-05-21,33.352943420410156,4540750
2008-05-22,33.628334045410156,3491866
2008-05-23,33.47533416748047,4562365
2008-05-26,33.36518096923828,1564436
2008-05-27,33.50593566894531,2833204
2008-05-28,34.51569747924805,5856659
2008-05-29,34.49734115600586,3950762
2008-05-30,34.88288497924805,6113907
2008-06-02,34.33211135864258,2994333
2008-06-03,34.79109573364258,3394697
2008-06-04,34.33822250366211,3011714
2008-06-05,34.472862243652344,3204042
2008-06-06,33.8425178527832,4723940
2008-06-09,33.90372848510742,3015419
2008-06-10,33.53041458129883,4604752
2008-06-11,32.66752624511719,5001960
2008-06-12,32.78379821777344,3754672
2008-06-13,32.94291687011719,3186505
2008-06-16,32.08613967895508,4385503
2008-06-17,32.45332336425781,3188346
2008-06-18,31.6455135345459,5758500
2008-06-19,31.963743209838867,4071775
2008-06-20,30.972333908081055,8555431
2008-06-23,31.57819366455078,4300441
2008-06-24,31.871946334838867,5912995
2008-06-25,32.11673355102539,4324359
2008-06-26,31.804622650146484,3866677
2008-06-27,32.526763916015625,5949526
2008-06-30,32.71647262573242,4753740
2008-07-01,32.22689437866211,4743979
2008-07-02,32.135101318359375,5894430
2008-07-03,32.202415466308594,5930705
2008-07-04,32.330928802490234,2674725
2008-07-07,33.64057159423828,5523359
2008-07-08,33.469215393066406,6352074
2008-07-09,34.35047149658203,4924362
2008-07-10,33.81804275512695,6133976
2008-07-11,33.23054504394531,5482617
2008-07-14,33.60385513305664,2708817
2008-07-15,32.91231155395508,4638126
2008-07-16,32.949031829833984,5488369
2008-07-17,32.343177795410156,8105375
2008-07-18,32.63691711425781,6079720
2008-07-21,32.74095153808594,2787667
2008-07-22,33.181583404541016,4316034
2008-07-23,33.114261627197266,3883037
2008-07-24,33.040828704833984,3813518
2008-07-25,34.24031448364258,6222567
2008-07-28,34.246437072753906,3449515
2008-07-29,34.08731460571289,4714246
2008-07-30,33.42637252807617,7362017
2008-07-31,33.91596221923828,4900501
2008-08-01,33.59772872924805,3342914
2008-08-04,33.42637252807617,2330037
2008-08-05,33.95267868041992,5054209
2008-08-06,33.97715759277344,3877649
2008-08-07,34.06283187866211,3524310
2008-08-08,33.352943420410156,4606972
2008-08-11,33.2060546875,3208725
2008-08-12,33.02246856689453,2541551
2008-08-13,32.679752349853516,4397078
2008-08-14,32.985748291015625,2705484
2008-08-15,32.949031829833984,3412933
2008-08-18,32.918434143066406,2245606
2008-08-19,32.28197479248047,3220070
2008-08-20,32.459449768066406,2468286
2008-08-21,32.01270294189453,2661108
2008-08-22,32.343177795410156,2613626
2008-08-25,32.03104782104492,1308934
2008-08-26,32.54512405395508,2830545
2008-08-27,32.777671813964844,2843647
2008-08-28,33.187705993652344,4278894
2008-08-29,33.05306625366211,2834366
2008-09-01,33.352943420410156,2345106
2008-09-02,33.97715759277344,3727230
2008-09-03,33.46309280395508,2956771
2008-09-04,32.606327056884766,4795698
2008-09-05,31.94538116455078,5370171
2008-09-08,32.251373291015625,4815730
2008-09-09,32.643043518066406,7641516
2008-09-10,33.08366775512695,4839186
2008-09-11,32.83275604248047,4679240
2008-09-12,33.32234191894531,4413775
2008-09-15,34.234188079833984,10522904
2008-09-16,34.46061706542969,13495394
2008-09-17,33.41413497924805,9177656
2008-09-18,33.46309280395508,7412209
2008-09-19,35.20723342895508,15638715
2008-09-22,33.157108306884766,8023768
2008-09-23,33.51817321777344,5509568
2008-09-24,33.169342041015625,3674041
2008-09-25,33.303977966308594,4908058
2008-09-26,32.82051086425781,3909678
2008-09-29,31.963743209838867,6078103
2008-09-30,31.700593948364258,7454349
2008-10-01,32.067779541015625,6776193
2008-10-02,30.2257137298584,9585303
2008-10-03,31.69447135925293,7143650
2008-10-06,30.494991302490234,8027955
2008-10-07,30.66022300720215,8478391
2008-10-08,28.359176635742188,15678405
2008-10-09,27.355525970458984,10101868
2008-10-10,25.21359634399414,16805592
2008-10-13,26.700708389282227,11672330
2008-10-14,27.661523818969727,9623181
2008-10-15,25.629741668701172,10662347
2008-10-16,23.42661476135254,17214404
2008-10-17,24.173229217529297,17208200
2008-10-20,25.580781936645508,9618192
2008-10-21,26.431438446044922,8535022
2008-10-22,25.53183364868164,7967451
2008-10-23,26.419198989868164,7505142
2008-10-24,25.366592407226562,12152833
2008-10-27,23.157339096069336,12781363
2008-10-28,23.44497299194336,23059001
2008-10-29,26.58443260192871,14083141
2008-10-30,24.944326400756836,11223104
2008-10-31,26.413082122802734,9791325
2008-11-03,26.572195053100586,6151537
2008-11-04,27.282093048095703,5954872
2008-11-05,26.54771614074707,6736344
2008-11-06,25.34211540222168,6894344
2008-11-07,26.39471435546875,5966769
2008-11-10,26.602792739868164,4956690
2008-11-11,24.944326400756836,6314120
2008-11-12,24.503698348999023,5222153
2008-11-13,24.619976043701172,4580687
2008-11-14,24.503698348999023,5070256
2008-11-17,24.381305694580078,4713615
2008-11-18,24.222183227539062,6377445
2008-11-19,23.2491397857666,9103556
2008-11-20,23.21242332458496,7416740
2008-11-21,22.539241790771484,7203016
2008-11-24,24.68729591369629,7558691
2008-11-25,25.5869083404541,7583780
2008-11-26,25.299270629882812,3845310
2008-11-27,25.384946823120117,2944347
2008-11-28,24.895366668701172,4124720
2008-12-01,23.744842529296875,4890951
2008-12-02,24.099790573120117,4761161
2008-12-03,24.418020248413086,4900919
2008-12-04,24.552658081054688,4453695
2008-12-05,22.582080841064453,10838940
2008-12-08,24.001876831054688,7736981
2008-12-09,24.99940299987793,5246122
2008-12-10,24.72401237487793,4479188
2008-12-11,24.369064331054688,4352022
2008-12-12,24.234432220458984,5129865
2008-12-15,24.112028121948242,3137680
2008-12-16,24.48533821105957,3921542
2008-12-17,24.503698348999023,4278790
2008-12-18,24.528175354003906,4569465
2008-12-19,24.418020248413086,9454992
2008-12-22,23.98963737487793,4763952
2008-12-23,24.020233154296875,2984135
2008-12-29,24.705652236938477,3059871
2008-12-30,25.42778778076172,2535398
2009-01-02,26.211124420166016,3088175
2009-01-05,26.217247009277344,3429228
2009-01-06,27.10462188720703,5046206
2009-01-07,26.77414321899414,4383561
2009-01-08,26.951622009277344,3289574
2009-01-09,27.000579833984375,3784508
2009-01-12,26.933271408081055,3279950
2009-01-13,26.85981559753418,4007040
2009-01-14,26.602792739868164,5623204
2009-01-15,26.100963592529297,4620368
2009-01-16,26.36412239074707,4116195
2009-01-19,26.156047821044922,2980148
2009-01-20,25.825571060180664,4138747
2009-01-21,25.92961311340332,4488196
2009-01-22,25.7766170501709,2957250
2009-01-23,26.309045791625977,4483630
2009-01-26,26.33352279663086,3923486
2009-01-27,25.61750602722168,4487084
2009-01-28,26.309045791625977,4592520
2009-01-29,26.119325637817383,3506431
2009-01-30,25.464509963989258,4062170
2009-02-02,25.819456100463867,2689245
2009-02-03,26.247848510742188,3757844
2009-02-04,26.003055572509766,4549648
2009-02-05,26.143800735473633,3721086
2009-02-06,26.933271408081055,4792465
2009-02-09,26.80474853515625,3004074
2009-02-10,26.43756103515625,4570981
2009-02-11,26.86594009399414,2977056
2009-02-12,26.38248062133789,4090802
2009-02-13,26.419198989868164,2737028
2009-02-16,26.572195053100586,2206253
2009-02-17,25.74601936340332,4329358
2009-02-18,26.015289306640625,3562621
2009-02-19,26.00916862487793,3118788
2009-02-20,25.0850772857666,6849164
2009-02-23,25.03000259399414,3459334
2009-02-24,24.405778884887695,4896174
2009-02-25,24.136510848999023,5201879
2009-02-26,23.610210418701172,6806774
2009-02-27,23.304218292236328,7473254
2009-03-02,22.45968246459961,6126834
2009-03-03,22.282203674316406,6758708
2009-03-04,23.053308486938477,5506828
2009-03-05,21.84770393371582,5706169
2009-03-06,21.180644989013672,6584907
2009-03-09,21.651870727539062,4877107
2009-03-10,22.85746955871582,6259019
2009-03-11,22.777915954589844,5140183
2009-03-12,22.918672561645508,4224854
2009-03-13,22.520883560180664,4511799
2009-03-16,22.312807083129883,5703338
2009-03-17,20.005643844604492,16602526
2009-03-18,20.562545776367188,13907170
2009-03-19,20.758380889892578,6830692
2009-03-20,23.096147537231445,20881478
2009-03-23,23.316452026367188,6892299
2009-03-24,23.665283203125,4706482
2009-03-25,23.591848373413086,3915882
2009-03-26,23.304218292236328,4377186
2009-03-27,22.96763038635254,4545315
2009-03-30,22.18429183959961,5291051
2009-03-31,22.031295776367188,5295135
2009-04-01,21.915021896362305,5607014
2009-04-02,22.55147933959961,5978573
2009-04-03,22.349529266357422,4670520
2009-04-06,22.606563568115234,5516674
2009-04-07,22.63715934753418,3471408
2009-04-08,22.582080841064453,4229228
2009-04-09,23.004350662231445,3318490
2009-04-14,22.85746955871582,4327463
2009-04-15,23.157339096069336,3577487
2009-04-16,23.40825080871582,3187375
2009-04-17,23.37765121459961,7286479
2009-04-20,23.26137924194336,4166906
2009-04-21,23.793807983398438,5666242
2009-04-22,23.9835147857666,4655140
2009-04-23,23.683639526367188,4473627
2009-04-24,23.818283081054688,3467116
2009-04-27,23.787683486938477,3823687
2009-04-28,23.64080047607422,2951379
2009-04-29,22.86971092224121,11620821
2009-04-30,23.016584396362305,5983118
2009-05-04,23.34705352783203,4514689
2009-05-05,23.200180053710938,4749222
2009-05-06,23.16346549987793,4762479
2009-05-07,23.120624542236328,6468673
2009-05-08,23.279739379882812,5218046
2009-05-11,23.37765121459961,8351695
2009-05-12,23.42661476135254,9644066
2009-05-13,23.54094886779785,8648672
2009-05-14,23.68705177307129,5449257
2009-05-15,23.49648666381836,6653084
2009-05-18,23.820444107055664,5287434
2009-05-19,24.442951202392578,7349621
2009-05-20,25.999217987060547,11236132
2009-05-21,25.27507972717285,3721706
2009-05-22,24.96382713317871,3074695
2009-05-25,25.00193977355957,2199639
2009-05-26,25.408477783203125,3966532
2009-05-27,25.122629165649414,3681988
2009-05-28,24.658924102783203,4303528
2009-05-29,25.5355167388916,6659533
2009-06-01,25.789602279663086,3230241
2009-06-02,25.408477783203125,4057559
2009-06-03,25.789602279663086,3767233
2009-06-04,26.628082275390625,6971328
2009-06-05,26.25965690612793,4139785
2009-06-08,25.87218475341797,2884141
2009-06-09,25.961105346679688,2440526
2009-06-10,26.094505310058594,2684460
2009-06-11,26.615381240844727,2526985
2009-06-12,26.386701583862305,2330496
2009-06-15,25.29413604736328,4861512
2009-06-16,25.440237045288086,2508851
2009-06-17,25.00193977355957,4577966
2009-06-18,25.395771026611328,3300513
2009-06-19,25.402124404907227,11697977
2009-06-22,24.74150276184082,4048920
2009-06-23,24.430248260498047,3938275
2009-06-24,24.697040557861328,3857119
2009-06-25,24.557289123535156,3485523
2009-06-26,24.487417221069336,3065396
2009-06-29,24.474714279174805,2723449
2009-06-30,24.277799606323242,3490966
2009-07-01,24.595407485961914,3195973
2009-07-02,23.74422264099121,3198919
2009-07-03,23.756927490234375,1886855
2009-07-06,23.54094886779785,2771944
2009-07-07,23.21063995361328,2656983
2009-07-08,23.00737190246582,3415551
2009-07-09,23.140766143798828,3294951
2009-07-10,22.651655197143555,3594398
2009-07-13,23.629886627197266,3575211
2009-07-14,23.413908004760742,3736995
2009-07-15,23.458372116088867,5442963
2009-07-16,23.72516441345215,3906764
2009-07-17,24.049123764038086,4558083
2009-07-20,24.214279174804688,2894500
2009-07-21,24.557289123535156,3505689
2009-07-22,25.08452033996582,4383937
2009-07-23,25.08452033996582,0
2009-07-24,25.08452033996582,0
2009-07-27,25.08452033996582,0
2009-07-28,25.08452033996582,0
2009-07-29,25.08452033996582,0
2009-07-30,25.08452033996582,0
2009-07-31,25.08452033996582,0
2009-08-03,25.08452033996582,0
2009-08-04,25.08452033996582,0
2009-08-05,25.08452033996582,0
2009-08-06,25.08452033996582,0
2009-08-07,25.08452033996582,0
2009-08-10,25.08452033996582,0
2009-08-11,25.08452033996582,0
2009-08-12,25.08452033996582,0
2009-08-13,25.08452033996582,0
2009-08-14,25.08452033996582,0
2009-08-17,26.736068725585938,3476964
2009-08-18,26.736068725585938,0
2009-08-19,26.736068725585938,0
2009-08-20,26.736068725585938,0
2009-08-21,26.736068725585938,0
2009-08-24,26.736068725585938,0
2009-08-25,26.736068725585938,0
2009-08-26,26.736068725585938,0
2009-08-27,26.736068725585938,0
2009-08-28,26.736068725585938,0
2009-08-31,26.736068725585938,0
2009-09-01,26.736068725585938,0
2009-09-02,26.736068725585938,0
2009-09-03,26.736068725585938,0
2009-09-04,26.736068725585938,0
2009-09-07,26.736068725585938,0
2009-09-08,26.736068725585938,0
2009-09-09,26.736068725585938,0
2009-09-10,26.736068725585938,0
2009-09-11,26.736068725585938,0
2009-09-14,26.736068725585938,0
2009-09-15,26.736068725585938,0
2009-09-16,26.736068725585938,0
2009-09-17,26.736068725585938,0
2009-09-18,26.736068725585938,0
2009-09-21,30.18526268005371,2627168
2009-09-22,30.128101348876953,2462929
2009-09-23,29.931188583374023,2789015
2009-09-24,29.334083557128906,4276548
2009-09-25,29.359498977661133,3084258
2009-09-28,30.776012420654297,5555239
2009-09-29,31.023746490478516,4752691
2009-09-30,30.077289581298828,6226111
2009-10-01,29.251506805419922,3482533
2009-10-02,28.902141571044922,4243120
2009-10-05,29.42301368713379,3429801
2009-10-06,30.18526268005371,4144671
2009-10-07,30.128101348876953,2434415
2009-10-08,30.00105094909668,4234194
2009-10-09,29.842254638671875,3027592
2009-10-12,30.60450553894043,3391498
2009-10-13,30.077289581298828,3061025
2009-10-14,30.991981506347656,4809516
2009-10-15,30.99833869934082,2579075
2009-10-16,30.191621780395508,4628860
2009-10-19,30.903064727783203,2489455
2009-10-20,30.274198532104492,2786873
2009-10-21,30.67437744140625,3275035
2009-10-22,30.49652671813965,3590340
2009-10-23,30.286901473999023,2681107
2009-10-26,30.375831604003906,4759353
2009-10-27,30.73155403137207,4488923
2009-10-28,30.44570541381836,5614027
2009-10-29,30.668025970458984,3941685
2009-10-30,30.00105094909668,5006745
2009-11-02,29.937530517578125,3436788
2009-11-03,29.746976852416992,3773319
2009-11-04,29.772382736206055,3368010
2009-11-05,30.490177154541016,3820621
2009-11-06,30.718843460083008,3677940
2009-11-09,31.538272857666016,2862262
2009-11-10,31.582735061645508,2661918
2009-11-11,31.970212936401367,2923970
2009-11-12,32.529197692871094,4759181
2009-11-13,32.72611618041992,2693585
2009-11-16,33.15806579589844,3908135
2009-11-17,33.850440979003906,5464516
2009-11-18,32.91667938232422,5229534
2009-11-19,32.713409423828125,3158387
2009-11-20,32.846805572509766,4573481
2009-11-23,33.837738037109375,2706424
2009-11-24,33.98383331298828,3115887
2009-11-25,33.68528747558594,3559798
2009-11-26,32.55459976196289,3417665
2009-11-27,32.4974365234375,5945327
2009-11-30,32.38945388793945,5847806
2009-12-01,33.20888137817383,3278799
2009-12-02,33.80597686767578,3547816
2009-12-03,33.92030715942383,3063582
2009-12-04,34.12993621826172,2949430
2009-12-07,33.66623306274414,2817323
2009-12-08,33.08819580078125,2908216
2009-12-09,33.31686019897461,2613781
2009-12-10,33.92666244506836,2790848
2009-12-11,34.574581146240234,3166525
2009-12-14,34.33955383300781,2651818
2009-12-15,34.47930145263672,2158679
2009-12-16,34.96841812133789,2962887
2009-12-17,34.53647232055664,3689880
2009-12-18,34.434837341308594,9087781
2009-12-21,35.394004821777344,2343442
2009-12-22,35.20979690551758,1894764
2009-12-23,35.457523345947266,1204105
2009-12-28,35.794193267822266,1120365
2009-12-29,35.85771179199219,1247631
2009-12-30,35.54645538330078,815495
2010-01-04,35.825950622558594,2251520
2010-01-05,35.17168045043945,2757093
2010-01-06,34.94935607910156,1997279
2010-01-07,34.49200439453125,3010498
2010-01-08,34.18710708618164,3096580
2010-01-11,34.18075180053711,2205034
2010-01-12,33.85679626464844,3086189
2010-01-13,34.47930145263672,3668443
2010-01-14,34.803260803222656,2325209
2010-01-15,33.75516128540039,4638881
2010-01-18,34.42848587036133,1503630
2010-01-19,34.82866287231445,2731726
2010-01-20,34.10453414916992,3795277
2010-01-21,32.446624755859375,6023581
2010-01-22,32.668941497802734,5188745
2010-01-25,32.00197219848633,4054579
2010-01-26,32.42121124267578,4728079
2010-01-27,32.275123596191406,4733891
2010-01-28,31.30324363708496,4383918
2010-01-29,31.427093505859375,5377284
2010-02-01,31.512861251831055,3436689
2010-02-02,31.76059913635254,3131873
2010-02-03,31.249248504638672,4438478
2010-02-04,30.712486267089844,3743620
2010-02-05,29.740619659423828,6366596
2010-02-08,30.20750617980957,3292775
2010-02-09,30.388534545898438,3454365
2010-02-10,30.709314346313477,4003262
2010-02-11,30.84906578063965,4222456
2010-02-12,31.350881576538086,3769067
2010-02-15,31.347705841064453,1561988
2010-02-16,31.893991470336914,2781657
2010-02-17,32.02738571166992,3177810
2010-02-18,32.24971008300781,2135236
2010-02-19,32.40215301513672,2776297
2010-02-22,32.05914306640625,1943579
2010-02-23,31.658958435058594,3533794
2010-02-24,31.76059913635254,3589082
2010-02-25,31.366762161254883,3893764
2010-02-26,30.915761947631836,8017339
2010-03-01,32.08455276489258,3975406
2010-03-02,32.47202682495117,2337304
2010-03-03,33.15170669555664,3812304
2010-03-04,32.82139587402344,2773899
2010-03-05,33.221580505371094,3535642
2010-03-08,32.92938232421875,2553025
2010-03-09,33.26604461669922,2647087
2010-03-10,33.41214370727539,2320843
2010-03-11,32.95479202270508,2255288
2010-03-12,32.85951232910156,2224020
2010-03-15,32.624481201171875,1473644
2010-03-16,33.09453582763672,1725764
2010-03-17,32.92938232421875,2731949
2010-03-18,32.49108123779297,3359926
2010-03-19,32.12901306152344,8503985
2010-03-22,32.02103042602539,2996601
2010-03-23,31.82411003112793,3259192
2010-03-24,31.62720489501953,3454709
2010-03-25,32.14807891845703,3068712
2010-03-26,31.741535186767578,3223691
2010-03-29,31.957515716552734,1646411
2010-03-30,31.88763427734375,2364148
2010-03-31,31.811412811279297,3247980
2010-04-01,32.1671257019043,2472031
2010-04-06,31.519214630126953,3783758
2010-04-07,31.44298553466797,3254392
2010-04-08,31.589088439941406,2758567
2010-04-09,31.868572235107422,2545752
2010-04-12,31.70659828186035,1797104
2010-04-13,31.976566314697266,4765301
2010-04-14,31.874929428100586,2591292
2010-04-15,31.54779815673828,4173941
2010-04-16,31.376291275024414,8032586
2010-04-19,31.54779815673828,2838094
2010-04-20,31.900339126586914,3151778
2010-04-21,31.817758560180664,3534793
2010-04-22,31.570030212402344,3776158
2010-04-23,32.71976089477539,5250921
2010-04-26,33.069122314453125,3371221
2010-04-27,32.14807891845703,4265954
2010-04-28,31.85587501525879,5594180
2010-04-29,31.1094913482666,8055499
2010-04-30,30.537805557250977,46913809
2010-05-03,30.86167335510254,5294946
2010-05-04,29.893367767333984,7056739
2010-05-05,30.13870620727539,7476644
2010-05-06,30.3546142578125,6637446
2010-05-07,29.60220718383789,8599199
2010-05-10,30.724275588989258,7570271
2010-05-11,31.038331985473633,7416003
2010-05-12,31.5584659576416,4905230
2010-05-13,31.967378616333008,2999687
2010-05-14,30.953269958496094,4662737
2010-05-17,31.237873077392578,4161422
2010-05-18,31.306575775146484,3470853
2010-05-19,30.779882431030273,5516935
2010-05-20,30.22376251220703,5239898
2010-05-21,29.775585174560547,32026732
2010-05-24,29.670909881591797,2358939
2010-05-25,28.89560317993164,5899498
2010-05-26,29.163856506347656,4229368
2010-05-27,29.893367767333984,4785936
2010-05-28,29.831201553344727,3202870
2010-05-31,29.769052505493164,1741023
2010-06-01,29.981687545776367,3605817
2010-06-02,30.338260650634766,3450486
2010-06-03,30.76026153564453,3154658
2010-06-04,30.410226821899414,4519129
2010-06-07,30.462570190429688,3504119
2010-06-08,30.43313217163086,3434719
2010-06-09,30.900928497314453,3200922
2010-06-10,31.080854415893555,3670583
2010-06-11,31.28367042541504,3740029
2010-06-14,31.388349533081055,4541452
2010-06-15,31.457056045532227,3860055
2010-06-16,31.58790397644043,3713392
2010-06-17,31.839794158935547,3141795
2010-06-18,31.620615005493164,7282599
2010-06-21,31.829992294311523,2680180
2010-06-22,31.754751205444336,2247949
2010-06-23,31.35563850402832,2330537
2010-06-24,31.185537338256836,2895921
2010-06-25,30.871488571166992,2674964
2010-06-28,31.300024032592773,2290234
2010-06-29,29.9326171875,3841487
2010-06-30,30.096181869506836,3245269
2010-07-01,29.818119049072266,3480534
2010-07-02,29.033002853393555,4717838
2010-07-05,28.99701690673828,1872128
2010-07-06,29.51715660095215,3221331
2010-07-07,29.713438034057617,3002490
2010-07-08,30.099451065063477,2963545
2010-07-09,30.357894897460938,1917777
2010-07-12,30.36443519592285,1514895
2010-07-13,30.707921981811523,2093838
2010-07-14,30.871488571166992,2284900
2010-07-15,30.655582427978516,3454545
2010-07-16,30.282655715942383,4016523
2010-07-19,30.23357391357422,1822467
2010-07-20,29.719980239868164,3207636
2010-07-21,29.605484008789062,2423471
2010-07-22,29.998044967651367,3583353
2010-07-23,29.958786010742188,2421507
2010-07-26,29.769052505493164,2170987
2010-07-27,29.20965003967285,4505288
2010-07-28,28.915239334106445,4899761
2010-07-29,28.875965118408203,4182184
2010-07-30,28.862890243530273,4548824
2010-08-02,29.958786010742188,4600092
2010-08-03,30.073280334472656,2440229
2010-08-04,30.465843200683594,3415444
2010-08-05,31.735111236572266,7247942
2010-08-06,31.983732223510742,5538890
2010-08-09,32.23562240600586,2766036
2010-08-10,31.865968704223633,2701702
2010-08-11,31.388349533081055,3079127
2010-08-12,31.59117889404297,2865281
2010-08-13,31.352373123168945,2876558
2010-08-16,31.306575775146484,1539654
2010-08-17,31.476675033569336,2462606
2010-08-18,31.5584659576416,2148793
2010-08-19,30.930368423461914,3564521
2010-08-20,30.573787689208984,3052724
2010-08-23,30.51818084716797,1944575
2010-08-24,30.31209373474121,2867504
2010-08-25,30.799518585205078,5336847
2010-08-26,30.639223098754883,3331343
2010-08-27,30.848581314086914,2271909
2010-08-30,30.773345947265625,1274111
2010-08-31,31.522470474243164,5459495
2010-09-01,32.57910919189453,4074389
2010-09-02,32.15057373046875,3495639
2010-09-03,32.3861083984375,2531352
2010-09-06,32.3861083984375,1493653
2010-09-07,32.36974334716797,2095904
2010-09-08,32.73286437988281,2758270
2010-09-09,33.03383255004883,2630538
2010-09-10,33.426395416259766,2934577
2010-09-13,33.24973678588867,2409827
2010-09-14,33.68155288696289,2669602
2010-09-15,33.80585861206055,2911963
2010-09-16,33.629215240478516,2819498
2010-09-17,33.40676498413086,6961721
2010-09-20,34.23114013671875,2546864
2010-09-21,33.90400314331055,2854938
2010-09-22,33.21702575683594,2966132
2010-09-23,33.67500686645508,3351843
2010-09-24,34.22459030151367,2628489
2010-09-27,34.00214385986328,1774615
2010-09-28,34.00868606567383,2250093
2010-09-29,33.41330337524414,2336267
2010-09-30,33.46564483642578,3060987
2010-10-01,33.61613082885742,2749256
2010-10-04,33.51144790649414,1975144
2010-10-05,34.41432571411133,3020324
2010-10-06,34.87232208251953,3022040
2010-10-07,34.905033111572266,4335495
2010-10-08,35.297584533691406,2513196
2010-10-11,35.297584533691406,1911077
2010-10-12,35.10785675048828,3059774
2010-10-13,35.945308685302734,3789670
2010-10-14,36.39021301269531,2905805
2010-10-15,36.298614501953125,3976923
2010-10-18,36.23318099975586,2237766
2010-10-19,35.912601470947266,2843400
2010-10-20,35.44807052612305,3365875
2010-10-21,36.22663879394531,2910497
2010-10-22,35.91913604736328,1981848
2010-10-25,35.98456954956055,1469855
2010-10-26,36.049991607666016,2425219
2010-10-27,35.90605545043945,3425891
2010-10-28,35.31721878051758,3568243
2010-10-29,35.08168411254883,4049217
2010-11-01,35.48078536987305,4824136
2010-11-02,35.65743637084961,2272495
2010-11-03,35.7163200378418,2495087
2010-11-04,36.364036560058594,3221546
2010-11-05,36.501434326171875,3342214
2010-11-08,36.44255065917969,1727320
2010-11-09,36.61920166015625,2308463
2010-11-10,36.246273040771484,2119787
2010-11-11,35.81446075439453,2805634
2010-11-12,35.356468200683594,3507369
2010-11-15,36.7238883972168,10867372
2010-11-16,35.98456954956055,5842415
2010-11-17,36.272438049316406,3237979
2010-11-18,36.99214172363281,3058925
2010-11-19,37.80342102050781,5982157
2010-11-22,37.358516693115234,3066904
2010-11-23,37.018306732177734,2658503
2010-11-24,37.574432373046875,2601167
2010-11-25,37.7641716003418,2083597
2010-11-26,37.6856575012207,2254658
2010-11-29,36.67808532714844,2833724
2010-11-30,36.60611343383789,3284883
2010-12-01,37.41086959838867,3226696
2010-12-02,37.358516693115234,3088417
2010-12-03,37.371604919433594,2197605
2010-12-06,37.672569274902344,2118151
2010-12-07,38.0258674621582,3636875
2010-12-08,38.352996826171875,2070024
2010-12-09,38.13054656982422,2884657
2010-12-10,38.00624084472656,1749252
2010-12-13,37.48937225341797,2356117
2010-12-14,37.31272506713867,2360228
2010-12-15,37.24729919433594,2559925
2010-12-16,37.07719039916992,1913868
2010-12-17,36.933250427246094,6125952
2010-12-20,36.887451171875,2272935
2010-12-21,37.1164436340332,1961871
2010-12-22,37.142616271972656,1329190
2010-12-23,36.97904586791992,887909
2010-12-27,36.55377960205078,1135094
2010-12-28,36.45563507080078,724065
2010-12-29,36.5472297668457,981947
2010-12-30,36.180850982666016,1211095
2011-01-03,35.89950942993164,1862925
2011-01-04,35.52657699584961,2794435
2011-01-05,35.454620361328125,4235469
2011-01-06,36.45563507080078,4217046
2011-01-07,36.311702728271484,2676141
2011-01-10,35.52657699584961,2639403
2011-01-11,35.53966522216797,3679096
2011-01-12,36.60611343383789,3448978
2011-01-13,36.32477951049805,3180837
2011-01-14,36.246273040771484,2839361
2011-01-17,36.180850982666016,1735544
2011-01-18,36.76968002319336,2951818
2011-01-19,36.37712097167969,5317969
2011-01-20,35.598548889160156,3684590
2011-01-21,35.63125991821289,4668774
2011-01-24,35.441532135009766,2560967
2011-01-25,35.65743637084961,2913124
2011-01-26,36.069618225097656,3144810
2011-01-27,35.66397476196289,2820400
2011-01-28,35.04241943359375,3259271
2011-01-31,35.23870849609375,2810828
2011-02-01,35.44807052612305,3934025
2011-02-02,35.55928421020508,3182819
2011-02-03,35.43498611450195,2951124
2011-02-04,35.88642120361328,2553552
2011-02-07,35.65743637084961,2390922
2011-02-08,36.37712097167969,3456080
2011-02-09,36.180850982666016,1906360
2011-02-10,36.44255065917969,2328680
2011-02-11,36.364036560058594,2464761
2011-02-14,36.59303665161133,1992693
2011-02-15,36.638832092285156,1873412
2011-02-16,36.90707778930664,2437424
2011-02-17,37.018306732177734,2183638
2011-02-18,37.41086959838867,3008092
2011-02-21,36.59303665161133,2016619
2011-02-22,36.180850982666016,3125743
2011-02-23,36.049991607666016,2327842
2011-02-24,35.98456954956055,2604071
2011-02-25,35.85371398925781,2475462
2011-02-28,36.75659942626953,3636609
2011-03-01,36.436004638671875,3364927
2011-03-02,36.566864013671875,2580662
2011-03-03,37.37815475463867,3363385
2011-03-04,37.051021575927734,2355679
2011-03-07,36.900535583496094,1830397
2011-03-08,36.75659942626953,2158454
2011-03-09,36.57340621948242,2269171
2011-03-10,36.10887908935547,2774379
2011-03-11,35.74903106689453,2717076
2011-03-14,35.565834045410156,2744077
2011-03-15,34.30310821533203,7351402
2011-03-16,33.47872543334961,4836989
2011-03-17,34.26384735107422,4640811
2011-03-18,34.01522445678711,8211866
2011-03-21,34.826515197753906,3930301
2011-03-22,34.75454330444336,2061039
2011-03-23,34.58443832397461,2815094
2011-03-24,35.07514190673828,2212439
2011-03-25,34.87232208251953,1965887
2011-03-28,34.728370666503906,1444300
2011-03-29,35.52657699584961,3414583
2011-03-30,35.7163200378418,2810337
2011-03-31,35.74903106689453,2514780
2011-04-01,36.76314163208008,3514226
2011-04-04,37.10335922241211,2451201
2011-04-05,35.75557327270508,7480154
2011-04-06,35.834083557128906,2805469
2011-04-07,35.6705207824707,2477901
2011-04-08,35.978023529052734,1894305
2011-04-11,36.2397346496582,2336647
2011-04-12,35.82099914550781,2705924
2011-04-13,36.44255065917969,2565005
2011-04-14,36.2855339050293,1992174
2011-04-15,36.37712097167969,4082635
2011-04-18,35.62471389770508,2692766
2011-04-19,35.343387603759766,2208894
2011-04-20,36.87436294555664,3263029
2011-04-21,37.051021575927734,2209082
2011-04-26,37.371604919433594,1947139
2011-04-27,37.646400451660156,2840495
2011-04-28,38.41188430786133,20927287
2011-04-29,38.83061599731445,19012329
2011-05-02,39.018558502197266,3235193
2011-05-03,39.30046844482422,2851769
2011-05-04,38.52185821533203,4032507
2011-05-05,38.917869567871094,3078061
2011-05-06,39.589107513427734,3425629
2011-05-09,38.750064849853516,3675428
2011-05-10,39.24677658081055,2260504
2011-05-11,39.37430953979492,2826126
2011-05-12,38.85746383666992,2986107
2011-05-13,39.07225799560547,2460655
2011-05-16,39.19979476928711,2654815
2011-05-17,38.26007080078125,2944333
2011-05-18,38.891029357910156,2473761
2011-05-19,38.803768157958984,2573056
2011-05-20,38.233219146728516,12499490
2011-05-23,37.46131134033203,2470075
2011-05-24,37.72979736328125,2082601
2011-05-25,37.42102813720703,3684736
2011-05-26,36.722957611083984,4195111
2011-05-27,37.09885025024414,2331804
2011-05-30,37.468017578125,1341622
2011-05-31,38.22650909423828,3358655
2011-06-01,37.99158477783203,2514686
2011-06-02,37.00487518310547,1661830
2011-06-03,37.20625305175781,2156037
2011-06-06,37.756649017333984,3247900
2011-06-07,37.61568832397461,2020454
2011-06-08,37.13911819458008,2899260
2011-06-09,37.60226821899414,2795181
2011-06-10,37.29349899291992,2710793
2011-06-13,37.40089797973633,1410097
2011-06-14,38.26678466796875,2846062
2011-06-15,37.743228912353516,2441522
2011-06-16,38.48158264160156,3974154
2011-06-17,38.635955810546875,7201387
2011-06-20,38.52185821533203,2236853
2011-06-21,38.716514587402344,2888006
2011-06-22,38.95144271850586,2268944
2011-06-23,36.5148811340332,9802168
2011-06-24,36.300086975097656,4248542
2011-06-27,36.04501724243164,3223408
2011-06-28,36.17255401611328,3070845
2011-06-29,36.77666091918945,3070827
2011-06-30,37.21295166015625,2356815
2011-07-01,37.367332458496094,2110375
2011-07-04,37.87746810913086,2341615
2011-07-05,37.93117141723633,1863377
2011-07-06,38.44130325317383,2527097
2011-07-07,38.85746383666992,2397305
2011-07-08,38.52185821533203,2795558
2011-07-11,37.64925003051758,3348139
2011-07-12,37.37405014038086,3722682
2011-07-13,37.19282150268555,2632966
2011-07-14,36.85049057006836,2193898
2011-07-15,37.25323486328125,4007376
2011-07-18,37.387474060058594,2486584
2011-07-19,37.80363845825195,2417280
2011-07-20,37.54856872558594,2356084
2011-07-21,38.03857421875,2136836
2011-07-22,38.01172637939453,1773056
2011-07-25,38.494998931884766,2226615
2011-07-26,39.13267135620117,3688465
2011-07-27,38.615821838378906,2924492
2011-07-28,38.15938949584961,3942708
2011-07-29,37.5418586730957,3124133
2011-08-01,36.293373107910156,3361356
2011-08-02,35.59529113769531,3635108
2011-08-03,35.01131820678711,5053678
2011-08-04,33.99776077270508,4821324
2011-08-05,32.702293395996094,6960085
2011-08-08,31.363187789916992,6957627
2011-08-09,30.22210693359375,12659365
2011-08-10,28.53059959411621,10882073
2011-08-11,29.812644958496094,8855815
2011-08-12,30.631546020507812,5424577
2011-08-15,31.034292221069336,3489529
2011-08-16,31.037647247314453,3763518
2011-08-17,30.923534393310547,2981796
2011-08-18,29.443471908569336,6100567
2011-08-19,28.872926712036133,6869838
2011-08-22,29.131351470947266,3430941
2011-08-23,29.651561737060547,4143131
2011-08-24,30.269086837768555,3768090
2011-08-25,29.45018768310547,5954782
2011-08-26,29.08101463317871,3907360
2011-08-29,29.842851638793945,2532267
2011-08-30,29.456893920898438,3205220
2011-08-31,30.131486892700195,5244966
2011-09-01,29.82943344116211,3816718
2011-09-02,28.73196792602539,6310568
2011-09-05,27.402931213378906,4405751
2011-09-06,25.338903427124023,18112510
2011-09-07,26.21150016784668,10386768
2011-09-08,26.15781021118164,6017633
2011-09-09,26.17458724975586,10628412
2011-09-12,25.802059173583984,5667124
2011-09-13,25.7584285736084,4985649
2011-09-14,26.00341796875,5397233
2011-09-15,26.151094436645508,5560395
2011-09-16,26.540407180786133,9187148
2011-09-19,25.694656372070312,3491142
2011-09-20,26.208152770996094,3441869
2011-09-21,25.768497467041016,3277733
2011-09-22,24.711307525634766,5261133
2011-09-23,26.459861755371094,10007900
2011-09-26,27.587522506713867,6211493
2011-09-27,28.272178649902344,5301856
2011-09-28,28.064104080200195,3266302
2011-09-29,28.191631317138672,2802764
2011-09-30,27.822458267211914,4489830
2011-10-04,26.506845474243164,3753944
2011-10-05,26.916297912597656,4663056
2011-10-06,27.614376068115234,5098446
2011-10-07,27.449922561645508,4250314
2011-10-10,28.305742263793945,3273815
2011-10-11,29.268957138061523,4600940
2011-10-12,30.107988357543945,4529678
2011-10-13,29.695186614990234,3921304
2011-10-14,30.10127830505371,2986586
2011-10-17,29.534088134765625,2885514
2011-10-18,29.812644958496094,2250921
2011-10-19,29.591148376464844,2360618
2011-10-20,28.956838607788086,3834890
2011-10-21,30.037517547607422,4694797
2011-10-24,30.114707946777344,2775624
2011-10-25,29.946895599365234,3104437
2011-10-26,30.07778549194336,3167321
2011-10-27,32.22236251831055,6491614
2011-10-28,32.104896545410156,4051727
2011-10-31,31.074565887451172,4123136
2011-11-01,29.117929458618164,5679786
2011-11-02,30.42011260986328,3908497
2011-11-03,31.299421310424805,6015441
2011-11-04,30.134841918945312,3891974
2011-11-07,30.893327713012695,5707422
2011-11-08,31.245725631713867,3147231
2011-11-09,30.712100982666016,3849520
2011-11-10,31.168533325195312,3153872
2011-11-11,32.279415130615234,4047876
2011-11-14,31.56455421447754,3336427
2011-11-15,31.708871841430664,3297583
2011-11-16,31.799488067626953,2976407
2011-11-17,31.400104522705078,2600236
2011-11-18,30.973875045776367,3428575
2011-11-21,29.799224853515625,3783274
2011-11-22,29.520666122436523,2238862
2011-11-23,29.134716033935547,3141063
2011-11-24,28.75882339477539,2672559
2011-11-25,29.19512176513672,2303081
2011-11-28,30.604700088500977,3556017
2011-11-29,30.735593795776367,2431071
2011-11-30,32.72914123535156,6240556
2011-12-01,31.779348373413086,4454150
2011-12-02,31.745790481567383,2874517
2011-12-05,31.980722427368164,2602252
2011-12-06,31.574626922607422,4098349
2011-12-07,31.665241241455078,2746235
2011-12-08,31.192026138305664,3759950
2011-12-09,31.799488067626953,3265412
2011-12-12,30.755735397338867,2950282
2011-12-13,30.69532012939453,2755244
2011-12-14,30.071075439453125,3313998
2011-12-15,30.198612213134766,4325463
2011-12-16,30.235523223876953,9087956
2011-12-19,30.037517547607422,2364539
2011-12-20,31.54106330871582,3517217
2011-12-21,31.57798194885254,3279371
2011-12-22,32.168663024902344,2871357
2011-12-23,32.30962371826172,1243074
2011-12-27,32.40024185180664,860259
2011-12-28,31.7894229888916,1529007
2011-12-29,32.70899963378906,2119104
2011-12-30,33.158729553222656,1277431
2012-01-02,34.10517120361328,2647035
2012-01-03,34.648860931396484,3086516
2012-01-04,34.56830978393555,2417374
2012-01-05,35.08515548706055,3074901
2012-01-06,34.749542236328125,2435772
2012-01-09,34.40049743652344,1933234
2012-01-10,36.17255401611328,3871768
2012-01-11,35.57515335083008,2726382
2012-01-12,36.15913391113281,2939194
2012-01-13,35.4543342590332,3474112
2012-01-16,36.179256439208984,1931674
2012-01-17,36.823646545410156,2722335
2012-01-18,36.830352783203125,3401657
2012-01-19,36.3806266784668,4055299
2012-01-20,35.924198150634766,4305648
2012-01-23,35.74296569824219,2766024
2012-01-24,35.74967956542969,2338366
2012-01-25,35.346946716308594,2529493
2012-01-26,36.192691802978516,3477932
2012-01-27,35.8436393737793,2903125
2012-01-30,35.59529113769531,1943527
2012-01-31,35.937618255615234,2529468
2012-02-01,36.5148811340332,2948654
2012-02-02,36.45446014404297,2967299
2012-02-03,36.97802734375,2353493
2012-02-06,37.085418701171875,1463706
2012-02-07,36.937747955322266,1934949
2012-02-08,36.54172897338867,1686563
2012-02-09,37.07870864868164,2855002
2012-02-10,36.3806266784668,2387573
2012-02-13,36.91761779785156,1630678
2012-02-14,36.91761779785156,1484988
2012-02-15,37.29349899291992,1829784
2012-02-16,37.33378219604492,2408663
2012-02-17,37.70295333862305,2963212
2012-02-20,38.46814727783203,2041715
2012-02-21,38.018428802490234,2530748
2012-02-22,37.635826110839844,2330429
2012-02-23,37.60226821899414,3676862
2012-02-24,37.521724700927734,2190630
2012-02-27,37.52843475341797,1962128
2012-02-28,37.4814453125,3171512
2012-02-29,37.25323486328125,2581338
2012-03-01,37.998291015625,3102901
2012-03-02,37.353912353515625,2638895
2012-03-05,37.06528854370117,2514256
2012-03-06,35.57515335083008,3262124
2012-03-07,35.79665756225586,2041244
2012-03-08,36.70281982421875,3695250
2012-03-09,36.716243743896484,2397701
2012-03-12,36.89747619628906,1583248
2012-03-13,37.340484619140625,2416143
2012-03-14,37.092132568359375,3160857
2012-03-15,37.0250129699707,3601770
2012-03-16,36.4813117980957,9014464
2012-03-19,36.179256439208984,2123487
2012-03-20,36.24638366699219,2217382
2012-03-21,36.77666091918945,2291961
2012-03-22,35.9778938293457,3300111
2012-03-23,35.8704948425293,2012033
2012-03-26,36.13227844238281,2390161
2012-03-27,36.078575134277344,1938434
2012-03-28,35.49460983276367,2291385
2012-03-29,35.065025329589844,3079773
2012-03-30,35.400634765625,2429258
2012-04-02,36.13898849487305,2763730
2012-04-03,36.19939422607422,2674341
2012-04-04,35.15228271484375,2989276
2012-04-05,34.90392303466797,3093380
2012-04-10,34.02461624145508,3608410
2012-04-11,34.360225677490234,2490349
2012-04-12,34.762962341308594,2821771
2012-04-13,33.89707946777344,3178125
2012-04-16,34.192420959472656,2109095
2012-04-17,35.47447204589844,2901228
2012-04-18,35.25967788696289,2041938
2012-04-19,35.17242431640625,3680056
2012-04-20,36.065155029296875,3561917
2012-04-23,34.481056213378906,3542530
2012-04-24,34.9643440246582,2531705
2012-04-25,35.71610641479492,3446164
2012-04-26,36.24638366699219,4274929
2012-04-27,37.36062240600586,5088167
2012-04-30,36.8072395324707,2844649
2012-05-02,36.79340362548828,3006335
2012-05-03,36.9317512512207,2910632
2012-05-04,35.97023010253906,2560485
2012-05-07,36.094749450683594,2027544
2012-05-08,35.506778717041016,2445176
2012-05-09,36.357608795166016,3558307
2012-05-10,36.30918884277344,3321113
2012-05-11,36.69655990600586,2035163
2012-05-14,35.63128662109375,2862480
2012-05-15,35.403018951416016,2106475
2012-05-16,35.47909927368164,2908333
2012-05-17,35.278499603271484,1405821
2012-05-18,35.050228118896484,4056024
2012-05-21,35.81114196777344,3273421
2012-05-22,36.01173782348633,3127668
2012-05-23,35.167823791503906,3198049
2012-05-24,34.898040771484375,3585385
2012-05-25,35.20932388305664,2233840
2012-05-28,35.278499603271484,1308812
2012-05-29,35.85264205932617,2239906
2012-05-30,35.354591369628906,2804669
2012-05-31,35.375343322753906,3523819
2012-06-01,33.76706314086914,4581466
2012-06-04,33.50074005126953,2396084
2012-06-05,33.17908477783203,2129778
2012-06-06,33.64255142211914,3046165
2012-06-07,34.406917572021484,3652841
2012-06-08,34.21669006347656,2228403
2012-06-11,34.628265380859375,3920606
2012-06-12,35.153987884521484,3248573
2012-06-13,35.58978271484375,3481521
2012-06-14,36.08091735839844,3550489
2012-06-15,37.01475524902344,8764973
2012-06-18,36.883323669433594,3067871
2012-06-19,37.900184631347656,2430637
2012-06-20,37.44363021850586,1930544
2012-06-21,37.49205017089844,2991703
2012-06-22,36.57204055786133,3211677
2012-06-25,36.6412239074707,3470603
2012-06-26,36.87641525268555,2303140
2012-06-27,38.03160858154297,3129804
2012-06-28,37.36754608154297,2861600
2012-06-29,39.27672576904297,4518286
2012-07-02,39.76095199584961,2658659
2012-07-03,40.32817077636719,2629131
2012-07-04,40.38351821899414,2223493
2012-07-05,40.01689147949219,3313688
2012-07-06,39.498085021972656,2695790
2012-07-09,39.505008697509766,2514225
2012-07-10,39.7125244140625,2037822
2012-07-11,39.71944046020508,1510095
2012-07-12,39.401241302490234,3073900
2012-07-13,40.32817077636719,2328757
2012-07-16,39.82319641113281,2334465
2012-07-17,40.238243103027344,2148501
2012-07-18,40.853885650634766,1866875
2012-07-19,41.3519401550293,3487991
2012-07-20,40.49418258666992,4580617
2012-07-23,39.38740539550781,3294953
2012-07-24,39.124549865722656,2238522
2012-07-25,39.46350860595703,2203222
2012-07-26,41.30351638793945,4534555
2012-07-27,42.188941955566406,3299949
2012-07-30,42.29961395263672,2495779
2012-07-31,42.825340270996094,4576747
2012-08-01,43.06744384765625,2501025
2012-08-02,41.91916275024414,3754455
2012-08-03,43.57932662963867,3231238
2012-08-06,43.143531799316406,2501930
2012-08-07,43.60007858276367,2230402
2012-08-08,43.66233444213867,1959837
2012-08-09,43.57932662963867,2895278
2012-08-10,43.337223052978516,1670253
2012-08-13,43.0536003112793,1335434
2012-08-14,43.94594955444336,1876737
2012-08-15,43.696922302246094,1569550
2012-08-16,43.71767044067383,2479097
2012-08-17,43.3233757019043,3343006
2012-08-20,43.406394958496094,1771414
2012-08-21,43.3026237487793,2012083
2012-08-22,42.49330139160156,2341952
2012-08-23,41.988338470458984,2390979
2012-08-24,42.51405715942383,1795663
2012-08-27,43.04668426513672,1456222
2012-08-28,42.63165283203125,1554466
2012-08-29,42.92217254638672,1664152
2012-08-30,42.32728958129883,2511617
2012-08-31,42.65931701660156,2522023
2012-09-03,43.42714309692383,2152867
2012-09-04,43.06744384765625,1794959
2012-09-05,43.51706314086914,2001615
2012-09-06,45.32941436767578,4573568
2012-09-07,45.11497497558594,3022606
2012-09-10,44.55466842651367,2594873
2012-09-11,45.28791046142578,2079697
2012-09-12,45.481590270996094,2958544
2012-09-13,45.225650787353516,2258755
2012-09-14,44.893619537353516,3381752
2012-09-17,45.357093811035156,2713380
2012-09-18,45.03197479248047,2787459
2012-09-19,45.26023864746094,2461248
2012-09-20,45.585357666015625,3497480
2012-09-21,46.692134857177734,10107961
2012-09-24,46.83049011230469,2474776
2012-09-25,47.280113220214844,2006721
2012-09-26,46.692134857177734,2997134
2012-09-27,47.314701080322266,2687343
2012-09-28,46.228675842285156,2976375
2012-10-01,47.40462112426758,2845173
2012-10-02,46.622962951660156,2095846
2012-10-04,46.539955139160156,2313955
2012-10-05,47.73665237426758,2148590
2012-10-08,47.19709777832031,1579707
2012-10-09,46.92732620239258,1584108
2012-10-10,46.86506652832031,1842526
2012-10-11,47.43230056762695,2898068
2012-10-12,47.01724624633789,1659402
2012-10-15,47.22476577758789,1471831
2012-10-16,48.670494079589844,2602555
2012-10-17,48.158607482910156,2515858
2012-10-18,48.068687438964844,2475850
2012-10-19,47.771244049072266,4326764
2012-10-22,47.376949310302734,1474417
2012-10-23,45.564605712890625,3108631
2012-10-24,45.8205451965332,2287388
2012-10-25,46.13182067871094,2166186
2012-10-26,46.45002746582031,1663686
2012-10-29,46.000404357910156,1089215
2012-10-30,46.795894622802734,1626156
2012-10-31,46.47769546508789,2893785
2012-11-01,46.692134857177734,1406154
2012-11-02,46.64371871948242,1565344
2012-11-05,46.775146484375,1693183
2012-11-06,47.169429779052734,1479813
2012-11-07,45.834381103515625,2731516
2012-11-08,45.903560638427734,2443618
2012-11-09,45.46084976196289,2340630
2012-11-12,45.75136947631836,1221580
2012-11-13,46.111080169677734,1892405
2012-11-14,45.99348831176758,1964322
2012-11-15,45.26023864746094,2564605
2012-11-16,45.18415451049805,3526175
2012-11-19,45.93122100830078,2041840
2012-11-20,46.51921081542969,1700333
2012-11-21,46.86506652832031,1816465
2012-11-22,47.480716705322266,1783951
2012-11-23,48.24162292480469,1466835
2012-11-26,47.937255859375,1124481
2012-11-27,47.964927673339844,1680102
2012-11-28,48.456058502197266,1788661
2012-11-29,48.44914627075195,2250463
2012-11-30,48.110191345214844,1654206
2012-12-03,48.497562408447266,1959362
2012-12-04,48.62898635864258,1386159
2012-12-05,48.52523422241211,1865577
2012-12-06,50.17848205566406,4257390
2012-12-07,49.73576354980469,2298417
2012-12-10,49.94329833984375,1501639
2012-12-11,50.08855438232422,2027130
2012-12-12,49.977882385253906,2275095
2012-12-13,50.10930252075195,2056198
2012-12-14,50.11623001098633,1720655
2012-12-17,49.9917106628418,1500129
2012-12-18,50.143898010253906,1857904
2012-12-19,49.410648345947266,2786501
2012-12-20,50.081634521484375,2187205
2012-12-21,50.46208953857422,5519096
2012-12-27,50.08855438232422,1422556
2012-12-28,49.72885513305664,987182
2013-01-02,49.7841911315918,3563174
2013-01-03,49.77727508544922,1409997
2013-01-04,50.35833740234375,1582376
2013-01-07,49.542083740234375,1852421
2013-01-08,49.74959945678711,1496536
2013-01-09,50.026302337646484,1581233
2013-01-10,49.81186294555664,1428236
2013-01-11,50.40675354003906,1392679
2013-01-14,50.33066177368164,1444824
2013-01-15,49.90870666503906,1583543
2013-01-16,50.27531433105469,1285214
2013-01-17,50.44825744628906,1728479
2013-01-18,50.15081024169922,2742264
2013-01-21,50.39291000366211,853842
2013-01-22,50.5105094909668,1949318
2013-01-23,50.413673400878906,1917282
2013-01-24,50.09547805786133,1612073
2013-01-25,52.516536712646484,4092420
2013-01-28,52.350528717041016,1949916
2013-01-29,50.89097213745117,3183886
2013-01-30,50.807960510253906,1912604
2013-01-31,50.27531433105469,2040740
2013-02-01,50.496673583984375,2663663
2013-02-04,49.75651931762695,2747325
2013-02-05,49.59741973876953,2360325
2013-02-06,48.49064636230469,3339548
2013-02-07,48.98869705200195,2857812
2013-02-08,49.08553695678711,1781485
2013-02-11,48.5390739440918,1542005
2013-02-12,49.02328109741211,1456144
2013-02-13,49.15470886230469,1711644
2013-02-14,48.172447204589844,2105815
2013-02-15,47.73665237426758,3261925
2013-02-18,47.930328369140625,1231504
2013-02-19,49.6596794128418,2916610
2013-02-20,50.2407341003418,2242279
2013-02-21,49.3068962097168,2809373
2013-02-22,50.496673583984375,2039372
2013-02-25,51.015480041503906,2966109
2013-02-26,50.33757400512695,3909562
2013-02-27,51.09156799316406,2330329
2013-02-28,52.475040435791016,4074102
2013-03-01,52.1360969543457,2272294
2013-03-04,52.27444076538086,1815254
2013-03-05,53.94844055175781,3465291
2013-03-06,54.11445617675781,2472467
2013-03-07,54.121376037597656,1570234
2013-03-08,54.3773078918457,2155544
2013-03-11,53.747833251953125,1549239
2013-03-12,53.28437805175781,1867564
2013-03-13,53.4019660949707,1384878
2013-03-14,54.47414779663086,2017470
2013-03-15,54.3358039855957,6128553
2013-03-18,54.107540130615234,1839362
2013-03-19,54.121376037597656,2170925
2013-03-20,55.58784866333008,2497348
2013-03-21,54.74393081665039,2542476
2013-03-22,54.1905517578125,2193130
2013-03-25,54.71625900268555,2806124
2013-03-26,55.0828857421875,1914689
2013-03-27,54.7923583984375,2263425
2013-03-28,55.6639404296875,2505700
2013-04-02,56.92289733886719,1880498
2013-04-03,56.93674087524414,2235811
2013-04-04,56.44559097290039,2069953
2013-04-05,54.695518493652344,2528839
2013-04-08,56.092811584472656,2103755
2013-04-09,55.560184478759766,2315266
2013-04-10,56.10664749145508,2417498
2013-04-11,56.73612976074219,1685799
2013-04-12,55.560184478759766,1892730
2013-04-15,56.438690185546875,2168518
2013-04-16,56.06515121459961,1820521
2013-04-17,53.66482925415039,3467096
2013-04-18,54.5018310546875,2271127
2013-04-19,54.17671203613281,3708214
2013-04-22,53.86543273925781,1768906
2013-04-23,54.99296188354492,2324552
2013-04-24,55.7677001953125,2607137
2013-04-25,55.823055267333984,2860221
2013-04-26,56.141239166259766,3970996
2013-04-29,56.36081314086914,2528912
2013-04-30,56.1129035949707,2104639
2013-05-02,56.750396728515625,2537067
2013-05-03,57.87661361694336,3121516
2013-05-06,57.451622009277344,1120144
2013-05-07,57.97578430175781,1569213
2013-05-08,59.002838134765625,2249511
2013-05-09,58.9532585144043,1061252
2013-05-10,59.151588439941406,1932055
2013-05-13,59.321590423583984,1479875
2013-05-14,59.86699295043945,1486257
2013-05-15,60.22822189331055,1852458
2013-05-16,60.06531524658203,1744114
2013-05-17,59.34992599487305,4574650
2013-05-20,59.58366394042969,1018876
2013-05-21,59.959068298339844,1600703
2013-05-22,60.561134338378906,2270287
2013-05-23,59.43490982055664,2128998
2013-05-24,59.824493408203125,2311566
2013-05-27,60.02281951904297,821226
2013-05-28,61.34029769897461,2856635
2013-05-29,59.413673400878906,2371071
2013-05-30,59.264915466308594,1531172
2013-05-31,58.712432861328125,2119193
2013-06-03,57.60037612915039,2305709
2013-06-04,58.082035064697266,1878626
2013-06-05,57.47287368774414,2089768
2013-06-06,57.076210021972656,1621727
2013-06-07,58.98158645629883,3364176
2013-06-10,59.548248291015625,1472960
2013-06-11,58.691184997558594,2246700
2013-06-12,58.73368835449219,1976101
2013-06-13,58.0678596496582,2027639
2013-06-14,57.91910934448242,1611929
2013-06-17,59.13743209838867,1857749
2013-06-18,59.37117004394531,1508117
2013-06-19,59.633243560791016,1475366
2013-06-20,57.076210021972656,3709815
2013-06-21,56.3891487121582,6755443
2013-06-24,55.33375930786133,3995499
2013-06-25,55.978328704833984,2833728
2013-06-26,57.8128662109375,3433767
2013-06-27,58.216609954833984,2436174
2013-06-28,58.032440185546875,2544816
2013-07-01,58.34409713745117,1723582
2013-07-02,57.87661361694336,1504331
2013-07-03,57.29579544067383,2162404
2013-07-04,58.48577117919922,2535962
2013-07-05,56.7078971862793,2399919
2013-07-08,58.37952423095703,2016935
2013-07-09,59.12324905395508,1906761
2013-07-10,59.016998291015625,1541745
2013-07-11,59.38532638549805,1679899
2013-07-12,59.93074035644531,1848428
2013-07-15,59.97323989868164,1054611
2013-07-16,59.286163330078125,1245664
2013-07-17,59.60491943359375,1576568
2013-07-18,60.561134338378906,1683587
2013-07-19,60.19281005859375,3405284
2013-07-22,60.12199020385742,997842
2013-07-23,59.83864974975586,974424
2013-07-24,59.689903259277344,2047792
2013-07-25,59.65449523925781,2156898
2013-07-26,59.321590423583984,1443358
2013-07-29,59.49158477783203,995401
2013-07-30,59.7465705871582,1752252
2013-07-31,61.87153625488281,3689129
2013-08-01,63.34482955932617,2731650
2013-08-02,63.48649215698242,1586061
2013-08-05,63.465248107910156,1270771
2013-08-06,62.79233932495117,2477214
2013-08-07,61.80778121948242,2084662
2013-08-08,61.76526641845703,1672055
2013-08-09,61.595279693603516,1456706
2013-08-12,61.49612045288086,1192861
2013-08-13,61.375709533691406,1632871
2013-08-14,61.623626708984375,997643
2013-08-15,61.38278579711914,1333720
2013-08-16,61.35445785522461,1802874
2013-08-19,61.80069351196289,1283024
2013-08-20,61.984859466552734,2220797
2013-08-21,61.75111389160156,973962
2013-08-22,62.622344970703125,1629892
2013-08-23,62.438175201416016,1264159
2013-08-26,62.693180084228516,470851
2013-08-27,61.170284271240234,2573772
2013-08-28,60.23531723022461,1927776
2013-08-29,60.546974182128906,1192816
2013-08-30,59.52699279785156,2025647
2013-09-02,60.660308837890625,1378614
2013-09-03,60.07948303222656,1707942
2013-09-04,60.15031814575195,1309633
2013-09-05,59.633243560791016,1918913
2013-09-06,59.11618423461914,2462837
2013-09-09,58.089107513427734,2121838
2013-09-10,59.14450454711914,2718329
2013-09-11,59.72532653808594,1677441
2013-09-12,59.102020263671875,1637915
2013-09-13,59.272003173828125,1880209
2013-09-16,60.327388763427734,2047121
2013-09-17,60.086578369140625,1910750
2013-09-18,60.3628044128418,1424200
2013-09-19,61.34736633300781,2349829
2013-09-20,62.10527038574219,6639423
2013-09-23,61.085289001464844,2219278
2013-09-24,61.248199462890625,1378963
2013-09-25,61.29779052734375,1556140
2013-09-26,61.53153610229492,1503422
2013-09-27,61.9706916809082,1634076
2013-09-30,61.7369499206543,1820340
2013-10-01,62.140689849853516,1839684
2013-10-02,61.25530242919922,1551913
2013-10-04,60.98612976074219,1576938
2013-10-07,60.107810974121094,1870450
2013-10-08,59.72532653808594,1770023
2013-10-09,59.57658767700195,1825587
2013-10-10,60.660308837890625,1724079
2013-10-11,61.793617248535156,1673941
2013-10-14,61.60237121582031,1430579
2013-10-15,62.43110656738281,2075280
2013-10-16,63.37316131591797,1766116
2013-10-17,63.33066177368164,1367879
2013-10-18,64.09564208984375,5463891
2013-10-21,63.252742767333984,1871550
2013-10-22,64.02481079101562,2593809
2013-10-23,64.61270904541016,1917087
2013-10-24,64.18772888183594,1643234
2013-10-25,64.59854888916016,1557936
2013-10-28,64.73312377929688,1047925
2013-10-29,65.37769317626953,1843346
2013-10-30,65.53352355957031,1668833
2013-10-31,64.83938598632812,3167868
2013-11-01,64.5631332397461,1095995
2013-11-04,65.56185150146484,1534853
2013-11-05,65.66810607910156,1952306
2013-11-06,66.4897689819336,1942528
2013-11-07,66.14976501464844,2065746
2013-11-08,66.44019317626953,1836360
2013-11-11,66.29851531982422,1191847
2013-11-12,66.20642852783203,1516937
2013-11-13,65.89476776123047,1634770
2013-11-14,67.3255844116211,1944614
2013-11-15,67.21223449707031,2714695
2013-11-18,66.9997329711914,1682750
2013-11-19,66.75182342529297,1345032
2013-11-20,67.2476577758789,1331187
2013-11-21,67.98429870605469,1889314
2013-11-22,67.94889068603516,1615576
2013-11-25,68.04096984863281,1359186
2013-11-26,67.84971618652344,1864116
2013-11-27,68.51554107666016,1095762
2013-11-28,68.82721710205078,1047713
2013-11-29,69.55677795410156,1718083
2013-12-02,69.8046875,1484909
2013-12-03,68.82013702392578,2422080
2013-12-04,67.8213882446289,2337824
2013-12-05,67.5168228149414,1880022
2013-12-06,68.00554656982422,1812498
2013-12-09,68.692626953125,1742476
2013-12-10,67.8284683227539,1601204
2013-12-11,67.86389923095703,1612922
2013-12-12,67.77890014648438,1731345
2013-12-13,67.59474182128906,1597682
2013-12-16,68.67845153808594,1956354
2013-12-17,68.11181640625,1598214
2013-12-18,69.63468170166016,2052392
2013-12-19,70.4067611694336,2479186
2013-12-20,70.44925689697266,8021614
2013-12-23,71.89421844482422,1531135
2013-12-27,72.99210357666016,1399587
2013-12-30,72.21295928955078,958861
2014-01-02,70.86715698242188,2106712
2014-01-03,71.39839935302734,1140994
2014-01-06,71.07965087890625,1150888
2014-01-07,71.8233871459961,1351312
2014-01-08,70.90258026123047,1591486
2014-01-09,69.99593353271484,1764361
2014-01-10,70.23674774169922,1564410
2014-01-13,69.57093811035156,1883084
2014-01-14,69.4930191040039,2058527
2014-01-15,72.03589630126953,2420231
2014-01-16,71.71712493896484,1446887
2014-01-17,71.75255584716797,3189922
2014-01-20,72.28380584716797,1057988
2014-01-21,73.02752685546875,1871981
2014-01-22,73.70042419433594,1590548
2014-01-23,72.74419403076172,1687172
2014-01-24,70.20842742919922,2749211
2014-01-27,69.43635559082031,2641859
2014-01-28,69.45759582519531,2221589
2014-01-29,69.41510772705078,2924921
2014-01-30,69.72676849365234,1830264
2014-01-31,69.33718872070312,2639508
2014-02-03,68.86262512207031,2252933
2014-02-04,67.97015380859375,2116759
2014-02-05,67.17682647705078,3105295
2014-02-06,67.47433471679688,3350859
2014-02-07,67.61597442626953,2402804
2014-02-10,67.60889434814453,1537212
2014-02-11,70.12342071533203,2751886
2014-02-12,70.19426727294922,2247902
2014-02-13,70.82466888427734,1830598
2014-02-14,71.61088562011719,1729009
2014-02-17,71.50464630126953,752453
2014-02-18,71.75255584716797,1240617
2014-02-19,72.17754364013672,1126343
2014-02-20,71.68171691894531,1510362
2014-02-21,71.8233871459961,1291800
2014-02-24,72.3900375366211,1100952
2014-02-25,71.75255584716797,1674835
2014-02-26,71.07965087890625,1548017
2014-02-27,70.72549438476562,1855643
2014-02-28,72.8858642578125,3566057
2014-03-03,69.48593139648438,3116313
2014-03-04,71.71712493896484,2510362
2014-03-05,70.82466888427734,1765195
2014-03-06,70.54133605957031,1394469
2014-03-07,68.50137329101562,2809286
2014-03-10,68.31013488769531,2087093
2014-03-11,67.73638153076172,2127922
2014-03-12,67.60889434814453,2590058
2014-03-13,65.9585189819336,2473007
2014-03-14,67.3255844116211,4163302
2014-03-17,67.67971801757812,2039126
2014-03-18,67.67971801757812,0
2014-03-19,67.94181060791016,1839061
2014-03-20,68.22513580322266,2340449
2014-03-21,69.48593139648438,7483814
2014-03-24,67.18391418457031,2628466
2014-03-25,68.71388244628906,1850432
2014-03-26,69.16719818115234,1619993
2014-03-27,68.85554504394531,1284659
2014-03-28,70.3359375,1745933
2014-03-31,69.54261016845703,1679870
2014-04-01,69.13179779052734,1527975
2014-04-02,69.11760711669922,1085048
2014-04-03,69.74092864990234,1745416
2014-04-04,70.12342071533203,1343665
2014-04-07,68.36679077148438,1959194
2014-04-08,67.83555603027344,1745218
2014-04-09,67.65847778320312,1385425
2014-04-10,67.02098083496094,1474844
2014-04-11,65.73895263671875,2576874
2014-04-14,66.31977081298828,1734420
2014-04-15,64.81813049316406,2433057
2014-04-16,65.82394409179688,2078390
2014-04-17,66.29143524169922,1738613
2014-04-22,68.9334487915039,2522725
2014-04-23,68.58638763427734,1799066
2014-04-24,68.71388244628906,2056606
2014-04-25,67.83555603027344,1723979
2014-04-28,70.08800506591797,3270173
2014-04-29,71.89421844482422,2981841
2014-04-30,72.32818603515625,2570872
2014-05-02,72.32818603515625,2059688
2014-05-05,72.32818603515625,1638265
2014-05-06,71.65553283691406,2219731
2014-05-07,71.71339416503906,2142401
2014-05-08,72.90682220458984,1903596
2014-05-09,72.47284698486328,1394423
2014-05-12,74.13638305664062,1706315
2014-05-13,74.17255401611328,1700368
2014-05-14,74.85967254638672,1209416
2014-05-15,74.75117492675781,2160532
2014-05-16,74.85967254638672,2328787
2014-05-19,74.7873306274414,1521669
2014-05-20,74.24488067626953,797425
2014-05-21,74.75117492675781,1077828
2014-05-22,74.38954162597656,913269
2014-05-23,74.71501159667969,935894
2014-05-26,76.0892562866211,997841
2014-05-27,76.52322387695312,1754844
2014-05-28,75.7637710571289,1700297
2014-05-29,75.98077392578125,907546
2014-05-30,76.74019622802734,1566828
2014-06-02,77.10185241699219,1189433
2014-06-03,76.23391723632812,1651002
2014-06-04,76.34239959716797,1366343
2014-06-05,75.69145202636719,2493190
2014-06-06,76.0892562866211,1627476
2014-06-09,75.9446029663086,1016098
2014-06-10,76.92103576660156,1541912
2014-06-11,75.87226104736328,1688647
2014-06-12,75.32981872558594,1593262
2014-06-13,74.93199920654297,1663735
2014-06-16,74.38954162597656,1240288
2014-06-17,74.60652160644531,1194782
2014-06-18,74.3533706665039,1408046
2014-06-19,74.82351684570312,1850893
2014-06-20,75.04049682617188,5304985
2014-06-23,74.6788558959961,1190450
2014-06-24,75.65528106689453,1476292
2014-06-25,75.43829345703125,1667483
2014-06-26,74.42571258544922,1620904
2014-06-27,74.06407165527344,1251463
2014-06-30,74.60652160644531,1546146
2014-07-01,76.27008056640625,1688989
2014-07-02,75.58296966552734,1327517
2014-07-03,76.66787719726562,1451862
2014-07-04,76.01692962646484,1087765
2014-07-07,74.96817016601562,1260458
2014-07-08,74.13638305664062,1390939
2014-07-09,74.60652160644531,1039917
2014-07-10,72.90682220458984,1746655
2014-07-11,73.15997314453125,1428676
2014-07-14,73.73859405517578,1158953
2014-07-15,72.94297790527344,1239424
2014-07-16,73.84708404541016,1354880
2014-07-17,72.68982696533203,1455136
2014-07-18,72.94297790527344,3189901
2014-07-21,71.74957275390625,1547898
2014-07-22,72.24861907958984,1839594
2014-07-23,72.61750030517578,1300152
2014-07-24,73.01530456542969,1359546
2014-07-25,71.3951416015625,1661548
2014-07-28,71.8146743774414,1476517
2014-07-29,71.95207977294922,1692126
2014-07-30,73.05147552490234,2554044
2014-07-31,71.54703521728516,2558999
2014-08-01,69.23978424072266,3171158
2014-08-04,68.51649475097656,2487441
2014-08-05,69.99922180175781,2446209
2014-08-06,69.84733581542969,2053968
2014-08-07,69.38443756103516,2109939
2014-08-08,68.79856872558594,2370581
2014-08-11,70.14387512207031,1981000
2014-08-12,69.16744232177734,1924204
2014-08-13,70.29576110839844,1319493
2014-08-14,70.65740966796875,1539878
2014-08-15,69.0083236694336,2551574
2014-08-18,70.51274108886719,1707342
2014-08-19,71.8218994140625,1857110
2014-08-20,71.57598876953125,1578715
2014-08-21,72.36434936523438,1421709
2014-08-22,71.62659454345703,1604586
2014-08-25,73.34077453613281,1284448
2014-08-26,74.38954162597656,1402801
2014-08-27,73.5216064453125,1309887
2014-08-28,73.15997314453125,1346430
2014-08-29,73.81092834472656,1747422
2014-09-01,74.24488067626953,840054
2014-09-02,74.20870971679688,1145950
2014-09-03,75.43829345703125,2020612
2014-09-04,76.41473388671875,2430783
2014-09-05,76.3785629272461,1567540
2014-09-08,76.3785629272461,1120249
2014-09-09,76.19774627685547,1212465
2014-09-10,76.41473388671875,1238376
2014-09-11,76.95719146728516,1574588
2014-09-12,76.7763671875,1156343
2014-09-15,77.10185241699219,1559113
2014-09-16,76.70403289794922,1531240
2014-09-17,76.7763671875,1726551
2014-09-18,81.51387023925781,4828105
2014-09-19,81.18838500976562,8394796
2014-09-22,81.51387023925781,1992174
2014-09-23,80.28429412841797,2154019
2014-09-24,81.26072692871094,1874416
2014-09-25,79.7056655883789,2169661
2014-09-26,79.59717559814453,1987394
2014-09-29,78.83773040771484,1616249
2014-09-30,80.21195983886719,2196343
2014-10-01,79.81415557861328,1672768
2014-10-02,77.93362426757812,2736559
2014-10-06,78.22293853759766,2292358
2014-10-07,76.3785629272461,2664310
2014-10-08,75.79994201660156,2433777
2014-10-09,76.19774627685547,2269113
2014-10-10,74.31722259521484,3061485
2014-10-13,74.49803161621094,2371455
2014-10-14,74.31722259521484,2393315
2014-10-15,71.51810455322266,3538895
2014-10-16,73.34077453613281,5978156
2014-10-17,75.83612060546875,5595516
2014-10-20,74.13638305664062,2177933
2014-10-21,75.365966796875,2361383
2014-10-22,76.12541198730469,1773438
2014-10-23,77.31884002685547,1865563
2014-10-24,76.48705291748047,1669513
2014-10-27,75.9446029663086,1617234
2014-10-28,77.71663665771484,1711444
2014-10-29,77.42732238769531,1812635
2014-10-30,79.52484130859375,3047643
2014-10-31,82.05632019042969,3356022
2014-11-03,81.22455596923828,1603928
2014-11-04,80.68207550048828,2145693
2014-11-05,82.30948638916016,1942808
2014-11-06,82.81578063964844,2770736
2014-11-07,80.89907836914062,2442939
2014-11-10,81.18838500976562,1698896
2014-11-11,81.04373931884766,1536954
2014-11-12,79.19937133789062,1966489
2014-11-13,80.03113555908203,1606902
2014-11-14,79.48867797851562,1372768
2014-11-17,80.24811553955078,1585712
2014-11-18,81.98399353027344,1710345
2014-11-19,82.38180541992188,1709668
2014-11-20,82.52648162841797,1553057
2014-11-21,85.3472671508789,4732229
2014-11-24,84.94944763183594,2457510
2014-11-25,85.20259857177734,2068937
2014-11-26,85.27494049072266,1795382
2014-11-27,87.04698181152344,1601148
2014-11-28,87.48095703125,1977967
2014-12-01,87.08313751220703,1399160
2014-12-02,85.85355377197266,2098981
2014-12-03,86.07054138183594,1934404
2014-12-04,84.58780670166016,2623703
2014-12-05,87.48095703125,2195089
2014-12-08,86.21519470214844,1706166
2014-12-09,82.88811492919922,3518860
2014-12-10,83.64755249023438,2381198
2014-12-11,83.75605773925781,3230863
2014-12-12,81.58619689941406,2643841
2014-12-15,78.9100570678711,3000977
2014-12-16,81.22455596923828,4739928
2014-12-17,81.07990264892578,2595096
2014-12-18,83.17741394042969,3590002
2014-12-19,82.4541244506836,5364962
2014-12-22,83.46673583984375,1871407
2014-12-23,83.32208251953125,1472521
2014-12-29,83.21357727050781,1136792
2014-12-30,81.73086547851562,942808
2015-01-02,81.73086547851562,1904565
2015-01-05,78.98238372802734,3012913
2015-01-06,79.88648223876953,2576816
2015-01-07,79.88648223876953,1939935
2015-01-08,84.22616577148438,3105598
2015-01-09,81.83934020996094,2678631
2015-01-12,83.39440155029297,1826130
2015-01-13,85.63658142089844,2622133
2015-01-14,84.5154800415039,2712170
2015-01-15,87.15546417236328,3980026
2015-01-16,89.46997833251953,3644341
2015-01-19,89.68694305419922,2033369
2015-01-20,89.54230499267578,2240577
2015-01-21,89.10833740234375,2615852
2015-01-22,89.03599548339844,3292367
2015-01-23,92.65240478515625,4161330
2015-01-26,93.62882995605469,2199666
2015-01-27,92.290771484375,2442309
2015-01-28,93.4480209350586,2288718
2015-01-29,93.12254333496094,1770077
2015-01-30,92.61624908447266,2742136
2015-02-02,93.33952331542969,2168746
2015-02-03,93.77348327636719,2607110
2015-02-04,93.80966186523438,2029863
2015-02-05,92.43541717529297,2079179
2015-02-06,90.59105682373047,2513928
2015-02-09,87.95105743408203,3140785
2015-02-10,89.50614166259766,2217846
2015-02-11,89.39764404296875,1702709
2015-02-12,91.09735870361328,2316556
2015-02-13,91.45899963378906,1970858
2015-02-16,90.69954681396484,985912
2015-02-17,90.88037872314453,1649181
2015-02-18,90.44640350341797,1774311
2015-02-19,90.26557922363281,1993037
2015-02-20,90.04859924316406,4015728
2015-02-23,91.35051727294922,1677779
2015-02-24,92.58008575439453,1676213
2015-02-25,92.07377624511719,1742230
2015-02-26,95.47320556640625,3047586
2015-02-27,95.50936889648438,2524830
2015-03-02,95.40087890625,1549511
2015-03-03,95.07540893554688,2152493
2015-03-04,95.83485412597656,1702405
2015-03-05,96.44963836669922,1900957
2015-03-06,96.6666259765625,1702717
2015-03-09,98.40251159667969,1743822
2015-03-10,98.4748306274414,1848336
2015-03-11,102.05506896972656,2436500
2015-03-12,101.4402847290039,1815227
2015-03-13,102.48905181884766,1881665
2015-03-16,105.05669403076172,2525614
2015-03-17,103.13999938964844,2380880
2015-03-18,103.21231079101562,2165246
2015-03-19,102.9953384399414,2528954
2015-03-20,104.11642456054688,5404181
2015-03-23,102.09123229980469,1850126
2015-03-24,103.10383605957031,1714573
2015-03-25,101.5125961303711,1753824
2015-03-26,100.39151763916016,3208284
2015-03-27,100.64469146728516,1911290
2015-03-30,102.95919036865234,1818664
2015-03-31,101.2232894897461,2180988
2015-04-01,101.47645568847656,2278875
2015-04-02,100.39151763916016,1588399
2015-04-07,102.12739562988281,2298524
2015-04-08,101.18711853027344,1304680
2015-04-09,102.52520751953125,1189425
2015-04-10,105.74380493164062,2334924
2015-04-13,105.02052307128906,1550637
2015-04-14,103.57395935058594,1675484
2015-04-15,103.32080841064453,1721780
2015-04-16,100.50000762939453,2140561
2015-04-17,96.55813598632812,4407026
2015-04-20,98.94497680664062,2197912
2015-04-21,99.6682357788086,1844677
2015-04-22,98.69181060791016,1608147
2015-04-23,97.02827453613281,2415257
2015-04-24,97.86003875732422,1925740
2015-04-27,100.06605529785156,2222132
2015-04-28,97.20909881591797,1916251
2015-04-29,93.3033676147461,3746019
2015-04-30,93.9543228149414,3105672
2015-05-04,94.0989761352539,2072663
2015-05-05,91.45899963378906,2944420
2015-05-06,91.82063293457031,2446500
2015-05-07,92.14611053466797,3014845
2015-05-08,96.01566314697266,3196876
2015-05-11,95.76251983642578,1739504
2015-05-12,94.3882827758789,2077041
2015-05-13,93.19486999511719,2575245
2015-05-14,94.74993896484375,1763455
2015-05-15,94.35211944580078,4557955
2015-05-18,96.8474349975586,2002739
2015-05-19,99.45125579833984,2164790
2015-05-20,99.27043914794922,1644641
2015-05-21,99.63207244873047,1416860
2015-05-22,99.16194915771484,1624281
2015-05-26,97.2452621459961,2546204
2015-05-27,99.01729583740234,2847276
2015-05-28,98.09807586669922,2103447
2015-05-29,94.9727783203125,2977695
2015-06-01,95.81844329833984,1935422
2015-06-02,94.67861938476562,1900651
2015-06-03,95.23014831542969,1977944
2015-06-04,94.75215148925781,1737004
2015-06-05,92.8769760131836,2035454
2015-06-08,91.18560791015625,1787413
2015-06-09,91.36946868896484,2354154
2015-06-10,95.37722778320312,3144250
2015-06-11,95.45075225830078,2332666
2015-06-12,93.64912414550781,2173449
2015-06-15,91.2223892211914,1980229
2015-06-16,93.0240478515625,2326702
2015-06-17,92.06805419921875,1531585
2015-06-18,94.16387176513672,2401931
2015-06-19,93.906494140625,8102371
2015-06-22,98.24516296386719,3450744
2015-06-23,99.05406188964844,2501632
2015-06-24,98.46575927734375,2246511
2015-06-25,98.09807586669922,1764646
2015-06-26,97.76715087890625,2193752
2015-06-29,93.79618835449219,3768536
2015-06-30,92.32544708251953,3607017
2015-07-01,94.42123413085938,3027955
2015-07-02,93.31819152832031,1849819
2015-07-03,92.54606628417969,1459449
2015-07-06,90.59733581542969,2848080
2015-07-07,89.34719848632812,3046454
2015-07-08,91.14885711669922,3336376
2015-07-09,93.61233520507812,2380843
2015-07-10,97.6200942993164,3071267
2015-07-13,100.04681396484375,2759668
2015-07-14,101.0027847290039,1909075
2015-07-15,100.04681396484375,2247570
2015-07-16,100.92925262451172,2399234
2015-07-17,100.7086410522461,1624503
2015-07-20,100.15713500976562,1865500
2015-07-21,97.65687561035156,1846168
2015-07-22,97.6200942993164,1394727
2015-07-23,97.06855773925781,1573749
2015-07-24,96.33320617675781,1506632
2015-07-27,93.64912414550781,2200805
2015-07-28,95.52430725097656,2036073
2015-07-29,99.27467346191406,3330925
2015-07-30,98.35546112060547,1940784
2015-07-31,98.7599105834961,2052277
2015-08-03,99.45852661132812,2518469
2015-08-04,99.16436767578125,1918042
2015-08-05,101.0027847290039,1917701
2015-08-06,100.56156921386719,1000460
2015-08-07,99.01729583740234,1238108
2015-08-10,99.01729583740234,1713406
2015-08-11,96.590576171875,1816778
2015-08-12,93.5387954711914,2905877
2015-08-13,95.23014831542969,2002736
2015-08-14,94.82569885253906,1414757
2015-08-17,94.67861938476562,1779678
2015-08-18,95.04630279541016,1224556
2015-08-19,92.36221313476562,1820426
2015-08-20,90.30318450927734,2678358
2015-08-21,86.95726013183594,4850799
2015-08-24,82.61859130859375,8162956
2015-08-25,87.4720230102539,4894559
2015-08-26,85.96452331542969,3110166
2015-08-27,89.78842163085938,2940786
2015-08-28,89.34719848632812,2039319
2015-08-31,88.94275665283203,1582631
2015-09-01,86.07481384277344,2679214
2015-09-02,87.03079986572266,1785433
2015-09-03,90.19287872314453,2706559
2015-09-04,86.55280303955078,2585598
2015-09-07,87.87646484375,1255198
2015-09-08,88.97952270507812,1695810
2015-09-09,88.7589111328125,2168723
2015-09-10,87.94999694824219,1817757
2015-09-11,87.43524932861328,1612881
2015-09-14,87.39847564697266,2078172
2015-09-15,87.91322326660156,1620359
2015-09-16,88.31769561767578,1855387
2015-09-17,87.50878143310547,1851061
2015-09-18,84.60408020019531,7729594
2015-09-21,86.88372039794922,2318626
2015-09-22,83.97901916503906,3525839
2015-09-23,84.27316284179688,2321513
2015-09-24,83.17011260986328,2849182
2015-09-25,85.78067779541016,2327202
2015-09-28,83.53779602050781,2066118
2015-09-29,82.76565551757812,2510772
2015-09-30,84.16287994384766,2183737
2015-10-01,82.83919525146484,2243379
2015-10-02,83.20687866210938,2144368
2015-10-05,85.52330017089844,2079041
2015-10-06,85.41297912597656,2130667
2015-10-07,83.86870574951172,2551974
2015-10-08,82.36121368408203,2651139
2015-10-09,81.88321685791016,2724733
2015-10-12,81.73615264892578,1722567
2015-10-13,80.52279663085938,1853825
2015-10-14,79.41973876953125,2050323
2015-10-15,80.19188690185547,2450272
2015-10-16,80.85371398925781,2680814
2015-10-19,81.47876739501953,1531725
2015-10-20,81.00077819824219,1468913
2015-10-21,80.7433853149414,1845075
2015-10-22,82.10382843017578,2225431
2015-10-23,85.59683227539062,3513844
2015-10-26,85.56006622314453,1757543
2015-10-27,85.33944702148438,1547361
2015-10-28,87.21464538574219,1970182
2015-10-29,89.01629638671875,2479214
2015-10-30,89.23690795898438,2114154
2015-11-02,90.1561050415039,1714970
2015-11-03,90.04580688476562,1450444
2015-11-04,89.27366638183594,1658746
2015-11-05,90.00904083251953,1632298
2015-11-06,90.78117370605469,1639298
2015-11-09,88.79568481445312,1545709
2015-11-10,88.97952270507812,1590204
2015-11-11,90.11934661865234,1268823
2015-11-12,88.53829956054688,1429605
2015-11-13,88.0235366821289,1691602
2015-11-16,88.50154113769531,1170626
2015-11-17,91.81068420410156,1969799
2015-11-18,91.29592895507812,1343826
2015-11-19,92.50928497314453,1740711
2015-11-20,92.80342864990234,1976146
2015-11-23,92.17838287353516,1335583
2015-11-24,90.37671661376953,1711845
2015-11-25,91.66361236572266,1742985
2015-11-26,93.28142547607422,1215652
2015-11-27,92.50928497314453,1324052
2015-11-30,92.8769760131836,2094477
2015-12-01,91.81068420410156,1490460
2015-12-02,91.07532501220703,1564933
2015-12-03,86.55280303955078,4354382
2015-12-04,85.63359832763672,3183666
2015-12-07,87.1410903930664,1857877
2015-12-08,85.30268859863281,2046455
2015-12-09,83.53779602050781,4139993
2015-12-10,84.34671783447266,2271084
2015-12-11,82.43475341796875,2762948
2015-12-14,80.7801742553711,2411785
2015-12-15,83.39073181152344,2575975
2015-12-16,83.83195495605469,1818044
2015-12-17,87.21464538574219,3538406
2015-12-18,85.1923828125,7245472
2015-12-21,83.97901916503906,1897635
2015-12-22,83.39073181152344,1437356
2015-12-23,85.37621307373047,1772366
2015-12-25,85.37621307373047,0
2015-12-28,84.93500518798828,728274
2015-12-29,86.69989013671875,1297819
2015-12-30,85.15560913085938,1128002
2016-01-04,81.66261291503906,3502547
2016-01-05,81.80967712402344,2390374
2016-01-06,80.63310241699219,2162077
2016-01-07,78.57406616210938,3606797
2016-01-08,76.40473175048828,3251464
2016-01-11,75.5958251953125,3096818
2016-01-12,76.6253433227539,2469197
2016-01-13,76.73564147949219,2030776
2016-01-14,75.63259887695312,3847451
2016-01-15,73.97801208496094,5368821
2016-01-18,74.3089370727539,2187312
2016-01-19,75.37519836425781,2378454
2016-01-20,73.86772155761719,4505236
2016-01-21,75.88996887207031,4156499
2016-01-22,77.61808776855469,3010437
2016-01-25,77.80193328857422,2001243
2016-01-26,77.47102355957031,1818794
2016-01-27,77.25041198730469,1765265
2016-01-28,74.97076416015625,2199453
2016-01-29,76.03704833984375,2295250
2016-02-01,75.41197967529297,1672754
2016-02-02,73.79417419433594,2241180
2016-02-03,72.46315002441406,3001575
2016-02-04,72.41168212890625,3237288
2016-02-05,70.88947296142578,3581565
2016-02-08,69.49961853027344,4792020
2016-02-09,68.51422882080078,3815389
2016-02-10,69.7496566772461,2967336
2016-02-11,68.2568588256836,3792936
2016-02-12,69.69082641601562,3229244
2016-02-15,70.91153717041016,2852215
2016-02-16,70.08055877685547,2258868
2016-02-17,71.83808898925781,2469372
2016-02-18,72.77201843261719,2554587
2016-02-19,72.08811950683594,2872254
2016-02-22,72.77937316894531,2267703
2016-02-23,71.47776794433594,2536990
2016-02-24,69.70553588867188,2844094
2016-02-25,70.16144561767578,5420913
2016-02-26,71.94105529785156,3777254
2016-02-29,70.91153717041016,3308570
2016-03-01,72.1175308227539,2739688
2016-03-02,72.68376159667969,2945905
2016-03-03,71.78662109375,2214964
2016-03-04,72.42637634277344,2471513
2016-03-07,72.24990844726562,2039258
2016-03-08,71.77191925048828,2373031
2016-03-09,72.36019897460938,2694852
2016-03-10,70.26441192626953,4833629
2016-03-11,72.03663635253906,3493432
2016-03-14,73.72063446044922,2533166
2016-03-15,73.53680419921875,2579558
2016-03-16,73.36030578613281,2395956
2016-03-17,72.71318817138672,3182008
2016-03-18,72.99263000488281,8296986
2016-03-21,75.37519836425781,3715885
2016-03-22,76.25764465332031,2276528
2016-03-23,76.6253433227539,2723471
2016-03-24,75.37519836425781,1741948
2016-03-29,75.2281265258789,1513462
2016-03-30,76.03704833984375,1712938
2016-03-31,75.9635009765625,1889317
2016-04-01,74.34569549560547,2702196
2016-04-04,75.66936492919922,1972999
2016-04-05,73.53680419921875,2516444
2016-04-06,74.45600128173828,1670429
2016-04-07,73.64708709716797,2285622
2016-04-08,74.82369232177734,2086525
2016-04-11,75.0443115234375,1445338
2016-04-12,75.41197967529297,1412374
2016-04-13,77.50778198242188,2311768
2016-04-14,77.76516723632812,1632980
2016-04-15,77.72838592529297,1838968
2016-04-18,78.35346984863281,1269060
2016-04-19,80.63310241699219,2944279
2016-04-20,80.66986083984375,1381847
2016-04-21,81.22138977050781,1909908
2016-04-22,81.111083984375,1736625
2016-04-25,80.66986083984375,1531792
2016-04-26,79.75065612792969,2396142
2016-04-27,77.6916275024414,3383716
2016-04-28,76.662109375,2933884
2016-04-29,74.08831787109375,4051828
2016-05-02,75.28730773925781,2340329
2016-05-03,74.1109390258789,2739920
2016-05-04,72.9798355102539,2752458
2016-05-05,74.02799987792969,2274031
2016-05-06,73.72636413574219,2292989
2016-05-09,75.37024688720703,1846614
2016-05-10,75.52106475830078,1989532
2016-05-11,75.407958984375,1535522
2016-05-12,71.75067138671875,6315718
2016-05-13,72.4972152709961,3742230
2016-05-17,72.203125,2571216
2016-05-18,72.7083511352539,2013967
2016-05-19,66.74358367919922,12210160
2016-05-20,67.52027893066406,4840502
2016-05-23,63.65939712524414,9801585
2016-05-24,65.71803283691406,8396324
2016-05-25,65.71803283691406,5735963
2016-05-26,64.5869140625,4766400
2016-05-27,64.34561157226562,3631984
2016-05-30,65.1826400756836,1878029
2016-05-31,64.57183837890625,3632510
2016-06-01,65.03936004638672,3059428
2016-06-02,66.4645767211914,3282304
2016-06-03,67.36946868896484,5430181
2016-06-06,67.24881744384766,2130927
2016-06-07,69.35270690917969,3620564
2016-06-08,69.1038589477539,2253942
2016-06-09,68.04060363769531,2689849
2016-06-10,66.3590087890625,2595930
2016-06-13,66.40424346923828,3267168
2016-06-14,65.7255859375,3535363
2016-06-15,66.43441009521484,2414610
2016-06-16,66.1855697631836,3084438
2016-06-17,66.41932678222656,4172701
2016-06-20,68.18387603759766,2319377
2016-06-21,69.17926025390625,2610956
2016-06-22,69.25466918945312,1841927
2016-06-23,70.25759887695312,2746493
2016-06-24,66.0875473022461,8082540
2016-06-27,65.58984375,4344134
2016-06-28,67.21865844726562,3266786
2016-06-29,67.19602966308594,3372364
2016-06-30,67.8671646118164,2667359
2016-07-01,68.3874740600586,1865408
2016-07-04,68.28190612792969,1192307
2016-07-05,67.94255828857422,1887301
2016-07-06,66.5625991821289,2358746
2016-07-07,66.82652282714844,1639693
2016-07-08,68.56092071533203,1985472
2016-07-11,69.93334197998047,1922064
2016-07-12,70.22743225097656,2098623
2016-07-13,70.07660675048828,1892360
2016-07-14,70.46119689941406,2720705
2016-07-15,70.80052947998047,2658403
2016-07-18,70.05400085449219,2188862
2016-07-19,69.20941162109375,1686770
2016-07-20,69.22452545166016,1831882
2016-07-21,69.40547180175781,1292339
2016-07-22,69.42810821533203,1216678
2016-07-25,69.84285736083984,1130455
2016-07-26,70.55923461914062,1598653
2016-07-27,71.35101318359375,2135732
2016-07-28,71.11725616455078,2222179
2016-07-29,72.55754089355469,2980210
2016-08-01,72.65557098388672,1755167
2016-08-02,71.03429412841797,1865781
2016-08-03,71.16248321533203,1621101
2016-08-04,70.84577178955078,1732149
2016-08-05,72.29362487792969,1605079
2016-08-08,72.39163970947266,1271090
2016-08-09,74.51815032958984,2103881
2016-08-10,73.46243286132812,1813793
2016-08-11,74.14864349365234,1243182
2016-08-12,73.9751968383789,1103867
2016-08-15,74.38240814208984,733597
2016-08-16,73.8394775390625,1360807
2016-08-17,72.1277084350586,2263045
2016-08-18,72.99490356445312,1221887
2016-08-19,72.65557098388672,1519021
2016-08-22,72.3086929321289,1470712
2016-08-23,72.89688110351562,1924701
2016-08-24,72.93457794189453,1094128
2016-08-25,72.42181396484375,1323961
2016-08-26,73.14572143554688,1160702
2016-08-29,72.89688110351562,671595
2016-08-30,73.3342514038086,1341415
2016-08-31,72.36902618408203,1644793
2016-09-01,70.7929916381836,2310782
2016-09-02,71.58477020263672,1704803
2016-09-05,71.06446075439453,1274901
2016-09-06,72.33131408691406,2924547
2016-09-07,73.10802459716797,1776503
2016-09-08,72.534912109375,1831643
2016-09-09,71.65264129638672,1894941
2016-09-12,70.54415130615234,2346355
2016-09-13,70.35562896728516,1892536
2016-09-14,70.54415130615234,6004326
2016-09-15,68.9002456665039,4748390
2016-09-16,68.4553451538086,7085753
2016-09-19,69.07369232177734,2187880
2016-09-20,69.45073699951172,2737201
2016-09-21,69.08123779296875,2220612
2016-09-22,69.54122924804688,2827944
2016-09-23,68.98320007324219,2103741
2016-09-26,67.2638931274414,2606728
2016-09-27,66.94718933105469,2183401
2016-09-28,67.30915069580078,1575306
2016-09-29,66.58523559570312,1979748
2016-09-30,67.43733978271484,4458781
2016-10-04,67.8897933959961,2848011
2016-10-05,67.82191467285156,2011829
2016-10-06,67.8671646118164,1772320
2016-10-07,67.71634674072266,2432039
2016-10-10,68.65140533447266,1568674
2016-10-11,68.20649719238281,1886109
2016-10-12,67.62586212158203,1569187
2016-10-13,67.41471099853516,1931041
2016-10-14,68.27436828613281,1739626
2016-10-17,67.4675064086914,1780548
2016-10-18,68.34223937988281,2084258
2016-10-19,68.01797485351562,1659174
2016-10-20,68.22158813476562,1790683
2016-10-21,68.11602020263672,1881644
2016-10-24,68.65894317626953,1543302
2016-10-25,68.998291015625,1665966
2016-10-26,67.99535369873047,2689774
2016-10-27,68.41764068603516,1950421
2016-10-28,68.41009521484375,1635211
2016-10-31,68.08584594726562,1861380
2016-11-01,68.46287536621094,2383375
2016-11-02,67.20358276367188,1920129
2016-11-03,66.924560546875,1625869
2016-11-04,66.29867553710938,2221243
2016-11-07,67.12062072753906,1745141
2016-11-08,67.03012084960938,1829030
2016-11-09,70.4913558959961,6286869
2016-11-10,70.55167388916016,3121475
2016-11-11,70.80807495117188,2147918
2016-11-14,70.89103698730469,2108187
2016-11-15,71.47166442871094,1609302
2016-11-16,68.47796630859375,9212259
2016-11-17,69.26221466064453,3344426
2016-11-18,68.9681167602539,2948054
2016-11-21,68.62124633789062,2166211
2016-11-22,67.57308197021484,2898506
2016-11-23,66.61539459228516,3190125
2016-11-24,66.924560546875,1596118
2016-11-25,66.96227264404297,1369231
2016-11-28,66.43441009521484,2162118
2016-11-29,66.93964385986328,2161538
2016-11-30,66.80390167236328,2622320
2016-12-01,65.43902587890625,3667124
2016-12-02,65.71803283691406,2477103
2016-12-05,66.47211456298828,2498553
2016-12-06,66.47966003417969,2174239
2016-12-07,67.94255828857422,3607023
2016-12-08,70.25759887695312,5585914
2016-12-09,71.29068756103516,3322073
2016-12-12,71.63755798339844,2811214
2016-12-13,72.55000305175781,3029877
2016-12-14,72.33131408691406,2079864
2016-12-15,73.67356872558594,4091989
2016-12-16,73.57553100585938,6108341
2016-12-19,74.16373443603516,2085099
2016-12-20,74.42765808105469,2165133
2016-12-21,74.42765808105469,1736110
2016-12-22,74.50305938720703,1615938
2016-12-23,74.27684020996094,1193349
2016-12-27,74.44274139404297,983104
2016-12-28,74.42011260986328,1178068
2016-12-29,74.45027923583984,1173688
2016-12-30,74.75190734863281,1459547
2017-01-02,75.55876159667969,1217856
2017-01-03,75.97351837158203,1774642
2017-01-04,76.95382690429688,2069588
2017-01-05,77.40626525878906,1922551
2017-01-06,77.2177505493164,1614471
2017-01-09,76.68991088867188,1973122
2017-01-10,76.04893493652344,2175344
2017-01-11,76.19975280761719,1453622
2017-01-12,75.407958984375,1839270
2017-01-13,76.65219116210938,1770664
2017-01-16,76.2374496459961,1042022
2017-01-17,75.74730682373047,1724265
2017-01-18,76.9161148071289,2009093
2017-01-19,76.84070587158203,1983775
2017-01-20,77.29315948486328,2635581
2017-01-23,76.19975280761719,1778325
2017-01-24,76.46366882324219,1658176
2017-01-25,78.61280822753906,2929752
2017-01-26,80.27176666259766,3271271
2017-01-27,79.89472198486328,1715270
2017-01-30,78.80132293701172,1920584
2017-01-31,77.142333984375,2859640
2017-02-01,77.40626525878906,1870991
2017-02-02,77.67020416259766,1372514
2017-02-03,77.82100677490234,1361887
2017-02-06,76.9161148071289,1969825
2017-02-07,77.74560546875,1703196
2017-02-08,77.67020416259766,2101487
2017-02-09,79.59309387207031,2608040
2017-02-10,79.93244171142578,1460989
2017-02-13,80.27176666259766,1138213
2017-02-14,79.7816162109375,1207532
2017-02-15,79.93244171142578,1423954
2017-02-16,79.89472198486328,1635932
2017-02-17,80.30948638916016,2085503
2017-02-20,80.83734130859375,1155217
2017-02-21,82.1192626953125,2293337
2017-02-22,81.36519622802734,3434369
2017-02-23,79.2537612915039,2668283
2017-02-24,78.61280822753906,2549942
2017-02-27,78.65050506591797,1421986
2017-02-28,78.2734603881836,1824067
2017-03-01,79.63081359863281,2431583
2017-03-02,80.08325958251953,1516264
2017-03-03,80.42259216308594,1709985
2017-03-06,80.49798583984375,1314076
2017-03-07,80.79962921142578,1539962
2017-03-08,79.97013854980469,1655085
2017-03-09,79.8193359375,1529140
2017-03-10,80.49798583984375,1818535
2017-03-13,80.87504577636719,1447315
2017-03-14,80.87504577636719,1527424
2017-03-15,80.15866088867188,1345045
2017-03-16,80.68650817871094,2148439
2017-03-17,80.57341003417969,4154262
2017-03-20,80.12096405029297,1013200
2017-03-21,79.47998809814453,1813530
2017-03-22,79.216064453125,1880956
2017-03-23,80.64881134033203,1550386
2017-03-24,80.68650817871094,1633811
2017-03-27,80.38489532470703,1468564
2017-03-28,80.61111450195312,2082819
2017-03-29,80.61111450195312,1215621
2017-03-30,80.53570556640625,1149078
2017-03-31,81.47830200195312,2631641
2017-04-03,81.289794921875,1433968
2017-04-04,81.06355285644531,1531227
2017-04-05,81.32748413085938,1841897
2017-04-06,81.06355285644531,1295099
2017-04-07,81.06355285644531,1374151
2017-04-10,80.42259216308594,1188139
2017-04-11,79.85704040527344,1969718
2017-04-12,80.12096405029297,1496077
2017-04-13,80.3471908569336,1833357
2017-04-18,78.57508850097656,2121803
2017-04-19,78.80132293701172,1737534
2017-04-20,78.72590637207031,1522363
2017-04-21,79.32918548583984,2830993
2017-04-24,81.96845245361328,3312502
2017-04-25,81.77994537353516,1906682
2017-04-26,81.47830200195312,2023110
2017-04-27,84.94705963134766,4155382
2017-04-28,85.66344451904297,4565759
2017-05-02,85.70207977294922,2691603
2017-05-03,87.01521301269531,2435306
2017-05-04,87.8262710571289,1906915
2017-05-05,88.90767669677734,2148108
2017-05-08,89.02355194091797,2013801
2017-05-09,89.37114715576172,1467441
2017-05-10,89.83460998535156,1490457
2017-05-11,88.90767669677734,1591134
2017-05-12,90.18220520019531,1722289
2017-05-15,89.6415023803711,1415876
2017-05-16,90.8387680053711,1876151
2017-05-17,89.525634765625,2116045
2017-05-18,90.18220520019531,2863694
2017-05-19,90.33670043945312,2232868
2017-05-22,90.06632995605469,1236132
2017-05-23,91.18638610839844,1981456
2017-05-24,90.87740325927734,1288331
2017-05-25,90.18220520019531,1226283
2017-05-26,90.14359283447266,1448604
2017-05-29,90.14359283447266,663642
2017-05-30,89.98909759521484,1125132
2017-05-31,91.2249984741211,2735994
2017-06-01,91.95881652832031,1597039
2017-06-02,93.92852020263672,2377696
2017-06-05,93.92852020263672,0
2017-06-06,91.84294891357422,2214131
2017-06-07,90.95463562011719,2127761
2017-06-08,91.7270736694336,1674062
2017-06-09,91.95881652832031,1539356
2017-06-12,91.49535369873047,1824852
2017-06-13,92.61538696289062,1835134
2017-06-14,93.81266784667969,2674319
2017-06-15,93.92852020263672,2879646
2017-06-16,94.85546112060547,6721349
2017-06-19,95.24168395996094,1556928
2017-06-20,94.0830307006836,1806913
2017-06-21,94.0830307006836,1543017
2017-06-22,94.62373352050781,1612156
2017-06-23,94.16026306152344,1362769
2017-06-26,94.35338592529297,1260214
2017-06-27,94.04439544677734,1379306
2017-06-28,94.00576782226562,1901620
2017-06-29,91.2249984741211,2803100
2017-06-30,87.44005584716797,5744143
2017-07-03,87.59455871582031,2914388
2017-07-04,87.28556060791016,1493185
2017-07-05,86.82209777832031,2049097
2017-07-06,85.47032928466797,3240116
2017-07-07,84.92963409423828,1887713
2017-07-10,85.27722930908203,1532405
2017-07-11,85.00686645507812,1470683
2017-07-12,86.9379653930664,2070539
2017-07-13,87.16969299316406,1818148
2017-07-14,87.09245300292969,1435666
2017-07-17,86.39725494384766,1181307
2017-07-18,84.92963409423828,2146124
2017-07-19,85.8565444946289,1594070
2017-07-20,86.5517578125,2067177
2017-07-21,85.74068450927734,3505121
2017-07-24,85.972412109375,1908343
2017-07-25,86.20414733886719,1638932
2017-07-26,86.32002258300781,1947201
2017-07-27,83.7709732055664,4518737
2017-07-28,83.19164276123047,2619379
2017-07-31,82.76679992675781,1931854
2017-08-01,83.03713989257812,1570360
2017-08-02,82.03296661376953,1544846
2017-08-03,82.07158660888672,1644399
2017-08-04,82.65094757080078,1862949
2017-08-07,82.49644470214844,1442336
2017-08-08,82.49644470214844,1426120
2017-08-09,81.8012466430664,2135408
2017-08-10,80.83570861816406,1846699
2017-08-11,81.6467514038086,2137254
2017-08-14,82.6895523071289,1488223
2017-08-15,82.6895523071289,1149401
2017-08-16,83.50062561035156,1405687
2017-08-17,83.50062561035156,1513437
2017-08-18,83.34611511230469,1839027
2017-08-21,82.18746185302734,1541891
2017-08-22,84.11856842041016,1795044
2017-08-23,83.46199035644531,1465064
2017-08-24,83.19164276123047,1254092
2017-08-25,84.19580078125,1470897
2017-08-28,84.15718841552734,1482869
2017-08-29,82.76679992675781,2048439
2017-08-30,82.6895523071289,1208691
2017-08-31,83.03713989257812,1584372
2017-09-01,83.69373321533203,1374100
2017-09-04,83.2302474975586,828836
2017-09-05,82.95989990234375,1453032
2017-09-06,84.00270080566406,1851456
2017-09-07,84.46615600585938,1856771
2017-09-08,83.92546081542969,1122129
2017-09-11,85.19998168945312,1645737
2017-09-12,85.972412109375,1815550
2017-09-13,86.16552734375,1749692
2017-09-14,86.39725494384766,1680816
2017-09-15,85.16134643554688,5833051
2017-09-18,85.35445404052734,933532
2017-09-19,84.89100646972656,1208000
2017-09-20,84.85237121582031,1469247
2017-09-21,85.27722930908203,1051028
2017-09-22,85.04547882080078,1586137
2017-09-25,86.43588256835938,1818007
2017-09-26,86.82209777832031,1518255
2017-09-27,86.358642578125,1380317
2017-09-28,87.20832824707031,1504919
2017-09-29,89.06216430664062,3050996
2017-10-02,89.06216430664062,1722845
2017-10-03,89.06216430664062,0
2017-10-04,90.87740325927734,3251875
2017-10-05,90.06632995605469,2092367
2017-10-06,90.52982330322266,1637639
2017-10-09,90.56843566894531,941269
2017-10-10,90.37532806396484,1175032
2017-10-11,90.49118041992188,1136819
2017-10-12,90.2208251953125,1379755
2017-10-13,91.26361846923828,2148375
2017-10-16,92.38365173339844,1991133
2017-10-17,91.61122131347656,1794562
2017-10-18,91.84294891357422,1251168
2017-10-19,91.68846893310547,1824394
2017-10-20,91.10913848876953,1902648
2017-10-23,90.56843566894531,1506342
2017-10-24,89.79597473144531,2113513
2017-10-25,88.40560150146484,2124634
2017-10-26,86.8607177734375,4664481
2017-10-27,86.28138732910156,2892765
2017-10-30,86.28138732910156,1843020
2017-10-31,86.28138732910156,0
2017-11-01,88.28971862792969,3393188
2017-11-02,88.36698150634766,1559745
2017-11-03,89.6028823852539,2058008
2017-11-06,90.25945281982422,1454412
2017-11-07,88.13523864746094,2100297
2017-11-08,88.09662628173828,1885528
2017-11-09,85.50895690917969,2977054
2017-11-10,84.81375122070312,2288661
2017-11-13,83.92546081542969,1886734
2017-11-14,83.96408081054688,1698572
2017-11-15,83.38475036621094,1945815
2017-11-16,83.34611511230469,1669203
2017-11-17,83.07576751708984,2077611
2017-11-20,83.92546081542969,2052400
2017-11-21,84.6978759765625,2129120
2017-11-22,83.80957794189453,1755278
2017-11-23,83.80957794189453,1479051
2017-11-24,83.2302474975586,1546957
2017-11-27,83.38475036621094,1694952
2017-11-28,83.69373321533203,1262733
2017-11-29,83.46199035644531,2015600
2017-11-30,82.76679992675781,3005345
2017-12-01,82.11022186279297,3014430
2017-12-04,82.95989990234375,1754752
2017-12-05,81.99435424804688,2110064
2017-12-06,80.99018096923828,2757646
2017-12-07,80.4494857788086,1793891
2017-12-08,80.87432861328125,2290287
2017-12-11,81.22191619873047,1585652
2017-12-12,82.38057708740234,2391863
2017-12-13,82.18746185302734,2029764
2017-12-14,81.18328857421875,2652232
2017-12-15,82.26472473144531,6284432
2017-12-18,83.26888275146484,2496855
2017-12-19,82.34195709228516,1638496
2017-12-20,81.41502380371094,2720347
2017-12-21,81.76261901855469,1750820
2017-12-22,81.45365142822266,1241700
2017-12-27,81.5308837890625,1100499
2017-12-28,80.64259338378906,1353453
2017-12-29,80.3336181640625,1377554
2018-01-02,79.40669250488281,2775239
2018-01-03,79.40669250488281,2700266
2018-01-04,80.53446197509766,3053135
2018-01-05,83.59331512451172,5363406
2018-01-08,83.33067321777344,1969239
2018-01-09,82.80542755126953,1997499
2018-01-10,81.52316284179688,3021907
2018-01-11,81.47682189941406,2638733
2018-01-12,80.99791717529297,2259881
2018-01-15,80.71984100341797,1699211
2018-01-16,80.73528289794922,2376335
2018-01-17,80.0246353149414,2666213
2018-01-18,79.93193054199219,2209652
2018-01-19,80.39540100097656,2888187
2018-01-22,81.66221618652344,2588856
2018-01-23,84.36575317382812,4505648
2018-01-24,83.28431701660156,3770712
2018-01-25,82.37284851074219,3111672
2018-01-26,82.72817993164062,1986601
2018-01-29,82.3110580444336,2025779
2018-01-30,81.50772094726562,2454115
2018-01-31,81.43048095703125,2666805
2018-02-01,79.91648864746094,3248015
2018-02-02,78.78874206542969,2861728
2018-02-05,77.63006591796875,3404784
2018-02-06,76.03884887695312,5796991
2018-02-07,76.73406219482422,3863370
2018-02-08,75.40544891357422,3765513
2018-02-09,74.26224517822266,6131927
2018-02-12,75.51359558105469,3365270
2018-02-13,74.88792419433594,2664188
2018-02-14,75.55221557617188,3462726
2018-02-15,75.22777557373047,3253663
2018-02-16,76.11609649658203,3388093
2018-02-19,75.529052734375,1638845
2018-02-20,76.41734313964844,2378440
2018-02-21,76.03113555908203,2154150
2018-02-22,76.03884887695312,1861709
2018-02-23,75.6371841430664,2048469
2018-02-26,76.06974792480469,2537433
2018-02-27,75.77622985839844,2588781
2018-02-28,74.33177185058594,5723413
2018-03-01,73.53616333007812,3897213
2018-03-02,71.59733581542969,3912439
2018-03-05,73.08812713623047,3402894
2018-03-06,73.92237091064453,3347994
2018-03-07,75.00377655029297,3134601
2018-03-08,75.28958892822266,2685751
2018-03-09,75.55221557617188,2580177
2018-03-12,75.66036987304688,1783821
2018-03-13,74.17727661132812,3210132
2018-03-14,73.85285949707031,2597265
2018-03-15,73.25807189941406,4980986
2018-03-16,73.79877471923828,7817278
2018-03-19,72.35431671142578,3090158
2018-03-20,72.78689575195312,2304427
2018-03-21,72.89503479003906,2892893
2018-03-22,71.85997009277344,3591630
2018-03-23,69.7898178100586,4739486
2018-03-26,69.1100845336914,2839548
2018-03-27,70.12197875976562,3171305
2018-03-28,70.06018829345703,3042389
2018-03-29,70.90214538574219,3625363
2018-04-03,70.0370101928711,3286946
2018-04-04,70.60861206054688,3171062
2018-04-05,72.74826049804688,3211367
2018-04-06,72.30797576904297,2306253
2018-04-09,72.16893005371094,2069581
2018-04-10,75.58312225341797,6099974
2018-04-11,74.92654418945312,2788255
2018-04-12,76.08519744873047,2809389
2018-04-13,76.20106506347656,2446753
2018-04-16,75.68354034423828,2165613
2018-04-17,77.76911926269531,4253903
2018-04-18,77.4755859375,2377695
2018-04-19,76.93488311767578,2157956
2018-04-20,76.47142028808594,4047703
2018-04-23,76.30921173095703,2067631
2018-04-24,75.67581176757812,2360832
2018-04-25,75.28958892822266,2236934
2018-04-26,75.18917083740234,2269475
2018-04-27,75.79940032958984,2113164
2018-04-30,76.68770599365234,2160428
2018-05-02,76.95032501220703,3065919
2018-05-03,77.22068786621094,2329204
2018-05-04,78.69605255126953,2967063
2018-05-07,78.86597442626953,1818436
2018-05-08,78.5879135131836,1768092
2018-05-09,78.91232299804688,1778761
2018-05-10,79.2831039428711,1627987
2018-05-11,78.86597442626953,1841041
2018-05-14,79.2212905883789,1603614
2018-05-15,78.78874206542969,1909419
2018-05-16,79.93193054199219,2374755
2018-05-17,80.71984100341797,1849961
2018-05-18,80.6116943359375,3620502
2018-05-21,80.6116943359375,0
2018-05-22,81.13694763183594,2574670
2018-05-23,79.36034393310547,3097420
2018-05-24,78.75784301757812,2368079
2018-05-25,79.36034393310547,3602444
2018-05-28,79.25711059570312,2129973
2018-05-29,78.48685455322266,3832093
2018-05-30,81.552001953125,4961380
2018-05-31,80.88497161865234,4974857
2018-06-01,82.07610321044922,2970157
2018-06-04,81.56787109375,3532057
2018-06-05,80.2814712524414,6343811
2018-06-06,80.20724487304688,4612243
2018-06-07,79.83605194091797,3198136
2018-06-08,79.4325942993164,3808775
2018-06-11,78.56919860839844,4829970
2018-06-12,77.82682800292969,7204162
2018-06-13,79.7795639038086,6597770
2018-06-14,81.3369140625,6733401
2018-06-15,80.75593566894531,12895664
2018-06-18,79.44873809814453,2581104
2018-06-19,77.9720687866211,3725118
2018-06-20,78.18994140625,2760836
2018-06-21,77.77842712402344,2792664
2018-06-22,79.75535583496094,3221446
2018-06-25,77.68158721923828,3575523
2018-06-26,77.4637222290039,2429057
2018-06-27,77.35076141357422,3544417
2018-06-28,76.06776428222656,3900739
2018-06-29,76.13230895996094,3247192
2018-07-02,76.59225463867188,2434947
2018-07-03,76.36632537841797,2426416
2018-07-04,76.10810089111328,1498536
2018-07-05,76.0516357421875,2710979
2018-07-06,75.64816284179688,3157846
2018-07-09,75.89024353027344,2099089
2018-07-10,76.3582534790039,1957219
2018-07-11,74.55883026123047,3287463
2018-07-12,74.76863098144531,1864679
2018-07-13,75.35768127441406,2632792
2018-07-16,75.1801528930664,1508279
2018-07-17,75.37382507324219,2793410
2018-07-18,75.01070404052734,2392064
2018-07-19,74.51848602294922,2258956
2018-07-20,74.27642822265625,4626312
2018-07-23,74.57496643066406,1931237
2018-07-24,75.29312896728516,2333217
2018-07-25,74.8654556274414,1989839
2018-07-26,76.29370880126953,3118469
2018-07-27,77.67351531982422,2785445
2018-07-30,76.78592681884766,1539646
2018-07-31,76.86661529541016,1896578
2018-08-01,77.3023452758789,2012916
2018-08-02,75.98707580566406,2416262
2018-08-03,76.88274383544922,2166547
2018-08-06,76.71328735351562,1461949
2018-08-07,77.47986602783203,1956776
2018-08-08,77.51213073730469,1550723
2018-08-09,77.24585723876953,1476180
2018-08-10,75.3334732055664,2911404
2018-08-13,67.5628890991211,15919295
2018-08-14,67.58709716796875,5068650
2018-08-15,65.19056701660156,6593144
2018-08-16,62.17271041870117,11866877
2018-08-17,63.26203918457031,7033882
2018-08-20,65.18250274658203,4962863
2018-08-21,66.26376342773438,4749699
2018-08-22,67.3208236694336,4228454
2018-08-23,66.1265869140625,3693683
2018-08-24,66.09430694580078,2129226
2018-08-27,66.6914291381836,1552176
2018-08-28,66.40093994140625,2231560
2018-08-29,66.76404571533203,2275396
2018-08-30,65.80382537841797,2483535
2018-08-31,64.85973358154297,5387758
2018-09-03,64.91620635986328,1679143
2018-09-04,64.41593933105469,2915172
2018-09-05,63.32659912109375,5079368
2018-09-06,60.42977523803711,5945604
2018-09-07,59.30009841918945,6846412
2018-09-10,58.45283508300781,4935478
2018-09-11,56.75831604003906,5718059
2018-09-12,56.72604751586914,4500241
2018-09-13,56.60500717163086,4155110
2018-09-14,57.95254898071289,3761768
2018-09-17,58.824012756347656,3092121
2018-09-18,59.14678192138672,3141638
2018-09-19,59.73582458496094,3218078
2018-09-20,61.180206298828125,5082173
2018-09-21,61.74504852294922,8610344
2018-09-24,61.44648742675781,2855807
2018-09-25,61.00267791748047,3628354
2018-09-26,61.69662857055664,3841321
2018-09-27,62.65685272216797,4714261
2018-09-28,61.73698043823242,4457899
2018-10-01,61.19633483886719,2829248
2018-10-02,60.17963790893555,2638682
2018-10-04,60.67185592651367,3720035
2018-10-05,60.24418640136719,2380999
2018-10-08,60.31680679321289,2891426
2018-10-09,60.47819519042969,2691184
2018-10-10,60.526607513427734,4492431
2018-10-11,62.39057922363281,8495079
2018-10-12,61.40613555908203,3924996
2018-10-15,62.99575424194336,2605894
2018-10-16,63.16521453857422,3124388
2018-10-17,62.43899154663086,2673002
2018-10-18,63.278175354003906,2999877
2018-10-19,62.60844421386719,3894136
2018-10-22,61.76117706298828,2971102
2018-10-23,55.89491271972656,11459452
2018-10-24,55.08800506591797,3856163
2018-10-25,53.44190216064453,6229012
2018-10-26,53.377349853515625,4887504
2018-10-29,54.77330780029297,3018099
2018-10-30,53.81308364868164,3402279
2018-10-31,54.69260787963867,4000389
2018-11-01,56.16120147705078,3595899
2018-11-02,56.43555450439453,3716799
2018-11-05,56.62921142578125,1881890
2018-11-06,56.48396301269531,2376637
2018-11-07,57.72661209106445,2528097
2018-11-08,57.06494140625,2022545
2018-11-09,57.2908821105957,2505231
2018-11-12,55.36235427856445,3376050
2018-11-13,53.77273178100586,5904875
2018-11-14,52.04594039916992,5283514
2018-11-15,51.247093200683594,4164980
2018-11-16,50.50472640991211,5436888
2018-11-19,50.270729064941406,2895885
2018-11-20,49.237884521484375,3576017
2018-11-21,50.51280212402344,3205597
2018-11-22,50.2142448425293,1618512
2018-11-23,50.68225860595703,2129755
2018-11-26,51.82807540893555,3123255
2018-11-27,51.440757751464844,2699419
2018-11-28,51.82807540893555,2573554
2018-11-29,51.45689392089844,5804846
2018-11-30,52.11049270629883,5207229
2018-12-03,53.73238754272461,3976791
2018-12-04,52.715675354003906,3250193
2018-12-05,52.94161605834961,4213340
2018-12-06,50.32720947265625,5230352
2018-12-07,51.18254470825195,5377233
2018-12-10,49.06035614013672,6337554
2018-12-11,50.71453094482422,5018442
2018-12-12,51.90876770019531,3418696
2018-12-13,51.965248107910156,2474343
2018-12-14,51.12605667114258,3478310
2018-12-17,51.64248275756836,3371095
2018-12-18,51.16640090942383,3474679
2018-12-19,49.730098724365234,5049523
2018-12-20,49.221744537353516,4229713
2018-12-21,49.53643798828125,7947561
2018-12-27,47.737022399902344,3809877
2018-12-28,48.86669921875,2286927
2019-01-02,49.1087760925293,2696276
2019-01-03,49.06035614013672,3126037
2019-01-04,52.368709564208984,5066291
2019-01-07,51.5375862121582,3394428
2019-01-08,52.868988037109375,4119018
2019-01-09,52.925472259521484,3551236
2019-01-10,53.15947723388672,2231802
2019-01-11,53.01424026489258,2062074
2019-01-14,52.32835388183594,2012034
2019-01-15,52.46553421020508,3072331
2019-01-16,52.513954162597656,1875781
2019-01-17,51.7715950012207,2023615
2019-01-18,53.659767150878906,4321322
2019-01-21,53.23210525512695,1769957
2019-01-22,53.22403335571289,2069014
2019-01-23,53.25630569458008,2404937
2019-01-24,53.27244567871094,2600300
2019-01-25,54.71682357788086,3687107
2019-01-28,53.73238754272461,2784789
2019-01-29,53.24823760986328,3072310
2019-01-30,53.006168365478516,1720472
2019-01-31,53.417694091796875,3212355
2019-02-01,54.03901672363281,2276915
2019-02-04,54.523162841796875,2408265
2019-02-05,55.902976989746094,2835592
2019-02-06,55.73353576660156,2593365
2019-02-07,54.0632209777832,3325455
2019-02-08,53.417694091796875,2843036
2019-02-11,53.73238754272461,1913835
2019-02-12,54.46668243408203,1806740
2019-02-13,55.12028121948242,1967242
2019-02-14,52.8931999206543,3344447
2019-02-15,55.00730895996094,4044916
2019-02-18,54.999244689941406,1670639
2019-02-19,54.70875930786133,1943420
2019-02-20,55.16062545776367,1750251
2019-02-21,54.789451599121094,1875565
2019-02-22,54.0632209777832,2851688
2019-02-25,54.00674057006836,2175280
2019-02-26,53.659767150878906,3085091
2019-02-27,55.902976989746094,5553043
2019-02-28,56.709896087646484,3385356
2019-03-01,57.63785171508789,3306575
2019-03-04,58.380218505859375,2651218
2019-03-05,58.75139617919922,2129854
2019-03-06,58.4770393371582,2274191
2019-03-07,57.403839111328125,2940601
2019-03-08,56.07243728637695,3207320
2019-03-11,55.192909240722656,3082564
2019-03-12,54.09550094604492,4150881
2019-03-13,54.90242004394531,3644881
2019-03-14,54.70069122314453,2905102
2019-03-15,54.66840744018555,7006033
2019-03-18,54.89434051513672,2206927
2019-03-19,56.24188995361328,2939772
2019-03-20,50.8355712890625,15258490
2019-03-21,49.44767379760742,5320813
2019-03-22,47.8499870300293,5107733
2019-03-25,46.47016143798828,6216812
2019-03-26,46.05057907104492,6773637
2019-03-27,45.45345687866211,5808176
2019-03-28,45.421180725097656,7101635
2019-03-29,46.47823715209961,5770978
2019-04-01,47.01079559326172,3303003
2019-04-02,47.72895050048828,3004556
2019-04-03,48.745662689208984,3490389
2019-04-04,48.963531494140625,2718805
2019-04-05,49.60099411010742,3018999
2019-04-08,49.455753326416016,2274866
2019-04-09,49.157188415527344,2060380
2019-04-10,49.60099411010742,1973292
2019-04-11,49.05228805541992,3346657
2019-04-12,49.56064224243164,3522556
2019-04-15,49.79465103149414,2495741
2019-04-16,50.1981086730957,2436976
2019-04-17,49.65747833251953,3866903
2019-04-18,49.35084915161133,4465525
2019-04-23,50.02865219116211,3367088
2019-04-24,48.57621383666992,4317631
2019-04-25,49.2540168762207,5228213
2019-04-26,49.65747833251953,4672473
2019-04-29,50.198516845703125,3567461
2019-04-30,50.164703369140625,3120119
2019-05-02,52.04989242553711,6434729
2019-05-03,52.30350875854492,2836892
2019-05-06,51.67792892456055,2744946
2019-05-07,50.39295196533203,3129289
2019-05-08,50.4267692565918,3424393
2019-05-09,48.245697021484375,4691591
2019-05-10,48.64301681518555,3587407
2019-05-13,47.73847198486328,3016515
2019-05-14,46.774742126464844,6053963
2019-05-15,47.7215576171875,4345316
2019-05-16,48.431678771972656,2711328
2019-05-17,48.14425277709961,3323031
2019-05-20,47.17206573486328,2891319
2019-05-21,47.40031814575195,2109780
2019-05-22,47.21432876586914,2147331
2019-05-23,45.827919006347656,3720851
2019-05-24,45.56584930419922,3059943
2019-05-27,46.2167854309082,1600200
2019-05-28,46.859275817871094,3433609
2019-05-29,45.574302673339844,3281270
2019-05-30,45.903995513916016,1438855
2019-05-31,44.6528434753418,3827369
2019-06-03,45.5489387512207,3300887
2019-06-04,46.07307815551758,3233118
2019-06-05,45.63347244262695,2257810
2019-06-06,45.0501708984375,2656587
2019-06-07,44.695106506347656,3560161
2019-06-11,45.52357864379883,3906550
2019-06-12,45.067073822021484,2240951
2019-06-13,45.33759307861328,2267046
2019-06-14,44.678199768066406,2336104
2019-06-17,44.407684326171875,2295087
2019-06-18,45.709564208984375,4203716
2019-06-19,46.52112579345703,2760607
2019-06-20,46.909996032714844,2858288
2019-06-21,46.34359359741211,10002717
2019-06-24,46.7831916809082,3005513
2019-06-25,46.76628112792969,2220804
2019-06-26,47.33268737792969,2866575
2019-06-27,51.44968032836914,9516180
2019-06-28,51.517303466796875,4942926
2019-07-01,51.83009719848633,3552297
2019-07-02,51.17070007324219,2463840
2019-07-03,51.576480865478516,2281126
2019-07-04,51.500396728515625,1834881
2019-07-05,51.32286834716797,2037462
2019-07-08,50.748008728027344,2104359
2019-07-09,50.5535774230957,3404371
2019-07-10,50.30841827392578,2496678
2019-07-11,49.9956169128418,2146429
2019-07-12,49.733558654785156,2304644
2019-07-15,49.564491271972656,1750186
2019-07-16,49.94490432739258,3092087
2019-07-17,49.88572311401367,2027433
2019-07-18,49.67437744140625,2115164
2019-07-19,50.34223175048828,3075454
2019-07-22,50.38449478149414,2260391
2019-07-23,51.559574127197266,3056728
2019-07-24,50.807186126708984,2151927
2019-07-25,50.02943420410156,3196826
2019-07-26,50.63811111450195,2656656
2019-07-29,50.156246185302734,2213895
2019-07-30,48.32177734375,6918351
2019-07-31,49.66592788696289,4403693
2019-08-01,50.93399429321289,4004091
2019-08-02,49.03189468383789,5276593
2019-08-05,47.19742965698242,4523466
2019-08-06,46.918453216552734,2626228
2019-08-07,49.74201202392578,6035531
2019-08-08,53.23342514038086,6149225
2019-08-09,54.63673782348633,11806526
2019-08-12,53.90126419067383,3128490
2019-08-13,54.91572189331055,4123261
2019-08-14,54.03652572631836,3384068
2019-08-15,53.24187088012695,3198409
2019-08-16,54.61983871459961,3622122
2019-08-19,56.04853057861328,3712572
2019-08-20,55.7949104309082,3369903
2019-08-21,56.83473205566406,2512898
2019-08-22,57.24896240234375,3326662
2019-08-23,56.29368591308594,3337936
2019-08-26,56.319053649902344,2142440
2019-08-27,56.62338638305664,2611507
2019-08-28,56.38667678833008,2002763
2019-08-29,57.181331634521484,2831712
2019-08-30,56.92771530151367,2929014
2019-09-02,56.403587341308594,1611396
2019-09-03,56.13306427001953,2216319
2019-09-04,57.071441650390625,2439879
2019-09-05,56.21760177612305,3018183
2019-09-06,56.631839752197266,2457107
2019-09-09,56.8600959777832,2278856
2019-09-10,58.390228271484375,3722918
2019-09-11,58.33104705810547,2677521
2019-09-12,57.49412536621094,3264966
2019-09-13,57.5363883972168,2029293
2019-09-16,57.37577819824219,1723227
2019-09-17,56.51348876953125,2452669
2019-09-18,55.9639892578125,1879907
2019-09-19,56.555755615234375,2288769
2019-09-20,56.83473205566406,7164452
2019-09-23,55.66810607910156,2611292
2019-09-24,55.7610969543457,1735764
2019-09-25,55.854087829589844,2001480
2019-09-26,54.61983871459961,3140565
2019-09-27,54.67901611328125,2185321
2019-09-30,54.68747329711914,2435271
2019-10-01,52.819183349609375,3622809
2019-10-02,51.24678421020508,4956677
2019-10-04,52.65010452270508,4767312
2019-10-07,53.36867904663086,3990150
2019-10-08,53.571571350097656,3419985
2019-10-09,54.25632858276367,2528109
2019-10-10,54.222511291503906,3088191
2019-10-11,55.135520935058594,2789121
2019-10-14,55.46521759033203,2077128
2019-10-15,56.33595275878906,3524248
2019-10-16,55.97244644165039,3410664
2019-10-17,55.769554138183594,3112510
2019-10-18,55.15242385864258,2956397
2019-10-21,55.56666946411133,2163593
2019-10-22,54.94953918457031,2324275
2019-10-23,56.21760177612305,2558538
2019-10-24,56.85163116455078,2446378
2019-10-25,56.25141906738281,1930109
2019-10-28,56.11616134643555,2084845
2019-10-29,55.73573303222656,2286023
2019-10-30,56.87699508666992,3410396
2019-10-31,58.82136535644531,5729272
2019-11-01,59.091896057128906,2155376
2019-11-04,60.258514404296875,3263012
2019-11-05,60.562843322753906,3451163
2019-11-06,60.62202072143555,2072037
2019-11-07,60.52057647705078,2239918
2019-11-08,59.70901107788086,3156757
2019-11-11,59.599117279052734,1588796
2019-11-12,59.514583587646484,1751069
2019-11-13,59.599117279052734,2407947
2019-11-14,59.489219665527344,1815397
2019-11-15,59.53993606567383,2316728
2019-11-18,59.38776779174805,1936937
2019-11-19,59.33705139160156,2337006
2019-11-20,58.457862854003906,2869350
2019-11-21,57.90835189819336,3225866
2019-11-22,57.9337158203125,2428406
2019-11-25,58.85519027709961,2216266
2019-11-26,58.35640335083008,2733184
2019-11-27,58.92280960083008,2122498
2019-11-28,58.28032302856445,1701901
2019-11-29,58.07743453979492,1864627
2019-12-02,57.11370086669922,2975019
2019-12-03,57.20669174194336,2302071
2019-12-04,58.60157012939453,2439508
2019-12-05,58.314144134521484,2249182
2019-12-06,58.48321533203125,2863953
2019-12-09,58.13661193847656,1668692
2019-12-10,58.33104705810547,2519890
2019-12-11,58.41558074951172,2012416
2019-12-12,59.00735092163086,2538525
2019-12-13,60.03025817871094,3736984
2019-12-16,60.52057647705078,1968865
2019-12-17,59.22714614868164,3576665
2019-12-18,59.88653564453125,2751206
2019-12-19,60.03025817871094,3161161
2019-12-20,60.444488525390625,7646179
2019-12-23,62.21978759765625,3623085
2019-12-27,61.89008712768555,1907296
2019-12-30,61.55194091796875,1018336
2020-01-02,62.15215301513672,1992518
2020-01-03,61.35749435424805,2514997
2020-01-06,60.647377014160156,2317291
2020-01-07,60.977081298828125,1771542
2020-01-08,62.55794143676758,2941368
2020-01-09,63.16660690307617,2726823
2020-01-10,63.707645416259766,2632057
2020-01-13,63.17506790161133,1998984
2020-01-14,63.014434814453125,1867783
2020-01-15,63.673831939697266,1886380
2020-01-16,63.20042037963867,1702421
2020-01-17,63.614662170410156,3059657
2020-01-20,63.82600402832031,1227659
2020-01-21,64.037353515625,1730267
2020-01-22,63.132789611816406,2196629
2020-01-23,62.64247512817383,1880088
2020-01-24,63.614662170410156,4160963
2020-01-27,62.18596649169922,3399409
2020-01-28,63.95280456542969,2684513
2020-01-29,63.31877517700195,1796616
2020-01-30,62.1014289855957,2743790
2020-01-31,61.75482940673828,3760897
2020-02-03,61.98308181762695,2285251
2020-02-04,63.7414665222168,2966007
2020-02-05,65.33077239990234,3220661
2020-02-06,66.18460083007812,2446008
2020-02-07,65.62666320800781,2001080
2020-02-10,65.19551849365234,1805283
2020-02-11,65.26314544677734,1970242
2020-02-12,65.65201568603516,1665464
2020-02-13,65.34768676757812,2237053
2020-02-14,65.40685272216797,1591976
2020-02-17,64.18106842041016,2438589
2020-02-18,63.58084487915039,1901779
2020-02-19,63.80908966064453,1648665
2020-02-20,63.11589050292969,1800190
2020-02-21,62.6340217590332,3061897
2020-02-24,59.599117279052734,5617236
2020-02-25,58.998897552490234,3872762
2020-02-26,59.091896057128906,6934751
2020-02-27,56.564212799072266,6457786
2020-02-28,55.12705993652344,12903573
2020-03-02,55.05098342895508,6555565
2020-03-03,54.27322769165039,6142183
2020-03-04,56.631839752197266,5616580
2020-03-05,56.073890686035156,3656343
2020-03-06,53.91817092895508,5256308
2020-03-09,49.3869514465332,10331749
2020-03-10,47.713104248046875,8668542
2020-03-11,47.40031814575195,5988000
2020-03-12,40.75142288208008,11749482
2020-03-13,40.620391845703125,10499910
2020-03-16,40.68379211425781,11782270
2020-03-17,42.75074005126953,6985039
2020-03-18,40.66265869140625,8440189
2020-03-19,42.11248016357422,8126160
2020-03-20,42.35340881347656,11885251
2020-03-23,40.15542984008789,7078659
2020-03-24,43.66374969482422,7920997
2020-03-25,43.69756317138672,6983305
2020-03-26,43.73983383178711,4746637
2020-03-27,42.83527755737305,4787766
2020-03-30,44.534488677978516,4275809
2020-03-31,44.678199768066406,5985815
2020-04-01,44.2470588684082,4118913
2020-04-02,44.678199768066406,3364171
2020-04-03,44.83036422729492,2806018
2020-04-06,47.163612365722656,5012935
2020-04-07,48.431678771972656,4430063
2020-04-08,47.653926849365234,2634788
2020-04-09,48.58384323120117,4128261
2020-04-14,49.784278869628906,3399748
2020-04-15,47.89909362792969,3825248
2020-04-16,48.245697021484375,3075417
2020-04-17,49.51375961303711,4639461
2020-04-20,49.53912353515625,2715469
2020-04-21,49.065711975097656,3996156
2020-04-22,50.38449478149414,2726947
2020-04-23,50.62965393066406,2543468
2020-04-24,50.333770751953125,3063814
2020-04-27,53.25878143310547,4461334
2020-04-28,53.27568817138672,4846210
2020-04-29,54.186912536621094,5130729
2020-04-30,53.20491409301758,5519994
2020-05-04,51.267459869384766,5162829
2020-05-05,52.47062683105469,3256831
2020-05-06,51.709800720214844,2351880
2020-05-07,51.240909576416016,2774423
2020-05-08,51.30284881591797,2093326
2020-05-11,51.05512619018555,2620078
2020-05-12,51.683258056640625,2112790
2020-05-13,50.7985725402832,2824772
2020-05-14,49.329994201660156,4114886
2020-05-15,50.205833435058594,3496838
2020-05-18,53.399539947509766,3542045
2020-05-19,53.42608642578125,3464067
2020-05-20,52.638710021972656,3419417
2020-05-21,51.31168746948242,3004723
2020-05-22,51.002052307128906,2186220
2020-05-25,54.96543502807617,5271776
2020-05-26,54.293067932128906,3269187
2020-05-27,54.85042953491211,3979631
2020-05-28,55.69972610473633,3275258
2020-05-29,53.71803283691406,5283029
2020-06-02,56.566715240478516,4277764
2020-06-03,57.78757858276367,4655621
2020-06-04,55.46970748901367,6647216
2020-06-05,58.52186584472656,5710098
2020-06-08,60.645111083984375,5081885
2020-06-09,59.50387191772461,5119786
2020-06-10,59.40655517578125,2456552
2020-06-11,56.75250244140625,4051340
2020-06-12,57.70795822143555,4573141
2020-06-15,57.725650787353516,3405684
2020-06-16,60.92820739746094,5808849
2020-06-17,61.06975555419922,3164721
2020-06-18,60.645111083984375,3697500
2020-06-19,61.41477966308594,8674443
2020-06-22,60.73358154296875,2551266
2020-06-23,64.22807312011719,7726067
2020-06-24,61.91904830932617,5399946
2020-06-25,60.09660339355469,8661660
2020-06-26,59.088069915771484,4892874
2020-06-29,59.185386657714844,3675296
2020-06-30,58.20337677001953,5019911
2020-07-01,58.300697326660156,2914658
2020-07-02,59.344627380371094,3217733
2020-07-03,58.990753173828125,1676179
2020-07-06,59.32692337036133,2358641
2020-07-07,56.398624420166016,6030072
2020-07-08,55.991668701171875,2978987
2020-07-09,56.0359001159668,2643108
2020-07-10,56.35438919067383,2296083
2020-07-13,57.062137603759766,2638430
2020-07-14,56.61979675292969,2296859
2020-07-15,56.63748550415039,3476271
2020-07-16,55.752803802490234,2913026
2020-07-17,55.73511505126953,2869662
2020-07-20,55.071598052978516,3660513
2020-07-21,55.23968505859375,3306184
2020-07-22,53.682647705078125,3615316
2020-07-23,54.54079055786133,2930224
2020-07-24,53.691490173339844,2414684
2020-07-27,52.41754150390625,3223031
2020-07-28,52.10790252685547,3317336
2020-07-29,51.74518585205078,2277007
2020-07-30,50.05543899536133,4048665
2020-07-31,49.754642486572266,3480881
2020-08-03,51.72748947143555,3471216
2020-08-04,50.47124481201172,4337153
2020-08-05,49.666175842285156,3541864
2020-08-06,49.48039627075195,3403786
2020-08-07,49.515777587890625,2758782
2020-08-10,50.05543899536133,1942067
2020-08-11,51.09051513671875,3014999
2020-08-12,51.258609771728516,2543424
2020-08-13,50.97550582885742,1645233
2020-08-14,50.39161682128906,2180232
2020-08-17,50.665870666503906,1597213
2020-08-18,50.488929748535156,2301633
2020-08-19,51.28514862060547,1460083
2020-08-20,50.12621307373047,1990171
2020-08-21,49.83427047729492,2768839
2020-08-24,51.29399490356445,2536362
2020-08-25,51.07282638549805,2290717
2020-08-26,50.90473937988281,1584737
2020-08-27,50.020050048828125,2446392
2020-08-28,48.68417739868164,5171502
2020-08-31,49.13536834716797,2904953
2020-09-01,49.09113311767578,3035464
2020-09-02,49.781185150146484,2716064
2020-09-03,48.85226821899414,3480881
2020-09-04,48.02066421508789,4180597
2020-09-07,49.10882568359375,1999385
2020-09-08,48.66648483276367,2784137
2020-09-09,49.18844223022461,2282853
2020-09-10,48.74610900878906,2741458
2020-09-11,49.002662658691406,3514200
2020-09-14,48.931888580322266,1978470
2020-09-15,50.26776123046875,3721045
2020-09-16,49.94926834106445,2739387
2020-09-17,50.179290771484375,2171082
2020-09-18,50.62163543701172,7344395
2020-09-21,47.64909744262695,5164649
2020-09-22,47.64909744262695,2737425
2020-09-23,48.62224578857422,2277298
2020-09-24,48.13566970825195,2030543
2020-09-25,47.30406951904297,3337730
2020-09-28,47.95873260498047,2816073
2020-09-29,47.339454650878906,2114410
2020-09-30,47.16252136230469,2502977
2020-10-01,40.99626541137695,20325159
2020-10-02,39.753292083740234,11571457
2020-10-05,41.376678466796875,5490290
2020-10-06,40.96088409423828,4102295
2020-10-07,40.07619857788086,4767291
2020-10-08,40.974151611328125,4722838
2020-10-09,41.34129333496094,3390510
2020-10-12,41.01396942138672,2646398
2020-10-13,39.58962631225586,4619885
2020-10-14,39.2136344909668,3750904
2020-10-15,39.0234260559082,5305915
2020-10-16,39.642704010009766,5245029
2020-10-19,39.21805191040039,2461100
2020-10-20,38.589927673339844,3116377
2020-10-21,37.59907913208008,5096131
2020-10-22,37.44868850708008,4219432
2020-10-23,37.53273010253906,3210078
2020-10-26,37.647743225097656,3902961
2020-10-27,37.07712173461914,3777683
2020-10-28,36.011077880859375,6156789
2020-10-29,36.08185577392578,5474328
2020-10-30,35.70585632324219,5580918
2020-11-02,36.98422622680664,4187513
2020-11-03,37.12135314941406,5227566
2020-11-04,38.704933166503906,6048478
2020-11-05,38.74474334716797,4014282
2020-11-06,37.81583023071289,4114915
2020-11-09,40.85029602050781,11428009
2020-11-10,42.10212326049805,7190260
2020-11-11,42.548892974853516,3977874
2020-11-12,41.9959602355957,3282854
2020-11-13,42.19059371948242,3404925
2020-11-16,42.27463912963867,4584874
2020-11-17,42.168479919433594,2549962
2020-11-18,41.9959602355957,2725938
2020-11-19,41.04492950439453,3537630
2020-11-20,42.37195587158203,4592054
2020-11-23,42.11982345581055,3079401
2020-11-24,43.070858001708984,3492135
2020-11-25,43.477813720703125,4262711
2020-11-26,43.5308952331543,1749584
2020-11-27,43.800716400146484,2979289
2020-11-30,42.70370864868164,5577556
2020-12-01,43.062007904052734,2841186
2020-12-02,42.310028076171875,3593602
2020-12-03,42.23925018310547,2305382
2020-12-04,42.27021408081055,3297169
2020-12-07,41.72613525390625,2993769
2020-12-08,41.74825668334961,3417669
2020-12-09,41.96942138671875,2787776
2020-12-10,41.95173263549805,2278877
2020-12-11,41.08916091918945,3359104
2020-12-14,41.72171401977539,2497671
2020-12-15,41.69075393676758,2352889
2020-12-16,43.61492919921875,4706107
2020-12-17,43.42472457885742,4225524
2020-12-18,43.393760681152344,8156089
2020-12-21,41.4164924621582,4789688
2020-12-22,42.67716979980469,2729823
2020-12-23,42.624088287353516,1719175
2020-12-28,42.97796630859375,1936549
2020-12-29,42.94258117675781,2217064
2020-12-30,42.60197067260742,1497735
2021-01-04,43.6060905456543,2919926
2021-01-05,43.76975631713867,3280433
2021-01-06,45.49931335449219,4992743
2021-01-07,46.286685943603516,6096518
2021-01-08,45.56124496459961,4615110
2021-01-11,45.11005783081055,3010116
2021-01-12,44.535011291503906,3536006
2021-01-13,46.534393310546875,4067829
2021-01-14,46.614013671875,3318258
2021-01-15,46.22475814819336,4524359
2021-01-18,46.560935974121094,2167814
2021-01-19,46.89711380004883,3207911
2021-01-20,47.507545471191406,2857446
2021-01-21,46.7467155456543,3713528
2021-01-22,46.32207107543945,2981511
2021-01-25,45.55239486694336,3455580
2021-01-26,45.84434127807617,2610763
2021-01-27,44.31383514404297,4719756
2021-01-28,45.074668884277344,3877747
2021-01-29,44.15901565551758,4191653
2021-02-01,44.67655944824219,2646334
2021-02-02,45.348915100097656,3031769
2021-02-03,45.57893371582031,2397436
2021-02-04,48.00297164916992,7155200
2021-02-05,49.365386962890625,6065968
2021-02-08,48.940738677978516,3746394
2021-02-09,48.763797760009766,2550584
2021-02-10,47.861419677734375,3161110
2021-02-11,47.77295684814453,2231473
2021-02-12,47.72871780395508,2485306
2021-02-15,48.48954772949219,2269807
2021-02-16,48.25952911376953,2447054
2021-02-17,47.75525665283203,2514282
2021-02-18,46.9855842590332,2842984
2021-02-19,47.693328857421875,2910537
2021-02-22,47.56947326660156,1985273
2021-02-23,47.189064025878906,2672719
2021-02-24,48.75495147705078,3121057
2021-02-25,45.640865325927734,9199074
2021-02-26,44.34037780761719,7097729
2021-03-01,46.30437469482422,4364996
2021-03-02,46.05666732788086,2733630
2021-03-03,45.66740417480469,3103140
2021-03-04,45.86203384399414,2365335
2021-03-05,45.640865325927734,2610518
2021-03-08,47.02096939086914,3364364
2021-03-09,46.932498931884766,3337639
2021-03-10,48.179908752441406,4708329
2021-03-11,46.38399887084961,6728584
2021-03-12,46.844032287597656,3171262
2021-03-15,46.879425048828125,2842975
2021-03-16,46.80864715576172,2698813
2021-03-17,46.720184326171875,2305856
2021-03-18,47.56947326660156,3739491
2021-03-19,47.24214172363281,6236009
2021-03-22,47.13597869873047,2309745
2021-03-23,47.90565872192383,3337512
2021-03-24,47.46331024169922,2455475
2021-03-25,47.07405090332031,2482617
2021-03-26,47.07405090332031,2309482
2021-03-29,47.206756591796875,2289355
2021-03-30,47.551780700683594,2370698
2021-03-31,47.7375602722168,2977151
2021-04-01,47.09174728393555,3641900
2021-04-06,47.57831954956055,3632619
2021-04-07,47.339454650878906,2561319
2021-04-08,47.206756591796875,3148078
2021-04-09,47.189064025878906,2402907
2021-04-12,46.83518600463867,2426187
2021-04-13,46.844032287597656,3148647
2021-04-14,46.79979705810547,2522430
2021-04-15,46.782108306884766,3072583
2021-04-16,47.77295684814453,4958464
2021-04-19,48.62224578857422,4757318
2021-04-20,47.89680480957031,3928741
2021-04-21,49.40961456298828,4668969
2021-04-22,49.26806640625,2774030
2021-04-23,48.2418327331543,3715344
2021-04-26,48.50724411010742,2199004
2021-04-27,48.02066421508789,3353678
2021-04-28,49.0953369140625,4166723
2021-04-29,48.81978225708008,2348607
2021-04-30,49.43519592285156,3838529
2021-05-03,49.20556640625,2300564
2021-05-04,48.112518310546875,3703167
2021-05-05,49.13208770751953,2530906
2021-05-06,49.51786422729492,2618671
2021-05-07,49.719940185546875,2178910
2021-05-10,49.94038391113281,1898823
2021-05-11,49.07697296142578,3054070
2021-05-12,52.631675720214844,8277621
2021-05-13,52.429603576660156,3530206
2021-05-14,52.411231994628906,2938241
2021-05-17,52.144859313964844,3631003
2021-05-18,51.73151779174805,2531813
2021-05-19,51.13447189331055,3713649
2021-05-20,51.18040084838867,2962660
2021-05-21,51.428401947021484,2924304
2021-05-25,50.75788116455078,2439622
2021-05-26,50.49150466918945,1639710
2021-05-27,47.947181701660156,9042176
2021-05-28,47.98392868041992,3238094
2021-05-31,47.28583908081055,3085645
2021-06-01,47.27665710449219,2657054
2021-06-02,47.80021667480469,2766442
2021-06-03,48.075775146484375,2145585
2021-06-04,48.36970520019531,2126994
2021-06-07,48.63608169555664,2390685
2021-06-08,48.44319152832031,2470159
2021-06-09,48.69118881225586,2455740
2021-06-10,48.7922248840332,2046017
2021-06-11,49.113712310791016,1967469
2021-06-14,48.87489318847656,1776133
2021-06-15,49.2423095703125,1703725
2021-06-16,48.92081832885742,2277694
2021-06-17,49.113712310791016,2393429
2021-06-18,48.45237350463867,5761530
2021-06-21,47.937992095947266,3286683
2021-06-22,47.12050247192383,3400967
2021-06-23,46.43160629272461,4079198
2021-06-24,47.12050247192383,2420413
2021-06-25,47.570587158203125,1707670
2021-06-28,47.313392639160156,1423384
2021-06-29,47.423622131347656,1589632
2021-06-30,47.037841796875,2393813
2021-07-01,47.69917678833008,2437205
2021-07-02,47.27665710449219,1603678
2021-07-05,47.23991394042969,1373519
2021-07-06,46.55101776123047,2193925
2021-07-07,46.81739044189453,1795912
2021-07-08,46.4775390625,3747138
2021-07-09,46.68879699707031,2792924
2021-07-12,46.54183578491211,2211517
2021-07-13,46.52346420288086,1981995
2021-07-14,46.844947814941406,2214266
2021-07-15,46.413238525390625,2216987
2021-07-16,46.54183578491211,2397331
2021-07-19,45.37070846557617,3755161
2021-07-20,46.11930847167969,2647199
2021-07-21,46.90005874633789,2264485
2021-07-22,46.96435546875,1555488
2021-07-23,47.028656005859375,1734624
2021-07-26,47.18479919433594,1494920
2021-07-27,46.33975601196289,2741719
2021-07-28,46.404056549072266,2267336
2021-07-29,46.991912841796875,3942167
2021-07-30,46.192787170410156,2977898
2021-08-02,46.394866943359375,1800973
2021-08-03,46.0274543762207,2388143
2021-08-04,45.76567840576172,2505219
2021-08-05,42.28904724121094,15176323
2021-08-06,43.189205169677734,6781173
2021-08-09,43.359134674072266,2876188
2021-08-10,43.43720626831055,3400191
2021-08-11,43.441795349121094,2720152
2021-08-12,44.057212829589844,2894116
2021-08-13,43.8964729309082,2526703
2021-08-16,43.86431884765625,2118188
2021-08-17,43.96076965332031,1841355
2021-08-18,44.01129150390625,1975820
2021-08-19,43.76328659057617,2457124
2021-08-20,43.547428131103516,2566851
2021-08-23,43.8964729309082,1569913
2021-08-24,44.135292053222656,1653859
2021-08-25,43.87809753417969,1603747
2021-08-26,43.48313522338867,1960640
2021-08-27,43.45558166503906,1068979
2021-08-30,43.2994270324707,1088525
2021-08-31,43.304019927978516,2858423
2021-09-01,43.4188346862793,2621340
2021-09-02,43.80461883544922,1379207
2021-09-03,43.60713195800781,1854833
2021-09-06,43.85513687133789,1192043
2021-09-07,43.52906036376953,1581965
2021-09-08,42.711570739746094,3274794
2021-09-09,41.82518768310547,4477229
2021-09-10,42.0456428527832,2733363
2021-09-13,42.183414459228516,1864109
2021-09-14,42.155860900878906,1769140
2021-09-15,41.71037673950195,2382083
2021-09-16,41.92163848876953,1949028
2021-09-17,41.52666473388672,5719644
2021-09-20,41.581783294677734,3889600
2021-09-21,42.082374572753906,2365800
2021-09-22,42.76668167114258,2429591
2021-09-23,42.72075271606445,1810831
2021-09-24,42.706974029541016,1600822
2021-09-27,43.441795349121094,2450027
2021-09-28,43.0927619934082,2788071
2021-09-29,43.55661392211914,2396947
2021-09-30,43.1754264831543,2635111
2021-10-01,42.748313903808594,2198348
2021-10-04,42.8126106262207,1721690
2021-10-05,42.403865814208984,2251305
2021-10-06,42.56001281738281,3975407
2021-10-07,43.501502990722656,3067970
2021-10-08,43.8597297668457,1948067
2021-10-11,44.654258728027344,3141349
2021-10-12,43.82758331298828,2603595
2021-10-13,43.248905181884766,2863167
2021-10-14,43.88728332519531,2595365
2021-10-15,43.98373031616211,2973506
2021-10-18,42.81719970703125,2900402
2021-10-19,43.42802047729492,3984741
2021-10-20,44.25010299682617,2975899
2021-10-21,44.263885498046875,1970574
2021-10-22,44.3832893371582,1491925
2021-10-25,44.507293701171875,2017128
2021-10-26,44.814998626708984,1993027
2021-10-27,44.635887145996094,1798749
2021-10-28,44.76448440551758,1673032
2021-10-29,44.704776763916016,3379273
2021-11-01,45.448787689208984,2146690
2021-11-02,45.91264343261719,2871038
2021-11-03,46.15605163574219,2334202
2021-11-04,45.8804931640625,1972173
2021-11-05,45.673824310302734,2279876
2021-11-08,45.935604095458984,1919857
2021-11-09,46.615318298339844,3703576
2021-11-10,47.07457733154297,3201356
2021-11-11,46.71635055541992,1991999
2021-11-12,46.65205383300781,2247535
2021-11-15,46.266273498535156,1711118
2021-11-16,46.03664016723633,1974335
2021-11-17,45.82997512817383,2509295
2021-11-18,45.283447265625,2286031
2021-11-19,44.21336364746094,4544149
2021-11-22,44.273067474365234,2693431
2021-11-23,44.71855545043945,2711486
2021-11-24,43.602542877197266,3460615
2021-11-25,43.56121063232422,2009929
2021-11-26,41.82978820800781,5036499
2021-11-29,41.62770462036133,3396678
2021-11-30,40.89288330078125,5823669
2021-12-01,41.67362976074219,3425864
2021-12-02,41.27407455444336,3055218
2021-12-03,40.64947509765625,4169355
2021-12-06,40.95259094238281,4171772
2021-12-07,40.95259094238281,0
2021-12-08,42.01348876953125,2628899
2021-12-09,42.0548210144043,2204413
2021-12-10,42.8126106262207,3617352
2021-12-13,42.780460357666016,5521261
2021-12-14,42.62430953979492,2688710
2021-12-15,42.201786041259766,3056948
2021-12-16,42.899871826171875,3403857
2021-12-17,42.734535217285156,5025504
2021-12-20,41.659854888916016,3334442
2021-12-21,41.889488220214844,3143313
2021-12-22,42.00429916381836,1448260
2021-12-23,42.82638931274414,2281520
2021-12-27,43.25349807739258,1480275
2021-12-28,43.308616638183594,1412889
2021-12-29,43.12490463256836,1341451
2021-12-30,43.170833587646484,1558821
2022-01-03,43.79084014892578,2078776
2022-01-04,44.566993713378906,3116162
2022-01-05,44.81040573120117,2394804
2022-01-06,44.392478942871094,2427637
2022-01-07,44.814998626708984,2903500
2022-01-10,45.96316146850586,4347722
2022-01-11,47.12050247192383,4861439
2022-01-12,46.97353744506836,3878207
2022-01-13,46.90005874633789,2340415
2022-01-14,48.30540466308594,5418832
2022-01-17,48.51667404174805,2340139
2022-01-18,47.8185920715332,3543513
2022-01-19,47.873695373535156,2849403
2022-01-20,48.40644454956055,2510174
2022-01-21,47.414432525634766,3368244
2022-01-24,45.92641830444336,4413530
2022-01-25,46.67960739135742,3264976
2022-01-26,47.35014343261719,2686001
2022-01-27,48.29622268676758,3124651
2022-01-28,48.525856018066406,3338588
2022-01-31,49.45356750488281,6044092
2022-02-01,49.747493743896484,3134533
2022-02-02,49.3525276184082,2621827
2022-02-03,48.645263671875,3325324
2022-02-04,48.33295822143555,3241573
2022-02-07,48.764671325683594,2362057
2022-02-08,48.48911666870117,2702511
2022-02-09,48.95756149291992,2169834
2022-02-10,50.1424674987793,4524544
2022-02-11,49.710750579833984,2888939
2022-02-14,48.470741271972656,5032372
2022-02-15,49.50868225097656,2893748
2022-02-16,49.664833068847656,2248957
2022-02-17,49.67401885986328,3180088
2022-02-18,49.60053253173828,4900077
2022-02-21,48.70956039428711,3395424
2022-02-22,48.140071868896484,4602460
2022-02-23,48.63608169555664,3610970
2022-02-24,46.4775390625,8314531
2022-02-25,48.571781158447266,5534135
2022-02-28,47.313392639160156,4908626
2022-03-01,47.68999099731445,7328894
2022-03-02,49.60053253173828,5317521
2022-03-03,49.23311996459961,4856065
2022-03-04,47.001094818115234,6233840
2022-03-07,46.55101776123047,6619671
2022-03-08,46.394866943359375,5799171
2022-03-09,49.38927459716797,7073552
2022-03-10,49.38927459716797,4539400
2022-03-11,50.858917236328125,5885146
2022-03-14,51.22632598876953,3866862
2022-03-15,51.382476806640625,3373508
2022-03-16,52.337745666503906,4920600
2022-03-17,53.136863708496094,4011495
2022-03-18,53.28383255004883,5606710
2022-03-21,53.88087463378906,3492017
2022-03-22,54.349327087402344,3771365
2022-03-23,54.58814239501953,2786176
2022-03-24,54.67999267578125,2862356
2022-03-25,55.681190490722656,3660553
2022-03-28,55.94756317138672,4370557
2022-03-29,56.92120361328125,3725778
2022-03-30,56.829345703125,3262342
2022-03-31,57.04060745239258,3453128
2022-04-01,57.885658264160156,3447292
2022-04-04,59.76864242553711,5361734
2022-04-05,59.75945281982422,3466499
2022-04-06,59.97990798950195,4121766
2022-04-07,60.16360855102539,4389764
2022-04-08,61.394432067871094,3522431
2022-04-11,62.21192932128906,3679535
2022-04-12,61.92717742919922,4903625
2022-04-13,62.01903533935547,3245883
2022-04-14,61.816959381103516,3830187
2022-04-19,61.00865173339844,3320928
2022-04-20,59.76864242553711,5384855
2022-04-21,59.76864242553711,0
2022-04-22,60.788204193115234,3305780
2022-04-25,59.180782318115234,3430959
2022-04-26,58.78581619262695,4331458
2022-04-27,58.78581619262695,0
2022-04-28,56.939579010009766,4597094
2022-04-29,57.77543640136719,4788148
2022-05-02,57.09237289428711,3200564
2022-05-03,58.00312042236328,3537487
2022-05-04,57.965171813964844,2922935
2022-05-05,57.43390655517578,2225486
2022-05-06,57.43390655517578,0
2022-05-09,55.70728302001953,3771768
2022-05-10,58.71464157104492,6545699
2022-05-11,55.062171936035156,9686962
2022-05-12,57.301090240478516,5388302
2022-05-13,57.301090240478516,0
2022-05-16,59.966915130615234,3566730
2022-05-17,60.830230712890625,3130456
2022-05-18,60.526649475097656,2419105
2022-05-19,60.14717483520508,2747497
2022-05-20,60.4697265625,2625237
2022-05-23,61.16227340698242,2202703
2022-05-24,60.042816162109375,2582622
2022-05-25,60.042816162109375,0
2022-05-26,62.51890563964844,3149253
2022-05-27,62.51890563964844,0
2022-05-30,62.51890563964844,0
2022-05-31,63.16401672363281,3810150
2022-06-01,63.31580352783203,3014488
2022-06-02,63.31580352783203,0
2022-06-03,62.72761917114258,1503071
2022-06-06,63.258888244628906,1810759
2022-06-07,62.537872314453125,2620109
2022-06-08,62.490447998046875,2415634
2022-06-09,62.03506851196289,2223991
2022-06-10,60.2989616394043,3461306
2022-06-13,60.21357727050781,3889793
2022-06-14,60.34639358520508,3514211
2022-06-15,60.27998733520508,2960355
2022-06-16,58.58182907104492,3008124
2022-06-17,59.340782165527344,7095172
2022-06-20,60.109222412109375,2470178
2022-06-21,58.875919342041016,6229104
2022-06-22,57.62364959716797,4196714
2022-06-23,55.53651809692383,3993698
2022-06-24,54.82499694824219,5321307
2022-06-27,56.352394104003906,4001268
2022-06-28,57.13981246948242,2795521
2022-06-29,54.66372299194336,3447646
2022-06-30,53.809898376464844,3198388
2022-07-01,54.407569885253906,2173516
2022-07-04,54.303218841552734,1710426
2022-07-05,52.67146301269531,3472768
2022-07-06,53.30708694458008,2354615
2022-07-07,53.68656921386719,2077345
2022-07-08,54.86294937133789,2550293
2022-07-11,53.26914596557617,2109888
2022-07-12,53.26914596557617,0
2022-07-13,53.26914596557617,2304607
2022-07-14,51.62789535522461,2446842
2022-07-15,52.77582550048828,2561043
2022-07-18,52.586082458496094,1774354
2022-07-19,55.090633392333984,3225844
2022-07-20,55.821128845214844,2622082
2022-07-21,54.45500946044922,3192496
2022-07-22,53.87630844116211,1615281
2022-07-25,54.730133056640625,1418004
2022-07-26,54.730133056640625,1383446
2022-07-27,54.094505310058594,1962430
2022-07-28,54.075531005859375,2410070
2022-07-29,54.075531005859375,2585670
2022-08-01,53.809898376464844,1741557
2022-08-02,55.02422332763672,2388667
2022-08-03,55.7452278137207,2004701
2022-08-04,54.341163635253906,3383752
2022-08-05,50.546390533447266,6106060
2022-08-08,50.23332214355469,5017442
2022-08-09,49.48385238647461,3255300
2022-08-10,49.2371940612793,2240622
2022-08-11,49.028480529785156,2319226
2022-08-12,51.37175750732422,4532250
2022-08-15,50.81203079223633,2133153
2022-08-16,51.51405715942383,2410144
2022-08-17,50.631771087646484,1827257
2022-08-18,51.286373138427734,1734162
2022-08-19,51.60893249511719,2960907
2022-08-22,50.66971969604492,2183149
2022-08-23,50.74562072753906,2310282
2022-08-24,50.726646423339844,1691847
2022-08-25,51.75122833251953,2142222
2022-08-26,50.94484329223633,2385448
2022-08-29,48.44977569580078,4422188
2022-08-30,49.19924545288086,3280969
2022-08-31,49.90127944946289,4171490
2022-09-01,48.554134368896484,2478227
2022-09-02,49.92974090576172,2664322
2022-09-05,49.15181350708008,1587137
2022-09-06,48.86720275878906,1930233
2022-09-07,48.44029235839844,2429549
2022-09-08,49.246681213378906,3547177
2022-09-09,50.15742111206055,2320655
2022-09-12,51.31483459472656,1970486
2022-09-13,51.09663391113281,0
2022-09-14,50.97330093383789,2076536
2022-09-15,50.39459991455078,2221686
2022-09-16,49.60718536376953,4445433
2022-09-19,49.73051071166992,1301283
2022-09-20,49.407958984375,1691902
2022-09-21,49.474369049072266,1500256
2022-09-22,48.85771942138672,2016895
2022-09-23,47.0314826965332,2994304
2022-09-26,45.8883056640625,3191043
2022-09-27,45.77920150756836,2427323
2022-09-28,45.71754455566406,2961208
2022-09-29,45.27165603637695,2650625
2022-09-30,44.98230743408203,3141744
2022-10-03,45.49460220336914,1670533
2022-10-04,46.149200439453125,3181766
2022-10-05,46.15394592285156,2265672
2022-10-06,45.25743103027344,1771630
2022-10-07,44.9870491027832,2345429
2022-10-10,45.09614181518555,2130813
2022-10-11,45.930999755859375,1846434
2022-10-12,46.67097854614258,2945408
2022-10-13,47.24018859863281,2456442
2022-10-14,46.48598098754883,2431375
2022-10-17,47.64339065551758,1569333
2022-10-18,47.18327331542969,1826716
2022-10-19,47.197505950927734,1593739
2022-10-20,47.244937896728516,1649427
2022-10-21,47.43467712402344,2516317
2022-10-24,48.38336944580078,1678037
2022-10-25,48.26003646850586,1733522
2022-10-26,49.12335205078125,1766250
2022-10-27,49.407958984375,1653514
2022-10-28,49.996150970458984,1793762
2022-10-31,50.48946762084961,1294848
2022-11-01,51.09663391113281,1462477
2022-11-02,50.66971969604492,1476862
2022-11-03,50.34716796875,1458818
2022-11-04,51.11560821533203,2096827
2022-11-07,51.495086669921875,1850537
2022-11-08,49.047454833984375,5620757
2022-11-09,47.681339263916016,5763390
2022-11-10,48.772335052490234,0
2022-11-11,47.61492919921875,4270279
2022-11-14,48.686946868896484,2890597
2022-11-15,50.67920684814453,3906364
2022-11-16,49.920249938964844,2573663
2022-11-17,49.83487319946289,1647556
2022-11-18,51.03022766113281,3460506
2022-11-21,51.60893249511719,1821316
2022-11-22,51.80815505981445,2067401
2022-11-23,51.69430923461914,1862807
2022-11-24,52.66197967529297,1744348
2022-11-25,52.60505294799805,0
2022-11-28,52.88966369628906,1872633
2022-11-29,53.088890075683594,1668243
2022-11-30,52.53865051269531,4165305
2022-12-01,52.20660400390625,1927690
2022-12-02,52.02635192871094,2184541
2022-12-05,50.36613845825195,3062782
2022-12-06,50.17639923095703,1862121
2022-12-07,50.09101486206055,1997961
2022-12-08,50.02461242675781,2064612
2022-12-09,50.16691207885742,1885140
2022-12-12,49.635650634765625,1868196
2022-12-13,49.758975982666016,2341650
2022-12-14,49.37949752807617,3136941
2022-12-15,47.89004898071289,3413536
2022-12-16,46.06855773925781,9213424
2022-12-19,46.300987243652344,2310033
2022-12-20,46.836997985839844,2745130
2022-12-21,46.49546813964844,2421742
2022-12-22,46.0590705871582,1991801
2022-12-23,46.12548065185547,1465833
2022-12-27,45.997406005859375,1296816
2022-12-28,46.16817092895508,1327402
2022-12-29,46.708927154541016,1303740
2022-12-30,45.845611572265625,1085279
2023-01-02,46.95558547973633,1400857
2023-01-03,46.69943618774414,2241087
2023-01-04,46.984046936035156,3050559
2023-01-05,47.21173095703125,2330820
2023-01-06,47.95645523071289,2108143
2023-01-09,49.19924545288086,4945513
2023-01-10,51.191505432128906,5039098
2023-01-11,53.04145431518555,5435157
2023-01-12,53.487342834472656,3386501
2023-01-13,54.46449661254883,3875890
2023-01-16,54.49295425415039,1479439
2023-01-17,54.08501434326172,2365118
2023-01-18,53.39247131347656,2443283
2023-01-19,52.861202239990234,2593212
2023-01-20,53.496829986572266,2173507
2023-01-23,53.088890075683594,1670144
2023-01-24,52.67146301269531,1698502
2023-01-25,52.633514404296875,1634294
2023-01-26,53.16478729248047,1774988
2023-01-27,53.16478729248047,0
2023-01-30,53.98066329956055,1996770
2023-01-31,54.075531005859375,2169496
2023-02-01,53.60118103027344,2263612
2023-02-02,53.88579559326172,2305919
2023-02-03,53.77194595336914,1972317
2023-02-06,55.20447540283203,3451097
2023-02-07,55.92548370361328,2633760
2023-02-08,59.28386306762695,5781853
2023-02-09,57.329551696777344,7460309
2023-02-10,55.783180236816406,3386953
2023-02-13,56.49469757080078,1795029
2023-02-14,57.35801315307617,2443717
2023-02-15,57.0544319152832,2517653
2023-02-16,56.39983367919922,2313617
2023-02-17,56.086761474609375,1912140
2023-02-20,55.915992736816406,986745
2023-02-21,56.21009063720703,1662729
2023-02-22,56.029842376708984,1488227
2023-02-23,56.83622741699219,1873376
2023-02-24,55.61241149902344,5309442
2023-02-27,55.574466705322266,2168680
2023-02-28,53.40195846557617,8452781
2023-03-01,53.449398040771484,2980050
2023-03-02,53.90476608276367,2530685
2023-03-03,54.644744873046875,1779945
2023-03-06,54.673213958740234,1459995
2023-03-07,54.312705993652344,2098090
2023-03-08,55.47011184692383,2955610
2023-03-09,55.0432014465332,1486828
2023-03-10,54.73961639404297,2234812
2023-03-13,53.18375778198242,3238876
2023-03-14,54.284244537353516,1693347
2023-03-15,52.88966369628906,2984296
2023-03-16,52.90863800048828,2795575
2023-03-17,52.94658660888672,6773765
2023-03-20,53.15530014038086,2304644
2023-03-21,54.246299743652344,2006943
2023-03-22,53.72451400756836,1909871
2023-03-23,53.069915771484375,1586844
2023-03-24,52.699928283691406,2400463
2023-03-27,53.12683868408203,1576063
2023-03-28,53.95220184326172,1747012
2023-03-29,54.33168029785156,1871787
2023-03-30,54.81550598144531,1504546
2023-03-31,55.70728302001953,2435611
2023-04-03,56.04881286621094,1211744
2023-04-04,55.80215072631836,1401576
2023-04-05,56.46623992919922,1761863
2023-04-06,57.452880859375,1632485
2023-04-11,57.22519302368164,1503249
2023-04-12,57.006996154785156,1997111
2023-04-13,57.9177360534668,2155595
2023-04-14,58.21183776855469,1610197
2023-04-17,58.36362838745117,1316059
2023-04-18,58.249778747558594,1425467
2023-04-19,58.14542770385742,1138702
2023-04-20,57.86082077026367,1721820
2023-04-21,57.57620620727539,3055498
2023-04-24,57.329551696777344,1495949
2023-04-25,57.329551696777344,1248397
2023-04-26,57.02596664428711,2014761
2023-04-27,56.65597915649414,1691781
2023-04-28,56.69392013549805,2760911
2023-05-02,56.53578567504883,2573922
2023-05-03,56.53578567504883,1689854
2023-05-04,57.425331115722656,1927430
2023-05-05,58.018367767333984,2041353
2023-05-08,57.632896423339844,1587358
2023-05-09,57.65266418457031,1654069
2023-05-10,57.613128662109375,2078000
2023-05-11,53.313636779785156,8999701
2023-05-12,53.1060791015625,4215771
2023-05-15,52.68107223510742,4194448
2023-05-16,53.027008056640625,2431079
2023-05-17,53.165382385253906,2184267
2023-05-18,53.481666564941406,1484439
2023-05-19,53.956092834472656,2603063
2023-05-22,53.29386901855469,1390032
2023-05-23,53.422359466552734,1883043
2023-05-24,53.333404541015625,2083674
2023-05-25,52.7601432800293,2648807
2023-05-26,53.7682991027832,1974691
2023-05-29,53.718875885009766,688645
2023-05-30,52.79967498779297,1621276
2023-05-31,51.534542083740234,4095150
2023-06-01,51.297332763671875,2065942
2023-06-02,51.999080657958984,2111109
2023-06-05,51.514774322509766,1440425
2023-06-06,51.67291259765625,1234632
2023-06-07,51.524658203125,1121647
2023-06-08,51.34674835205078,1150651
2023-06-09,50.5560417175293,2279219
2023-06-12,50.51650619506836,2271079
2023-06-13,50.68452453613281,2230734
2023-06-14,51.198486328125,2156381
2023-06-15,51.208377838134766,1460625
2023-06-16,51.72233581542969,4699066
2023-06-19,51.02057647705078,1237057
2023-06-20,50.2990608215332,1726998
2023-06-21,50.2792854309082,1910343
2023-06-22,49.9135856628418,1827228
2023-06-23,49.9135856628418,1945610
2023-06-26,49.50834655761719,1586562
2023-06-27,49.67637252807617,1746402
2023-06-28,49.71590805053711,2863584
2023-06-29,49.923465728759766,1686807
2023-06-30,50.08161163330078,3000434
2023-07-03,49.98277282714844,2012831
2023-07-04,49.98277282714844,890173
2023-07-05,49.844398498535156,1569842
2023-07-06,48.055416107177734,3480529
2023-07-07,48.19378662109375,2234574
2023-07-10,48.95979309082031,3943634
2023-07-11,49.23160171508789,2179455
2023-07-12,49.36503219604492,2689260
2023-07-13,50.042076110839844,2107415
2023-07-14,49.725791931152344,1807382
2023-07-17,49.636837005615234,963689
2023-07-18,50.80313491821289,2134803
2023-07-19,50.76359939575195,2096572
2023-07-20,51.5543098449707,2116863
2023-07-21,51.33686447143555,2771741
2023-07-24,50.89208984375,1726040
2023-07-25,51.12929916381836,4506875
2023-07-26,50.9217414855957,1517424
2023-07-27,51.67291259765625,2278171
2023-07-28,51.791526794433594,1658843
2023-07-31,52.522926330566406,2773568
2023-08-01,52.35490417480469,1562342
2023-08-02,51.39616394042969,1832027
2023-08-03,50.99093246459961,1573880
2023-08-04,51.02057647705078,1260065
2023-08-07,51.76186752319336,1655500
2023-08-08,51.71245193481445,3707953
2023-08-09,51.415931701660156,1751506
2023-08-10,52.078155517578125,1875102
2023-08-11,51.95954513549805,1478473
2023-08-14,52.097923278808594,1148931
2023-08-15,51.26767349243164,1104788
2023-08-16,50.40778350830078,2016502
2023-08-17,50.733951568603516,1280422
2023-08-18,49.73567581176758,2365030
2023-08-21,49.547882080078125,968058
2023-08-22,49.60718536376953,979709
2023-08-23,49.69614028930664,1246252
2023-08-24,49.3106689453125,1682071
2023-08-25,49.46881103515625,1325606
2023-08-28,49.794979095458984,1098333
2023-08-29,50.08161163330078,1450797
2023-08-30,49.82463073730469,1002672
2023-08-31,49.953121185302734,2091559
2023-09-01,50.2792854309082,1701732
2023-09-04,50.05195999145508,704556
2023-09-05,50.06184387207031,1042458
2023-09-06,49.53799819946289,1191879
2023-09-07,49.6566047668457,1453861
2023-09-08,49.60718536376953,2070344
2023-09-11,50.6054573059082,1933344
2023-09-12,50.08161163330078,1105592
2023-09-13,47.76384353637695,4606583
2023-09-14,48.32722473144531,2854323
2023-09-15,48.82636260986328,5068755
2023-09-18,48.08012390136719,1202392
2023-09-19,48.361820220947266,1055190
2023-09-20,48.584205627441406,1223613
2023-09-21,47.21528625488281,3229778
2023-09-22,47.086795806884766,1922767
2023-09-25,45.78212356567383,3541715
2023-09-26,45.14955520629883,2427687
2023-09-27,45.189090728759766,1687807
2023-09-28,44.82338333129883,2516264
2023-09-29,44.9222297668457,2443116
2023-10-02,44.344024658203125,1824295
2023-10-03,43.370460510253906,2712839
2023-10-04,43.7509880065918,1982779
2023-10-05,43.360572814941406,1959463
2023-10-06,43.563194274902344,2379227
2023-10-09,42.93556594848633,1785977
2023-10-10,44.240238189697266,1927429
2023-10-11,44.33413314819336,2498262
2023-10-12,43.74604797363281,1860564
2023-10-13,43.054176330566406,2161659
2023-10-16,43.088768005371094,1875681
2023-10-17,42.69835662841797,3277689
2023-10-18,42.03119659423828,1890849
2023-10-19,41.65560531616211,2087063
2023-10-20,40.993385314941406,3473777
2023-10-23,40.50907516479492,3399493
2023-10-24,40.80559158325195,1744641
2023-10-25,40.558494567871094,2168945
2023-10-26,40.28668212890625,1998107
2023-10-27,40.039588928222656,2178421
2023-10-30,40.207618713378906,1665930
2023-10-31,40.18785095214844,2048730
2023-11-01,39.8023796081543,2358066
2023-11-02,40.8006477355957,2145758
2023-11-03,41.571590423583984,2447512
2023-11-06,41.571590423583984,1545359
2023-11-07,41.2800178527832,1698581
2023-11-08,40.94890594482422,6516971
2023-11-09,41.319557189941406,3221061
2023-11-10,39.6887092590332,4221665
2023-11-13,39.78261184692383,3111047
2023-11-14,40.1680793762207,3409922
2023-11-15,40.61285400390625,2768446
2023-11-16,40.128543853759766,2669872
2023-11-17,40.96867752075195,2786985
2023-11-20,33.610130310058594,37388007
2023-11-21,33.590362548828125,11142832
2023-11-22,32.4339485168457,9749377
2023-11-23,32.567378997802734,3970166
2023-11-24,32.26591873168945,4357645
2023-11-27,31.2923583984375,5741503
2023-11-28,30.200191497802734,7371246
2023-11-29,30.313854217529297,4747728
2023-11-30,30.99584197998047,6045158
2023-12-01,30.748746871948242,4898592
2023-12-04,30.467056274414062,3805359
2023-12-05,31.336835861206055,4058062
2023-12-06,32.01388168334961,5146308
2023-12-07,31.460384368896484,3601449
2023-12-08,31.524629592895508,4260300
2023-12-11,31.124332427978516,3958199
2023-12-12,30.97607421875,2829674
2023-12-13,30.699325561523438,3597327
2023-12-14,31.524629592895508,5735505
2023-12-15,31.73219108581543,8388665
2023-12-18,31.737133026123047,3880885
2023-12-19,31.821144104003906,4354810
2023-12-20,32.176963806152344,4356286
2023-12-21,32.23627471923828,3152744
2023-12-22,32.32522964477539,3189514
2023-12-27,33.07639694213867,4058362
2023-12-28,33.101112365722656,3022343
2023-12-29,33.23948669433594,2153339
2024-01-02,33.926414489746094,3809729
2024-01-03,34.00547790527344,4276838
2024-01-04,34.825843811035156,4047854
2024-01-05,34.81101989746094,3276552
2024-01-08,34.830787658691406,4787454
2024-01-09,35.181663513183594,3333644
2024-01-10,34.35635757446289,4112352
2024-01-11,33.39762496948242,3542989
2024-01-12,33.8522834777832,2796163
2024-01-15,33.1604118347168,3233948
2024-01-16,33.14064407348633,2528088
2024-01-17,32.819419860839844,2696571
2024-01-18,32.14237594604492,6886367
2024-01-19,32.01388168334961,3283379
2024-01-22,32.47348403930664,2247065
2024-01-23,32.14237594604492,3183477
2024-01-24,32.246150970458984,2447384
2024-01-25,32.246150970458984,2215805
2024-01-26,31.93975067138672,4560617
2024-01-29,30.387983322143555,9446748
2024-01-30,29.73070526123047,5676049
2024-01-31,28.564409255981445,9830769
2024-02-01,27.946664810180664,7397296
2024-02-02,28.356847763061523,4588610
2024-02-05,28.258007049560547,4184466
2024-02-06,28.86586570739746,7038212
2024-02-07,28.366731643676758,3874848
2024-02-08,27.422821044921875,4978754
2024-02-09,27.462356567382812,3203203
2024-02-12,27.99608612060547,3443755
2024-02-13,27.585905075073242,3609641
2024-02-14,27.744047164916992,2680744
2024-02-15,27.72922134399414,4310224
2024-02-16,28.27777671813965,4737773
2024-02-19,28.564409255981445,3542983
2024-02-20,28.43097496032715,8855793
2024-02-21,28.594058990478516,4044652
2024-02-22,28.574291229248047,3672873
2024-02-23,28.480396270751953,3323501
2024-02-26,28.25306510925293,2182694
2024-02-27,28.796680450439453,3228002
2024-02-28,28.228355407714844,2815831
2024-02-29,27.763813018798828,6695070
2024-03-01,28.001028060913086,5814169
2024-03-04,27.753931045532227,4337012
2024-03-05,25.65360450744629,11895736
2024-03-06,26.335594177246094,9128697
2024-03-07,26.098379135131836,11836438
2024-03-08,25.969890594482422,4932498
2024-03-11,26.508562088012695,4664684
2024-03-12,26.18239402770996,4177910
2024-03-13,26.05390167236328,3351866
2024-03-14,25.722793579101562,3608300
2024-03-15,25.930355072021484,9539161
2024-03-18,25.910587310791016,2958874
2024-03-19,25.56959342956543,4135183
2024-03-20,25.910587310791016,3368627
2024-03-21,26.172510147094727,3619141
2024-03-22,26.434432983398438,4290025
2024-03-25,26.528329849243164,3904010
2024-03-26,26.99781608581543,4021884
2024-03-27,28.089982986450195,5618319
2024-03-28,28.099868774414062,3854662
2024-04-02,27.669918060302734,4180578
2024-04-03,28.43097496032715,0
2024-04-04,28.228355407714844,3497344
2024-04-05,27.11642074584961,5547572
2024-04-08,27.007699966430664,5126028
2024-04-09,27.076885223388672,4805903
2024-04-10,27.25479507446289,3583402
2024-04-11,26.706241607666016,3313778
2024-04-12,26.651880264282227,3638040
2024-04-15,26.152740478515625,4111723
2024-04-16,25.77715492248535,3296976
2024-04-17,25.945178985595703,2359047
2024-04-18,25.93529510498047,2759804
2024-04-19,26.019309997558594,4224860
2024-04-22,26.99781608581543,4999901
2024-04-23,27.027463912963867,3055329
2024-04-24,26.656818389892578,2710724
2024-04-25,26.582691192626953,3533816
2024-04-26,27.081825256347656,4690278
2024-04-29,27.379539489746094,2430613
2024-04-30,27.14137077331543,3426001
2024-05-02,27.91541862487793,5554757
2024-05-03,27.806259155273438,2582716
2024-05-06,27.8459529876709,1803823
2024-05-07,28.26771354675293,3346510
2024-05-08,28.257787704467773,2244692
2024-05-09,28.471147537231445,1997631
2024-05-10,28.734127044677734,3655535
2024-05-13,29.155881881713867,3538582
2024-05-14,28.99710464477539,7096306
2024-05-15,29.101303100585938,3645309
2024-05-16,28.431453704833984,4713509
2024-05-17,28.36198616027832,2757036
2024-05-20,28.446338653564453,1420239
2024-05-21,28.099008560180664,3221103
2024-05-22,28.17839813232422,2813470
2024-05-23,27.374574661254883,3579724
2024-05-24,27.419231414794922,2748973
2024-05-27,28.054351806640625,2309474
2024-05-28,27.587936401367188,3407151
2024-05-29,26.7196102142334,4090346
2024-05-30,27.840991973876953,3871814
2024-05-31,28.024580001831055,5104857
2024-06-03,28.40664291381836,2552917
2024-06-04,28.118854522705078,3399279
2024-06-05,28.376873016357422,3985730
2024-06-06,28.168474197387695,2690304
2024-06-07,27.875722885131836,2672879
2024-06-10,27.26541519165039,2698037
2024-06-11,26.873428344726562,2829421
2024-06-12,27.61274528503418,3027123
2024-06-13,27.13640594482422,4481855
2024-06-14,26.858543395996094,2631174
2024-06-17,25.930673599243164,5256198
2024-06-18,25.940597534179688,1921933
2024-06-19,25.42456817626953,2382855
2024-06-20,25.801666259765625,3094201
2024-06-21,25.801666259765625,5139578
2024-06-24,26.451671600341797,2573428
2024-06-25,25.950523376464844,3314177
2024-06-26,25.78678321838379,1743278
2024-06-27,25.91082763671875,1927557
2024-06-28,26.178768157958984,2907526
2024-07-01,25.97037124633789,2693442
2024-07-02,25.657772064208984,5166449
2024-07-03,26.024951934814453,2303105
2024-07-04,26.005104064941406,1199233
2024-07-05,25.965408325195312,1721022
2024-07-08,25.856246948242188,1889845
2024-07-09,25.156625747680664,3471125
2024-07-10,25.92571449279785,3232553
2024-07-11,26.436784744262695,3450070
2024-07-12,26.729534149169922,3192136
2024-07-15,26.183731079101562,2313227
2024-07-16,25.856246948242188,2746880
2024-07-17,26.47648048400879,2975049
2024-07-18,26.764266967773438,2709990
2024-07-19,26.05968475341797,3696101
2024-07-22,27.101673126220703,4283967
2024-07-23,26.764266967773438,2614550
2024-07-24,26.76923179626465,3055122
2024-07-25,27.319995880126953,3542217
2024-07-26,27.255491256713867,2472083
2024-07-29,27.22572135925293,1874230
2024-07-30,27.389463424682617,2369288
2024-07-31,27.285263061523438,2882955
2024-08-01,27.061979293823242,2094651
2024-08-02,27.146329879760742,2918202
2024-08-05,26.739458084106445,5083343
2024-08-06,25.12189292907715,7238309
2024-08-07,25.915790557861328,3276214
2024-08-08,26.148996353149414,2404091
2024-08-09,25.76693344116211,2110546
2024-08-12,25.761972427368164,1534395
2024-08-13,25.78678321838379,1694580
2024-08-14,25.637924194335938,1613179
2024-08-15,26.074569702148438,2528923
2024-08-16,28.778783798217773,12456644
2024-08-19,28.86313247680664,2729212
2024-08-20,28.054351806640625,3171433
2024-08-21,27.895572662353516,1791358
2024-08-22,27.49862289428711,1809296
2024-08-23,27.652441024780273,1624540
2024-08-26,27.344806671142578,1244383
2024-08-27,27.329919815063477,1728988
2024-08-28,27.39938735961914,1780919
2024-08-29,27.59786033630371,2190009
2024-08-30,27.652441024780273,2217316
2024-09-02,27.81618309020996,1835813
2024-09-03,27.59786033630371,2732336
2024-09-04,27.677249908447266,1976412
2024-09-05,28.75397300720215,4764490
2024-09-06,28.689468383789062,4195017
2024-09-09,28.461223602294922,2466824
2024-09-10,27.404348373413086,3067058
2024-09-11,26.80396270751953,3318540
2024-09-12,26.585641860961914,2311901
2024-09-13,26.77419090270996,2262534
2024-09-16,26.506250381469727,2676859
2024-09-17,27.255491256713867,3149519
2024-09-18,27.71198081970215,2117253
2024-09-19,28.74901008605957,5125054
2024-09-20,28.441377639770508,7144308
2024-09-23,28.366947174072266,1930325
2024-09-24,28.773820877075195,2339392
2024-09-25,28.49099349975586,2567801
2024-09-26,28.89290428161621,2993776
2024-09-27,30.153217315673828,5203870
2024-09-30,30.09367561340332,3590525
2024-10-01,30.21276092529297,3449291
2024-10-02,30.16314125061035,1688878
2024-10-03,29.637184143066406,1945021
2024-10-04,29.5776424407959,1910395
2024-10-07,29.542909622192383,2238729
2024-10-08,29.01198959350586,1920917
2024-10-09,27.042133331298828,11669865
2024-10-10,26.565793991088867,4751910
2024-10-11,26.064645767211914,5195120
2024-10-14,25.905866622924805,4155222
2024-10-15,26.327625274658203,4105427
2024-10-16,26.223424911499023,3972932
2024-10-17,26.297853469848633,1924598
2024-10-18,26.17380714416504,2181214
2024-10-21,25.90090560913086,0
2024-10-22,25.677621841430664,3284558
2024-10-23,25.42456817626953,1977285
2024-10-24,25.533727645874023,2174295
2024-10-25,25.55357551574707,1581452
2024-10-28,25.905866622924805,2382938
2024-10-29,25.355098724365234,2439331
2024-10-30,24.804332733154297,4582959
2024-10-31,24.605859756469727,2699870
2024-11-01,24.605859756469727,0
2024-11-04,24.556241989135742,2022884
2024-11-05,24.392499923706055,2305227
2024-11-06,23.76234245300293,5012985
2024-11-07,24.179140090942383,2818998
2024-11-08,23.89631462097168,2351463
2024-11-11,24.233720779418945,2255121
2024-11-12,20.720722198486328,22087126
2024-11-13,19.991331100463867,9619752
2024-11-14,20.3436222076416,8721565
2024-11-15,20.150110244750977,6159392
2024-11-18,20.060794830322266,5638054
2024-11-19,20.00125503540039,4408298
2024-11-20,19.394916534423828,4709216
2024-11-21,19.36911392211914,5663087
2024-11-22,19.65094566345215,4478001
2024-11-25,19.777969360351562,5390462
2024-11-26,18.75185775756836,7749454
2024-11-27,19.00987434387207,6081438
2024-11-28,19.00987434387207,0
2024-11-29,19.24010467529297,3603253
2024-12-02,19.13888168334961,4490618
2024-12-03,19.087278366088867,2918759
2024-12-04,19.113080978393555,3193159
2024-12-05,19.35124969482422,3354823
2024-12-06,19.862321853637695,4615729
2024-12-09,20.075681686401367,3654019
2024-12-10,20.075681686401367,0
2024-12-11,19.843467712402344,2781817
2024-12-12,20.021100997924805,2820210
2024-12-13,19.609268188476562,3232635
2024-12-16,19.34926414489746,4583339
2024-12-17,19.182546615600586,3294447
2024-12-18,19.07537078857422,3428365
2024-12-19,18.726057052612305,4371754
2024-12-20,18.791553497314453,7779879
2024-12-23,18.74590301513672,3042138
2024-12-27,19.134912490844727,3479130
2024-12-30,19.166669845581055,2008225
2025-01-02,19.24010467529297,3378077
2025-01-03,18.84514045715332,2499249
2025-01-06,19.569570541381836,4698192
2025-01-07,19.635068893432617,3072022
2025-01-08,19.5159854888916,3792413
2025-01-09,19.607282638549805,2910513
2025-01-10,19.829574584960938,4831580
2025-01-13,19.882169723510742,3442320
2025-01-14,19.452470779418945,4553958
2025-01-15,20.571868896484375,7036247
2025-01-16,20.581790924072266,2629828
2025-01-17,20.983701705932617,3746264
2025-01-20,21.117673873901367,2839466
2025-01-21,21.276451110839844,0
2025-01-22,20.82492446899414,3142696
2025-01-23,20.914236068725586,3075571
2025-01-24,20.914236068725586,0
2025-01-27,21.281414031982422,4628575
2025-01-28,21.331031799316406,3913322
2025-01-29,21.375690460205078,3248785
2025-01-30,21.693248748779297,3394792
2025-01-31,21.474925994873047,3427429
2025-02-03,20.8497314453125,3415213
2025-02-04,21.058128356933594,2267776
2025-02-05,20.879505157470703,2747965
2025-02-06,21.058128356933594,2906228
2025-02-07,20.785226821899414,2647555
2025-02-10,20.785226821899414,0
2025-02-11,20.571868896484375,3177794
2025-02-12,20.81995964050293,3454432
2025-02-13,21.455080032348633,4895874
2025-02-14,21.211946487426758,3031365
2025-02-17,21.231794357299805,1861894
2025-02-18,21.474925994873047,3080206
2025-02-19,21.13751983642578,2843595
2025-02-20,21.509658813476562,3248730
2025-02-21,21.881797790527344,4048308
2025-02-24,22.10508155822754,2892436
2025-02-25,22.467296600341797,3096172
2025-02-26,22.859283447265625,3037311
2025-02-27,22.57149887084961,3045755
2025-02-28,22.53676414489746,3394930
2025-03-03,23.816923141479492,7320657
2025-03-04,23.340585708618164,5301895
2025-03-05,24.303184509277344,7639988
2025-03-06,24.665401458740234,6339743
2025-03-07,23.07264518737793,11825421
2025-03-10,23.37531852722168,4956259
2025-03-11,23.45966911315918,0
2025-03-12,22.824552536010742,3641389
2025-03-13,22.72531509399414,2853775
2025-03-14,23.107378005981445,4331140
2025-03-17,23.107378005981445,0
2025-03-18,24.57112693786621,4937286
2025-03-19,24.19898796081543,4080725
2025-03-20,23.811962127685547,4123060
2025-03-21,23.89631462097168,6569955
2025-03-24,23.89631462097168,0
2025-03-25,23.39020347595215,4447884
2025-03-26,22.611190795898438,3043191
2025-03-27,22.4970703125,2806617
2025-03-28,22.3978328704834,2589394
2025-03-31,21.90164566040039,3614873
2025-04-01,22.144777297973633,2372540
2025-04-02,21.261566162109375,4269244
2025-04-03,21.102785110473633,5086707
2025-04-04,19.941709518432617,8929490
2025-04-07,19.68071746826172,13280680
2025-04-08,20.249347686767578,6008416
2025-04-09,19.319494247436523,6290208
2025-04-10,19.74026107788086,5686825
2025-04-11,20.006214141845703,4341906
2025-04-14,20.73064613342285,2513899
2025-04-15,20.6661434173584,2528870
2025-04-16,20.795150756835938,2308598
2025-04-17,20.869579315185547,2717670
2025-04-22,21.321109771728516,3539925
2025-04-23,21.936378479003906,3608327
2025-04-24,22.30851936340332,2399035
2025-04-25,22.814626693725586,3782168
2025-04-28,22.914342880249023,2824276
2025-04-29,23.10379981994629,3831758
2025-04-30,22.964200973510742,4897500
2025-05-02,23.811771392822266,8153548
2025-05-05,24.130857467651367,1990882
2025-05-06,23.981285095214844,2843259
2025-05-07,23.373029708862305,2404565
2025-05-08,23.353086471557617,3217604
2025-05-09,23.976299285888672,4475660
2025-05-12,23.991256713867188,3343397
2025-05-13,24.669313430786133,12195863
2025-05-14,24.669313430786133,0
2025-05-15,22.799671173095703,4685579
2025-05-16,22.804656982421875,4422224
2025-05-19,22.849529266357422,2570473
2025-05-20,23.36305809020996,2909215
2025-05-21,23.64724349975586,3373518
2025-05-22,24.2903995513916,4089035
2025-05-23,24.405071258544922,5106783
2025-05-26,24.609485626220703,2079720
2025-05-27,24.85877227783203,2802518
2025-05-28,24.59951400756836,2587117
2025-05-29,24.65435791015625,2000953
2025-05-30,24.664329528808594,4270811
2025-06-02,25.06817054748535,2435632
2025-06-03,24.88868522644043,2393857
2025-06-04,25.247655868530273,2319622
2025-06-05,26.3544864654541,8027073
2025-06-06,26.35947036743164,2610602
2025-06-09,26.40932846069336,2337414
2025-06-10,26.66858673095703,3296166
2025-06-11,27.67569923400879,5947502
2025-06-12,27.740514755249023,3623862
2025-06-13,27.401485443115234,3444812
2025-06-16,27.4962158203125,2513354
2025-06-17,27.082399368286133,0
2025-06-18,27.12727165222168,2955800
2025-06-19,26.853057861328125,1643925
2025-06-20,26.60875701904297,5597407
2025-06-23,26.160043716430664,2528199
2025-06-24,26.40932846069336,2353435
2025-06-25,26.334543228149414,2299190
2025-06-26,26.204914093017578,1634638
2025-06-27,26.89792823791504,2698105
2025-06-30,25.4620418548584,8197566
2025-07-01,26.3843994140625,4142389
2025-07-02,26.279699325561523,2522467
2025-07-03,25.975570678710938,2518115
2025-07-04,26.12015724182129,1677616
2025-07-07,26.075284957885742,1552386
2025-07-08,27.10234260559082,3959337
2025-07-09,27.251914978027344,2304845
2025-07-10,27.70062828063965,1923324
2025-07-11,27.261886596679688,1744337
2025-07-14,27.431400299072266,2412987
2025-07-15,27.236957550048828,1795782
2025-07-16,27.236957550048828,0
2025-07-17,27.890085220336914,2887579
2025-07-18,27.5909423828125,3613197
2025-07-21,27.5909423828125,0
2025-07-22,27.725557327270508,1882435
2025-07-23,28.39364242553711,2356513
2025-07-24,29.041786193847656,4948963
2025-07-25,29.126541137695312,2131866
2025-07-28,28.872270584106445,2144414
2025-07-29,28.493358612060547,2540091
2025-07-30,28.124414443969727,2300923
2025-07-31,27.27185821533203,3855773
2025-08-01,28.039657592773438,6349458
2025-08-04,27.41644287109375,3005000
2025-08-05,27.64578628540039,2488452
2025-08-06,24.903642654418945,8866224
2025-08-07,25.297515869140625,4347976
2025-08-08,25.641529083251953,2299556
2025-08-11,25.63654136657715,1846659
2025-08-12,25.885828018188477,2347303
2025-08-13,26.723426818847656,3558311
2025-08-14,26.723426818847656,0
2025-08-15,26.967727661132812,2043532
2025-08-18,27.5909423828125,3535763
2025-08-19,28.009742736816406,2120106
2025-08-20,27.8751277923584,1777592
2025-08-21,28.04962730407715,1702137
2025-08-22,28.47341537475586,2004891
2025-08-25,28.024700164794922,1715704
2025-08-26,28.50831413269043,2829971
2025-08-27,28.33381462097168,1503581
2025-08-28,27.845212936401367,1743936
2025-08-29,27.979827880859375,2744824
2025-09-01,27.7804012298584,1148791
2025-09-02,27.356613159179688,1849640
2025-09-03,27.954898834228516,2834700
2025-09-04,28.493358612060547,2399648
2025-09-05,28.07455825805664,1722252
2025-09-08,28.16928482055664,1652992
2025-09-09,28.154329299926758,1412874
2025-09-10,27.949914932250977,1944391
2025-09-11,28.747629165649414,3316577
2025-09-12,27.98979949951172,1866643
2025-09-15,27.421428680419922,2369074
2025-09-16,26.86302947998047,2692770
2025-09-17,27.30177116394043,2209814
2025-09-18,27.471284866333008,1798157
2025-09-19,27.421428680419922,3899862
2025-09-22,27.421428680419922,0
2025-09-23,27.431400299072266,1720747
2025-09-24,27.53111457824707,1722170
2025-09-25,27.167158126831055,1609192
2025-09-26,27.172142028808594,1554241
2025-09-29,27.635814666748047,1504900
2025-09-30,27.635814666748047,0
2025-10-01,29.555313110351562,4547841
2025-10-02,29.036800384521484,2858328
2025-10-03,28.7675724029541,1997015
2025-10-06,28.269001007080078,1537480
2025-10-07,27.70062828063965,3216385
2025-10-08,27.341657638549805,2103047
2025-10-09,28.119428634643555,2391792
2025-10-10,27.900056838989258,2480001
2025-10-13,27.67569923400879,1849023
2025-10-14,27.251914978027344,1653122
2025-10-15,27.177127838134766,1604780
2025-10-16,27.01259994506836,1768114
2025-10-17,26.738386154174805,3789978
2025-10-20,27.35162925720215,1765129
2025-10-21,27.27684211730957,1564339
2025-10-22,27.44137191772461,1797000
2025-10-23,27.50119972229004,1674300
2025-10-24,27.695642471313477,1663915
2025-10-27,27.53111457824707,1794799
2025-10-28,27.36658477783203,1133956
2025-10-29,27.48125648498535,1054552
2025-10-30,26.793230056762695,3240338
2025-10-31,26.873001098632812,1523939
2025-11-03,26.394371032714844,1373051
2025-11-04,26.678556442260742,1540360
2025-11-05,26.349498748779297,1390189
2025-11-06,26.43425750732422,1761716
2025-11-07,26.43425750732422,0
2025-11-10,26.424285888671875,1348508
2025-11-11,27.35162925720215,2075024
2025-11-12,28.976970672607422,6950848
2025-11-13,28.976970672607422,0
2025-11-14,28.323843002319336,4022158
2025-11-17,27.865156173706055,1451699
2025-11-18,27.29180145263672,1910340
2025-11-19,26.942800521850586,1472652
2025-11-20,26.907899856567383,1658614
2025-11-21,27.50618553161621,2826668
2025-11-24,30.507585525512695,15994654
2025-11-25,30.741914749145508,3641243
2025-11-26,30.273258209228516,2326719
2025-11-27,30.532514572143555,1225487
2025-11-28,30.397899627685547,1852505
2025-12-01,30.38294219970703,1905009
2025-12-02,34.05242919921875,10883080
2025-12-03,34.15214157104492,4261319
2025-12-04,33.47907257080078,2921265
2025-12-05,33.209842681884766,2131845
2025-12-08,34.77037048339844,4246670
2025-12-09,36.20625686645508,5732064
2025-12-10,36.5103874206543,4062204
2025-12-11,36.226200103759766,3175724
2025-12-12,36.395713806152344,2394762
2025-12-15,35.89714431762695,2590925
2025-12-16,34.95484161376953,4168588
2025-12-17,34.95484161376953,0
2025-12-18,34.95484161376953,0
2025-12-19,35.77748489379883,5741760
2025-12-22,35.353702545166016,1586191
2025-12-23,35.83731460571289,1728776
2025-12-29,36.31095886230469,2280958
2025-12-30,36.90425491333008,1642128
2026-01-02,37.89142990112305,4219541
2026-01-05,38.090858459472656,4000960
2026-01-06,37.93131637573242,4091529
2026-01-07,38.2304573059082,3597601
2026-01-08,39.42204284667969,6499050
2026-01-09,38.76891326904297,3534555
2026-01-12,39.59654235839844,3987769
2026-01-13,38.8337287902832,2813998
2026-01-14,41.550941467285156,6375949
2026-01-15,41.9747314453125,3739598
2026-01-16,41.396385192871094,3408985
2026-01-19,44.27314376831055,8425272
2026-01-20,42.79238510131836,4341284
2026-01-21,42.563045501708984,2865446
2026-01-22,44.038814544677734,3376723
2026-01-23,44.42770004272461,2466738
2026-01-26,46.23252868652344,4327681
2026-01-27,46.601470947265625,3380805
2026-01-28,45.060882568359375,3115288
2026-01-29,43.88924026489258,3957432
2026-01-30,44.43268585205078,3883389
2026-02-02,44.87641525268555,2452642
2026-02-03,45.140655517578125,1886255
2026-02-04,45.020999908447266,2594237
2026-02-05,44.686954498291016,2597134
2026-02-06,45.66914367675781,4242720
2026-02-09,46.147769927978516,3548190
2026-02-10,46.038082122802734,0
2026-02-11,45.99321365356445,2577972
2026-02-12,45.55945587158203,3822719
2026-02-13,45.853614807128906,2383994
2026-02-16,45.80874252319336,1369649
2026-02-17,49.17409896850586,6195647
2026-02-18,45.679115295410156,12902807
2026-02-19,45.444786071777344,3963565
2026-02-20,43.555198669433594,5902348
2026-02-23,42.677711486816406,3668331
2026-02-24,42.21902847290039,3159845
2026-02-25,42.46332931518555,2682802
2026-02-26,41.72544479370117,2256333
2026-02-27,41.88996887207031,3274022
2026-03-02,40.49397277832031,3604283
2026-03-03,38.20054244995117,7245401
2026-03-04,37.29314422607422,9113048
2026-03-05,37.66707229614258,5149847
2026-03-06,36.28602600097656,4829982
2026-03-09,37.482601165771484,3700197
2026-03-10,39.511783599853516,4578784
2026-03-11,39.90066909790039,3189709
2026-03-12,39.0181999206543,2858385
2026-03-13,38.52461242675781,2027393
2026-03-16,39.97545623779297,3361669
2026-03-17,40.09511184692383,2571936
2026-03-18,39.417057037353516,3126009
2026-03-19,38.355098724365234,3137358
2026-03-20,38.275325775146484,8026674
2026-03-23,38.355098724365234,4182042
2026-03-24,37.632171630859375,3185697
2026-03-25,38.02105712890625,2317577
2026-03-26,38.165645599365234,2249477
2026-03-27,38.15068435668945,1817738
2026-03-30,38.95338439941406,2555361
2026-03-31,39.27246856689453,3259663
2026-04-01,40.00537109375,2393210
2026-04-02,39.58158493041992,1861273
2026-04-07,39.157798767089844,2360251
2026-04-08,40.364341735839844,2823623
2026-04-09,40.33443069458008,1856279
2026-04-10,40.00537109375,2159719
2026-04-13,40.673458099365234,1693922
2026-04-14,40.49397277832031,2691182
2026-04-15,40.623600006103516,2691716
2026-04-16,40.5737419128418,2498877
2026-04-17,40.98257064819336,3337731
2026-04-20,41.24182891845703,2782438
2026-04-21,39.85580062866211,2411881
2026-04-22,40.125030517578125,2143616
2026-04-23,39.925601959228516,1808717
2026-04-24,38.38999938964844,3187613
2026-04-27,38.380001068115234,2169673
2026-04-28,36.619998931884766,3873669
2026-04-29,36.45000076293945,2596590
2026-04-30,38.04999923706055,2888308
2026-05-04,37.779998779296875,738072
