Date,Close,Volume
1996-11-08,7.868180751800537,767000
1996-11-11,7.846963882446289,260000
1996-11-12,7.906284332275391,1066000
1996-11-13,7.8937273025512695,793000
1996-11-14,7.919274806976318,351000
1996-11-15,7.983791828155518,624000
1996-11-18,7.995917797088623,624000
1996-11-19,8.029691696166992,442000
1996-11-20,7.902820587158203,546000
1996-11-21,7.910614967346191,286000
1996-11-22,7.9729695320129395,312000
1996-11-25,8.221513748168945,1040000
1996-11-26,8.354012489318848,2015000
1996-11-27,8.280838012695312,455000
1996-11-28,8.515958786010742,923000
1996-11-29,8.526782989501953,624000
1996-12-02,8.656686782836914,702000
1996-12-03,9.16157341003418,1781000
1996-12-04,9.1052827835083,1118000
1996-12-05,8.940739631652832,1417000
1996-12-06,8.779227256774902,1495000
1996-12-09,9.060251235961914,494000
1996-12-10,9.1195707321167,442000
1996-12-11,8.858466148376465,611000
1996-12-12,8.787456512451172,403000
1996-12-13,8.642830848693848,663000
1996-12-16,8.761909484863281,286000
1996-12-17,8.676605224609375,481000
1996-12-18,8.693924903869629,312000
1996-12-19,8.726400375366211,455000
1996-12-20,8.899168968200684,845000
1996-12-23,8.974082946777344,104000
1996-12-24,8.974082946777344,0
1996-12-25,8.974082946777344,0
1996-12-26,8.974082946777344,0
1996-12-27,8.98533821105957,195000
1996-12-30,9.111345291137695,182000
1996-12-31,9.111345291137695,0
1997-01-01,9.111345291137695,0
1997-01-02,8.958060264587402,429000
1997-01-03,8.991835594177246,572000
1997-01-06,8.967586517333984,598000
1997-01-07,8.906966209411621,624000
1997-01-08,9.034704208374023,1170000
1997-01-09,9.077136993408203,884000
1997-01-10,9.042930603027344,1586000
1997-01-13,9.187554359436035,650000
1997-01-14,9.494556427001953,1040000
1997-01-15,9.315723419189453,754000
1997-01-16,9.208338737487793,351000
1997-01-17,9.358158111572266,1313000
1997-01-20,9.264629364013672,897000
1997-01-21,9.264629364013672,0
1997-01-22,9.14511775970459,429000
1997-01-23,9.126066207885742,338000
1997-01-24,8.813867568969727,806000
1997-01-27,8.774897575378418,598000
1997-01-28,8.856302261352539,1001000
1997-01-29,8.842881202697754,832000
1997-01-30,8.979276657104492,1417000
1997-01-31,8.932512283325195,598000
1997-02-03,8.855006217956543,780000
1997-02-04,8.940739631652832,936000
1997-02-05,9.170666694641113,1313000
1997-02-06,9.170666694641113,0
1997-02-07,9.213532447814941,312000
1997-02-10,9.323951721191406,780000
1997-02-11,9.588086128234863,871000
1997-02-12,9.588086128234863,0
1997-02-13,10.20555305480957,1443000
1997-02-14,10.115921974182129,1781000
1997-02-17,10.166583061218262,676000
1997-02-18,9.961771965026855,1053000
1997-02-19,9.961771965026855,0
1997-02-20,9.777745246887207,819000
1997-02-21,9.707159996032715,728000
1997-02-24,9.622292518615723,351000
1997-02-25,9.775579452514648,1079000
1997-02-26,9.775579452514648,585000
1997-02-27,9.664730072021484,819000
1997-02-28,9.690276145935059,390000
1997-03-03,9.639180183410645,221000
1997-03-04,9.954408645629883,1495000
1997-03-05,10.175676345825195,975000
1997-03-06,10.258813858032227,1170000
1997-03-07,10.405604362487793,1144000
1997-03-10,10.311638832092285,754000
1997-03-11,10.619943618774414,1001000
1997-03-12,10.779723167419434,1391000
1997-03-13,11.026970863342285,1729000
1997-03-14,10.805705070495605,1482000
1997-03-17,10.307745933532715,871000
1997-03-18,10.024989128112793,806000
1997-03-19,10.218111991882324,858000
1997-03-20,9.920201301574707,1469000
1997-03-21,10.064827919006348,728000
1997-03-24,10.150129318237305,572000
1997-03-25,10.665410995483398,1755000
1997-03-26,11.299766540527344,3614000
1997-03-27,11.410181045532227,780000
1997-03-28,11.410181045532227,0
1997-03-31,11.410181045532227,0
1997-04-01,10.816527366638184,1326000
1997-04-02,10.442843437194824,1261000
1997-04-03,10.336325645446777,1586000
1997-04-04,10.550230026245117,2171000
1997-04-07,11.068971633911133,1027000
1997-04-08,11.466470718383789,1560000
1997-04-09,11.980888366699219,2470000
1997-04-10,12.210811614990234,2249000
1997-04-11,11.836694717407227,2028000
1997-04-14,11.901642799377441,2262000
1997-04-15,12.164047241210938,1560000
1997-04-16,12.164047241210938,0
1997-04-17,11.980888366699219,2652000
1997-04-18,11.82759952545166,832000
1997-04-21,11.653097152709961,897000
1997-04-22,11.65699577331543,650000
1997-04-23,11.759186744689941,273000
1997-04-24,11.895583152770996,728000
1997-04-25,11.853148460388184,234000
1997-04-28,11.81027889251709,169000
1997-04-29,11.921131134033203,507000
1997-04-30,12.172276496887207,455000
1997-05-01,12.172276496887207,0
1997-05-02,12.547689437866211,416000
1997-05-05,12.926143646240234,1157000
1997-05-06,12.789742469787598,806000
1997-05-07,12.604848861694336,195000
1997-05-08,12.604848861694336,0
1997-05-09,12.602251052856445,403000
1997-05-12,12.380985260009766,988000
1997-05-13,12.364095687866211,1235000
1997-05-14,12.466285705566406,546000
1997-05-15,12.031982421875,715000
1997-05-16,11.934123039245605,572000
1997-05-19,11.934123039245605,0
1997-05-20,11.631448745727539,715000
1997-05-21,11.750959396362305,442000
1997-05-22,11.750959396362305,546000
1997-05-23,12.219038963317871,91000
1997-05-26,12.524744033813477,442000
1997-05-27,12.660709381103516,442000
1997-05-28,12.15971851348877,572000
1997-05-29,12.176603317260742,13000
1997-05-30,11.835829734802246,468000
1997-06-02,11.9085693359375,442000
1997-06-03,12.091304779052734,722800
1997-06-04,12.064886093139648,413400
1997-06-05,12.19349193572998,231400
1997-06-06,12.129837036132812,538200
1997-06-09,11.81027889251709,712400
1997-06-10,11.691206932067871,171600
1997-06-11,11.691206932067871,288600
1997-06-12,12.048866271972656,824200
1997-06-13,12.1423978805542,1146600
1997-06-16,12.036312103271484,470600
1997-06-17,11.869171142578125,912600
1997-06-18,12.202152252197266,1661400
1997-06-19,12.2571439743042,1102400
1997-06-20,12.091304779052734,1071200
1997-06-23,11.967893600463867,629200
1997-06-24,11.993443489074707,704600
1997-06-25,12.04020881652832,663000
1997-06-26,12.16318416595459,1391000
1997-06-27,12.14802360534668,1040000
1997-06-30,12.108624458312988,1287000
1997-07-01,12.164047241210938,1453400
1997-07-02,12.300013542175293,876200
1997-07-03,12.666337013244629,1742000
1997-07-04,12.516950607299805,728000
1997-07-07,12.573674201965332,210600
1997-07-08,12.772857666015625,1664000
1997-07-09,12.772857666015625,1008800
1997-07-10,12.55981731414795,998400
1997-07-11,12.726088523864746,806000
1997-07-14,13.156068801879883,1242800
1997-07-15,13.0365571975708,494000
1997-07-16,13.028332710266113,639600
1997-07-17,12.908822059631348,652600
1997-07-18,12.525609970092773,410800
1997-07-21,12.38964557647705,377000
1997-07-22,12.55981731414795,470600
1997-07-23,12.542928695678711,1029600
1997-07-24,12.530805587768555,790400
1997-07-25,12.747310638427734,286000
1997-07-28,12.517382621765137,704600
1997-07-29,12.027653694152832,855400
1997-07-30,12.397870063781738,1029600
1997-07-31,12.602251052856445,1333800
1997-08-01,12.440739631652832,1027000
1997-08-04,12.38964557647705,546000
1997-08-05,12.444639205932617,624000
1997-08-06,12.261908531188965,642200
1997-08-07,12.334218978881836,1601600
1997-08-08,12.202152252197266,699400
1997-08-11,12.19349193572998,262600
1997-08-12,12.185266494750977,249600
1997-08-13,11.853148460388184,860600
1997-08-14,11.384634971618652,660400
1997-08-15,11.061177253723145,834600
1997-08-18,11.073737144470215,1398800
1997-08-19,11.4954833984375,634400
1997-08-20,11.627552032470703,166400
1997-08-21,11.7933931350708,189800
1997-08-22,11.46127700805664,1086800
1997-08-25,11.444391250610352,44200
1997-08-26,11.069840431213379,3159000
1997-08-27,11.197577476501465,2901600
1997-08-28,11.018742561340332,2909400
1997-08-29,10.856799125671387,364000
1997-09-01,10.937769889831543,2199600
1997-09-02,11.475997924804688,2857400
1997-09-03,11.356922149658203,3957200
1997-09-04,11.256895065307617,2082600
1997-09-05,11.133490562438965,2046200
1997-09-08,11.34220027923584,2462200
1997-09-09,11.631448745727539,6198400
1997-09-10,11.584685325622559,5101200
1997-09-11,11.401520729064941,3361800
1997-09-12,11.112273216247559,4643600
1997-09-15,11.597674369812012,3699800
1997-09-16,11.921131134033203,3900000
1997-09-17,11.801190376281738,2919800
1997-09-18,11.516701698303223,3390400
1997-09-19,11.418843269348145,3372200
1997-09-22,11.708090782165527,1957800
1997-09-23,11.648767471313477,1674400
1997-09-24,12.031982421875,3957200
1997-09-25,12.20648193359375,4802200
1997-09-26,12.695780754089355,4797000
1997-09-29,12.602251052856445,1765400
1997-09-30,12.713099479675293,2878200
1997-10-01,12.900592803955078,1674400
1997-10-02,12.840837478637695,1118000
1997-10-03,12.840837478637695,0
1997-10-06,12.640789985656738,2402400
1997-10-07,12.419088363647461,3549000
1997-10-08,12.320796966552734,3112200
1997-10-09,12.014660835266113,3881800
1997-10-10,12.065756797790527,2961400
1997-10-13,12.34677505493164,2428400
1997-10-14,12.176603317260742,2007200
1997-10-15,12.115550994873047,1853800
1997-10-16,12.006434440612793,2139800
1997-10-17,11.66522216796875,3512600
1997-10-20,11.534022331237793,1752400
1997-10-21,11.614562034606934,1346800
1997-10-22,11.79599380493164,2891200
1997-10-23,11.605902671813965,3546400
1997-10-24,11.46993637084961,2145000
1997-10-27,10.94210147857666,2670200
1997-10-28,10.175676345825195,12186200
1997-10-29,10.710874557495117,4227600
1997-10-30,10.558886528015137,4823000
1997-10-31,10.79704475402832,3897400
1997-11-03,10.950326919555664,1835600
1997-11-04,10.948598861694336,3853200
1997-11-05,11.017443656921387,1549600
1997-11-06,11.069840431213379,4006600
1997-11-07,10.490474700927734,4661800
1997-11-10,10.235000610351562,2103400
1997-11-11,10.23933219909668,1721200
1997-11-12,9.928864479064941,2919800
1997-11-13,9.87777042388916,4864600
1997-11-14,10.078683853149414,4310800
1997-11-17,10.43114948272705,3281200
1997-11-18,10.754609107971191,2509000
1997-11-19,10.886675834655762,3549000
1997-11-20,11.09928035736084,4152200
1997-11-21,11.117469787597656,4646200
1997-11-24,10.988865852355957,1757600
1997-11-25,10.79704475402832,267800
1997-11-26,11.146479606628418,613600
1997-11-27,11.200607299804688,488800
1997-11-28,11.324875831604004,460200
1997-12-01,11.921131134033203,980200
1997-12-02,11.9635648727417,639600
1997-12-03,11.98911190032959,579800
1997-12-04,12.125510215759277,748800
1997-12-05,12.129837036132812,312000
1997-12-08,12.006434440612793,330200
1997-12-09,12.04020881652832,189800
1997-12-10,11.74229907989502,293800
1997-12-11,11.210128784179688,546000
1997-12-12,11.209698677062988,436800
1997-12-15,11.120931625366211,218400
1997-12-16,11.240010261535645,483600
1997-12-17,11.09928035736084,553800
1997-12-18,10.950326919555664,286000
1997-12-19,10.490474700927734,720200
1997-12-22,10.540270805358887,842400
1997-12-23,10.558886528015137,319800
1997-12-24,10.558886528015137,0
1997-12-25,10.558886528015137,0
1997-12-26,10.558886528015137,0
1997-12-29,11.112273216247559,556400
1997-12-30,11.410181045532227,761800
1997-12-31,11.410181045532227,0
1998-01-01,11.410181045532227,0
1998-01-02,11.835829734802246,338000
1998-01-05,11.921131134033203,715000
1998-01-06,11.699862480163574,442000
1998-01-07,11.640110969543457,527800
1998-01-08,11.490287780761719,293800
1998-01-09,11.205802917480469,522600
1998-01-12,10.677967071533203,834600
1998-01-13,10.878013610839844,564200
1998-01-14,10.958986282348633,306800
1998-01-15,10.984535217285156,525200
1998-01-16,11.137821197509766,462800
1998-01-19,11.308856964111328,949000
1998-01-20,11.4954833984375,548600
1998-01-21,11.538785934448242,967200
1998-01-22,11.4954833984375,946400
1998-01-23,11.180253982543945,715000
1998-01-26,11.240010261535645,452400
1998-01-27,11.611963272094727,920400
1998-01-28,11.818941116333008,1024400
1998-01-29,12.255845069885254,1128400
1998-01-30,12.415192604064941,1315600
1998-02-02,12.729992866516113,1463800
1998-02-03,12.798406600952148,819000
1998-02-04,12.602251052856445,811200
1998-02-05,12.55981731414795,795600
1998-02-06,12.534270286560059,382200
1998-02-09,12.696210861206055,878800
1998-02-10,13.0365571975708,1084200
1998-02-11,13.564827919006348,2938000
1998-02-12,13.500741004943848,1383200
1998-02-13,13.505072593688965,764400
1998-02-16,13.675247192382812,390000
1998-02-17,13.819870948791504,933400
1998-02-18,13.784795761108398,634400
1998-02-19,13.564827919006348,1411800
1998-02-20,13.641036033630371,364000
1998-02-23,13.93937873840332,1224600
1998-02-24,14.067118644714355,1237600
1998-02-25,14.433005332946777,2015000
1998-02-26,14.820549964904785,982800
1998-02-27,15.710383415222168,2719600
1998-03-02,16.153345108032227,1240200
1998-03-03,16.359025955200195,1903200
1998-03-04,15.906100273132324,2636400
1998-03-05,15.744586944580078,1588600
1998-03-06,15.948960304260254,941200
1998-03-09,16.22998809814453,777400
1998-03-10,15.8805513381958,829400
1998-03-11,15.923421859741211,608400
1998-03-12,15.621180534362793,902200
1998-03-13,15.867992401123047,1047800
1998-03-16,15.826423645019531,234000
1998-03-17,15.940738677978516,408200
1998-03-18,16.17889404296875,1484600
1998-03-19,17.255786895751953,2753400
1998-03-20,18.222253799438477,2480400
1998-03-23,17.924346923828125,923000
1998-03-24,18.090187072753906,715000
1998-03-25,17.96678352355957,694200
1998-03-26,17.703079223632812,634400
1998-03-27,17.796606063842773,431600
1998-03-30,18.039522171020508,423800
1998-03-31,17.46406364440918,1531400
1998-04-01,17.745513916015625,925600
1998-04-02,18.80984878540039,2399800
1998-04-03,18.85271644592285,982800
1998-04-06,18.52059555053711,626600
1998-04-07,18.503280639648438,959400
1998-04-08,18.418838500976562,769600
1998-04-09,18.46950340270996,530400
1998-04-10,18.46950340270996,0
1998-04-13,18.46950340270996,0
1998-04-14,18.230918884277344,564200
1998-04-15,17.694419860839844,522600
1998-04-16,17.345415115356445,577200
1998-04-17,17.96678352355957,475800
1998-04-20,17.813495635986328,603200
1998-04-21,17.264446258544922,670800
1998-04-22,16.877330780029297,553800
1998-04-23,16.764753341674805,683800
1998-04-24,16.434368133544922,730600
1998-04-27,16.136024475097656,790400
1998-04-28,16.4681453704834,767000
1998-04-29,16.520538330078125,1128400
1998-04-30,17.217681884765625,1092000
1998-05-01,17.217681884765625,0
1998-05-04,17.62644386291504,644800
1998-05-05,17.209022521972656,371800
1998-05-06,17.541135787963867,730600
1998-05-07,16.740503311157227,1154400
1998-05-08,16.94488525390625,1094600
1998-05-11,17.064395904541016,767000
1998-05-12,17.115488052368164,712400
1998-05-13,17.664539337158203,1211600
1998-05-14,17.030187606811523,993200
1998-05-15,17.089941024780273,897000
1998-05-18,16.532230377197266,379600
1998-05-19,17.26877212524414,845000
1998-05-20,15.480452537536621,1989000
1998-05-21,15.480452537536621,0
1998-05-22,15.242300987243652,730600
1998-05-25,15.327600479125977,468000
1998-05-26,15.787016868591309,1138800
1998-05-27,15.412471771240234,759200
1998-05-28,16.008289337158203,824200
1998-05-29,15.625077247619629,517400
1998-06-01,15.625077247619629,0
1998-06-02,15.770136833190918,453700
1998-06-03,16.093589782714844,725400
1998-06-04,16.17889404296875,1261000
1998-06-05,16.864341735839844,1051700
1998-06-08,17.29431915283203,743600
1998-06-09,16.694604873657227,1233700
1998-06-10,16.50667953491211,741000
1998-06-11,16.50667953491211,0
1998-06-12,15.923421859741211,800800
1998-06-15,15.420699119567871,611000
1998-06-16,15.522884368896484,1285700
1998-06-17,15.625077247619629,923000
1998-06-18,15.540210723876953,1795300
1998-06-19,15.00371265411377,1808300
1998-06-22,14.628289222717285,1272700
1998-06-23,14.871641159057617,968500
1998-06-24,14.93399715423584,1198600
1998-06-25,15.454903602600098,1970800
1998-06-26,15.429356575012207,733200
1998-06-29,15.573984146118164,562900
1998-06-30,15.480452537536621,890500
1998-07-01,15.49733829498291,348400
1998-07-02,15.582643508911133,559000
1998-07-03,15.744586944580078,344500
1998-07-06,15.982309341430664,414700
1998-07-07,16.67252540588379,1326000
1998-07-08,16.689409255981445,588900
1998-07-09,16.17889404296875,642200
1998-07-10,16.604541778564453,760500
1998-07-13,16.391498565673828,431600
1998-07-14,16.491090774536133,590200
1998-07-15,16.630088806152344,638300
1998-07-16,16.709762573242188,835900
1998-07-17,16.732275009155273,451100
1998-07-20,16.306631088256836,435500
1998-07-21,15.804780006408691,717600
1998-07-22,15.49733829498291,2232384
1998-07-23,14.518312454223633,6122530
1998-07-24,14.688483238220215,4215595
1998-07-27,14.475873947143555,3190936
1998-07-28,14.880304336547852,3162967
1998-07-29,15.191204071044922,3620631
1998-07-30,15.050477027893066,1469610
1998-07-31,15.050477027893066,3597748
1998-08-03,14.024251937866211,1955242
1998-08-04,13.837189674377441,1632335
1998-08-05,13.888717651367188,2517152
1998-08-06,13.709451675415039,1845912
1998-08-07,13.709451675415039,1301800
1998-08-10,13.394221305847168,1133990
1998-08-11,13.402881622314453,3079062
1998-08-12,13.32624340057373,1276374
1998-08-13,12.926143646240234,2598515
1998-08-14,13.177284240722656,2290863
1998-08-17,13.275145530700684,1350109
1998-08-18,13.700791358947754,1121277
1998-08-19,13.683903694152832,1238235
1998-08-20,13.330572128295898,983977
1998-08-21,12.474515914916992,2931593
1998-08-24,12.116848945617676,2102712
1998-08-25,12.270132064819336,2532408
1998-08-26,12.13373851776123,3788442
1998-08-27,11.7847318649292,4070668
1998-08-28,11.7847318649292,2929050
1998-08-31,11.10361099243164,1408588
1998-09-01,10.43114948272705,5858101
1998-09-02,10.907892227172852,3918113
1998-09-03,10.226771354675293,4131690
1998-09-04,10.226771354675293,2438332
1998-09-07,11.154709815979004,2079829
1998-09-08,11.665657043457031,1894221
1998-09-09,10.814363479614258,2161191
1998-09-10,10.601322174072266,2280693
1998-09-11,10.601322174072266,2222213
1998-09-14,10.609983444213867,2151021
1998-09-15,10.26054573059082,2908710
1998-09-16,10.217246055603027,3356203
1998-09-17,9.673820495605469,2206958
1998-09-18,9.673820495605469,3798612
1998-09-21,8.429790496826172,3996933
1998-09-22,8.783559799194336,3963879
1998-09-23,9.409256935119629,2491727
1998-09-24,9.249041557312012,53394
1998-09-25,9.249041557312012,2557834
1998-09-28,9.792464256286621,3028211
1998-09-29,10.039277076721191,3160425
1998-09-30,9.034704208374023,3096860
1998-10-01,8.515093803405762,2397651
1998-10-02,9.019546508789062,3658770
1998-10-05,9.009157180786133,2603600
1998-10-06,9.434802055358887,1817943
1998-10-07,8.838549613952637,3793527
1998-10-08,7.833972454071045,5448746
1998-10-09,8.338858604431152,3676568
1998-10-12,9.009157180786133,1857506
1998-10-13,8.642830848693848,1973346
1998-10-14,9.024310111999512,2293253
1998-10-15,8.906966209411621,3528692
1998-10-16,9.315723419189453,2595006
1998-10-19,9.323951721191406,1715121
1998-10-20,10.013731956481934,3286333
1998-10-21,9.715822219848633,2727932
1998-10-22,9.16243839263916,2890810
1998-10-23,9.204873085021973,2249267
1998-10-26,9.639180183410645,1354940
1998-10-27,10.00550651550293,3412547
1998-10-28,9.920201301574707,3068434
1998-10-29,9.750032424926758,1588399
1998-10-30,9.750032424926758,1269916
1998-11-02,10.303414344787598,1446676
1998-11-03,10.303414344787598,1473424
1998-11-04,10.26054573059082,3358797
1998-11-05,10.218111991882324,2996937
1998-11-06,10.218111991882324,1522852
1998-11-09,9.94575023651123,1486798
1998-11-10,9.341270446777344,2630195
1998-11-11,9.239080429077148,1784076
1998-11-12,8.770567893981934,2547460
1998-11-13,9.14598560333252,2797395
1998-11-16,9.45212173461914,1848251
1998-11-17,9.494556427001953,1236862
1998-11-18,9.622292518615723,1655523
1998-11-19,9.76691722869873,1899916
1998-11-20,9.920201301574707,1483492
1998-11-23,9.920201301574707,1709426
1998-11-24,10.16701602935791,2629128
1998-11-25,10.457999229431152,3356661
1998-11-26,10.988865852355957,3134643
1998-11-27,11.776505470275879,3324523
1998-11-30,11.061177253723145,2449469
1998-12-01,11.061177253723145,3685569
1998-12-02,9.724481582641602,3208022
1998-12-03,9.528328895568848,5646558
1998-12-04,8.988804817199707,4531129
1998-12-07,8.987936019897461,2975834
1998-12-08,8.987936019897461,2555749
1998-12-09,9.042930603027344,1849725
1998-12-10,9.111345291137695,2070218
1998-12-11,9.111345291137695,3253687
1998-12-14,9.290175437927246,2733730
1998-12-15,9.06328010559082,2887454
1998-12-16,9.272854804992676,1865133
1998-12-17,9.34386920928955,3024804
1998-12-18,9.34386920928955,3086131
1998-12-21,10.124582290649414,2505151
1998-12-22,10.294751167297363,3120710
1998-12-23,10.686622619628906,1876321
1998-12-24,10.686622619628906,0
1998-12-25,10.686622619628906,0
1998-12-28,11.193243980407715,2028621
1998-12-29,10.891007423400879,852577
1998-12-30,10.720402717590332,1106581
1998-12-31,10.720402717590332,0
1999-01-01,10.720402717590332,0
1999-01-04,11.4998140335083,1127568
1999-01-05,11.641407012939453,2603041
1999-01-06,12.324260711669922,2358511
1999-01-07,12.024185180664062,2157896
1999-01-08,12.202587127685547,1462317
1999-01-11,11.807682991027832,1594475
1999-01-12,11.3582181930542,928069
1999-01-13,10.84207820892334,1903693
1999-01-14,10.84207820892334,1971787
1999-01-15,10.142337799072266,2492515
1999-01-18,10.293889045715332,1658591
1999-01-19,10.175676345825195,952405
1999-01-20,10.642024040222168,1051336
1999-01-21,10.475317001342773,1479425
1999-01-22,10.475317001342773,1953561
1999-01-25,10.192564964294434,1072422
1999-01-26,10.00897216796875,2067727
1999-01-27,10.159225463867188,1632097
1999-01-28,10.159225463867188,2080311
1999-01-29,10.375726699829102,1682147
1999-02-01,10.468823432922363,942811
1999-02-02,10.425522804260254,1445937
1999-02-03,10.325496673583984,1303821
1999-02-04,10.991897583007812,5095012
1999-02-05,11.141716957092285,2934411
1999-02-08,12.099095344543457,7172463
1999-02-09,11.932821273803711,5397704
1999-02-10,11.932821273803711,4374733
1999-02-11,11.774338722229004,2257553
1999-02-12,11.774338722229004,4363735
1999-02-15,12.419088363647461,2658265
1999-02-16,12.45069694519043,2818062
1999-02-17,12.157552719116211,1922101
1999-02-18,11.701163291931152,1779855
1999-02-19,11.791229248046875,1740257
1999-02-22,11.608068466186523,1676427
1999-02-23,11.557836532592773,2709693
1999-02-24,11.158170700073242,2533257
1999-02-25,11.041693687438965,1295007
1999-02-26,11.041693687438965,1352701
1999-03-01,10.658478736877441,1448251
1999-03-02,10.658478736877441,1438892
1999-03-03,9.992513656616211,2003013
1999-03-04,10.07564926147461,1297581
1999-03-05,10.25708293914795,1489254
1999-03-08,10.218976974487305,1042755
1999-03-09,10.409069061279297,1438242
1999-03-10,10.077384948730469,1030691
1999-03-11,10.010700225830078,1334163
1999-03-12,10.010700225830078,1717247
1999-03-15,10.057465553283691,1160561
1999-03-16,10.099467277526855,1136018
1999-03-17,10.375726699829102,2607123
1999-03-18,10.650251388549805,2955107
1999-03-19,10.991897583007812,12610519
1999-03-22,10.800076484680176,980797
1999-03-23,10.463194847106934,1221609
1999-03-24,10.4497709274292,1491437
1999-03-25,10.90832805633545,1497001
1999-03-26,10.458864212036133,1586909
1999-03-29,10.85030460357666,863745
1999-03-30,10.545466423034668,868919
1999-03-31,10.092541694641113,4590351
1999-04-01,10.084314346313477,1730273
1999-04-02,10.084314346313477,0
1999-04-05,10.084314346313477,0
1999-04-06,10.31380558013916,989767
1999-04-07,10.183903694152832,1398435
1999-04-08,10.183903694152832,1012075
1999-04-09,10.421194076538086,1783443
1999-04-12,10.791847229003906,1357589
1999-04-13,10.791847229003906,2168244
1999-04-14,10.921751022338867,1342223
1999-04-15,11.12483024597168,2530267
1999-04-16,11.12483024597168,3361201
1999-04-19,11.103178977966309,2081793
1999-04-20,10.642024040222168,1389179
1999-04-21,10.69182300567627,904253
1999-04-22,10.825185775756836,1416765
1999-04-23,10.825185775756836,2084003
1999-04-26,11.291537284851074,1073929
1999-04-27,11.291537284851074,1291029
1999-04-28,11.225720405578613,1139216
1999-04-29,11.116602897644043,926847
1999-04-30,10.974576950073242,1024009
1999-05-03,11.241742134094238,813747
1999-05-04,11.316217422485352,1329276
1999-05-05,11.299766540527344,1702713
1999-05-06,11.574726104736328,1898259
1999-05-07,11.291537284851074,988389
1999-05-10,11.562166213989258,1337673
1999-05-11,11.241742134094238,913873
1999-05-12,11.324875831604004,1097486
1999-05-13,11.324875831604004,0
1999-05-14,11.158170700073242,610349
1999-05-17,11.156439781188965,783873
1999-05-18,11.208833694458008,1271893
1999-05-19,11.158170700073242,1109705
1999-05-20,10.991897583007812,1284633
1999-05-21,10.660211563110352,1302132
1999-05-24,10.660211563110352,0
1999-05-25,10.941669464111328,596439
1999-05-26,10.727327346801758,845857
1999-05-27,10.575345993041992,1847975
1999-05-28,10.300817489624023,1733653
1999-05-31,10.08084774017334,433237
1999-06-01,10.167449951171875,1365779
1999-06-02,10.192564964294434,2249103
1999-06-03,10.192564964294434,0
1999-06-04,10.542003631591797,1442843
1999-06-07,10.808732032775879,1074605
1999-06-08,11.041693687438965,996215
1999-06-09,10.608684539794922,1792673
1999-06-10,10.991897583007812,1607527
1999-06-11,10.83861255645752,1230346
1999-06-14,11.029569625854492,1343575
1999-06-15,11.07416820526123,1110251
1999-06-16,11.007918357849121,1098733
1999-06-17,10.825185775756836,1308969
1999-06-18,10.883645057678223,8614709
1999-06-21,10.700482368469238,3017897
1999-06-22,11.399789810180664,3903665
1999-06-23,11.760049819946289,4804176
1999-06-24,11.424904823303223,1685397
1999-06-25,10.96072006225586,1390376
1999-06-28,11.224855422973633,1378649
1999-06-29,11.3257417678833,765725
1999-06-30,11.133490562438965,1024139
1999-07-01,11.158170700073242,1710071
1999-07-02,11.622788429260254,537367
1999-07-05,11.475566864013672,922245
1999-07-06,11.641407012939453,945385
1999-07-07,11.474701881408691,2326271
1999-07-08,11.774338722229004,1500901
1999-07-09,12.141097068786621,2109718
1999-07-12,12.141097068786621,1677597
1999-07-13,12.474081993103027,1277432
1999-07-14,11.892552375793457,717989
1999-07-15,11.859643936157227,1259023
1999-07-16,12.024185180664062,941329
1999-07-19,12.024185180664062,1250989
1999-07-20,12.240691184997559,1659268
1999-07-21,12.124212265014648,1693925
1999-07-22,12.207350730895996,1703051
1999-07-23,11.574726104736328,1966665
1999-07-26,11.3582181930542,1797041
1999-07-27,11.075033187866211,1574352
1999-07-28,11.4080171585083,2506009
1999-07-29,11.482927322387695,3413747
1999-07-30,11.691206932067871,3790305
1999-08-02,12.27403450012207,1822521
1999-08-03,12.165783882141113,1613819
1999-08-04,11.882591247558594,1983097
1999-08-05,12.290919303894043,2251417
1999-08-06,11.774338722229004,1779595
1999-08-09,11.574726104736328,1041845
1999-08-10,11.774338722229004,1329613
1999-08-11,11.458246231079102,996059
1999-08-12,11.708090782165527,1763527
1999-08-13,12.157552719116211,1680483
1999-08-16,12.24935245513916,556816
1999-08-17,12.20907974243164,920659
1999-08-18,12.0410737991333,1104895
1999-08-19,12.19089126586914,1232140
1999-08-20,12.158416748046875,1580825
1999-08-23,12.405665397644043,863998
1999-08-24,12.332056045532227,900065
1999-08-25,12.340713500976562,667370
1999-08-26,12.245451927185059,821330
1999-08-27,12.513919830322266,2289220
1999-08-30,13.011878967285156,590077
1999-08-31,12.990224838256836,865321
1999-09-01,12.903630256652832,708251
1999-09-02,12.708770751953125,842037
1999-09-03,12.30174446105957,1084579
1999-09-06,12.86898422241211,713014
1999-09-07,12.994555473327637,1469938
1999-09-08,13.332304954528809,2555168
1999-09-09,13.942846298217773,1708875
1999-09-10,13.596433639526367,950429
1999-09-13,13.362614631652832,637425
1999-09-14,13.531487464904785,752395
1999-09-15,13.029196739196777,1292680
1999-09-16,13.362614631652832,1640811
1999-09-17,12.817023277282715,3743701
1999-09-20,12.55721664428711,633563
1999-09-21,12.384015083312988,1088696
1999-09-22,12.513919830322266,1346099
1999-09-23,12.167513847351074,2172781
1999-09-24,12.535566329956055,1037929
1999-09-27,11.994312286376953,613829
1999-09-28,11.847087860107422,1056871
1999-09-29,11.673882484436035,493758
1999-09-30,11.708523750305176,745989
1999-10-01,11.500678062438965,772305
1999-10-04,11.613262176513672,736669
1999-10-05,12.531235694885254,947359
1999-10-06,12.678458213806152,699935
1999-10-07,12.570208549499512,1225083
1999-10-08,12.630827903747559,930546
1999-10-11,12.55721664428711,585533
1999-10-12,12.427315711975098,712227
1999-10-13,12.297415733337402,987409
1999-10-14,12.124212265014648,1308454
1999-10-15,11.803786277770996,1856585
1999-10-18,11.964000701904297,567494
1999-10-19,11.97265911102295,921875
1999-10-20,12.171842575073242,945563
1999-10-21,12.513919830322266,672706
1999-10-22,12.215140342712402,1307993
1999-10-25,12.466285705566406,626188
1999-10-26,12.55721664428711,1114732
1999-10-27,12.968574523925781,842542
1999-10-28,12.817023277282715,1447792
1999-10-29,13.423234939575195,1436714
1999-11-01,13.198068618774414,546524
1999-11-02,13.340961456298828,1036808
1999-11-03,12.86898422241211,1916352
1999-11-04,12.535566329956055,1165115
1999-11-05,12.427315711975098,1113455
1999-11-08,12.275762557983398,553007
1999-11-09,12.340713500976562,892036
1999-11-10,12.565878868103027,1020190
1999-11-11,12.6654691696167,1579850
1999-11-12,12.08090877532959,1808361
1999-11-15,11.4357271194458,1980827
1999-11-16,11.106644630432129,1241667
1999-11-17,11.305828094482422,1926278
1999-11-18,11.401086807250977,986274
1999-11-19,11.604598045349121,1793295
1999-11-22,11.855745315551758,597634
1999-11-23,11.518003463745117,1237163
1999-11-24,11.301495552062988,1609933
1999-11-25,11.474701881408691,784301
1999-11-26,11.518003463745117,759425
1999-11-29,11.214897155761719,732540
1999-11-30,11.162935256958008,2105462
1999-12-01,11.427069664001465,1616990
1999-12-02,11.886056900024414,1143399
1999-12-03,11.77780818939209,1157561
1999-12-06,11.77780818939209,1736228
1999-12-07,12.167513847351074,1570153
1999-12-08,12.037609100341797,1475705
1999-12-09,11.738835334777832,1276280
1999-12-10,11.994312286376953,918517
1999-12-13,11.474701881408691,1176193
1999-12-14,11.474701881408691,1166968
1999-12-15,11.647903442382812,1324746
1999-12-16,11.907708168029785,5189299
1999-12-17,13.314982414245605,3352039
1999-12-20,12.946928024291992,1088601
1999-12-21,12.730422019958496,1119980
1999-12-22,12.817023277282715,778966
1999-12-23,12.353702545166016,1449502
1999-12-24,12.353702545166016,0
1999-12-27,12.925276756286621,876968
1999-12-28,12.990224838256836,700019
1999-12-29,13.12012767791748,782877
1999-12-30,13.423234939575195,344585
1999-12-31,13.423234939575195,0
2000-01-03,12.769391059875488,1335338
2000-01-04,12.254112243652344,1564056
2000-01-05,12.01163101196289,1359518
2000-01-06,11.97265911102295,1064746
2000-01-07,11.951009750366211,1575704
2000-01-10,12.427315711975098,1275718
2000-01-11,12.384015083312988,1303046
2000-01-12,12.20648193359375,966988
2000-01-13,11.864404678344727,1614659
2000-01-14,11.77780818939209,2218592
2000-01-17,11.812445640563965,1278071
2000-01-18,11.691206932067871,1385909
2000-01-19,11.94667911529541,1996688
2000-01-20,11.344794273376465,1659471
2000-01-21,11.149943351745605,2074986
2000-01-24,10.716936111450195,1642904
2000-01-25,10.102067947387695,3369175
2000-01-26,10.587035179138184,1488286
2000-01-27,10.500433921813965,1465579
2000-01-28,10.83384895324707,1356705
2000-01-31,10.218976974487305,1266189
2000-02-01,10.478781700134277,2078029
2000-02-02,10.513422966003418,2105588
2000-02-03,11.128293991088867,3704287
2000-02-04,11.024369239807129,1773280
2000-02-07,10.868488311767578,2047498
2000-02-08,10.825185775756836,2249446
2000-02-09,10.825185775756836,1317756
2000-02-10,11.193243980407715,1243300
2000-02-11,11.106644630432129,1967931
2000-02-14,10.976739883422852,1715562
2000-02-15,10.825185775756836,1272913
2000-02-16,11.084991455078125,2021924
2000-02-17,10.91179370880127,1303587
2000-02-18,11.344794273376465,6234132
2000-02-21,11.929356575012207,2973134
2000-02-22,12.015959739685059,2684297
2000-02-23,11.647903442382812,1734513
2000-02-24,11.647903442382812,1357588
2000-02-25,11.691206932067871,1432859
2000-02-28,11.305828094482422,965135
2000-02-29,11.54397964477539,925821
2000-03-01,11.65223217010498,1452926
2000-03-02,11.647903442382812,1201261
2000-03-03,11.258195877075195,965563
2000-03-06,11.17159366607666,941155
2000-03-07,10.9680814743042,1126066
2000-03-08,11.162935256958008,1344057
2000-03-09,11.128293991088867,1129814
2000-03-10,11.344794273376465,830035
2000-03-13,11.49634838104248,944391
2000-03-14,11.82543659210205,1462036
2000-03-15,13.44488525390625,10337143
2000-03-16,13.7479887008667,9502690
2000-03-17,12.985894203186035,28719542
2000-03-20,13.29333209991455,3251350
2000-03-21,14.332549095153809,3723320
2000-03-22,14.917109489440918,3869253
2000-03-23,14.462451934814453,3211178
2000-03-24,14.63565444946289,1974191
2000-03-27,14.09439468383789,990243
2000-03-28,14.354199409484863,1596984
2000-03-29,14.895461082458496,2529616
2000-03-30,14.691946029663086,2297532
2000-03-31,14.354199409484863,1885953
2000-04-03,14.354199409484863,1113106
2000-04-04,14.687614440917969,1285400
2000-04-05,14.37585163116455,1500047
2000-04-06,13.942846298217773,1011360
2000-04-07,13.574784278869629,2126004
2000-04-10,14.072744369506836,1429945
2000-04-11,14.051095008850098,751425
2000-04-12,14.072744369506836,1135671
2000-04-13,13.899540901184082,1139455
2000-04-14,13.37993335723877,1440965
2000-04-17,13.596433639526367,1564141
2000-04-18,13.033528327941895,1429609
2000-04-19,12.990224838256836,1429358
2000-04-20,12.994555473327637,2188496
2000-04-21,12.994555473327637,0
2000-04-24,12.994555473327637,0
2000-04-25,13.29333209991455,735907
2000-04-26,13.206733703613281,604234
2000-04-27,13.076828956604004,602312
2000-04-28,12.817023277282715,6052846
2000-05-01,12.817023277282715,0
2000-05-02,13.639738082885742,1670743
2000-05-03,13.314982414245605,1576479
2000-05-04,13.639738082885742,1198134
2000-05-05,14.241621971130371,1202597
2000-05-08,14.397499084472656,1432750
2000-05-09,14.397499084472656,0
2000-05-10,14.549050331115723,1745742
2000-05-11,14.72225570678711,1596200
2000-05-12,14.289251327514648,754980
2000-05-15,14.111717224121094,617142
2000-05-16,14.505752563476562,1222659
2000-05-17,13.927271842956543,857579
2000-05-18,13.475889205932617,1577477
2000-05-19,13.366328239440918,1235874
2000-05-22,13.32250690460205,987069
2000-05-23,13.453975677490234,1013323
2000-05-24,14.089424133300781,1462864
2000-05-25,14.330459594726562,1711439
2000-05-26,14.150779724121094,951479
2000-05-29,14.22089672088623,191406
2000-05-30,14.17707347869873,1005744
2000-05-31,14.286630630493164,1287602
2000-06-01,14.518899917602539,431764
2000-06-02,14.794991493225098,1384558
2000-06-05,14.532045364379883,487563
2000-06-06,14.46192741394043,984793
2000-06-07,14.045601844787598,1121615
2000-06-08,13.673095703125,932643
2000-06-09,14.282252311706543,908145
2000-06-12,14.49260425567627,350942
2000-06-13,14.979050636291504,1403185
2000-06-14,15.027259826660156,781674
2000-06-15,15.110526084899902,638141
2000-06-16,14.707343101501465,10205373
2000-06-19,14.549575805664062,1615134
2000-06-20,14.43125057220459,766566
2000-06-21,14.260336875915527,930611
2000-06-22,14.115718841552734,1201470
2000-06-23,13.870306015014648,647976
2000-06-26,13.808950424194336,746418
2000-06-27,13.651182174682617,1167172
2000-06-28,13.787038803100586,906907
2000-06-29,14.409340858459473,968630
2000-06-30,13.848392486572266,951287
2000-07-03,14.146391868591309,722187
2000-07-04,14.615315437316895,754552
2000-07-05,14.681049346923828,721985
2000-07-06,15.859910011291504,3488206
2000-07-07,15.859910011291504,0
2000-07-10,15.119288444519043,840453
2000-07-11,15.80294418334961,1287499
2000-07-12,16.482221603393555,1674403
2000-07-13,16.482221603393555,0
2000-07-14,15.969475746154785,2143582
2000-07-17,15.7021484375,1121356
2000-07-18,15.99577522277832,1028012
2000-07-19,15.689000129699707,905249
2000-07-20,16.54357147216797,1391721
2000-07-21,16.214889526367188,735617
2000-07-24,16.447158813476562,956228
2000-07-25,16.109712600708008,605975
2000-07-26,16.258710861206055,828251
2000-07-27,16.166685104370117,626421
2000-07-28,15.951949119567871,809649
2000-07-31,16.083417892456055,2044993
2000-08-01,15.899359703063965,2267969
2000-08-02,15.163110733032227,1071373
2000-08-03,15.908120155334473,791972
2000-08-04,15.886213302612305,1180536
2000-08-07,16.05274200439453,483498
2000-08-08,16.105331420898438,939121
2000-08-09,16.39018440246582,985465
2000-08-10,16.412097930908203,870039
2000-08-11,16.43838882446289,494338
2000-08-14,16.214889526367188,553095
2000-08-15,16.03959846496582,435978
2000-08-16,16.39018440246582,813720
2000-08-17,16.434011459350586,634193
2000-08-18,15.908120155334473,918900
2000-08-21,15.899359703063965,523379
2000-08-22,16.19736099243164,753166
2000-08-23,16.171066284179688,807289
2000-08-24,16.324445724487305,540443
2000-08-25,16.36827278137207,567212
2000-08-28,16.52603530883789,461253
2000-08-29,16.65313148498535,557412
2000-08-30,15.886213302612305,1279288
2000-08-31,16.01767921447754,508511
2000-09-01,15.951949119567871,1202411
2000-09-04,16.214889526367188,628848
2000-09-05,16.333219528198242,515841
2000-09-06,16.07903480529785,635807
2000-09-07,16.65313148498535,678320
2000-09-08,16.797748565673828,612476
2000-09-11,16.508506774902344,493761
2000-09-12,16.73639488220215,812532
2000-09-13,16.73639488220215,0
2000-09-14,16.280624389648438,618065
2000-09-15,15.776650428771973,1947917
2000-09-18,16.026445388793945,993512
2000-09-19,16.670658111572266,1134986
2000-09-20,15.842386245727539,1234761
2000-09-21,16.473451614379883,1798218
2000-09-22,16.39018440246582,1165771
2000-09-25,16.355127334594727,1311274
2000-09-26,16.45591926574707,728174
2000-09-27,16.149154663085938,1092185
2000-09-28,16.600542068481445,1238129
2000-09-29,17.00372314453125,2409906
2000-10-02,17.389373779296875,1677333
2000-10-03,17.389373779296875,0
2000-10-04,17.902114868164062,3173748
2000-10-05,18.230796813964844,1222567
2000-10-06,17.222843170166016,1927247
2000-10-09,17.139577865600586,1272890
2000-10-10,17.200925827026367,725151
2000-10-11,17.262287139892578,1574613
2000-10-12,17.09136962890625,1864261
2000-10-13,17.09136962890625,0
2000-10-16,17.09136962890625,0
2000-10-17,17.09136962890625,0
2000-10-18,17.09136962890625,0
2000-10-19,17.09136962890625,0
2000-10-20,17.09136962890625,0
2000-10-23,16.429628372192383,973023
2000-10-24,16.429628372192383,0
2000-10-25,16.517276763916016,910394
2000-10-26,16.495361328125,1014403
2000-10-27,16.68381118774414,1714878
2000-10-30,16.670658111572266,1145823
2000-10-31,16.670658111572266,0
2000-11-01,17.46387481689453,1413351
2000-11-02,17.04316520690918,859892
2000-11-03,17.529613494873047,1191938
2000-11-06,17.50769805908203,722565
2000-11-07,17.266666412353516,934934
2000-11-08,17.04754638671875,977597
2000-11-09,17.139577865600586,760727
2000-11-10,17.04754638671875,1063269
2000-11-13,16.784603118896484,940593
2000-11-14,16.784603118896484,0
2000-11-15,17.529613494873047,1190435
2000-11-16,17.17025375366211,1272519
2000-11-17,16.6750431060791,1171398
2000-11-20,16.171066284179688,770648
2000-11-21,15.973857879638672,1669146
2000-11-22,15.338408470153809,1832851
2000-11-23,15.338408470153809,1219418
2000-11-24,15.320878982543945,1246221
2000-11-27,15.570676803588867,942419
2000-11-28,15.890591621398926,1030643
2000-11-29,15.973857879638672,1081542
2000-11-30,15.088613510131836,1362331
2000-12-01,14.816904067993164,1228979
2000-12-04,14.32168960571289,1329575
2000-12-05,14.878256797790527,1168695
2000-12-06,15.075468063354492,2114943
2000-12-07,14.812518119812012,1452409
2000-12-08,15.52247142791748,937676
2000-12-11,15.557526588439941,1087666
2000-12-12,15.548763275146484,927286
2000-12-13,15.277056694030762,955171
2000-12-14,15.17187786102295,1156887
2000-12-15,14.851963996887207,2460966
2000-12-18,14.983434677124023,1083944
2000-12-19,15.557526588439941,1049656
2000-12-20,15.675851821899414,919372
2000-12-21,14.681049346923828,1270675
2000-12-22,14.43125057220459,971361
2000-12-25,14.43125057220459,0
2000-12-26,14.43125057220459,0
2000-12-27,15.776650428771973,893229
2000-12-28,14.900166511535645,666790
2000-12-29,15.294587135314941,454119
2001-01-01,15.294587135314941,0
2001-01-02,15.106144905090332,420631
2001-01-03,15.132438659667969,1593510
2001-01-04,15.386610984802246,1203012
2001-01-05,15.386610984802246,0
2001-01-08,16.434011459350586,1178138
2001-01-09,16.24995231628418,1174091
2001-01-10,15.776650428771973,785169
2001-01-11,15.272672653198242,1313572
2001-01-12,15.163110733032227,903691
2001-01-15,15.588210105895996,537917
2001-01-16,15.338408470153809,841303
2001-01-17,15.99577522277832,1166597
2001-01-18,16.000152587890625,1050509
2001-01-19,16.214889526367188,1020209
2001-01-22,16.872249603271484,2174916
2001-01-23,17.1571044921875,1050655
2001-01-24,16.828426361083984,1164547
2001-01-25,16.657512664794922,820737
2001-01-26,16.68381118774414,1032544
2001-01-29,16.565481185913086,918076
2001-01-30,16.62244987487793,529052
2001-01-31,16.346363067626953,870615
2001-02-01,16.91169548034668,688090
2001-02-02,16.63121795654297,876344
2001-02-05,16.7188663482666,924639
2001-02-06,16.959897994995117,1276155
2001-02-07,17.04754638671875,821131
2001-02-08,16.959897994995117,887035
2001-02-09,16.881013870239258,781506
2001-02-12,17.117664337158203,685488
2001-02-13,16.793367385864258,709938
2001-02-14,17.078227996826172,943559
2001-02-15,17.078227996826172,0
2001-02-16,16.889780044555664,1108609
2001-02-19,17.35869789123535,765188
2001-02-20,17.51207733154297,1439501
2001-02-21,17.529613494873047,1014468
2001-02-22,17.17025375366211,1434743
2001-02-23,17.17902374267578,1079619
2001-02-26,16.61807632446289,1155783
2001-02-27,16.723249435424805,960791
2001-02-28,16.679424285888672,1080709
2001-03-01,16.91607093811035,1289134
2001-03-02,16.99057388305664,873634
2001-03-05,17.23160743713379,617095
2001-03-06,16.530424118041992,1403816
2001-03-07,16.565481185913086,1051657
2001-03-08,17.095748901367188,1490804
2001-03-09,17.297344207763672,1850596
2001-03-12,16.872249603271484,1746652
2001-03-13,16.6750431060791,1596266
2001-03-14,15.4611177444458,2805100
2001-03-15,15.342793464660645,3591570
2001-03-16,15.338408470153809,16778601
2001-03-19,15.360321044921875,1246649
2001-03-20,15.18940544128418,1002888
2001-03-21,14.878256797790527,1836488
2001-03-22,14.054366111755371,3162293
2001-03-23,14.514518737792969,2739258
2001-03-26,14.724868774414062,1476032
2001-03-27,15.483026504516602,2261579
2001-03-28,15.588210105895996,2057332
2001-03-29,15.864299774169922,2015486
2001-03-30,15.14996337890625,1892925
2001-04-02,15.316494941711426,1102400
2001-04-03,14.681049346923828,1951012
2001-04-04,15.018491744995117,1436725
2001-04-05,15.338408470153809,1132229
2001-04-06,15.110526084899902,1062116
2001-04-09,15.553144454956055,690719
2001-04-10,15.539999008178711,1583248
2001-04-11,15.732824325561523,1640094
2001-04-12,16.12724494934082,946292
2001-04-13,16.12724494934082,0
2001-04-16,16.12724494934082,0
2001-04-17,16.061508178710938,856863
2001-04-18,16.149154663085938,1205255
2001-04-19,16.434011459350586,1232455
2001-04-20,16.670658111572266,1599595
2001-04-23,16.416479110717773,991890
2001-04-24,16.429628372192383,751033
2001-04-25,16.54357147216797,1654172
2001-04-26,16.65313148498535,1095630
2001-04-27,16.302541732788086,1325982
2001-04-30,16.39018440246582,1086545
2001-05-01,16.39018440246582,0
2001-05-02,17.222843170166016,2086942
2001-05-03,17.222843170166016,2031802
2001-05-04,17.03439712524414,1521375
2001-05-07,17.03439712524414,0
2001-05-08,17.100133895874023,716938
2001-05-09,17.297344207763672,1386551
2001-05-10,17.297344207763672,0
2001-05-11,17.726818084716797,3428220
2001-05-14,17.66108512878418,1625789
2001-05-15,17.61726188659668,2190759
2001-05-16,18.15366554260254,1969575
2001-05-17,17.909841537475586,1398596
2001-05-18,18.397493362426758,3235247
2001-05-21,18.26006317138672,2561374
2001-05-22,17.954177856445312,1393384
2001-05-23,17.803451538085938,1312676
2001-05-24,17.914276123046875,506024
2001-05-25,17.75025177001953,976984
2001-05-28,17.77684783935547,660869
2001-05-29,17.386734008789062,1776421
2001-05-30,17.346834182739258,1057596
2001-05-31,17.781286239624023,1508703
2001-06-01,17.479829788208008,1451060
2001-06-04,17.643857955932617,821845
2001-06-05,17.732521057128906,1172789
2001-06-06,17.71035385131836,946192
2001-06-07,18.175832748413086,2237542
2001-06-08,17.936447143554688,1604130
2001-06-11,17.728084564208984,1182252
2001-06-12,17.515296936035156,1784664
2001-06-13,17.541898727416992,1343560
2001-06-14,17.134048461914062,1048781
2001-06-15,17.134048461914062,0
2001-06-18,16.78382682800293,1240702
2001-06-19,16.801559448242188,1212735
2001-06-20,16.96558952331543,1035410
2001-06-21,17.067546844482422,1306168
2001-06-22,17.142913818359375,997537
2001-06-25,16.899091720581055,1214155
2001-06-26,16.814861297607422,1595378
2001-06-27,17.134048461914062,1151554
2001-06-28,16.91239356994629,1363723
2001-06-29,17.333538055419922,1313397
2001-07-02,17.537460327148438,1360393
2001-07-03,17.466529846191406,1821378
2001-07-04,17.75025177001953,959544
2001-07-05,17.830047607421875,1518064
2001-07-06,17.75025177001953,1272084
2001-07-09,17.71035385131836,1005730
2001-07-10,17.688188552856445,1515221
2001-07-11,17.77684783935547,1720955
2001-07-12,17.639419555664062,2189040
2001-07-13,17.639419555664062,0
2001-07-16,17.621692657470703,2847895
2001-07-17,17.546327590942383,1477812
2001-07-18,17.244876861572266,1674165
2001-07-19,17.17837905883789,1464174
2001-07-20,17.222707748413086,1214164
2001-07-23,17.37786865234375,1303119
2001-07-24,17.37786865234375,1036622
2001-07-25,17.599529266357422,1581573
2001-07-26,17.719219207763672,1014965
2001-07-27,17.714784622192383,1472822
2001-07-30,17.71035385131836,1059242
2001-07-31,17.949745178222656,1602695
2001-08-01,17.914276123046875,1388837
2001-08-02,17.821186065673828,2637089
2001-08-03,17.732521057128906,1255631
2001-08-06,17.909841537475586,1523220
2001-08-07,17.732521057128906,3224374
2001-08-08,17.30694007873535,3081205
2001-08-09,17.098583221435547,1478637
2001-08-10,17.009916305541992,2018913
2001-08-13,17.15620994567871,988459
2001-08-14,17.191675186157227,1347305
2001-08-15,16.87249183654785,1454601
2001-08-16,15.959269523620605,3288666
2001-08-17,15.604619026184082,3467668
2001-08-20,15.582449913024902,2492905
2001-08-21,15.405126571655273,1644728
2001-08-22,15.648947715759277,3701939
2001-08-23,16.056798934936523,1721081
2001-08-24,16.238554000854492,1669548
2001-08-27,16.070096969604492,599153
2001-08-28,15.591320037841797,1076685
2001-08-29,15.671113014221191,2053054
2001-08-30,15.666679382324219,2171484
2001-08-31,15.582449913024902,1428606
2001-09-03,15.604619026184082,1696672
2001-09-04,16.242984771728516,2613949
2001-09-05,16.251855850219727,3737551
2001-09-06,16.34494972229004,4853381
2001-09-07,15.959269523620605,3512762
2001-09-10,15.391828536987305,2178812
2001-09-11,14.673657417297363,3624162
2001-09-12,13.995392799377441,4946752
2001-09-13,13.764869689941406,3016113
2001-09-14,12.27977180480957,3693036
2001-09-17,12.36843204498291,4706645
2001-09-18,12.346266746520996,3537667
2001-09-19,11.81429386138916,3500201
2001-09-20,10.706007957458496,4848737
2001-09-21,11.113855361938477,8039195
2001-09-24,11.113855361938477,0
2001-09-25,11.7699613571167,2869518
2001-09-26,11.57490348815918,2780937
2001-09-27,11.614799499511719,1792719
2001-09-28,12.426065444946289,2508892
2001-10-01,12.72308349609375,2447362
2001-10-02,13.104331970214844,3046312
2001-10-03,13.104331970214844,0
2001-10-04,13.87569808959961,3088899
2001-10-05,13.835796356201172,2486046
2001-10-08,14.186017036437988,1488499
2001-10-09,14.123953819274902,1529361
2001-10-10,14.44313907623291,1669116
2001-10-11,15.139138221740723,2391520
2001-10-12,14.607165336608887,1814628
2001-10-15,14.678092956542969,1273223
2001-10-16,14.678092956542969,0
2001-10-17,14.886453628540039,2062445
2001-10-18,14.695825576782227,1766041
2001-10-19,14.7002592086792,1877459
2001-10-22,15.174603462219238,1531409
2001-10-23,15.3031644821167,2069110
2001-10-24,15.551416397094727,2348885
2001-10-25,15.236666679382324,1347242
2001-10-26,15.316462516784668,1794353
2001-10-29,15.116969108581543,1113428
2001-10-30,14.230344772338867,2026937
2001-10-31,14.629329681396484,1612344
2001-11-01,15.072643280029297,1663070
2001-11-02,15.161304473876953,2406288
2001-11-05,15.75977611541748,1644325
2001-11-06,15.471627235412598,1689044
2001-11-07,16.491243362426758,4067430
2001-11-08,16.575471878051758,2684915
2001-11-09,16.50897216796875,1662187
2001-11-12,16.358245849609375,2021655
2001-11-13,17.023216247558594,1700066
2001-11-14,16.890228271484375,2288608
2001-11-15,18.774303436279297,2626874
2001-11-16,16.77939796447754,2279736
2001-11-19,17.444366455078125,1751673
2001-11-20,17.209409713745117,2146886
2001-11-21,17.089717864990234,2058172
2001-11-22,17.023216247558594,1557488
2001-11-23,17.17837905883789,1445016
2001-11-26,17.244876861572266,2318414
2001-11-27,16.664133071899414,3085803
2001-11-28,16.358245849609375,1694830
2001-11-29,16.269588470458984,1192168
2001-11-30,15.73317813873291,1276357
2001-12-03,15.73317813873291,1276357
2001-12-04,16.52670669555664,2056475
2001-12-05,17.688188552856445,2826754
2001-12-06,17.40003204345703,1933371
2001-12-07,16.91239356994629,2049644
2001-12-10,16.974454879760742,893160
2001-12-11,16.890228271484375,1177574
2001-12-12,16.903522491455078,1415301
2001-12-13,16.5577392578125,1465968
2001-12-14,16.3892822265625,1145189
2001-12-17,17.15620994567871,1688636
2001-12-18,16.970022201538086,1877544
2001-12-19,16.86806297302246,2323359
2001-12-20,16.823728561401367,1206581
2001-12-21,17.4975643157959,3072689
2001-12-24,17.4975643157959,0
2001-12-25,17.4975643157959,0
2001-12-26,17.4975643157959,0
2001-12-27,17.577360153198242,1185714
2001-12-28,17.355703353881836,569835
2001-12-31,17.355703353881836,0
2002-01-01,17.355703353881836,0
2002-01-02,17.732521057128906,1629314
2002-01-03,18.047266006469727,1722124
2002-01-04,18.353160858154297,2342039
2002-01-07,17.77684783935547,2149607
2002-01-08,17.954177856445312,2180007
2002-01-09,17.95861053466797,2025215
2002-01-10,17.909841537475586,1141613
2002-01-11,17.444366455078125,1755380
2002-01-14,17.107450485229492,1770798
2002-01-15,17.107450485229492,0
2002-01-16,16.522275924682617,2281414
2002-01-17,16.93012237548828,2690490
2002-01-18,16.850326538085938,1494267
2002-01-21,16.673004150390625,545968
2002-01-22,16.69516944885254,1664260
2002-01-23,17.04538917541504,1456422
2002-01-24,16.890228271484375,1440779
2002-01-25,17.06311798095703,1448207
2002-01-28,17.821186065673828,3749046
2002-01-29,18.175832748413086,5227835
2002-01-30,18.295528411865234,4083225
2002-01-31,18.995967864990234,4197566
2002-02-01,18.800907135009766,2056226
2002-02-04,18.521617889404297,2048380
2002-02-05,18.45954704284668,2888656
2002-02-06,17.88768196105957,2568922
2002-02-07,17.67932891845703,1688406
2002-02-08,18.127071380615234,2783417
2002-02-11,18.00737953186035,1552385
2002-02-12,17.976341247558594,1831270
2002-02-13,18.3797550201416,1690836
2002-02-14,18.59254264831543,1487060
2002-02-15,18.215734481811523,1205724
2002-02-18,18.397493362426758,1149045
2002-02-19,18.286663055419922,1769458
2002-02-20,18.322124481201172,1276214
2002-02-21,18.397493362426758,1701646
2002-02-22,17.989646911621094,1249243
2002-02-25,18.565946578979492,1407087
2002-02-26,18.574813842773438,1811030
2002-02-27,18.61471176147461,1355563
2002-02-28,18.995967864990234,1835741
2002-03-01,19.638763427734375,2467139
2002-03-04,19.72743034362793,2128742
2002-03-05,19.98898696899414,1883968
2002-03-06,19.59000015258789,2677389
2002-03-07,19.554533004760742,2220271
2002-03-08,19.72743034362793,1955355
2002-03-11,19.860422134399414,2035858
2002-03-12,19.510202407836914,1888151
2002-03-13,19.403806686401367,1506994
2002-03-14,19.638763427734375,1232690
2002-03-15,20.39239501953125,6473392
2002-03-18,20.39239501953125,1486839
2002-03-19,20.68498420715332,2013681
2002-03-20,20.432294845581055,2341108
2002-03-21,21.017473220825195,3256498
2002-03-22,20.94654083251953,1519107
2002-03-25,20.170745849609375,2077119
2002-03-26,20.028879165649414,3151953
2002-03-27,19.99341583251953,1769512
2002-03-28,20.34807014465332,1260618
2002-03-29,20.34807014465332,0
2002-04-01,20.34807014465332,0
2002-04-02,20.113109588623047,1573655
2002-04-03,20.015581130981445,1692677
2002-04-04,19.749591827392578,1669677
2002-04-05,19.84269142150879,854702
2002-04-08,19.860422134399414,1072367
2002-04-09,19.793922424316406,1272873
2002-04-10,20.126419067382812,1349379
2002-04-11,19.505769729614258,1729479
2002-04-12,19.660930633544922,1634310
2002-04-15,19.745162963867188,1067744
2002-04-16,20.281574249267578,1541570
2002-04-17,20.082080841064453,1124881
2002-04-18,20.148576736450195,1562016
2002-04-19,20.39239501953125,1003136
2002-04-22,20.037748336791992,923601
2002-04-23,20.139707565307617,1064054
2002-04-24,19.97124671936035,1128175
2002-04-25,19.616600036621094,3226768
2002-04-26,19.399372100830078,2094291
2002-04-29,19.128955841064453,1710044
2002-04-30,19.337308883666992,1351524
2002-05-01,19.337308883666992,0
2002-05-02,19.926918029785156,2398882
2002-05-03,19.652067184448242,1827501
2002-05-06,19.70526123046875,1017223
2002-05-07,19.949085235595703,1706279
2002-05-08,20.41456413269043,3092661
2002-05-09,20.32590103149414,1412635
2002-05-10,20.853445053100586,3412566
2002-05-13,20.94654083251953,2453559
2002-05-14,20.89334487915039,1955656
2002-05-15,20.44559097290039,1655093
2002-05-16,20.94654083251953,1698719
2002-05-17,21.31410026550293,3008387
2002-05-20,21.179630279541016,831701
2002-05-21,21.31410026550293,1568583
2002-05-22,21.20203971862793,2620731
2002-05-23,20.8344783782959,2371864
2002-05-24,20.82103157043457,1735462
2002-05-27,20.843446731567383,597408
2002-05-28,20.843446731567383,0
2002-05-29,20.529672622680664,1949822
2002-05-30,20.229345321655273,1513070
2002-05-31,20.56104278564453,1502947
2002-06-03,19.94694709777832,1308859
2002-06-04,19.727310180664062,1954048
2002-06-05,20.395198822021484,1530984
2002-06-06,20.17107391357422,1811857
2002-06-07,19.77212905883789,1917388
2002-06-10,19.879711151123047,1423114
2002-06-11,20.32347869873047,2284651
2002-06-12,20.17107391357422,1840284
2002-06-13,18.848751068115234,2770708
2002-06-14,17.64296531677246,3947232
2002-06-17,18.924951553344727,2106541
2002-06-18,19.02804183959961,1410384
2002-06-19,18.75909423828125,2958230
2002-06-20,17.90743064880371,3753612
2002-06-21,16.074106216430664,11046030
2002-06-24,16.719579696655273,3714757
2002-06-25,17.885019302368164,3787746
2002-06-26,18.153966903686523,3828608
2002-06-27,17.979148864746094,3637449
2002-06-28,18.38705062866211,4577780
2002-07-01,18.44532585144043,1973532
2002-07-02,17.974666595458984,2429319
2002-07-03,17.728132247924805,2721338
2002-07-04,18.041906356811523,1134810
2002-07-05,18.902536392211914,2526465
2002-07-08,18.983217239379883,1612807
2002-07-09,19.1849308013916,2872721
2002-07-10,18.422910690307617,2444405
2002-07-11,18.06879997253418,3159057
2002-07-12,18.47669792175293,2234843
2002-07-15,17.580211639404297,2195974
2002-07-16,17.34712028503418,2777554
2002-07-17,17.737096786499023,4241407
2002-07-18,17.974666595458984,2485567
2002-07-19,17.795368194580078,2509250
2002-07-22,16.136859893798828,2742725
2002-07-23,16.136859893798828,2516297
2002-07-24,16.392356872558594,3081692
2002-07-25,16.22650909423828,3289639
2002-07-26,16.517866134643555,2116559
2002-07-29,17.92984390258789,2339378
2002-07-30,17.92087745666504,2916334
2002-07-31,17.257471084594727,3528906
2002-08-01,17.12299919128418,2038366
2002-08-02,17.17230796813965,2575811
2002-08-05,16.58510398864746,2089627
2002-08-06,17.593652725219727,3042487
2002-08-07,17.77295684814453,2991271
2002-08-08,17.329198837280273,4513037
2002-08-09,17.239543914794922,4693949
2002-08-12,17.212648391723633,1555672
2002-08-13,17.616069793701172,2675335
2002-08-14,17.481597900390625,1747776
2002-08-15,18.019495010375977,2662234
2002-08-16,17.539867401123047,1926485
2002-08-19,18.10913848876953,1788717
2002-08-20,17.64744758605957,1921746
2002-08-21,17.77295684814453,2396359
2002-08-22,17.77295684814453,1356645
2002-08-23,17.77295684814453,0
2002-08-26,17.77295684814453,0
2002-08-27,17.77295684814453,0
2002-08-28,17.77295684814453,0
2002-08-29,16.809226989746094,2293547
2002-08-30,17.217132568359375,1636161
2002-09-02,16.719579696655273,1018282
2002-09-03,16.123409271240234,2222108
2002-09-04,15.800673484802246,2468498
2002-09-05,15.733438491821289,1922655
2002-09-06,16.271333694458008,1743064
2002-09-09,16.338571548461914,1002249
2002-09-10,16.58510398864746,1502097
2002-09-11,16.854053497314453,1267139
2002-09-12,16.047208786010742,2208756
2002-09-13,15.724470138549805,2197556
2002-09-16,15.948593139648438,1472785
2002-09-17,15.881361961364746,1487021
2002-09-18,15.352428436279297,1977929
2002-09-19,14.792118072509766,1909681
2002-09-20,15.2896728515625,6295492
2002-09-23,15.074518203735352,2798981
2002-09-24,14.142163276672363,4275946
2002-09-25,14.420076370239258,3823518
2002-09-26,15.33001708984375,4939747
2002-09-27,15.352428436279297,2816277
2002-09-30,14.119751930236816,2481173
2002-10-01,15.173127174377441,2260063
2002-10-02,15.464488983154297,3042150
2002-10-03,14.949006080627441,1422889
2002-10-04,15.061067581176758,2265538
2002-10-07,14.581442832946777,2242905
2002-10-08,13.895628929138184,2943035
2002-10-09,13.483245849609375,4311466
2002-10-10,13.635644912719727,3936841
2002-10-11,14.836941719055176,4183485
2002-10-14,14.724882125854492,2757766
2002-10-15,15.34794807434082,4097143
2002-10-16,15.702061653137207,3018830
2002-10-17,16.719579696655273,3514039
2002-10-18,16.567176818847656,2645631
2002-10-21,16.67475128173828,1686749
2002-10-22,16.4596004486084,2323871
2002-10-23,16.257884979248047,2690585
2002-10-24,16.441667556762695,3028036
2002-10-25,16.302709579467773,1695625
2002-10-28,16.733028411865234,1315069
2002-10-29,15.62137508392334,2492815
2002-10-30,15.083481788635254,2545838
2002-10-31,16.22650909423828,2071878
2002-11-01,15.948593139648438,1323290
2002-11-04,16.495454788208008,1950724
2002-11-05,16.43269920349121,1607744
2002-11-06,15.41966724395752,8771202
2002-11-07,14.859357833862305,4872432
2002-11-08,14.393183708190918,3923118
2002-11-11,14.5769624710083,1875536
2002-11-12,14.980382919311523,2507517
2002-11-13,14.567997932434082,1875128
2002-11-14,15.168646812438965,1751650
2002-11-15,14.787637710571289,1967228
2002-11-18,14.917628288269043,1092187
2002-11-19,14.913147926330566,2273361
2002-11-20,14.509721755981445,2020326
2002-11-21,15.016243934631348,4827089
2002-11-22,14.904182434082031,2806918
2002-11-25,14.54110050201416,1983095
2002-11-26,14.420076370239258,2639171
2002-11-27,15.123823165893555,2475592
2002-11-28,15.334498405456543,2989171
2002-11-29,15.240365982055664,1760561
2002-12-02,15.365875244140625,2068694
2002-12-03,14.836941719055176,1863965
2002-12-04,15.383807182312012,2988233
2002-12-05,14.792118072509766,3081737
2002-12-06,14.926591873168945,2319365
2002-12-09,14.164576530456543,1571321
2002-12-10,14.792118072509766,1648279
2002-12-11,14.863840103149414,1346370
2002-12-12,14.200437545776367,3188616
2002-12-13,13.752192497253418,2163401
2002-12-16,13.976311683654785,1533781
2002-12-17,13.67150592803955,1672230
2002-12-18,13.133606910705566,2930510
2002-12-19,13.223258018493652,2564803
2002-12-20,13.335321426391602,3567831
2002-12-23,13.133606910705566,1166734
2002-12-24,13.133606910705566,0
2002-12-25,13.133606910705566,0
2002-12-26,13.133606910705566,0
2002-12-27,12.537443161010742,689918
2002-12-30,12.963274955749512,1038430
2002-12-31,12.963274955749512,0
2003-01-01,12.963274955749512,0
2003-01-02,13.626684188842773,2262846
2003-01-03,13.577374458312988,1346207
2003-01-06,13.65805721282959,1962516
2003-01-07,13.474276542663574,2179987
2003-01-08,12.73466968536377,2030182
2003-01-09,12.86017894744873,3112951
2003-01-10,13.088784217834473,3472309
2003-01-13,13.272566795349121,2844510
2003-01-14,13.142580032348633,2432315
2003-01-15,12.716741561889648,2945152
2003-01-16,12.78846263885498,2165110
2003-01-17,12.420897483825684,2466037
2003-01-20,12.680883407592773,2344078
2003-01-21,12.797426223754883,2902527
2003-01-22,12.46572208404541,2362773
2003-01-23,11.878521919250488,2210175
2003-01-24,11.739563941955566,2612119
2003-01-27,11.793355941772461,3551699
2003-01-28,11.878521919250488,2956001
2003-01-29,12.237117767333984,3305588
2003-01-30,11.968172073364258,3203990
2003-01-31,12.04437255859375,3153515
2003-02-03,12.394002914428711,1839868
2003-02-04,11.999547004699707,2496435
2003-02-05,12.353663444519043,2373614
2003-02-06,12.026442527770996,1674565
2003-02-07,11.605091094970703,3035852
2003-02-10,11.45268726348877,2212750
2003-02-11,11.627501487731934,1955084
2003-02-12,11.425793647766113,2561792
2003-02-13,11.004441261291504,2821824
2003-02-14,11.497511863708496,3669844
2003-02-17,11.744047164916992,1397302
2003-02-18,11.627501487731934,2601434
2003-02-19,11.138915061950684,2661246
2003-02-20,10.910309791564941,2854130
2003-02-21,11.493029594421387,1903187
2003-02-24,11.224081039428711,1257533
2003-02-25,11.224081039428711,2145691
2003-02-26,10.623431205749512,2651892
2003-02-27,11.277871131896973,2276544
2003-02-28,11.609574317932129,3270260
2003-03-03,11.811283111572266,1768801
2003-03-04,10.87893295288086,4998943
2003-03-05,10.722044944763184,3390634
2003-03-06,10.479991912841797,2776740
2003-03-07,10.367932319641113,3044342
2003-03-10,10.031746864318848,2773204
2003-03-11,9.395237922668457,4094490
2003-03-12,9.466958045959473,3286188
2003-03-13,10.206563949584961,5599998
2003-03-14,10.533781051635742,4335359
2003-03-17,10.766870498657227,3242226
2003-03-18,11.250978469848633,4002863
2003-03-19,11.757495880126953,4211092
2003-03-20,11.900933265686035,3227011
2003-03-21,12.255045890808105,8173972
2003-03-24,11.587162017822266,2861922
2003-03-25,12.102643013000488,2829538
2003-03-26,11.739563941955566,2507815
2003-03-27,11.847145080566406,2688600
2003-03-28,11.8202486038208,1847472
2003-03-31,11.403377532958984,1930994
2003-04-01,11.663360595703125,2241774
2003-04-02,12.37159252166748,3060750
2003-04-03,12.461240768432617,3754675
2003-04-04,12.68984603881836,1999073
2003-04-07,13.67150592803955,3334751
2003-04-08,12.99913501739502,3992063
2003-04-09,12.846731185913086,2535041
2003-04-10,12.887075424194336,3437229
2003-04-11,12.913969993591309,2500010
2003-04-14,13.353249549865723,1786928
2003-04-15,13.559441566467285,2790122
2003-04-16,13.286014556884766,2322132
2003-04-17,13.604269027709961,2400781
2003-04-18,13.604269027709961,0
2003-04-21,13.604269027709961,0
2003-04-22,13.581855773925781,1753763
2003-04-23,13.783568382263184,2141504
2003-04-24,13.241191864013672,2498411
2003-04-25,13.1739501953125,1674998
2003-04-28,13.474276542663574,1142071
2003-04-29,13.545995712280273,1947732
2003-04-30,13.38910961151123,1891368
2003-05-01,13.38910961151123,0
2003-05-02,13.1739501953125,2378827
2003-05-05,13.115680694580078,1930234
2003-05-06,12.936384201049805,2943748
2003-05-07,12.59571647644043,4238674
2003-05-08,12.77501106262207,5533165
2003-05-09,13.32187271118164,3168130
2003-05-12,13.205328941345215,3073458
2003-05-13,13.124645233154297,2707518
2003-05-14,13.026030540466309,2050692
2003-05-15,13.133606910705566,1673723
2003-05-16,13.019523620605469,2512931
2003-05-19,12.38976764678955,3018297
2003-05-20,12.006438255310059,3248954
2003-05-21,12.065764427185059,3160827
2003-05-22,12.30306339263916,2819453
2003-05-23,12.230045318603516,2497915
2003-05-26,12.18897533416748,892699
2003-05-27,12.412581443786621,2288081
2003-05-28,12.380640029907227,3871626
2003-05-29,12.77766227722168,1860248
2003-05-30,13.402853012084961,2147219
2003-06-02,13.42567253112793,3049393
2003-06-03,13.375473022460938,2042214
2003-06-04,13.48499584197998,2796876
2003-06-05,13.553447723388672,2822885
2003-06-06,14.17863941192627,3524174
2003-06-09,13.909399032592773,1240460
2003-06-10,14.078241348266602,1851739
2003-06-11,14.251656532287598,3097572
2003-06-12,14.23796558380127,3530634
2003-06-13,14.374865531921387,2527721
2003-06-16,14.771885871887207,1913009
2003-06-17,15.032004356384277,2518101
2003-06-18,15.237359046936035,1959252
2003-06-19,14.584786415100098,3176807
2003-06-20,14.762761116027832,4955681
2003-06-23,14.44332218170166,2054170
2003-06-24,14.790141105651855,2196259
2003-06-25,14.744507789611816,2609709
2003-06-26,15.346883773803711,2720556
2003-06-27,15.543112754821777,1744589
2003-06-30,15.241924285888672,2586647
2003-07-01,14.844902992248535,2291366
2003-07-02,15.346883773803711,2261427
2003-07-03,15.502039909362793,1887336
2003-07-04,15.867117881774902,1332957
2003-07-07,16.05877685546875,2674600
2003-07-08,16.16374397277832,2081044
2003-07-09,15.6891450881958,2361877
2003-07-10,15.652634620666504,2201588
2003-07-11,15.70283317565918,2195921
2003-07-14,15.889933586120605,981296
2003-07-15,15.73021411895752,1566237
2003-07-16,15.629817008972168,1601409
2003-07-17,15.483786582946777,1898000
2003-07-18,15.465536117553711,1235521
2003-07-21,15.310375213623047,1698918
2003-07-22,15.44727897644043,2046182
2003-07-23,15.287557601928711,1102352
2003-07-24,15.511170387268066,1649678
2003-07-25,15.620695114135742,1806486
2003-07-28,15.511170387268066,1895006
2003-07-29,15.25104808807373,2296950
2003-07-30,15.314940452575684,1725428
2003-07-31,15.743902206420898,2034840
2003-08-01,15.675455093383789,1924257
2003-08-04,15.438152313232422,1530699
2003-08-05,15.429025650024414,1746928
2003-08-06,15.538549423217773,1798366
2003-08-07,15.310375213623047,2626948
2003-08-08,15.209982872009277,1397003
2003-08-11,15.205416679382324,1141173
2003-08-12,15.38795280456543,1263166
2003-08-13,15.748464584350586,2482595
2003-08-14,15.94469165802002,1997637
2003-08-15,15.876243591308594,1546689
2003-08-18,16.15005111694336,1020165
2003-08-19,16.428424835205078,3350958
2003-08-20,16.51969337463379,1515456
2003-08-21,17.135757446289062,2535385
2003-08-22,17.017107009887695,1956617
2003-08-25,16.871076583862305,1475191
2003-08-26,16.51969337463379,1790564
2003-08-27,16.428424835205078,2378171
2003-08-28,16.401037216186523,2636399
2003-08-29,16.291521072387695,1837779
2003-09-01,16.624650955200195,1529837
2003-09-02,16.99885368347168,2131520
2003-09-03,17.59210205078125,3816426
2003-09-04,17.523649215698242,2756665
2003-09-05,17.272653579711914,2306973
2003-09-08,16.980602264404297,1878718
2003-09-09,16.65659523010254,2380490
2003-09-10,16.140926361083984,3623948
2003-09-11,16.54250717163086,2622323
2003-09-12,16.008583068847656,2372905
2003-09-15,16.168304443359375,1555031
2003-09-16,16.24588394165039,1745341
2003-09-17,16.41929817199707,2258810
2003-09-18,16.615520477294922,1666762
2003-09-19,17.11293601989746,5705304
2003-09-22,15.917315483093262,3743725
2003-09-23,15.743902206420898,3444317
2003-09-24,14.808394432067871,3578163
2003-09-25,15.05482292175293,2493087
2003-09-26,15.22823429107666,2206330
2003-09-29,15.164346694946289,2577669
2003-09-30,14.808394432067871,4288269
2003-10-01,15.424460411071777,3688802
2003-10-02,15.02287483215332,3135290
2003-10-03,15.524860382080078,2693373
2003-10-06,15.972078323364258,1674310
2003-10-07,15.643505096435547,3006547
2003-10-08,15.972078323364258,2959128
2003-10-09,16.200244903564453,2410240
2003-10-10,15.917315483093262,2329614
2003-10-13,16.017709732055664,1605680
2003-10-14,16.004016876220703,1618719
2003-10-15,16.15461540222168,2355606
2003-10-16,16.282390594482422,1723074
2003-10-17,15.972078323364258,2052659
2003-10-20,15.7849760055542,2677441
2003-10-21,15.511170387268066,3940019
2003-10-22,15.488348960876465,2842448
2003-10-23,15.460969924926758,1800359
2003-10-24,15.1962890625,1812382
2003-10-27,15.319501876831055,1327110
2003-10-28,15.533987045288086,1946235
2003-10-29,15.328628540039062,2989779
2003-10-30,15.497479438781738,2678101
2003-10-31,15.520296096801758,2521148
2003-11-03,16.328025817871094,4001818
2003-11-04,16.428424835205078,3291338
2003-11-05,16.09072494506836,3265920
2003-11-06,16.51969337463379,3308197
2003-11-07,17.11293601989746,5787307
2003-11-10,16.971471786499023,2179739
2003-11-11,17.007980346679688,1909133
2003-11-12,17.167695999145508,2095424
2003-11-13,17.10837745666504,2550962
2003-11-14,17.17682647705078,2029209
2003-11-17,16.615520477294922,1622754
2003-11-18,16.487749099731445,1951826
2003-11-19,16.51969337463379,2467372
2003-11-20,16.405609130859375,2431833
2003-11-21,16.45124053955078,1711498
2003-11-24,16.884763717651367,1993324
2003-11-25,17.1585750579834,2196440
2003-11-26,16.81631088256836,2114547
2003-11-27,17.10837745666504,1271486
2003-11-28,16.761554718017578,2198717
2003-12-01,16.944089889526367,1981806
2003-12-02,16.51512908935547,2763808
2003-12-03,16.693103790283203,2962561
2003-12-04,16.747865676879883,3092255
2003-12-05,16.592702865600586,2067800
2003-12-08,16.414731979370117,2076664
2003-12-09,16.296077728271484,2396535
2003-12-10,16.38279151916504,2724409
2003-12-11,16.875640869140625,2884202
2003-12-12,16.90757942199707,2885392
2003-12-15,16.91214942932129,2326634
2003-12-16,16.857385635375977,1919118
2003-12-17,16.6474666595459,2052685
2003-12-18,16.884763717651367,1847176
2003-12-19,16.930397033691406,3249809
2003-12-22,16.871076583862305,1043466
2003-12-23,16.857385635375977,721095
2003-12-24,16.857385635375977,0
2003-12-25,16.857385635375977,0
2003-12-26,16.857385635375977,0
2003-12-29,16.871076583862305,1102458
2003-12-30,16.770681381225586,968996
2003-12-31,16.770681381225586,0
2004-01-01,16.770681381225586,0
2004-01-02,17.021669387817383,1449865
2004-01-05,17.10837745666504,2060777
2004-01-06,16.428424835205078,4247901
2004-01-07,16.200244903564453,4656762
2004-01-08,16.12267303466797,4998009
2004-01-09,15.976638793945312,3658654
2004-01-12,15.962950706481934,3020747
2004-01-13,16.268701553344727,3828177
2004-01-14,16.54250717163086,4192792
2004-01-15,16.52881622314453,2350387
2004-01-16,16.752426147460938,3724552
2004-01-19,16.610958099365234,1822224
2004-01-20,16.428424835205078,2807804
2004-01-21,16.410167694091797,2912120
2004-01-22,16.218502044677734,2135719
2004-01-23,16.127233505249023,2385981
2004-01-26,16.13179588317871,1610789
2004-01-27,16.241321563720703,2359693
2004-01-28,16.34171485900879,1622842
2004-01-29,16.218502044677734,2099941
2004-01-30,16.05877685546875,2835399
2004-02-02,16.24588394165039,1130228
2004-02-03,15.848861694335938,3552646
2004-02-04,15.584185600280762,4331224
2004-02-05,15.333189964294434,3632995
2004-02-06,15.470097541809082,2870751
2004-02-09,15.374263763427734,2307617
2004-02-10,15.333189964294434,2020084
2004-02-11,15.538549423217773,2615166
2004-02-12,15.511170387268066,1958580
2004-02-13,15.374263763427734,1814504
2004-02-16,15.34231948852539,1503079
2004-02-17,15.44727897644043,1737499
2004-02-18,15.442713737487793,2454313
2004-02-19,15.616128921508789,2508842
2004-02-20,15.34231948852539,2772152
2004-02-23,15.39708423614502,1687288
2004-02-24,15.187163352966309,2517912
2004-02-25,15.223672866821289,3289156
2004-02-26,15.492914199829102,2937680
2004-02-27,15.6891450881958,4778379
2004-03-01,15.748464584350586,2294459
2004-03-02,16.286954879760742,5166990
2004-03-03,16.268701553344727,3128862
2004-03-04,16.318897247314453,1990288
2004-03-05,16.236757278442383,2396661
2004-03-08,16.43754768371582,1660191
2004-03-09,16.296077728271484,2176362
2004-03-10,15.903621673583984,2961849
2004-03-11,15.360576629638672,5085070
2004-03-12,15.59330940246582,3602002
2004-03-15,15.22823429107666,2370197
2004-03-16,15.264739036560059,2524666
2004-03-17,15.711960792541504,3532033
2004-03-18,15.597869873046875,2532879
2004-03-19,15.511170387268066,6143147
2004-03-22,15.105020523071289,2326554
2004-03-23,14.89054012298584,2150731
2004-03-24,14.931611061096191,3311267
2004-03-25,15.059386253356934,2859533
2004-03-26,14.99093246459961,2919027
2004-03-29,15.232796669006348,2485149
2004-03-30,15.269302368164062,3621667
2004-03-31,15.100457191467285,3211976
2004-04-01,15.474658966064453,2399596
2004-04-02,15.839737892150879,2791336
2004-04-05,15.999456405639648,2268344
2004-04-06,15.821481704711914,2416616
2004-04-07,15.483786582946777,1874754
2004-04-08,15.775850296020508,2487097
2004-04-09,15.775850296020508,0
2004-04-12,15.775850296020508,0
2004-04-13,16.104419708251953,2564883
2004-04-14,15.826045989990234,2700624
2004-04-15,15.999456405639648,2570262
2004-04-16,16.02227210998535,2951479
2004-04-19,16.086164474487305,1647510
2004-04-20,16.2778263092041,2680435
2004-04-21,16.38279151916504,3003797
2004-04-22,16.766117095947266,3481549
2004-04-23,17.085554122924805,5467382
2004-04-26,16.747865676879883,3366321
2004-04-27,16.88932991027832,1930763
2004-04-28,16.720483779907227,2643614
2004-04-29,16.428424835205078,2690268
2004-04-30,16.414731979370117,2016235
2004-05-03,16.633779525756836,1245525
2004-05-04,16.565322875976562,1480701
2004-05-05,16.5881404876709,2241338
2004-05-06,15.994894981384277,3047500
2004-05-07,16.099851608276367,2111005
2004-05-10,15.657196998596191,2782010
2004-05-11,15.780409812927246,2122877
2004-05-12,15.734776496887207,2499970
2004-05-13,15.889933586120605,2759196
2004-05-14,15.964189529418945,2679440
2004-05-17,15.732148170471191,2235200
2004-05-18,15.9409818649292,2269659
2004-05-19,16.335447311401367,2828404
2004-05-20,16.015235900878906,2026082
2004-05-21,15.936344146728516,1810977
2004-05-24,15.992030143737793,1282108
2004-05-25,15.829607009887695,2487686
2004-05-26,16.15445899963379,1898672
2004-05-27,16.242633819580078,2406155
2004-05-28,16.103408813476562,1824320
2004-05-31,16.19622802734375,410680
2004-06-01,16.066282272338867,1512157
2004-06-02,16.0523624420166,1668550
2004-06-03,15.945625305175781,2946011
2004-06-04,16.061641693115234,2387497
2004-06-07,16.33080291748047,1825243
2004-06-08,16.307598114013672,2373855
2004-06-09,16.414342880249023,2342394
2004-06-10,16.52571678161621,1068774
2004-06-11,16.502517700195312,1027068
2004-06-14,16.214786529541016,1658335
2004-06-15,16.302961349487305,1957389
2004-06-16,16.395780563354492,1505930
2004-06-17,16.400419235229492,1250021
2004-06-18,16.37257194519043,3662834
2004-06-21,16.31688117980957,1327959
2004-06-22,16.126611709594727,1951122
2004-06-23,16.27047348022461,1758001
2004-06-24,16.544281005859375,2446639
2004-06-25,16.428266525268555,1485789
2004-06-28,16.818084716796875,2647703
2004-06-29,16.85985565185547,3276618
2004-06-30,16.878416061401367,1677413
2004-07-01,16.725269317626953,2083873
2004-07-02,16.567485809326172,1690679
2004-07-05,16.590688705444336,1152235
2004-07-06,16.36328887939453,1839313
2004-07-07,16.511796951293945,2634324
2004-07-08,16.651020050048828,2427795
2004-07-09,16.646373748779297,2631751
2004-07-12,16.45146369934082,1919185
2004-07-13,16.646373748779297,2198248
2004-07-14,16.511796951293945,2295676
2004-07-15,16.47467041015625,1938958
2004-07-16,16.470027923583984,1999147
2004-07-19,16.358652114868164,1532387
2004-07-20,16.395780563354492,1483202
2004-07-21,16.539636611938477,1919549
2004-07-22,16.400419235229492,1540847
2004-07-23,16.530357360839844,1299745
2004-07-26,16.3540096282959,1199351
2004-07-27,16.539636611938477,1693635
2004-07-28,17.040842056274414,4330221
2004-07-29,17.231115341186523,3072071
2004-07-30,17.133649826049805,1469086
2004-08-02,17.09189224243164,1444427
2004-08-03,17.189348220825195,1584295
2004-08-04,16.52571678161621,4227552
2004-08-05,16.261194229125977,3491318
2004-08-06,15.727509498596191,5197297
2004-08-09,15.592927932739258,1973919
2004-08-10,15.769274711608887,1822645
2004-08-11,15.592927932739258,1834847
2004-08-12,15.537238121032715,1538246
2004-08-13,15.39337158203125,2617378
2004-08-16,15.662541389465332,1691356
2004-08-17,15.597569465637207,2107253
2004-08-18,15.597569465637207,1917567
2004-08-19,15.5233154296875,2157026
2004-08-20,15.430501937866211,1593727
2004-08-23,15.718228340148926,2230250
2004-08-24,15.843530654907227,2191454
2004-08-25,15.866731643676758,1645475
2004-08-26,15.996676445007324,1638692
2004-08-27,16.033798217773438,1552266
2004-08-30,15.922420501708984,1362169
2004-08-31,15.727509498596191,1615741
2004-09-01,15.894577026367188,1150325
2004-09-02,15.992030143737793,1446674
2004-09-03,16.047719955444336,1533292
2004-09-06,16.13125228881836,1314279
2004-09-07,16.159101486206055,1207757
2004-09-08,16.22406768798828,1601123
2004-09-09,16.001314163208008,1933922
2004-09-10,16.03843879699707,2119789
2004-09-13,16.38185691833496,2083632
2004-09-14,16.418981552124023,1836502
2004-09-15,16.112693786621094,2396033
2004-09-16,16.340085983276367,1706553
2004-09-17,16.349367141723633,3027116
2004-09-20,16.293682098388672,1430793
2004-09-21,16.140533447265625,1342888
2004-09-22,15.894577026367188,2402920
2004-09-23,15.592927932739258,2913466
2004-09-24,15.681098937988281,1463989
2004-09-27,15.588285446166992,1742375
2004-09-28,15.481549263000488,2350082
2004-09-29,15.643974304199219,2359499
2004-09-30,15.360891342163086,2698283
2004-10-01,15.787837982177734,3682616
2004-10-04,16.080204010009766,2377805
2004-10-05,16.15445899963379,2107645
2004-10-06,16.08948516845703,1631068
2004-10-07,16.159101486206055,2606750
2004-10-08,15.917778968811035,2116131
2004-10-11,15.885296821594238,1410618
2004-10-12,15.560442924499512,2795479
2004-10-13,15.662541389465332,2388802
2004-10-14,15.634696006774902,2707612
2004-10-15,15.708942413330078,3554105
2004-10-18,15.620771408081055,1730057
2004-10-19,15.778554916381836,1787865
2004-10-20,15.57436466217041,1979975
2004-10-21,15.565084457397461,1849233
2004-10-22,15.476906776428223,2697182
2004-10-25,15.026754379272461,4139372
2004-10-26,15.184539794921875,2383181
2004-10-27,15.444421768188477,2353616
2004-10-28,15.634696006774902,2950604
2004-10-29,15.384093284606934,2521153
2004-11-01,15.6532564163208,1469017
2004-11-02,15.68574333190918,1725718
2004-11-03,15.319117546081543,6128183
2004-11-04,15.036036491394043,4904733
2004-11-05,15.01283073425293,5205545
2004-11-08,15.114927291870117,2681000
2004-11-09,15.105648040771484,2255750
2004-11-10,15.212384223937988,3151940
2004-11-11,15.430501937866211,3590270
2004-11-12,15.263437271118164,3046911
2004-11-15,15.20310115814209,2497649
2004-11-16,15.077804565429688,3118967
2004-11-17,15.017471313476562,3490861
2004-11-18,15.022111892700195,2844047
2004-11-19,15.01283073425293,3740529
2004-11-22,14.947859764099121,2468977
2004-11-23,14.762229919433594,4078625
2004-11-24,14.757588386535645,3316668
2004-11-25,14.803999900817871,1872192
2004-11-26,14.776152610778809,2266600
2004-11-29,14.89681339263916,2794657
2004-11-30,14.748308181762695,2387836
2004-12-01,14.827202796936035,2024348
2004-12-02,15.04067611694336,3457119
2004-12-03,14.89681339263916,2116075
2004-12-06,14.822559356689453,1392418
2004-12-07,14.864328384399414,1805034
2004-12-08,15.22166633605957,4849276
2004-12-09,15.114927291870117,3662661
2004-12-10,15.128850936889648,2783430
2004-12-13,15.175256729125977,2308081
2004-12-14,15.314480781555176,2444483
2004-12-15,15.22166633605957,2638955
2004-12-16,15.26807689666748,1967920
2004-12-17,15.054596900939941,5110890
2004-12-20,15.161334991455078,1910920
2004-12-21,15.217025756835938,1910831
2004-12-22,15.472267150878906,2821051
2004-12-23,15.435142517089844,1322180
2004-12-24,15.435142517089844,0
2004-12-27,15.398015022277832,1199934
2004-12-28,15.458346366882324,1122556
2004-12-29,15.407296180725098,838290
2004-12-30,15.407296180725098,923684
2004-12-31,15.407296180725098,0
2005-01-03,15.662541389465332,1926903
2005-01-04,15.973468780517578,3806695
2005-01-05,16.029163360595703,3527304
2005-01-06,16.108047485351562,2252040
2005-01-07,16.05699920654297,1977673
2005-01-10,16.01059341430664,1589247
2005-01-11,15.834246635437012,3494706
2005-01-12,15.708942413330078,2954962
2005-01-13,15.509390830993652,3211589
2005-01-14,15.699666976928711,1883699
2005-01-17,15.625411033630371,2217864
2005-01-18,15.467628479003906,3345053
2005-01-19,15.305195808410645,4511938
2005-01-20,15.212384223937988,3213027
2005-01-21,15.091726303100586,2540405
2005-01-24,15.1102876663208,2755728
2005-01-25,15.258793830871582,2459708
2005-01-26,14.96178150177002,3536983
2005-01-27,14.998908996582031,4538594
2005-01-28,14.868968963623047,3025877
2005-01-31,14.929299354553223,2309781
2005-02-01,15.207741737365723,3369488
2005-02-02,15.128850936889648,2966033
2005-02-03,15.175256729125977,2412719
2005-02-04,15.254152297973633,1796706
2005-02-07,15.425860404968262,3352254
2005-02-08,15.407296180725098,3118861
2005-02-09,15.305195808410645,2152738
2005-02-10,15.39337158203125,2726290
2005-02-11,15.407296180725098,3089912
2005-02-14,15.309839248657227,2246986
2005-02-15,15.291277885437012,2490123
2005-02-16,15.152057647705078,2679875
2005-02-17,15.179899215698242,1890607
2005-02-18,15.13813304901123,2250144
2005-02-21,15.175256729125977,1383569
2005-02-22,14.989627838134766,2400952
2005-02-23,14.957144737243652,2726692
2005-02-24,14.920016288757324,2093360
2005-02-25,15.008190155029297,1823931
2005-02-28,15.01283073425293,1930903
2005-03-01,15.077804565429688,2882654
2005-03-02,15.305195808410645,3211625
2005-03-03,15.421221733093262,3086266
2005-03-04,15.360891342163086,2019654
2005-03-07,15.360891342163086,1814170
2005-03-08,15.458346366882324,3234074
2005-03-09,15.360891342163086,2767779
2005-03-10,15.824963569641113,13854584
2005-03-11,16.121978759765625,6161805
2005-03-14,16.05699920654297,2280982
2005-03-15,16.029163360595703,2863621
2005-03-16,15.880655288696289,5855247
2005-03-17,15.806405067443848,2565487
2005-03-18,15.992030143737793,4920120
2005-03-21,16.173023223876953,3194868
2005-03-22,16.442180633544922,3902622
2005-03-23,16.428266525268555,2987478
2005-03-24,16.46538543701172,2388906
2005-03-25,16.46538543701172,0
2005-03-28,16.46538543701172,0
2005-03-29,16.39113426208496,1973495
2005-03-30,16.38185691833496,1902370
2005-03-31,16.265838623046875,2224328
2005-04-01,16.289039611816406,2014628
2005-04-04,16.22406768798828,2053445
2005-04-05,16.358652114868164,2169510
2005-04-06,16.312238693237305,1463179
2005-04-07,16.28439712524414,2379033
2005-04-08,16.140533447265625,2471363
2005-04-11,16.20086669921875,1575498
2005-04-12,16.075565338134766,2046909
2005-04-13,16.033798217773438,1917704
2005-04-14,16.126611709594727,2529526
2005-04-15,15.773914337158203,4025841
2005-04-18,15.365530967712402,3728505
2005-04-19,15.509390830993652,2204199
2005-04-20,15.39337158203125,2480514
2005-04-21,15.319117546081543,3658473
2005-04-22,15.421221733093262,1752050
2005-04-25,15.444421768188477,1678210
2005-04-26,15.263437271118164,2356679
2005-04-27,15.152057647705078,3281556
2005-04-28,14.984987258911133,2552538
2005-04-29,15.175256729125977,3188299
2005-05-02,15.305195808410645,1390664
2005-05-03,15.3794527053833,1963264
2005-05-04,15.453702926635742,2957181
2005-05-05,15.5233154296875,1642366
2005-05-06,15.671821594238281,1944288
2005-05-09,15.569724082946777,1550393
2005-05-10,15.458346366882324,1989693
2005-05-11,15.583649635314941,3126490
2005-05-12,15.834246635437012,4163908
2005-05-13,15.98549747467041,2704838
2005-05-16,15.933507919311523,1542690
2005-05-17,16.018585205078125,1941883
2005-05-18,16.20764923095703,3017033
2005-05-19,16.26436996459961,2347500
2005-05-20,16.354171752929688,3170045
2005-05-23,16.448711395263672,2582147
2005-05-24,16.42979621887207,1715858
2005-05-25,16.354171752929688,2248326
2005-05-26,16.45343589782715,1203510
2005-05-27,16.514881134033203,1231635
2005-05-30,16.60468292236328,979908
2005-05-31,16.637773513793945,1921671
2005-06-01,17.020633697509766,3735023
2005-06-02,17.3089542388916,5025007
2005-06-03,17.09625816345215,3268697
2005-06-06,17.19551658630371,1486040
2005-06-07,17.483848571777344,3439307
2005-06-08,17.412944793701172,2170321
2005-06-09,17.37512969970703,1812486
2005-06-10,17.507476806640625,2105884
2005-06-13,17.668184280395508,2134425
2005-06-14,17.60673713684082,1596397
2005-06-15,17.228609085083008,2695085
2005-06-16,17.365678787231445,1477116
2005-06-17,17.31368637084961,3894590
2005-06-20,17.200246810913086,1711736
2005-06-21,17.488569259643555,1697026
2005-06-22,17.687088012695312,1801501
2005-06-23,17.753257751464844,1154099
2005-06-24,17.394041061401367,1748784
2005-06-27,17.29005241394043,1021564
2005-06-28,17.540563583374023,1784359
2005-06-29,17.70599365234375,1441894
2005-06-30,17.8336124420166,3077145
2005-07-01,18.00377655029297,1838235
2005-07-04,18.386634826660156,2969764
2005-07-05,18.230655670166016,2259734
2005-07-06,18.254283905029297,2619743
2005-07-07,17.762718200683594,3796130
2005-07-08,18.188112258911133,2327181
2005-07-11,18.433895111083984,2257888
2005-07-12,18.183385848999023,2028824
2005-07-13,18.344093322753906,1604811
2005-07-14,18.476436614990234,1847489
2005-07-15,18.471712112426758,1725367
2005-07-18,18.46698570251465,1359971
2005-07-19,18.57569694519043,2042763
2005-07-20,18.64187240600586,2290273
2005-07-21,18.55206298828125,2803851
2005-07-22,18.40081024169922,2479435
2005-07-25,18.5615177154541,1264701
2005-07-26,18.25901222229004,1728422
2005-07-27,18.183385848999023,2012831
2005-07-28,18.315731048583984,4674234
2005-07-29,18.320459365844727,2334909
2005-08-01,18.419715881347656,2133024
2005-08-02,18.72694969177246,3112748
2005-08-03,17.93760108947754,9636063
2005-08-04,17.550016403198242,7010969
2005-08-05,17.365678787231445,3170950
2005-08-08,17.61618995666504,2738543
2005-08-09,17.77216911315918,2869443
2005-08-10,17.62564468383789,4240340
2005-08-11,17.488569259643555,3051642
2005-08-12,17.365678787231445,1970659
2005-08-15,17.19551658630371,1744966
2005-08-16,17.115169525146484,2251867
2005-08-17,17.27114486694336,3539282
2005-08-18,17.40349006652832,3071406
2005-08-19,17.583097457885742,2584812
2005-08-22,17.649274826049805,1878933
2005-08-23,17.554744720458984,1430654
2005-08-24,17.488569259643555,2130035
2005-08-25,17.285320281982422,2517913
2005-08-26,16.95918846130371,3589684
2005-08-29,17.01590919494629,1412873
2005-08-30,16.99700164794922,2606204
2005-08-31,17.21442222595215,4264736
2005-09-01,17.18133544921875,2254057
2005-09-02,17.162429809570312,3164775
2005-09-05,17.446027755737305,1402418
2005-09-06,17.540563583374023,2056420
2005-09-07,17.729631423950195,2808266
2005-09-08,17.61618995666504,2069876
2005-09-09,17.687088012695312,1746619
2005-09-12,17.62091636657715,2559089
2005-09-13,17.23332977294922,3204055
2005-09-14,17.27114486694336,2380578
2005-09-15,17.299503326416016,1887061
2005-09-16,17.46966552734375,4347790
2005-09-19,17.464935302734375,3988670
2005-09-20,17.90924072265625,7860659
2005-09-21,17.70599365234375,3855771
2005-09-22,17.720172882080078,3206001
2005-09-23,17.729631423950195,3505987
2005-09-26,18.21174430847168,5171695
2005-09-27,18.145572662353516,2659839
2005-09-28,18.386634826660156,3319391
2005-09-29,18.372451782226562,4144471
2005-09-30,18.462255477905273,3267681
2005-10-03,18.55206298828125,1593281
2005-10-04,18.892383575439453,3241399
2005-10-05,18.670228958129883,2675178
2005-10-06,18.268465042114258,3430911
2005-10-07,18.31100845336914,2587674
2005-10-10,18.225927352905273,1994095
2005-10-11,18.150304794311523,1874865
2005-10-12,18.121936798095703,2870475
2005-10-13,18.16448211669922,2712493
2005-10-14,18.084129333496094,2324012
2005-10-17,18.00377655029297,2406103
2005-10-18,17.913965225219727,1742342
2005-10-19,17.668184280395508,3540094
2005-10-20,17.41767120361328,2948735
2005-10-21,17.40349006652832,3285065
2005-10-24,17.550016403198242,1426179
2005-10-25,17.394041061401367,1748780
2005-10-26,17.53583335876465,2027156
2005-10-27,17.337322235107422,3124889
2005-10-28,17.26169204711914,3079382
2005-10-31,17.110437393188477,4652648
2005-11-01,17.129344940185547,2299196
2005-11-02,17.18133544921875,2437431
2005-11-03,16.874107360839844,9008379
2005-11-04,16.618864059448242,5457088
2005-11-07,17.058446884155273,4037422
2005-11-08,17.337322235107422,4816627
2005-11-09,17.18133544921875,2289025
2005-11-10,16.99700164794922,2705099
2005-11-11,17.41767120361328,2105679
2005-11-14,17.47911834716797,2349588
2005-11-15,17.53583335876465,1668255
2005-11-16,17.53583335876465,2900600
2005-11-17,17.63509750366211,2793053
2005-11-18,17.795801162719727,3562154
2005-11-21,17.980138778686523,1617977
2005-11-22,17.70599365234375,2135425
2005-11-23,17.63509750366211,1742147
2005-11-24,17.583097457885742,1363136
2005-11-25,17.602006912231445,1050885
2005-11-28,17.58782958984375,1709504
2005-11-29,17.592557907104492,1838824
2005-11-30,17.639822006225586,1725843
2005-12-01,17.710721969604492,2227990
2005-12-02,17.861976623535156,2159302
2005-12-05,17.876155853271484,1769351
2005-12-06,17.932872772216797,1690219
2005-12-07,17.69182014465332,2817999
2005-12-08,17.687088012695312,2233198
2005-12-09,17.781620025634766,1118705
2005-12-12,17.781620025634766,1342588
2005-12-13,17.70599365234375,1669421
2005-12-14,17.62091636657715,2356699
2005-12-15,17.441303253173828,1968018
2005-12-16,17.488569259643555,4149820
2005-12-19,17.450754165649414,1843127
2005-12-20,17.498023986816406,1597454
2005-12-21,17.37512969970703,1949899
2005-12-22,17.42239761352539,1661149
2005-12-23,17.431852340698242,1291004
2005-12-26,17.431852340698242,0
2005-12-27,17.441303253173828,462207
2005-12-28,17.545291900634766,1407999
2005-12-29,17.682357788085938,954425
2005-12-30,17.5122013092041,928834
2006-01-02,17.67763900756836,849075
2006-01-03,17.58782958984375,2063041
2006-01-04,17.701271057128906,2003681
2006-01-05,17.63509750366211,1341857
2006-01-06,17.857248306274414,2383140
2006-01-09,17.80998420715332,2287194
2006-01-10,17.753257751464844,2079044
2006-01-11,17.67763900756836,2621259
2006-01-12,17.57837677001953,3270695
2006-01-13,17.55946922302246,2466417
2006-01-16,17.488569259643555,1450837
2006-01-17,17.29005241394043,2559236
2006-01-18,17.09625816345215,2643747
2006-01-19,17.067899703979492,2161279
2006-01-20,16.963912963867188,4251799
2006-01-23,16.95918846130371,2591870
2006-01-24,16.99227523803711,2835512
2006-01-25,17.389310836791992,6389980
2006-01-26,17.450754165649414,2889485
2006-01-27,17.450754165649414,3600423
2006-01-30,17.47911834716797,1799768
2006-01-31,17.5972843170166,2729749
2006-02-01,17.724899291992188,2991230
2006-02-02,17.913965225219727,3829339
2006-02-03,18.079402923583984,3804561
2006-02-06,18.268465042114258,2525201
2006-02-07,18.419715881347656,3465722
2006-02-08,18.31100845336914,2120687
2006-02-09,18.504798889160156,2411543
2006-02-10,18.712772369384766,4048811
2006-02-13,19.204343795776367,5568795
2006-02-14,18.930191040039062,4563922
2006-02-15,18.708044052124023,2622237
2006-02-16,18.712772369384766,2859188
2006-02-17,18.717493057250977,2023146
2006-02-20,18.73167610168457,1732099
2006-02-21,18.566242218017578,2587034
2006-02-22,18.717493057250977,2666983
2006-02-23,18.68914031982422,2016644
2006-02-24,18.793123245239258,1886159
2006-02-27,18.911291122436523,1867016
2006-02-28,19.06726837158203,5489325
2006-03-01,19.138166427612305,1914571
2006-03-02,18.73640251159668,2557263
2006-03-03,18.566242218017578,1735387
2006-03-06,18.608783721923828,2342346
2006-03-07,18.547338485717773,2312844
2006-03-08,18.509525299072266,3514685
2006-03-09,19.057817459106445,5863978
2006-03-10,19.17125701904297,2857273
2006-03-13,19.242151260375977,1483498
2006-03-14,19.79044532775879,7432603
2006-03-15,20.182754516601562,10800476
2006-03-16,20.19220733642578,6719008
2006-03-17,19.993690490722656,6168141
2006-03-20,20.19220733642578,2444572
2006-03-21,20.19693374633789,1932553
2006-03-22,21.255704879760742,6216990
2006-03-23,21.482585906982422,4075480
2006-03-24,21.747272491455078,4241605
2006-03-27,21.198978424072266,2647616
2006-03-28,21.08554458618164,3213946
2006-03-29,21.21316146850586,1723541
2006-03-30,21.53929901123047,2211326
2006-03-31,21.482585906982422,1989032
2006-04-03,21.780359268188477,2005622
2006-04-04,21.59602165222168,1837827
2006-04-05,21.648014068603516,2143887
2006-04-06,21.406951904296875,2998438
2006-04-07,20.825580596923828,3757721
2006-04-10,21.061906814575195,2165765
2006-04-11,21.104450225830078,3586185
2006-04-12,21.014638900756836,2328095
2006-04-13,21.024093627929688,1793720
2006-04-18,20.891754150390625,1677918
2006-04-19,21.057186126708984,2218453
2006-04-20,21.458948135375977,2264403
2006-04-21,21.274606704711914,1896506
2006-04-24,21.033550262451172,1165563
2006-04-25,20.93429183959961,1909116
2006-04-26,21.22261619567871,1557825
2006-04-27,20.882299423217773,2037367
2006-04-28,20.376544952392578,2404906
2006-05-02,20.51835060119629,2418235
2006-05-03,19.97478485107422,3735336
2006-05-04,20.154394149780273,2385490
2006-05-05,20.2347469329834,1596381
2006-05-08,20.040956497192383,3145224
2006-05-09,20.362369537353516,2117956
2006-05-10,20.494718551635742,2474585
2006-05-11,20.173303604125977,2124373
2006-05-12,19.41231346130371,5941241
2006-05-15,19.30832862854004,4769677
2006-05-16,19.374502182006836,2326941
2006-05-17,18.726280212402344,3950565
2006-05-18,19.13922119140625,3908152
2006-05-19,19.172832489013672,2464546
2006-05-22,18.807907104492188,3014045
2006-05-23,19.028783798217773,3678256
2006-05-24,18.755090713500977,3174058
2006-05-25,19.03358268737793,2427149
2006-05-26,19.85946273803711,4148893
2006-05-29,19.677001953125,782540
2006-05-30,19.220849990844727,2552064
2006-05-31,19.273664474487305,2381873
2006-06-01,19.067197799682617,2289947
2006-06-02,18.942352294921875,2439828
2006-06-05,18.755090713500977,1598502
2006-06-06,18.188501358032227,3510836
2006-06-07,18.126081466674805,2441430
2006-06-08,18.006040573120117,4194194
2006-06-09,18.409372329711914,2614835
2006-06-12,18.26532554626465,2138162
2006-06-13,17.746753692626953,4118449
2006-06-14,17.554691314697266,2955083
2006-06-15,17.554691314697266,0
2006-06-16,17.554691314697266,0
2006-06-19,18.361358642578125,2070239
2006-06-20,18.47659683227539,2877057
2006-06-21,18.308544158935547,2770896
2006-06-22,18.32774543762207,1643014
2006-06-23,18.308544158935547,1415919
2006-06-26,18.212509155273438,1173974
2006-06-27,18.001237869262695,1614484
2006-06-28,18.054058074951172,1967648
2006-06-29,18.45738983154297,2399110
2006-06-30,18.755090713500977,1873843
2006-07-03,18.707077026367188,1363176
2006-07-04,18.793502807617188,1313565
2006-07-05,18.4862003326416,2181017
2006-07-06,18.783899307250977,2910690
2006-07-07,18.6158447265625,2700131
2006-07-10,18.73588752746582,1434691
2006-07-11,18.5294189453125,2424778
2006-07-12,18.769495010375977,1929981
2006-07-13,18.67827033996582,3533835
2006-07-14,18.36616325378418,1623987
2006-07-17,18.27012825012207,2174159
2006-07-18,18.10207176208496,1927786
2006-07-19,18.442991256713867,2416532
2006-07-20,18.471799850463867,1817575
2006-07-21,18.092472076416016,2451909
2006-07-24,18.515016555786133,2003485
2006-07-25,18.663860321044922,2414778
2006-07-26,18.572628021240234,1896190
2006-07-27,19.11041259765625,3647358
2006-07-28,19.345687866210938,2150382
2006-07-31,19.40330696105957,2230309
2006-08-01,19.09600830078125,2491695
2006-08-02,19.168025970458984,7333210
2006-08-03,18.93755340576172,4450964
2006-08-04,18.966360092163086,2412790
2006-08-07,18.591840744018555,2741305
2006-08-08,18.60624122619629,1877144
2006-08-09,18.851123809814453,2410619
2006-08-10,18.683067321777344,1974994
2006-08-11,18.721479415893555,1978459
2006-08-14,18.798307418823242,1443155
2006-08-15,18.798307418823242,1674599
2006-08-16,19.009578704833984,2758878
2006-08-17,19.19203758239746,2018799
2006-08-18,19.27846908569336,2049619
2006-08-21,19.105607986450195,1433615
2006-08-22,19.31688117980957,1844060
2006-08-23,19.28326988220215,1962543
2006-08-24,19.422515869140625,2011086
2006-08-25,19.40330696105957,1899565
2006-08-28,19.364896774291992,1147807
2006-08-29,19.39370346069336,1266229
2006-08-30,19.422515869140625,1492276
2006-08-31,19.41771125793457,1339371
2006-09-01,19.436920166015625,1648779
2006-09-04,19.44652557373047,1842504
2006-09-05,19.408113479614258,1287192
2006-09-06,19.02398109436035,2251105
2006-09-07,18.711877822875977,2872169
2006-09-08,18.73588752746582,1414158
2006-09-11,18.692668914794922,1718971
2006-09-12,19.019180297851562,2343989
2006-09-13,19.302474975585938,2724004
2006-09-14,19.422515869140625,2327563
2006-09-15,19.163225173950195,7340685
2006-09-18,19.115217208862305,1704875
2006-09-19,19.09600830078125,1658345
2006-09-20,19.44652557373047,2467188
2006-09-21,19.797039031982422,3032223
2006-09-22,19.43212127685547,2201564
2006-09-25,19.619380950927734,2025374
2006-09-26,19.873865127563477,2341405
2006-09-27,20.041927337646484,2002714
2006-09-28,20.041927337646484,1729245
2006-09-29,20.282007217407227,3416933
2006-10-02,19.960294723510742,2408181
2006-10-03,20.104345321655273,1987898
2006-10-04,20.166757583618164,2350404
2006-10-05,20.243593215942383,2366248
2006-10-06,20.358827590942383,1921777
2006-10-09,20.152362823486328,1963353
2006-10-10,20.306011199951172,2812985
2006-10-11,20.17636489868164,1713965
2006-10-12,20.214778900146484,2044518
2006-10-13,20.709348678588867,3795713
2006-10-16,21.07427215576172,3715059
2006-10-17,20.7813663482666,3443654
2006-10-18,21.131885528564453,2498422
2006-10-19,21.60724639892578,4826074
2006-10-20,21.51601791381836,6368975
2006-10-23,21.405580520629883,3335581
2006-10-24,21.419984817504883,2511298
2006-10-25,21.732091903686523,2852504
2006-10-26,21.65526580810547,2893390
2006-10-27,21.70328140258789,2538802
2006-10-30,21.43439292907715,3020747
2006-10-31,21.60724639892578,2232366
2006-11-01,21.70328140258789,2156595
2006-11-02,21.391176223754883,5492866
2006-11-03,21.27593994140625,2468710
2006-11-06,21.439193725585938,2327038
2006-11-07,21.405580520629883,2659417
2006-11-08,20.925418853759766,3410446
2006-11-09,21.06947135925293,2123549
2006-11-10,21.055063247680664,2853285
2006-11-13,21.223121643066406,2424115
2006-11-14,21.151092529296875,2221799
2006-11-15,21.573637008666992,2309235
2006-11-16,21.679269790649414,3172828
2006-11-17,21.309541702270508,2329419
2006-11-20,21.391176223754883,1328419
2006-11-21,21.199108123779297,1914668
2006-11-22,21.14629554748535,2153695
2006-11-23,21.122285842895508,1232578
2006-11-24,20.555692672729492,5357703
2006-11-27,20.099544525146484,4103129
2006-11-28,20.03232192993164,4205387
2006-11-29,20.224382400512695,3246871
2006-11-30,20.003511428833008,2855510
2006-12-01,19.782636642456055,4577139
2006-12-04,19.782636642456055,2536368
2006-12-05,20.17636489868164,4102955
2006-12-06,20.070730209350586,2634212
2006-12-07,20.17636489868164,2896181
2006-12-08,20.06113052368164,2995942
2006-12-11,20.42605209350586,2427169
2006-12-12,20.41644859313965,2044550
2006-12-13,20.622920989990234,2647211
2006-12-14,20.838991165161133,2117302
2006-12-15,20.7525634765625,5302066
2006-12-18,20.77176856994629,1361930
2006-12-19,20.690141677856445,2026821
2006-12-20,20.963836669921875,1559534
2006-12-21,20.733356475830078,1546797
2006-12-22,20.44525909423828,1271721
2006-12-27,20.882204055786133,1160693
2006-12-28,20.98303985595703,1107379
2006-12-29,20.89181137084961,579966
2007-01-02,21.031055450439453,1614311
2007-01-03,21.151092529296875,2299500
2007-01-04,20.9542293548584,3072768
2007-01-05,20.930219650268555,2177899
2007-01-08,20.670934677124023,2266000
2007-01-09,20.646926879882812,2624823
2007-01-10,20.622920989990234,2445216
2007-01-11,20.887004852294922,2824712
2007-01-12,20.98303985595703,2143714
2007-01-15,21.151092529296875,2292742
2007-01-16,21.055063247680664,1924085
2007-01-17,21.381568908691406,3691125
2007-01-18,21.794511795043945,5214031
2007-01-19,21.799314498901367,4907854
2007-01-22,21.76090431213379,2316412
2007-01-23,21.82332420349121,2118156
2007-01-24,22.399513244628906,5203506
2007-01-25,22.08260726928711,4361272
2007-01-26,22.351497650146484,3617162
2007-01-29,22.817256927490234,3884243
2007-01-30,22.605987548828125,2953826
2007-01-31,22.471538543701172,3031047
2007-02-01,22.65399742126465,2685108
2007-02-02,22.682804107666016,2306101
2007-02-05,22.538759231567383,1743892
2007-02-06,22.351497650146484,2931357
2007-02-07,21.813718795776367,8096982
2007-02-08,21.43439292907715,6157959
2007-02-09,21.880943298339844,4336190
2007-02-12,21.559232711791992,2837634
2007-02-13,21.96257209777832,3469825
2007-02-14,22.159433364868164,4129619
2007-02-15,22.068201065063477,2895588
2007-02-16,22.111419677734375,2349729
2007-02-19,22.269872665405273,3104009
2007-02-20,21.847328186035156,4942533
2007-02-21,21.70328140258789,3549927
2007-02-22,21.492013931274414,2538372
2007-02-23,21.51601791381836,3276100
2007-02-26,21.62645721435547,2550037
2007-02-27,20.97823715209961,5719090
2007-02-28,21.083871841430664,5279995
2007-03-01,20.65172576904297,4580366
2007-03-02,20.574901580810547,3416709
2007-03-05,20.041927337646484,6887211
2007-03-06,20.209980010986328,3791812
2007-03-07,20.406843185424805,3821990
2007-03-08,20.378032684326172,6973785
2007-03-09,20.28680419921875,3989918
2007-03-12,20.358827590942383,3458882
2007-03-13,20.070730209350586,3815253
2007-03-14,19.45612907409668,7056342
2007-03-15,19.782636642456055,4736638
2007-03-16,19.662599563598633,6717132
2007-03-19,19.705810546875,3063999
2007-03-20,19.811447143554688,4296443
2007-03-21,20.598913192749023,6940144
2007-03-22,20.84859275817871,4860074
2007-03-23,21.064668655395508,5245039
2007-03-26,21.021448135375977,3562277
2007-03-27,20.911014556884766,2696126
2007-03-28,20.60371208190918,2774771
2007-03-29,20.973430633544922,2969739
2007-03-30,21.208715438842773,3778137
2007-04-02,21.175106048583984,2864187
2007-04-03,21.27593994140625,3765392
2007-04-04,21.799314498901367,4331356
2007-04-05,21.559232711791992,2295258
2007-04-10,21.631254196166992,2145893
2007-04-11,21.492013931274414,2694490
2007-04-12,21.46320152282715,3615095
2007-04-13,21.57843780517578,2924366
2007-04-16,21.34795570373535,5062191
2007-04-17,21.040658950805664,3834271
2007-04-18,20.834190368652344,4222907
2007-04-19,20.838991165161133,3490775
2007-04-20,20.930219650268555,3587876
2007-04-23,21.48720932006836,4562895
2007-04-24,21.46320152282715,4449978
2007-04-25,21.679269790649414,3327115
2007-04-26,22.087411880493164,4917130
2007-04-27,21.808916091918945,2874470
2007-04-30,21.76090431213379,2214165
2007-05-02,22.063400268554688,3210609
2007-05-03,22.29387855529785,8251524
2007-05-04,23.081340789794922,8696415
2007-05-07,22.95170021057129,2871398
2007-05-08,22.69721031188965,2816220
2007-05-09,22.778844833374023,2898233
2007-05-10,23.499080657958984,7284572
2007-05-11,24.20491600036621,6347083
2007-05-14,23.940832138061523,7731567
2007-05-15,24.30575180053711,5083102
2007-05-16,24.193767547607422,4835930
2007-05-17,23.882160186767578,2341272
2007-05-18,24.115863800048828,3783261
2007-05-21,24.008747100830078,3364707
2007-05-22,24.047698974609375,2709386
2007-05-23,24.344707489013672,3019747
2007-05-24,23.979536056518555,3077734
2007-05-25,24.222976684570312,3541807
2007-05-29,24.636842727661133,3923097
2007-05-30,24.286277770996094,3070112
2007-05-31,24.232715606689453,4053316
2007-06-01,24.700136184692383,4089577
2007-06-04,24.276540756225586,3170851
2007-06-05,23.95519256591797,3216433
2007-06-06,23.176162719726562,4499765
2007-06-07,22.932714462280273,3852708
2007-06-08,22.791515350341797,4133610
2007-06-11,23.030092239379883,2915703
2007-06-12,22.991140365600586,2523896
2007-06-13,23.064176559448242,3113242
2007-06-14,23.882160186767578,4481865
2007-06-15,24.17915916442871,10856911
2007-06-18,24.125600814819336,2112674
2007-06-19,23.935710906982422,2389875
2007-06-20,24.042835235595703,2433498
2007-06-21,23.531593322753906,2677768
2007-06-22,23.370914459228516,2399643
2007-06-25,23.356313705444336,2171166
2007-06-26,23.370914459228516,3181491
2007-06-27,23.000873565673828,3705889
2007-06-28,23.239450454711914,3233447
2007-06-29,23.37578582763672,2610768
2007-07-02,23.249195098876953,1151342
2007-07-03,23.565673828125,2637305
2007-07-04,23.843202590942383,2158806
2007-07-05,23.390392303466797,2718748
2007-07-06,23.979536056518555,3308092
2007-07-09,24.05257225036621,2263567
2007-07-10,23.463428497314453,3387993
2007-07-11,23.166425704956055,5306623
2007-07-12,23.6922664642334,4519050
2007-07-13,23.80425262451172,2392866
2007-07-16,24.24245834350586,5006517
2007-07-17,23.83833122253418,4149413
2007-07-18,23.351444244384766,3532064
2007-07-19,23.25893211364746,2486852
2007-07-20,23.09825897216797,4002863
2007-07-23,23.341703414916992,2374623
2007-07-24,22.913238525390625,2745092
2007-07-25,22.494508743286133,4542013
2007-07-26,21.954057693481445,4831404
2007-07-27,21.944320678710938,4263899
2007-07-30,21.686264038085938,3522348
2007-07-31,22.31435775756836,4254455
2007-08-01,21.194499969482422,10442671
2007-08-02,21.282140731811523,4904927
2007-08-03,20.848806381225586,4223984
2007-08-06,20.990005493164062,3674668
2007-08-07,21.26753044128418,5091951
2007-08-08,21.554805755615234,4645140
2007-08-09,21.35517120361328,5759721
2007-08-10,21.569408416748047,6133923
2007-08-13,21.579145431518555,3356129
2007-08-14,21.525590896606445,2554501
2007-08-15,21.67652702331543,3104378
2007-08-16,21.301616668701172,5570947
2007-08-17,21.384389877319336,5076683
2007-08-20,21.33083152770996,2016585
2007-08-21,21.38925552368164,2830416
2007-08-22,21.49637222290039,2678759
2007-08-23,21.369783401489258,2415959
2007-08-24,21.44281768798828,1406990
2007-08-27,21.42333984375,1530208
2007-08-28,21.0825138092041,2335369
2007-08-29,21.13607406616211,3227873
2007-08-30,21.325960159301758,1921077
2007-08-31,21.730085372924805,3470529
2007-09-03,21.94919204711914,2681663
2007-09-04,22.202369689941406,2425424
2007-09-05,21.86154556274414,2748149
2007-09-06,21.97353172302246,1970833
2007-09-07,21.12146759033203,4091436
2007-09-10,20.819591522216797,3214640
2007-09-11,21.23345375061035,3578393
2007-09-12,20.931575775146484,3208366
2007-09-13,20.902362823486328,3540978
2007-09-14,20.834196090698242,2372143
2007-09-17,20.537195205688477,2471365
2007-09-18,20.60049057006836,3155893
2007-09-19,20.960790634155273,5656449
2007-09-20,20.522584915161133,4048452
2007-09-21,21.213973999023438,8514711
2007-09-24,21.97840118408203,6769442
2007-09-25,22.041698455810547,3996248
2007-09-26,22.72821807861328,8324171
2007-09-27,22.38739013671875,17588767
2007-09-28,22.022216796875,7874960
2007-10-01,22.158554077148438,3895973
2007-10-02,22.494508743286133,4271986
2007-10-03,22.2802734375,3310662
2007-10-04,22.630840301513672,3484086
2007-10-05,23.078781127929688,5436667
2007-10-08,23.083650588989258,2431672
2007-10-09,23.127470016479492,2236156
2007-10-10,23.039827346801758,1826424
2007-10-11,23.190765380859375,3057387
2007-10-12,22.996007919311523,2299847
2007-10-15,22.791515350341797,1753822
2007-10-16,22.674657821655273,2333432
2007-10-17,22.57727813720703,2814250
2007-10-18,22.45068359375,2102211
2007-10-19,22.285137176513672,3697409
2007-10-22,22.1536808013916,3479883
2007-10-23,22.012479782104492,3001851
2007-10-24,21.866413116455078,2830829
2007-10-25,22.17802619934082,3698889
2007-10-26,22.270540237426758,3014509
2007-10-29,22.557802200317383,3192596
2007-10-30,22.26566505432129,2347127
2007-10-31,22.509119033813477,2703598
2007-11-01,21.885889053344727,3785801
2007-11-02,21.540197372436523,3929613
2007-11-05,21.81285285949707,3406582
2007-11-06,21.087387084960938,10400420
2007-11-07,20.230449676513672,8238212
2007-11-08,20.26940155029297,4170039
2007-11-09,20.001609802246094,4455065
2007-11-12,20.196369171142578,2553423
2007-11-13,20.576147079467773,3992705
2007-11-14,20.702735900878906,3195811
2007-11-15,20.57127571105957,2868914
2007-11-16,20.347305297851562,4191092
2007-11-19,19.8360595703125,3504165
2007-11-20,20.074642181396484,3988079
2007-11-21,19.383258819580078,5422996
2007-11-22,19.5390625,2398419
2007-11-23,19.719215393066406,3132833
2007-11-26,19.4514217376709,2765871
2007-11-27,19.436809539794922,3666076
2007-11-28,19.811717987060547,4459782
2007-11-29,19.865278244018555,2957199
2007-11-30,20.303485870361328,9341455
2007-12-03,20.25966453552246,3179043
2007-12-04,19.894493103027344,3839762
2007-12-05,20.103857040405273,2267385
2007-12-06,20.021081924438477,2242504
2007-12-07,19.972394943237305,3777504
2007-12-10,20.376514434814453,3413323
2007-12-11,20.46902847290039,3115555
2007-12-12,20.303485870361328,4505374
2007-12-13,19.894493103027344,3888348
2007-12-14,20.118465423583984,3490244
2007-12-17,19.68512725830078,3317386
2007-12-18,19.894493103027344,3775478
2007-12-19,19.680261611938477,3030421
2007-12-20,19.67538833618164,2336666
2007-12-21,20.702735900878906,8320815
2007-12-27,20.624835968017578,2882369
2007-12-28,20.619962692260742,2176865
2008-01-02,20.80498504638672,4146992
2008-01-03,20.49337387084961,4073510
2008-01-04,19.913965225219727,6230583
2008-01-07,20.43981170654297,8574784
2008-01-08,20.44954490661621,4824530
2008-01-09,20.32782554626465,5664163
2008-01-10,20.49337387084961,3821745
2008-01-11,20.391128540039062,4287339
2008-01-14,20.20610809326172,5119749
2008-01-15,19.427074432373047,5295972
2008-01-16,19.480634689331055,6390046
2008-01-17,18.842802047729492,7342407
2008-01-18,18.346172332763672,6120439
2008-01-21,17.664518356323242,9980134
2008-01-22,17.518449783325195,9086614
2008-01-23,16.90009307861328,7684331
2008-01-24,17.747295379638672,7675191
2008-01-25,18.11245346069336,6149096
2008-01-28,18.17576026916504,3597881
2008-01-29,18.229312896728516,3720280
2008-01-30,18.331562042236328,4159386
2008-01-31,17.917705535888672,4258538
2008-02-01,18.23418426513672,3627040
2008-02-04,18.706472396850586,4606111
2008-02-05,17.586612701416016,7071330
2008-02-06,17.094850540161133,9154289
2008-02-07,16.715076446533203,4849968
2008-02-08,16.758893966674805,4477727
2008-02-11,16.651777267456055,4212833
2008-02-12,17.4356746673584,5265511
2008-02-13,17.445417404174805,4848891
2008-02-14,17.240917205810547,4996391
2008-02-15,17.148414611816406,3691277
2008-02-18,17.47949981689453,3491403
2008-02-19,17.703468322753906,4856810
2008-02-20,17.679121017456055,3242243
2008-02-21,17.7375545501709,2412433
2008-02-22,17.333431243896484,5774684
2008-02-25,17.703468322753906,2926501
2008-02-26,18.21470832824707,4763445
2008-02-27,18.054035186767578,4286733
2008-02-28,17.980998992919922,4691011
2008-02-29,17.61583137512207,4048756
2008-03-03,17.766767501831055,4028346
2008-03-04,17.177621841430664,4513172
2008-03-05,17.21170425415039,4030115
2008-03-06,17.021818161010742,3057711
2008-03-07,16.924434661865234,4598473
2008-03-10,16.715076446533203,2816518
2008-03-11,16.41806983947754,6012998
2008-03-12,16.45701789855957,4350748
2008-03-13,15.872747421264648,9466126
2008-03-14,15.67798900604248,7049513
2008-03-17,15.147275924682617,6530755
2008-03-18,15.887354850769043,7966693
2008-03-19,16.432674407958984,6820991
2008-03-20,16.6663875579834,9086047
2008-03-25,17.25552749633789,3725095
2008-03-26,16.982866287231445,3144241
2008-03-27,17.0120792388916,2983710
2008-03-28,16.82219123840332,2875516
2008-03-31,17.03642463684082,3269394
2008-04-01,17.552532196044922,4375838
2008-04-02,17.79598045349121,4035582
2008-04-03,17.498971939086914,3427369
2008-04-04,17.39185905456543,2720594
2008-04-07,17.57687759399414,2747293
2008-04-08,17.421070098876953,1998704
2008-04-09,17.46489143371582,2491458
2008-04-10,17.47949981689453,3826178
2008-04-11,17.0120792388916,4699005
2008-04-14,16.452152252197266,5225945
2008-04-15,16.452152252197266,3609866
2008-04-16,16.218442916870117,7077959
2008-04-17,16.520315170288086,3917041
2008-04-18,16.958520889282227,5008202
2008-04-21,16.680988311767578,3017518
2008-04-22,16.452152252197266,3357376
2008-04-23,16.50571060180664,3687242
2008-04-24,16.34990692138672,4570668
2008-04-25,17.05103302001953,6990476
2008-04-28,17.124065399169922,0
2008-04-29,17.05103302001953,0
2008-04-30,17.163021087646484,4027472
2008-05-02,17.830059051513672,5841390
2008-05-05,17.917705535888672,1830450
2008-05-06,18.078380584716797,4252946
2008-05-07,18.360776901245117,4924332
2008-05-08,18.365646362304688,3654998
2008-05-09,18.095117568969727,4339574
2008-05-12,18.15022850036621,2101863
2008-05-13,18.330575942993164,2012713
2008-05-14,18.365642547607422,2522060
2008-05-15,18.31053924560547,2314891
2008-05-16,18.505918502807617,4890687
2008-05-19,18.626150131225586,3365986
2008-05-20,18.185291290283203,3722100
2008-05-21,17.40878677368164,5194808
2008-05-22,17.949840545654297,5645215
2008-05-23,17.674301147460938,3199300
2008-05-26,17.60917854309082,1455955
2008-05-27,17.90475082397461,3395425
2008-05-28,18.340595245361328,3911726
2008-05-29,18.601104736328125,3644572
2008-05-30,19.072019577026367,8346160
2008-06-02,18.285493850708008,4095097
2008-06-03,18.505918502807617,2193641
2008-06-04,18.460830688476562,3618004
2008-06-05,18.105140686035156,4316003
2008-06-06,17.313602447509766,5884195
2008-06-09,17.173328399658203,4568103
2008-06-10,17.21340560913086,4176808
2008-06-11,16.732473373413086,4877184
2008-06-12,16.867740631103516,3608534
2008-06-13,16.81263542175293,4309292
2008-06-16,16.62727165222168,2809262
2008-06-17,16.967933654785156,3327337
2008-06-18,16.5521297454834,3593711
2008-06-19,16.49701499938965,3938517
2008-06-20,16.231504440307617,5552554
2008-06-23,16.206453323364258,3079252
2008-06-24,15.655383110046387,6890446
2008-06-25,15.976007461547852,3693354
2008-06-26,15.299696922302246,4545637
2008-06-27,15.124356269836426,4584535
2008-06-30,15.304705619812012,4632514
2008-07-01,15.00912857055664,3890688
2008-07-02,14.923966407775879,3505120
2008-07-03,14.959036827087402,4353642
2008-07-04,14.84381103515625,1934353
2008-07-07,15.02415943145752,2957320
2008-07-08,15.154413223266602,5169693
2008-07-09,15.184468269348145,3542466
2008-07-10,14.959036827087402,2657553
2008-07-11,14.407962799072266,5124726
2008-07-14,14.13743782043457,4518217
2008-07-15,13.881941795349121,8768078
2008-07-16,14.162487983703613,6716590
2008-07-17,14.758645057678223,6518623
2008-07-18,15.079268455505371,4670374
2008-07-21,15.31472110748291,2509311
2008-07-22,15.379850387573242,3532676
2008-07-23,15.96599006652832,5064542
2008-07-24,15.269635200500488,8068766
2008-07-25,15.369832038879395,4263907
2008-07-28,14.903924942016602,3596172
2008-07-29,14.768662452697754,4642472
2008-07-30,14.733597755432129,2999434
2008-07-31,14.483109474182129,4395296
2008-08-01,13.706602096557617,14642149
2008-08-04,13.34089469909668,5551120
2008-08-05,13.846874237060547,5800815
2008-08-06,13.911999702453613,4007165
2008-08-07,13.839363098144531,4214595
2008-08-08,14.74361515045166,8626905
2008-08-11,15.407402992248535,7986719
2008-08-12,15.640356063842773,6611109
2008-08-13,14.638408660888672,8314161
2008-08-14,14.468080520629883,4748528
2008-08-15,14.81875991821289,4458078
2008-08-18,14.628390312194824,2944833
2008-08-19,14.242644309997559,3437130
2008-08-20,14.377907752990723,3099139
2008-08-21,13.891963958740234,3776398
2008-08-22,14.3428373336792,2944165
2008-08-25,14.09736156463623,2351230
2008-08-26,13.982136726379395,3514022
2008-08-27,13.854391098022461,2804468
2008-08-28,14.157479286193848,3493308
2008-08-29,14.027222633361816,2938186
2008-09-01,14.20256519317627,2898497
2008-09-02,14.678489685058594,6146041
2008-09-03,14.563263893127441,3442887
2008-09-04,14.162487983703613,4404923
2008-09-05,13.816816329956055,4602887
2008-09-08,14.387925148010254,4974155
2008-09-09,14.513167381286621,4562247
2008-09-10,14.52819538116455,3186350
2008-09-11,14.32780647277832,3562627
2008-09-12,14.513167381286621,2964171
2008-09-15,14.017206192016602,5295881
2008-09-16,13.937049865722656,7016978
2008-09-17,13.686563491821289,6164324
2008-09-18,13.721631050109863,7397752
2008-09-19,15.490063667297363,16821272
2008-09-22,14.918954849243164,6748073
2008-09-23,14.488119125366211,5213465
2008-09-24,14.260178565979004,3091268
2008-09-25,14.605847358703613,3425406
2008-09-26,14.13743782043457,3902953
2008-09-29,13.674039840698242,4904180
2008-09-30,13.671534538269043,6065468
2008-10-01,13.067858695983887,5678815
2008-10-02,12.449161529541016,7360338
2008-10-03,12.960153579711914,4237728
2008-10-06,12.384035110473633,7187573
2008-10-07,12.29386043548584,7957838
2008-10-08,11.352034568786621,9404734
2008-10-09,10.780926704406738,7043953
2008-10-10,9.834087371826172,15202099
2008-10-13,10.946245193481445,6756828
2008-10-14,11.28189754486084,6175126
2008-10-15,10.147193908691406,7133547
2008-10-16,9.836591720581055,7004082
2008-10-17,10.262419700622559,7261474
2008-10-20,10.167230606079102,4190565
2008-10-21,10.542963027954102,4207588
2008-10-22,9.94430160522461,5564685
2008-10-23,9.668766021728516,6456732
2008-10-24,9.145249366760254,6819419
2008-10-27,8.609210968017578,6834079
2008-10-28,8.536569595336914,9758488
2008-10-29,9.262979507446289,7707666
2008-10-30,10.119641304016113,6557073
2008-10-31,10.077058792114258,5781716
2008-11-03,10.307504653930664,4134408
2008-11-04,11.50733470916748,10605187
2008-11-05,11.422168731689453,6340451
2008-11-06,10.552982330322266,6235511
2008-11-07,10.800963401794434,3458608
2008-11-10,11.284400939941406,4388654
2008-11-11,10.725817680358887,4881134
2008-11-12,10.355097770690918,3618487
2008-11-13,11.041430473327637,6217912
2008-11-14,10.715797424316406,4078713
2008-11-17,10.810983657836914,4181004
2008-11-18,10.923702239990234,3219116
2008-11-19,9.483406066894531,7597123
2008-11-20,9.280510902404785,5241150
2008-11-21,8.987444877624512,6629279
2008-11-24,9.869156837463379,5241593
2008-11-25,9.59111499786377,5241882
2008-11-26,9.751425743103027,5020961
2008-11-27,10.204803466796875,2551241
2008-11-28,9.856630325317383,3946767
2008-12-01,9.470882415771484,4073488
2008-12-02,9.846611022949219,4550111
2008-12-03,10.01944637298584,4551398
2008-12-04,10.347582817077637,4548994
2008-12-05,9.92927074432373,3677342
2008-12-08,10.490362167358398,3302202
2008-12-09,11.076498985290527,3517214
2008-12-10,11.329487800598145,3969905
2008-12-11,11.241819381713867,2581110
2008-12-12,11.021390914916992,4594888
2008-12-15,11.01638126373291,2191128
2008-12-16,11.109062194824219,2493053
2008-12-17,11.056461334228516,2524451
2008-12-18,11.121582984924316,2448553
2008-12-19,10.976304054260254,6712155
2008-12-22,10.545466423034668,2857828
2008-12-23,10.650671005249023,1964167
2008-12-29,10.670709609985352,1516368
2008-12-30,10.82601261138916,1238391
2009-01-02,11.19172191619873,1830895
2009-01-05,10.948749542236328,2226528
2009-01-06,10.908671379089355,2756874
2009-01-07,11.041430473327637,2313297
2009-01-08,10.971293449401855,2468677
2009-01-09,11.216771125793457,3528426
2009-01-12,11.146634101867676,3671683
2009-01-13,10.640652656555176,3261183
2009-01-14,10.05702018737793,4699823
2009-01-15,9.81905746459961,3480124
2009-01-16,9.796513557434082,2594584
2009-01-19,9.558551788330078,2287452
2009-01-20,9.285521507263184,2967230
2009-01-21,9.408259391784668,3700134
2009-01-22,9.167792320251465,3735909
2009-01-23,8.822124481201172,3899288
2009-01-26,9.12270450592041,2738875
2009-01-27,9.305561065673828,3274063
2009-01-28,9.508455276489258,5214547
2009-01-29,9.167792320251465,5951883
2009-01-30,9.323094367980957,3368505
2009-02-02,8.822124481201172,4149233
2009-02-03,9.080122947692871,3953543
2009-02-04,9.703836441040039,4844579
2009-02-05,9.816553115844727,4184677
2009-02-06,10.953757286071777,7709504
2009-02-09,11.477273941040039,5130212
2009-02-10,11.1766939163208,4963129
2009-02-11,11.326986312866211,2681565
2009-02-12,11.372072219848633,3735094
2009-02-13,11.8805570602417,4828980
2009-02-16,11.705220222473145,3874275
2009-02-17,10.983818054199219,4405770
2009-02-18,10.810983657836914,3268041
2009-02-19,11.021390914916992,3154424
2009-02-20,10.675718307495117,4085103
2009-02-23,10.09459114074707,3218297
2009-02-24,9.633697509765625,4515108
2009-02-25,9.924261093139648,3992503
2009-02-26,10.182263374328613,3437525
2009-02-27,9.89420223236084,2555534
2009-03-02,9.608649253845215,2510281
2009-03-03,9.546029090881348,2585630
2009-03-04,10.470319747924805,4379366
2009-03-05,9.673774719238281,3546395
2009-03-06,9.934282302856445,4591027
2009-03-09,10.102107048034668,2994898
2009-03-10,10.788439750671387,4125005
2009-03-11,11.489799499511719,7427554
2009-03-12,11.720248222351074,10265354
2009-03-13,11.30694580078125,4522911
2009-03-16,11.259352684020996,3706861
2009-03-17,11.44721794128418,2855591
2009-03-18,11.174187660217285,3036680
2009-03-19,10.953757286071777,5123063
2009-03-20,11.011372566223145,5034956
2009-03-23,11.321974754333496,2805854
2009-03-24,11.229293823242188,3662191
2009-03-25,11.19172191619873,2280494
2009-03-26,11.251837730407715,2169533
2009-03-27,11.652619361877441,5420212
2009-03-30,10.780926704406738,4346619
2009-03-31,10.916186332702637,3719883
2009-04-01,11.39461612701416,4068767
2009-04-02,13.085399627685547,11180779
2009-04-03,13.586370468139648,9088415
2009-04-06,12.531824111938477,5745435
2009-04-07,11.978246688842773,5628360
2009-04-08,12.717181205749512,5099803
2009-04-09,13.035299301147461,2713621
2009-04-14,12.897531509399414,2844217
2009-04-15,12.877492904663086,1549862
2009-04-16,13.040311813354492,2384694
2009-04-17,13.616426467895508,3803665
2009-04-20,12.985200881958008,2783432
2009-04-21,12.940114974975586,2395292
2009-04-22,13.145512580871582,3005400
2009-04-23,13.140503883361816,3574545
2009-04-24,13.631457328796387,2375360
2009-04-27,13.621438026428223,2112451
2009-04-28,13.017765998840332,3025843
2009-04-29,13.401010513305664,1719547
2009-04-30,13.15052318572998,3677625
2009-05-04,13.451107025146484,1658221
2009-05-05,13.771730422973633,2797703
2009-05-06,14.12491512298584,4769219
2009-05-07,13.906991004943848,2862508
2009-05-08,13.355924606323242,4097484
2009-05-11,12.769784927368164,2681537
2009-05-12,12.484230041503906,3155532
2009-05-13,11.925646781921387,2996381
2009-05-14,12.401568412780762,4168408
2009-05-15,12.485245704650879,4002358
2009-05-18,12.840227127075195,2319719
2009-05-19,13.311845779418945,3411856
2009-05-20,13.202815055847168,2503457
2009-05-21,12.870654106140137,1517042
2009-05-22,12.705839157104492,1499928
2009-05-25,12.617094039916992,946711
2009-05-26,12.885865211486816,2332801
2009-05-27,13.268742561340332,2743248
2009-05-28,12.883332252502441,2711165
2009-05-29,12.878262519836426,2453552
2009-06-01,13.651617050170898,2622874
2009-06-02,13.935602188110352,2811098
2009-06-03,13.745430946350098,2046479
2009-06-04,13.737825393676758,1552776
2009-06-05,14.194231033325195,3782310
2009-06-08,14.219588279724121,3431233
2009-06-09,14.277908325195312,2993565
2009-06-10,14.708954811096191,3023299
2009-06-11,14.883910179138184,1897861
2009-06-12,14.817984580993652,1775765
2009-06-15,14.156197547912598,2309490
2009-06-16,14.059844970703125,2093210
2009-06-17,13.773322105407715,3028009
2009-06-18,13.844322204589844,3181008
2009-06-19,13.638937950134277,4490066
2009-06-22,13.086180686950684,3320358
2009-06-23,13.185068130493164,2074482
2009-06-24,13.540050506591797,1957055
2009-06-25,13.481732368469238,2063357
2009-06-26,13.453842163085938,1347422
2009-06-29,13.735289573669434,1302177
2009-06-30,13.611044883728027,1789009
2009-07-01,13.958423614501953,1335329
2009-07-02,13.484268188476562,2255515
2009-07-03,13.410735130310059,1042457
2009-07-06,12.997432708740234,1766308
2009-07-07,12.921364784240723,2001658
2009-07-08,12.700769424438477,2879550
2009-07-09,12.982218742370605,2573503
2009-07-10,13.098857879638672,1532669
2009-07-13,13.529908180236816,1577627
2009-07-14,14.24494457244873,4094491
2009-07-15,14.518786430358887,3195900
2009-07-16,14.452859878540039,2299018
2009-07-17,14.840805053710938,2678103
2009-07-20,14.589781761169434,2309027
2009-07-21,15.243965148925781,2594465
2009-07-22,15.233824729919434,1935987
2009-07-23,15.507668495178223,1878114
2009-07-24,15.649658203125,1731073
2009-07-27,15.487383842468262,2094411
2009-07-28,15.413851737976074,1444895
2009-07-29,15.926041603088379,2307144
2009-07-30,16.258203506469727,1847057
2009-07-31,16.445838928222656,1954962
2009-08-03,16.691787719726562,2395698
2009-08-04,16.407800674438477,3096621
2009-08-05,16.060426712036133,1932597
2009-08-06,15.923501968383789,1568095
2009-08-07,15.984358787536621,2540890
2009-08-10,16.073108673095703,1842136
2009-08-11,15.636980056762695,2407170
2009-08-12,15.918434143066406,1465042
2009-08-13,16.481332778930664,2574151
2009-08-14,16.235382080078125,1821043
2009-08-17,15.870258331298828,1690095
2009-08-18,15.877863883972168,1331693
2009-08-19,15.88547134399414,1667935
2009-08-20,16.192276000976562,1571683
2009-08-21,16.49908447265625,2010773
2009-08-24,16.377368927001953,1346451
2009-08-25,16.45090675354004,1130608
2009-08-26,16.537113189697266,1190094
2009-08-27,16.062963485717773,1666941
2009-08-28,16.248062133789062,1223019
2009-08-31,16.11367416381836,1203698
2009-09-01,15.710515975952148,1982382
2009-09-02,15.454421997070312,2133697
2009-09-03,15.289608001708984,1733464
2009-09-04,16.090850830078125,2993443
2009-09-07,16.387516021728516,1236017
2009-09-08,16.22524070739746,1451761
2009-09-09,17.480358123779297,6051102
2009-09-10,17.37639617919922,3128368
2009-09-11,17.46767807006836,2166255
2009-09-14,17.759273529052734,3876327
2009-09-15,17.622346878051758,2573991
2009-09-16,17.72377586364746,2169102
2009-09-17,17.35103988647461,2489618
2009-09-18,17.145660400390625,6313899
2009-09-21,17.389076232910156,2712440
2009-09-22,17.60713768005371,1900534
2009-09-23,17.21665382385254,2155283
2009-09-24,17.135517120361328,1833247
2009-09-25,16.988452911376953,1859888
2009-09-28,17.259761810302734,2134282
2009-09-29,17.079734802246094,1852623
2009-09-30,16.709537506103516,3432092
2009-10-01,16.43569564819336,2161056
2009-10-02,16.14156723022461,3269434
2009-10-05,16.11367416381836,2434929
2009-10-06,16.428089141845703,2344319
2009-10-07,16.30384063720703,2500984
2009-10-08,16.76278305053711,2441905
2009-10-09,16.65375328063965,1925910
2009-10-12,17.003664016723633,1720987
2009-10-13,16.833778381347656,1563858
2009-10-14,17.259761810302734,2180526
2009-10-15,17.02902603149414,2276030
2009-10-16,16.861671447753906,2322691
2009-10-19,17.579248428344727,2686269
2009-10-20,17.799842834472656,3494992
2009-10-21,18.048328399658203,3318612
2009-10-22,18.033117294311523,2375567
2009-10-23,18.225818634033203,2961390
2009-10-26,18.055932998657227,2759655
2009-10-27,17.477819442749023,3685292
2009-10-28,16.798282623291016,4256704
2009-10-29,17.206512451171875,3594390
2009-10-30,16.884490966796875,2178184
2009-11-02,17.041698455810547,2227727
2009-11-03,15.974212646484375,6945280
2009-11-04,16.372304916381836,4212558
2009-11-05,16.623327255249023,3548055
2009-11-06,16.770389556884766,2497487
2009-11-09,16.963096618652344,1505502
2009-11-10,16.58275604248047,3353010
2009-11-11,16.739959716796875,2110064
2009-11-12,16.828712463378906,1995773
2009-11-13,16.970701217651367,1932878
2009-11-16,17.541213989257812,2430350
2009-11-17,17.181156158447266,1796335
2009-11-18,17.186229705810547,1277141
2009-11-19,16.83631706237793,1985541
2009-11-20,16.613182067871094,2582413
2009-11-23,16.63093376159668,2675302
2009-11-24,16.392589569091797,2553099
2009-11-25,16.30891227722168,3048081
2009-11-26,15.872790336608887,2346127
2009-11-27,16.369766235351562,2379655
2009-11-30,15.936182022094727,2558318
2009-12-01,16.29116439819336,2261765
2009-12-02,16.05282211303711,2944612
2009-12-03,16.326662063598633,2435830
2009-12-04,16.60811424255371,2401770
2009-12-07,16.537113189697266,1731021
2009-12-08,16.339340209960938,2288277
2009-12-09,16.073108673095703,1727721
2009-12-10,16.05282211303711,1725306
2009-12-11,16.08578109741211,1733509
2009-12-14,16.022390365600586,2017298
2009-12-15,16.01985740661621,1572901
2009-12-16,16.326662063598633,2176771
2009-12-17,16.40019416809082,1915655
2009-12-18,16.19988441467285,3483688
2009-12-21,16.133955001831055,1827183
2009-12-22,16.30891227722168,1230419
2009-12-23,16.28862953186035,1053478
2009-12-28,16.12635040283203,846138
2009-12-29,16.253128051757812,994436
2009-12-30,16.12635040283203,623451
2010-01-04,16.253128051757812,1808170
2010-01-05,16.38498306274414,1564182
2010-01-06,16.638540267944336,2218604
2010-01-07,16.78560447692871,2026145
2010-01-08,16.559938430786133,1925894
2010-01-11,16.313983917236328,2157825
2010-01-12,15.839828491210938,3181836
2010-01-13,15.936182022094727,2260311
2010-01-14,16.171993255615234,2820510
2010-01-15,16.040142059326172,2749408
2010-01-18,16.278486251831055,1491142
2010-01-19,16.445838928222656,2637665
2010-01-20,16.12635040283203,2544577
2010-01-21,15.799260139465332,3245845
2010-01-22,15.568522453308105,3337230
2010-01-25,15.284537315368652,1893425
2010-01-26,15.342853546142578,2930841
2010-01-27,15.005623817443848,2995119
2010-01-28,14.98533821105957,4794578
2010-01-29,15.700372695922852,4908091
2010-02-01,15.753619194030762,2392304
2010-02-02,15.809404373168945,2398928
2010-02-03,15.834759712219238,2343686
2010-02-04,15.3834228515625,2473082
2010-02-05,15.172966957092285,3436881
2010-02-08,15.015765190124512,3359803
2010-02-09,15.023367881774902,2235562
2010-02-10,15.043654441833496,2197514
2010-02-11,14.954910278320312,3076313
2010-02-12,14.706418991088867,3832336
2010-02-15,14.528929710388184,2088003
2010-02-16,14.911805152893066,2560619
2010-02-17,15.018296241760254,2157337
2010-02-18,14.916875839233398,4277152
2010-02-19,15.434133529663086,3241132
2010-02-22,15.345389366149902,2163162
2010-02-23,15.05633544921875,2331493
2010-02-24,14.952372550964355,2161768
2010-02-25,14.896590232849121,2173803
2010-02-26,15.104509353637695,2098213
2010-03-01,15.43920612335205,1927504
2010-03-02,15.89307689666748,2630272
2010-03-03,16.050283432006836,1971953
2010-03-04,16.004642486572266,1842357
2010-03-05,16.412870407104492,2465696
2010-03-08,16.222707748413086,2206491
2010-03-09,16.293699264526367,2367379
2010-03-10,16.362159729003906,2312507
2010-03-11,16.577686309814453,4103340
2010-03-12,16.501617431640625,1901660
2010-03-15,16.552330017089844,1691864
2010-03-16,16.610647201538086,1592199
2010-03-17,16.466121673583984,2630644
2010-03-18,16.281023025512695,2789460
2010-03-19,16.258203506469727,4417910
2010-03-22,16.481332778930664,3021932
2010-03-23,16.81096076965332,4092777
2010-03-24,16.925065994262695,2363979
2010-03-25,17.262296676635742,2624975
2010-03-26,17.343435287475586,2849826
2010-03-29,17.300329208374023,2104449
2010-03-30,17.132980346679688,1781874
2010-03-31,17.333293914794922,2505019
2010-04-01,17.827728271484375,3985778
2010-04-06,17.957046508789062,2823141
2010-04-07,17.647706985473633,2156558
2010-04-08,17.510780334472656,2398002
2010-04-09,17.678129196166992,1429403
2010-04-12,17.809982299804688,1758587
2010-04-13,17.926616668701172,2266579
2010-04-14,18.010295867919922,2856435
2010-04-15,17.916481018066406,2295534
2010-04-16,18.033117294311523,4085667
2010-04-19,17.906335830688477,1896120
2010-04-20,18.659404754638672,4193208
2010-04-21,18.550376892089844,2683826
2010-04-22,18.383028030395508,2762554
2010-04-23,18.905359268188477,2459043
2010-04-26,19.179203033447266,1791218
2010-04-27,18.793792724609375,3196634
2010-04-28,18.656869888305664,3939605
2010-04-29,18.649261474609375,2643682
2010-04-30,18.82929229736328,2191017
2010-05-03,18.956073760986328,1184196
2010-05-04,18.175107955932617,3500538
2010-05-05,18.246105194091797,3411471
2010-05-06,18.4692325592041,4517281
2010-05-07,17.99254608154297,6723404
2010-05-10,19.10820770263672,5326535
2010-05-11,19.36176300048828,4071608
2010-05-12,19.777599334716797,4120677
2010-05-13,20.041303634643555,3335344
2010-05-14,19.58489418029785,4142366
2010-05-17,19.633073806762695,3498406
2010-05-18,20.107227325439453,3213427
2010-05-19,18.906414031982422,6910234
2010-05-20,18.487407684326172,4993332
2010-05-21,18.4082088470459,4982594
2010-05-24,18.466968536376953,2408977
2010-05-25,18.03263282775879,4150248
2010-05-26,18.272790908813477,2882400
2010-05-27,19.011165618896484,2629638
2010-05-28,19.251327514648438,1987186
2010-05-31,19.399517059326172,738797
2010-06-01,19.45061492919922,2471029
2010-06-02,19.64989471435547,2174924
2010-06-03,20.040800094604492,2429831
2010-06-04,19.471050262451172,3216762
2010-06-07,19.5374813079834,2410156
2010-06-08,19.253887176513672,2654521
2010-06-09,19.88239288330078,2125625
2010-06-10,20.774063110351562,4243400
2010-06-11,20.482799530029297,2650947
2010-06-14,20.31417465209961,3005447
2010-06-15,20.360166549682617,2071220
2010-06-16,19.943716049194336,3164118
2010-06-17,20.286073684692383,2322052
2010-06-18,20.799610137939453,4596807
2010-06-21,21.359134674072266,3087797
2010-06-22,21.2135066986084,2050444
2010-06-23,21.19817352294922,2218170
2010-06-24,21.134305953979492,2920482
2010-06-25,20.623323440551758,2935228
2010-06-28,21.083209991455078,2537765
2010-06-29,20.388269424438477,2152706
2010-06-30,20.472578048706055,2504803
2010-07-01,19.519594192504883,3890777
2010-07-02,19.358633041381836,2849023
2010-07-05,19.473609924316406,1294605
2010-07-06,19.928380966186523,1825517
2010-07-07,20.311620712280273,2640764
2010-07-08,19.88239288330078,3162224
2010-07-09,20.00503158569336,2305584
2010-07-12,19.87983512878418,1377886
2010-07-13,21.52776336669922,7966100
2010-07-14,21.228832244873047,5267683
2010-07-15,21.594192504882812,4938556
2010-07-16,21.537982940673828,3863548
2010-07-19,21.131752014160156,2146857
2010-07-20,20.986120223999023,2504088
2010-07-21,20.909467697143555,2125655
2010-07-22,21.44345474243164,2283699
2010-07-23,21.45623016357422,1841633
2010-07-26,21.517545700073242,1792961
2010-07-27,21.20584487915039,2715157
2010-07-28,20.80727767944336,2398214
2010-07-29,20.804719924926758,1836693
2010-07-30,21.108755111694336,2294551
2010-08-02,21.394906997680664,1870081
2010-08-03,22.054079055786133,5021385
2010-08-04,22.31978416442871,3052287
2010-08-05,22.746461868286133,3169618
2010-08-06,22.432207107543945,3207298
2010-08-09,22.639156341552734,1443586
2010-08-10,22.14860725402832,2134409
2010-08-11,21.663175582885742,1610870
2010-08-12,21.41023826599121,3412914
2010-08-13,21.402572631835938,2245662
2010-08-16,21.36425018310547,1406962
2010-08-17,22.023412704467773,3108515
2010-08-18,22.227807998657227,2090243
2010-08-19,21.890565872192383,2651955
2010-08-20,21.394906997680664,2253678
2010-08-23,21.38979721069336,1441990
2010-08-24,21.216062545776367,1542276
2010-08-25,21.172632217407227,2596844
2010-08-26,21.300376892089844,1900537
2010-08-27,21.338701248168945,1977177
2010-08-30,21.055103302001953,1122612
2010-08-31,21.2901554107666,2956642
2010-09-01,21.926332473754883,3248910
2010-09-02,22.27635955810547,2092487
2010-09-03,22.53184700012207,2610676
2010-09-06,22.501188278198242,1336079
2010-09-07,22.450088500976562,2086932
2010-09-08,22.98917579650879,2678450
2010-09-09,23.19868278503418,3448289
2010-09-10,23.610029220581055,4189435
2010-09-13,23.727548599243164,2372940
2010-09-14,24.077577590942383,2823383
2010-09-15,24.144001007080078,3141028
2010-09-16,24.19510269165039,2649883
2010-09-17,24.22576141357422,14558159
2010-09-20,25.10209846496582,4289154
2010-09-21,24.772512435913086,3133084
2010-09-22,24.568117141723633,3061832
2010-09-23,24.677980422973633,2523980
2010-09-24,25.728055953979492,4022665
2010-09-27,25.625856399536133,2380796
2010-09-28,25.891565322875977,2904663
2010-09-29,26.090852737426758,3464105
2010-09-30,26.285024642944336,3262731
2010-10-01,25.191518783569336,4764366
2010-10-04,24.63965606689453,3402602
2010-10-05,25.526212692260742,3168500
2010-10-06,25.291162490844727,3092975
2010-10-07,25.549211502075195,2722411
2010-10-08,25.584980010986328,2592531
2010-10-11,25.4827823638916,1506315
2010-10-12,25.65140724182129,2763409
2010-10-13,25.584980010986328,3817390
2010-10-14,25.549211502075195,2287812
2010-10-15,25.268173217773438,3689231
2010-10-18,25.038223266601562,2061426
2010-10-19,25.09699058532715,2259207
2010-10-20,25.344816207885742,1796069
2010-10-21,25.559429168701172,2292159
2010-10-22,25.56454086303711,1849862
2010-10-25,25.917116165161133,2100971
2010-10-26,25.77404022216797,2354786
2010-10-27,25.485336303710938,2713585
2010-10-28,25.470008850097656,2645875
2010-10-29,26.3207950592041,3494594
2010-11-01,27.06171989440918,3194745
2010-11-02,26.750019073486328,2507747
2010-11-03,26.387224197387695,5289275
2010-11-04,27.634021759033203,3451963
2010-11-05,27.623804092407227,3309033
2010-11-08,27.291664123535156,1913984
2010-11-09,28.05813980102539,2267865
2010-11-10,27.46540069580078,2259474
2010-11-11,27.80776023864746,1720550
2010-11-12,28.252315521240234,3583731
2010-11-15,28.645776748657227,1951607
2010-11-16,27.909957885742188,1843721
2010-11-17,27.746442794799805,1664083
2010-11-18,28.768407821655273,2207875
2010-11-19,28.957468032836914,2652948
2010-11-22,29.478679656982422,3292362
2010-11-23,28.855281829833984,2953097
2010-11-24,30.20938491821289,3316915
2010-11-25,30.607954025268555,1992241
2010-11-26,30.275808334350586,2301565
2010-11-29,29.504228591918945,2266241
2010-11-30,29.601314544677734,3330930
2010-12-01,31.118938446044922,3533953
2010-12-02,32.600791931152344,4412518
2010-12-03,32.54458236694336,2999655
2010-12-06,32.09492111206055,2530327
2010-12-07,32.69277572631836,2748638
2010-12-08,31.629920959472656,3157849
2010-12-09,30.761249542236328,5442032
2010-12-10,31.94672966003418,3097184
2010-12-13,32.41683578491211,1871774
2010-12-14,31.921178817749023,1818675
2010-12-15,31.931406021118164,1475533
2010-12-16,32.08980178833008,1602021
2010-12-17,31.655471801757812,2848191
2010-12-20,32.268653869628906,1586810
2010-12-21,33.111778259277344,1808112
2010-12-22,32.892051696777344,1257052
2010-12-23,32.324859619140625,1114917
2010-12-27,30.260488510131836,3488989
2010-12-28,29.76483154296875,3100661
2010-12-29,30.004985809326172,1400695
2010-12-30,30.071420669555664,1077112
2011-01-03,31.399980545043945,2101012
2011-01-04,31.03717613220215,2266190
2011-01-05,30.674379348754883,3913153
2011-01-06,30.607954025268555,2101823
2011-01-07,30.30647087097168,2776312
2011-01-10,29.877248764038086,1950108
2011-01-11,30.485313415527344,2540226
2011-01-12,30.311582565307617,2220002
2011-01-13,29.473569869995117,3123094
2011-01-14,30.11740493774414,4078219
2011-01-17,29.918123245239258,1615997
2011-01-18,30.020320892333984,3142418
2011-01-19,29.5655460357666,4434169
2011-01-20,28.364728927612305,4670268
2011-01-21,28.461824417114258,5366862
2011-01-24,28.221660614013672,2825547
2011-01-25,28.655994415283203,2587932
2011-01-26,29.100547790527344,3016559
2011-01-27,29.284503936767578,2516008
2011-01-28,29.177194595336914,3788334
2011-01-31,28.655994415283203,2796644
2011-02-01,28.875715255737305,2394850
2011-02-02,28.855281829833984,3190674
2011-02-03,29.294721603393555,2485234
2011-02-04,29.049449920654297,1952374
2011-02-07,30.071420669555664,2575937
2011-02-08,31.471515655517578,5588838
2011-02-09,31.318214416503906,3492106
2011-02-10,31.5328369140625,2534881
2011-02-11,32.2635383605957,2734862
2011-02-14,32.2635383605957,2370599
2011-02-15,31.67080307006836,2410165
2011-02-16,31.50728988647461,3256747
2011-02-17,31.190473556518555,2799679
2011-02-18,30.945201873779297,2418461
2011-02-21,30.812349319458008,2072955
2011-02-22,30.878772735595703,2184646
2011-02-23,29.790374755859375,2859988
2011-02-24,29.126094818115234,3591172
2011-02-25,29.994766235351562,2662872
2011-02-28,30.0356502532959,2061073
2011-03-01,30.49042510986328,3450012
2011-03-02,29.6370792388916,3454511
2011-03-03,29.683073043823242,2300279
2011-03-04,29.524667739868164,3265392
2011-03-07,29.504228591918945,2155275
2011-03-08,29.62175750732422,2115514
2011-03-09,29.708616256713867,2655032
2011-03-10,29.187416076660156,4850780
2011-03-11,28.768407821655273,2706899
2011-03-14,28.512916564941406,2718095
2011-03-15,27.741336822509766,5671440
2011-03-16,27.12815284729004,3765636
2011-03-17,27.659574508666992,3745805
2011-03-18,28.257427215576172,6405214
2011-03-21,28.328960418701172,3129613
2011-03-22,27.894628524780273,2586977
2011-03-23,28.242095947265625,2922312
2011-03-24,29.432687759399414,3672785
2011-03-25,29.36115264892578,1782525
2011-03-28,29.310056686401367,2058266
2011-03-29,29.32538604736328,2294273
2011-03-30,29.923234939575195,2296540
2011-03-31,30.020320892333984,2365321
2011-04-01,31.282451629638672,3383227
2011-04-04,30.868553161621094,2114657
2011-04-05,31.170026779174805,2382554
2011-04-06,31.072954177856445,2689580
2011-04-07,30.214494705200195,4163243
2011-04-08,29.91301155090332,2776722
2011-04-11,29.177194595336914,3165738
2011-04-12,28.942138671875,2673787
2011-04-13,29.427579879760742,2496512
2011-04-14,29.606422424316406,1622783
2011-04-15,29.698396682739258,2658288
2011-04-18,29.233409881591797,2327710
2011-04-19,30.04076385498047,2455377
2011-04-20,30.929874420166016,2693796
2011-04-21,31.170026779174805,1683593
2011-04-26,31.5328369140625,1347059
2011-04-27,31.650360107421875,2706143
2011-04-28,32.28398132324219,2787943
2011-04-29,32.53436279296875,1741289
2011-05-02,32.927818298339844,2321406
2011-05-03,32.381072998046875,2775566
2011-05-04,31.859867095947266,5808821
2011-05-05,31.35399055480957,3546100
2011-05-06,32.10002517700195,3851643
2011-05-09,31.313114166259766,3179012
2011-05-10,32.02337646484375,2905464
2011-05-11,32.27886962890625,6560795
2011-05-12,32.299312591552734,15639814
2011-05-13,32.27322769165039,2457148
2011-05-16,32.10627365112305,2023599
2011-05-17,31.6002140045166,2258542
2011-05-18,31.95497703552246,1888415
2011-05-19,32.33583450317383,2377335
2011-05-20,31.814119338989258,5738738
2011-05-23,30.84894561767578,2760383
2011-05-24,31.448917388916016,2139999
2011-05-25,31.694122314453125,1954010
2011-05-26,31.146324157714844,2733454
2011-05-27,31.668039321899414,1846888
2011-05-30,31.735862731933594,658108
2011-05-31,32.07497787475586,2096293
2011-06-01,31.621082305908203,2064142
2011-06-02,31.375877380371094,1915722
2011-06-03,31.454133987426758,1760603
2011-06-06,31.68890380859375,1579540
2011-06-07,31.46979331970215,1379774
2011-06-08,31.824556350708008,2859053
2011-06-09,32.83146286010742,4258202
2011-06-10,32.52364730834961,2748506
2011-06-13,32.612335205078125,1149645
2011-06-14,33.076663970947266,2637256
2011-06-15,32.54451370239258,2449543
2011-06-16,33.09752655029297,2907755
2011-06-17,33.48360061645508,5171504
2011-06-20,33.3375244140625,2213674
2011-06-21,33.83314514160156,2594437
2011-06-22,34.11487579345703,3423654
2011-06-23,34.02096939086914,2965074
2011-06-24,35.022647857666016,4747099
2011-06-27,35.351341247558594,2061224
2011-06-28,36.05043411254883,2638323
2011-06-29,35.92522430419922,3465572
2011-06-30,35.89913558959961,2978742
2011-07-01,35.35655212402344,2556578
2011-07-04,35.904354095458984,1300389
2011-07-05,35.88870620727539,1776463
2011-07-06,35.38264083862305,2342908
2011-07-07,36.144344329833984,2774569
2011-07-08,35.74262619018555,2415872
2011-07-11,34.82440185546875,2667642
2011-07-12,35.080039978027344,5383859
2011-07-13,36.61388397216797,3597249
2011-07-14,37.04168701171875,3657786
2011-07-15,37.9129524230957,3756090
2011-07-18,37.09907531738281,2262233
2011-07-19,37.56340408325195,1712031
2011-07-20,37.537315368652344,1865206
2011-07-21,37.14081954956055,2878589
2011-07-22,37.34428405761719,1644125
2011-07-25,38.356407165527344,2432193
2011-07-26,37.66252899169922,2356886
2011-07-27,36.88517379760742,3332609
2011-07-28,36.6504020690918,3278654
2011-07-29,36.426063537597656,2231679
2011-08-01,35.325252532958984,2824591
2011-08-02,34.4174690246582,4547803
2011-08-03,34.1983528137207,4093606
2011-08-04,31.965408325195312,5965142
2011-08-05,31.553258895874023,6102743
2011-08-08,28.76730728149414,7467791
2011-08-09,30.58808708190918,9731294
2011-08-10,29.017728805541992,7388724
2011-08-11,30.08202362060547,5738880
2011-08-12,30.958505630493164,4424046
2011-08-15,30.942853927612305,2643815
2011-08-16,30.713300704956055,3086059
2011-08-17,30.655906677246094,2430044
2011-08-18,28.25080680847168,5909122
2011-08-19,27.28563690185547,7542802
2011-08-22,26.132654190063477,5743470
2011-08-23,26.80044174194336,4907408
2011-08-24,27.948209762573242,4400397
2011-08-25,28.078643798828125,5235590
2011-08-26,28.198640823364258,3312430
2011-08-29,28.386457443237305,2340070
2011-08-30,28.302980422973633,2713792
2011-08-31,29.398576736450195,4129537
2011-09-01,29.68552589416504,4086319
2011-09-02,28.287328720092773,3240227
2011-09-05,26.53959083557129,4449885
2011-09-06,26.430025100708008,4123690
2011-09-07,28.021251678466797,3630093
2011-09-08,27.807357788085938,3012612
2011-09-09,26.96739387512207,3903642
2011-09-12,26.555240631103516,4288358
2011-09-13,27.10304069519043,3931718
2011-09-14,28.730785369873047,5200929
2011-09-15,29.487274169921875,4777026
2011-09-16,29.831605911254883,7887509
2011-09-19,29.32032585144043,3224595
2011-09-20,30.07158851623535,2641362
2011-09-21,29.262937545776367,2385333
2011-09-22,27.64562225341797,5021351
2011-09-23,27.223031997680664,5207533
2011-09-26,26.503068923950195,5306710
2011-09-27,28.14647102355957,4113166
2011-09-28,27.781269073486328,2722945
2011-09-29,27.52040672302246,3213371
2011-09-30,26.06743812561035,7201518
2011-10-04,23.49799919128418,7053889
2011-10-05,24.726625442504883,4541747
2011-10-06,25.514421463012695,4607270
2011-10-07,26.550024032592773,4290206
2011-10-10,27.64562225341797,3381225
2011-10-11,28.04212188720703,2918576
2011-10-12,28.647310256958008,3217130
2011-10-13,28.600358963012695,3265116
2011-10-14,29.445533752441406,3183197
2011-10-17,28.433408737182617,4019764
2011-10-18,28.736005783081055,3980826
2011-10-19,28.69948387145996,2307509
2011-10-20,28.22994041442871,2983797
2011-10-21,29.83681869506836,3832887
2011-10-24,30.19680404663086,2710174
2011-10-25,30.155067443847656,3103470
2011-10-26,30.1602840423584,2602385
2011-10-27,31.85585594177246,4088061
2011-10-28,32.24713897705078,3330207
2011-10-31,30.81242561340332,2617454
2011-11-01,29.51857566833496,4415084
2011-11-02,30.243749618530273,2678096
2011-11-03,31.621082305908203,5618806
2011-11-04,30.186372756958008,2884576
2011-11-07,30.32723045349121,2675624
2011-11-08,30.478527069091797,2794669
2011-11-09,29.654216766357422,3655191
2011-11-10,30.055940628051758,2985140
2011-11-11,30.64025115966797,2210002
2011-11-14,30.34288215637207,1893280
2011-11-15,30.024642944335938,2189465
2011-11-16,29.064678192138672,3419133
2011-11-17,28.428194046020508,3323821
2011-11-18,27.93778419494629,3008101
2011-11-21,26.779573440551758,3224065
2011-11-22,26.523937225341797,2623140
2011-11-23,25.72049903869629,3237708
2011-11-24,25.970918655395508,2747566
2011-11-25,26.25264549255371,2701335
2011-11-28,27.61954116821289,3318297
2011-11-29,27.60910415649414,2685605
2011-11-30,29.205547332763672,5352345
2011-12-01,28.788171768188477,2842405
2011-12-02,29.012514114379883,2684393
2011-12-05,29.32554054260254,2528174
2011-12-06,29.252498626708984,2224773
2011-12-07,29.04381561279297,2091769
2011-12-08,27.969087600708008,2860961
2011-12-09,28.068212509155273,2805392
2011-12-12,27.400415420532227,2272070
2011-12-13,27.624757766723633,2487656
2011-12-14,26.21612548828125,4538410
2011-12-15,26.471769332885742,3100241
2011-12-16,26.080482482910156,5251479
2011-12-19,26.122217178344727,3241872
2011-12-20,27.2439022064209,2321189
2011-12-21,27.40563201904297,1919814
2011-12-22,27.51519203186035,1347793
2011-12-23,27.389978408813477,810657
2011-12-27,27.556928634643555,570044
2011-12-28,26.659576416015625,1280047
2011-12-29,26.795230865478516,990264
2011-12-30,27.003915786743164,749416
2012-01-02,27.734312057495117,1620355
2012-01-03,28.845563888549805,2679672
2012-01-04,29.148160934448242,2132005
2012-01-05,29.294233322143555,2723050
2012-01-06,28.981210708618164,1911346
2012-01-09,29.654216766357422,3087412
2012-01-10,30.635040283203125,2949987
2012-01-11,30.744604110717773,2035241
2012-01-12,30.98980712890625,2061301
2012-01-13,30.494182586669922,2958139
2012-01-16,31.281967163085938,2000149
2012-01-17,32.36713790893555,3547504
2012-01-18,32.46626281738281,3030372
2012-01-19,32.84710693359375,2860549
2012-01-20,33.1757926940918,3275573
2012-01-23,33.32708740234375,2283960
2012-01-24,33.12883377075195,2224542
2012-01-25,33.1757926940918,1791303
2012-01-26,34.12009811401367,2907762
2012-01-27,33.702720642089844,2456825
2012-01-30,33.67664337158203,1962533
2012-01-31,34.11487579345703,2551733
2012-02-01,35.47132873535156,3664839
2012-02-02,35.47654724121094,2580196
2012-02-03,36.50954055786133,2821086
2012-02-06,36.91647720336914,2037744
2012-02-07,36.186073303222656,3268653
2012-02-08,35.998260498046875,2939786
2012-02-09,37.32341384887695,4317421
2012-02-10,36.452152252197266,2645764
2012-02-13,36.812129974365234,1628428
2012-02-14,36.53041076660156,2122166
2012-02-15,36.63997268676758,2379308
2012-02-16,36.72866439819336,2670820
2012-02-17,37.5529670715332,2790675
2012-02-20,37.68861389160156,1493392
2012-02-21,37.51123809814453,1701197
2012-02-22,37.015602111816406,2674911
2012-02-23,36.462589263916016,2664599
2012-02-24,36.68692398071289,2104477
2012-02-27,36.01913070678711,3066474
2012-02-28,36.45736312866211,2164189
2012-02-29,36.222599029541016,2137769
2012-03-01,37.29732894897461,2776963
2012-03-02,36.83822250366211,1795326
2012-03-05,36.84865188598633,2288057
2012-03-06,34.96527099609375,3974467
2012-03-07,35.617408752441406,2582683
2012-03-08,36.102603912353516,6874578
2012-03-09,36.78083419799805,2497897
2012-03-12,37.067779541015625,2520748
2012-03-13,36.90604019165039,3957259
2012-03-14,38.319889068603516,4542967
2012-03-15,38.481624603271484,2388616
2012-03-16,38.095550537109375,4832557
2012-03-19,37.47993469238281,2439894
2012-03-20,35.59132385253906,5613118
2012-03-21,35.89913558959961,2693984
2012-03-22,35.273075103759766,2703704
2012-03-23,35.42437744140625,2372924
2012-03-26,35.82609558105469,2160832
2012-03-27,35.71131896972656,1808313
2012-03-28,35.069610595703125,2202779
2012-03-29,34.34442901611328,3075223
2012-03-30,35.17917251586914,3198455
2012-04-02,36.107818603515625,3238087
2012-04-03,35.47132873535156,2089514
2012-04-04,34.72528076171875,2904477
2012-04-05,34.84005355834961,2584787
2012-04-10,33.95314025878906,2751649
2012-04-11,34.80353927612305,3117808
2012-04-12,35.81566619873047,3676956
2012-04-13,35.21569061279297,2655072
2012-04-16,35.84696578979492,2757322
2012-04-17,36.51997375488281,2503480
2012-04-18,36.227821350097656,2314609
2012-04-19,35.64349365234375,2865183
2012-04-20,36.43649673461914,2618937
2012-04-23,34.954833984375,2617648
2012-04-24,35.26785659790039,1937241
2012-04-25,36.35302734375,2337231
2012-04-26,37.172119140625,3749825
2012-04-27,37.631221771240234,2623097
2012-04-30,37.46428298950195,1892410
2012-05-02,37.07820510864258,2681607
2012-05-03,37.396453857421875,5130666
2012-05-04,35.993038177490234,2956169
2012-05-07,36.54606246948242,2454028
2012-05-08,35.13743209838867,2917030
2012-05-09,35.32003402709961,2938800
2012-05-10,34.55833053588867,4070960
2012-05-11,35.26785659790039,2729961
2012-05-14,34.66267395019531,2222874
2012-05-15,34.52180862426758,2965273
2012-05-16,34.70962905883789,4103589
2012-05-17,33.89903259277344,2629253
2012-05-18,33.13167190551758,4288518
2012-05-21,33.380252838134766,2362798
2012-05-22,34.27730941772461,2880567
2012-05-23,33.4018669128418,2670776
2012-05-24,33.49372863769531,2459775
2012-05-25,33.450504302978516,1634898
2012-05-28,33.655853271484375,1201981
2012-05-29,34.5853385925293,2426478
2012-05-30,33.50994873046875,2858769
2012-05-31,33.01818084716797,3012985
2012-06-01,31.73204803466797,4219292
2012-06-04,30.721506118774414,2609948
2012-06-05,30.91064453125,2346209
2012-06-06,31.618560791015625,3325975
2012-06-07,32.19678497314453,3114859
2012-06-08,31.78608512878418,2083147
2012-06-11,31.75906753540039,2505321
2012-06-12,31.656396865844727,2377663
2012-06-13,31.240285873413086,2981678
2012-06-14,30.418882369995117,3672086
2012-06-15,30.240554809570312,5844449
2012-06-18,30.878219604492188,3252808
2012-06-19,31.305133819580078,2270671
2012-06-20,31.38079261779785,1943565
2012-06-21,31.115995407104492,2398303
2012-06-22,30.516155242919922,1903736
2012-06-25,29.68934440612793,2306851
2012-06-26,29.019256591796875,3837315
2012-06-27,29.462383270263672,2202471
2012-06-28,29.26784324645996,2183552
2012-06-29,30.764738082885742,3464824
2012-07-02,31.02412986755371,2176732
2012-07-03,31.850936889648438,2547190
2012-07-04,31.85633659362793,1896566
2012-07-05,31.94280242919922,3009595
2012-07-06,30.489133834838867,3377305
2012-07-09,30.472923278808594,1858782
2012-07-10,30.937664031982422,1856226
2012-07-11,30.635040283203125,1924342
2012-07-12,30.175710678100586,2796670
2012-07-13,31.218671798706055,2532760
2012-07-16,31.072757720947266,1562187
2012-07-17,31.137609481811523,2058816
2012-07-18,31.79689598083496,1790450
2012-07-19,32.24001693725586,2609882
2012-07-20,31.49427604675293,3809096
2012-07-23,30.60802459716797,2386687
2012-07-24,29.81904411315918,2775280
2012-07-25,30.20272445678711,3258039
2012-07-26,31.072757720947266,3702441
2012-07-27,31.964420318603516,2987322
2012-07-30,32.656124114990234,2410460
2012-07-31,32.83985900878906,2467810
2012-08-01,31.877954483032227,4126187
2012-08-02,30.51075553894043,4950842
2012-08-03,31.40781021118164,3501478
2012-08-06,32.15354919433594,2897938
2012-08-07,32.69935607910156,2820883
2012-08-08,32.54264450073242,1846688
2012-08-09,32.51561737060547,2109837
2012-08-10,32.369712829589844,1407699
2012-08-13,31.92658805847168,1535835
2012-08-14,31.953609466552734,1631873
2012-08-15,31.872547149658203,1619493
2012-08-16,32.396732330322266,2077253
2012-08-17,33.212730407714844,2658919
2012-08-20,33.08304214477539,1664962
2012-08-21,33.310001373291016,1981514
2012-08-22,33.174903869628906,1785112
2012-08-23,32.86147689819336,2287012
2012-08-24,32.450775146484375,2188408
2012-08-27,32.83985900878906,1267798
2012-08-28,32.71016311645508,1314107
2012-08-29,32.53723907470703,1385564
2012-08-30,30.99170684814453,3839263
2012-08-31,31.159231185913086,2895763
2012-09-03,30.88362693786621,1715284
2012-09-04,29.932533264160156,3406526
2012-09-05,29.74879264831543,3727446
2012-09-06,30.92685890197754,4238427
2012-09-07,31.359174728393555,3195831
2012-09-10,31.629371643066406,1994554
2012-09-11,32.08871078491211,2126791
2012-09-12,32.72637939453125,3343294
2012-09-13,32.40753936767578,2379819
2012-09-14,33.504547119140625,3471899
2012-09-17,33.33702087402344,1663747
2012-09-18,32.66693878173828,2408995
2012-09-19,33.06682586669922,1987198
2012-09-20,32.12113571166992,4531868
2012-09-21,32.310272216796875,4522674
2012-09-24,32.22921371459961,1438130
2012-09-25,31.780681610107422,2545599
2012-09-26,31.137609481811523,2807224
2012-09-27,31.148420333862305,2439550
2012-09-28,30.753931045532227,2052855
2012-10-01,30.878219604492188,2332284
2012-10-02,31.197053909301758,1967027
2012-10-04,32.2940559387207,3777807
2012-10-05,32.95874786376953,2662377
2012-10-08,32.450775146484375,1495949
2012-10-09,32.41835021972656,1932972
2012-10-10,32.18056869506836,1776235
2012-10-11,32.877689361572266,2598530
2012-10-12,32.639915466308594,1790762
2012-10-15,32.672332763671875,1425627
2012-10-16,32.95874786376953,2134124
2012-10-17,33.32081604003906,2894007
2012-10-18,33.52615737915039,2384064
2012-10-19,33.50994873046875,4718607
2012-10-22,33.223541259765625,2074603
2012-10-23,32.672332763671875,2409075
2012-10-24,32.61288833618164,2571781
2012-10-25,32.60749053955078,2122482
2012-10-26,32.94793701171875,1864159
2012-10-29,32.68854904174805,1099654
2012-10-30,33.239749908447266,1265519
2012-10-31,33.20732879638672,2338039
2012-11-01,34.217864990234375,2491800
2012-11-02,35.125732421875,3497619
2012-11-05,34.850128173828125,2254136
2012-11-06,34.61236572265625,3523496
2012-11-07,34.81229782104492,4166853
2012-11-08,34.417816162109375,2661144
2012-11-09,34.70962905883789,2757947
2012-11-12,34.4015998840332,1663716
2012-11-13,34.37998580932617,2108502
2012-11-14,34.16923141479492,1287355
2012-11-15,33.82878112792969,1871914
2012-11-16,33.49913787841797,2534722
2012-11-19,35.18517303466797,2945851
2012-11-20,35.504005432128906,2237194
2012-11-21,35.74178695678711,2134231
2012-11-22,35.482398986816406,2121691
2012-11-23,35.547245025634766,1726763
2012-11-26,35.79042053222656,1412289
2012-11-27,35.96875,1192986
2012-11-28,36.22814178466797,2107702
2012-11-29,36.69828796386719,2398452
2012-11-30,36.84959411621094,1670749
2012-12-03,36.69288635253906,1477337
2012-12-04,36.579402923583984,1275525
2012-12-05,36.7090950012207,1769418
2012-12-06,37.10358428955078,2036459
2012-12-07,37.308929443359375,1797971
2012-12-10,37.46565246582031,1260540
2012-12-11,38.146541595458984,1872903
2012-12-12,38.357303619384766,1775357
2012-12-13,38.25461959838867,1775714
2012-12-14,38.762596130371094,1616826
2012-12-17,38.73557662963867,1388846
2012-12-18,38.90850830078125,1341593
2012-12-19,38.9193115234375,1470066
2012-12-20,39.000370025634766,1340299
2012-12-21,39.286781311035156,3394220
2012-12-27,39.697479248046875,1169029
2012-12-28,39.41107940673828,907064
2013-01-02,41.03226089477539,2354195
2013-01-03,40.85932922363281,1519799
2013-01-04,40.96200942993164,1136437
2013-01-07,40.93498611450195,1288665
2013-01-08,39.56238555908203,2291326
2013-01-09,38.994972229003906,2283158
2013-01-10,39.38945770263672,1828257
2013-01-11,39.56778335571289,1701070
2013-01-14,39.56778335571289,2005640
2013-01-15,39.16790008544922,1549660
2013-01-16,39.5029411315918,1166401
2013-01-17,40.02171325683594,1380526
2013-01-18,39.627227783203125,1555616
2013-01-21,40.14060592651367,856386
2013-01-22,40.07575607299805,1554942
2013-01-23,40.17302703857422,1028652
2013-01-24,40.329750061035156,975244
2013-01-25,40.98902130126953,1454972
2013-01-28,40.799888610839844,1074180
2013-01-29,40.84312057495117,1173346
2013-01-30,40.481056213378906,1163550
2013-01-31,40.07035446166992,1997021
2013-02-01,40.24869155883789,1837169
2013-02-04,38.924713134765625,2057850
2013-02-05,38.83285140991211,1972099
2013-02-06,38.78421401977539,1477268
2013-02-07,38.76799774169922,1635556
2013-02-08,39.71910095214844,1310537
2013-02-11,38.94633483886719,1291026
2013-02-12,38.649112701416016,1347531
2013-02-13,38.989566802978516,1189974
2013-02-14,38.73557662963867,1353896
2013-02-15,38.719364166259766,1461517
2013-02-18,38.56805419921875,951551
2013-02-19,38.79501724243164,1926065
2013-02-20,38.238407135009766,1485880
2013-02-21,37.31973648071289,2327628
2013-02-22,37.173831939697266,2783226
2013-02-25,38.141143798828125,2810780
2013-02-26,37.53589630126953,2264463
2013-02-27,38.00064468383789,1919743
2013-02-28,38.205989837646484,1555604
2013-03-01,37.39539337158203,2202823
2013-03-04,37.50347137451172,1510626
2013-03-05,38.58967208862305,1966063
2013-03-06,38.69234085083008,1503437
2013-03-07,38.9193115234375,1320415
2013-03-08,39.259765625,1694965
2013-03-11,39.21112823486328,984141
2013-03-12,38.90850830078125,1135101
2013-03-13,38.51401138305664,1674850
2013-03-14,38.335689544677734,2805546
2013-03-15,37.82771301269531,4029880
2013-03-18,37.930389404296875,1584596
2013-03-19,37.32514953613281,3185411
2013-03-20,37.908775329589844,2148542
2013-03-21,37.48185729980469,2646699
2013-03-22,37.60615158081055,1497609
2013-03-25,37.69261169433594,1716196
2013-03-26,37.72502899169922,1502627
2013-03-27,37.34135818481445,1738713
2013-03-28,36.374046325683594,2657631
2013-04-02,36.936058044433594,2175298
2013-04-03,36.957679748535156,1469838
2013-04-04,36.514549255371094,1730482
2013-04-05,35.83365249633789,2087464
2013-04-08,35.828250885009766,1372505
2013-04-09,35.612091064453125,1673707
2013-04-10,36.71989440917969,2163077
2013-04-11,37.303524017333984,1889763
2013-04-12,36.42268371582031,2031612
2013-04-15,35.90390396118164,1659154
2013-04-16,36.13086700439453,1626339
2013-04-17,35.125732421875,2983725
2013-04-18,34.547508239746094,2147021
2013-04-19,35.03927230834961,2618329
2013-04-22,35.255428314208984,1928576
2013-04-23,36.0876350402832,2446173
2013-04-24,36.66045379638672,2325262
2013-04-25,37.22787094116211,1626319
2013-04-26,37.08196258544922,1524785
2013-04-29,37.752052307128906,1568487
2013-04-30,37.854736328125,1637370
2013-05-02,38.22760009765625,3011882
2013-05-03,38.97336196899414,2129704
2013-05-06,38.546443939208984,989178
2013-05-07,38.357303619384766,1694368
2013-05-08,38.38431930541992,1721713
2013-05-09,38.40593338012695,873197
2013-05-10,38.82204055786133,2330640
2013-05-13,38.95173645019531,1984624
2013-05-14,39.61642074584961,3103309
2013-05-15,40.243038177490234,2180800
2013-05-16,39.94651412963867,1819197
2013-05-17,40.243038177490234,2964272
2013-05-20,41.412330627441406,1829185
2013-05-21,41.3060417175293,1537029
2013-05-22,41.03749084472656,1519202
2013-05-23,39.99127197265625,2201417
2013-05-24,39.65559005737305,1513236
2013-05-27,40.21506118774414,670305
2013-05-28,40.45563507080078,1437762
2013-05-29,40.51717758178711,1748559
2013-05-30,40.92558670043945,1432106
2013-05-31,41.22771072387695,2009895
2013-06-03,40.9032096862793,1658421
2013-06-04,41.009517669677734,1365717
2013-06-05,40.49480056762695,1411789
2013-06-06,39.75069808959961,1831545
2013-06-07,40.39408874511719,2182110
2013-06-10,40.55634307861328,1244098
2013-06-11,39.95210266113281,1591006
2013-06-12,39.252769470214844,1851352
2013-06-13,38.693294525146484,2019214
2013-06-14,39.18003463745117,2168197
2013-06-17,39.4709587097168,1455662
2013-06-18,39.090518951416016,2013697
2013-06-19,39.05135726928711,1540885
2013-06-20,37.16592788696289,3679654
2013-06-21,36.0078125,4351948
2013-06-24,35.828773498535156,3551142
2013-06-25,36.88058853149414,2845461
2013-06-26,37.35614776611328,2244382
2013-06-27,37.647071838378906,1823867
2013-06-28,37.58552551269531,2225631
2013-07-01,37.641475677490234,1628394
2013-07-02,37.16592788696289,1969226
2013-07-03,36.992488861083984,2288806
2013-07-04,37.87645721435547,1587857
2013-07-05,37.0372428894043,1774163
2013-07-08,37.98835372924805,1515412
2013-07-09,38.62056350708008,1738159
2013-07-10,38.60376739501953,1131534
2013-07-11,39.24717330932617,1452895
2013-07-12,39.45417785644531,1459301
2013-07-15,39.6443977355957,734948
2013-07-16,39.778663635253906,1223807
2013-07-17,39.873779296875,1124583
2013-07-18,40.29338836669922,1135065
2013-07-19,40.410888671875,1917855
2013-07-22,40.35492706298828,915232
2013-07-23,40.5059928894043,958805
2013-07-24,41.322818756103516,1819482
2013-07-25,41.423526763916016,1313389
2013-07-26,41.49066162109375,1260879
2013-07-29,41.38436508178711,1163554
2013-07-30,41.652915954589844,1128919
2013-07-31,41.17176055908203,1712495
2013-08-01,40.84726333618164,2712042
2013-08-02,40.550750732421875,1348017
2013-08-05,40.38290786743164,1184499
2013-08-06,39.92972946166992,1476202
2013-08-07,39.52131652832031,1236720
2013-08-08,40.10316848754883,1351383
2013-08-09,40.45003890991211,1038734
2013-08-12,40.93119812011719,1236766
2013-08-13,41.38436508178711,1191423
2013-08-14,41.624935150146484,1025436
2013-08-15,41.602561950683594,878118
2013-08-16,42.25714111328125,1884100
2013-08-19,41.9774055480957,1437138
2013-08-20,41.429115295410156,1266412
2013-08-21,41.233299255371094,809661
2013-08-22,42.06132507324219,1171987
2013-08-23,42.18441390991211,905294
2013-08-26,42.19560241699219,490153
2013-08-27,40.841678619384766,1693824
2013-08-28,40.14232635498047,1617948
2013-08-29,40.51158905029297,905077
2013-08-30,39.88496780395508,1419100
2013-09-02,40.707401275634766,865104
2013-09-03,40.410888671875,923654
2013-09-04,40.6122932434082,1088612
2013-09-05,43.06279373168945,4185074
2013-09-06,43.47120666503906,2179984
2013-09-09,43.73415756225586,1659879
2013-09-10,44.27685546875,1817425
2013-09-11,44.757999420166016,1338850
2013-09-12,44.5062370300293,1293682
2013-09-13,44.702049255371094,944579
2013-09-16,45.08249282836914,1093485
2013-09-17,44.858707427978516,1388096
2013-09-18,44.78597640991211,1150457
2013-09-19,45.56364059448242,2465833
2013-09-20,45.02095031738281,3373707
2013-09-23,44.93143081665039,1202686
2013-09-24,45.2055778503418,1267055
2013-09-25,44.96500778198242,1046931
2013-09-26,44.60135269165039,1150771
2013-09-27,44.81394577026367,899253
2013-09-30,44.461483001708984,1008984
2013-10-01,45.26712417602539,1270862
2013-10-02,44.36636734008789,1540464
2013-10-04,44.5789680480957,972099
2013-10-07,44.29364013671875,970471
2013-10-08,43.98592758178711,775005
2013-10-09,44.08662796020508,995233
2013-10-10,44.97060012817383,1299252
2013-10-11,45.1720085144043,812135
2013-10-14,45.1104736328125,582459
2013-10-15,46.408451080322266,2004212
2013-10-16,45.98883819580078,1964131
2013-10-17,45.8433837890625,1440792
2013-10-18,45.893741607666016,2610280
2013-10-21,45.932899475097656,970188
2013-10-22,45.793025970458984,2065376
2013-10-23,45.87694549560547,1194395
2013-10-24,46.74972915649414,1693550
2013-10-25,46.8056755065918,1532022
2013-10-28,46.095149993896484,1436472
2013-10-29,45.994441986083984,1308176
2013-10-30,46.26298904418945,1344602
2013-10-31,46.73853302001953,1819633
2013-11-01,46.25739288330078,1064889
2013-11-04,46.77210235595703,1149392
2013-11-05,45.42936325073242,4387208
2013-11-06,45.966468811035156,1471253
2013-11-07,45.776241302490234,2408874
2013-11-08,45.748268127441406,1915290
2013-11-11,45.916114807128906,759352
2013-11-12,45.619590759277344,1275324
2013-11-13,45.29509353637695,1391905
2013-11-14,45.653160095214844,1212672
2013-11-15,45.62518310546875,2013462
2013-11-18,46.548316955566406,1592756
2013-11-19,46.44761657714844,865345
2013-11-20,46.59307098388672,775433
2013-11-21,46.51475143432617,822598
2013-11-22,46.867218017578125,1104376
2013-11-25,47.314796447753906,1363670
2013-11-26,47.1749267578125,993111
2013-11-27,47.4434814453125,726384
2013-11-28,47.40432357788086,605633
2013-11-29,47.314796447753906,669232
2013-12-02,47.616912841796875,914591
2013-12-03,46.72734832763672,1728503
2013-12-04,46.1790657043457,1943799
2013-12-05,45.6419677734375,1262632
2013-12-06,45.955284118652344,1335002
2013-12-09,45.93849182128906,964346
2013-12-10,45.3454475402832,1213791
2013-12-11,45.08249282836914,1174657
2013-12-12,44.634910583496094,1856537
2013-12-13,44.640506744384766,1081941
2013-12-16,45.272708892822266,1543978
2013-12-17,45.00416564941406,947912
2013-12-18,45.955284118652344,1730612
2013-12-19,46.65461349487305,1735613
2013-12-20,46.99030685424805,2760556
2013-12-23,47.30361557006836,820037
2013-12-27,47.79035186767578,805858
2013-12-30,47.678462982177734,483820
2014-01-02,46.73853302001953,1499492
2014-01-03,46.984718322753906,826285
2014-01-06,46.43082809448242,987242
2014-01-07,46.74413299560547,1231698
2014-01-08,47.24766540527344,1435898
2014-01-09,46.917572021484375,1297442
2014-01-10,46.520347595214844,1964388
2014-01-13,47.07981872558594,1077464
2014-01-14,47.06303787231445,1071799
2014-01-15,47.53299331665039,1541638
2014-01-16,47.835105895996094,1371889
2014-01-17,48.23233413696289,1779656
2014-01-20,48.18757629394531,834723
2014-01-21,48.07568359375,939655
2014-01-22,47.96379470825195,1081848
2014-01-23,47.35396194458008,1679626
2014-01-24,45.86016845703125,2827352
2014-01-27,45.00416564941406,2596691
2014-01-28,45.613990783691406,2214005
2014-01-29,45.22236251831055,2668752
2014-01-30,45.21677017211914,1722914
2014-01-31,45.21677017211914,2293745
2014-02-03,44.752403259277344,2267484
2014-02-04,44.920249938964844,1882416
2014-02-05,44.690860748291016,1726361
2014-02-06,45.56364059448242,2804474
2014-02-07,45.76506042480469,1567542
2014-02-10,45.87694549560547,1562118
2014-02-11,47.24766540527344,2127013
2014-02-12,47.53858947753906,1564127
2014-02-13,47.75678634643555,1323715
2014-02-14,48.11484146118164,1495632
2014-02-17,47.516204833984375,1193335
2014-02-18,47.3427734375,1702177
2014-02-19,47.55537796020508,1202057
2014-02-20,47.23646926879883,1671609
2014-02-21,47.678462982177734,1236708
2014-02-24,47.32598876953125,2029107
2014-02-25,46.967926025390625,1569552
2014-02-26,47.169334411621094,1466019
2014-02-27,46.88399887084961,1626959
2014-02-28,47.10779571533203,1542605
2014-03-03,45.68113327026367,2223672
2014-03-04,46.31333923339844,1937088
2014-03-05,46.14550018310547,1496291
2014-03-06,46.48116683959961,1470678
2014-03-07,45.798622131347656,1807393
2014-03-10,45.04892349243164,1579605
2014-03-11,45.43497085571289,1194555
2014-03-12,44.892269134521484,1525505
2014-03-13,44.82514190673828,2966473
2014-03-14,44.34398651123047,3007090
2014-03-17,44.80276107788086,1557329
2014-03-18,44.80276107788086,0
2014-03-19,48.45053482055664,7355055
2014-03-20,48.8421745300293,3438493
2014-03-21,49.45758819580078,4090403
2014-03-24,49.267364501953125,2127834
2014-03-25,50.0450325012207,2225501
2014-03-26,50.688438415527344,1849624
2014-03-27,51.068870544433594,1504631
2014-03-28,51.60038375854492,1592012
2014-03-31,51.259090423583984,1587633
2014-04-01,51.52204895019531,1633795
2014-04-02,51.83535385131836,1574234
2014-04-03,52.05353927612305,1419855
2014-04-04,52.50672912597656,991988
2014-04-07,51.376590728759766,1308552
2014-04-08,51.1472053527832,1620318
2014-04-09,51.0744743347168,1369298
2014-04-10,50.63807678222656,1295717
2014-04-11,50.47024154663086,1779345
2014-04-14,50.43107223510742,1178870
2014-04-15,49.34009552001953,1386384
2014-04-16,50.58213424682617,1480554
2014-04-17,51.53883743286133,1470764
2014-04-22,52.60184097290039,1264123
2014-04-23,51.85213851928711,1079207
2014-04-24,51.16958236694336,1937576
2014-04-25,50.1065788269043,1386902
2014-04-28,50.26322937011719,903623
2014-04-29,50.54296875,1196538
2014-04-30,50.45344924926758,1164847
2014-05-02,49.81005859375,1167197
2014-05-05,49.65339279174805,1402990
2014-05-06,49.4799690246582,1754563
2014-05-07,49.34009552001953,1650361
2014-05-08,49.401641845703125,2225996
2014-05-09,49.300933837890625,1190803
2014-05-12,49.62541961669922,1627317
2014-05-13,50.0450325012207,1701553
2014-05-14,49.93314743041992,1295058
2014-05-15,49.295345306396484,2526006
2014-05-16,49.825706481933594,2413624
2014-05-19,50.83456802368164,1613657
2014-05-20,50.73078536987305,1068609
2014-05-21,51.13432312011719,1178464
2014-05-22,51.5032844543457,1134750
2014-05-23,51.8145866394043,1029319
2014-05-26,52.61589813232422,938777
2014-05-27,52.90414810180664,1197488
2014-05-28,52.66779327392578,1036264
2014-05-29,53.11167907714844,728236
2014-05-30,53.088623046875,878996
2014-06-02,52.73697280883789,1087656
2014-06-03,53.04826736450195,1019484
2014-06-04,52.61589813232422,1284077
2014-06-05,53.47486877441406,1824330
2014-06-06,53.54404067993164,1102585
2014-06-09,53.37110137939453,647395
2014-06-10,53.04826736450195,1179158
2014-06-11,52.8868522644043,901745
2014-06-12,52.66779327392578,993840
2014-06-13,52.3218994140625,1287758
2014-06-16,52.41989517211914,858916
2014-06-17,52.316139221191406,1030298
2014-06-18,52.69660568237305,1753546
2014-06-19,53.42299270629883,1357245
2014-06-20,53.35956954956055,2696673
2014-06-23,52.74849319458008,824017
2014-06-24,54.24736022949219,1688145
2014-06-25,53.665103912353516,1280630
2014-06-26,53.313446044921875,1067451
2014-06-27,53.244266510009766,911405
2014-06-30,53.3941650390625,1105942
2014-07-01,53.78617477416992,1007073
2014-07-02,54.120521545410156,1085690
2014-07-03,54.9506721496582,1194046
2014-07-04,54.85266876220703,851498
2014-07-07,54.1378288269043,925948
2014-07-08,53.44028091430664,1082984
2014-07-09,53.451805114746094,915621
2014-07-10,52.70237731933594,1468986
2014-07-11,53.07709884643555,1066279
2014-07-14,53.51522445678711,963382
2014-07-15,53.313446044921875,1047813
2014-07-16,54.91032409667969,1555541
2014-07-17,54.460662841796875,1540519
2014-07-18,53.96488571166992,2026779
2014-07-21,53.313446044921875,1108062
2014-07-22,54.17241668701172,1224949
2014-07-23,54.454898834228516,1098408
2014-07-24,55.060211181640625,1105074
2014-07-25,54.3626594543457,1496918
2014-07-28,53.157798767089844,1993699
2014-07-29,52.765785217285156,1826134
2014-07-30,52.442962646484375,1227811
2014-07-31,51.5032844543457,1791953
2014-08-01,50.517494201660156,2109090
2014-08-04,50.96715545654297,1701246
2014-08-05,51.01903533935547,2950053
2014-08-06,50.753841400146484,2153944
2014-08-07,49.69312286376953,2097155
2014-08-08,49.802650451660156,2050884
2014-08-11,51.209285736083984,1631420
2014-08-12,50.26960372924805,1216641
2014-08-13,50.632789611816406,1109169
2014-08-14,50.892208099365234,1109207
2014-08-15,49.71616744995117,1961060
2014-08-18,50.74808120727539,928020
2014-08-19,51.31879425048828,841671
2014-08-20,51.082454681396484,977004
2014-08-21,51.7569465637207,1173293
2014-08-22,51.341861724853516,1091000
2014-08-25,52.53519821166992,1024001
2014-08-26,52.540958404541016,1242922
2014-08-27,52.04518127441406,1045722
2014-08-28,51.46869659423828,1374171
2014-08-29,51.07667541503906,1415090
2014-09-01,50.73655700683594,809751
2014-09-02,50.72502899169922,1025745
2014-09-03,51.889530181884766,1720014
2014-09-04,52.77155303955078,1824426
2014-09-05,53.06557083129883,1376233
2014-09-08,52.98485565185547,875527
2014-09-09,52.598602294921875,1034089
2014-09-10,52.07400894165039,1132539
2014-09-11,51.88376998901367,1175682
2014-09-12,51.5551643371582,829482
2014-09-15,51.58975601196289,915952
2014-09-16,51.462921142578125,805525
2014-09-17,51.768470764160156,1194774
2014-09-18,52.10282897949219,1251638
2014-09-19,51.301517486572266,3012845
2014-09-22,50.02171325683594,2207729
2014-09-23,48.94368362426758,3092514
2014-09-24,50.03324890136719,2121985
2014-09-25,49.14545822143555,1758490
2014-09-26,49.37028121948242,1305575
2014-09-29,49.122398376464844,1260715
2014-09-30,49.01286315917969,1684287
2014-10-01,48.90332794189453,2116762
2014-10-02,48.205787658691406,2453539
2014-10-06,47.260353088378906,2928672
2014-10-07,47.462120056152344,2319786
2014-10-08,46.833744049072266,1922162
2014-10-09,47.56011962890625,2699442
2014-10-10,45.84794998168945,2989386
2014-10-13,45.79607391357422,1928803
2014-10-14,45.81336212158203,2633930
2014-10-15,44.62580108642578,2906796
2014-10-16,44.87944793701172,3706338
2014-10-17,46.44750213623047,3401061
2014-10-20,45.89406967163086,1671279
2014-10-21,46.897151947021484,3029731
2014-10-22,47.612003326416016,2303419
2014-10-23,47.934837341308594,1993179
2014-10-24,47.43905258178711,1457338
2014-10-27,46.86256790161133,1435998
2014-10-28,47.51399612426758,1249074
2014-10-29,47.658119201660156,1095569
2014-10-30,47.865657806396484,1898649
2014-10-31,49.185813903808594,2141755
2014-11-03,49.156986236572266,1863460
2014-11-04,47.78494644165039,2954729
2014-11-05,48.33837127685547,1752348
2014-11-06,48.64391326904297,1864472
2014-11-07,48.03860092163086,1546059
2014-11-10,48.37297058105469,1139438
2014-11-11,48.60356140136719,1275866
2014-11-12,47.681182861328125,1640682
2014-11-13,47.686946868896484,1411305
2014-11-14,47.882957458496094,1318386
2014-11-17,48.113548278808594,1217653
2014-11-18,48.672733306884766,1232494
2014-11-19,48.85721206665039,1206646
2014-11-20,48.94368362426758,1094314
2014-11-21,50.823036193847656,3609291
2014-11-24,51.537872314453125,1704896
2014-11-25,52.08553695678711,1658042
2014-11-26,52.16048049926758,1161454
2014-11-27,52.74272537231445,1174101
2014-11-28,53.00791549682617,1057782
2014-12-01,53.169334411621094,1390981
2014-12-02,52.92720413208008,1475945
2014-12-03,52.6043701171875,1618541
2014-12-04,51.80882263183594,2128986
2014-12-05,53.2385139465332,1791046
2014-12-08,52.806148529052734,777888
2014-12-09,51.249629974365234,1861352
2014-12-10,51.76270294189453,1308754
2014-12-11,52.062477111816406,1414872
2014-12-12,50.71925735473633,1313492
2014-12-15,49.007102966308594,1724828
2014-12-16,50.765377044677734,3185401
2014-12-17,50.44255065917969,1489245
2014-12-18,52.07400894165039,1784143
2014-12-19,51.84917449951172,2719427
2014-12-22,51.895294189453125,848060
2014-12-23,52.36225509643555,786728
2014-12-29,52.466026306152344,759811
2014-12-30,51.75116729736328,599968
2015-01-02,50.73655700683594,1532820
2015-01-05,49.047454833984375,2308143
2015-01-06,49.479820251464844,1841589
2015-01-07,49.7450065612793,1239393
2015-01-08,51.53211212158203,1837539
2015-01-09,50.823036193847656,1976705
2015-01-12,51.10551452636719,1932427
2015-01-13,52.2469482421875,1693734
2015-01-14,51.180450439453125,2081147
2015-01-15,52.5006103515625,2373034
2015-01-16,53.95335388183594,2767649
2015-01-19,54.31654357910156,1510553
2015-01-20,54.616302490234375,1851296
2015-01-21,54.72007751464844,2118747
2015-01-22,56.51870346069336,3261028
2015-01-23,59.262786865234375,3804962
2015-01-26,60.6751823425293,2068695
2015-01-27,58.801605224609375,2657376
2015-01-28,59.435733795166016,1465512
2015-01-29,59.34926223754883,1402025
2015-01-30,59.60869216918945,1644077
2015-02-02,60.098697662353516,1109509
2015-02-03,61.280479431152344,1987805
2015-02-04,61.482261657714844,1334047
2015-02-05,61.482261657714844,1389057
2015-02-06,61.597557067871094,943311
2015-02-09,59.08984375,1964708
2015-02-10,60.35810470581055,1595601
2015-02-11,60.21398162841797,859053
2015-02-12,61.51108169555664,1288502
2015-02-13,62.14522933959961,1154337
2015-02-16,61.45344161987305,726571
2015-02-17,61.53990936279297,989415
2015-02-18,62.69289016723633,952729
2015-02-19,63.09642791748047,1029587
2015-02-20,64.0476303100586,2282118
2015-02-23,64.36469268798828,1213324
2015-02-24,63.78821563720703,1396309
2015-02-25,63.211734771728516,1316753
2015-02-26,64.56646728515625,1319509
2015-02-27,65.14295196533203,1761239
2015-03-02,65.8347396850586,1501878
2015-03-03,63.98997497558594,1388578
2015-03-04,65.14295196533203,1947448
2015-03-05,66.00768280029297,1341334
2015-03-06,66.4688720703125,1314922
2015-03-09,65.92120361328125,1375639
2015-03-10,65.5464859008789,1559777
2015-03-11,68.80363464355469,2282116
2015-03-12,68.34245300292969,2214793
2015-03-13,69.14952850341797,1479424
2015-03-16,70.67721557617188,2002769
2015-03-17,69.75485229492188,2158329
2015-03-18,66.81475830078125,4162275
2015-03-19,67.21829986572266,2544757
2015-03-20,67.30477142333984,2984667
2015-03-23,65.5753173828125,1697260
2015-03-24,66.35356903076172,1938037
2015-03-25,65.80590057373047,1580463
2015-03-26,67.1318130493164,2379172
2015-03-27,66.93006134033203,1870303
2015-03-30,68.02538299560547,1198811
2015-03-31,67.1318130493164,1922608
2015-04-01,66.58415985107422,1663499
2015-04-02,66.26709747314453,1107060
2015-04-07,66.23827362060547,1567562
2015-04-08,65.28707885742188,1938165
2015-04-09,66.98770904541016,1616394
2015-04-10,67.65065002441406,1481240
2015-04-13,67.01652526855469,1295423
2015-04-14,66.38239288330078,1640549
2015-04-15,66.52651977539062,1455244
2015-04-16,65.0853042602539,1900217
2015-04-17,63.64409255981445,2402282
2015-04-20,64.39351654052734,1828615
2015-04-21,64.56646728515625,1309402
2015-04-22,63.41349792480469,2336912
2015-04-23,63.5576171875,1884209
2015-04-24,63.67291259765625,1469805
2015-04-27,65.14295196533203,1523575
2015-04-28,63.327022552490234,2062331
2015-04-29,61.30930709838867,2720609
2015-04-30,61.165184020996094,2293553
2015-05-04,61.53990936279297,1417230
2015-05-05,61.395790100097656,2045175
2015-05-06,60.01221466064453,3585784
2015-05-07,60.30044937133789,2172455
2015-05-08,63.12525177001953,2848869
2015-05-11,63.009952545166016,1548211
2015-05-12,61.30930709838867,2661247
2015-05-13,60.473411560058594,2524029
2015-05-14,62.01488494873047,2342047
2015-05-15,60.47340393066406,2600927
2015-05-18,61.2737922668457,1594978
2015-05-19,63.5267219543457,2736997
2015-05-20,63.11170959472656,1307453
2015-05-21,62.45954895019531,1625269
2015-05-22,62.13346481323242,1386501
2015-05-26,61.42201232910156,2308592
2015-05-27,62.19275665283203,1840832
2015-05-28,61.09592819213867,1704937
2015-05-29,59.70266342163086,2023928
2015-06-01,59.73231506347656,1477159
2015-06-02,59.40622329711914,2086954
2015-06-03,60.02874755859375,2239851
2015-06-04,59.46552276611328,2008434
2015-06-05,59.04457473754883,2573932
2015-06-08,57.72840118408203,2213431
2015-06-09,58.1256103515625,2791489
2015-06-10,59.76197052001953,2960651
2015-06-11,60.02874755859375,1854943
2015-06-12,59.2402229309082,1918746
2015-06-15,58.451690673828125,1761320
2015-06-16,58.30940246582031,2182298
2015-06-17,57.51495361328125,1665320
2015-06-18,58.030757904052734,2315391
2015-06-19,57.94775390625,3610880
2015-06-22,60.651283264160156,3414958
2015-06-23,61.866661071777344,2381362
2015-06-24,61.214500427246094,2301626
2015-06-25,61.48129653930664,1679344
2015-06-26,61.36273193359375,1414401
2015-06-29,58.872642517089844,2853136
2015-06-30,58.2086296081543,3594242
2015-07-01,59.5840950012207,2227877
2015-07-02,58.8133544921875,1445447
2015-07-03,58.63549041748047,1424217
2015-07-06,57.66317367553711,2239469
2015-07-07,55.671112060546875,3904588
2015-07-08,54.597999572753906,4832811
2015-07-09,55.72446823120117,3102574
2015-07-10,56.44184875488281,3102690
2015-07-13,56.30549240112305,4173199
2015-07-14,56.12763214111328,2515058
2015-07-15,55.463600158691406,1970743
2015-07-16,56.76200485229492,2577091
2015-07-17,56.66714096069336,1718430
2015-07-20,56.6849250793457,1588553
2015-07-21,56.40627670288086,1460054
2015-07-22,55.80746841430664,1984416
2015-07-23,55.546607971191406,2282123
2015-07-24,54.331207275390625,2273645
2015-07-27,52.81344985961914,3139869
2015-07-28,53.46561050415039,2185360
2015-07-29,53.05059814453125,2247493
2015-07-30,53.2758903503418,1764373
2015-07-31,54.129634857177734,3068012
2015-08-03,54.58021926879883,2202652
2015-08-04,53.8806037902832,2624069
2015-08-05,55.11973190307617,2358677
2015-08-06,54.6513557434082,1398120
2015-08-07,55.06637954711914,1357583
2015-08-10,55.374671936035156,1025490
2015-08-11,53.01502227783203,3447847
2015-08-12,51.04073715209961,3850043
2015-08-13,51.10002899169922,2055861
2015-08-14,51.07632064819336,1802060
2015-08-17,51.36088943481445,2219923
2015-08-18,50.910308837890625,1429892
2015-08-19,49.72455596923828,2044226
2015-08-20,48.615882873535156,3121220
2015-08-21,47.5071907043457,4067615
2015-08-24,45.609989166259766,6898394
2015-08-25,48.50916290283203,5356570
2015-08-26,47.79771041870117,3100818
2015-08-27,49.17911148071289,2744922
2015-08-28,49.17318344116211,1488219
2015-08-31,48.74631118774414,1325230
2015-09-01,47.489410400390625,2062744
2015-09-02,47.163330078125,1424644
2015-09-03,48.71074295043945,2333471
2015-09-04,47.619850158691406,2423828
2015-09-07,47.98743438720703,1106397
2015-09-08,49.825347900390625,2903466
2015-09-09,50.71466827392578,2753020
2015-09-10,51.02295684814453,2384076
2015-09-11,50.7087287902832,1758800
2015-09-14,50.5960807800293,1285628
2015-09-15,51.71662902832031,2067981
2015-09-16,51.82926940917969,1937510
2015-09-17,52.3272819519043,1805229
2015-09-18,50.81544494628906,3953859
2015-09-21,50.038787841796875,3586459
2015-09-22,47.02696990966797,4967252
2015-09-23,47.30561447143555,4126823
2015-09-24,44.868900299072266,10938296
2015-09-25,46.772037506103516,4723003
2015-09-28,45.40842056274414,2588364
2015-09-29,45.27798843383789,2065430
2015-09-30,46.96768569946289,2011132
2015-10-01,46.440025329589844,1875836
2015-10-02,46.368873596191406,2015689
2015-10-05,48.12378692626953,2142922
2015-10-06,48.74631118774414,1958200
2015-10-07,50.83323287963867,2874372
2015-10-08,51.105960845947266,1387348
2015-10-09,52.054561614990234,1712496
2015-10-12,52.91423416137695,2087173
2015-10-13,52.23835372924805,2058862
2015-10-14,51.42611312866211,1812788
2015-10-15,51.58619689941406,1390518
2015-10-16,51.42611312866211,1406404
2015-10-19,51.98934555053711,997830
2015-10-20,51.74626541137695,1072542
2015-10-21,52.17313766479492,1080837
2015-10-22,53.56639862060547,2392035
2015-10-23,55.30946350097656,3194668
2015-10-26,55.08415603637695,1213819
2015-10-27,54.76992416381836,1129783
2015-10-28,55.11973190307617,1032763
2015-10-29,55.33910369873047,1161212
2015-10-30,55.350955963134766,1272422
2015-11-02,55.9438362121582,1425532
2015-11-03,55.4754638671875,2516208
2015-11-04,54.81143569946289,2866718
2015-11-05,55.007080078125,1351343
2015-11-06,56.933937072753906,2565914
2015-11-09,56.299560546875,1590171
2015-11-10,56.8746452331543,1260190
2015-11-11,57.02287673950195,1498093
2015-11-12,56.00312805175781,1544659
2015-11-13,56.0505485534668,1435459
2015-11-16,56.151336669921875,1018574
2015-11-17,57.66317367553711,1374915
2015-11-18,57.775821685791016,928612
2015-11-19,58.53470993041992,1389820
2015-11-20,58.795562744140625,1538165
2015-11-23,58.36869430541992,1009608
2015-11-24,57.36674499511719,1388239
2015-11-25,58.9912223815918,1210034
2015-11-26,59.79159164428711,1257150
2015-11-27,60.176971435546875,1085280
2015-11-30,61.2441520690918,1758637
2015-12-01,61.2441520690918,1498201
2015-12-02,60.85877990722656,1258909
2015-12-03,58.30348587036133,2783841
2015-12-04,58.20270538330078,1888066
2015-12-07,59.281734466552734,1028514
2015-12-08,57.62759017944336,1404543
2015-12-09,57.5920295715332,1243850
2015-12-10,57.66910171508789,1018605
2015-12-11,55.79561996459961,2035528
2015-12-14,54.4853515625,1680614
2015-12-15,56.13947677612305,1490529
2015-12-16,56.6137809753418,1530588
2015-12-17,58.528770446777344,2218039
2015-12-18,57.337100982666016,2791328
2015-12-21,56.619720458984375,1325708
2015-12-22,57.1236572265625,1142643
2015-12-23,58.427982330322266,886473
2015-12-25,58.427982330322266,0
2015-12-28,57.71653747558594,372209
2015-12-29,58.43391036987305,565467
2015-12-30,57.88254165649414,431934
2016-01-04,54.69286346435547,2376296
2016-01-05,54.43792724609375,1533191
2016-01-06,52.63558578491211,2301978
2016-01-07,50.65537643432617,2812427
2016-01-08,49.46961975097656,1969156
2016-01-11,49.29175567626953,1832479
2016-01-12,50.30557632446289,1766974
2016-01-13,49.14353561401367,2155809
2016-01-14,47.495338439941406,3759382
2016-01-15,46.2562255859375,3031976
2016-01-18,46.30366134643555,1434581
2016-01-19,46.754241943359375,1797236
2016-01-20,45.515132904052734,2233135
2016-01-21,46.659385681152344,2139284
2016-01-22,47.2581901550293,1988186
2016-01-25,46.78981399536133,1448731
2016-01-26,47.074405670166016,1560186
2016-01-27,47.40640640258789,1239918
2016-01-28,46.01907730102539,1860762
2016-01-29,45.44991683959961,2448748
2016-02-01,44.7443962097168,2236348
2016-02-02,43.89065170288086,1593641
2016-02-03,43.10212326049805,2686190
2016-02-04,42.384742736816406,3232030
2016-02-05,42.93019485473633,1967856
2016-02-08,41.08634948730469,2041244
2016-02-09,40.21481704711914,2402454
2016-02-10,40.95591735839844,2283727
2016-02-11,39.82944869995117,2124925
2016-02-12,41.65550994873047,2671779
2016-02-15,43.327415466308594,2120795
2016-02-16,43.17327117919922,1885957
2016-02-17,44.69696044921875,1660922
2016-02-18,44.67325210571289,1585166
2016-02-19,43.77207946777344,1632695
2016-02-22,44.584320068359375,1274010
2016-02-23,43.36299133300781,1294713
2016-02-24,41.61993408203125,2313335
2016-02-25,42.2721061706543,1353706
2016-02-26,43.807640075683594,1568411
2016-02-29,44.5546760559082,1726466
2016-03-01,46.42816925048828,2189791
2016-03-02,47.685062408447266,1998270
2016-03-03,48.111934661865234,1571274
2016-03-04,48.98938751220703,1715750
2016-03-07,48.53881072998047,1192838
2016-03-08,47.44198226928711,1861677
2016-03-09,46.56452560424805,4328693
2016-03-10,44.714752197265625,3855851
2016-03-11,46.67125701904297,2289482
2016-03-14,47.566490173339844,2004485
2016-03-15,47.16926956176758,1565677
2016-03-16,48.98938751220703,3191563
2016-03-17,48.03485107421875,2512867
2016-03-18,48.36686706542969,2973056
2016-03-21,48.14158248901367,1357408
2016-03-22,48.248291015625,1478225
2016-03-23,48.05857467651367,1279003
2016-03-24,47.181121826171875,1506755
2016-03-29,47.69691848754883,1243995
2016-03-30,48.681095123291016,1457943
2016-03-31,47.84513854980469,1537700
2016-04-01,46.244380950927734,2215091
2016-04-04,45.97165298461914,1766999
2016-04-05,44.24637222290039,2052746
2016-04-06,44.46574020385742,1659586
2016-04-07,43.783931732177734,1708302
2016-04-08,44.05073165893555,1284426
2016-04-11,44.34123992919922,1165326
2016-04-12,44.67325210571289,1320701
2016-04-13,46.244380950927734,2267654
2016-04-14,46.9558219909668,1718337
2016-04-15,46.463741302490234,1495738
2016-04-18,47.6732063293457,1869912
2016-04-19,49.25025177001953,2054926
2016-04-20,49.8134880065918,1922678
2016-04-21,49.890560150146484,1823710
2016-04-22,49.07831954956055,2129746
2016-04-25,48.58030319213867,2338947
2016-04-26,48.97160720825195,1400989
2016-04-27,49.42219161987305,1214112
2016-04-28,49.76605987548828,1766563
2016-04-29,47.726558685302734,2252489
2016-05-02,48.09415054321289,1531004
2016-05-03,46.26215362548828,3093464
2016-05-04,45.32542037963867,2096952
2016-05-05,44.77996826171875,1480636
2016-05-06,44.87482452392578,2446801
2016-05-09,45.36690902709961,1624828
2016-05-10,46.250308990478516,1783410
2016-05-11,45.59220504760742,1307035
2016-05-12,44.892608642578125,2708165
2016-05-13,45.66640853881836,2570526
2016-05-17,44.298336029052734,2952708
2016-05-18,43.94548797607422,2053563
2016-05-19,43.741207122802734,2372266
2016-05-20,44.3849983215332,1889879
2016-05-23,43.84024429321289,1654356
2016-05-24,44.657379150390625,2170646
2016-05-25,45.72212600708008,2025847
2016-05-26,46.706382751464844,2067667
2016-05-27,46.526878356933594,1348277
2016-05-30,46.898292541503906,686324
2016-05-31,46.9787712097168,2144111
2016-06-01,45.76545715332031,1920236
2016-06-02,45.839744567871094,1311682
2016-06-03,44.737850189208984,1905975
2016-06-06,44.719276428222656,864789
2016-06-07,45.703556060791016,1386706
2016-06-08,45.189754486083984,1138227
2016-06-09,44.47166061401367,1395811
2016-06-10,43.765960693359375,1957367
2016-06-13,42.924076080322266,2088180
2016-06-14,41.84694290161133,2282134
2016-06-15,42.44122314453125,2198059
2016-06-16,42.2802734375,1985538
2016-06-17,42.695030212402344,2500473
2016-06-20,44.719276428222656,2039189
2016-06-21,44.966896057128906,1694363
2016-06-22,44.86166763305664,1460882
2016-06-23,45.96354293823242,2227283
2016-06-24,42.50313186645508,8608707
2016-06-27,40.65220260620117,3713125
2016-06-28,40.75125503540039,2686898
2016-06-29,40.782196044921875,2732408
2016-06-30,40.72649002075195,2450555
2016-07-01,41.964569091796875,2544873
2016-07-04,41.34552764892578,1716922
2016-07-05,40.3674430847168,2097336
2016-07-06,40.29935073852539,2701771
2016-07-07,40.60886764526367,1804498
2016-07-08,42.366943359375,2670354
2016-07-11,43.35740280151367,1858795
2016-07-12,45.381656646728516,2946321
2016-07-13,45.17737579345703,2527306
2016-07-14,46.266876220703125,2234020
2016-07-15,46.217350006103516,1606795
2016-07-18,46.37211608886719,1405594
2016-07-19,45.548789978027344,1960174
2016-07-20,46.669246673583984,1710237
2016-07-21,47.034481048583984,1434406
2016-07-22,46.737342834472656,948378
2016-07-25,47.13352966308594,1393923
2016-07-26,47.52970886230469,1222808
2016-07-27,48.507789611816406,1971401
2016-07-28,47.028297424316406,2356433
2016-07-29,47.69685363769531,1458689
2016-08-01,47.746376037597656,1492129
2016-08-02,46.68163299560547,2513576
2016-08-03,46.92924118041992,1883969
2016-08-04,46.947811126708984,1576490
2016-08-05,48.23542022705078,1438771
2016-08-08,48.05589294433594,1226634
2016-08-09,49.702537536621094,2012005
2016-08-10,49.64063262939453,1417259
2016-08-11,49.7520637512207,1470743
2016-08-12,49.29397201538086,1002134
2016-08-15,49.83252716064453,855474
2016-08-16,49.20730209350586,1233620
2016-08-17,48.62541580200195,1036483
2016-08-18,48.804927825927734,892046
2016-08-19,47.86398696899414,1852903
2016-08-22,47.634944915771484,1165052
2016-08-23,47.96303939819336,1038967
2016-08-24,47.98161315917969,971047
2016-08-25,47.183048248291016,1490961
2016-08-26,47.80828094482422,1476195
2016-08-29,47.591609954833984,708241
2016-08-30,48.569698333740234,1213735
2016-08-31,48.2911376953125,1314066
2016-09-01,48.24161148071289,1480375
2016-09-02,48.63779830932617,1593828
2016-09-05,48.433502197265625,843916
2016-09-06,48.006370544433594,1218090
2016-09-07,48.433502197265625,1206012
2016-09-08,47.93827819824219,2131834
2016-09-09,47.622562408447266,1184648
2016-09-12,46.786865234375,2043200
2016-09-13,46.68163299560547,1305666
2016-09-14,46.48972702026367,1371437
2016-09-15,46.61354064941406,1294409
2016-09-16,45.449745178222656,2855151
2016-09-19,45.79022216796875,1231305
2016-09-20,45.864501953125,1062279
2016-09-21,46.031639099121094,1202665
2016-09-22,47.22019958496094,1961060
2016-09-23,46.793052673339844,1056154
2016-09-26,45.64164733886719,1924227
2016-09-27,45.301177978515625,1668855
2016-09-28,45.610694885253906,1184285
2016-09-29,45.623077392578125,1296793
2016-09-30,46.310211181640625,2422227
2016-10-04,47.84542465209961,2802839
2016-10-05,48.396366119384766,1831075
2016-10-06,48.47065353393555,1405848
2016-10-07,47.91970443725586,1794688
2016-10-10,48.34064865112305,1360853
2016-10-11,48.07447052001953,1419536
2016-10-12,47.665897369384766,1195629
2016-10-13,47.009727478027344,1688240
2016-10-14,47.566856384277344,1787777
2016-10-17,47.2573356628418,1073588
2016-10-18,47.67209243774414,1395534
2016-10-19,48.29731369018555,1566405
2016-10-20,49.00920867919922,1777144
2016-10-21,48.67493438720703,1600932
2016-10-24,49.269203186035156,1364786
2016-10-25,49.29397201538086,962293
2016-10-26,49.56634521484375,1235956
2016-10-27,49.47349166870117,1311206
2016-10-28,49.62825012207031,1150215
2016-10-31,49.13302230834961,1253884
2016-11-01,48.48303985595703,1165792
2016-11-02,46.67544174194336,2420080
2016-11-03,46.5702018737793,1437285
2016-11-04,46.712581634521484,2173379
2016-11-07,47.78970718383789,1578469
2016-11-08,47.85779571533203,1631926
2016-11-09,47.566856384277344,3870661
2016-11-10,47.52970886230469,2030338
2016-11-11,49.59110641479492,3100893
2016-11-14,50.067771911621094,2549250
2016-11-15,50.47014236450195,1290580
2016-11-16,49.981101989746094,1387781
2016-11-17,49.78300857543945,1433849
2016-11-18,50.142051696777344,1728801
2016-11-21,50.99013900756836,2004221
2016-11-22,51.565834045410156,1962034
2016-11-23,50.909664154052734,1825460
2016-11-24,51.07679748535156,663757
2016-11-25,51.25012969970703,798224
2016-11-28,50.79822540283203,1171748
2016-11-29,50.26586151123047,1555821
2016-11-30,49.776817321777344,1712074
2016-12-01,49.56634521484375,1411483
2016-12-02,49.41158676147461,1476924
2016-12-05,51.008705139160156,2083892
2016-12-06,51.60917663574219,1560553
2016-12-07,53.43533706665039,2508926
2016-12-08,55.088165283203125,3308826
2016-12-09,54.95196533203125,1870981
2016-12-12,54.53102111816406,1398367
2016-12-13,55.03245162963867,1401304
2016-12-14,55.12531280517578,1973261
2016-12-15,55.55863571166992,2336676
2016-12-16,55.71338653564453,2550729
2016-12-19,55.781490325927734,1132010
2016-12-20,55.86814498901367,1760752
2016-12-21,55.7567253112793,1009885
2016-12-22,55.50910949707031,928293
2016-12-23,55.688629150390625,665904
2016-12-27,55.52768325805664,483756
2016-12-28,55.62053680419922,554383
2016-12-29,54.797218322753906,1068188
2016-12-30,54.93959045410156,760809
2017-01-02,55.701011657714844,774391
2017-01-03,56.227195739746094,1514253
2017-01-04,55.82482147216797,1224694
2017-01-05,55.92385482788086,967699
2017-01-06,56.02909469604492,969606
2017-01-09,55.60816192626953,1413820
2017-01-10,55.65767288208008,1252387
2017-01-11,55.79386520385742,1438353
2017-01-12,54.14103698730469,2233218
2017-01-13,54.35770034790039,1908167
2017-01-16,53.56532287597656,1384090
2017-01-17,53.5281982421875,1480197
2017-01-18,53.856285095214844,1077436
2017-01-19,53.60246658325195,1368684
2017-01-20,53.949127197265625,1646303
2017-01-23,53.398189544677734,1184095
2017-01-24,54.06056594848633,1069901
2017-01-25,54.970550537109375,1745950
2017-01-26,54.5557861328125,1295080
2017-01-27,54.110084533691406,1340989
2017-01-30,53.41676330566406,1538027
2017-01-31,52.10440444946289,2052243
2017-02-01,52.382965087890625,1352724
2017-02-02,52.12297058105469,1294157
2017-02-03,52.01774215698242,1084952
2017-02-06,51.342987060546875,1739679
2017-02-07,51.24393844604492,1084469
2017-02-08,51.6834602355957,1552697
2017-02-09,52.48820495605469,1786771
2017-02-10,52.66154098510742,1225759
2017-02-13,53.66437911987305,1707298
2017-02-14,53.42295455932617,1196841
2017-02-15,53.34866714477539,1047116
2017-02-16,52.89676284790039,1230592
2017-02-17,52.63677215576172,1300475
2017-02-20,52.66154098510742,852443
2017-02-21,53.56532287597656,1408494
2017-02-22,53.73865509033203,1203491
2017-02-23,53.08867645263672,1199782
2017-02-24,52.153926849365234,1920210
2017-02-27,52.32106018066406,950395
2017-02-28,52.228206634521484,1107265
2017-03-01,53.65199661254883,2033028
2017-03-02,53.96770477294922,1122990
2017-03-03,53.856285095214844,1017310
2017-03-06,53.45389938354492,1025674
2017-03-07,53.43533706665039,1025264
2017-03-08,53.63961410522461,1105107
2017-03-09,52.26534652709961,4196289
2017-03-10,51.71440124511719,2433446
2017-03-13,51.93107986450195,1681567
2017-03-14,51.62773895263672,2201982
2017-03-15,51.49774932861328,2002514
2017-03-16,51.80107116699219,1804195
2017-03-17,51.31202697753906,3108440
2017-03-20,51.07061004638672,2016318
2017-03-21,51.33680725097656,2667179
2017-03-22,51.219173431396484,1645875
2017-03-23,51.42965316772461,1391640
2017-03-24,51.80107116699219,1565883
2017-03-27,51.67727279663086,1424345
2017-03-28,52.296302795410156,1719210
2017-03-29,52.500587463378906,1708850
2017-03-30,52.97724914550781,1577509
2017-03-31,52.93390655517578,1474396
2017-04-03,52.53772735595703,1636969
2017-04-04,51.96820831298828,2170607
2017-04-05,51.5286979675293,1656950
2017-04-06,51.349178314208984,1710527
2017-04-07,51.25012969970703,1218307
2017-04-10,51.20061492919922,1143207
2017-04-11,51.15107727050781,1506405
2017-04-12,51.621551513671875,1829069
2017-04-13,51.2748908996582,1383419
2017-04-18,51.033470153808594,1617270
2017-04-19,51.986785888671875,2118830
2017-04-20,52.048683166503906,2432624
2017-04-21,52.574867248535156,2363017
2017-04-24,54.122459411621094,3070174
2017-04-25,54.332923889160156,1681180
2017-04-26,54.883880615234375,2013349
2017-04-27,54.28960418701172,1678073
2017-04-28,54.25864791870117,1714974
2017-05-02,54.29579544067383,1864875
2017-05-03,53.79437255859375,1663461
2017-05-04,54.041996002197266,2232748
2017-05-05,55.156253814697266,2668487
2017-05-08,55.64529800415039,2263707
2017-05-09,55.42243957519531,1914241
2017-05-10,56.03528594970703,1926305
2017-05-11,55.80006408691406,2727611
2017-05-12,56.18648147583008,2348529
2017-05-15,56.25733184814453,1555557
2017-05-16,55.83226013183594,1615215
2017-05-17,55.66481018066406,1887198
2017-05-18,54.86619567871094,2760266
2017-05-19,55.5037956237793,2530349
2017-05-22,55.32347106933594,1357947
2017-05-23,55.561763763427734,1891517
2017-05-24,55.23973846435547,1362796
2017-05-25,54.89839553833008,1067356
2017-05-26,54.29943084716797,1817563
2017-05-29,54.460445404052734,738074
2017-05-30,54.25434875488281,1366393
2017-05-31,53.64249801635742,1699913
2017-06-01,54.692298889160156,1952537
2017-06-02,55.34278869628906,1931083
2017-06-05,55.34278869628906,0
2017-06-06,54.634334564208984,1925519
2017-06-07,54.4862060546875,1160342
2017-06-08,54.170623779296875,1554382
2017-06-09,54.37671661376953,984708
2017-06-12,54.67941665649414,1742216
2017-06-13,54.782466888427734,929682
2017-06-14,54.170623779296875,2438550
2017-06-15,53.72623062133789,1980581
2017-06-16,53.68758773803711,3149044
2017-06-19,54.09977722167969,1181583
2017-06-20,53.87435531616211,1047704
2017-06-21,53.8421630859375,1128180
2017-06-22,54.209266662597656,1436608
2017-06-23,53.8421630859375,1497917
2017-06-26,53.77131652832031,1101405
2017-06-27,53.36556625366211,1796666
2017-06-28,53.89368438720703,1835895
2017-06-29,53.275394439697266,2140773
2017-06-30,52.34798049926758,2137136
2017-07-03,53.442848205566406,1938295
2017-07-04,52.99202346801758,1223306
2017-07-05,52.50898742675781,1671095
2017-07-06,52.451019287109375,2095259
2017-07-07,52.41237258911133,1114144
2017-07-10,52.56695556640625,1053915
2017-07-11,53.46217727661133,2043589
2017-07-12,54.22859191894531,2235579
2017-07-13,54.331634521484375,1958941
2017-07-14,53.93232727050781,1428874
2017-07-17,53.87435531616211,805646
2017-07-18,53.63606643676758,1330665
2017-07-19,53.63606643676758,797684
2017-07-20,53.694034576416016,1506716
2017-07-21,52.29001998901367,3878764
2017-07-24,50.84091567993164,4103436
2017-07-25,51.156497955322266,2436359
2017-07-26,50.95039749145508,1781466
2017-07-27,50.557525634765625,1709825
2017-07-28,50.13889694213867,2099315
2017-07-31,50.048728942871094,1772723
2017-08-01,50.80870819091797,2305561
2017-08-02,50.78937911987305,2276768
2017-08-03,51.12429428100586,1902469
2017-08-04,52.3930549621582,3203533
2017-08-07,52.167640686035156,1306582
2017-08-08,52.03239822387695,1209891
2017-08-09,51.56867980957031,1487577
2017-08-10,51.55580139160156,1156328
2017-08-11,51.491397857666016,1319596
2017-08-14,51.65240478515625,882807
2017-08-15,51.523597717285156,839394
2017-08-16,51.61376190185547,776205
2017-08-17,51.40122985839844,1156370
2017-08-18,51.22734069824219,1549213
2017-08-21,50.8602294921875,1061270
2017-08-22,51.12429428100586,1017084
2017-08-23,50.95039749145508,1018070
2017-08-24,51.388343811035156,1690811
2017-08-25,51.06632614135742,1068142
2017-08-28,51.014801025390625,797455
2017-08-29,50.44160842895508,1535284
2017-08-30,50.47380828857422,786615
2017-08-31,50.235511779785156,1621049
2017-09-01,50.879547119140625,2088905
2017-09-04,50.963279724121094,1110378
2017-09-05,51.84561538696289,2153782
2017-09-06,52.65712356567383,2298700
2017-09-07,53.230323791503906,2312434
2017-09-08,53.14658737182617,1165651
2017-09-11,53.3591194152832,1293521
2017-09-12,53.8421630859375,1398344
2017-09-13,54.144866943359375,1421090
2017-09-14,54.33807373046875,1377921
2017-09-15,54.634334564208984,3517610
2017-09-18,54.499080657958984,1324330
2017-09-19,54.55704879760742,1132274
2017-09-20,54.39604568481445,959690
2017-09-21,54.833988189697266,1063793
2017-09-22,54.80179214477539,894307
2017-09-25,54.602134704589844,966648
2017-09-26,54.672977447509766,1047217
2017-09-27,54.72450637817383,1071296
2017-09-28,54.370277404785156,1632349
2017-09-29,55.27838134765625,1990981
2017-10-02,55.49092483520508,1084280
2017-10-03,55.49092483520508,0
2017-10-04,56.9850959777832,2907246
2017-10-05,57.13322830200195,1587369
2017-10-06,57.35220718383789,1151989
2017-10-09,57.23628234863281,921016
2017-10-10,56.94645690917969,1187029
2017-10-11,56.92713165283203,1027531
2017-10-12,56.56001663208008,1104562
2017-10-13,56.2057991027832,1438255
2017-10-16,56.083438873291016,812165
2017-10-17,56.31529998779297,1018233
2017-10-18,56.80475997924805,1169060
2017-10-19,56.29597473144531,2201954
2017-10-20,55.581077575683594,2105118
2017-10-23,55.39431381225586,1275308
2017-10-24,55.65836715698242,1532471
2017-10-25,55.04008483886719,1492674
2017-10-26,55.56819152832031,1343724
2017-10-27,56.173614501953125,1955585
2017-10-30,56.353939056396484,1066998
2017-10-31,56.353939056396484,0
2017-11-01,57.53897476196289,2442706
2017-11-02,57.88032913208008,1694754
2017-11-03,57.68711471557617,1261667
2017-11-06,57.944725036621094,1518663
2017-11-07,56.30241012573242,3155505
2017-11-08,56.18648147583008,1701211
2017-11-09,55.9868278503418,1791437
2017-11-10,55.60684585571289,1450662
2017-11-13,55.51667785644531,1156350
2017-11-14,55.46515655517578,927821
2017-11-15,54.937042236328125,1596394
2017-11-16,54.956356048583984,1106880
2017-11-17,54.69873809814453,1184540
2017-11-20,54.85974884033203,1376355
2017-11-21,55.890228271484375,2235339
2017-11-22,55.76141357421875,1378224
2017-11-23,55.60684585571289,1005293
2017-11-24,55.632606506347656,838832
2017-11-27,55.18821334838867,1165467
2017-11-28,54.71161651611328,1759448
2017-11-29,54.56992721557617,1724493
2017-11-30,54.53772735595703,1574719
2017-12-01,53.822837829589844,2262673
2017-12-04,54.956356048583984,1766084
2017-12-05,55.04008483886719,1462861
2017-12-06,54.782466888427734,1934668
2017-12-07,54.647212982177734,1234105
2017-12-08,55.0529670715332,1793352
2017-12-11,55.05940628051758,887022
2017-12-12,55.38786315917969,1317568
2017-12-13,55.20109176635742,1235097
2017-12-14,55.5037956237793,1502163
2017-12-15,55.35566329956055,2584282
2017-12-18,56.00615310668945,1675383
2017-12-19,56.0963134765625,1083201
2017-12-20,55.9868278503418,1292879
2017-12-21,56.572914123535156,1500394
2017-12-22,56.36681365966797,954800
2017-12-27,56.19935989379883,593335
2017-12-28,56.12208557128906,750441
2017-12-29,55.922428131103516,726308
2018-01-02,55.645484924316406,2673332
2018-01-03,55.941749572753906,1396762
2018-01-04,56.34105682373047,1872794
2018-01-05,56.99798583984375,1911027
2018-01-08,57.75151443481445,2298840
2018-01-09,58.09284973144531,1582875
2018-01-10,57.5776252746582,1775183
2018-01-11,57.120357513427734,1874650
2018-01-12,57.8416748046875,1688266
2018-01-15,57.828800201416016,1147113
2018-01-16,59.664329528808594,3615171
2018-01-17,59.47755432128906,2000833
2018-01-18,59.9412727355957,1825822
2018-01-19,60.97818374633789,2699990
2018-01-22,61.99577331542969,2371524
2018-01-23,61.364601135253906,2066384
2018-01-24,60.765647888183594,1749576
2018-01-25,60.057186126708984,2704983
2018-01-26,60.43074417114258,1476005
2018-01-29,60.243961334228516,1165711
2018-01-30,59.664329528808594,2046851
2018-01-31,59.232818603515625,1810660
2018-02-01,58.930110931396484,2097496
2018-02-02,58.07997512817383,2584355
2018-02-05,57.53897476196289,1778846
2018-02-06,56.75967788696289,3284077
2018-02-07,57.384403228759766,2193123
2018-02-08,56.373252868652344,2281946
2018-02-09,55.80005645751953,2301451
2018-02-12,56.231563568115234,1938620
2018-02-13,55.85158157348633,1202146
2018-02-14,56.67595291137695,2251322
2018-02-15,56.3088493347168,2052578
2018-02-16,56.75324630737305,2078106
2018-02-19,56.21224594116211,1057637
2018-02-20,55.903099060058594,1735358
2018-02-21,55.883785247802734,1227161
2018-02-22,56.173614501953125,1445097
2018-02-23,56.064117431640625,3170037
2018-02-26,56.51494598388672,1760487
2018-02-27,56.48274612426758,1763051
2018-02-28,55.91598892211914,2164993
2018-03-01,54.937042236328125,2413557
2018-03-02,54.08045196533203,2576804
2018-03-05,53.77131652832031,3411179
2018-03-06,54.20282745361328,1786313
2018-03-07,54.65365982055664,1932840
2018-03-08,54.72450637817383,3022154
2018-03-09,54.82755661010742,1563445
2018-03-12,55.20109176635742,1086510
2018-03-13,54.505523681640625,2099901
2018-03-14,54.209266662597656,1410863
2018-03-15,54.82110595703125,2007692
2018-03-16,55.29770278930664,3314005
2018-03-19,54.853309631347656,1543511
2018-03-20,55.38143539428711,2014625
2018-03-21,55.45227813720703,1701219
2018-03-22,54.956356048583984,2086260
2018-03-23,54.21570587158203,2379728
2018-03-26,54.87907028198242,2072813
2018-03-27,55.2655029296875,2598782
2018-03-28,55.1044807434082,2177629
2018-03-29,56.77256393432617,3863673
2018-04-03,57.1139030456543,1964750
2018-04-04,56.29597473144531,2433409
2018-04-05,57.12678527832031,2300732
2018-04-06,57.30067825317383,1519153
2018-04-09,56.894927978515625,1285442
2018-04-10,57.95760726928711,2546726
2018-04-11,57.88032913208008,1606470
2018-04-12,57.91897201538086,1663299
2018-04-13,58.82061767578125,2563552
2018-04-16,58.389122009277344,1378065
2018-04-17,58.74978256225586,1696324
2018-04-18,58.47929000854492,1762344
2018-04-19,58.530799865722656,1054586
2018-04-20,58.620975494384766,2062292
2018-04-23,58.73689651489258,893740
2018-04-24,58.69181823730469,1198737
2018-04-25,57.493896484375,2601689
2018-04-26,58.21522521972656,1826617
2018-04-27,58.930110931396484,1478294
2018-04-30,59.554840087890625,1469495
2018-05-02,59.95414733886719,1827946
2018-05-03,59.35518264770508,1633660
2018-05-04,58.96875762939453,2154701
2018-05-07,58.96875762939453,1358397
2018-05-08,59.21349334716797,1442881
2018-05-09,59.22637939453125,1464674
2018-05-10,59.48400115966797,1122857
2018-05-11,59.36805725097656,1415910
2018-05-14,59.14264678955078,1302747
2018-05-15,59.36162567138672,1402280
2018-05-16,59.35518264770508,1302623
2018-05-17,60.08939743041992,3055220
2018-05-18,59.59817886352539,3033082
2018-05-21,59.59817886352539,0
2018-05-22,61.118927001953125,2975893
2018-05-23,59.88752746582031,2098718
2018-05-24,58.8781852722168,3685426
2018-05-25,58.844539642333984,1593244
2018-05-28,58.68977737426758,889027
2018-05-29,57.92268753051758,2349165
2018-05-30,58.0034294128418,1281623
2018-05-31,57.451656341552734,2864005
2018-06-01,57.7880973815918,1640058
2018-06-04,58.0034294128418,1029151
2018-06-05,58.26585388183594,1553102
2018-06-06,58.54174041748047,1237137
2018-06-07,58.29277801513672,1315099
2018-06-08,57.62660217285156,1715634
2018-06-11,57.451656341552734,1430816
2018-06-12,57.397823333740234,1393346
2018-06-13,56.98063278198242,1569056
2018-06-14,58.05052947998047,2261081
2018-06-15,57.69389724731445,3446088
2018-06-18,57.02773666381836,1388980
2018-06-19,56.56343460083008,1808000
2018-06-20,56.307743072509766,1629537
2018-06-21,54.65241241455078,4431697
2018-06-22,54.040077209472656,2758764
2018-06-25,53.05765914916992,2286834
2018-06-26,52.78849411010742,2250569
2018-06-27,52.89616775512695,2643327
2018-06-28,52.18962478637695,2180236
2018-06-29,52.23672103881836,1684309
2018-07-02,52.304019927978516,1723023
2018-07-03,52.28383255004883,1626197
2018-07-04,52.3309326171875,1055663
2018-07-05,54.27560043334961,4320581
2018-07-06,53.966060638427734,2203861
2018-07-09,53.9727897644043,972165
2018-07-10,53.83821105957031,1154715
2018-07-11,53.07111740112305,1715985
2018-07-12,53.407554626464844,1557826
2018-07-13,53.57578659057617,1053721
2018-07-16,53.353721618652344,963914
2018-07-17,53.83821105957031,1171800
2018-07-18,54.36980438232422,1596098
2018-07-19,54.33615493774414,1134812
2018-07-20,53.34700012207031,2831606
2018-07-23,53.78438186645508,1362825
2018-07-24,54.86101150512695,2108128
2018-07-25,53.73728561401367,2520774
2018-07-26,56.11259078979492,3902616
2018-07-27,55.78961181640625,1942834
2018-07-30,55.82997512817383,1008836
2018-07-31,55.641571044921875,2149877
2018-08-01,54.84082794189453,2560371
2018-08-02,54.62550735473633,2774645
2018-08-03,55.40605163574219,1932126
2018-08-06,56.1933479309082,1685798
2018-08-07,56.55670166015625,1439706
2018-08-08,56.846046447753906,1431088
2018-08-09,57.068092346191406,1393277
2018-08-10,56.24045181274414,2074116
2018-08-13,56.04530715942383,1204817
2018-08-14,55.480072021484375,1377277
2018-08-15,54.712974548339844,1855102
2018-08-16,55.04269790649414,1272228
2018-08-17,54.780269622802734,1415425
2018-08-20,55.00905227661133,1128134
2018-08-21,55.803070068359375,1871873
2018-08-22,55.372406005859375,2081932
2018-08-23,54.55821228027344,1647901
2018-08-24,54.699520111083984,1009129
2018-08-27,55.97801208496094,1772323
2018-08-28,56.78548049926758,1976748
2018-08-29,56.67782974243164,1050776
2018-08-30,56.926788330078125,1848549
2018-08-31,56.12605667114258,1853265
2018-09-03,55.708858489990234,1146980
2018-09-04,55.09652328491211,1574985
2018-09-05,54.672603607177734,1615229
2018-09-06,54.32270431518555,1737455
2018-09-07,54.551483154296875,1155513
2018-09-10,54.57166290283203,1015191
2018-09-11,54.3428840637207,1081649
2018-09-12,54.71970748901367,1346307
2018-09-13,55.493534088134766,1880341
2018-09-14,55.803070068359375,1395628
2018-09-17,55.54063034057617,1555965
2018-09-18,55.628108978271484,1957614
2018-09-19,56.21352767944336,1555040
2018-09-20,57.41127395629883,2570524
2018-09-21,57.71408462524414,4350959
2018-09-24,56.186614990234375,2303604
2018-09-25,53.15858840942383,6446086
2018-09-26,53.17877197265625,3453388
2018-09-27,53.15858840942383,2021708
2018-09-28,52.29056167602539,2785236
2018-10-01,52.579898834228516,1561578
2018-10-02,52.95671844482422,1894977
2018-10-04,52.66065216064453,1908798
2018-10-05,52.27037048339844,1568319
2018-10-08,51.72533416748047,1257138
2018-10-09,51.40233612060547,1639757
2018-10-10,50.70252990722656,2244337
2018-10-11,49.995994567871094,3193410
2018-10-12,50.123836517333984,1759983
2018-10-15,50.60832595825195,1571837
2018-10-16,50.97168731689453,1699003
2018-10-17,50.62850570678711,1385461
2018-10-18,50.55449295043945,1212501
2018-10-19,50.22477340698242,3589651
2018-10-22,50.09019088745117,1566574
2018-10-23,49.45767593383789,2575794
2018-10-24,48.912635803222656,2310612
2018-10-25,50.13056945800781,2813362
2018-10-26,50.48046875,2465917
2018-10-29,51.40907287597656,3653380
2018-10-30,51.368690490722656,1932217
2018-10-31,51.29468536376953,2200260
2018-11-01,51.67149353027344,1659432
2018-11-02,52.31074142456055,2425412
2018-11-05,51.96757507324219,1325843
2018-11-06,51.758968353271484,1357676
2018-11-07,49.96908187866211,3911224
2018-11-08,49.699920654296875,2407914
2018-11-09,49.36347198486328,2200595
2018-11-12,48.804969787597656,1566238
2018-11-13,49.726837158203125,2107935
2018-11-14,50.23823928833008,2677272
2018-11-15,49.9286994934082,2644968
2018-11-16,49.619171142578125,1941853
2018-11-19,49.91524887084961,1711054
2018-11-20,49.58552169799805,1624218
2018-11-21,50.00944900512695,2035275
2018-11-22,49.53842544555664,1040962
2018-11-23,49.45095443725586,952777
2018-11-26,50.379539489746094,1548836
2018-11-27,49.70664596557617,1941777
2018-11-28,49.619171142578125,1380720
2018-11-29,49.02029037475586,1974610
2018-11-30,48.58964538574219,2245761
2018-12-03,50.91112518310547,4691686
2018-12-04,50.08346939086914,2090935
2018-12-05,49.901790618896484,1451914
2018-12-06,48.49543380737305,2981527
2018-12-07,48.25320053100586,1885183
2018-12-10,47.169837951660156,2409172
2018-12-11,48.03114318847656,2764437
2018-12-12,48.966461181640625,2218925
2018-12-13,49.91524887084961,2262635
2018-12-14,49.97579574584961,2051889
2018-12-17,49.794124603271484,1394876
2018-12-18,49.43749237060547,1950796
2018-12-19,49.42403030395508,1582367
2018-12-20,48.340675354003906,2950979
2018-12-21,48.4012336730957,4978117
2018-12-27,47.00834655761719,1828170
2018-12-28,47.57357406616211,1031948
2019-01-02,46.92759323120117,1429230
2019-01-03,46.46330261230469,1426463
2019-01-04,48.25320053100586,1857639
2019-01-07,48.52908706665039,1238553
2019-01-08,48.58964538574219,1865750
2019-01-09,49.087581634521484,1921526
2019-01-10,48.804969787597656,1569810
2019-01-11,48.33394241333008,2009338
2019-01-14,48.172447204589844,1360714
2019-01-15,48.19264221191406,1446376
2019-01-16,48.13207244873047,1296314
2019-01-17,47.950401306152344,1319472
2019-01-18,49.350013732910156,2590438
2019-01-21,49.141414642333984,739929
2019-01-22,48.93954849243164,1068277
2019-01-23,48.60310745239258,1380855
2019-01-24,49.20197677612305,1419799
2019-01-25,50.02963638305664,2173838
2019-01-28,49.78066635131836,1335145
2019-01-29,49.69318771362305,1115739
2019-01-30,49.343284606933594,1187607
2019-01-31,49.430763244628906,1648320
2019-02-01,49.88832473754883,1529328
2019-02-04,49.28272247314453,1527571
2019-02-05,49.53169631958008,1579217
2019-02-06,49.55860900878906,1290915
2019-02-07,47.9234733581543,2602996
2019-02-08,46.786293029785156,2549287
2019-02-11,46.70554733276367,1964372
2019-02-12,47.0419921875,1725806
2019-02-13,47.3649787902832,1785637
2019-02-14,46.6651611328125,1847105
2019-02-15,47.620670318603516,2744797
2019-02-18,47.49955749511719,1095834
2019-02-19,47.80236053466797,1136405
2019-02-20,48.7915153503418,2063029
2019-02-21,49.20197677612305,1637768
2019-02-22,49.20870590209961,1312550
2019-02-25,49.592254638671875,1786026
2019-02-26,49.794124603271484,1437733
2019-02-27,49.95561599731445,1158100
2019-02-28,50.002723693847656,1118481
2019-03-01,50.298789978027344,1458575
2019-03-04,50.24496078491211,990670
2019-03-05,50.507381439208984,1167940
2019-03-06,50.1507568359375,1277239
2019-03-07,49.181793212890625,1980823
2019-03-08,48.55600357055664,1634876
2019-03-11,49.24235153198242,1357029
2019-03-12,49.188514709472656,1243429
2019-03-13,49.5451545715332,1117529
2019-03-14,49.64608383178711,1541976
2019-03-15,49.854679107666016,4131566
2019-03-18,49.90851593017578,954628
2019-03-19,50.95150375366211,1907389
2019-03-20,48.43488311767578,4291080
2019-03-21,47.876373291015625,1763972
2019-03-22,46.83339309692383,3025563
2019-03-25,46.375823974609375,1544865
2019-03-26,45.696205139160156,2153100
2019-03-27,45.91153335571289,1876013
2019-03-28,45.682743072509766,1416893
2019-03-29,46.26142883300781,1887263
2019-04-01,46.90068054199219,2396741
2019-04-02,47.94366455078125,2622991
2019-04-03,48.83861541748047,2166661
2019-04-04,49.350013732910156,2168174
2019-04-05,49.65281295776367,1427259
2019-04-08,49.50477981567383,1325909
2019-04-09,49.255802154541016,1281897
2019-04-10,49.249080657958984,1264318
2019-04-11,49.46440887451172,1287851
2019-04-12,50.66215133666992,2612728
2019-04-15,50.90439987182617,1175155
2019-04-16,51.40907287597656,1587145
2019-04-17,51.98102569580078,2357190
2019-04-18,52.31747055053711,2868292
2019-04-23,52.14925003051758,1139985
2019-04-24,51.45616912841797,1779199
2019-04-25,50.99187469482422,1453960
2019-04-26,51.27449035644531,1289602
2019-04-29,51.065895080566406,899246
2019-04-30,51.07261276245117,1217765
2019-05-02,51.005340576171875,1694344
2019-05-03,50.9178466796875,1047600
2019-05-06,49.794124603271484,2560420
2019-05-07,48.636741638183594,2524460
2019-05-08,48.03114318847656,2863706
2019-05-09,46.63152313232422,3095227
2019-05-10,46.34218215942383,3311601
2019-05-13,45.79713439941406,2857093
2019-05-14,45.67601013183594,2065886
2019-05-15,47.10254669189453,4082038
2019-05-16,46.96796798706055,3459647
2019-05-17,46.868797302246094,3285738
2019-05-20,45.91242980957031,2335299
2019-05-21,45.784912109375,1678585
2019-05-22,45.50155258178711,1972263
2019-05-23,44.9064826965332,2323587
2019-05-24,44.96315002441406,1678062
2019-05-27,45.1685905456543,1328854
2019-05-28,45.22526931762695,1653216
2019-05-29,44.73646545410156,1499372
2019-05-30,44.66561508178711,799538
2019-05-31,43.93594741821289,2000917
2019-06-03,43.66675567626953,1838410
2019-06-04,44.934814453125,2567653
2019-06-05,44.64436340332031,1484186
2019-06-06,44.16264343261719,1947794
2019-06-07,44.148475646972656,1249390
2019-06-11,44.61602783203125,1922832
2019-06-12,44.37517166137695,1230534
2019-06-13,44.474342346191406,1198900
2019-06-14,44.247650146484375,1115793
2019-06-17,43.992618560791016,1211681
2019-06-18,45.06232833862305,2545539
2019-06-19,45.480289459228516,1348744
2019-06-20,45.73532485961914,1722902
2019-06-21,45.65031433105469,3721158
2019-06-24,45.083587646484375,1857142
2019-06-25,44.73646545410156,1400333
2019-06-26,45.74241256713867,2259169
2019-06-27,45.940765380859375,2436122
2019-06-28,46.110782623291016,2059202
2019-07-01,46.11787033081055,2156223
2019-07-02,46.28080368041992,1360771
2019-07-03,47.18758010864258,2094683
2019-07-04,47.541786193847656,1641200
2019-07-05,47.49928665161133,1332435
2019-07-08,47.2513313293457,1091683
2019-07-09,46.875877380371094,1823803
2019-07-10,46.50749969482422,1386605
2019-07-11,46.217044830322266,1354084
2019-07-12,46.67751693725586,2408683
2019-07-15,47.222999572753906,1620709
2019-07-16,47.54887390136719,1356106
2019-07-17,47.003387451171875,1025202
2019-07-18,46.86170959472656,1339503
2019-07-19,47.15924072265625,1642181
2019-07-22,47.30092239379883,844578
2019-07-23,49.121551513671875,3530566
2019-07-24,49.596195220947266,2056967
2019-07-25,48.84526824951172,2011871
2019-07-26,48.64691162109375,1265670
2019-07-29,48.377716064453125,908630
2019-07-30,47.541786193847656,1560448
2019-07-31,47.34342956542969,1494495
2019-08-01,47.810977935791016,1545801
2019-08-02,45.79908752441406,3893077
2019-08-05,44.87105941772461,2151237
2019-08-06,44.1059684753418,1779024
2019-08-07,43.99970245361328,1702435
2019-08-08,44.297237396240234,1346719
2019-08-09,43.23461151123047,2253975
2019-08-12,43.092933654785156,1084603
2019-08-13,43.241703033447266,2178685
2019-08-14,42.221580505371094,1972805
2019-08-15,41.66901397705078,1934815
2019-08-16,42.1932487487793,1625628
2019-08-19,42.759979248046875,1283004
2019-08-20,42.320762634277344,1009171
2019-08-21,42.922916412353516,1230630
2019-08-22,42.93708419799805,1095714
2019-08-23,41.584007263183594,2753250
2019-08-26,42.20033264160156,1613088
2019-08-27,42.14366149902344,1777471
2019-08-28,42.30659103393555,1292671
2019-08-29,42.6253776550293,986990
2019-08-30,43.078765869140625,1305155
2019-09-02,42.880409240722656,653443
2019-09-03,42.78832244873047,1149468
2019-09-04,43.277122497558594,1245575
2019-09-05,44.148475646972656,1575151
2019-09-06,44.148475646972656,1815948
2019-09-09,44.786048889160156,1478796
2019-09-10,45.17567443847656,1713536
2019-09-11,45.204017639160156,1587322
2019-09-12,45.791996002197266,2105544
2019-09-13,46.08953094482422,1900375
2019-09-16,46.11787033081055,1241317
2019-09-17,45.714073181152344,1599792
2019-09-18,45.728240966796875,860078
2019-09-19,46.03994369506836,1288454
2019-09-20,46.15329360961914,2805109
2019-09-23,45.33861541748047,1684528
2019-09-24,45.11191940307617,1141691
2019-09-25,44.89939498901367,1429563
2019-09-26,44.69395446777344,854203
2019-09-27,45.260684967041016,995694
2019-09-30,45.75657272338867,1376059
2019-10-01,45.60780334472656,1490390
2019-10-02,44.74354553222656,1812509
2019-10-04,44.198062896728516,2081126
2019-10-07,44.40350341796875,920763
2019-10-08,43.822601318359375,1279594
2019-10-09,44.16972351074219,963927
2019-10-10,44.79313278198242,1879248
2019-10-11,45.89117431640625,1873353
2019-10-14,45.9832763671875,1130261
2019-10-15,47.20174026489258,2022085
2019-10-16,47.55595016479492,2049837
2019-10-17,48.1085205078125,2431903
2019-10-18,47.754310607910156,1787929
2019-10-21,48.05892562866211,1091764
2019-10-22,48.50523376464844,1444956
2019-10-23,48.63983154296875,1364209
2019-10-24,48.901947021484375,1649269
2019-10-25,49.1853141784668,1431448
2019-10-28,49.51118087768555,1214530
2019-10-29,49.46867752075195,1153752
2019-10-30,49.08613586425781,1372249
2019-10-31,48.67525100708008,1892386
2019-11-01,49.19239807128906,1420786
2019-11-04,50.72257614135742,2670336
2019-11-05,51.57267761230469,2576811
2019-11-06,52.07564926147461,2090113
2019-11-07,52.741554260253906,2362035
2019-11-08,53.15951919555664,2154769
2019-11-11,53.15244674682617,1308208
2019-11-12,53.039093017578125,1123366
2019-11-13,52.181915283203125,1481974
2019-11-14,52.00481033325195,1506830
2019-11-15,52.812400817871094,1851755
2019-11-18,51.84186935424805,1471946
2019-11-19,52.08272933959961,1160623
2019-11-20,51.94104766845703,1060253
2019-11-21,52.139400482177734,1174463
2019-11-22,52.47236251831055,1397188
2019-11-25,52.5502815246582,754308
2019-11-26,52.288177490234375,1221059
2019-11-27,52.946998596191406,1166247
2019-11-28,52.15357208251953,906092
2019-11-29,51.926883697509766,823346
2019-12-02,50.94218826293945,2001882
2019-12-03,50.871341705322266,1405688
2019-12-04,51.54433822631836,1143739
2019-12-05,51.57975769042969,908562
2019-12-06,52.27400207519531,1007452
2019-12-09,51.84186935424805,997359
2019-12-10,51.85603713989258,1237434
2019-12-11,52.571537017822266,1257742
2019-12-12,52.996585845947266,1558232
2019-12-13,53.74751281738281,2872500
2019-12-16,53.76167678833008,1090555
2019-12-17,53.12409210205078,1688854
2019-12-18,53.244537353515625,1281740
2019-12-19,52.49360656738281,1770646
2019-12-20,52.52903366088867,3441130
2019-12-23,52.096900939941406,910739
2019-12-27,52.07564926147461,793381
2019-12-30,51.813533782958984,467282
2020-01-02,52.578617095947266,1232319
2020-01-03,51.94104766845703,1153245
2020-01-06,51.749778747558594,1039192
2020-01-07,52.578617095947266,1302124
2020-01-08,52.71322250366211,941807
2020-01-09,52.67780303955078,1391131
2020-01-10,52.82656478881836,1102138
2020-01-13,52.1606559753418,884147
2020-01-14,51.926883697509766,979352
2020-01-15,51.140541076660156,1607651
2020-01-16,50.417945861816406,1730300
2020-01-17,50.34002685546875,2112839
2020-01-20,50.75091552734375,837922
2020-01-21,50.587974548339844,888947
2020-01-22,50.26210021972656,1755064
2020-01-23,49.36949920654297,1472242
2020-01-24,49.17115020751953,1281775
2020-01-27,47.959747314453125,1828640
2020-01-28,47.336341857910156,2112085
2020-01-29,47.145076751708984,1456090
2020-01-30,46.4437370300293,1995833
2020-01-31,45.579471588134766,2069682
2020-02-03,45.60780334472656,1818370
2020-02-04,46.01160430908203,1938049
2020-02-05,46.91129684448242,2017296
2020-02-06,46.98922348022461,1618304
2020-02-07,45.82741928100586,2438775
2020-02-10,45.204017639160156,1969048
2020-02-11,45.62907028198242,2075594
2020-02-12,47.51344680786133,2590748
2020-02-13,47.173404693603516,1643472
2020-02-14,46.65626907348633,1456966
2020-02-17,47.116737365722656,1298707
2020-02-18,46.1887092590332,1359236
2020-02-19,46.36581039428711,1326708
2020-02-20,46.26663589477539,1793835
2020-02-21,45.69990539550781,2005662
2020-02-24,43.52506637573242,3729450
2020-02-25,43.23461151123047,2409281
2020-02-26,43.76593017578125,3322283
2020-02-27,42.391597747802734,3225348
2020-02-28,41.746944427490234,5834942
2020-03-02,41.08811950683594,3315364
2020-03-03,40.918094635009766,4135929
2020-03-04,41.491912841796875,2320426
2020-03-05,41.13770294189453,2447364
2020-03-06,40.53555679321289,3189387
2020-03-09,36.143375396728516,5395201
2020-03-10,35.65456771850586,4299614
2020-03-11,35.881263732910156,3245931
2020-03-12,31.22696876525879,6712618
2020-03-13,32.176239013671875,6324387
2020-03-16,28.400392532348633,6612181
2020-03-17,28.588119506835938,3975016
2020-03-18,27.723854064941406,4654563
2020-03-19,26.678939819335938,4697097
2020-03-20,29.30716323852539,6491031
2020-03-23,28.194948196411133,4318784
2020-03-24,32.275428771972656,4628692
2020-03-25,33.11844253540039,3669902
2020-03-26,33.50807189941406,2612333
2020-03-27,32.2435417175293,2554659
2020-03-30,32.39585494995117,2283311
2020-03-31,33.377010345458984,2546075
2020-04-01,31.443035125732422,2362849
2020-04-02,31.7830753326416,2633606
2020-04-03,31.70160675048828,4331430
2020-04-06,34.400672912597656,2883526
2020-04-07,35.21889114379883,2625937
2020-04-08,34.825721740722656,2262731
2020-04-09,36.00169372558594,2485969
2020-04-14,36.384239196777344,1909198
2020-04-15,34.42192077636719,2469060
2020-04-16,34.9496955871582,2335152
2020-04-17,36.77386474609375,3906817
2020-04-20,36.39132308959961,2159543
2020-04-21,34.400672912597656,1857083
2020-04-22,34.722999572753906,1533538
2020-04-23,35.612064361572266,1688589
2020-04-24,34.47151565551758,1669671
2020-04-27,36.2708854675293,1828072
2020-04-28,37.26975631713867,2126371
2020-04-29,39.4375114440918,2842964
2020-04-30,38.28987503051758,2625725
2020-05-04,36.53300857543945,2623809
2020-05-05,37.90732955932617,1947394
2020-05-06,35.860008239746094,3079088
2020-05-07,34.970951080322266,2708186
2020-05-08,36.42674255371094,2197345
2020-05-11,36.39132308959961,2401288
2020-05-12,36.030029296875,1539118
2020-05-13,34.5211067199707,2671455
2020-05-14,33.35221862792969,4025076
2020-05-15,34.90087890625,3502835
2020-05-18,37.59418869018555,2765408
2020-05-19,37.44456100463867,2315191
2020-05-20,38.04307174682617,1641527
2020-05-21,37.45952224731445,1347915
2020-05-22,37.467002868652344,1369506
2020-05-25,37.624114990234375,1796645
2020-05-26,38.80617904663086,2720565
2020-05-27,40.691497802734375,4266200
2020-05-28,40.39972686767578,2340231
2020-05-29,39.35232162475586,3477078
2020-06-02,41.40971755981445,2911717
2020-06-03,43.37733459472656,2928586
2020-06-04,43.444664001464844,2655148
2020-06-05,44.5145149230957,4307916
2020-06-08,45.397315979003906,2789528
2020-06-09,44.44717788696289,2856264
2020-06-10,44.05814743041992,2191842
2020-06-11,41.611717224121094,3214148
2020-06-12,42.00823211669922,2348746
2020-06-15,41.858604431152344,1887970
2020-06-16,42.6965217590332,2628679
2020-06-17,42.83867263793945,1759639
2020-06-18,42.7264518737793,2039514
2020-06-19,42.5917854309082,3912795
2020-06-22,42.91348648071289,1442690
2020-06-23,43.699039459228516,2185453
2020-06-24,42.03068161010742,1797898
2020-06-25,42.70400619506836,1722272
2020-06-26,41.72393798828125,1953166
2020-06-29,42.42719268798828,1859116
2020-06-30,42.50948715209961,2049620
2020-07-01,42.0456428527832,1618381
2020-07-02,43.35489273071289,2018441
2020-07-03,42.83867263793945,903202
2020-07-06,43.7364387512207,1512797
2020-07-07,43.87859344482422,1505768
2020-07-08,43.40726089477539,1362427
2020-07-09,42.97333526611328,1231470
2020-07-10,43.90851593017578,1532862
2020-07-13,43.990814208984375,1073725
2020-07-14,43.339927673339844,1371809
2020-07-15,43.84866714477539,1465863
2020-07-16,43.96836471557617,999456
2020-07-17,44.686588287353516,1858811
2020-07-20,44.21525192260742,1314311
2020-07-21,45.50205993652344,2151595
2020-07-22,44.843692779541016,1255270
2020-07-23,45.74894714355469,2012658
2020-07-24,45.05317687988281,1595443
2020-07-27,44.7015495300293,931048
2020-07-28,44.738956451416016,1163934
2020-07-29,43.6092643737793,1780245
2020-07-30,42.015708923339844,2283364
2020-07-31,40.92342758178711,1926062
2020-08-03,42.05311965942383,1812786
2020-08-04,43.49703598022461,1873398
2020-08-05,41.99327087402344,3067112
2020-08-06,41.31993865966797,2453738
2020-08-07,41.073055267333984,1984567
2020-08-10,41.40971755981445,1367342
2020-08-11,43.79629898071289,3142904
2020-08-12,44.043182373046875,1663294
2020-08-13,43.60177993774414,1025918
2020-08-14,43.556888580322266,1131446
2020-08-17,43.30252456665039,829378
2020-08-18,43.063114166259766,1148139
2020-08-19,43.5793342590332,1224278
2020-08-20,42.93593215942383,1021586
2020-08-21,42.502010345458984,1395089
2020-08-24,43.5793342590332,1591298
2020-08-25,43.35489273071289,1268883
2020-08-26,44.454654693603516,1463492
2020-08-27,44.58932113647461,1836847
2020-08-28,44.596805572509766,1090761
2020-08-31,45.00080871582031,2133443
2020-09-01,44.98583984375,1566399
2020-09-02,45.180362701416016,1404861
2020-09-03,45.48710250854492,1727583
2020-09-04,45.9210205078125,1634908
2020-09-07,46.81879425048828,1268510
2020-09-08,47.260196685791016,1534636
2020-09-09,47.686641693115234,1374055
2020-09-10,47.686641693115234,1185784
2020-09-11,48.11307907104492,1435601
2020-09-14,47.9709358215332,1017966
2020-09-15,48.12055969238281,1084823
2020-09-16,48.41233825683594,1175318
2020-09-17,48.487152099609375,1064841
2020-09-18,47.686641693115234,3248812
2020-09-21,45.25517654418945,2508068
2020-09-22,45.322509765625,1335710
2020-09-23,45.6068000793457,1432762
2020-09-24,45.36739730834961,1589221
2020-09-25,44.18532943725586,1428136
2020-09-28,46.18286895751953,1666530
2020-09-29,46.38487243652344,1409149
2020-09-30,46.37739181518555,1485337
2020-10-01,46.87864685058594,1376243
2020-10-02,46.65420150756836,891578
2020-10-05,47.90359878540039,1224129
2020-10-06,48.51707458496094,1654516
2020-10-07,49.18292236328125,1467108
2020-10-08,49.167964935302734,1309221
2020-10-09,48.40485382080078,1254025
2020-10-12,48.69662857055664,1019626
2020-10-13,48.06819152832031,1122504
2020-10-14,47.94100570678711,964688
2020-10-15,46.51205062866211,1977291
2020-10-16,47.22278594970703,1515264
2020-10-19,47.596858978271484,1035903
2020-10-20,47.93352508544922,1491163
2020-10-21,47.739013671875,1553620
2020-10-22,47.88863754272461,1218032
2020-10-23,47.82878494262695,974170
2020-10-26,47.290122985839844,1118941
2020-10-27,45.98835372924805,1839591
2020-10-28,43.43718719482422,3729376
2020-10-29,43.63918685913086,1788596
2020-10-30,43.90103530883789,1564460
2020-11-02,44.64917755126953,1548483
2020-11-03,46.474647521972656,1655547
2020-11-04,46.773902893066406,1934346
2020-11-05,48.47218704223633,2058301
2020-11-06,47.56693649291992,1771124
2020-11-09,50.59691619873047,4097264
2020-11-10,51.995941162109375,3193087
2020-11-11,52.6243782043457,2169822
2020-11-12,52.89371109008789,1975554
2020-11-13,52.92363739013672,1693385
2020-11-16,54.45733642578125,2219047
2020-11-17,54.50221633911133,1234159
2020-11-18,55.26532745361328,1311194
2020-11-19,55.362586975097656,1721623
2020-11-20,55.47480773925781,1692504
2020-11-23,55.28028869628906,1518466
2020-11-24,57.367610931396484,1844609
2020-11-25,56.40998458862305,1489748
2020-11-26,55.459842681884766,1215517
2020-11-27,54.68177795410156,1699488
2020-11-30,54.644371032714844,1921018
2020-12-01,55.946136474609375,1367290
2020-12-02,55.60947799682617,1004048
2020-12-03,55.57954788208008,1219270
2020-12-04,56.07331848144531,1130945
2020-12-07,55.13814163208008,1128524
2020-12-08,54.62192916870117,1217153
2020-12-09,54.71170425415039,1340551
2020-12-10,53.38749313354492,1903460
2020-12-11,52.75157165527344,2093004
2020-12-14,53.798973083496094,1663325
2020-12-15,55.25784683227539,1962219
2020-12-16,55.68429183959961,1974499
2020-12-17,55.197994232177734,1581472
2020-12-18,55.50473403930664,3039475
2020-12-21,53.84385299682617,1896920
2020-12-22,53.94111633300781,739335
2020-12-23,54.89873504638672,981237
2020-12-28,54.98103713989258,799942
2020-12-29,54.734153747558594,786472
2020-12-30,54.03837585449219,644923
2021-01-04,53.76156234741211,1250834
2021-01-05,53.0134162902832,1542690
2021-01-06,53.11067581176758,1679300
2021-01-07,53.133121490478516,2156329
2021-01-08,52.73660659790039,2128156
2021-01-11,51.8463134765625,1613495
2021-01-12,52.25030517578125,1554361
2021-01-13,51.71165466308594,1403891
2021-01-14,52.205421447753906,1322126
2021-01-15,51.92861557006836,1945807
2021-01-18,51.98845672607422,964708
2021-01-19,51.12809753417969,1472535
2021-01-20,52.96105194091797,1533660
2021-01-21,53.327640533447266,1273815
2021-01-22,53.30519104003906,1716661
2021-01-25,52.527122497558594,1582566
2021-01-26,53.92615509033203,2034716
2021-01-27,53.35008239746094,2044649
2021-01-28,53.05082702636719,2072544
2021-01-29,52.377498626708984,1924221
2021-02-01,52.280235290527344,1139613
2021-02-02,53.42490005493164,1510601
2021-02-03,53.664306640625,2092011
2021-02-04,52.94607925415039,2440661
2021-02-05,52.40742111206055,1999900
2021-02-08,52.227867126464844,1380555
2021-02-09,52.43734359741211,1210955
2021-02-10,52.37001037597656,1257565
2021-02-11,52.80393981933594,1074731
2021-02-12,52.55705261230469,815834
2021-02-15,52.938602447509766,916016
2021-02-16,53.05830001831055,821717
2021-02-17,53.0134162902832,1229965
2021-02-18,53.140602111816406,1410679
2021-02-19,53.55207824707031,1210457
2021-02-22,53.320152282714844,1065258
2021-02-23,51.86127471923828,1859119
2021-02-24,52.66178894042969,1389110
2021-02-25,53.49222946166992,1603942
2021-02-26,53.49222946166992,1502192
2021-03-01,53.94111633300781,1129798
2021-03-02,54.28526306152344,1367788
2021-03-03,56.93368911743164,2754934
2021-03-04,57.075828552246094,1536791
2021-03-05,56.611976623535156,1139049
2021-03-08,59.582115173339844,2276793
2021-03-09,59.544700622558594,1996142
2021-03-10,60.85395050048828,2054239
2021-03-11,58.74418640136719,2339736
2021-03-12,57.966129302978516,1557579
2021-03-15,58.205535888671875,1512597
2021-03-16,60.225521087646484,2736407
2021-03-17,63.93629837036133,3793318
2021-03-18,64.43008422851562,3290237
2021-03-19,61.714317321777344,4996797
2021-03-22,63.3602294921875,1824370
2021-03-23,62.417579650878906,1747435
2021-03-24,61.78913497924805,2021024
2021-03-25,62.469947814941406,1331719
2021-03-26,62.68690872192383,1423694
2021-03-29,64.04105377197266,1633417
2021-03-30,66.43510437011719,1876880
2021-03-31,66.18822479248047,1750689
2021-04-01,66.33784484863281,1547922
2021-04-06,67.03362274169922,1390616
2021-04-07,66.63710021972656,843541
2021-04-08,65.96377563476562,1402345
2021-04-09,65.83658599853516,834685
2021-04-12,66.54732513427734,1048397
2021-04-13,66.09095001220703,1033147
2021-04-14,65.24555969238281,1193472
2021-04-15,65.44007873535156,937702
2021-04-16,66.12088775634766,2037121
2021-04-19,65.61214447021484,918670
2021-04-20,64.47496795654297,1712352
2021-04-21,63.749263763427734,1800624
2021-04-22,64.47496795654297,1104441
2021-04-23,64.57222747802734,997022
2021-04-26,64.93133544921875,948496
2021-04-27,64.49740600585938,642305
2021-04-28,64.25800323486328,798454
2021-04-29,62.69438934326172,1494900
2021-04-30,62.39513397216797,1111553
2021-05-03,62.941280364990234,812468
2021-05-04,61.23550796508789,1559872
2021-05-05,62.07343292236328,1631218
2021-05-06,62.38764572143555,1111585
2021-05-07,62.574676513671875,1393615
2021-05-10,63.726829528808594,1018526
2021-05-11,63.008609771728516,1164796
2021-05-12,63.203128814697266,1109062
2021-05-13,62.6444091796875,1417327
2021-05-14,64.04501342773438,1254941
2021-05-17,64.81802368164062,1107537
2021-05-18,65.1088638305664,1173807
2021-05-19,64.0603256225586,1182500
2021-05-20,64.81802368164062,1309342
2021-05-21,65.28489685058594,1436621
2021-05-25,65.64460754394531,1215260
2021-05-26,66.06555938720703,840228
2021-05-27,67.10643768310547,1633744
2021-05-28,66.7467269897461,970900
2021-05-31,66.35639190673828,607470
2021-06-01,68.1243667602539,1163996
2021-06-02,69.11167907714844,1217637
2021-06-03,71.843994140625,1908125
2021-06-04,72.2496337890625,1551957
2021-06-07,73.3900146484375,1111346
2021-06-08,73.10682678222656,1282271
2021-06-09,72.4027099609375,1109590
2021-06-10,71.0633316040039,1300015
2021-06-11,72.50984954833984,941041
2021-06-14,72.54812622070312,1093509
2021-06-15,72.25729370117188,1248131
2021-06-16,71.16282653808594,1348477
2021-06-17,71.37713623046875,1023587
2021-06-18,69.6091537475586,2235417
2021-06-21,71.27762603759766,1124341
2021-06-22,71.15518188476562,862184
2021-06-23,69.93061065673828,873245
2021-06-24,70.81842041015625,983289
2021-06-25,70.71891784667969,635959
2021-06-28,69.46373748779297,902086
2021-06-29,69.8464126586914,972402
2021-06-30,68.35397338867188,1609731
2021-07-01,68.8591079711914,1102680
2021-07-02,68.9509506225586,812888
2021-07-05,68.4228515625,595548
2021-07-06,65.8436050415039,1509146
2021-07-07,66.05024719238281,1304818
2021-07-08,64.64965057373047,1435880
2021-07-09,67.10643768310547,1339528
2021-07-12,67.9636459350586,1098697
2021-07-13,67.48912048339844,856893
2021-07-14,67.74168395996094,768276
2021-07-15,66.80030822753906,980301
2021-07-16,65.4379653930664,1065522
2021-07-19,63.09597396850586,1660061
2021-07-20,63.52457809448242,1212228
2021-07-21,64.39707946777344,1134607
2021-07-22,64.10623931884766,710635
2021-07-23,65.47623443603516,811596
2021-07-26,65.4532699584961,839394
2021-07-27,64.19808197021484,1037576
2021-07-28,64.13685607910156,595391
2021-07-29,65.1088638305664,677615
2021-07-30,64.19808197021484,1096073
2021-08-02,64.978759765625,1046991
2021-08-03,61.62648391723633,2859568
2021-08-04,62.36888885498047,1556191
2021-08-05,62.146934509277344,1490844
2021-08-06,62.85105514526367,1009130
2021-08-09,62.537269592285156,824264
2021-08-10,62.6444091796875,646912
2021-08-11,62.98117446899414,763165
2021-08-12,63.80009841918945,971005
2021-08-13,63.59345626831055,703805
2021-08-16,62.353580474853516,849241
2021-08-17,61.49637985229492,1033666
2021-08-18,61.11370086669922,1366350
2021-08-19,59.26154327392578,1743934
2021-08-20,58.91712951660156,1731505
2021-08-23,58.77936553955078,1640966
2021-08-24,60.01924133300781,1257941
2021-08-25,59.697792053222656,812763
2021-08-26,59.651878356933594,1194444
2021-08-27,59.91209411621094,743213
2021-08-30,60.50141525268555,1169183
2021-08-31,61.51168441772461,2253954
2021-09-01,60.8228645324707,1310032
2021-09-02,60.784603118896484,808924
2021-09-03,60.76929473876953,1009621
2021-09-06,61.11370086669922,588953
2021-09-07,61.588226318359375,1024387
2021-09-08,60.16466522216797,1368573
2021-09-09,60.1876220703125,1268472
2021-09-10,60.57795715332031,870239
2021-09-13,62.476036071777344,1523795
2021-09-14,62.874019622802734,1221496
2021-09-15,63.59345626831055,1726674
2021-09-16,62.81279373168945,1368105
2021-09-17,61.50403594970703,3110288
2021-09-20,59.61359786987305,2263689
2021-09-21,60.40191650390625,1281674
2021-09-22,62.345924377441406,1232081
2021-09-23,62.26173400878906,1331540
2021-09-24,62.4454231262207,909760
2021-09-27,63.28731918334961,1303448
2021-09-28,63.28731918334961,1934260
2021-09-29,64.64965057373047,1600490
2021-09-30,63.34089660644531,1558858
2021-10-01,64.15982055664062,2064447
2021-10-04,63.84601974487305,966428
2021-10-05,64.0679702758789,942612
2021-10-06,62.46072769165039,1710893
2021-10-07,63.86897659301758,1418603
2021-10-08,64.81037139892578,1213523
2021-10-11,66.25689697265625,1598749
2021-10-12,66.20332336425781,1304012
2021-10-13,65.68286895751953,1014845
2021-10-14,66.0961685180664,831858
2021-10-15,67.01460266113281,1307758
2021-10-18,66.10382080078125,1022068
2021-10-19,65.4073486328125,1013245
2021-10-20,64.80271911621094,1537684
2021-10-21,64.4736099243164,996665
2021-10-22,65.58338928222656,971980
2021-10-25,66.9992904663086,1491635
2021-10-26,67.67279815673828,1190398
2021-10-27,67.77230834960938,758432
2021-10-28,66.8462142944336,865069
2021-10-29,66.76968383789062,1452431
2021-11-01,67.5656509399414,968616
2021-11-02,67.84117889404297,827849
2021-11-03,68.85145568847656,1766650
2021-11-04,68.8744125366211,1405533
2021-11-05,70.2979736328125,1470209
2021-11-08,69.71630859375,845001
2021-11-09,69.38721466064453,903644
2021-11-10,70.2291030883789,847559
2021-11-11,70.66535186767578,993417
2021-11-12,71.19344329833984,960929
2021-11-15,71.5455093383789,862865
2021-11-16,71.33885955810547,1018397
2021-11-17,71.65266418457031,822593
2021-11-18,72.0965576171875,1141842
2021-11-19,71.33120727539062,2007293
2021-11-22,72.54046630859375,1208270
2021-11-23,72.2802505493164,1204668
2021-11-24,70.78781127929688,1403839
2021-11-25,69.74691772460938,803234
2021-11-26,65.44561004638672,2597218
2021-11-29,65.65225982666016,1759480
2021-11-30,65.03997802734375,2252523
2021-12-01,67.84117889404297,1482489
2021-12-02,67.68045806884766,1325406
2021-12-03,66.96867370605469,1385089
2021-12-06,67.67279815673828,1100120
2021-12-07,67.67279815673828,0
2021-12-08,69.74691772460938,1338471
2021-12-09,69.0504379272461,1050166
2021-12-10,68.6218490600586,1415043
2021-12-13,68.79022216796875,1086537
2021-12-14,67.65750122070312,1116145
2021-12-15,67.55799865722656,794212
2021-12-16,68.60653686523438,1364574
2021-12-17,66.52476501464844,2735975
2021-12-20,65.2007064819336,1455573
2021-12-21,66.65487670898438,888690
2021-12-22,66.92276000976562,624985
2021-12-23,68.24681854248047,823550
2021-12-27,68.88206481933594,396304
2021-12-28,68.84378814697266,442096
2021-12-29,68.26978302001953,419820
2021-12-30,67.72637939453125,598323
2022-01-03,69.89999389648438,983398
2022-01-04,72.08891296386719,1422271
2022-01-05,73.65789031982422,1828361
2022-01-06,73.64258575439453,1229513
2022-01-07,73.1680679321289,1193638
2022-01-10,74.39263916015625,1896744
2022-01-11,75.02022552490234,1238359
2022-01-12,74.58396911621094,954099
2022-01-13,75.78557586669922,1380823
2022-01-14,76.01519012451172,1257658
2022-01-17,75.78557586669922,663785
2022-01-18,75.72434997558594,930784
2022-01-19,74.89776611328125,1133756
2022-01-20,74.10945129394531,1100542
2022-01-21,73.137451171875,1592557
2022-01-24,70.01480865478516,2185251
2022-01-25,70.47400665283203,1307184
2022-01-26,72.07360076904297,1274554
2022-01-27,71.94348907470703,1295354
2022-01-28,70.71891784667969,1830172
2022-01-31,71.1398696899414,1305196
2022-02-01,72.16545104980469,1033421
2022-02-02,71.69857788085938,890522
2022-02-03,71.75981140136719,1101439
2022-02-04,68.6218490600586,1816267
2022-02-07,68.77491760253906,1173288
2022-02-08,68.81318664550781,1229356
2022-02-09,71.43070983886719,1579360
2022-02-10,71.00210571289062,1206489
2022-02-11,72.93846130371094,2746188
2022-02-14,70.86433410644531,2148590
2022-02-15,72.65526580810547,1474671
2022-02-16,71.98176574707031,1496583
2022-02-17,73.45124053955078,1694067
2022-02-18,72.99967956542969,1551295
2022-02-21,70.63473510742188,1644574
2022-02-22,69.59385681152344,2078619
2022-02-23,70.1219482421875,1489901
2022-02-24,65.0476303100586,4257916
2022-02-25,67.36666107177734,2682262
2022-02-28,66.24923706054688,2667291
2022-03-01,63.13424301147461,2383041
2022-03-02,61.65709686279297,2638366
2022-03-03,59.32276916503906,2480550
2022-03-04,55.94754409790039,3819567
2022-03-07,53.97292709350586,4055547
2022-03-08,54.378562927246094,3481540
2022-03-09,58.32014846801758,3559897
2022-03-10,55.105655670166016,4329263
2022-03-11,55.42709732055664,2873113
2022-03-14,56.96546936035156,2514991
2022-03-15,57.64664077758789,2601157
2022-03-16,60.00393295288086,3188590
2022-03-17,58.67986297607422,2207957
2022-03-18,58.09054183959961,4736344
2022-03-21,59.26919174194336,1686583
2022-03-22,60.509071350097656,1732509
2022-03-23,59.896785736083984,1942435
2022-03-24,60.05750274658203,1529917
2022-03-25,59.61359786987305,1514673
2022-03-28,59.881473541259766,1109020
2022-03-29,63.24138259887695,1967947
2022-03-30,61.427494049072266,1492559
2022-03-31,60.15700912475586,1468453
2022-04-01,60.4631462097168,1064970
2022-04-04,61.11370086669922,1100335
2022-04-05,59.8355598449707,1523273
2022-04-06,58.39668655395508,1651158
2022-04-07,57.914512634277344,1345977
2022-04-08,58.932437896728516,1113844
2022-04-11,58.159427642822266,1246230
2022-04-12,58.235958099365234,1364957
2022-04-13,58.35842514038086,1062598
2022-04-14,58.35076141357422,1418145
2022-04-19,59.713096618652344,1477517
2022-04-20,60.616214752197266,1100786
2022-04-21,60.616214752197266,0
2022-04-22,60.616214752197266,0
2022-04-25,59.29215621948242,1594771
2022-04-26,58.37372589111328,1785578
2022-04-27,58.37372589111328,0
2022-04-28,59.54472351074219,1185773
2022-04-29,60.0881233215332,1337650
2022-05-02,59.42226028442383,1840187
2022-05-03,61.213199615478516,1725794
2022-05-04,60.8228645324707,1633643
2022-05-05,59.72075271606445,1964186
2022-05-06,59.72075271606445,0
2022-05-09,59.406959533691406,1868370
2022-05-10,59.858516693115234,1990542
2022-05-11,62.95821762084961,3703499
2022-05-12,62.398284912109375,2884199
2022-05-13,62.398284912109375,0
2022-05-16,63.94630432128906,1135401
2022-05-17,64.73678588867188,1445814
2022-05-18,64.24272918701172,1265657
2022-05-19,64.09451293945312,1689928
2022-05-20,63.773380279541016,1558143
2022-05-23,64.42388153076172,1008391
2022-05-24,64.0533447265625,1028206
2022-05-25,64.0533447265625,0
2022-05-26,66.07894134521484,1068788
2022-05-27,66.07894134521484,0
2022-05-30,66.07894134521484,0
2022-05-31,66.391845703125,1807592
2022-06-01,67.7916488647461,1608890
2022-06-02,67.7916488647461,0
2022-06-03,67.7916488647461,0
2022-06-06,68.82091522216797,731088
2022-06-07,68.00572967529297,944549
2022-06-08,68.75504302978516,1226472
2022-06-09,68.06336975097656,1141726
2022-06-10,66.31774139404297,1775652
2022-06-13,64.2015609741211,1978341
2022-06-14,63.9051399230957,1265598
2022-06-15,65.49431610107422,1659645
2022-06-16,63.526363372802734,1558157
2022-06-17,63.89689636230469,3402960
2022-06-20,64.81912231445312,822033
2022-06-21,65.59313201904297,969834
2022-06-22,64.35801696777344,1380068
2022-06-23,61.673683166503906,1828040
2022-06-24,61.70662307739258,1725586
2022-06-27,62.35711669921875,1156996
2022-06-28,62.97467803955078,1016528
2022-06-29,61.360782623291016,1436429
2022-06-30,60.48796463012695,2801023
2022-07-01,60.7349967956543,1375303
2022-07-04,59.936279296875,899823
2022-07-05,58.87407302856445,2140020
2022-07-06,58.76703643798828,1429700
2022-07-07,61.574867248535156,1872773
2022-07-08,62.61237716674805,1784342
2022-07-11,60.75969696044922,1212743
2022-07-12,60.75969696044922,0
2022-07-13,59.664546966552734,1425644
2022-07-14,59.46693801879883,1556778
2022-07-15,61.854835510253906,1766983
2022-07-18,62.579437255859375,966822
2022-07-19,64.33330535888672,1382168
2022-07-20,63.839256286621094,1193454
2022-07-21,63.31227111816406,1072416
2022-07-22,63.48518753051758,939952
2022-07-25,64.2015609741211,1002253
2022-07-26,62.64530944824219,1270931
2022-07-27,63.0570182800293,825396
2022-07-28,64.58033752441406,1131025
2022-07-29,65.4449234008789,1183673
2022-08-01,65.78250885009766,889242
2022-08-02,66.76238250732422,1238271
2022-08-03,63.04878616333008,3479341
2022-08-04,62.801761627197266,1768831
2022-08-05,63.081722259521484,1460610
2022-08-08,64.30860900878906,969376
2022-08-09,63.47695541381836,1044979
2022-08-10,64.21802520751953,932542
2022-08-11,63.98747253417969,824938
2022-08-12,64.67913818359375,908982
2022-08-15,64.32508087158203,648587
2022-08-16,65.25553131103516,882430
2022-08-17,63.641639709472656,1123389
2022-08-18,64.13568878173828,801264
2022-08-19,62.4229850769043,1726184
2022-08-22,60.12566375732422,1712957
2022-08-23,61.360782623291016,1383035
2022-08-24,61.047889709472656,966562
2022-08-25,61.31961441040039,734876
2022-08-26,60.208003997802734,1575240
2022-08-29,60.52914047241211,1128919
2022-08-30,60.77616500854492,1004060
2022-08-31,60.49619674682617,1477983
2022-09-01,59.9527473449707,1208840
2022-09-02,61.84659957885742,1267300
2022-09-05,59.64808654785156,1731330
2022-09-06,59.96097946166992,1607465
2022-09-07,60.99024963378906,1083337
2022-09-08,60.068031311035156,1076804
2022-09-09,60.52914047241211,1288559
2022-09-12,62.398284912109375,1712412
2022-09-13,61.640750885009766,1105326
2022-09-14,61.46783447265625,1236289
2022-09-15,61.49253463745117,953732
2022-09-16,61.25374221801758,2297547
2022-09-19,62.33241271972656,857539
2022-09-20,61.81365966796875,1112949
2022-09-21,61.961875915527344,764182
2022-09-22,61.07258224487305,1008044
2022-09-23,58.7752685546875,1859501
2022-09-26,59.41753005981445,1293187
2022-09-27,59.08816146850586,1268460
2022-09-28,58.9399528503418,1543235
2022-09-29,56.922584533691406,2356566
2022-09-30,57.63072204589844,1693045
2022-10-03,58.24005126953125,1062248
2022-10-04,59.985687255859375,1105266
2022-10-05,58.8493766784668,1540008
2022-10-06,59.261077880859375,913379
2022-10-07,59.038761138916016,745376
2022-10-10,59.31048583984375,1402943
2022-10-11,59.59867858886719,1175295
2022-10-12,60.24917221069336,1188223
2022-10-13,61.130226135253906,1410582
2022-10-14,61.772483825683594,1123755
2022-10-17,63.015846252441406,957252
2022-10-18,63.91337203979492,1347975
2022-10-19,63.94630432128906,924802
2022-10-20,63.839256286621094,1016645
2022-10-21,63.75691604614258,1618320
2022-10-24,64.15216064453125,1458093
2022-10-25,64.40742492675781,1075479
2022-10-26,65.10731506347656,995479
2022-10-27,65.51902770996094,899804
2022-10-28,65.51078796386719,922600
2022-10-31,65.47785186767578,863920
2022-11-01,66.10365295410156,902999
2022-11-02,66.07070922851562,1157247
2022-11-03,62.991146087646484,2132408
2022-11-04,65.70841217041016,1569808
2022-11-07,66.7212142944336,1351929
2022-11-08,66.27656555175781,1326961
2022-11-09,66.07894134521484,1161232
2022-11-10,68.2198257446289,1726552
2022-11-11,69.36436462402344,1457198
2022-11-14,70.01486206054688,934839
2022-11-15,70.13837432861328,1169537
2022-11-16,67.95632934570312,1654373
2022-11-17,67.74224090576172,938764
2022-11-18,69.2902603149414,1502840
2022-11-21,68.83738708496094,686990
2022-11-22,69.24909210205078,770553
2022-11-23,68.97735595703125,780003
2022-11-24,69.17498016357422,849772
2022-11-25,69.1338119506836,933054
2022-11-28,68.70564270019531,1222091
2022-11-29,69.78430938720703,1274432
2022-11-30,71.06883239746094,2224421
2022-12-01,70.10543823242188,1084490
2022-12-02,70.20425415039062,921996
2022-12-05,70.69830322265625,870971
2022-12-06,70.14661407470703,766946
2022-12-07,69.62786102294922,1024766
2022-12-08,68.31039428710938,2234059
2022-12-09,69.61139678955078,1020500
2022-12-12,69.52082061767578,836876
2022-12-13,69.17498016357422,1321576
2022-12-14,69.0432357788086,1131896
2022-12-15,68.17865753173828,1648528
2022-12-16,68.03044128417969,2832220
2022-12-19,68.85385131835938,908154
2022-12-20,68.63153076171875,915769
2022-12-21,69.2902603149414,764068
2022-12-22,68.59036254882812,1129869
2022-12-23,68.75504302978516,432251
2022-12-27,68.87855529785156,358295
2022-12-28,68.55741882324219,642514
2022-12-29,69.02676391601562,466540
2022-12-30,68.6562271118164,532248
2023-01-02,70.64889526367188,789996
2023-01-03,70.67359924316406,862444
2023-01-04,72.36158752441406,1054287
2023-01-05,73.24264526367188,960298
2023-01-06,73.72023010253906,944058
2023-01-09,74.09076690673828,959129
2023-01-10,74.53540802001953,1263650
2023-01-11,75.57290649414062,1303118
2023-01-12,76.75862121582031,1550323
2023-01-13,75.53997039794922,1701596
2023-01-16,75.62230682373047,481523
2023-01-17,75.73758697509766,1224348
2023-01-18,75.28471374511719,826430
2023-01-19,74.12369537353516,1434384
2023-01-20,74.08252716064453,1219938
2023-01-23,75.36705780029297,779097
2023-01-24,75.58113861083984,781646
2023-01-25,75.58113861083984,816744
2023-01-26,76.04225158691406,956741
2023-01-27,76.04225158691406,0
2023-01-30,75.32588958740234,1404194
2023-01-31,76.76686096191406,1503395
2023-02-01,78.44661712646484,1585474
2023-02-02,80.52162170410156,1947245
2023-02-03,80.34870147705078,1797070
2023-02-06,79.9205322265625,962405
2023-02-07,80.20049285888672,937028
2023-02-08,80.34046936035156,907809
2023-02-09,81.89672088623047,1272174
2023-02-10,80.5051498413086,1088196
2023-02-13,80.3734130859375,788382
2023-02-14,80.48045349121094,977868
2023-02-15,81.6661605834961,839076
2023-02-16,81.71556091308594,932204
2023-02-17,82.13551330566406,1523028
2023-02-20,82.06964111328125,587365
2023-02-21,81.27092742919922,797867
2023-02-22,81.0486068725586,787095
2023-02-23,82.05316925048828,805804
2023-02-24,80.02757263183594,2055368
2023-02-27,80.8262939453125,801424
2023-02-28,80.48868560791016,1186020
2023-03-01,81.79790496826172,1213269
2023-03-02,81.80614471435547,839282
2023-03-03,83.56002807617188,1383102
2023-03-06,83.54354858398438,645344
2023-03-07,83.1647720336914,824731
2023-03-08,83.13184356689453,928097
2023-03-09,81.95435333251953,2224785
2023-03-10,80.96626281738281,1638110
2023-03-13,77.92787170410156,1719463
2023-03-14,78.71834564208984,1738945
2023-03-15,77.96904754638672,2138658
2023-03-16,78.85832214355469,1608880
2023-03-17,78.10078430175781,4501926
2023-03-20,78.72657775878906,1152161
2023-03-21,80.15108489990234,937647
2023-03-22,80.85922241210938,886724
2023-03-23,81.37796783447266,804672
2023-03-24,80.4969253540039,1434754
2023-03-27,81.2297592163086,859592
2023-03-28,81.34503936767578,679684
2023-03-29,81.46031188964844,960170
2023-03-30,82.90129089355469,886548
2023-03-31,83.11537170410156,1132092
2023-04-03,82.95068359375,691778
2023-04-04,83.44473266601562,1032944
2023-04-05,81.59205627441406,1344540
2023-04-06,81.20506286621094,1060245
2023-04-11,83.09890747070312,1157523
2023-04-12,84.5481185913086,1028050
2023-04-13,84.2516860961914,849011
2023-04-14,85.37152862548828,846092
2023-04-17,84.97628021240234,1061528
2023-04-18,85.71735382080078,980641
2023-04-19,85.45387268066406,677742
2023-04-20,82.35783386230469,2036663
2023-04-21,82.83541107177734,1280574
2023-04-24,83.29652404785156,637324
2023-04-25,83.52708435058594,755354
2023-04-26,83.1647720336914,850341
2023-04-27,82.86834716796875,856419
2023-04-28,83.52708435058594,1486350
2023-05-02,82.8189468383789,1200497
2023-05-03,83.1812515258789,956955
2023-05-04,85.4703369140625,0
2023-05-05,88.5499038696289,1697673
2023-05-08,89.68621826171875,1304780
2023-05-09,89.52153015136719,1131409
2023-05-10,89.52153015136719,1063634
2023-05-11,89.25804901123047,1877228
2023-05-12,88.82024383544922,2049038
2023-05-15,89.41886901855469,1002346
2023-05-16,88.96319580078125,896963
2023-05-17,89.47247314453125,739114
2023-05-18,91.58106994628906,1041933
2023-05-19,92.3673324584961,1379891
2023-05-22,92.95703125,730024
2023-05-23,93.35015869140625,822410
2023-05-24,91.67041778564453,1161218
2023-05-25,91.83124542236328,792753
2023-05-26,93.33228302001953,984483
2023-05-29,93.27867889404297,379423
2023-05-30,93.08211517333984,668215
2023-05-31,91.06285858154297,2892934
2023-06-01,92.47454833984375,808360
2023-06-02,94.85118865966797,1351058
2023-06-05,95.10136413574219,763837
2023-06-06,95.33366394042969,660014
2023-06-07,95.4944839477539,820752
2023-06-08,96.45944213867188,950418
2023-06-09,96.56665802001953,566274
2023-06-12,98.40721130371094,1031189
2023-06-13,100.1226806640625,1426285
2023-06-14,100.87319946289062,937730
2023-06-15,100.53368377685547,808875
2023-06-16,99.81890869140625,2595431
2023-06-19,99.19347381591797,580786
2023-06-20,98.74673461914062,790336
2023-06-21,98.21065521240234,685772
2023-06-22,97.4780044555664,668475
2023-06-23,97.04913330078125,762651
2023-06-26,97.60308837890625,751429
2023-06-27,96.54878997802734,922281
2023-06-28,98.1749038696289,734547
2023-06-29,99.21134185791016,786284
2023-06-30,100.53368377685547,1442529
2023-07-03,100.24776458740234,573512
2023-07-04,99.90825653076172,547810
2023-07-05,100.42646789550781,732634
2023-07-06,96.51304626464844,1237008
2023-07-07,95.72679138183594,1179553
2023-07-10,96.03057861328125,673649
2023-07-11,95.13710021972656,1037629
2023-07-12,95.95909881591797,729269
2023-07-13,95.6017074584961,663645
2023-07-14,95.38727569580078,807744
2023-07-17,95.42301940917969,515501
2023-07-18,95.69105529785156,574491
2023-07-19,95.78040313720703,789611
2023-07-20,96.20926666259766,716073
2023-07-21,96.11992645263672,919523
2023-07-24,97.03126525878906,724210
2023-07-25,96.87043762207031,536559
2023-07-26,95.74466705322266,851730
2023-07-27,98.24639129638672,1121262
2023-07-28,99.42578125,923900
2023-07-31,99.05052185058594,702976
2023-08-01,93.7075424194336,2990049
2023-08-02,94.04706573486328,1149388
2023-08-03,92.00994873046875,1393689
2023-08-04,92.99276733398438,793499
2023-08-07,92.68898010253906,730943
2023-08-08,91.0092544555664,954339
2023-08-09,90.56251525878906,673365
2023-08-10,91.04499053955078,755306
2023-08-11,89.33844757080078,1086414
2023-08-14,89.43673706054688,675959
2023-08-15,88.64154815673828,588318
2023-08-16,89.1329574584961,806087
2023-08-17,88.54325866699219,521139
2023-08-18,87.7838134765625,852110
2023-08-21,88.66834259033203,737171
2023-08-22,89.079345703125,753422
2023-08-23,87.94463348388672,867740
2023-08-24,86.47039794921875,923341
2023-08-25,86.22917175292969,798291
2023-08-28,86.30957794189453,786265
2023-08-29,87.1851806640625,790004
2023-08-30,86.89927673339844,657780
2023-08-31,86.81885528564453,3723071
2023-09-01,84.16524505615234,1654934
2023-09-04,84.41542053222656,810296
2023-09-05,86.24703216552734,1159550
2023-09-06,86.04154205322266,767661
2023-09-07,84.90682220458984,823869
2023-09-08,85.43397521972656,853582
2023-09-11,86.24703216552734,753697
2023-09-12,86.32744598388672,867437
2023-09-13,86.97074890136719,1311841
2023-09-14,85.70201110839844,1143242
2023-09-15,87.12264251708984,2789275
2023-09-18,86.47039794921875,733530
2023-09-19,87.25666809082031,690350
2023-09-20,89.56182098388672,984055
2023-09-21,88.86491394042969,917832
2023-09-22,88.69515228271484,748231
2023-09-25,86.908203125,932098
2023-09-26,85.75563049316406,841843
2023-09-27,86.47039794921875,797228
2023-09-28,86.80099487304688,961264
2023-09-29,86.1130142211914,985996
2023-10-02,85.92538452148438,734361
2023-10-03,85.1480712890625,698279
2023-10-04,85.23741149902344,958144
2023-10-05,84.24565887451172,595090
2023-10-06,85.51438903808594,1008126
2023-10-09,84.56730651855469,561847
2023-10-10,87.13157653808594,976581
2023-10-11,88.0071792602539,1170848
2023-10-12,87.95357513427734,565383
2023-10-13,87.34601593017578,699594
2023-10-16,88.13226318359375,588877
2023-10-17,87.7927474975586,530411
2023-10-18,87.48003387451172,673253
2023-10-19,85.15699768066406,1024417
2023-10-20,83.59341430664062,1475074
2023-10-23,83.37004852294922,948082
2023-10-24,82.6552734375,712251
2023-10-25,81.64564514160156,985250
2023-10-26,79.18859100341797,1754600
2023-10-27,79.0634994506836,1019881
2023-10-30,78.3666000366211,990222
2023-10-31,78.29511260986328,906042
2023-11-01,79.51918029785156,959228
2023-11-02,81.38653564453125,1234813
2023-11-03,83.04839324951172,1764602
2023-11-06,82.9411849975586,928780
2023-11-07,81.58309936523438,799182
2023-11-08,82.28001403808594,984549
2023-11-09,82.3872299194336,638498
2023-11-10,81.46694946289062,796614
2023-11-13,82.2889404296875,739544
2023-11-14,84.13843536376953,1167948
2023-11-15,85.81817626953125,1031027
2023-11-16,84.0312271118164,916067
2023-11-17,85.0587158203125,1065274
2023-11-20,85.54119110107422,623628
2023-11-21,83.58448791503906,1004938
2023-11-22,84.20098114013672,911571
2023-11-23,84.10269927978516,485700
2023-11-24,84.0312271118164,824509
2023-11-27,83.47726440429688,623769
2023-11-28,83.23603057861328,574852
2023-11-29,85.8360366821289,1179280
2023-11-30,85.40716552734375,2861028
2023-12-01,85.9432601928711,731827
2023-12-04,85.91645812988281,850657
2023-12-05,87.25666809082031,931765
2023-12-06,88.76663208007812,1088946
2023-12-07,88.09652709960938,920498
2023-12-08,90.16938781738281,1436380
2023-12-11,90.5089111328125,934467
2023-12-12,90.187255859375,965724
2023-12-13,89.0704116821289,800108
2023-12-14,91.6168212890625,1534986
2023-12-15,92.08141326904297,3102337
2023-12-18,90.25873565673828,791886
2023-12-19,90.1336441040039,772182
2023-12-20,89.72264862060547,570723
2023-12-21,88.94532775878906,718117
2023-12-22,89.9192123413086,663585
2023-12-27,89.70478057861328,461826
2023-12-28,89.74051666259766,430616
2023-12-29,90.04430389404297,342418
2024-01-02,90.93777465820312,717051
2024-01-03,88.90959167480469,902349
2024-01-04,90.24085998535156,927871
2024-01-05,89.93708801269531,1037797
2024-01-08,90.4195556640625,551675
2024-01-09,90.08003997802734,679067
2024-01-10,89.25804138183594,872610
2024-01-11,87.97144317626953,951413
2024-01-12,86.53294372558594,1060275
2024-01-15,85.34461975097656,796874
2024-01-16,85.55906677246094,873436
2024-01-17,82.8965072631836,1420430
2024-01-18,83.14667510986328,1029694
2024-01-19,82.46764373779297,1083381
2024-01-22,83.37004852294922,961338
2024-01-23,83.59341430664062,1201268
2024-01-24,83.58448791503906,1004508
2024-01-25,83.7095718383789,1315384
2024-01-26,84.67451477050781,1021980
2024-01-29,84.79960632324219,653023
2024-01-30,84.88002014160156,775385
2024-01-31,86.47039794921875,1130835
2024-02-01,86.69377136230469,875674
2024-02-02,87.54257202148438,916523
2024-02-05,86.28276824951172,762917
2024-02-06,87.16731262207031,745693
2024-02-07,88.5790023803711,1104844
2024-02-08,91.09859466552734,1127135
2024-02-09,91.13433837890625,867292
2024-02-12,91.2594223022461,483485
2024-02-13,90.1336441040039,719165
2024-02-14,90.38381958007812,577490
2024-02-15,91.68829345703125,773186
2024-02-16,93.01062774658203,965446
2024-02-19,91.86698913574219,518613
2024-02-20,90.9735107421875,700053
2024-02-21,93.1893310546875,964222
2024-02-22,93.88623809814453,1062045
2024-02-23,95.35153198242188,840751
2024-02-26,96.03057861328125,824691
2024-02-27,96.20926666259766,699541
2024-02-28,97.5316162109375,757828
2024-02-29,97.5852279663086,1382952
2024-03-01,98.10343933105469,1121078
2024-03-04,98.22852325439453,625518
2024-03-05,97.71031188964844,661444
2024-03-06,96.22713470458984,1049231
2024-03-07,95.56597137451172,974767
2024-03-08,95.72679138183594,773833
2024-03-11,95.4944839477539,778385
2024-03-12,98.08556365966797,1364736
2024-03-13,96.9419174194336,893552
2024-03-14,93.99345397949219,1989797
2024-03-15,94.42232513427734,2678229
2024-03-18,94.69036865234375,760275
2024-03-19,95.70892333984375,864978
2024-03-20,95.0298843383789,704215
2024-03-21,93.63607025146484,1509736
2024-03-22,93.02850341796875,1303067
2024-03-25,94.92266845703125,1063860
2024-03-26,95.20858001708984,758874
2024-03-27,94.85118865966797,816350
2024-03-28,95.56597137451172,785748
2024-04-02,95.28899383544922,1084212
2024-04-03,99.93505096435547,1830218
2024-04-04,102.48145294189453,1788276
2024-04-05,100.51581573486328,1144372
2024-04-08,102.52613067626953,827527
2024-04-09,101.72200012207031,763287
2024-04-10,99.6223373413086,1251336
2024-04-11,99.97972869873047,1090825
2024-04-12,97.83539581298828,1275147
2024-04-15,98.01408386230469,1018111
2024-04-16,95.11029815673828,1357333
2024-04-17,94.66355895996094,664955
2024-04-18,95.5570297241211,622171
2024-04-19,94.57421112060547,1031130
2024-04-22,94.57421112060547,635536
2024-04-23,95.11029815673828,946389
2024-04-24,95.19964599609375,919549
2024-04-25,93.85943603515625,854946
2024-04-26,95.06562805175781,667469
2024-04-29,95.42301940917969,630451
2024-04-30,91.53639221191406,1986847
2024-05-02,91.08966064453125,1082967
2024-05-03,91.58106994628906,703362
2024-05-06,92.0724868774414,551350
2024-05-07,93.09998321533203,1024845
2024-05-08,90.37488555908203,2192149
2024-05-09,90.82162475585938,750970
2024-05-10,90.77694702148438,1105274
2024-05-13,91.9831314086914,1178077
2024-05-14,92.69791412353516,1015095
2024-05-15,91.93846130371094,1339685
2024-05-16,91.52098846435547,1877795
2024-05-17,91.103515625,1305355
2024-05-20,90.13574981689453,1055527
2024-05-21,89.9649658203125,1224417
2024-05-22,88.42790985107422,1427343
2024-05-23,87.97248840332031,751271
2024-05-24,88.08634185791016,716120
2024-05-27,88.90230560302734,507582
2024-05-28,88.9971923828125,663217
2024-05-29,87.11856842041016,1067837
2024-05-30,87.85863494873047,600967
2024-05-31,88.408935546875,2493881
2024-06-03,88.4848403930664,981704
2024-06-04,87.32730865478516,774662
2024-06-05,86.73905181884766,1017525
2024-06-06,86.81495666503906,719728
2024-06-07,86.51134490966797,702679
2024-06-10,86.62519836425781,923388
2024-06-11,86.45441436767578,774169
2024-06-12,85.6384506225586,1314492
2024-06-13,83.74085235595703,1203841
2024-06-14,82.45049285888672,1418777
2024-06-17,83.570068359375,798703
2024-06-18,83.09567260742188,729064
2024-06-19,84.00651550292969,1313659
2024-06-20,83.85470581054688,799244
2024-06-21,82.79206085205078,3513801
2024-06-24,85.0501937866211,1388889
2024-06-25,85.61946868896484,777192
2024-06-26,83.45621490478516,1436592
2024-06-27,83.58904266357422,942472
2024-06-28,83.85470581054688,1049108
2024-07-01,84.57579803466797,916038
2024-07-02,83.51313781738281,1009716
2024-07-03,83.91163635253906,733923
2024-07-04,83.64598083496094,843005
2024-07-05,83.20952606201172,711019
2024-07-08,82.65922546386719,754396
2024-07-09,83.20952606201172,1221928
2024-07-10,84.91736602783203,1728422
2024-07-11,86.34056091308594,1238881
2024-07-12,87.46013641357422,1020316
2024-07-15,85.22097778320312,1006986
2024-07-16,84.32910919189453,936457
2024-07-17,85.10711669921875,649815
2024-07-18,86.64417266845703,945313
2024-07-19,84.89839172363281,1221839
2024-07-22,86.26465606689453,838299
2024-07-23,85.41073608398438,726246
2024-07-24,84.537841796875,820645
2024-07-25,83.68392181396484,1126983
2024-07-26,83.07669067382812,843504
2024-07-29,82.1468734741211,830759
2024-07-30,82.31765747070312,613006
2024-07-31,81.42578887939453,1162556
2024-08-01,78.93993377685547,1931186
2024-08-02,77.85830688476562,1331073
2024-08-05,75.73300170898438,1838717
2024-08-06,75.46733856201172,1069024
2024-08-07,76.28330993652344,842763
2024-08-08,75.73300170898438,809068
2024-08-09,75.61914825439453,567115
2024-08-12,74.93601989746094,852608
2024-08-13,75.25860595703125,797281
2024-08-14,75.94174194335938,646702
2024-08-15,77.30801391601562,770900
2024-08-16,77.55469512939453,665460
2024-08-19,78.4845199584961,815899
2024-08-20,78.4275894165039,530630
2024-08-21,79.28150177001953,593288
2024-08-22,78.95891571044922,547692
2024-08-23,80.13542175292969,727980
2024-08-26,80.45801544189453,571779
2024-08-27,80.43904113769531,730027
2024-08-28,79.26252746582031,906915
2024-08-29,79.56614685058594,622753
2024-08-30,79.52819061279297,1260387
2024-09-02,78.88301086425781,564848
2024-09-03,77.3839111328125,930978
2024-09-04,76.4161376953125,779365
2024-09-05,76.18843078613281,714921
2024-09-06,74.1959457397461,1403267
2024-09-09,73.66462707519531,1098562
2024-09-10,65.44804382324219,6256965
2024-09-11,67.44051361083984,3295158
2024-09-12,67.7061767578125,1660659
2024-09-13,69.5658187866211,1291278
2024-09-16,68.80677795410156,957469
2024-09-17,69.1863021850586,981218
2024-09-18,70.70437622070312,1624277
2024-09-19,72.2414321899414,1702948
2024-09-20,69.86943817138672,0
2024-09-23,71.5772705078125,1106631
2024-09-24,74.12004852294922,2123519
2024-09-25,71.7860107421875,1673495
2024-09-26,74.51854705810547,1739005
2024-09-27,76.98541259765625,1758309
2024-09-30,75.12577056884766,1453752
2024-10-01,73.75950622558594,925299
2024-10-02,73.6456527709961,780524
2024-10-03,72.50708770751953,946014
2024-10-04,73.77848052978516,764681
2024-10-07,73.85438537597656,562637
2024-10-08,72.35528564453125,992370
2024-10-09,73.24715423583984,533578
2024-10-10,72.71582794189453,755115
2024-10-11,71.89986419677734,1162246
2024-10-14,72.33631134033203,652628
2024-10-15,71.42546081542969,952992
2024-10-16,70.9131088256836,798822
2024-10-17,70.93209075927734,687665
2024-10-18,71.25467681884766,964531
2024-10-21,71.04594421386719,667610
2024-10-22,71.36853790283203,573426
2024-10-23,71.69112396240234,614520
2024-10-24,72.56402587890625,1196095
2024-10-25,72.10859680175781,729592
2024-10-28,71.6531753540039,713271
2024-10-29,70.49564361572266,873128
2024-10-30,69.67967987060547,1545461
2024-10-31,68.61702728271484,1085173
2024-11-01,68.61702728271484,0
2024-11-04,68.9775619506836,877772
2024-11-05,68.90166473388672,879376
2024-11-06,64.36640930175781,4432310
2024-11-07,66.24503326416016,1914711
2024-11-08,64.1197280883789,1953285
2024-11-11,64.36640930175781,1313425
2024-11-12,63.778160095214844,1229133
2024-11-13,62.582672119140625,1476211
2024-11-14,64.17665100097656,1579649
2024-11-15,64.44231414794922,1068127
2024-11-18,65.20135498046875,1056530
2024-11-19,65.52394104003906,1463579
2024-11-20,64.99261474609375,972719
2024-11-21,64.46129608154297,1051453
2024-11-22,64.32846069335938,1008051
2024-11-25,65.75165557861328,3423771
2024-11-26,64.97364807128906,1033213
2024-11-27,64.89774322509766,971588
2024-11-28,64.89774322509766,0
2024-11-29,66.43478393554688,1333656
2024-12-02,68.19954681396484,1868344
2024-12-03,68.12364959716797,1429884
2024-12-04,69.67967987060547,1337572
2024-12-05,71.34955596923828,1497475
2024-12-06,73.28510284423828,1776441
2024-12-09,75.14474487304688,1936993
2024-12-10,75.14474487304688,0
2024-12-11,74.46161651611328,1067998
2024-12-12,75.88481140136719,1610079
2024-12-13,76.05559539794922,1805470
2024-12-16,73.6456527709961,1521818
2024-12-17,74.34776306152344,1018266
2024-12-18,74.00619506835938,1023527
2024-12-19,73.32305908203125,1297262
2024-12-20,73.60769653320312,2000177
2024-12-23,73.00047302246094,642208
2024-12-27,74.32878112792969,958948
2024-12-30,74.93601989746094,456155
2025-01-02,74.10107421875,1144038
2025-01-03,72.50708770751953,931945
2025-01-06,75.71402740478516,1788171
2025-01-07,74.82215881347656,1027536
2025-01-08,72.8296890258789,1114806
2025-01-09,71.6531753540039,1082092
2025-01-10,72.4691390991211,1307681
2025-01-13,72.31733703613281,721314
2025-01-14,72.0896224975586,976260
2025-01-15,73.09534454345703,973381
2025-01-16,72.33631134033203,1017353
2025-01-17,73.15227508544922,1151306
2025-01-20,75.2016830444336,1485416
2025-01-21,75.2016830444336,0
2025-01-22,74.21492767333984,808151
2025-01-23,73.41793823242188,827459
2025-01-24,73.41793823242188,0
2025-01-27,76.89054107666016,1360472
2025-01-28,74.7652359008789,1865668
2025-01-29,75.23963165283203,909020
2025-01-30,75.78993225097656,784107
2025-01-31,74.57546997070312,1266632
2025-02-03,72.79173278808594,1845309
2025-02-04,73.2092056274414,0
2025-02-05,72.41221618652344,859642
2025-02-06,73.6456527709961,1209444
2025-02-07,72.4691390991211,1027660
2025-02-10,72.4691390991211,0
2025-02-11,72.31733703613281,911775
2025-02-12,72.33631134033203,910536
2025-02-13,76.71975708007812,2815709
2025-02-14,78.71222686767578,1898926
2025-02-17,79.7748794555664,1083549
2025-02-18,80.00259399414062,741427
2025-02-19,78.18090057373047,1592762
2025-02-20,78.2757797241211,1432244
2025-02-21,78.3516845703125,1135327
2025-02-24,79.1107177734375,958747
2025-02-25,81.29295349121094,1846772
2025-02-26,82.46946716308594,1814706
2025-02-27,79.33843994140625,1511765
2025-02-28,79.60409545898438,1884718
2025-03-03,80.57186889648438,1502675
2025-03-04,75.827880859375,2278351
2025-03-05,79.09174346923828,1995258
2025-03-06,82.52639770507812,2081468
2025-03-07,79.33843994140625,1362425
2025-03-10,81.27398681640625,1409706
2025-03-11,80.00259399414062,1943190
2025-03-12,79.96463775634766,1094937
2025-03-13,78.10499572753906,1669157
2025-03-14,77.8962631225586,2156032
2025-03-17,77.8962631225586,0
2025-03-18,80.32518768310547,1494870
2025-03-19,78.54144287109375,1408496
2025-03-20,75.77095794677734,1498619
2025-03-21,75.10680389404297,3215296
2025-03-24,75.10680389404297,0
2025-03-25,76.77667999267578,952028
2025-03-26,75.22064971923828,847450
2025-03-27,73.30408477783203,1956773
2025-03-28,72.05167388916016,1639787
2025-03-31,69.90738677978516,1810202
2025-04-01,70.3058853149414,1678949
2025-04-02,69.96431732177734,1043860
2025-04-03,67.47846984863281,1980171
2025-04-04,64.51821899414062,3148443
2025-04-07,63.645328521728516,4505056
2025-04-08,62.31700897216797,2500292
2025-04-09,60.267608642578125,2543401
2025-04-10,61.76670455932617,3049803
2025-04-11,62.96219253540039,1450181
2025-04-14,65.1444320678711,1192217
2025-04-15,66.54864501953125,1455420
2025-04-16,66.89021301269531,948569
2025-04-17,66.66250610351562,0
2025-04-22,68.10467529296875,856688
2025-04-23,69.86943817138672,1502684
2025-04-24,70.97004699707031,1162130
2025-04-25,72.41221618652344,1434348
2025-04-28,72.43118286132812,872622
2025-04-29,72.60196685791016,842264
2025-04-30,70.49564361572266,1802584
2025-05-02,70.989013671875,1016509
2025-05-05,71.17877197265625,616123
2025-05-06,71.02696990966797,1474490
2025-05-07,72.20347595214844,1775569
2025-05-08,74.23390197753906,1222424
2025-05-09,75.60017395019531,1292458
2025-05-12,77.34595489501953,2018592
2025-05-13,79.68000793457031,1510091
2025-05-14,79.68000793457031,0
2025-05-15,77.58000183105469,1229215
2025-05-16,76.91999816894531,1029744
2025-05-19,77.55999755859375,579046
2025-05-20,79.30000305175781,1709643
2025-05-21,79.0199966430664,817994
2025-05-22,78.16000366210938,633112
2025-05-23,75.26000213623047,1716371
2025-05-26,76.80000305175781,611548
2025-05-27,76.44000244140625,608926
2025-05-28,79.73999786376953,1583450
2025-05-29,78.4800033569336,634119
2025-05-30,78.0999984741211,1776674
2025-06-02,76.19999694824219,1019881
2025-06-03,77.62000274658203,794169
2025-06-04,77.23999786376953,719574
2025-06-05,77.23999786376953,0
2025-06-06,76.68000030517578,686260
2025-06-09,76.68000030517578,0
2025-06-10,77.83999633789062,849913
2025-06-11,77.13999938964844,1053615
2025-06-12,76.76000213623047,718286
2025-06-13,75.30000305175781,1084475
2025-06-16,74.05999755859375,803702
2025-06-17,73.44000244140625,911960
2025-06-18,72.54000091552734,688280
2025-06-19,71.5,869712
2025-06-20,72.0,2138513
2025-06-23,72.22000122070312,670861
2025-06-24,73.16000366210938,1019397
2025-06-25,72.91999816894531,570766
2025-06-26,72.95999908447266,841973
2025-06-27,76.83999633789062,1306656
2025-06-30,75.45999908447266,1567937
2025-07-01,75.30000305175781,2138233
2025-07-02,79.08000183105469,1423708
2025-07-03,78.33999633789062,730931
2025-07-04,77.83999633789062,713315
2025-07-07,78.05999755859375,613582
2025-07-08,79.81999969482422,898472
2025-07-09,82.0,1384179
2025-07-10,85.4000015258789,2630802
2025-07-11,85.58000183105469,1460568
2025-07-14,83.45999908447266,1007146
2025-07-15,85.05999755859375,912311
2025-07-16,85.05999755859375,0
2025-07-17,83.83999633789062,1289914
2025-07-18,83.5199966430664,879860
2025-07-21,83.5199966430664,0
2025-07-22,83.23999786376953,679785
2025-07-23,83.23999786376953,0
2025-07-24,86.62000274658203,1290534
2025-07-25,89.0199966430664,1500943
2025-07-28,86.0999984741211,2079548
2025-07-29,86.16000366210938,1146884
2025-07-30,84.4800033569336,988834
2025-07-31,83.87999725341797,1411296
2025-08-01,82.0999984741211,936942
2025-08-04,82.58000183105469,866240
2025-08-05,83.73999786376953,746331
2025-08-06,84.73999786376953,669215
2025-08-07,86.36000061035156,994829
2025-08-08,87.44000244140625,1447610
2025-08-11,86.58000183105469,900873
2025-08-12,87.5,1219563
2025-08-13,88.68000030517578,756201
2025-08-14,88.68000030517578,0
2025-08-15,90.13999938964844,1100573
2025-08-18,89.31999969482422,639136
2025-08-19,91.41999816894531,866071
2025-08-20,90.80000305175781,628253
2025-08-21,90.41999816894531,708275
2025-08-22,91.41999816894531,624151
2025-08-25,90.94000244140625,327973
2025-08-26,90.4800033569336,1239184
2025-08-27,89.4800033569336,581590
2025-08-28,90.18000030517578,641147
2025-08-29,89.45999908447266,710510
2025-09-01,90.5199966430664,428005
2025-09-02,88.5999984741211,747200
2025-09-03,88.27999877929688,528716
2025-09-04,88.5999984741211,464100
2025-09-05,88.44000244140625,552224
2025-09-08,87.91999816894531,621685
2025-09-09,84.26000213623047,2066676
2025-09-10,84.04000091552734,1661869
2025-09-11,84.33999633789062,1331361
2025-09-12,83.81999969482422,1191374
2025-09-15,83.55999755859375,804238
2025-09-16,83.12000274658203,1046716
2025-09-17,82.9800033569336,820572
2025-09-18,83.41999816894531,641485
2025-09-19,83.26000213623047,2266120
2025-09-22,83.26000213623047,0
2025-09-23,83.62000274658203,766200
2025-09-24,84.81999969482422,1600210
2025-09-25,84.81999969482422,588743
2025-09-26,85.73999786376953,553083
2025-09-29,85.55999755859375,415482
2025-09-30,85.55999755859375,0
2025-10-01,85.80000305175781,571022
2025-10-02,87.13999938964844,698204
2025-10-03,86.41999816894531,669586
2025-10-06,89.27999877929688,1131004
2025-10-07,87.4800033569336,930117
2025-10-08,80.26000213623047,7424815
2025-10-09,80.30000305175781,2104563
2025-10-10,78.4800033569336,1700968
2025-10-13,79.13999938964844,898090
2025-10-14,78.5999984741211,761475
2025-10-15,78.87999725341797,826764
2025-10-16,79.58000183105469,718471
2025-10-17,80.22000122070312,919050
2025-10-20,81.16000366210938,729155
2025-10-21,81.44000244140625,1201468
2025-10-22,80.4800033569336,1631085
2025-10-23,80.37999725341797,712564
2025-10-24,81.16000366210938,692084
2025-10-27,81.5199966430664,520818
2025-10-28,81.23999786376953,689596
2025-10-29,82.0999984741211,869500
2025-10-30,81.37999725341797,917543
2025-10-31,80.72000122070312,882365
2025-11-03,81.54000091552734,702836
2025-11-04,80.30000305175781,920340
2025-11-05,85.80000305175781,2174624
2025-11-06,84.30000305175781,812886
2025-11-07,84.30000305175781,0
2025-11-10,86.91999816894531,714860
2025-11-11,87.31999969482422,687005
2025-11-12,89.05999755859375,899332
2025-11-13,89.05999755859375,0
2025-11-14,88.73999786376953,760333
2025-11-17,87.0,543687
2025-11-18,84.66000366210938,771291
2025-11-19,85.19999694824219,640330
2025-11-20,84.41999816894531,506126
2025-11-21,85.08000183105469,694075
2025-11-24,87.04000091552734,1468012
2025-11-25,87.63999938964844,581152
2025-11-26,87.4000015258789,515763
2025-11-27,87.9000015258789,423030
2025-11-28,88.04000091552734,438101
2025-12-01,89.37999725341797,684904
2025-12-02,89.55999755859375,648071
2025-12-03,89.18000030517578,815701
2025-12-04,93.18000030517578,2098877
2025-12-05,96.45999908447266,2051715
2025-12-08,97.13999938964844,1026968
2025-12-09,97.41999816894531,871199
2025-12-10,95.66000366210938,832142
2025-12-11,95.5,973583
2025-12-12,96.13999938964844,587674
2025-12-15,96.13999938964844,0
2025-12-16,94.26000213623047,1009621
2025-12-17,94.26000213623047,0
2025-12-18,94.26000213623047,0
2025-12-19,93.62000274658203,2773865
2025-12-22,92.86000061035156,388188
2025-12-23,92.66000366210938,313402
2025-12-29,93.54000091552734,437131
2025-12-30,93.13999938964844,286069
2026-01-02,96.31999969482422,726352
2026-01-05,93.62000274658203,862493
2026-01-06,93.04000091552734,686232
2026-01-07,93.05999755859375,606633
2026-01-08,92.5999984741211,965829
2026-01-09,92.0199966430664,1176143
2026-01-12,90.4800033569336,893874
2026-01-13,88.45999908447266,1205682
2026-01-14,90.86000061035156,1102022
2026-01-15,90.08000183105469,1034728
2026-01-16,88.72000122070312,999570
2026-01-19,85.68000030517578,1691447
2026-01-20,86.08000183105469,1052952
2026-01-21,86.73999786376953,786284
2026-01-22,87.91999816894531,1153938
2026-01-23,87.62000274658203,570520
2026-01-26,87.4800033569336,492958
2026-01-27,86.80000305175781,787970
2026-01-28,87.0,1415012
2026-01-29,87.12000274658203,889569
2026-01-30,87.41999816894531,1005640
2026-02-02,88.0,689412
2026-02-03,87.63999938964844,667304
2026-02-04,91.04000091552734,1075701
2026-02-05,88.94000244140625,1295036
2026-02-06,88.44000244140625,907034
2026-02-09,88.23999786376953,633336
2026-02-10,89.27999877929688,787965
2026-02-11,89.45999908447266,754306
2026-02-12,87.72000122070312,1220037
2026-02-13,88.9000015258789,866384
2026-02-16,89.4800033569336,493722
2026-02-17,90.55999755859375,542196
2026-02-18,91.80000305175781,749983
2026-02-19,90.08000183105469,736113
2026-02-20,90.31999969482422,1200054
2026-02-23,87.69999694824219,1019558
2026-02-24,88.4800033569336,569816
2026-02-25,88.12000274658203,661032
2026-02-26,88.83999633789062,579291
2026-02-27,89.45999908447266,1063829
2026-03-02,85.0,1569515
2026-03-03,82.5199966430664,1550495
2026-03-04,82.63999938964844,1071342
2026-03-05,81.41999816894531,1184960
2026-03-06,79.80000305175781,1374787
2026-03-09,78.76000213623047,1214484
2026-03-10,80.4000015258789,1477427
2026-03-11,80.81999969482422,1012069
2026-03-12,81.68000030517578,1596631
2026-03-13,81.30000305175781,1181090
2026-03-16,79.08000183105469,1249993
2026-03-17,79.36000061035156,790477
2026-03-18,79.0199966430664,1240530
2026-03-19,76.33999633789062,1600301
2026-03-20,75.76000213623047,4082149
2026-03-23,77.83999633789062,1890727
2026-03-24,77.83999633789062,702452
2026-03-25,78.87999725341797,695338
2026-03-26,78.18000030517578,687885
2026-03-27,77.77999877929688,791745
2026-03-30,78.05999755859375,866165
2026-03-31,78.0,1020500
2026-04-01,79.0199966430664,964952
2026-04-02,79.23999786376953,814601
2026-04-07,78.23999786376953,999957
2026-04-08,82.41999816894531,1356193
2026-04-09,82.37999725341797,898838
2026-04-10,83.83999633789062,1136690
2026-04-13,83.87999725341797,675343
2026-04-14,82.5,1188161
2026-04-15,82.23999786376953,970489
2026-04-16,81.0,931095
2026-04-17,84.22000122070312,1476110
2026-04-20,83.5,837291
2026-04-21,83.4800033569336,594117
2026-04-22,81.87999725341797,824374
2026-04-23,81.08000183105469,673442
2026-04-24,79.33999633789062,1307692
2026-04-27,79.30000305175781,820879
2026-04-28,79.36000061035156,914139
2026-04-29,77.55999755859375,1341139
2026-04-30,77.91999816894531,1223305
2026-05-04,76.0199966430664,631126
