Date,Close
1996-11-11,-0.14253703669030793
1996-11-12,0.34347123150726067
1996-11-13,-0.08977772529235757
1996-11-14,0.13921304102603144
1996-11-15,0.371145167196746
1996-11-18,0.057817529654463226
1996-11-19,0.18594467944021584
1996-11-20,-0.7708028018726953
1996-11-21,0.032552465094798005
1996-11-22,0.3586835945893533
1996-11-25,1.4438965370139296
1996-11-26,0.745162170095375
1996-11-27,-0.4321827101611278
1996-11-28,1.3156614024719424
1996-11-29,0.04606427840008501
1996-12-02,0.7039449136717936
1996-12-03,2.6783921993766273
1996-12-04,-0.30703392606353663
1996-12-05,-0.8805337877607676
1996-12-06,-0.8802238145704094
1996-12-09,1.4824261598311355
1996-12-10,0.29571537999073255
1996-12-11,-1.3941514967609419
1996-12-12,-0.3965818150001648
1996-12-13,-0.8025686759777375
1996-12-16,0.6357219678535612
1996-12-17,-0.47900599488996254
1996-12-18,0.0804508164539317
1996-12-19,0.16283350288598591
1996-12-20,0.9169907646068963
1996-12-23,0.3839242372939459
1996-12-24,-0.014274185430616797
1996-12-25,-0.014274185430616797
1996-12-26,-0.014274185430616797
1996-12-27,0.04526475824220328
1996-12-30,0.6472423160638509
1996-12-31,-0.014274185430616797
1997-01-01,-0.014274185430616797
1997-01-02,-0.820216563445457
1997-01-03,0.16448809299182424
1997-01-06,-0.14254883058949433
1997-01-07,-0.3364718040159051
1997-01-08,0.6621237580550978
1997-01-09,0.20830135489192805
1997-01-10,-0.19361769184797184
1997-01-13,0.7394079702153658
1997-01-14,1.54704666914083
1997-01-15,-0.9175142975878218
1997-01-16,-0.5650167923126693
1997-01-17,0.7523546367904673
1997-01-20,-0.4914097504566858
1997-01-21,-0.014274185430616797
1997-01-22,-0.6310197864549502
1997-01-23,-0.11333491670245636
1997-01-24,-1.6677266856590054
1997-01-27,-0.2247651224285679
1997-01-28,0.4243659124867449
1997-01-29,-0.08631379209847641
1997-01-30,0.7128118380135052
1997-01-31,-0.26231026197185325
1997-02-03,-0.4282364750797483
1997-02-04,0.44341957110949387
1997-02-05,1.1918692488960965
1997-02-06,-0.014274185430616797
1997-02-07,0.20724137385067645
1997-02-10,0.5516222189231459
1997-02-11,1.3126698176940255
1997-02-12,-0.014274185430616797
1997-02-13,2.950329837552738
1997-02-14,-0.4333030375032823
1997-02-17,0.22302241762955355
1997-02-18,-0.9809879300739566
1997-02-19,-0.014274185430616797
1997-02-20,-0.8999904984094798
1997-02-21,-0.3584301260390065
1997-02-24,-0.43139536044916293
1997-02-25,0.7364800574883624
1997-02-26,-0.014274185430616797
1997-02-27,-0.5559912395585382
1997-02-28,0.11111751958882195
1997-03-03,-0.26540827188080296
1997-03-04,1.5143003273773608
1997-03-05,1.0300314253853555
1997-03-06,0.372247015048083
1997-03-07,0.6605952996887646
1997-03-10,-0.4451749749307582
1997-03-11,1.3851433792311685
1997-03-12,0.6950748064571343
1997-03-13,1.0629317569989867
1997-03-14,-0.9771269586426551
1997-03-17,-2.255330303566598
1997-03-18,-1.3355180067744596
1997-03-19,0.8921000065047415
1997-03-20,-1.4197791518105505
1997-03-21,0.6732511858208649
1997-03-24,0.3866143275556875
1997-03-25,2.337975678915241
1997-03-26,2.7301833464949485
1997-03-27,0.4476291798000108
1997-03-28,-0.014274185430616797
1997-03-31,-0.014274185430616797
1997-04-01,-2.552317448980353
1997-04-02,-1.6843510262157033
1997-04-03,-0.5012815041839599
1997-04-04,0.9587099107304351
1997-04-07,2.2657135164410565
1997-04-08,1.661643941203049
1997-04-09,2.0703574582445174
1997-04-10,0.8886832572585768
1997-04-11,-1.492395312016374
1997-04-14,0.24565486467785644
1997-04-15,1.021649544988172
1997-04-16,-0.014274185430616797
1997-04-17,-0.73496328206132
1997-04-18,-0.6259515859174353
1997-04-21,-0.7203251653674817
1997-04-22,0.001615111442065824
1997-04-23,0.4003330685740298
1997-04-24,0.5335317397670943
1997-04-25,-0.18402771274370633
1997-04-28,-0.18638558661613608
1997-04-29,0.4294997606911367
1997-04-30,0.9760568103704615
1997-05-01,-0.014274185430616797
1997-05-02,1.4286133065159696
1997-05-05,1.397251228174077
1997-05-06,-0.5181904795970044
1997-05-07,-0.7059873638493149
1997-05-08,-0.014274185430616797
1997-05-09,-0.024065071906780065
1997-05-12,-0.8556976990695813
1997-05-13,-0.07911784884981873
1997-05-14,0.37671544758399866
1997-05-15,-1.6986575304441887
1997-05-16,-0.4021968243690512
1997-05-19,-0.014274185430616797
1997-05-20,-1.2345532065064044
1997-05-21,0.4713036580941842
1997-05-22,-0.014274185430616797
1997-05-23,1.841155915482886
1997-05-26,1.1595318785678488
1997-05-27,0.4986112753768336
1997-05-28,-1.9321356884942718
1997-05-29,0.05163999460180058
1997-05-30,-1.3626054888417864
1997-06-02,0.2767632115161052
1997-06-03,0.7090948693040082
1997-06-04,-0.1181754034080457
1997-06-05,0.489389587793618
1997-06-06,-0.262900745725364
1997-06-09,-1.2824724142073634
1997-06-10,-0.4956182337373376
1997-06-11,-0.014274185430616797
1997-06-12,1.4171161620109425
1997-06-13,0.3530416994773584
1997-06-16,-0.43110952336260666
1997-06-17,-0.6785220241330308
1997-06-18,1.2999971583110217
1997-06-19,0.19932116832308874
1997-06-20,-0.6613576565096827
1997-06-23,-0.5015948885302585
1997-06-24,0.08702730454529259
1997-06-25,0.17058560661662114
1997-06-26,0.46843243630728415
1997-06-27,-0.07351847399758414
1997-06-30,-0.16858420305478872
1997-07-01,0.20265061575237842
1997-07-02,0.5137391770953098
1997-07-03,1.3797764759767837
1997-07-04,-0.5778358634819035
1997-07-07,0.20050427004102142
1997-07-08,0.7323144652846271
1997-07-09,-0.014274185430616797
1997-07-10,-0.8132410430517117
1997-07-11,0.6104416377530506
1997-07-14,1.5641572749558394
1997-07-15,-0.447756870535671
1997-07-16,-0.04425135747457877
1997-07-17,-0.4520230790485005
1997-07-18,-1.4457622442791112
1997-07-21,-0.5327181960936849
1997-07-22,0.6337193512777216
1997-07-23,-0.07819034386779881
1997-07-24,-0.0602080189413054
1997-07-25,0.7994395596132873
1997-07-28,-0.8788987303342196
1997-07-29,-1.9100519495372676
1997-07-30,1.4257928185984072
1997-07-31,0.7624123309416835
1997-08-01,-0.6269923768098354
1997-08-04,-0.20976449524683144
1997-08-05,0.19610324306800445
1997-08-06,-0.716933840034962
1997-08-07,0.265027317143736
1997-08-08,-0.5256320979666319
1997-08-11,-0.04799974750916662
1997-08-12,-0.04632841399297895
1997-08-13,-1.3269333447542337
1997-08-14,-1.9299585820967808
1997-08-15,-1.383420823710021
1997-08-18,0.03963288959666892
1997-08-19,1.7612350623388406
1997-08-20,0.5283476553014904
1997-08-21,0.6584433122933077
1997-08-22,-1.3711716072768743
1997-08-25,-0.08430922285326241
1997-08-26,-1.5949084683279138
1997-08-27,0.5307169979748787
1997-08-28,-0.7790379054070823
1997-08-29,-0.7175896598971989
1997-09-01,0.3386810734624085
1997-09-02,2.2674999377771505
1997-09-03,-0.5097284882817334
1997-09-04,-0.43450149346391814
1997-09-05,-0.5378885318744819
1997-09-08,0.8679517259009429
1997-09-09,1.1819201435178774
1997-09-10,-0.20563572524647208
1997-09-11,-0.7713182116558452
1997-09-12,-1.234899996528441
1997-09-15,2.0166257548352835
1997-09-16,1.2923962582226307
1997-09-17,-0.49461667836946155
1997-09-18,-1.1734116831786219
1997-09-19,-0.41962356922318894
1997-09-22,1.1739870347499886
1997-09-23,-0.25556989297056915
1997-09-24,1.5232523296421527
1997-09-25,0.6696915167495452
1997-09-26,1.852659812082093
1997-09-29,-0.36551299606637055
1997-09-30,0.40171886039947874
1997-10-01,0.6811648831895651
1997-10-02,-0.23481167541963055
1997-10-03,-0.014274185430616797
1997-10-06,-0.760126050105345
1997-10-07,-0.854776568529536
1997-10-08,-0.3917227839651883
1997-10-09,-1.2094607053377089
1997-10-10,0.18731207479862239
1997-10-13,1.0793764334021514
1997-10-14,-0.6735267255969347
1997-10-15,-0.25304144691103514
1997-10-16,-0.44402653605984055
1997-10-17,-1.3837796790546244
1997-10-20,-0.5515555642830652
1997-10-21,0.3162665943388608
1997-10-22,0.7220143096025794
1997-10-23,-0.785991179612293
1997-10-24,-0.5740530717265578
1997-10-27,-2.252143753728568
1997-10-28,-3.4637254785127323
1997-10-29,2.420623459994165
1997-10-30,-0.6931523983046602
1997-10-31,1.045230258841813
1997-11-03,0.6553478686137781
1997-11-04,-0.021770937972829266
1997-11-05,0.2834803743510578
1997-11-06,0.2110982278754578
1997-11-07,-2.567798349035003
1997-11-10,-1.185395988816692
1997-11-11,0.00582484792712211
1997-11-12,-1.4768601439852589
1997-11-13,-0.2593488100289382
1997-11-14,0.9422103767415263
1997-11-17,1.6185337695888626
1997-11-18,1.4363252864201301
1997-11-19,0.5654927828806156
1997-11-20,0.9044356893275539
1997-11-21,0.06350732421078191
1997-11-24,-0.5669622731891232
1997-11-25,-0.8507811972295324
1997-11-26,1.4987095466974842
1997-11-27,0.21583669619815687
1997-11-28,0.5098439230743446
1997-12-01,2.4230700276927295
1997-12-02,0.1545092191564314
1997-12-03,0.08705258344493742
1997-12-04,0.5230926798382775
1997-12-05,0.0026730584928606055
1997-12-08,-0.5000049407624904
1997-12-09,0.11916115387271313
1997-12-10,-1.204385190203804
1997-12-11,-2.217391105672266
1997-12-12,-0.016096746414528584
1997-12-15,-0.391925332162778
1997-12-16,0.49165015101712284
1997-12-17,-0.6127691012430255
1997-12-18,-0.6560657213022545
1997-12-19,-2.052168128489452
1997-12-22,0.2106723035623786
1997-12-23,0.06954677031838852
1997-12-24,-0.014274185430616797
1997-12-25,-0.014274185430616797
1997-12-26,-0.014274185430616797
1997-12-29,2.4122168103078527
1997-12-30,1.2424189399606596
1997-12-31,-0.014274185430616797
1998-01-01,-0.014274185430616797
1998-01-02,1.7254849091188322
1998-01-05,0.32684397854779595
1998-01-06,-0.9042375748696492
1998-01-07,-0.25748741064928815
1998-01-08,-0.6296489698444921
1998-01-09,-1.2051557106128314
1998-01-12,-2.306190134059318
1998-01-13,0.8674107726378115
1998-01-14,0.3380035475933334
1998-01-15,0.09633835795111943
1998-01-16,0.6440134642326121
1998-01-19,0.7096298043904329
1998-01-20,0.7632305564084112
1998-01-21,0.16432402745611271
1998-01-22,-0.1928723983173511
1998-01-23,-1.3350557666284257
1998-01-26,0.2389362231955052
1998-01-27,1.5321920021017807
1998-01-28,0.8249612448787403
1998-01-29,1.7100103223564618
1998-01-30,0.5993488808995808
1998-02-02,1.1751606118085374
1998-02-03,0.24032584807068266
1998-02-04,-0.7479462361822552
1998-02-05,-0.1744891499177164
1998-02-06,-0.11099207771417495
1998-02-09,0.5955067099329796
1998-02-10,1.242327409954419
1998-02-11,1.8726180515890871
1998-02-12,-0.23922663013162518
1998-02-13,0.0009638037527472141
1998-02-16,0.580543063777907
1998-02-17,0.4854446959251494
1998-02-18,-0.13498757244202597
1998-02-19,-0.778382473465839
1998-02-20,0.2518458285964764
1998-02-23,1.0134327231588351
1998-02-24,0.41904559443950473
1998-02-25,1.20544941645092
1998-02-26,1.2443793081165369
1998-02-27,2.7554043667808026
1998-03-02,1.3065203477295118
1998-03-03,0.5867455177077554
1998-03-04,-1.3479792916065696
1998-03-05,-0.4990787491678089
1998-03-06,0.5983542639365478
1998-03-09,0.8154355284907785
1998-03-10,-1.0481677671345337
1998-03-11,0.11378636305376061
1998-03-12,-0.9245642111634051
1998-03-13,0.7303744240730209
1998-03-16,-0.13887538682774506
1998-03-17,0.327598579737056
1998-03-18,0.6901519555098778
1998-03-19,3.0467253655547775
1998-03-20,2.574371001027186
1998-03-23,-0.7972720985172342
1998-03-24,0.4232002258838549
1998-03-25,-0.3394197371464599
1998-03-26,-0.716636808090908
1998-03-27,0.23601983261792472
1998-03-30,0.6297165046388307
1998-03-31,-1.5542629539208244
1998-04-01,0.7451559283259064
1998-04-02,2.7525888753433394
1998-04-03,0.09385869698429529
1998-04-06,-0.8585488417042004
1998-04-07,-0.0587041650295834
1998-04-08,-0.23154984070489093
1998-04-09,0.11620945041521905
1998-04-10,-0.014274185430616797
1998-04-13,-0.014274185430616797
1998-04-14,-0.6318851851003859
1998-04-15,-1.433129326909612
1998-04-16,-0.9605578619968281
1998-04-17,1.6576129136724744
1998-04-20,-0.42128362158118127
1998-04-21,-1.5014094617168354
1998-04-22,-1.0915098743524008
1998-04-23,-0.3321868266972223
1998-04-24,-0.959740471852151
1998-04-27,-0.8845234613221009
1998-04-28,0.9535038955192707
1998-04-29,0.13661079690889102
1998-04-30,1.94908417607094
1998-05-01,-0.014274185430616797
1998-05-04,1.1002732320308781
1998-05-05,-1.1527177674384734
1998-05-06,0.893714351388171
1998-05-07,-2.2334326188207827
1998-05-08,0.5621523927994572
1998-05-11,0.3195737172753994
1998-05-12,0.1277366904236292
1998-05-13,1.4856067314270667
1998-05-14,-1.751485954479435
1998-05-15,0.15210164763642667
1998-05-18,-1.5902905438465829
1998-05-19,2.0562210991887673
1998-05-20,-5.207223042846964
1998-05-21,-0.014274185430616797
1998-05-22,-0.7507181061102849
1998-05-25,0.2508145288211154
1998-05-26,1.3885759877737722
1998-05-27,-1.154826503048034
1998-05-28,1.7874419622355602
1998-05-29,-1.1652143338320082
1998-06-01,-0.014274185430616797
1998-06-02,0.4246846352737909
1998-06-03,0.9501479569441699
1998-06-04,0.23684335392282926
1998-06-05,1.9567491304299414
1998-06-08,1.1816549747449794
1998-06-09,-1.6907209010102229
1998-06-10,-0.5520147529135957
1998-06-11,-0.014274185430616797
1998-06-12,-1.7230956668860797
1998-06-15,-1.5381423141392314
1998-06-16,0.2994564197860388
1998-06-17,0.2974211241105757
1998-06-18,-0.27297872461587336
1998-06-19,-1.6831565203900558
1998-06-22,-1.2179826859816307
1998-06-23,0.7694466144430354
1998-06-24,0.18448084425050507
1998-06-25,1.6143654138668766
1998-06-26,-0.09285942472841745
1998-06-29,0.42890918517709165
1998-06-30,-0.3004110193208954
1998-07-01,0.03751127631017538
1998-07-02,0.24648139856855567
1998-07-03,0.4768405011349624
1998-07-06,0.6975755785446474
1998-07-07,1.9940784332215737
1998-07-08,0.03380509990705436
1998-07-09,-1.4899944348448386
1998-07-10,1.219279263456268
1998-07-13,-0.6276824436428994
1998-07-14,0.2734645895312603
1998-07-15,0.38442294573900987
1998-07-16,0.21275946140986
1998-07-17,0.0496797878059075
1998-07-20,-1.2382772660812529
1998-07-21,-1.4991445610431264
1998-07-22,-0.9474011351662438
1998-07-23,-3.114106357043075
1998-07-24,0.5392590572827323
1998-07-27,-0.7068626132609487
1998-07-28,1.294634801275084
1998-07-29,0.9679674038572305
1998-07-30,-0.45636600052597476
1998-07-31,-0.014274185430616797
1998-08-03,-3.3689079019234023
1998-08-04,-0.6521363367057856
1998-08-05,0.16228712004475968
1998-08-06,-0.6313825163027379
1998-08-07,-0.014274185430616797
1998-08-10,-1.1192612453152113
1998-08-11,0.016429014418811692
1998-08-12,-0.286669462448343
1998-08-13,-1.4622817172655893
1998-08-14,0.8997769287153397
1998-08-17,0.33719321872575775
1998-08-18,1.4848775656545343
1998-08-19,-0.0728609415497499
1998-08-20,-1.2569228743901637
1998-08-21,-3.1670568658236076
1998-08-24,-1.3961357389562319
1998-08-25,0.58287069731297
1998-08-26,-0.5452531778445994
1998-08-27,-1.4006112500054735
1998-08-28,-0.014274185430616797
1998-08-31,-2.84225066290417
1998-09-01,-2.9818806858436804
1998-09-02,2.108575086418774
1998-09-03,-3.0770624897764822
1998-09-04,-0.014274185430616797
1998-09-07,4.111372004138026
1998-09-08,2.113197159810674
1998-09-09,-3.613657362480625
1998-09-10,-0.9593874627552771
1998-09-11,-0.014274185430616797
1998-09-14,0.02451868477203943
1998-09-15,-1.6050706157955101
1998-09-16,-0.21515565054668762
1998-09-17,-2.6104122389752025
1998-09-18,-0.014274185430616797
1998-09-21,-6.552927950347835
1998-09-22,1.9385070916273897
1998-09-23,3.2544121774507557
1998-09-24,-0.8300682521481878
1998-09-25,-0.014274185430616797
1998-09-28,2.6977411404438905
1998-09-29,1.1681328240927096
1998-09-30,-5.022453100659576
1998-10-01,-2.8279261421001936
1998-10-02,2.7196165794393203
1998-10-05,-0.06902123399162349
1998-10-06,2.178571535931462
1998-10-07,-3.1152891746240634
1998-10-08,-5.745481251591331
1998-10-09,2.952512065632285
1998-10-12,3.6583158974985626
1998-10-13,-1.986127377174458
1998-10-14,2.037407001746916
1998-10-15,-0.635991883989372
1998-10-16,2.117118690020512
1998-10-19,0.027663998364945326
1998-10-20,3.375949051899073
1998-10-21,-1.4488983502740131
1998-10-22,-2.7999247046028377
1998-10-23,0.20521541422304485
1998-10-26,2.175691072808308
1998-10-27,1.7575110735078587
1998-10-28,-0.4210004128044902
1998-10-29,-0.8361745113292722
1998-10-30,-0.014274185430616797
1998-11-02,2.6080351306099705
1998-11-03,-0.014274185430616797
1998-11-04,-0.21232244391758573
1998-11-05,-0.21112995070564147
1998-11-06,-0.014274185430616797
1998-11-09,-1.297598799131672
1998-11-10,-2.992767329660456
1998-11-11,-0.5367866423710091
1998-11-12,-2.4862925233500914
1998-11-13,1.9766813605095659
1998-11-16,1.5496754923664822
1998-11-17,0.19850366283331877
1998-11-18,0.6205324900540848
1998-11-19,0.6943698783609614
1998-11-20,0.7254355897027224
1998-11-23,-0.014274185430616797
1998-11-24,1.1531020720672318
1998-11-25,1.3261435345261845
1998-11-26,2.3377838177961694
1998-11-27,3.2739687731340754
1998-11-30,-2.9909608002908485
1998-12-01,-0.014274185430616797
1998-12-02,-6.132228319701711
1998-12-03,-0.9822240420769163
1998-12-04,-2.7831132671324528
1998-12-07,-0.018865586308659855
1998-12-08,-0.014274185430616797
1998-12-09,0.275488439053726
1998-12-10,0.343748200515039
1998-12-11,-0.014274185430616797
1998-12-14,0.9090163780369217
1998-12-15,-1.1888134780817556
1998-12-16,1.0716204187242886
1998-12-17,0.3481214850733382
1998-12-18,-0.014274185430616797
1998-12-21,3.7975311672153564
1998-12-22,0.7774726408045297
1998-12-23,1.7603153595233532
1998-12-24,-0.014274185430616797
1998-12-25,-0.014274185430616797
1998-12-28,2.1858853132678253
1998-12-29,-1.314530984028133
1998-12-30,-0.7642627280364822
1998-12-31,-0.014274185430616797
1999-01-01,-0.014274185430616797
1999-01-04,3.319485818476467
1999-01-05,0.5670234759117656
1999-01-06,2.693381315666773
1999-01-07,-1.1851720999966024
1999-01-08,0.6853254728769431
1999-01-11,-1.5769594209152038
1999-01-12,-1.8577553055565466
1999-01-13,-2.223421642211495
1999-01-14,-0.014274185430616797
1999-01-15,-3.1833951831429528
1999-01-18,0.690263885907412
1999-01-19,-0.5629275528180155
1999-01-20,2.1142934244931704
1999-01-21,-0.7642744767083245
1999-01-22,-0.014274185430616797
1999-01-25,-1.3140683202576497
1999-01-26,-0.877691759112459
1999-01-27,0.6935129426724835
1999-01-28,-0.014274185430616797
1999-01-29,0.9873861650965398
1999-02-01,0.4100350734188302
1999-02-02,-0.21115515648562075
1999-02-03,-0.47222106198582964
1999-02-04,2.956575650035281
1999-02-05,0.6287983695775694
1999-02-08,3.9014839535483934
1999-02-09,-0.6716001046085845
1999-02-10,-0.014274185430616797
1999-02-11,-0.6493800162474468
1999-02-12,-0.014274185430616797
1999-02-15,2.5181372662914954
1999-02-16,0.10647130255096308
1999-02-17,-1.1460459913627188
1999-02-18,-1.8317941625044454
1999-02-19,0.349953747327598
1999-02-22,-0.757937301790451
1999-02-23,-0.22027503521387154
1999-02-24,-1.6859326351778983
1999-02-25,-0.5127356549606439
1999-02-26,-0.014274185430616797
1999-03-01,-1.6921589017132013
1999-03-02,-0.014274185430616797
1999-03-03,-3.0790510197791026
1999-03-04,0.379293682014308
1999-03-05,0.8334828384036702
1999-03-08,-0.1910752095888847
1999-03-09,0.861225403746545
1999-03-10,-1.5525475997346223
1999-03-11,-0.3296490749264318
1999-03-12,-0.014274185430616797
1999-03-15,0.2071141791660528
1999-03-16,0.18368743750395647
1999-03-17,1.2676228304378327
1999-03-18,1.2261995878985326
1999-03-19,1.4855832879453619
1999-03-22,-0.8505484330966122
1999-03-23,-1.5195681018225828
1999-03-24,-0.07525616023130138
1999-03-25,2.02574994668123
1999-03-26,-2.0129809319051146
1999-03-29,1.7310885139392511
1999-03-30,-1.3679308151185845
1999-03-31,-2.099560524280332
1999-04-01,-0.05301280312610304
1999-04-02,-0.014274185430616797
1999-04-05,-0.014274185430616797
1999-04-06,1.0546132971405626
1999-04-07,-0.6163534186768218
1999-04-08,-0.014274185430616797
1999-04-09,1.0798392796143164
1999-04-12,1.6458732917475924
1999-04-13,-0.014274185430616797
1999-04-14,0.5540981389049234
1999-04-15,0.860859157254479
1999-04-16,-0.014274185430616797
1999-04-19,-0.1068122924498778
1999-04-20,-2.02932602244429
1999-04-21,0.20748909572639931
1999-04-22,0.5745640169158666
1999-04-23,-0.014274185430616797
1999-04-26,1.989250464838995
1999-04-27,-0.014274185430616797
1999-04-28,-0.29196449934458846
1999-04-29,-0.47826273842834033
1999-04-30,-0.6250649675484725
1999-05-03,1.128252626055315
1999-05-04,0.2993804167358006
1999-05-05,-0.08337950530044748
1999-05-06,1.1277517981161538
1999-05-07,-1.1909066137303457
1999-05-10,1.1107856952729724
1999-05-11,-1.3492769036778298
1999-05-12,0.33571150750112244
1999-05-13,-0.014274185430616797
1999-05-14,-0.7187068314850455
1999-05-17,-0.02164346636226077
1999-05-18,0.20828479582015835
1999-05-19,-0.22946388574973847
1999-05-20,-0.7274438029886217
1999-05-21,-1.4697287109501196
1999-05-24,-0.014274185430616797
1999-05-25,1.2236218116632218
1999-05-26,-0.9540420326456698
1999-05-27,-0.6920737347398982
1999-05-28,-1.2636684154093212
1999-05-31,-1.039637712858931
1999-06-01,0.39205761941355655
1999-06-02,0.10291654042870248
1999-06-03,-0.014274185430616797
1999-06-04,1.5869597449954818
1999-06-07,1.1726328905238306
1999-06-08,0.9986541078703342
1999-06-09,-1.9145962291807508
1999-06-10,1.6713397102915488
1999-06-11,-0.6813584442573536
1999-06-14,0.8153316588415572
1999-06-15,0.17741322935130152
1999-06-16,-0.2992997297311088
1999-06-17,-0.8094228834027789
1999-06-18,0.24155836368196534
1999-06-21,-0.8204887627426112
1999-06-22,2.992863007065503
1999-06-23,1.4636537133579135
1999-06-24,-1.38766597902644
1999-06-25,-1.9845254723910786
1999-06-28,1.1168598606934708
1999-06-29,0.4107512727892864
1999-06-30,-0.8275212005827856
1999-07-01,0.09090820245190677
1999-07-02,1.9235827249995956
1999-07-05,-0.6198018101959487
1999-07-06,0.6672854371880589
1999-07-07,-0.699414420396055
1999-07-08,1.210206467685659
1999-07-09,1.4427724853834445
1999-07-12,-0.014274185430616797
1999-07-13,1.2709703679570594
1999-07-14,-2.2820309605408533
1999-07-15,-0.1459001299956481
1999-07-16,0.6402344784234844
1999-07-19,-0.014274185430616797
1999-07-20,0.8334236889251212
1999-07-21,-0.468449635483239
1999-07-22,0.3103429157024151
1999-07-23,-2.5420379867156786
1999-07-26,-0.9112166068846599
1999-07-27,-1.2136044883745947
1999-07-28,1.3928666228635034
1999-07-29,0.29662264307541375
1999-07-30,0.8395975479505072
1999-08-02,2.296628336609832
1999-08-03,-0.43507149702427583
1999-08-04,-1.1330781547948419
1999-08-05,1.5906277961313842
1999-08-06,-2.05390694639008
1999-08-09,-0.8264812928989688
1999-08-10,0.7979329220377303
1999-08-11,-1.3069247834201694
1999-08-12,1.0103557910034913
1999-08-13,1.7751315698964083
1999-08-16,0.34305498641596005
1999-08-17,-0.17070430159599373
1999-08-18,-0.6724695320428934
1999-08-19,0.5731029746782381
1999-08-20,-0.14097927254318993
1999-08-23,0.942007329385945
1999-08-24,-0.2969653848221451
1999-08-25,0.01906155355664785
1999-08-26,-0.3823750455975981
1999-08-27,1.0158924442061323
1999-08-30,1.8392880466261845
1999-08-31,-0.09339122699121014
1999-09-01,-0.3319859745856073
1999-09-02,-0.737072926150484
1999-09-03,-1.5605105249240063
1999-09-06,2.1270485081647643
1999-09-07,0.44698324691972235
1999-09-08,1.2045951575066753
1999-09-09,2.1126801675214044
1999-09-10,-1.2093674169344575
1999-09-13,-0.8382678136695049
1999-09-14,0.5822748595697803
1999-09-15,-1.8110975553788868
1999-09-16,1.1860001395172464
1999-09-17,-1.9944531209860843
1999-09-20,-0.9870439789897365
1999-09-21,-0.6740229597726334
1999-09-22,0.48140803480573985
1999-09-23,-1.3477379734314485
1999-09-24,1.401286486098768
1999-09-27,-2.1108663449282012
1999-09-28,-0.6009407538845581
1999-09-29,-0.7138772272764499
1999-09-30,0.12647392605699398
1999-10-01,-0.8650793751914695
1999-10-04,0.4484735153149389
1999-10-05,3.599483871239352
1999-10-06,0.5405422465141586
1999-10-07,-0.4215873764128828
1999-10-08,0.21424961984064964
1999-10-11,-0.2919184704321858
1999-10-12,-0.5082238134857934
1999-10-13,-0.5134105354698355
1999-10-14,-0.68806790847706
1999-10-15,-1.2865609986916364
1999-10-18,0.6261344082240595
1999-10-19,0.02009049269264584
1999-10-20,0.7694849091836536
1999-10-21,1.3022934084733626
1999-10-22,-1.1621687697330458
1999-10-25,0.9524611901438959
1999-10-26,0.3309515774029595
1999-10-27,1.5168693872700512
1999-10-28,-0.5726479645721652
1999-10-29,2.180911037632587
1999-11-01,-0.8178413403067126
1999-11-02,0.4972513480202309
1999-11-03,-1.7252331200100244
1999-11-04,-1.261198316625406
1999-11-05,-0.42625414290867714
1999-11-08,-0.5971245328170256
1999-11-09,0.2363934664355314
1999-11-10,0.8446143729070825
1999-11-11,0.36071311053903055
1999-11-12,-2.258860189888964
1999-11-15,-2.621349155180511
1999-11-16,-1.401265451739234
1999-11-17,0.8300566446652725
1999-11-18,0.3842795008496339
1999-11-19,0.8261572054273879
1999-11-22,1.0027900792545679
1999-11-23,-1.387128468771147
1999-11-24,-0.9156759500876415
1999-11-25,0.708210453491746
1999-11-26,0.16464294030404025
1999-11-29,-1.2810610915383311
1999-11-30,-0.23487417245954462
1999-12-01,1.0966032648991335
1999-12-02,1.8563817476985398
1999-12-03,-0.4488622422589402
1999-12-06,-0.014274185430616797
1999-12-07,1.5320198601750854
1999-12-08,-0.5241443557489793
1999-12-09,-1.2081416512365113
1999-12-10,1.0084319627254499
1999-12-13,-2.1180123022967177
1999-12-14,-0.014274185430616797
1999-12-15,0.6973666560320642
1999-12-16,1.0335971948259657
1999-12-17,5.2918363321843085
1999-12-20,-1.3458068620082018
1999-12-21,-0.8153391580721361
1999-12-22,0.3077704649542239
1999-12-23,-1.7632055166429308
1999-12-24,-0.014274185430616797
1999-12-27,2.134173701603203
1999-12-28,0.22381810157929596
1999-12-29,0.4583840171836652
1999-12-30,1.0706439921868907
1999-12-31,-0.014274185430616797
2000-01-03,-2.3863193915946077
2000-01-04,-1.9708346715313776
2000-01-05,-0.9636467860187006
2000-01-06,-0.16864415182403866
2000-01-07,-0.10024580689078862
2000-01-10,1.8421410505983074
2000-01-11,-0.18007333171745674
2000-01-12,-0.7001688167555912
2000-01-13,-1.364477150244079
2000-01-14,-0.3622522026623526
2000-01-17,0.12521846658852998
2000-01-18,-0.5043322052471935
2000-01-19,1.012534660678154
2000-01-20,-2.4698358742712014
2000-01-21,-0.8372178400677858
2000-01-24,-1.8957681438431035
2000-01-25,-2.8209101337463847
2000-01-26,2.213073420813773
2000-01-27,-0.40443161919128484
2000-01-28,1.4705676435054658
2000-01-31,-2.7897378005426186
2000-02-01,1.1782968148957607
2000-02-02,0.1424997290506802
2000-02-03,2.685621081755158
2000-02-04,-0.45996526401093835
2000-02-07,-0.6907239921850558
2000-02-08,-0.20390918865243726
2000-02-09,-0.014274185430616797
2000-02-10,1.5739372584101532
2000-02-11,-0.38321085919410786
2000-02-14,-0.57313299691818
2000-02-15,-0.6746901440203326
2000-02-16,1.1123026377817375
2000-02-17,-0.7623225964511019
2000-02-18,1.8342382839982854
2000-02-21,2.372360857881708
2000-02-22,0.32932552088908645
2000-02-23,-1.4920254422993187
2000-02-24,-0.014274185430616797
2000-02-25,0.16199516453786597
2000-02-28,-1.606462309610034
2000-02-29,0.9759289458554746
2000-03-01,0.4290912470722885
2000-03-02,-0.03192397500868885
2000-03-03,-1.6307429283537467
2000-03-06,-0.3810862790504001
2000-03-07,-0.8875855793468911
2000-03-08,0.8222074361639045
2000-03-09,-0.16191206239346276
2000-03-10,0.9009908076335641
2000-03-13,0.6160935342094603
2000-03-14,1.3263809356924774
2000-03-15,6.082354030973671
2000-03-16,1.0447148388653593
2000-03-17,-2.723231568154534
2000-03-20,1.097207589990606
2000-03-21,3.5611929148963983
2000-03-22,1.8846346828618528
2000-03-23,-1.484592890622402
2000-03-24,0.551225413480106
2000-03-27,-1.8042966097558861
2000-03-28,0.8533587267059475
2000-03-29,1.7439479027972518
2000-03-30,-0.667757021440273
2000-03-31,-1.1190134376488292
2000-04-03,-0.014274185430616797
2000-04-04,1.076458244072563
2000-04-05,-1.0334081261457575
2000-04-06,-1.4670263114303572
2000-04-07,-1.285063562881293
2000-04-10,1.697012986188725
2000-04-11,-0.08740632149666709
2000-04-12,0.05885795063543349
2000-04-13,-0.6025376717402944
2000-04-14,-1.8240704533636227
2000-04-17,0.7481945431395549
2000-04-18,-2.0227527576257778
2000-04-19,-0.17235933419839744
2000-04-20,0.0015590711468518171
2000-04-21,-0.014274185430616797
2000-04-24,-0.014274185430616797
2000-04-25,1.0655357975206612
2000-04-26,-0.3247316807472479
2000-04-27,-0.48382438759444896
2000-04-28,-0.9675185703103095
2000-05-01,-0.014274185430616797
2000-05-02,2.940949678979983
2000-05-03,-1.1589450510069441
2000-05-04,1.1303966801457153
2000-05-05,2.0369066267489777
2000-05-08,0.5028140587029015
2000-05-09,-0.014274185430616797
2000-05-10,0.48312421787013754
2000-05-11,0.5478885342827233
2000-05-12,-1.432325533869584
2000-05-15,-0.6081450282463704
2000-05-16,1.2939106025180946
2000-05-17,-1.9474149183500933
2000-05-18,-1.5792988107985675
2000-05-19,-0.4020471997897013
2000-05-22,-0.170263223522537
2000-05-23,0.45218137978559364
2000-05-24,2.1779126197325396
2000-05-25,0.7914877813719486
2000-05-26,-0.6136290177104031
2000-05-29,0.2205143562273012
2000-05-30,-0.16088137109584824
2000-05-31,0.351395676769074
2000-06-01,0.751786239910833
2000-06-02,0.8805345785173392
2000-06-05,-0.86609439718806
2000-06-06,-0.24402657619364615
2000-06-07,-1.4018032534137956
2000-06-08,-1.2910788804007347
2000-06-09,2.0562033107635074
2000-06-12,0.6802362971939372
2000-06-13,1.553948035064774
2000-06-14,0.138361232282168
2000-06-15,0.24820599564912924
2000-06-16,-1.2989388093733734
2000-06-19,-0.5265812087378904
2000-06-20,-0.40216252517318546
2000-06-21,-0.5802073336244137
2000-06-22,-0.49845981168907955
2000-06-23,-0.8473890450016883
2000-06-26,-0.22486437757909106
2000-06-27,-0.560106774640037
2000-06-28,0.4561245422612412
2000-06-29,2.0828112379081825
2000-06-30,-1.900442011849345
2000-07-03,0.9970545511528971
2000-07-04,1.5347692305641165
2000-07-05,0.1988899631234229
2000-07-06,3.6546043474200975
2000-07-07,-0.014274185430616797
2000-07-10,-2.2859515178069207
2000-07-11,2.086479351607867
2000-07-12,1.9848784804142918
2000-07-13,-0.014274185430616797
2000-07-14,-1.5154743168091795
2000-07-17,-0.8161756578498807
2000-07-18,0.865791289787144
2000-07-19,-0.9341320839355379
2000-07-20,2.505101098709775
2000-07-21,-0.9675194130001913
2000-07-24,0.6613316578039364
2000-07-25,-0.9989996146992378
2000-07-26,0.4230469076133621
2000-07-27,-0.283900938612641
2000-07-28,-0.6494470497411343
2000-07-31,0.3756076930982071
2000-08-01,-0.5610149658232327
2000-08-02,-2.2664783735032596
2000-08-03,2.264095860889166
2000-08-04,-0.07973298532763039
2000-08-07,0.48107337862072297
2000-08-08,0.14108839405490747
2000-08-09,0.818536262661811
2000-08-10,0.04919252962567428
2000-08-11,0.061758676312855795
2000-08-14,-0.664544399863386
2000-08-15,-0.5305854501959189
2000-08-16,1.0128077169676812
2000-08-17,0.11257456006609262
2000-08-18,-1.5591847226596045
2000-08-21,-0.040440043677752356
2000-08-22,0.86780518642614
2000-08-23,-0.09145059318677698
2000-08-24,0.4341455271401672
2000-08-25,0.11308469682950513
2000-08-28,0.44136821995246467
2000-08-29,0.3496465817220155
2000-08-30,-2.2538118585477207
2000-08-31,0.3772058771291379
2000-09-01,-0.2096024044766966
2000-09-04,0.7623239250520041
2000-09-05,0.33111499472924266
2000-09-06,-0.7593265828554174
2000-09-07,1.652176750955118
2000-09-08,0.3964520593713923
2000-09-11,-0.8393310061344114
2000-09-12,0.6369658895499958
2000-09-13,-0.014274185430616797
2000-09-14,-1.3257903132937332
2000-09-15,-1.5079453148085238
2000-09-18,0.7319355509436447
2000-09-19,1.857760654716233
2000-09-20,-2.435007546132151
2000-09-21,1.8411868905777808
2000-09-22,-0.25498580058420306
2000-09-25,-0.11598434423903416
2000-09-26,0.2775657731748207
2000-09-27,-0.9081363963712521
2000-09-28,1.2952314268679428
2000-09-29,1.1256193285750884
2000-10-02,1.0510423691384965
2000-10-03,-0.014274185430616797
2000-10-04,1.3660986690185757
2000-10-05,0.8499423572648005
2000-10-06,-2.715957782871049
2000-10-09,-0.24448137157810523
2000-10-10,0.15544527533492977
2000-10-11,0.15487777851124618
2000-10-12,-0.48694074442116897
2000-10-13,-0.014274185430616797
2000-10-16,-0.014274185430616797
2000-10-17,-0.014274185430616797
2000-10-18,-0.014274185430616797
2000-10-19,-0.014274185430616797
2000-10-20,-0.014274185430616797
2000-10-23,-1.8899829340121186
2000-10-24,-0.014274185430616797
2000-10-25,0.2384623669879936
2000-10-26,-0.07734198087285514
2000-10-27,0.5253266882431225
2000-10-30,-0.0517379166558184
2000-10-31,-0.014274185430616797
2000-11-01,2.1938006348688837
2000-11-02,-1.1726085773328276
2000-11-03,1.322532969070149
2000-11-06,-0.07369753098796665
2000-11-07,-0.6727798688641083
2000-11-08,-0.6209429559901521
2000-11-09,0.24147401466143453
2000-11-10,-0.2700223855226681
2000-11-13,-0.7526524697238937
2000-11-14,-0.014274185430616797
2000-11-15,2.0487018984130367
2000-11-16,-0.9981829784935344
2000-11-17,-1.4044199704326645
2000-11-20,-1.4720757759892469
2000-11-21,-0.597123337696424
2000-11-22,-1.9425262962370622
2000-11-23,-0.014274185430616797
2000-11-24,-0.06859232893970742
2000-11-27,0.7539642600939681
2000-11-28,0.9518007256269961
2000-11-29,0.23398271230272102
2000-11-30,-2.7224851401819428
2000-12-01,-0.8774575549007466
2000-12-04,-1.629020331292712
2000-12-05,1.796756698506957
2000-12-06,0.6112222879629425
2000-12-07,-0.8501183984147465
2000-12-08,2.2095628350952334
2000-12-11,0.09287993314541727
2000-12-12,-0.04103860573951836
2000-12-13,-0.8516771108365213
2000-12-14,-0.3424417702292909
2000-12-15,-1.0266014666964067
2000-12-18,0.4043627879150605
2000-12-19,1.7717510530029712
2000-12-20,0.34563935947540175
2000-12-21,-3.128661776033959
2000-12-22,-0.8294703957936075
2000-12-25,-0.014274185430616797
2000-12-26,-0.014274185430616797
2000-12-27,4.219775418734615
2000-12-28,-2.7293976391079116
2000-12-29,1.2267794023041934
2001-01-01,-0.014274185430616797
2001-01-02,-0.6031686373589557
2001-01-03,0.06833512114094249
2001-01-04,0.7769599289898483
2001-01-05,-0.014274185430616797
2001-01-08,3.1139561336192756
2001-01-09,-0.5492879711612034
2001-01-10,-1.4183698218711285
2001-01-11,-1.556454302977161
2001-01-12,-0.3562652292617503
2001-01-15,1.2991108465915002
2001-01-16,-0.7816533283517564
2001-01-17,1.9791089678215794
2001-01-18,-0.0012768067293483247
2001-01-19,0.6190005939340016
2001-01-22,1.8734518460017602
2001-01-23,0.7810017152165362
2001-01-24,-0.9330890185242275
2001-01-25,-0.4991782921153374
2001-01-26,0.060661090973118795
2001-01-29,-0.3523795053518972
2001-01-30,0.1488033647407001
2001-01-31,-0.8098658100882138
2001-02-01,1.600777900403378
2001-02-02,-0.8086849339656855
2001-02-05,0.2354069448709584
2001-02-06,0.6656539929614852
2001-02-07,0.23058061510679825
2001-02-08,-0.2591289859680366
2001-02-09,-0.23572946952330504
2001-02-12,0.6470129178876859
2001-02-13,-0.922832503885388
2001-02-14,0.7847219785708226
2001-02-15,-0.014274185430616797
2001-02-16,-0.5413383691105491
2001-02-19,1.2865551817391794
2001-02-20,0.4036004910447531
2001-02-21,0.03326888991966788
2001-02-22,-0.9981829784935344
2001-02-23,0.00998181315157754
2001-02-26,-1.5912328380360616
2001-02-27,0.2854080518846105
2001-02-28,-0.13892069763714016
2001-03-01,0.6549385652760654
2001-03-02,0.19447607604975148
2001-03-05,0.6548622898565676
2001-03-06,-1.9876198382488663
2001-03-07,0.08635853029670866
2001-03-08,1.4824398768953722
2001-03-09,0.5425933004216795
2001-03-12,-1.1962426509601791
2001-03-13,-0.5727526745501803
2001-03-14,-3.604670526734642
2001-03-15,-0.37920274185487995
2001-03-16,-0.027852141333215844
2001-03-19,0.053538475900388044
2001-03-20,-0.5457905305694304
2001-03-21,-0.9974279769623401
2001-03-22,-2.7203310772474323
2001-03-23,1.516051553818195
2001-03-26,0.6691959138780791
2001-03-27,2.3706139899148804
2001-03-28,0.3073353107438602
2001-03-29,0.8196829113349123
2001-03-30,-2.2028209531774676
2001-04-02,0.5050237766368763
2001-04-03,-2.027049740963475
2001-04-04,1.065185196737427
2001-04-05,0.9869545539268808
2001-04-06,-0.7252985303265456
2001-04-09,1.3571543021821029
2001-04-10,-0.05443924844812559
2001-04-11,0.571513413657615
2001-04-12,1.1619031167291194
2001-04-13,-0.014274185430616797
2001-04-16,-0.014274185430616797
2001-04-17,-0.20829240783506445
2001-04-18,0.24423359383404938
2001-04-19,0.8163069712097077
2001-04-20,0.6648609689193916
2001-04-23,-0.7441126117719776
2001-04-24,0.02375834148581997
2001-04-25,0.31402240408414395
2001-04-26,0.2992683061206168
2001-04-27,-1.0249761736844327
2001-04-30,0.24041072133539654
2001-05-01,-0.014274185430616797
2001-05-02,2.3396148840033244
2001-05-03,-0.014274185430616797
2001-05-04,-0.5368830113941487
2001-05-07,-0.014274185430616797
2001-05-08,0.16868434702525034
2001-05-09,0.5304108979720453
2001-05-10,-0.014274185430616797
2001-05-11,1.150732643184515
2001-05-14,-0.19074241858760918
2001-05-15,-0.13228836915493483
2001-05-16,1.4104532623367394
2001-05-17,-0.6565962283339286
2001-05-18,1.2618099406611993
2001-05-21,-0.3704450399482086
2001-05-22,-0.8167413570262568
2001-05-23,-0.4147355758170963
2001-05-24,0.2805013195430356
2001-05-25,-0.4512049475990198
2001-05-28,0.05684642741862704
2001-05-29,-1.0683061120166613
2001-05-30,-0.12340804106918817
2001-05-31,1.1607499726419845
2001-06-01,-0.8265000523089125
2001-06-04,0.42939492169070537
2001-06-05,0.2238306171253948
2001-06-06,-0.07369242418373065
2001-06-07,1.2180777453710252
2001-06-08,-0.644051758754008
2001-06-11,-0.5693161844722969
2001-06-12,-0.5878776770751425
2001-06-13,0.05781522943011725
2001-06-14,-1.1317294622663565
2001-06-15,-0.014274185430616797
2001-06-18,-0.9952707180396299
2001-06-19,0.035886136184698735
2001-06-20,0.4472242279175908
2001-06-21,0.27033928307689586
2001-06-22,0.19502163928550595
2001-06-25,-0.6947349023257813
2001-06-26,-0.25162892827055844
2001-06-27,0.878969778726339
2001-06-28,-0.6327880363718968
2001-06-29,1.1540994110251275
2001-07-02,0.541301122893831
2001-07-03,-0.20678434419855818
2001-07-04,0.7511291219382239
2001-07-05,0.19878932256045942
2001-07-06,-0.227337693421693
2001-07-09,-0.12116539268746314
2001-07-10,-0.07376171957756254
2001-07-11,0.22322516882241916
2001-07-12,-0.38292332188114303
2001-07-13,-0.014274185430616797
2001-07-16,-0.062035303694222964
2001-07-17,-0.21786610504179565
2001-07-18,-0.8374553976951576
2001-07-19,-0.19779849386502577
2001-07-20,0.10814533579352793
2001-07-23,0.4117552286799985
2001-07-24,-0.014274185430616797
2001-07-25,0.5877924413555987
2001-07-26,0.3076782519839472
2001-07-27,-0.02616387513054182
2001-07-30,-0.026156620348046274
2001-07-31,0.6235046417495657
2001-08-01,-0.10823104318554509
2001-08-02,-0.261755596284051
2001-08-03,-0.2511965052493134
2001-08-06,0.45836933067576163
2001-08-07,-0.48691770153699987
2001-08-08,-1.1682158472788802
2001-08-09,-0.5896116379229396
2001-08-10,-0.26124047251133525
2001-08-13,0.39251562462696776
2001-08-14,0.08381943592992876
2001-08-15,-0.9044850112372761
2001-08-16,-2.6574866774054504
2001-08-17,-1.0817696917484225
2001-08-20,-0.08180648516879215
2001-08-21,-0.5579258741743599
2001-08-22,0.7316581056830613
2001-08-23,1.2078784331160415
2001-08-24,0.5203994638813133
2001-08-27,-0.509623948974437
2001-08-28,-1.4509992955874345
2001-08-29,0.22820839209871127
2001-08-30,-0.027715103783867382
2001-08-31,-0.2703478411345704
2001-09-03,0.05325811430756329
2001-09-04,1.8902596511128364
2001-09-05,0.01166161930450198
2001-09-06,0.25704777061538037
2001-09-07,-1.1485702764373948
2001-09-10,-1.7339757353829806
2001-09-11,-2.284034696558735
2001-09-12,-2.2623171697054594
2001-09-13,-0.8032044016023769
2001-09-14,-5.437351029300479
2001-09-17,0.3274558925946958
2001-09-18,-0.099477420442914
2001-09-19,-2.1064124996720275
2001-09-20,-4.693416807627062
2001-09-21,1.761689037902608
2001-09-24,-0.014274185430616797
2001-09-25,2.710322952713984
2001-09-26,-0.8080903249152162
2001-09-27,0.14917111108671538
2001-09-28,3.1928501348792735
2001-10-01,1.107789355096266
2001-10-02,1.388204981524275
2001-10-03,-0.014274185430616797
2001-10-04,2.702629292768435
2001-10-05,-0.15106905878917015
2001-10-08,1.1731499477473573
2001-10-09,-0.22254732517285436
2001-10-10,1.0472565078713798
2001-10-11,2.2213302487288225
2001-10-12,-1.7134585508101496
2001-10-15,0.21581959706571532
2001-10-16,-0.014274185430616797
2001-10-17,0.6552856954974643
2001-10-18,-0.6264820374359332
2001-10-19,5.4549583942533775e-05
2001-10-22,1.494283535139538
2001-10-23,0.38646926506464147
2001-10-24,0.7501246802532384
2001-10-25,-0.9855342589928906
2001-10-26,0.23384664954768453
2001-10-29,-0.6370353919912627
2001-10-30,-2.8853269931113847
2001-10-31,1.2992268495776402
2001-11-01,1.4037894278237428
2001-11-02,0.26432360513698433
2001-11-05,1.8247221292293512
2001-11-06,-0.8908217074883528
2001-11-07,3.017354481415403
2001-11-08,0.22772100651840585
2001-11-09,-0.20523057815939963
2001-11-12,-0.4499534555645796
2001-11-13,1.8784708671574626
2001-11-14,-0.38682061594103617
2001-11-15,5.009196814761356
2001-11-16,-5.350467963937923
2001-11-19,1.8318701701550726
2001-11-20,-0.6584163162901246
2001-11-21,-0.3458027633598289
2001-11-22,-0.19947862340181896
2001-11-23,0.41673047053381024
2001-11-26,0.1692501230037922
2001-11-27,-1.6415067939731725
2001-11-28,-0.8943155938749864
2001-11-29,-0.2724201946936228
2001-11-30,-1.6068055407440247
2001-12-03,-0.014274185430616797
2001-12-04,2.3230829143666325
2001-12-05,3.2120041286722976
2001-12-06,-0.7944896602753208
2001-12-07,-1.3645220225632126
2001-12-10,0.1597172811119838
2001-12-11,-0.2505617672420035
2001-12-12,0.02309935083319874
2001-12-13,-0.996055549961877
2001-12-14,-0.5000260480242632
2001-12-17,2.1580951142129043
2001-12-18,-0.5326022985389043
2001-12-19,-0.3005336021956647
2001-12-20,-0.13928707720155625
2001-12-21,1.8511771715619945
2001-12-24,-0.014274185430616797
2001-12-25,-0.014274185430616797
2001-12-26,-0.014274185430616797
2001-12-27,0.20185924562861782
2001-12-28,-0.6170945555320054
2001-12-31,-0.014274185430616797
2002-01-01,-0.014274185430616797
2002-01-02,1.00601740962693
2002-01-03,0.821463386717544
2002-01-04,0.7841131166993457
2002-01-07,-1.5298054783557735
2002-01-08,0.45722184930137433
2002-01-09,-0.0025480531761836772
2002-01-10,-0.14344641766362948
2002-01-11,-1.265161324412799
2002-01-14,-0.9406819331932254
2002-01-15,-0.014274185430616797
2002-01-16,-1.6675436600644653
2002-01-17,1.144046078270322
2002-01-18,-0.23868993581306028
2002-01-21,-0.5167997569771544
2002-01-22,0.04883301545553243
2002-01-23,0.971872773857655
2002-01-24,-0.4486516422508854
2002-01-25,0.46948366076287934
2002-01-28,2.0505554883407244
2002-01-29,0.9217371867992196
2002-01-30,0.2975183472826886
2002-01-31,1.7703615185918449
2002-02-01,-0.5045669821778
2002-02-04,-0.7252077326604797
2002-02-05,-0.17373177511580998
2002-02-06,-1.509117994700294
2002-02-07,-0.5708126088222492
2002-02-08,1.1737573378160229
2002-02-11,-0.32896379972998663
2002-02-12,-0.09622050494894809
2002-02-13,1.0399403689555935
2002-02-14,0.5325055800536469
2002-02-15,-0.9868594704627595
2002-02-18,0.45735307003957554
2002-02-19,-0.3012987239821604
2002-02-20,0.0777514213615552
2002-02-21,0.1807247463287501
2002-02-22,-1.0791639595202065
2002-02-25,1.4835754538988248
2002-02-26,0.008407564182640387
2002-02-27,0.08764770623316541
2002-02-28,0.9487965946385926
2002-03-01,1.5665106401893754
2002-03-04,0.19970750670224283
2002-03-05,0.6113876221300727
2002-03-06,-0.9720112347814341
2002-03-07,-0.10035234489677232
2002-03-08,0.403879215825657
2002-03-11,0.30488123948431683
2002-03-12,-0.859392400631804
2002-03-13,-0.27402503470840683
2002-03-14,0.5574577620005624
2002-03-15,1.7744771029013768
2002-03-18,-0.014274185430616797
2002-03-19,0.6624327022898474
2002-03-20,-0.5981302084189748
2002-03-21,1.3270468209763966
2002-03-22,-0.17485944536278944
2002-03-25,-1.8069913169450558
2002-03-26,-0.34954667924739036
2002-03-27,-0.09845543788525059
2002-03-28,0.8209484361065753
2002-03-29,-0.014274185430616797
2002-04-01,-0.014274185430616797
2002-04-02,-0.5659691346745049
2002-04-03,-0.2451693975258303
2002-04-04,-0.649759443508064
2002-04-05,0.209121996642969
2002-04-08,0.02815252566986266
2002-04-09,-0.17359300850285467
2002-04-10,0.7770250872444968
2002-04-11,-1.5021663300046944
2002-04-12,0.36208740385400906
2002-04-15,0.18879956942297435
2002-04-16,1.2589691857011336
2002-04-17,-0.4838214406222544
2002-04-18,0.142753347991197
2002-04-19,0.5570926873246133
2002-04-22,-0.8476472631061466
2002-04-23,0.2268177848791937
2002-04-24,-0.4132772603783372
2002-04-25,-0.8653795859066419
2002-04-26,-0.5432251785286487
2002-04-29,-0.6810770817219859
2002-04-30,0.5003163383606756
2002-05-01,-0.014274185430616797
2002-05-02,1.4124417562226022
2002-05-03,-0.6740207079582017
2002-05-06,0.11412887785289373
2002-05-07,0.5698818170297483
2002-05-08,1.081362414442946
2002-05-09,-0.22102885471441222
2002-05-10,1.2028663506309012
2002-05-13,0.19731442264311802
2002-05-14,-0.13506281319881874
2002-05-15,-1.0433201670619319
2002-05-16,1.1355604239689001
2002-05-17,0.8120303743824363
2002-05-20,-0.3149092657233463
2002-05-21,0.286360894862108
2002-05-22,-0.26467608624372935
2002-05-23,-0.8449888272116682
2002-05-24,-0.04494211557247368
2002-05-27,0.036836730666431304
2002-05-28,-0.014274185430616797
2002-05-29,-0.7347922467814472
2002-05-30,-0.7143042107312562
2002-05-31,0.7582847018073837
2002-06-03,-1.4546185398412992
2002-06-04,-0.5402171826326382
2002-06-05,1.567315410674781
2002-06-06,-0.5391627900198401
2002-06-07,-0.9631778617486386
2002-06-10,0.243485748005864
2002-06-11,1.0344236511699936
2002-06-12,-0.37182827914970035
2002-06-13,-3.235018326703125
2002-06-14,-3.154578206100072
2002-06-17,3.317678798986033
2002-06-18,0.24377974910954664
2002-06-19,-0.6904641758723346
2002-06-20,-2.2213342656214254
2002-06-21,-5.1447295162540225
2002-06-24,1.8558996237529066
2002-06-25,3.186521402096959
2002-06-26,0.6947170695425955
2002-06-27,-0.4739185360034375
2002-06-28,1.0513733546688373
2002-07-01,0.13603733579139043
2002-07-02,-1.2420770359301607
2002-07-03,-0.6702982648160011
2002-07-04,0.8191124699486544
2002-07-05,2.19924689576861
2002-07-08,0.18804304996721313
2002-07-09,0.48780909584502014
2002-07-10,-1.9395155188063116
2002-07-11,-0.9362004497540181
2002-07-12,1.0461347541953605
2002-07-15,-2.376831581384102
2002-07-16,-0.6482970321400039
2002-07-17,1.0417703725181198
2002-07-18,0.6177359834900612
2002-07-19,-0.4904840608139845
2002-07-22,-4.661450772656738
2002-07-23,-0.014274185430616797
2002-07-24,0.731931922881706
2002-07-25,-0.4973132433398369
2002-07-26,0.8310785781073767
2002-07-29,3.8819918686162103
2002-07-30,-0.038034935729993495
2002-07-31,-1.8060900988157436
2002-08-01,-0.38586042900462597
2002-08-02,0.12231852986156358
2002-08-05,-1.6670020965186327
2002-08-06,2.7898964246303533
2002-08-07,0.46738325684696097
2002-08-08,-1.2153578545682546
2002-08-09,-0.26066767863683166
2002-08-12,-0.08843951429709804
2002-08-13,1.08619674037568
2002-08-14,-0.37826723699738907
2002-08-15,1.4252813740176917
2002-08-16,-1.2957613326101909
2002-08-19,1.5029380255938152
2002-08-20,-1.241027142631466
2002-08-21,0.32236276544788417
2002-08-22,-0.014274185430616797
2002-08-23,-0.014274185430616797
2002-08-26,-0.014274185430616797
2002-08-27,-0.014274185430616797
2002-08-28,-0.014274185430616797
2002-08-29,-2.6624881425524314
2002-08-30,1.1246705980793221
2002-09-02,-1.4072330692312511
2002-09-03,-1.7389726100455016
2002-09-04,-0.9747384233130227
2002-09-05,-0.21683392168674548
2002-09-06,1.5825662935729667
2002-09-09,0.1816114676104122
2002-09-10,0.697122086352152
2002-09-11,0.7498474558737961
2002-09-12,-2.3445224069544817
2002-09-13,-0.9793544938212564
2002-09-16,0.6579920756012022
2002-09-17,-0.21493984129064206
2002-09-18,-1.6232726532323876
2002-09-19,-1.7803430326789782
2002-09-20,1.557226332343535
2002-09-23,-0.6874585055733101
2002-09-24,-3.0470169708212067
2002-09-25,0.9101433227905372
2002-09-26,2.892410725792429
2002-09-27,0.055118830132676
2002-09-30,-3.9901058979679425
2002-10-01,3.4035212025382413
2002-10-02,0.8892264305179776
2002-10-03,-1.6246499742474916
2002-10-04,0.34048128165718244
2002-10-07,-1.5515868802032242
2002-10-08,-2.302677908831406
2002-10-09,-1.4453274339615447
2002-10-10,0.5196168806340828
2002-10-11,3.9964149551468466
2002-10-14,-0.37440277764805363
2002-10-15,1.9543353047841057
2002-10-16,1.0692469225831094
2002-10-17,2.9682740451355785
2002-10-18,-0.4492473152821826
2002-10-21,0.29316711108454274
2002-10-22,-0.6311650859262837
2002-10-23,-0.6000109671115458
2002-10-24,0.5196809989742083
2002-10-25,-0.4174431223966898
2002-10-28,1.223292502225433
2002-10-29,-3.2797364254464383
2002-10-30,-1.6787258670931913
2002-10-31,3.4555256072094775
2002-11-01,-0.834894098478407
2002-11-04,1.5872049076920394
2002-11-05,-0.19533448244647883
2002-11-06,-3.036769543842031
2002-11-07,-1.7724945831710046
2002-11-08,-1.5283897901190917
2002-11-11,0.5884077429120907
2002-11-12,1.282478504636745
2002-11-13,-1.340248354325655
2002-11-14,1.90494902667794
2002-11-15,-1.222668101836299
2002-11-18,0.4014630336727265
2002-11-19,-0.02854294613558193
2002-11-20,-1.31697283730547
2002-11-21,1.6156772747336123
2002-11-22,-0.3700925773547405
2002-11-25,-1.1857912658468057
2002-11-26,-0.4112792107106024
2002-11-27,2.2491631754007035
2002-11-28,0.6428571261229911
2002-11-29,-0.3067660416744398
2002-12-02,0.3753141274131986
2002-12-03,-1.678206878040309
2002-12-04,1.7050603681968304
2002-12-05,-1.877332095895315
2002-12-06,0.4156069592956862
2002-12-09,-2.5033585363198094
2002-12-10,2.0449290207322726
2002-12-11,0.2154883259807605
2002-12-12,-2.1831303596764906
2002-12-13,-1.5378629485956872
2002-12-16,0.7536171355366862
2002-12-17,-1.061686341295038
2002-12-18,-1.9209599423182455
2002-12-19,0.30887367935461146
2002-12-20,0.38659185583489386
2002-12-23,-0.7382880914813604
2002-12-24,-0.014274185430616797
2002-12-25,-0.014274185430616797
2002-12-26,-0.014274185430616797
2002-12-27,-2.2209459075545195
2002-12-30,1.5723123095606852
2002-12-31,-0.014274185430616797
2003-01-01,-0.014274185430616797
2003-01-02,2.356508167515094
2003-01-03,-0.18647575622947365
2003-01-06,0.2671655607070819
2003-01-07,-0.6577867464117603
2003-01-08,-2.69593841214847
2003-01-09,0.4515954428400335
2003-01-10,0.8227059897624195
2003-01-13,0.6480664750539081
2003-01-14,-0.4817803175473507
2003-01-15,-1.5788792587553075
2003-01-16,0.25287684179544606
2003-01-17,-1.3995651333186283
2003-01-20,0.9697336054087087
2003-01-21,0.4202917023418061
2003-01-22,-1.2617326235828146
2003-01-23,-2.3062594933976976
2003-01-24,-0.5732351816688569
2003-01-27,0.2028860664584987
2003-01-28,0.3275265589185078
2003-01-29,1.3985111852430596
2003-01-30,-1.069899720746573
2003-01-31,0.2872059598764046
2003-02-03,1.344990827567942
2003-02-04,-1.5506555296972433
2003-02-05,1.3672490234911294
2003-02-06,-1.2894476135292492
2003-02-07,-1.7083634991943988
2003-02-10,-0.6422204135052894
2003-02-11,0.705313003162115
2003-02-12,-0.8455373911612519
2003-02-13,-1.7991188873927526
2003-02-14,2.067799638366595
2003-02-17,0.9935107299003278
2003-02-18,-0.48802501686599303
2003-02-19,-2.053433290591091
2003-02-20,-0.9992967533674532
2003-02-21,2.4573514644586982
2003-02-24,-1.1390711103501927
2003-02-25,-0.014274185430616797
2003-02-26,-2.6268357492930305
2003-02-27,2.8253892049742437
2003-02-28,1.3626829992947174
2003-03-03,0.8039465587743037
2003-03-04,-3.9201886372953396
2003-03-05,-0.7042941867836543
2003-03-06,-1.0989239274909515
2003-03-07,-0.5249297990207406
2003-03-10,-1.5800609227245885
2003-03-11,-3.1280854917954866
2003-03-12,0.3469597763002843
2003-03-13,3.5589534386250015
2003-03-14,1.4846986452621285
2003-03-17,1.0253700881241343
2003-03-18,2.074901920654379
2003-03-19,2.0774982431546984
2003-03-20,0.5617218353193554
2003-03-21,1.3785156340354667
2003-03-24,-2.6762605678456795
2003-03-25,2.0532825491570392
2003-03-26,-1.4611326305539647
2003-03-27,0.41904658338544765
2003-03-28,-0.12223915147709795
2003-03-31,-1.7197913104433167
2003-04-01,1.056542100700769
2003-04-02,2.785968504958496
2003-04-03,0.32869501469203716
2003-04-04,0.8492592324393721
2003-04-07,3.5251445116349625
2003-04-08,-2.4098239677190487
2003-04-09,-0.5744798986297854
2003-04-10,0.1346672549292525
2003-04-11,0.08475544439859534
2003-04-14,1.5746569909605923
2003-04-15,0.7136077200183869
2003-04-16,-0.9819354355085238
2003-04-17,1.1101679633338946
2003-04-18,-0.014274185430616797
2003-04-21,-0.014274185430616797
2003-04-22,-0.09259828433161366
2003-04-23,0.6860134096249277
2003-04-24,-1.9212055211256154
2003-04-25,-0.2561119814878805
2003-04-28,1.0564588782219702
2003-04-29,0.23789049576367272
2003-04-30,-0.5676350087338096
2003-05-01,-0.014274185430616797
2003-05-02,-0.7838111069742958
2003-05-05,-0.22484356906203712
2003-05-06,-0.6681182838973925
2003-05-07,-1.2819491750671332
2003-05-08,0.6571224974219315
2003-05-09,1.9768121997838672
2003-05-12,-0.4316604218919413
2003-05-13,-0.3053958210331615
2003-05-14,-0.37253431157434486
2003-05-15,0.3764095399264672
2003-05-16,-0.42869238259114517
2003-05-19,-2.3693581696061923
2003-05-20,-1.5071486187014662
2003-05-21,0.2198622918419147
2003-05-22,0.9108768508810622
2003-05-23,-0.2970334080635873
2003-05-26,-0.17405859857867087
2003-05-27,0.8492425159760635
2003-05-28,-0.13666790207139934
2003-05-29,1.4850904880821876
2003-05-30,2.2548309706766405
2003-06-02,0.0665325371501701
2003-06-03,-0.19221858470995243
2003-06-04,0.37310041344604133
2003-06-05,0.22624090774706201
2003-06-06,2.1278366411321823
2003-06-09,-0.9249625571595257
2003-06-10,0.5588622125678983
2003-06-11,0.5672733811750839
2003-06-12,-0.059928790185710755
2003-06-13,0.44027770930841165
2003-06-16,1.2798834194243744
2003-06-17,0.8149023309108896
2003-06-18,0.6302596324148493
2003-06-19,-2.0934777452017768
2003-06-20,0.5618677504382613
2003-06-23,-1.0534033973594947
2003-06-24,1.1128729204818588
2003-06-25,-0.16106141317911932
2003-06-26,1.8877722038310296
2003-06-27,0.5892418829172187
2003-06-30,-0.9437759615007165
2003-07-01,-1.2679935199406782
2003-07-02,1.5654308568017135
2003-07-03,0.4635523966884003
2003-07-04,1.0914328841484555
2003-07-07,0.5560594756993259
2003-07-08,0.295206107959257
2003-07-09,-1.4298975814100867
2003-07-10,-0.1249446271360989
2003-07-11,0.13782118982593036
2003-07-14,0.5483648537633018
2003-07-15,-0.49415717790801683
2003-07-16,-0.3184214510962287
2003-07-17,-0.46017055185825567
2003-07-18,-0.07029643591253955
2003-07-21,-0.4932490960004851
2003-07-22,0.40859179691617703
2003-07-23,-0.507986257573997
2003-07-24,0.6755035763707427
2003-07-25,0.31995666301307524
2003-07-28,-0.3485050338743088
2003-07-29,-0.8176300889752183
2003-07-30,0.18431191762572802
2003-07-31,1.2979215630070824
2003-08-01,-0.2212388631280323
2003-08-04,-0.7388746138283513
2003-08-05,-0.04236425518376312
2003-08-06,0.3217269269951494
2003-08-07,-0.7169777419622977
2003-08-08,-0.3267743367969502
2003-08-11,-0.028536775896761974
2003-08-12,0.5525708866038559
2003-08-13,1.0857644388563452
2003-08-14,0.5739416222166615
2003-08-15,-0.21862982270144046
2003-08-18,0.7979706766697713
2003-08-19,0.7975196383967523
2003-08-20,0.24889152542180135
2003-08-21,1.7249545003571185
2003-08-22,-0.34432564598972143
2003-08-25,-0.4236625125184342
2003-08-26,-1.0140630835714302
2003-08-27,-0.27743989628303495
2003-08-28,-0.0935294862319079
2003-08-29,-0.33252429911963455
2003-09-01,0.9472424517887708
2003-09-02,1.0430778570637211
2003-09-03,1.6152255053777986
2003-09-04,-0.19946853511248586
2003-09-05,-0.6995703607448612
2003-09-08,-0.8243124577423302
2003-09-09,-0.9294104643552218
2003-09-10,-1.508111777400746
2003-09-11,1.1530859010506003
2003-09-12,-1.5727161960270777
2003-09-15,0.45731113737885737
2003-09-16,0.21310481367774428
2003-09-17,0.4900867428341416
2003-09-18,0.5500377822169672
2003-09-19,1.3868998433076367
2003-09-22,-3.4546745237216725
2003-09-23,-0.5346256482609628
2003-09-24,-2.9241672448827516
2003-09-25,0.7697002199138724
2003-09-26,0.5297526263438381
2003-09-29,-0.2139784370143991
2003-09-30,-1.1425711509657834
2003-10-01,1.9219065577673815
2003-10-02,-1.2673914448951504
2003-10-03,1.5470353106895784
2003-10-06,1.3347438844191504
2003-10-07,-1.0016541615336603
2003-10-08,0.9731057906724312
2003-10-09,0.6595003566568419
2003-10-10,-0.8511952549390227
2003-10-13,0.2843883233017299
2003-10-14,-0.05489859136637789
2003-10-15,0.4306274811314616
2003-10-16,0.359961962898415
2003-10-17,-0.928303575697375
2003-10-20,-0.5740081839897443
2003-10-21,-0.8454641250722253
2003-10-22,-0.08421418254318788
2003-10-23,-0.0983178297038694
2003-10-24,-0.8345080872163819
2003-10-27,0.3693193795575991
2003-10-28,0.6461723822179678
2003-10-29,-0.6464299186746455
2003-10-30,0.5061131648673
2003-10-31,0.05561004209880411
2003-11-03,2.3956887144145393
2003-11-04,0.27691261946410134
2003-11-05,-1.0008831463278336
2003-11-06,1.2355004863190275
2003-11-07,1.6616497139994097
2003-11-10,-0.40857810817878887
2003-11-11,0.08780006674610691
2003-11-12,0.42971381220111343
2003-11-13,-0.17868771262666366
2003-11-14,0.175395875346494
2003-11-17,-1.592463074810221
2003-11-18,-0.3809671262543665
2003-11-19,0.07766888470135978
2003-11-20,-0.34345562377852634
2003-11-21,0.11766565087827961
2003-11-24,1.2212776488012327
2003-11-25,0.7498542406463674
2003-11-26,-0.9713709219430965
2003-11-27,0.8036525921063083
2003-11-28,-0.9871247215485625
2003-12-01,0.500226399757608
2003-12-02,-1.2323191185547548
2003-12-03,0.4948859229733428
2003-12-04,0.1413000361952897
2003-12-05,-0.4564097804116356
2003-12-08,-0.5265208077272951
2003-12-09,-0.35888715576679203
2003-12-10,0.23781828706217453
2003-12-11,1.3936585673440682
2003-12-12,0.07554146614543474
2003-12-15,-0.0014365663898196796
2003-12-16,-0.1683400883140196
2003-12-17,-0.6095077055901288
2003-12-18,0.6580440162643983
2003-12-19,0.11393187124373604
2003-12-22,-0.18100157615699736
2003-12-23,-0.05283753291409697
2003-12-24,-0.014274185430616797
2003-12-25,-0.014274185430616797
2003-12-26,-0.014274185430616797
2003-12-29,0.024289162052863373
2003-12-30,-0.2977873791429365
2003-12-31,-0.014274185430616797
2004-01-01,-0.014274185430616797
2004-01-02,0.6913610474727702
2004-01-05,0.22708357653175956
2004-01-06,-1.9407085955773062
2004-01-07,-0.6786638439308122
2004-01-08,-0.24227281430985884
2004-01-09,-0.4464890290738746
2004-01-12,-0.054988879362341876
2004-01-13,0.8869562155098367
2004-01-14,0.7785336128938289
2004-01-15,-0.053603800275014594
2004-01-16,0.624041896327888
2004-01-19,-0.4171104621483544
2004-01-20,-0.539144749937451
2004-01-21,-0.0670926763198019
2004-01-22,-0.5723428253914926
2004-01-23,-0.2823409223982501
2004-01-26,-0.00083794796448113
2004-01-27,0.3071442634236668
2004-01-28,0.27844570670064833
2004-01-29,-0.37378202691466783
2004-01-30,-0.48440394990665553
2004-02-02,0.5359853955273269
2004-02-03,-1.189552615690094
2004-02-04,-0.814248792350847
2004-02-05,-0.785551924136742
2004-02-06,0.4079771022621426
2004-02-09,-0.3094507903649446
2004-02-10,-0.14134886818904838
2004-02-11,0.6176976505618795
2004-02-12,-0.09804606995751988
2004-02-13,-0.4353994541377785
2004-02-16,-0.11307442372543897
2004-02-17,0.30958563191337823
2004-02-18,-0.028314712716576818
2004-02-19,0.5161753481451397
2004-02-20,-0.8545430090644178
2004-02-23,0.154981714979139
2004-02-24,-0.6663564231491904
2004-02-25,0.09978114913981591
2004-02-26,0.8184814912498023
2004-02-27,0.5835947885020231
2004-03-01,0.16498695618087164
2004-03-02,1.5828036430966232
2004-03-03,-0.0675405816676022
2004-03-04,0.13206214211123934
2004-03-05,-0.2539734660534474
2004-03-08,0.5695468937805295
2004-03-09,-0.42486621903799293
2004-03-10,-1.1722471743172909
2004-03-11,-1.6646009598025653
2004-03-12,0.7000383223282582
2004-03-15,-1.1396196316118457
2004-03-16,0.09945906854656192
2004-03-17,1.3574148230608043
2004-03-18,-0.3604605754645629
2004-03-19,-0.2790441634815181
2004-03-22,-1.2746450042274216
2004-03-23,-0.6935962728695012
2004-03-24,0.11656373603193593
2004-03-25,0.3904843065863943
2004-03-26,-0.23068893943117783
2004-03-29,0.7460004942493644
2004-03-30,0.09942801181506519
2004-03-31,-0.5424633483576503
2004-04-01,1.148504651478115
2004-04-02,1.0933695539719848
2004-04-05,0.4623044172643645
2004-04-06,-0.5456325576326693
2004-04-07,-1.0391279704298
2004-04-08,0.873380433712837
2004-04-09,-0.014274185430616797
2004-04-12,-0.014274185430616797
2004-04-13,0.9648960965100944
2004-04-14,-0.8425437199072985
2004-04-15,0.5033826051631348
2004-04-16,0.053416184742503536
2004-04-19,0.17477207053982283
2004-04-20,0.5483473554538536
2004-04-21,0.2910492810831053
2004-04-22,1.084366375734422
2004-04-23,0.8822370536759494
2004-04-26,-0.962523270581141
2004-04-27,0.3852721362426606
2004-04-28,-0.49154663632898304
2004-04-29,-0.8513219123282341
2004-04-30,-0.05388254658561255
2004-05-03,0.6154212646336612
2004-05-04,-0.21017111146223588
2004-05-05,0.051110954351112604
2004-05-06,-1.744204539545942
2004-05-07,0.2964071536657876
2004-05-10,-1.3385873384201767
2004-05-11,0.358071503260584
2004-05-12,-0.15183671707053142
2004-05-13,0.45183349769647796
2004-05-14,0.2071902829409173
2004-05-17,-0.7097816251742701
2004-05-18,0.6121284664298315
2004-05-19,1.1468610806209665
2004-05-20,-0.954658197174803
2004-05-21,-0.2488470989789985
2004-05-24,0.1514200275147315
2004-05-25,-0.4991905539948544
2004-05-26,0.9506751221171056
2004-05-27,0.24429532910419408
2004-05-28,-0.42319242205069496
2004-05-31,0.2587361875375125
2004-06-01,-0.3969261923482476
2004-06-02,-0.05544737041970366
2004-06-03,-0.33118145260421605
2004-06-04,0.33008395638037724
2004-06-07,0.7751609876932519
2004-06-08,-0.08181818907340907
2004-06-09,0.2956437999253957
2004-06-10,0.3069427340804256
2004-06-11,-0.0810045054658738
2004-06-14,-0.8497969814268499
2004-06-15,0.2433359184595918
2004-06-16,0.2554039365967756
2004-06-17,-0.0008370145941931412
2004-06-18,-0.09499855609924647
2004-06-21,-0.17612454104547764
2004-06-22,-0.5714396508696682
2004-06-23,0.4075971563848405
2004-06-24,0.7784534653818215
2004-06-25,-0.3485455663852997
2004-06-28,1.0997015295212667
2004-06-29,0.10355872443236586
2004-06-30,0.03798979391725613
2004-07-01,-0.4472479388375645
2004-07-02,-0.4645232609126782
2004-07-05,0.05220556186482152
2004-07-06,-0.6698559818236286
2004-07-07,0.4148903484864222
2004-07-08,0.3845671293272024
2004-07-09,-0.02753086726242106
2004-07-12,-0.5737448759443967
2004-07-13,0.5451965050831632
2004-07-14,-0.3998588183566269
2004-07-15,-0.12120098602014957
2004-07-16,-0.027661788589062382
2004-07-19,-0.3365864429093705
2004-07-20,0.0934156249158396
2004-07-21,0.40068504195860455
2004-07-22,-0.41579624198340975
2004-07-23,0.36059054844634275
2004-07-26,-0.5237484642442443
2004-07-27,0.5218574160588394
2004-07-28,1.4037996898398963
2004-07-29,0.5131755456087801
2004-07-30,-0.2837231213554108
2004-08-02,-0.13018472994101046
2004-08-03,0.25580482502216745
2004-08-04,-1.8845116590334512
2004-08-05,-0.7807691963202915
2004-08-06,-1.5994087669466115
2004-08-09,-0.42249781271299236
2004-08-10,0.5199250450746076
2004-08-11,-0.5484734159358459
2004-08-12,-0.18422861250702083
2004-08-13,-0.45616212981628057
2004-08-16,0.8091632827378089
2004-08-17,-0.21173164463255323
2004-08-18,-0.014274185430616797
2004-08-19,-0.24095076834786544
2004-08-20,-0.29913709379852715
2004-08-23,0.8633112887096901
2004-08-24,0.36289645810326654
2004-08-25,0.05523535918532923
2004-08-26,0.3731679036066551
2004-08-27,0.09582984938164622
2004-08-30,-0.3453918786502665
2004-08-31,-0.59934279728753
2004-09-01,0.48765594938472717
2004-09-02,0.2760789252145626
2004-09-03,0.15085535534854286
2004-09-06,0.23234174434145222
2004-09-07,0.06766236843049549
2004-09-08,0.17631858239325718
2004-09-09,-0.6709804151749541
2004-09-10,0.09580644806118002
2004-09-13,0.9921016187950105
2004-09-14,0.0932522192238479
2004-09-15,-0.908760621463879
2004-09-16,0.6514103506512371
2004-09-17,0.012699000734605302
2004-09-20,-0.17633796737676888
2004-09-21,-0.4628653458881253
2004-09-22,-0.7436950447497206
2004-09-23,-0.924427947528346
2004-09-24,0.25356914982600026
2004-09-27,-0.29626227324855897
2004-09-28,-0.3406456201225646
2004-09-29,0.481493218032776
2004-09-30,-0.8817026154845311
2004-10-01,1.2879872248437114
2004-10-04,0.8573342361873246
2004-10-05,0.2045730082472822
2004-10-06,-0.20571238859387028
2004-10-07,0.19081310316150216
2004-10-08,-0.7290200012094681
2004-10-11,-0.11130584592700644
2004-10-12,-0.9957495926285722
2004-10-13,0.2963848975936832
2004-10-14,-0.0987991520207567
2004-10-15,0.210768317332195
2004-10-18,-0.28164144045513684
2004-10-19,0.463126062104087
2004-10-20,-0.6330037494902455
2004-10-21,-0.04258708530891571
2004-10-22,-0.28414006333194863
2004-10-25,-1.416367230950734
2004-10-26,0.4819057332717432
2004-10-27,0.7918315506161647
2004-10-28,0.5673660519066417
2004-10-29,-0.7818266970163744
2004-11-01,0.8096353654769536
2004-11-02,0.08420880126778019
2004-11-03,-1.1377175132241597
2004-11-04,-0.9002638600172032
2004-11-05,-0.08764197432080953
2004-11-08,0.3076722740790097
2004-11-09,-0.04344495716758871
2004-11-10,0.32019041451634545
2004-11-11,0.6619743082029274
2004-11-12,-0.5313735155934192
2004-11-15,-0.20241910226175036
2004-11-16,-0.40738101128017684
2004-11-17,-0.20473107776492222
2004-11-18,0.00040209489674712315
2004-11-19,-0.04363128193333088
2004-11-22,-0.22029254303254897
2004-11-23,-0.6078650332786145
2004-11-24,-0.029211944925238823
2004-11-25,0.13488020361448055
2004-11-26,-0.10371183223779155
2004-11-29,0.37204411006418125
2004-11-30,-0.4901896271062224
2004-12-01,0.23915337439021853
2004-12-02,0.6647485627674342
2004-12-03,-0.47080905177389754
2004-12-06,-0.2516404716337996
2004-12-07,0.11939388802993225
2004-12-08,1.1141513308105901
2004-12-09,-0.34854310220771795
2004-12-10,0.029463382973860575
2004-12-13,0.13120763835872368
2004-12-14,0.41953756370985823
2004-12-15,-0.303036409987818
2004-12-16,0.1303367346131656
2004-12-17,-0.683133182558082
2004-12-20,0.3213265850031746
2004-12-21,0.1598892747184289
2004-12-22,0.7758801838619045
2004-12-23,-0.12838780602983751
2004-12-24,-0.014274185430616797
2004-12-27,-0.12867142906777349
2004-12-28,0.17147912056443285
2004-12-29,-0.17140454709129102
2004-12-30,-0.014274185430616797
2004-12-31,-0.014274185430616797
2005-01-03,0.766213567233224
2005-01-04,0.9194722711925599
2005-01-05,0.1510610351528889
2005-01-06,0.21892122982609302
2005-01-07,-0.1650511474009768
2005-01-10,-0.15175555283741268
2005-01-11,-0.5403769757642116
2005-01-12,-0.3916726220105913
2005-01-13,-0.6215543345376112
2005-01-14,0.5649501181040771
2005-01-17,-0.23947895185200566
2005-01-18,-0.4963743045699983
2005-01-19,-0.5157474308404055
2005-01-20,-0.30320318918105926
2005-01-21,-0.3925375640486821
2005-01-24,0.044112218336034334
2005-01-25,0.4502988433374469
2005-01-26,-0.9480087582757658
2005-01-27,0.10345435410558812
2005-01-28,-0.42758717145810227
2005-01-31,0.17807192687887372
2005-02-01,0.8635040246256536
2005-02-02,-0.26133180218210117
2005-02-03,0.13120763835872368
2005-02-04,0.23204473551618987
2005-02-07,0.5174390931799662
2005-02-08,-0.07147425751505414
2005-02-09,-0.33010287313697306
2005-02-10,0.2586047867711498
2005-02-11,0.02867553007397293
2005-02-14,-0.31569357557746086
2005-02-15,-0.07189910705371991
2005-02-16,-0.4487352585549818
2005-02-17,0.07292874690949128
2005-02-18,-0.14515065994384957
2005-02-21,0.10207261416386787
2005-02-22,-0.5989122539816176
2005-02-23,-0.11732355358295796
2005-02-24,-0.13233489893176978
2005-02-25,0.26562275824249704
2005-02-28,0.0004111693972914076
2005-03-01,0.19086352307904353
2005-03-02,0.6967573975297917
2005-03-03,0.34446835636751116
2005-03-04,-0.20047259740869997
2005-03-07,-0.014274185430616797
2005-03-08,0.2861407341163689
2005-03-09,-0.3146891049776073
2005-03-10,1.399557436109193
2005-03-11,0.8690082267080386
2005-03-14,-0.20611577806587839
2005-03-15,-0.09669263871697138
2005-03-16,-0.45642106621238937
2005-03-17,-0.23688912294913747
2005-03-18,0.5403177316995397
2005-03-21,0.5203147733459266
2005-03-22,0.7697578502351325
2005-03-23,-0.05448913225456308
2005-03-24,0.0929322935956178
2005-03-25,-0.014274185430616797
2005-03-28,-0.014274185430616797
2005-03-29,-0.22896833824090193
2005-03-30,-0.041167559055596895
2005-03-31,-0.35188277116015815
2005-04-01,0.05343197694485224
2005-04-04,-0.204121970049636
2005-04-05,0.3781426688179593
2005-04-06,-0.14923901432753567
2005-04-07,-0.09541861693569176
2005-04-08,-0.4357888228394944
2005-04-11,0.16295536129054589
2005-04-12,-0.3830905278025325
2005-04-13,-0.13785207883775333
2005-04-14,0.25990119089847746
2005-04-15,-1.0646864469191397
2005-04-18,-1.2602791791516617
2005-04-19,0.4283902448629345
2005-04-20,-0.3709490406647153
2005-04-21,-0.24396498562566846
2005-04-22,0.3012801843607915
2005-04-25,0.057134509214049264
2005-04-26,-0.5742052621531162
2005-04-27,-0.36217104233887676
2005-04-28,-0.5409470868105795
2005-04-29,0.5850719733707105
2005-05-02,0.3907292543359839
2005-05-03,0.21563387537696532
2005-05-04,0.2145059553542743
2005-05-05,0.1992200112279078
2005-05-06,0.437996637555065
2005-05-09,-0.32474579693298083
2005-05-10,-0.3552967457979018
2005-05-11,0.3692147392449753
2005-05-12,0.7435102536495993
2005-05-13,0.4373134969983181
2005-05-16,-0.16901498742598844
2005-05-17,0.23868650939358482
2005-05-18,0.5430938110814191
2005-05-19,0.1516733063015158
2005-05-20,0.2472785388460236
2005-05-23,0.25953048183690747
2005-05-24,-0.06892996002262435
2005-05-25,-0.23342307810612878
2005-05-26,0.27317221517986406
2005-05-27,0.16278956115311774
2005-05-30,0.24332183202917165
2005-05-31,0.080294917827801
2005-06-01,1.0664206629802522
2005-06-02,0.7836376593235126
2005-06-03,-0.6015991651351934
2005-06-06,0.2607154512101296
2005-06-07,0.775620874277486
2005-06-08,-0.20730300688874967
2005-06-09,-0.11754382713748766
2005-06-10,0.34617604999254176
2005-06-13,0.4197705910332058
2005-06-14,-0.17976496038315698
2005-06-15,-1.0455469061945866
2005-06-16,0.36214959591055584
2005-06-17,-0.1567059632328133
2005-06-20,-0.32652914809572087
2005-06-21,0.7753795384076844
2005-06-22,0.5218947333404516
2005-06-23,0.1631037847594731
2005-06-24,-0.9852700529591446
2005-06-27,-0.2991099958325025
2005-06-28,0.669025363610495
2005-06-29,0.43162701673408693
2005-06-30,0.3268728365948088
2005-07-01,0.43682554927348427
2005-07-04,0.9852764638320732
2005-07-05,-0.4189625287542358
2005-07-06,0.04725135183107067
2005-07-07,-1.3109717293640686
2005-07-08,1.1099177588541622
2005-07-11,0.6233336728685742
2005-07-12,-0.6642275215513992
2005-07-13,0.4037071421162401
2005-07-14,0.32719496648875923
2005-07-15,-0.026422082811218918
2005-07-18,-0.026430096432196945
2005-07-19,0.2645375068333906
2005-07-20,0.15464817131744113
2005-07-21,-0.24367148369967154
2005-07-22,-0.4031359022730827
2005-07-25,0.39878967649746316
2005-07-26,-0.7948061775676579
2005-07-27,-0.21142776020625095
2005-07-28,0.330206951757319
2005-07-29,-0.0020129562439007618
2005-08-01,0.24238485379096805
2005-08-02,0.7714982335309034
2005-08-03,-2.0599051716232353
2005-08-04,-1.051909493648118
2005-08-05,-0.515848183645851
2005-08-08,0.6660708480725988
2005-08-09,0.4044679476017717
2005-08-10,-0.4075287615262043
2005-08-11,-0.38513979249964214
2005-08-12,-0.3492411688016079
2005-08-15,-0.4820260794853599
2005-08-16,-0.23674809854856452
2005-08-17,0.4166600534464485
2005-08-18,0.34833275392891144
2005-08-19,0.4734386010682456
2005-08-22,0.1641714057114652
2005-08-23,-0.26937781616202416
2005-08-24,-0.19367732003307497
2005-08-25,-0.5695614990428566
2005-08-26,-0.9190751846502061
2005-08-29,0.14433167693661697
2005-08-30,-0.06708576277942743
2005-08-31,0.5894979268096788
2005-09-01,-0.10566181666561948
2005-09-02,-0.06657172038921669
2005-09-05,0.7642431092088249
2005-09-06,0.2424303617685251
2005-09-07,0.495000007721853
2005-09-08,-0.3191850885227285
2005-09-09,0.17651668320823669
2005-09-12,-0.19232213700709838
2005-09-13,-1.0707721425365917
2005-09-14,0.0898442528141594
2005-09-15,0.06365729312998983
2005-09-16,0.4506797830321983
2005-09-19,-0.027137819786737457
2005-09-20,1.1790428050459187
2005-09-21,-0.5564384746712668
2005-09-22,0.023750550684402023
2005-09-23,0.011074069442120875
2005-09-26,1.2601611306153675
2005-09-27,-0.18718346364586916
2005-09-28,0.6126241917431255
2005-09-29,-0.05092996666136731
2005-09-30,0.21734554595369468
2005-10-03,0.2162314027106832
2005-10-04,0.8492022117434576
2005-10-05,-0.57615256820414
2005-10-06,-1.0476165258253818
2005-10-07,0.09621830487837185
2005-10-10,-0.2355018668539568
2005-10-11,-0.21177640754249116
2005-10-12,-0.08857474076975483
2005-10-13,0.09711565339600897
2005-10-14,-0.224869142263786
2005-10-17,-0.2258069604220422
2005-10-18,-0.25182727964246937
2005-10-19,-0.6705110791805242
2005-10-20,-0.6926079224712953
2005-10-21,-0.052964791701363194
2005-10-24,0.38398444172071
2005-10-25,-0.43833017884221515
2005-10-26,0.3713779200133737
2005-10-27,-0.5550733317966979
2005-10-28,-0.22194231529641217
2005-10-31,-0.43233822949591283
2005-11-01,0.03818746435163215
2005-11-02,0.12968281139955398
2005-11-03,-0.8713591480464317
2005-11-04,-0.7382878925877904
2005-11-07,1.225851438487405
2005-11-08,0.7560123877430213
2005-11-09,-0.44358771274928377
2005-11-10,-0.5266586664359098
2005-11-11,1.1470588363464518
2005-11-14,0.15300980503182768
2005-11-15,0.13960595701990658
2005-11-16,-0.014274185430616797
2005-11-17,0.2538570457637387
2005-11-18,0.41663354165705613
2005-11-21,0.47523907780578295
2005-11-22,-0.7441135715891054
2005-11-23,-0.204855789596196
2005-11-24,-0.15454736930981938
2005-11-25,0.036783121231697066
2005-11-28,-0.05254914106717789
2005-11-29,-0.0015055731619482574
2005-11-30,0.1131721554531848
2005-12-01,0.17626670850053264
2005-12-02,0.3896801348758279
2005-12-05,0.02341862444584446
2005-12-06,0.13619866907085634
2005-12-07,-0.6571174159100696
2005-12-08,-0.026981393165630627
2005-12-09,0.23893081085189158
2005-12-12,-0.014274185430616797
2005-12-13,-0.21673213824763296
2005-12-14,-0.24306918047260007
2005-12-15,-0.5009504214749926
2005-12-16,0.11428108341916739
2005-12-19,-0.11709678255570627
2005-12-20,0.11422191071009359
2005-12-21,-0.3490699653288821
2005-12-22,0.11477522479261201
2005-12-23,0.011496797121549388
2005-12-26,-0.014274185430616797
2005-12-27,0.011472433826843733
2005-12-28,0.2680988583022177
2005-12-29,0.35537147435342814
2005-12-30,-0.47359280533545056
2006-01-02,0.4323663024613686
2006-01-03,-0.2562159628673368
2006-01-04,0.2911268091870651
2006-01-05,-0.19218434719484892
2006-01-06,0.5803691559759236
2006-01-09,-0.14016670690988017
2006-01-10,-0.16581247446770273
2006-01-11,-0.21703577173752348
2006-01-12,-0.281753180440468
2006-01-13,-0.06539500429173953
2006-01-16,-0.20645967421389916
2006-01-17,-0.5565589743998625
2006-01-18,-0.5496979105278565
2006-01-19,-0.09313290495260303
2006-01-20,-0.3045640947412831
2006-01-23,-0.02750535536330787
2006-01-24,0.07830935888560213
2006-01-25,1.0828620350409977
2006-01-26,0.15327176548829397
2006-01-27,-0.014274185430616797
2006-01-30,0.06287139612057997
2006-01-31,0.30577499992920293
2006-02-01,0.3289624940463512
2006-02-02,0.4897265900607323
2006-02-03,0.42239521073383235
2006-02-06,0.479885374180143
2006-02-07,0.37738812433276764
2006-02-08,-0.29544400488501726
2006-02-09,0.485806093506809
2006-02-10,0.516612896342341
2006-02-13,1.2174497219246512
2006-02-14,-0.6972720578884309
2006-02-15,-0.5750043605380682
2006-02-16,-0.002270045220619387
2006-02-17,-0.002292440017990191
2006-02-20,0.021706133086384135
2006-02-21,-0.435660499227711
2006-02-22,0.37113180984947175
2006-02-23,-0.08628275142145118
2006-02-24,0.24928310974180692
2006-02-27,0.28347210709850174
2006-02-28,0.375903938975581
2006-03-01,0.16202381461951174
2006-03-02,-1.0220808511032564
2006-03-03,-0.4476446612051143
2006-03-06,0.09444331392160468
2006-03-07,-0.1713813308384962
2006-03-08,-0.11121629681158092
2006-03-09,1.3723861865981841
2006-03-10,0.26763532684071256
2006-03-13,0.16105988553798178
2006-03-14,1.3203296775396964
2006-03-15,0.9181450331978853
2006-03-16,0.007968487171329093
2006-03-17,-0.48358971948989005
2006-03-20,0.45504134862866114
2006-03-21,-0.0031567535983544983
2006-03-22,2.4127946082126117
2006-03-23,0.4900651202790295
2006-03-24,0.5674153491135218
2006-03-27,-1.2272428838161333
2006-03-28,-0.26913316410677557
2006-03-29,0.2723547775885469
2006-03-30,0.7104717885880045
2006-03-31,-0.13951097995086517
2006-04-03,0.6396303152684605
2006-04-04,-0.41801343660589996
2006-04-05,0.09994832478219269
2006-04-06,-0.5461962990070058
2006-04-07,-1.322165364938552
2006-04-10,0.5217321320171088
2006-04-11,0.08157845523999843
2006-04-12,-0.21685135464081667
2006-04-13,0.007092497305098331
2006-04-18,-0.31422518302285246
2006-04-19,0.36038675747071386
2006-04-20,0.8834971410623591
2006-04-21,-0.4240953020570241
2006-04-24,-0.5555729570039764
2006-04-25,-0.23896703245773931
2006-04-26,0.6354919281891608
2006-04-27,-0.7821618945191393
2006-04-28,-1.1788885197894292
2006-05-02,0.315156367276773
2006-05-03,-1.289639120042482
2006-05-04,0.41094137507959627
2006-05-05,0.17473137712204578
2006-05-08,-0.47139422746299464
2006-05-09,0.7415020685063805
2006-05-10,0.29347189161239673
2006-05-11,-0.7651355658321973
2006-05-12,-1.8408294892712642
2006-05-15,-0.26940692804918004
2006-05-16,0.1482448882399285
2006-05-17,-1.630750950491984
2006-05-18,1.0218199012942712
2006-05-19,0.06907237165400879
2006-05-22,-0.9271080178491655
2006-05-23,0.5403252017366421
2006-05-24,-0.7024551198512163
2006-05-25,0.6858847029993214
2006-05-26,2.0033859804800844
2006-05-29,-0.45271653439764764
2006-05-30,-1.1284187456590054
2006-05-31,0.11607015259377504
2006-06-01,-0.5258735448039934
2006-06-02,-0.32632078092108463
2006-06-05,-0.48620471373638935
2006-06-06,-1.4714134170408042
2006-06-07,-0.1775718911401736
2006-06-08,-0.32990184524420024
2006-06-09,1.0380090353890183
2006-06-12,-0.38741861244652775
2006-06-13,-1.382407666672086
2006-06-14,-0.5311566635451073
2006-06-15,-0.014274185430616797
2006-06-16,-0.014274185430616797
2006-06-19,2.11983506428398
2006-06-20,0.28291981068823696
2006-06-21,-0.44829816863219696
2006-06-22,0.035517452600026644
2006-06-23,-0.064065823461265
2006-06-26,-0.2640929003345818
2006-06-27,-0.5685292190969116
2006-06-28,0.12490331756051919
2006-06-29,1.0352410198290058
2006-06-30,0.7457693549426001
2006-07-03,-0.1360357158816177
2006-07-04,0.20467523829482184
2006-07-05,-0.7974173397380916
2006-07-06,0.7445894251565233
2006-07-07,-0.44117044943107764
2006-07-10,0.2910523669361813
2006-07-11,-0.5406445482812959
2006-07-12,0.5972257023143679
2006-07-13,-0.24570701306444892
2006-07-14,-0.8147139452203873
2006-07-17,-0.2633071005890022
2006-07-18,-0.45323576494652756
2006-07-19,0.8720108692281423
2006-07-20,0.05986698515650903
2006-07-21,-0.9998975723019761
2006-07-24,1.0823542183339534
2006-07-25,0.36606792163129437
2006-07-26,-0.24703961592412857
2006-07-27,1.341631860207149
2006-07-28,0.5669640279130421
2006-07-31,0.12699388619390414
2006-08-01,-0.7725978190846148
2006-08-02,0.16453364217607622
2006-08-03,-0.5888848307970429
2006-08-04,0.05792745127075142
2006-08-07,-0.9616484447482889
2006-08-08,0.022504331697045913
2006-08-09,0.6068301619045483
2006-08-10,-0.43964611860529107
2006-08-11,0.08328798355255701
2006-08-14,0.18026070078558934
2006-08-15,-0.014274185430616797
2006-08-16,0.5166106334642966
2006-08-17,0.4394837880876309
2006-08-18,0.19916914937757785
2006-08-21,-0.4421195293730845
2006-08-22,0.5081231863213361
2006-08-23,-0.09699867404185203
2006-08-24,0.3275056051267366
2006-08-25,-0.06127655486507914
2006-08-28,-0.10839996545459694
2006-08-29,0.05633529355889524
2006-08-30,0.05624448503830892
2006-08-31,-0.02602625077463372
2006-09-01,0.032693334300284274
2006-09-04,0.009194500610091937
2006-09-05,-0.10819523847612086
2006-09-06,-0.9638705380097949
2006-09-07,-0.8000373949801493
2006-09-08,0.04663722777171856
2006-09-11,-0.12397393692218513
2006-09-12,0.8082885985260314
2006-09-13,0.6880534759526665
2006-09-14,0.2802201822652968
2006-09-15,-0.6526910197248867
2006-09-18,-0.13342498875103811
2006-09-19,-0.06203255090438593
2006-09-20,0.8497359580854363
2006-09-21,0.8342915759283999
2006-09-22,-0.8980380004254236
2006-09-25,0.4412878800367427
2006-09-26,0.5979093849394251
2006-09-27,0.38573096855223754
2006-09-28,-0.014274185430616797
2006-09-29,0.5513600683423122
2006-10-02,-0.7737816920466658
2006-10-03,0.32730657299712684
2006-10-04,0.13296196462171142
2006-10-05,0.16636346630317955
2006-10-06,0.2553563009479254
2006-10-09,-0.49846039166543993
2006-10-10,0.3465198463368438
2006-10-11,-0.3185261049564871
2006-10-12,0.07607853518571599
2006-10-13,1.1338979289079658
2006-10-16,0.8154705038603065
2006-10-17,-0.6791167362222353
2006-10-18,0.7802520852264512
2006-10-19,1.0424298073587175
2006-10-20,-0.21525619724508824
2006-10-23,-0.2587179280548831
2006-10-24,0.017679921311925355
2006-10-25,0.672868942307875
2006-10-26,-0.18249654490322822
2006-10-27,0.09093301689926986
2006-10-30,-0.606461076349591
2006-10-31,0.3672563825887859
2006-11-01,0.19638213746895467
2006-11-02,-0.702331879387901
2006-11-03,-0.2708612220904437
2006-11-06,0.3488216837475147
2006-11-07,-0.0888074013299369
2006-11-08,-1.0919429553688431
2006-11-09,0.31161036797345887
2006-11-10,-0.04676867133243655
2006-11-13,0.36337093082397576
2006-11-14,-0.1757637779356008
2006-11-15,0.9253300726741596
2006-11-16,0.21774397975105325
2006-11-17,-0.8313745830718031
2006-11-20,0.16735135099150497
2006-11-21,-0.4427095886738327
2006-11-22,-0.13276072280407755
2006-11-23,-0.06823852883885269
2006-11-24,-1.3058775016258455
2006-11-27,-1.0802450818140141
2006-11-28,-0.1734085700673388
2006-11-29,0.4389789031306601
2006-11-30,-0.5358932031080293
2006-12-01,-0.5416939686279965
2006-12-04,-0.014274185430616797
2006-12-05,0.921850542280254
2006-12-06,-0.2636249607879747
2006-12-07,0.23507658992675062
2006-12-08,-0.28635004132025144
2006-12-11,0.8420366612950454
2006-12-12,-0.0366127337358593
2006-12-13,0.4636980711387234
2006-12-14,0.48081921210070994
2006-12-15,-0.21169187997106365
2006-12-18,0.029664949807252233
2006-12-19,-0.20130890010740976
2006-12-20,0.6099697337627605
2006-12-21,-0.5394067118158855
2006-12-22,-0.6789538042090064
2006-12-27,0.9902071649997619
2006-12-28,0.21454881148556953
2006-12-29,-0.2212480837514482
2007-01-02,0.30127355072037165
2007-01-03,0.2560753364863981
2007-01-04,-0.4584637619616957
2007-01-05,-0.06873344895754087
2007-01-08,-0.6064017742965631
2007-01-09,-0.06947585761149372
2007-01-10,-0.06953568900118355
2007-01-11,0.5901383615284239
2007-01-12,0.20362951253856829
2007-01-15,0.3646491743165456
2007-01-16,-0.23042970918022532
2007-01-17,0.716689971163784
2007-01-18,0.8943780956468214
2007-01-19,-0.003807756546587418
2007-01-22,-0.09804527905841294
2007-01-23,0.12178618492108702
2007-01-24,1.2236118761745127
2007-01-25,-0.6911203929659244
2007-01-26,0.5606384290153211
2007-01-29,0.9653883450848852
2007-01-30,-0.4561489924815578
2007-01-31,-0.297632860836943
2007-02-01,0.36985977052713753
2007-02-02,0.046090117763207164
2007-02-05,-0.31688985861147134
2007-02-06,-0.41058581945958034
2007-02-07,-1.171138780747426
2007-02-08,-0.8475603130540244
2007-02-09,0.9651748791894835
2007-02-12,-0.7178638035936853
2007-02-13,0.8661944222208299
2007-02-14,0.40960844456567824
2007-02-15,-0.2102458285266187
2007-02-16,0.07866239384005455
2007-02-19,0.3249134713238744
2007-02-20,-0.9242198687567253
2007-02-21,-0.32850488821946844
2007-02-22,-0.478936397851965
2007-02-23,0.038749692276688556
2007-02-26,0.22892227231272558
2007-02-27,-1.4598345609599097
2007-02-28,0.22431685684759434
2007-03-01,-0.9980070067031152
2007-03-02,-0.19130887807091154
2007-03-05,-1.2609767208522933
2007-03-06,0.3823682635386738
2007-03-07,0.44619400970566814
2007-03-08,-0.08138452645645272
2007-03-09,-0.22740677595364664
2007-03-12,0.15406989576195917
2007-03-13,-0.691269054781217
2007-03-14,-1.4915914059560598
2007-03-15,0.7762690827413129
2007-03-16,-0.30338204880181624
2007-03-19,0.09000176415921493
2007-03-20,0.23968641360849188
2007-03-21,1.8372602901288742
2007-03-22,0.5580308366180257
2007-03-23,0.4755005996954484
2007-03-26,-0.11183804914989014
2007-03-27,-0.26447544197061895
2007-03-28,-0.7175238183147141
2007-03-29,0.8305488686439072
2007-03-30,0.5156422878028593
2007-04-02,-0.08960945023422784
2007-04-03,0.2113868941103713
2007-04-04,1.1400926319680689
2007-04-05,-0.5403237166741433
2007-04-10,0.14414656887102806
2007-04-11,-0.3210297076916581
2007-04-12,-0.07799795118571994
2007-04-13,0.2400801702427282
2007-04-16,-0.5243734323119809
2007-04-17,-0.7030122134262249
2007-04-18,-0.48270121147092754
2007-04-19,-0.003329725178969312
2007-04-20,0.1932231816554464
2007-04-23,1.2332973832920613
2007-04-24,-0.06737763624707722
2007-04-25,0.4615289600076196
2007-04-26,0.8716938628170745
2007-04-27,-0.6170196810406428
2007-04-30,-0.11896291217627923
2007-05-02,0.6414921895157325
2007-05-03,0.47936171393568594
2007-05-04,1.634618188063081
2007-05-07,-0.28182738653048006
2007-05-08,-0.5439160887567073
2007-05-09,0.15626698521551213
2007-05-10,1.4644038137414932
2007-05-11,1.391508003824675
2007-05-14,-0.5353800793843604
2007-05-15,0.7043083932402332
2007-05-16,-0.23363446989910414
2007-05-17,-0.6300516945553686
2007-05-18,0.4483019324108091
2007-05-21,-0.2257342565324036
2007-05-22,0.06273003090913822
2007-05-23,0.5688148028398183
2007-05-24,-0.7321969157906673
2007-05-25,0.46553082681804214
2007-05-29,0.7904666337348385
2007-05-30,-0.6950427450849639
2007-05-31,-0.11915214227800261
2007-06-01,0.893250019649396
2007-06-04,-0.8359688842758212
2007-06-05,-0.647250007491422
2007-06-06,-1.5847144797751982
2007-06-07,-0.5158815055098724
2007-06-08,-0.3076502329094282
2007-06-11,0.48037771312629507
2007-06-12,-0.09468378843144935
2007-06-13,0.1363852819745841
2007-06-14,1.6412081934346066
2007-06-15,0.5728128639799832
2007-06-18,-0.11960977773773179
2007-06-19,-0.3896326640711544
2007-06-20,0.19784475903907744
2007-06-21,-1.0352308189506692
2007-06-22,-0.3397375370399444
2007-06-25,-0.04395959041842572
2007-06-26,0.01541121955718262
2007-06-27,-0.7724026519788197
2007-06-28,0.47589845018033256
2007-06-29,0.26358170313217305
2007-07-02,-0.2722161518630496
2007-07-03,0.6279771805610601
2007-07-04,0.5418746142292478
2007-07-05,-0.9250600795893507
2007-07-06,1.1673480350699743
2007-07-09,0.13018478784305137
2007-07-10,-1.1922635223627622
2007-07-11,-0.6193921611365246
2007-07-12,1.051880011026884
2007-07-13,0.20972223739935467
2007-07-16,0.8522169545814073
2007-07-17,-0.8128098910080818
2007-07-18,-0.99451632017999
2007-07-19,-0.20283626130712154
2007-07-20,-0.34355438595110355
2007-07-23,0.48374914737938546
2007-07-24,-0.8943239432786666
2007-07-25,-0.8903746521843428
2007-07-26,-1.169475611082475
2007-07-27,-0.0353466370199287
2007-07-30,-0.5761842056936587
2007-07-31,1.3419542446085015
2007-08-01,-2.4600623003902196
2007-08-02,0.18174307099419026
2007-08-03,-0.9914549658480075
2007-08-06,0.30634682417738657
2007-08-07,0.6096643527538737
2007-08-08,0.6230672780521311
2007-08-09,-0.4562701130780216
2007-08-10,0.45989155517534375
2007-08-13,0.007164457840769229
2007-08-14,-0.13230874640753354
2007-08-15,0.317641392956659
2007-08-16,-0.8430336562759447
2007-08-17,0.16994824793895288
2007-08-20,-0.13339357467147614
2007-08-21,0.11565212500245411
2007-08-22,0.2230183187109947
2007-08-23,-0.29483033268094166
2007-08-24,0.14779233359664554
2007-08-27,-0.05744239825315053
2007-08-28,-0.7760567581365798
2007-08-29,0.10625074466590538
2007-08-30,0.4105732141975017
2007-08-31,0.8774535356762926
2007-09-03,0.4622901199055974
2007-09-04,0.5305065586784783
2007-09-05,-0.7491155843529523
2007-09-06,0.22843221461474214
2007-09-07,-1.8928975262005507
2007-09-10,-0.6980826897259356
2007-09-11,0.9207224951827195
2007-09-12,-0.6944546380127378
2007-09-13,-0.08061555948876682
2007-09-14,-0.1694392447545614
2007-09-17,-0.6963030960363648
2007-09-18,0.13189980292880119
2007-09-19,0.8093403425446419
2007-09-20,-1.0178676252547798
2007-09-21,1.5596482127541615
2007-09-24,1.667284749772955
2007-09-25,0.12233250683518204
2007-09-26,1.4426549247966425
2007-09-27,-0.7319930211067641
2007-09-28,-0.7954874867633768
2007-10-01,0.2788964186442184
2007-10-02,0.7005106421287473
2007-10-03,-0.46884189536797505
2007-10-04,0.7273153036082188
2007-10-05,0.9167578652012311
2007-10-08,-0.004252750131937092
2007-10-09,0.07581196634133522
2007-10-10,-0.19462552586184215
2007-10-11,0.2959020187508371
2007-10-12,-0.4148795522387932
2007-10-15,-0.43857217341241733
2007-10-16,-0.25845242509369576
2007-10-17,-0.21871592883719584
2007-10-18,-0.2813727470140572
2007-10-19,-0.36583791670358634
2007-10-22,-0.29530770798107486
2007-10-23,-0.31800396195293557
2007-10-24,-0.3305272659942579
2007-10-25,0.657880994577473
2007-10-26,0.1834629382330867
2007-10-29,0.5945180346959233
2007-10-30,-0.6334659766879288
2007-10-31,0.5022912746284868
2007-11-01,-1.3480426215994754
2007-11-02,-0.7705585400706189
2007-11-05,0.5832259603363225
2007-11-06,-1.6209798192103906
2007-11-07,-1.9849333405543907
2007-11-08,0.07709773788870258
2007-11-09,-0.6460292926735334
2007-11-12,0.4460197410634486
2007-11-13,0.8706630117504401
2007-11-14,0.2770700889642027
2007-11-15,-0.3168657019549634
2007-11-16,-0.5342847059772352
2007-11-19,-1.223046576411993
2007-11-20,0.5536525356789942
2007-11-21,-1.679093491213444
2007-11-22,0.3660194041840865
2007-11-23,0.42168993722066594
2007-11-26,-0.6637816108245542
2007-11-27,-0.049971461717893885
2007-11-28,0.8932386443649709
2007-11-29,0.11397122618649623
2007-11-30,1.0221711405184977
2007-12-03,-0.11690831415661362
2007-12-04,-0.8782785873110884
2007-12-05,0.48300636329654184
2007-12-06,-0.2102595925802028
2007-12-07,-0.12992843809522586
2007-12-10,0.9372727750301321
2007-12-11,0.20090557202599857
2007-12-12,-0.4000032616544668
2007-12-13,-0.98091271603709
2007-12-14,0.5175106245848038
2007-12-17,-1.0486051643831247
2007-12-18,0.48827198350646084
2007-12-19,-0.5285629391249852
2007-12-20,-0.02603809307662819
2007-12-21,2.403427441295211
2007-12-27,-0.1933493728100917
2007-12-28,-0.02549926704489233
2008-01-02,0.4100549256078204
2008-01-03,-0.731120701265439
2008-01-04,-1.3766351564690242
2008-01-07,1.2237726463799783
2008-01-08,0.008340111393200057
2008-01-09,-0.29785669465912473
2008-01-10,0.3710081662018864
2008-01-11,-0.2518615715973235
2008-01-14,-0.447250326509414
2008-01-15,-1.8819045373397212
2008-01-16,0.11650691044165692
2008-01-17,-1.5955954236912844
2008-01-18,-1.2830416254264863
2008-01-21,-1.8128224927931191
2008-01-22,-0.40869925703605303
2008-01-23,-1.721264404244975
2008-01-24,2.309216340406329
2008-01-25,0.9531710513964078
2008-01-28,0.15146415117747114
2008-01-29,0.12547744899558266
2008-01-30,0.251419936013164
2008-01-31,-1.098967911819013
2008-02-01,0.8174174283377206
2008-02-04,1.2004111596462064
2008-02-05,-2.9466209073623064
2008-02-06,-1.3614507242554064
2008-02-07,-1.0814527062824566
2008-02-08,0.11008518690931046
2008-02-11,-0.31886105330162573
2008-02-12,2.170864307783017
2008-02-13,0.012261396428729568
2008-02-14,-0.5743902937028076
2008-02-15,-0.2698200914654597
2008-02-18,0.8940991543212731
2008-02-19,0.5905066917206362
2008-02-20,-0.0796472831332008
2008-02-21,0.142470364976701
2008-02-22,-1.1090440981477634
2008-02-25,0.9891242745818054
2008-02-26,1.3380399443589195
2008-02-27,-0.4351474341637395
2008-02-28,-0.2068277201143162
2008-02-29,-0.9888909349106532
2008-03-03,0.39099521391867165
2008-03-04,-1.6161324541406012
2008-03-05,0.0798810588414973
2008-03-06,-0.5412415644575008
2008-03-07,-0.28681555356143695
2008-03-10,-0.6055411922150163
2008-03-11,-0.8659077543438582
2008-03-12,0.09827874560231342
2008-03-13,-1.731377332425269
2008-03-14,-0.6007227855915616
2008-03-17,-1.6500869680833177
2008-03-18,2.251681986110751
2008-03-19,1.5888170930172214
2008-03-20,0.6565556768511143
2008-03-25,1.6358608312077942
2008-03-26,-0.7708576774584031
2008-03-27,0.06736504528381787
2008-03-28,-0.5474653826817109
2008-03-31,0.586846231366306
2008-04-01,1.4033878060191085
2008-04-02,0.6400306027230405
2008-04-03,-0.8137480243424673
2008-04-04,-0.30592921650448024
2008-04-07,0.4883889835060157
2008-04-08,-0.4372215696700557
2008-04-09,0.10506218907145207
2008-04-10,0.02544153128599559
2008-04-11,-1.3018091905099844
2008-04-14,-1.6040240031521065
2008-04-15,-0.014274185430616797
2008-04-16,-0.6938910207451012
2008-04-17,0.861739741292548
2008-04-18,1.229295710572209
2008-04-21,-0.7980861317714762
2008-04-22,-0.6704292265012686
2008-04-23,0.14011121632138868
2008-04-24,-0.4647889618663883
2008-04-25,1.9802483672413833
2008-04-28,0.1887482542216346
2008-04-29,-0.21729662508286818
2008-04-30,0.29668720557010325
2008-05-02,1.796893650564844
2008-05-05,0.21865515016222814
2008-05-06,0.4097921029330231
2008-05-07,0.7219958087303344
2008-05-08,-0.001677973151611958
2008-05-09,-0.7191837571672961
2008-05-12,0.13017780855187333
2008-05-13,0.45538933185541486
2008-05-14,0.07651000857171264
2008-05-15,-0.15700953421716765
2008-05-16,0.4898972500048269
2008-05-19,0.2933417353709282
2008-05-20,-1.152098478864302
2008-05-21,-2.087147947529441
2008-05-22,1.439565898305298
2008-05-23,-0.74910212906107
2008-05-26,-0.18962127056902273
2008-05-27,0.7764275837759719
2008-05-28,1.1281776007853168
2008-05-29,0.6556899874860125
2008-05-30,1.1733282131434193
2008-06-02,-2.014766374588256
2008-06-03,0.5549149565777476
2008-06-04,-0.13014814396920743
2008-06-05,-0.9384315914764878
2008-06-06,-2.137757127599194
2008-06-09,-0.40069711143489356
2008-06-10,0.09645049824462568
2008-06-11,-1.3603316333766118
2008-06-12,0.3681899306645181
2008-06-13,-0.1697109753458228
2008-06-16,-0.5408997591867247
2008-06-17,0.9491088354146544
2008-06-18,-1.1928125383894261
2008-06-19,-0.17270720328623648
2008-06-20,-0.7850049095900803
2008-06-23,-0.08764297987207086
2008-06-24,-1.6575753002767097
2008-06-25,0.9487358216077839
2008-06-26,-2.068955485559293
2008-06-27,-0.5618043638293237
2008-06-30,0.5488041389191559
2008-07-01,-0.9406374161638013
2008-07-02,-0.28456664903092316
2008-07-03,0.09722061701710702
2008-07-04,-0.38158338533041286
2008-07-07,0.5593791936321024
2008-07-08,0.395771345375352
2008-07-09,0.07984012857529696
2008-07-10,-0.7247782094054226
2008-07-11,-1.7972237390077883
2008-07-14,-0.9146460960966823
2008-07-15,-0.8805882722506639
2008-07-16,0.9361335282824224
2008-07-17,1.9443207500645658
2008-07-18,1.0066210666921336
2008-07-21,0.7216994728069991
2008-07-22,0.187308423168195
2008-07-23,1.7624071313474337
2008-07-24,-2.1325869414770837
2008-07-25,0.29640493215456104
2008-07-28,-1.4764682016605648
2008-07-29,-0.4473487452924585
2008-07-30,-0.12718946533368436
2008-07-31,-0.8287993225642631
2008-08-01,-2.6318697110922824
2008-08-04,-1.2988828322161834
2008-08-05,1.7539903528253271
2008-08-06,0.20861423083717132
2008-08-07,-0.26293646813956795
2008-08-08,2.992249847366483
2008-08-11,2.0775982488477736
2008-08-12,0.6985526450113135
2008-08-13,-3.1591468775235776
2008-08-14,-0.5702286783569126
2008-08-15,1.1233431310179314
2008-08-18,-0.6284576158868801
2008-08-19,-1.2836862966375242
2008-08-20,0.4347227439703348
2008-08-21,-1.6474866630154676
2008-08-22,1.502931563969809
2008-08-25,-0.8342942736367617
2008-08-26,-0.40412361887957576
2008-08-27,-0.45025937768816904
2008-08-28,1.0136984609956354
2008-08-29,-0.45333761590380983
2008-09-01,0.5758222889652092
2008-09-02,1.5514022854929714
2008-09-03,-0.388631430698962
2008-09-04,-1.3398241150323202
2008-09-05,-1.1880540615739876
2008-09-08,1.9096759603956472
2008-09-09,0.39742211814266337
2008-09-10,0.03488695355521334
2008-09-11,-0.6740284559974344
2008-09-12,0.5963189461503707
2008-09-15,-1.6659381478127329
2008-09-16,-0.2866877707718323
2008-09-17,-0.8757701140727112
2008-09-18,0.10727807586036066
2008-09-19,5.744113019592019
2008-09-22,-1.7987276989205032
2008-09-23,-1.4062403379314705
2008-09-24,-0.7675539200248092
2008-09-25,1.1234359898464716
2008-09-26,-1.5626111502201214
2008-09-29,-1.597372817422451
2008-09-30,-0.02297802379143832
2008-10-01,-2.1594542689370297
2008-10-02,-2.3182133269629444
2008-10-03,1.8965355627147087
2008-10-06,-2.174235300371021
2008-10-07,-0.36142333310595537
2008-10-08,-3.800289665703537
2008-10-09,-2.4662305552105406
2008-10-10,-4.380799942289212
2008-10-13,5.075128417923087
2008-10-14,1.420413055009912
2008-10-15,-5.0495444958975115
2008-10-16,-1.4909985157007177
2008-10-17,1.9988112036168175
2008-10-20,-0.4569309567548919
2008-10-21,1.7094980225041598
2008-10-22,-2.791164076329414
2008-10-23,-1.3490196291122054
2008-10-24,-2.6585018236241695
2008-10-27,-2.8834564850721756
2008-10-28,-0.41677529872541913
2008-10-29,3.86501135424316
2008-10-30,4.187354131832534
2008-10-31,-0.21457799524170593
2008-11-03,1.0597738552515041
2008-11-04,5.216234438659711
2008-11-05,-0.3671413022897442
2008-11-06,-3.773906653031555
2008-11-07,1.0890360008998843
2008-11-10,2.0656278804343065
2008-11-11,-2.425814516279009
2008-11-12,-1.6851298115907336
2008-11-13,3.0341690048766607
2008-11-14,-1.4362593053170296
2008-11-17,0.4058092769985441
2008-11-18,0.4784271608392419
2008-11-19,-6.730583958562398
2008-11-20,-1.0415872890801035
2008-11-21,-1.5385041315853702
2008-11-24,4.431197228327854
2008-11-25,-1.3717387814914157
2008-11-26,0.7731282675280174
2008-11-27,2.1444349800855615
2008-11-28,-1.6632512440156733
2008-12-01,-1.9106438307066447
2008-12-02,1.8337854028518878
2008-12-03,0.8122766167111761
2008-12-04,1.5164680625296407
2008-12-05,-1.9744686723560299
2008-12-08,2.596881372078125
2008-12-09,2.5683233214100003
2008-12-10,1.0584631825400719
2008-12-11,-0.3832741742664421
2008-12-12,-0.9549322637096275
2008-12-15,-0.035870393956734456
2008-12-16,0.3836851075999348
2008-12-17,-0.23972581453867053
2008-12-18,0.2646852837429506
2008-12-19,-0.6388653677868813
2008-12-22,-1.9163655092634457
2008-12-23,0.4572665343341582
2008-12-29,0.07501317619782435
2008-12-30,0.672087238768882
2009-01-02,1.56384946613088
2009-01-05,-1.0568920787622893
2009-01-06,-0.18847375841285702
2009-01-07,0.560332590495895
2009-01-08,-0.31697439594551086
2009-01-09,1.0368354306145025
2009-01-12,-0.312227712452253
2009-01-13,-2.2209942500101216
2009-01-14,-2.6938791837094556
2009-01-15,-1.1517356763452014
2009-01-16,-0.1234599776810776
2009-01-19,-1.1823529723088988
2009-01-20,-1.3908626652834533
2009-01-21,0.6094971772774768
2009-01-22,-1.244158237058364
2009-01-23,-1.8399387308775519
2009-01-26,1.5771982461431135
2009-01-27,0.9284356598213314
2009-01-28,1.0102982832565028
2009-01-29,-1.7473643854964755
2009-01-30,0.7836605358149995
2009-02-02,-2.637873452123173
2009-02-03,1.354958774400004
2009-02-04,3.1414234999111157
2009-02-05,0.5343086580791986
2009-02-06,5.192487400592771
2009-02-09,2.2034005152344793
2009-02-10,-1.2748791981343726
2009-02-11,0.620219968792018
2009-02-12,0.17442552921321774
2009-02-13,2.063569580591737
2009-02-16,-0.7205408095064182
2009-02-17,-3.035933337679276
2009-02-18,-0.7676714955066176
2009-02-19,0.9013365868789798
2009-02-20,-1.5279662875925102
2009-02-23,-2.6730350628720467
2009-02-24,-2.234146673501326
2009-02-25,1.3972467427560178
2009-02-26,1.2048503827563062
2009-02-27,-1.3774909890341158
2009-03-02,-1.4053708979830797
2009-03-03,-0.32485783116896705
2009-03-04,4.375784999645765
2009-03-05,-3.7728801270161676
2009-03-06,1.2479865417680627
2009-03-09,0.7814900143568823
2009-03-10,3.108056659120986
2009-03-11,2.977585485308672
2009-03-12,0.929026717831195
2009-03-13,-1.7196153598805242
2009-03-16,-0.214639327485205
2009-03-17,0.7717620012454742
2009-03-18,-1.160974748130045
2009-03-19,-0.9606909574970198
2009-03-20,0.23492269728088028
2009-03-23,1.307071345041871
2009-03-24,-0.40471891273732163
2009-03-25,-0.17347528701355103
2009-03-26,0.2401953163350087
2009-03-27,1.648257162610139
2009-03-30,-3.7076362247030845
2009-03-31,0.5779819526879938
2009-04-01,2.02327131048481
2009-04-02,6.557854051910709
2009-04-03,1.7703607706108466
2009-04-06,-3.852198389030588
2009-04-07,-2.1603515465466114
2009-04-08,2.8292489480223497
2009-04-09,1.1593501458875393
2009-04-14,-0.5189814578515477
2009-04-15,-0.08813365550754294
2009-04-16,0.5825549910713189
2009-04-17,2.039285137181244
2009-04-20,-2.2690098062628317
2009-04-21,-0.17949124881123138
2009-04-22,0.7337932848721274
2009-04-23,-0.03237665141772936
2009-04-24,1.7281204375221748
2009-04-27,-0.049201288071436124
2009-04-28,-2.1675113706377194
2009-04-29,1.3639866633113649
2009-04-30,-0.9105604437709248
2009-05-04,1.0592542835936358
2009-05-05,1.1046988236000477
2009-05-06,1.1885739775425415
2009-05-07,-0.7528568715053909
2009-05-08,-1.934836904506234
2009-05-11,-2.1460602406759253
2009-05-12,-1.0885489602338896
2009-05-13,-2.188656256322911
2009-05-14,1.8445408120294815
2009-05-15,0.30515725155106693
2009-05-18,1.3174497746241902
2009-05-19,1.6991687578304653
2009-05-20,-0.40493780746605085
2009-05-21,-1.224624135245076
2009-05-22,-0.6264826348959583
2009-05-25,-0.34721722667142735
2009-05-26,0.9869835701862023
2009-05-27,1.3765754983205254
2009-05-28,-1.4144621078977697
2009-05-29,-0.03297024255781501
2009-06-01,2.755881131484364
2009-06-02,0.963730045384269
2009-06-03,-0.666964376912944
2009-06-04,-0.04056477390775575
2009-06-05,1.538200234951521
2009-06-08,0.070509110953384
2009-06-09,0.18014962747970645
2009-06-10,1.3985646042633444
2009-06-11,0.5473981397283935
2009-06-12,-0.22514105143805044
2009-06-15,-2.1845769007644398
2009-06-16,-0.338693445087168
2009-06-17,-0.9922986244027
2009-06-18,0.22996255008195624
2009-06-19,-0.7242518530068752
2009-06-22,-1.9795090613947406
2009-06-23,0.3433280206389735
2009-06-24,1.2476997917569512
2009-06-25,-0.2193091987386204
2009-06-26,-0.11264433473552538
2009-06-29,0.9691822745859546
2009-06-30,-0.4459119256198039
2009-07-01,1.1828398473290493
2009-07-02,-1.6559029194550534
2009-07-03,-0.27402075134642767
2009-07-06,-1.5012463784138639
2009-07-07,-0.29309530808653245
2009-07-08,-0.8322293680820481
2009-07-09,1.026867274199285
2009-07-10,0.41059906122909234
2009-07-13,1.5237124216602973
2009-07-14,2.432027746466754
2009-07-15,0.8902192976211384
2009-07-16,-0.23045922798110172
2009-07-17,1.243954966604543
2009-07-20,-0.8246068363349218
2009-07-21,2.0692523560669924
2009-07-22,-0.04588314146211837
2009-07-23,0.8320311770238119
2009-07-24,0.4186754623346268
2009-07-27,-0.5093984290468867
2009-07-28,-0.24034248974533265
2009-07-29,1.5385055099673757
2009-07-30,0.9662529571394523
2009-07-31,0.5308003104840916
2009-08-03,0.6908554594009249
2009-08-04,-0.8293993467562771
2009-08-05,-1.0307404316064033
2009-08-06,-0.4209894643480851
2009-08-07,0.16692231009077838
2009-08-10,0.24873893114302534
2009-08-11,-1.320993224743193
2009-08-12,0.8331149601648868
2009-08-13,1.6364317696956308
2009-08-14,-0.7284814441751566
2009-08-17,-1.0947503111559849
2009-08-18,0.008484671705104188
2009-08-19,0.00847947619333876
2009-08-20,0.8944017666800423
2009-08-21,0.8773560977029796
2009-08-24,-0.3659971943103692
2009-08-25,0.1985402830799214
2009-08-26,0.233994610459404
2009-08-27,-1.3961378423487267
2009-08-28,0.5299714567863741
2009-08-31,-0.40879396497163717
2009-09-01,-1.217865553832063
2009-09-02,-0.7949677201387529
2009-09-03,-0.5235759243948632
2009-09-04,2.411983798032576
2009-09-07,0.8535309079362645
2009-09-08,-0.48699664730116166
2009-09-09,3.5250543108084993
2009-09-10,-0.2976262903367987
2009-09-11,0.2346083355045278
2009-09-14,0.7721435867857254
2009-09-15,-0.38193736763941255
2009-09-16,0.25834674724971357
2009-09-17,-1.0238988948279957
2009-09-18,-0.5798910434336108
2009-09-21,0.6553599323177489
2009-09-22,0.5776977997676126
2009-09-23,-1.0796011970719563
2009-09-24,-0.23866324811050318
2009-09-25,-0.4237118908082048
2009-09-28,0.7383408540376056
2009-09-29,-0.51233849782065
2009-09-30,-1.0551753338969612
2009-10-01,-0.7991958974004995
2009-10-02,-0.8720462575788838
2009-10-05,-0.09642914361340041
2009-10-06,0.9036638505248435
2009-10-07,-0.3749021096680655
2009-10-08,1.3043891698394734
2009-10-09,-0.32424650291947077
2009-10-12,0.973436686299733
2009-10-13,-0.4912545319606826
2009-10-14,1.1728083430271663
2009-10-15,-0.6535776712422686
2009-10-16,-0.4834097327061949
2009-10-19,1.9654027176575068
2009-10-20,0.5780932233956702
2009-10-21,0.6442607537201738
2009-10-22,-0.05432529718133856
2009-10-23,0.49063291056077635
2009-10-26,-0.4591197790773836
2009-10-27,-1.5600557014441043
2009-10-28,-1.8979934575130626
2009-10-29,1.1262989634021336
2009-10-30,-0.9116940674391172
2009-11-02,0.425955133868557
2009-11-03,-3.087029187480693
2009-11-04,1.1549986168741924
2009-11-05,0.7084989523540964
2009-11-06,0.4041117847171158
2009-11-09,0.5284495743505567
2009-11-10,-1.0914587996534646
2009-11-11,0.4339169186413459
2009-11-12,0.2369065670611051
2009-11-13,0.3848288615613354
2009-11-16,1.5563547036272536
2009-11-17,-0.9994555126374302
2009-11-18,-0.00024918350739089415
2009-11-19,-0.9913895335900273
2009-11-20,-0.6480303779065705
2009-11-23,0.036455568659521716
2009-11-24,-0.6999619735284037
2009-11-25,-0.25737061034912895
2009-11-26,-1.3018215479757766
2009-11-27,1.4501873204621687
2009-11-30,-1.2894050344359027
2009-12-01,1.0322216780939923
2009-12-02,-0.7143629682895188
2009-12-03,0.7892055773483788
2009-12-04,0.7976176536401868
2009-12-07,-0.21778249931691973
2009-12-08,-0.5857856421650952
2009-12-09,-0.7946344151601591
2009-12-10,-0.0742657869300878
2009-12-11,0.08315401510066184
2009-12-14,-0.20183774345739794
2009-12-15,-0.021784236500544476
2009-12-16,0.8868509859138091
2009-12-17,0.19918317965818713
2009-12-18,-0.5980238194948002
2009-12-21,-0.20798784204649226
2009-12-22,0.4980616023735955
2009-12-23,-0.07338672935495935
2009-12-28,-0.4898921452414207
2009-12-29,0.35769997312723145
2009-12-30,-0.3862483439884698
2010-01-04,0.35769997312723145
2010-01-05,0.36953175444095
2010-01-06,0.7151812926186869
2010-01-07,0.4037363202999447
2010-01-08,-0.6572176167288828
2010-01-11,-0.7250769066687355
2010-01-12,-1.4153364648290605
2010-01-13,0.273801962372413
2010-01-14,0.6834670339135593
2010-01-15,-0.40314441057215333
2010-01-18,0.6863695358550993
2010-01-19,0.47157721073852754
2010-01-20,-0.9461540951656128
2010-01-21,-0.9876516958221624
2010-01-22,-0.71311820589831
2010-01-25,-0.8887490750969476
2010-01-26,0.16661711300392068
2010-01-27,-1.0699839259350747
2010-01-28,-0.07853339363530072
2010-01-29,2.1998762628507347
2010-02-01,0.14655075576806667
2010-02-02,0.15363652185211868
2010-02-03,0.06184841113073001
2010-02-04,-1.3878769475585044
2010-02-05,-0.6686144210236543
2010-02-08,-0.5089881629497102
2010-02-09,0.009770422371168817
2010-02-10,0.04982548007875702
2010-02-11,-0.295320760374865
2010-02-12,-0.8101923616628488
2010-02-15,-0.5910498035528307
2010-02-16,1.221306348842274
2010-02-17,0.32374754334119893
2010-02-18,-0.33614599298724107
2010-02-19,1.6049745844020684
2010-02-22,-0.28818982291970147
2010-02-23,-0.9175729756171452
2010-02-24,-0.34340650036327797
2010-02-25,-0.1918179913767293
2010-02-26,0.6441441508451362
2010-03-01,1.0268073537654223
2010-03-02,1.3620104538910902
2010-03-03,0.45327920285503587
2010-03-04,-0.149543053036306
2010-03-05,1.182145849731257
2010-03-08,-0.5678492907573944
2010-03-09,0.1931418345497406
2010-03-10,0.18489267242546392
2010-03-11,0.6073432371051447
2010-03-12,-0.23274283468836865
2010-03-15,0.13148316573193458
2010-03-16,0.15278916601948442
2010-03-17,-0.4293830006026169
2010-03-18,-0.5512715316344373
2010-03-19,-0.0808991573329488
2010-03-22,0.633208942400945
2010-03-23,0.926384925284103
2010-03-24,0.30705558229272756
2010-03-25,0.9228848032831936
2010-03-26,0.2084759775453482
2010-03-29,-0.13248341160339674
2010-03-30,-0.4760010263615712
2010-03-31,0.5378777816064797
2010-04-01,1.3217474257806128
2010-04-06,0.32904738065182093
2010-04-07,-0.8396962287596615
2010-04-08,-0.3842707629038746
2010-04-09,0.4375379945283893
2010-04-12,0.3387034363952554
2010-04-13,0.2957906914187999
2010-04-14,0.2069411569201362
2010-04-15,-0.26235434032469573
2010-04-16,0.293958602123085
2010-04-19,-0.34941228655906414
2010-04-20,1.9425845368524257
2010-04-21,-0.2926421960176525
2010-04-22,-0.4447453781926772
2010-04-23,1.3166046333836556
2010-04-26,0.668849085470298
2010-04-27,-0.9785495820367178
2010-04-28,-0.36161516293399903
2010-04-29,-0.033649627311679996
2010-04-30,0.44208320603942064
2010-05-03,0.30449142596827855
2010-05-04,-2.0127320949251146
2010-05-05,0.17091912865190234
2010-05-06,0.5630880345388365
2010-05-07,-1.2563766782516927
2010-05-10,2.8434375926210564
2010-05-11,0.6118995233388675
2010-05-12,0.9951245030385307
2010-05-13,0.6149015656552287
2010-05-14,-1.1085558969359701
2010-05-17,0.10243801732585481
2010-05-18,1.1192900621600492
2010-05-19,-2.939328318119647
2010-05-20,-1.0788500913813683
2010-05-21,-0.21820479024566916
2010-05-24,0.13711102427242494
2010-05-25,-1.1448394071696402
2010-05-26,0.6141743750502502
2010-05-27,1.8674211721641258
2010-05-28,0.5820387744568405
2010-05-31,0.34997484946283813
2010-06-01,0.11067926530031386
2010-06-02,0.4699230382269463
2010-06-03,0.9214216473133191
2010-06-04,-1.384287056530231
2010-06-07,0.1475150459342235
2010-06-08,-0.708830689274504
2010-06-09,1.5115508213200062
2010-06-10,2.0696508902556876
2010-06-11,-0.6849843779087583
2010-06-14,-0.4069497475768942
2010-06-15,0.09314916476385615
2010-06-16,-0.9959535596923518
2010-06-17,0.7942266001982204
2010-06-18,1.173246222749896
2010-06-21,1.2466665384735711
2010-06-22,-0.3392519267361425
2010-06-23,-0.04862083333719485
2010-06-24,-0.15760669834507732
2010-06-25,-1.176872228550308
2010-06-28,1.033341336534073
2010-06-29,-1.6063967488674593
2010-06-30,0.18174697479566573
2010-07-01,-2.2785559988667803
2010-07-02,-0.4076021305589298
2010-07-05,0.2670175871182506
2010-07-06,1.082283867187615
2010-07-07,0.8905483137771707
2010-07-08,-1.028841139457092
2010-07-09,0.2778251889140185
2010-07-12,-0.3124847507520367
2010-07-13,3.768630535510552
2010-07-14,-0.6784954824588363
2010-07-15,0.7962989618092449
2010-07-16,-0.1380816435838857
2010-07-19,-0.9187643860851809
2010-07-20,-0.3427695173038607
2010-07-21,-0.18809283746915886
2010-07-22,1.1835913182266284
2010-07-23,0.01401750142113646
2010-07-26,0.12127753039542034
2010-07-27,-0.7074088941656749
2010-07-28,-0.9155699490903223
2010-07-29,-0.020113716887985654
2010-07-30,0.6748785793203913
2010-08-02,0.6253347616613152
2010-08-03,1.427144584230303
2010-08-04,0.554599128234826
2010-08-05,0.8852218414359103
2010-08-06,-0.6751093496384356
2010-08-09,0.421944119273479
2010-08-10,-1.0548606407307919
2010-08-11,-1.0669451902321623
2010-08-12,-0.5721612758740425
2010-08-13,-0.03128448871655347
2010-08-16,-0.09940447038928181
2010-08-17,1.4291612802677824
2010-08-18,0.42454583383101374
2010-08-19,-0.7404946579010103
2010-08-20,-1.1021953098196584
2010-08-23,-0.025620425557728477
2010-08-24,-0.4016720843453422
2010-08-25,-0.1116118512109617
2010-08-26,0.2714643337982994
2010-08-27,0.07111539571917871
2010-08-30,-0.6498170877368069
2010-08-31,0.5130789446749121
2010-09-01,1.3843389951872878
2010-09-02,0.7380408041020388
2010-09-03,0.5274202935222608
2010-09-06,-0.0789527838073269
2010-09-07,-0.1222719754177973
2010-09-08,1.112886648051584
2010-09-09,0.4166604210681711
2010-09-10,0.8206171106207024
2010-09-13,0.2215791666726218
2010-09-14,0.6813505486085819
2010-09-15,0.1165890836059475
2010-09-16,0.08615836501279125
2010-09-17,0.04587908930965709
2010-09-20,1.6736864053177594
2010-09-21,-0.6420915184205678
2010-09-22,-0.40783005748905843
2010-09-23,0.19766886049156634
2010-09-24,1.9651484587925336
2010-09-27,-0.20334032059165233
2010-09-28,0.4757229905749889
2010-09-29,0.3499453442958212
2010-09-30,0.337930214758745
2010-10-01,-2.03270925222188
2010-10-04,-1.066442914976774
2010-10-05,1.6648432340477335
2010-10-06,-0.45370367855769156
2010-10-07,0.46793435567275243
2010-10-08,0.05218074680829865
2010-10-11,-0.20439617671985758
2010-10-12,0.2990179922156238
2010-10-13,-0.13744437178760707
2010-10-14,-0.08072911766953225
2010-10-15,-0.5396805252042651
2010-10-18,-0.4485352007544477
2010-10-19,0.09708624729305942
2010-10-20,0.45248919052188696
2010-10-21,0.3862624284447143
2010-10-22,-0.004775182698083473
2010-10-25,0.6363704690497038
2010-10-26,-0.2772338786915165
2010-10-27,-0.5493578066515138
2010-10-28,-0.04285127409016326
2010-10-29,1.5465161461999442
2010-11-01,1.3044097582714314
2010-11-02,-0.5645792159271742
2010-11-03,-0.6629184460196742
2010-11-04,2.1787639531938314
2010-11-05,-0.03184110636747729
2010-11-08,-0.5888792530662834
2010-11-09,1.3013982030460907
2010-11-10,-1.0285139512142882
2010-11-11,0.5741782933910755
2010-11-12,0.7391141728822033
2010-11-15,0.6427008489583855
2010-11-16,-1.250382369428186
2010-11-17,-0.29338822303304984
2010-11-18,1.7038656253607696
2010-11-19,0.29687514217048155
2010-11-22,0.8331126997967575
2010-11-23,-1.0295827595777522
2010-11-24,2.1641265825079525
2010-11-25,0.6083416237612944
2010-11-26,-0.5325598004092053
2010-11-29,-1.2405451983861815
2010-11-30,0.1417767158645399
2010-12-01,2.360699207896676
2010-12-02,2.1954972461688813
2010-12-03,-0.09624598106800432
2010-12-06,-0.6751687320784043
2010-12-07,0.8624299967516286
2010-12-08,-1.5842281505414435
2010-12-09,-1.337086318375392
2010-12-10,1.7819515767621852
2010-12-13,0.6796327766126068
2010-12-14,-0.7461878556688598
2010-12-15,0.00094236183351704
2010-12-16,0.22077475680184847
2010-12-17,-0.6615900518074724
2010-12-20,0.8970558338128817
2010-12-21,1.2109220342728841
2010-12-22,-0.3305403525855579
2010-12-23,-0.8405377187771753
2010-12-27,-3.1490781359095035
2010-12-28,-0.7987766428471911
2010-12-29,0.3674488960989847
2010-12-30,0.09078401609945717
2011-01-03,2.0393140127255975
2011-01-04,-0.5663160798928631
2011-01-05,-0.5727953622777158
2011-01-06,-0.1172502431339891
2011-01-07,-0.4844758417432827
2011-01-10,-0.6918347576798236
2011-01-11,0.9427755086644264
2011-01-12,-0.28575205150307204
2011-01-13,-1.346026342629048
2011-01-14,1.012201682476901
2011-01-17,-0.32962820327855513
2011-01-18,0.14771035154802242
2011-01-19,-0.7393765518738488
2011-01-20,-1.9838431713178686
2011-01-21,0.14805098539936704
2011-01-24,-0.4167977532821859
2011-01-25,0.7112102411889848
2011-01-26,0.7169810865970384
2011-01-27,0.28505686997438634
2011-01-28,-0.188657245571875
2011-01-31,-0.8704774527220218
2011-02-01,0.3485563162354695
2011-02-02,-0.04789977079520072
2011-02-03,0.7036781149143525
2011-02-04,-0.41365775850378667
2011-02-07,1.628124595284568
2011-02-08,2.147408451304264
2011-02-09,-0.2462248483838968
2011-02-10,0.3101416853192982
2011-02-11,1.0739056190802214
2011-02-14,-0.014274185430616797
2011-02-15,-0.8950730351121318
2011-02-16,-0.26015516681567546
2011-02-17,-0.4943357238390484
2011-02-18,-0.38928720796187755
2011-02-21,-0.21864469044412546
2011-02-22,0.08801657620006177
2011-02-23,-1.718802180736247
2011-02-24,-1.0854741061837085
2011-02-25,1.3817204309028768
2011-02-28,0.05042815453293712
2011-03-01,0.6995640569164163
2011-03-02,-1.3626742993439882
2011-03-03,0.05938635062909263
2011-03-04,-0.2684475113967252
2011-03-07,-0.04716963664012432
2011-03-08,0.1745704315480163
2011-03-09,0.12480896014341383
2011-03-10,-0.8550255141088542
2011-03-11,-0.701138207182713
2011-03-14,-0.43801820141539244
2011-03-15,-1.317412141522382
2011-03-16,-1.0760080321723584
2011-03-17,0.9072511796919622
2011-03-18,1.001517326184861
2011-03-21,0.10582322406802898
2011-03-22,-0.7481955034742619
2011-03-23,0.5737704291586155
2011-03-24,1.9471716739749323
2011-03-25,-0.12986553748559054
2011-03-28,-0.09701110754791842
2011-03-29,0.010562953021891548
2011-03-30,0.9443880708253716
2011-03-31,0.13959511577591704
2011-04-01,1.9419710993860186
2011-04-04,-0.6469624680944839
2011-04-05,0.4473925559200133
2011-04-06,-0.16243874776207912
2011-04-07,-1.345079003809527
2011-04-08,-0.49062970763049907
2011-04-11,-1.1973550814648235
2011-04-12,-0.3985036368396888
2011-04-13,0.7758525551964366
2011-04-14,0.2735369861825336
2011-04-15,0.13306367665798285
2011-04-18,-0.7638880143326264
2011-04-19,1.2798115316384175
2011-04-20,1.3712162218548698
2011-04-21,0.353122995141611
2011-04-26,0.5354370171535006
2011-04-27,0.1624354348928839
2011-04-28,0.9272845999002997
2011-04-29,0.3527072699879941
2011-05-02,0.5567415699393536
2011-05-03,-0.809628424323246
2011-05-04,-0.7850794515950199
2011-05-05,-0.7745640902905849
2011-05-06,1.1027371725839736
2011-05-09,-1.193253996707779
2011-05-10,1.0511454065377632
2011-05-11,0.36320510785711635
2011-05-12,0.01580012926413072
2011-05-13,-0.05265189329151477
2011-05-16,-0.26064428865659395
2011-05-17,-0.7689577422124161
2011-05-18,0.5160354832159022
2011-05-19,0.548528750463322
2011-05-20,-0.7869270044835844
2011-05-23,-1.4776838189186874
2011-05-24,0.9006999166300438
2011-05-25,0.35465549380104006
2011-05-26,-0.8424642423445268
2011-05-27,0.7748079114011998
2011-05-30,0.08735103651661584
2011-05-31,0.4906131910221896
2011-06-01,-0.6912738132962596
2011-06-02,-0.38405936305175903
2011-06-03,0.10405498151970195
2011-06-06,0.3389549390420912
2011-06-07,-0.3438607153735703
2011-06-08,0.5182209799030282
2011-06-09,1.4653553974435805
2011-06-10,-0.46173182212860164
2011-06-13,0.11508026102014712
2011-06-14,0.6572750891006394
2011-06-15,-0.7847118253742539
2011-06-16,0.7861148515828654
2011-06-17,0.5366122266147345
2011-06-20,-0.22195868510854694
2011-06-21,0.6867215427782614
2011-06-22,0.37963624731900947
2011-06-23,-0.14520972359696827
2011-06-24,1.3641185659526789
2011-06-27,0.42945670716094075
2011-06-28,0.9159281892298661
2011-06-29,-0.17954297595826788
2011-06-30,-0.04878209434478372
2011-07-01,-0.7376985300356128
2011-07-04,0.716054756104907
2011-07-05,-0.03498088970093605
2011-07-06,-0.6888591488932708
2011-07-07,0.9974686793330393
2011-07-08,-0.5451751178260118
2011-07-11,-1.2505323983047194
2011-07-12,0.3331503531316372
2011-07-13,2.0185640477843276
2011-07-14,0.5375247463230743
2011-07-15,1.0900821354454995
2011-07-18,-1.0450938042922624
2011-07-19,0.5765611859230958
2011-07-20,-0.047276645031783665
2011-07-21,-0.5186879585122187
2011-07-22,0.2452381601579707
2011-07-25,1.2559988570091645
2011-07-26,-0.8814580871278397
2011-07-27,-1.0049662579698353
2011-07-28,-0.31758471101730196
2011-07-29,-0.3059264877406336
2011-08-01,-1.4719289462288756
2011-08-02,-1.2509208549385038
2011-08-03,-0.3176559146981737
2011-08-04,-3.2217280127149084
2011-08-05,-0.6307231497832997
2011-08-08,-4.405188415139492
2011-08-09,2.9009450374428245
2011-08-10,-2.517778407638013
2011-08-11,1.696768900124585
2011-08-12,1.3499705068041778
2011-08-15,-0.03829563011487077
2011-08-16,-0.3679836427812838
2011-08-17,-0.10312348774297679
2011-08-18,-3.8953088849312576
2011-08-19,-1.6655025558145937
2011-08-22,-2.0651434034634866
2011-08-23,1.1843189101892384
2011-08-24,1.977692342446046
2011-08-25,0.2068993658144796
2011-08-26,0.1882960847279628
2011-08-29,0.30106013931094416
2011-08-30,-0.1541693836949705
2011-08-31,1.7897939408002397
2011-09-01,0.4471235210093229
2011-09-02,-2.3060158966616986
2011-09-05,-3.0437488914777857
2011-09-06,-0.2107849102868929
2011-09-07,2.762786274161147
2011-09-08,-0.37825743671322726
2011-09-09,-1.4712487272527013
2011-09-12,-0.745863798947742
2011-09-13,0.9556507301643448
2011-09-14,2.7561717792229525
2011-09-15,1.2202708225866816
2011-09-16,0.5372019201824594
2011-09-19,-0.8354543399465983
2011-09-20,1.1875068687816672
2011-09-21,-1.3091205194765758
2011-09-22,-2.7149457242359962
2011-09-23,-0.7459883529824978
2011-09-26,-1.2874506552519958
2011-09-27,2.843487414869851
2011-09-28,-0.6346426258236931
2011-09-29,-0.46241452486658785
2011-09-30,-2.590797649625165
2011-10-04,-4.943588905204768
2011-10-05,2.406658042989495
2011-10-06,1.4755273104891677
2011-10-07,1.8756607950483297
2011-10-10,1.9065331106210732
2011-10-11,0.6621641474646097
2011-10-12,0.9999703398435605
2011-10-13,-0.09219034885387048
2011-10-14,1.3691120162716726
2011-10-17,-1.6757558447671315
2011-10-18,0.48858073195813173
2011-10-19,-0.07468447787794356
2011-10-20,-0.7978599827489189
2011-10-21,2.615412431689993
2011-10-24,0.5554087215374804
2011-10-25,-0.07997399786424284
2011-10-26,-0.00605748870867108
2011-10-27,2.5838352202331833
2011-10-28,0.565629406111171
2011-10-31,-2.1761305471704215
2011-11-01,-2.0520090643621103
2011-11-02,1.1385782753313147
2011-11-03,2.1011842367048943
2011-11-04,-2.219935643028988
2011-11-07,0.2068651802342183
2011-11-08,0.22211255522138407
2011-11-09,-1.316674879146371
2011-11-10,0.6249065425750387
2011-11-11,0.9003304407978623
2011-11-14,-0.477536647654967
2011-11-15,-0.5151061610474967
2011-11-16,-1.5578295281632693
2011-11-17,-1.0660641780340778
2011-11-18,-0.8408654320514669
2011-11-21,-2.0255195545543048
2011-11-22,-0.46989924416544054
2011-11-23,-1.4753890813779786
2011-11-24,0.445972857683019
2011-11-25,0.49823733349417326
2011-11-28,2.3967507149126996
2011-11-29,-0.03222770055288224
2011-11-30,2.6559342538944515
2011-12-01,-0.6980146197806254
2011-12-02,0.3544640326947739
2011-12-05,0.4954918981518732
2011-12-06,-0.1327351480925207
2011-12-07,-0.3543576875587202
2011-12-08,-1.8053524669335288
2011-12-09,0.15377784181363874
2011-12-12,-1.158089186998102
2011-12-13,0.3730636774701867
2011-12-14,-2.500395327124338
2011-12-15,0.44668832730771607
2011-12-16,-0.7216491006433255
2011-12-19,0.06167831647648799
2011-12-20,1.9828587466573342
2011-12-21,0.26687873093113823
2011-12-22,0.17524505708977253
2011-12-23,-0.23093321680750423
2011-12-27,0.27438328573693826
2011-12-28,-1.5868398578705525
2011-12-29,0.22681954325709958
2011-12-30,0.3542411516654201
2012-01-02,1.2534690371759136
2012-01-03,1.8518651048692525
2012-01-04,0.48143312989966314
2012-01-05,0.22317940420023752
2012-01-06,-0.5245817486945717
2012-01-09,1.0762006712650565
2012-01-10,1.5314320666543457
2012-01-11,0.1553082996389926
2012-01-12,0.3630707201696575
2012-01-13,-0.7801138853931177
2012-01-16,1.1972940715834233
2012-01-17,1.6056159746171679
2012-01-18,0.13097778800953977
2012-01-19,0.5396977808259565
2012-01-20,0.45868927511884433
2012-01-23,0.20185914207671868
2012-01-24,-0.29769155554887455
2012-01-25,0.05300985718030072
2012-01-26,1.3189099871992016
2012-01-27,-0.5989247288030481
2012-01-30,-0.051042434819296746
2012-01-31,0.5998736063441592
2012-02-01,1.8378679251060106
2012-02-02,-0.0072863207810017995
2012-02-03,1.3491043704876973
2012-02-06,0.512250792533952
2012-02-07,-0.9635287908998359
2012-02-08,-0.26145851395921993
2012-02-09,1.702917449096796
2012-02-10,-1.1362769281607645
2012-02-13,0.4525190207802489
2012-02-14,-0.3791964404706004
2012-02-15,0.1279791096525986
2012-02-16,0.10057039397585843
2012-02-17,1.0400175660524233
2012-02-20,0.1569991998202803
2012-02-21,-0.23836078022988355
2012-02-22,-0.6460954408893327
2012-02-23,-0.7293015616548958
2012-02-24,0.27708191454129366
2012-02-27,-0.8868865872925844
2012-02-28,0.5601732945364685
2012-02-29,-0.3211454395471554
2012-03-01,1.3746000155621718
2012-03-02,-0.6026165555191615
2012-03-05,-0.0008277812232870984
2012-03-06,-2.506381919636431
2012-03-07,0.8635171039681183
2012-03-08,0.628443772054753
2012-03-09,0.8698200734426424
2012-03-12,0.3548705893927551
2012-03-13,-0.2219931004575209
2012-03-14,1.7714907084246527
2012-03-15,0.18579214999946322
2012-03-16,-0.4932489957127019
2012-03-19,-0.7881587010171327
2012-03-20,-2.4702853189089407
2012-03-21,0.39477683245717965
2012-03-22,-0.8499825448558183
2012-03-23,0.18904588071973555
2012-03-26,0.5213695118937226
2012-03-27,-0.1666998991670521
2012-03-28,-0.8756071137776255
2012-03-29,-1.0068254613432526
2012-03-30,1.1264466152511152
2012-04-02,1.223388289496709
2012-04-03,-0.8590746175836251
2012-04-04,-1.0240028325002948
2012-04-05,0.14246738287127322
2012-04-10,-1.2391652455073563
2012-04-11,1.1608065529796774
2012-04-12,1.3474200392317257
2012-04-13,-0.816749169941405
2012-04-16,0.829694640489502
2012-04-17,0.8692739712237506
2012-04-18,-0.39580504557241547
2012-04-19,-0.7866846649421478
2012-04-20,1.0309642821486031
2012-04-23,-1.9862607802345815
2012-04-24,0.40921159321008443
2012-04-25,1.4252844006805876
2012-04-26,1.0441319570582925
2012-04-27,0.5688109172512559
2012-04-30,-0.2254682559572386
2012-05-02,-0.5063280259369011
2012-05-03,0.39170010513102277
2012-05-04,-1.8312246842151543
2012-05-07,0.7100252759662528
2012-05-08,-1.8813910231633264
2012-05-09,0.23194223809767858
2012-05-10,-1.0498886842919395
2012-05-11,0.9511155542120726
2012-05-14,-0.8364566168593487
2012-05-15,-0.20770858676711465
2012-05-16,0.24346370081538868
2012-05-17,-1.136767268607432
2012-05-18,-1.1019073495685845
2012-05-21,0.3407909463949504
2012-05-22,1.2454244164713613
2012-05-23,-1.243224978680378
2012-05-24,0.11618511657462371
2012-05-25,-0.07561547679887015
2012-05-28,0.27644113610464727
2012-05-29,1.2798039440818014
2012-05-30,-1.5147282211787636
2012-05-31,-0.7165382811923772
2012-06-01,-1.901567240443817
2012-06-04,-1.5516243045126896
2012-06-05,0.27727476781980687
2012-06-06,1.0613368284484601
2012-06-07,0.8465623992025735
2012-06-08,-0.6240981567712439
2012-06-11,-0.054666800080111454
2012-06-12,-0.16808586085717553
2012-06-13,-0.6428034314702118
2012-06-14,-1.2799494369900863
2012-06-15,-0.293566541286757
2012-06-18,0.9769485814437021
2012-06-19,0.6379711872551971
2012-06-20,0.10038987245349298
2012-06-21,-0.4168021095126425
2012-06-22,-0.9389290073328868
2012-06-25,-1.3190473210742506
2012-06-26,-1.0986668108708526
2012-06-27,0.7055963093790334
2012-06-28,-0.3289668237979871
2012-06-29,2.355091033836278
2012-07-02,0.38455436161800727
2012-07-03,1.2350882347574497
2012-07-04,-0.006221909652337594
2012-07-05,0.11448188003462134
2012-07-06,-2.226731049847023
2012-07-09,-0.03953666729327886
2012-07-10,0.7047003419796923
2012-07-11,-0.4812087049913721
2012-07-12,-0.7318867551570809
2012-07-13,1.599783205024989
2012-07-16,-0.236813833884896
2012-07-17,0.08476267662688358
2012-07-18,0.9809913198679809
2012-07-19,0.6431361695734351
2012-07-20,-1.1259350365029657
2012-07-23,-1.370139217713772
2012-07-24,-1.254775191635192
2012-07-25,0.5930273571537535
2012-07-26,1.3347384391849322
2012-07-27,1.3296366652149618
2012-07-30,1.0026857428764915
2012-07-31,0.2522372342788902
2012-08-01,-1.4264144017241833
2012-08-02,-2.096524564502051
2012-08-03,1.3621938120359574
2012-08-06,1.1004086255579657
2012-08-07,0.7852977341459535
2012-08-08,-0.24247246011864348
2012-08-09,-0.05374128466773758
2012-08-10,-0.22790344142727487
2012-08-13,-0.6690379290326834
2012-08-14,0.025912247459725448
2012-08-15,-0.13493277899561934
2012-08-16,0.7605954528935344
2012-08-17,1.1673592050004062
2012-08-20,-0.20012013392191794
2012-08-21,0.31048741053563306
2012-08-22,-0.20732097081484688
2012-08-23,-0.46518855007750276
2012-08-24,-0.611688090774855
2012-08-27,0.5518805952464442
2012-08-28,-0.2022455317396372
2012-08-29,-0.2660597780976494
2012-08-30,-2.3259654038898177
2012-08-31,0.24180187520268664
2012-09-03,-0.43629577998704
2012-09-04,-1.500132546135975
2012-09-05,-0.30676065678365855
2012-09-06,1.8305184435918602
2012-09-07,0.6451352228926783
2012-09-10,0.39325542541069364
2012-09-11,0.6706081848090379
2012-09-12,0.9204223392394475
2012-09-13,-0.47933184769503123
2012-09-14,1.5670555899762615
2012-09-17,-0.25238265355201794
2012-09-18,-0.9787928783093828
2012-09-19,0.5636780348175551
2012-09-20,-1.392592867915917
2012-09-21,0.264605379455432
2012-09-24,-0.13359357075316133
2012-09-25,-0.6799936137113677
2012-09-26,-0.9853107829032467
2012-09-27,0.002215295521321318
2012-09-28,-0.6197149442659228
2012-10-01,0.17731108885874255
2012-10-02,0.47368997620523307
2012-10-04,1.6273564227393114
2012-10-05,0.9534998223353186
2012-10-08,-0.7520864034807032
2012-10-09,-0.0617616195352237
2012-10-10,-0.36397168355629955
2012-10-11,1.0037541257546472
2012-10-12,-0.3590571291719651
2012-10-15,0.032879963753544635
2012-10-16,0.40032344822168214
2012-10-17,0.5047083442955451
2012-10-18,0.2775583534581255
2012-10-19,-0.037244965525330714
2012-10-22,-0.4220118930902434
2012-10-23,-0.8089783999434746
2012-10-24,-0.10077776830904257
2012-10-25,-0.022136870989159445
2012-10-26,0.47910610320493047
2012-10-29,-0.38971758621721636
2012-10-30,0.7800281638096346
2012-10-31,-0.06062845647088078
2012-11-01,1.4096927238179555
2012-11-02,1.229606116963627
2012-11-05,-0.38845163543987515
2012-11-06,-0.33946053004498317
2012-11-07,0.25932049398373624
2012-11-08,-0.555619242865954
2012-11-09,0.3867718810321837
2012-11-12,-0.43770632481993216
2012-11-13,-0.04412816182102152
2012-11-14,-0.3063618484324636
2012-11-15,-0.4899365828961429
2012-11-16,-0.4794211293106705
2012-11-19,2.318292361440295
2012-11-20,0.41422515895703743
2012-11-21,0.3027980432561289
2012-11-22,-0.3602629232992468
2012-11-23,0.07245826985033607
2012-11-26,0.3095731471977659
2012-11-27,0.22181946313229567
2012-11-28,0.327058039377827
2012-11-29,0.5982054902628895
2012-11-30,0.18117089147782012
2012-12-03,-0.2167115164302514
2012-12-04,-0.16141418239259184
2012-12-05,0.15384442298667236
2012-12-06,0.4934713188044091
2012-12-07,0.24789237176967704
2012-12-10,0.1848468525340788
2012-12-11,0.8412533780137386
2012-12-12,0.2474524374284754
2012-12-13,-0.1416082108007523
2012-12-14,0.6123394463057156
2012-12-17,-0.0473967214380536
2012-12-18,0.19732041785491936
2012-12-19,-0.0010868767690144544
2012-12-20,0.08455592226558148
2012-12-21,0.33329341037688226
2012-12-27,0.4797219883059752
2012-12-28,-0.3582191098379425
2013-01-02,1.9005903361018792
2013-01-03,-0.2148938898421062
2013-01-04,0.10494827666110239
2013-01-07,-0.04562208040357331
2013-01-08,-1.6343758655575902
2013-01-09,-0.7004855802534241
2013-01-10,0.4638520606818166
2013-01-11,0.20029151725513689
2013-01-14,-0.014274185430616797
2013-01-15,-0.4967805807472653
2013-01-16,0.3903245806817302
2013-01-17,0.6054789163159747
2013-01-18,-0.48480954698441225
2013-01-21,0.5971650166318986
2013-01-22,-0.09107818536314277
2013-01-23,0.10088078562956662
2013-01-24,0.17067830822500787
2013-01-25,0.7559560165465344
2013-01-28,-0.23396437369026016
2013-01-29,0.03603226907704746
2013-01-30,-0.43724137425099574
2013-01-31,-0.4986638570956566
2013-02-01,0.19666709201376847
2013-02-04,-1.6031127776758562
2013-02-05,-0.12650958436984952
2013-02-06,-0.07380623123483299
2013-02-07,-0.03413946619201803
2013-02-08,1.1370253721914836
2013-02-11,-0.947562425117824
2013-02-12,-0.3781764356469183
2013-02-13,0.40232740204022976
2013-02-14,-0.32472630875668373
2013-02-15,-0.03415973484187384
2013-02-18,-0.20026735570434762
2013-02-19,0.2644408481510047
2013-02-20,-0.7007372089635484
2013-02-21,-1.169422296957628
2013-02-22,-0.20034929864580595
2013-02-25,1.205970035942132
2013-02-26,-0.7741031265738751
2013-02-27,0.570252011688006
2013-02-28,0.24172019558662652
2013-03-01,-1.0329343287192385
2013-03-04,0.12281401765934635
2013-03-05,1.3419508761386676
2013-03-06,0.11193700483507961
2013-03-07,0.26355749089335045
2013-03-08,0.39944768817268694
2013-03-11,-0.07315847301769036
2013-03-12,-0.38229908010844926
2013-03-13,-0.4983548967471013
2013-03-14,-0.23471948185914426
2013-03-15,-0.6479125394455075
2013-03-18,0.11448537398978303
2013-03-19,-0.7783494278341545
2013-03-20,0.7227252864182812
2013-03-21,-0.5522583065049985
2013-03-22,0.14298595575711992
2013-03-25,0.09481102037832327
2013-03-26,0.02656166418414455
2013-03-27,-0.499847407941313
2013-03-28,-1.2609998360203716
2013-04-02,0.7140550583757557
2013-04-03,0.013524227584922593
2013-04-04,-0.5872699250935087
2013-04-05,-0.9084111619841606
2013-04-08,-0.02143516936633661
2013-04-09,-0.30172958985843973
2013-04-10,1.440863044343012
2013-04-11,0.7347828451268442
2013-04-12,-1.1493729549461897
2013-04-15,-0.695718226188242
2013-04-16,0.28505709938986806
2013-04-17,-1.3544619115472332
2013-04-18,-0.8027310102852493
2013-04-19,0.6571159953301691
2013-04-22,0.2778609521207989
2013-04-23,1.0939736040674712
2013-04-24,0.7337959608006166
2013-04-25,0.7153057435690631
2013-04-26,-0.20081425714039847
2013-04-29,0.8364391182625472
2013-04-30,0.1147526507451835
2013-05-02,0.451319978763136
2013-05-03,0.903484870578191
2013-05-06,-0.5374816324661972
2013-05-07,-0.24792924913381742
2013-05-08,0.01917016346304324
2013-05-09,0.012466237347122098
2013-05-10,0.49761089897856925
2013-05-13,0.14415352280805366
2013-05-14,0.7894682871897225
2013-05-15,0.7311830394478479
2013-05-16,-0.36557715185444617
2013-05-17,0.3370287809932126
2013-05-20,1.3462485229902297
2013-05-21,-0.13634839422965084
2013-05-22,-0.3241133549328395
2013-05-23,-1.2409934452628555
2013-05-24,-0.41467924106885634
2013-05-27,0.6512062086037983
2013-05-28,0.2690421831713117
2013-05-29,0.057931895988325544
2013-05-30,0.4621395467177973
2013-05-31,0.33510733002408444
2013-06-03,-0.38963537449733465
2013-06-04,0.10902279583350455
2013-06-05,-0.6142468437155643
2013-06-06,-0.895246428255862
2013-06-07,0.7484131010954646
2013-06-10,0.1761470694809114
2013-06-11,-0.7273146728819633
2013-06-12,-0.8531182499745646
2013-06-13,-0.6961913423201048
2013-06-14,0.5795416275203762
2013-06-17,0.33713663754358253
2013-06-18,-0.47433723597547467
2013-06-19,-0.06188605619086098
2013-06-20,-2.3648979026397345
2013-06-21,-1.5180065573928814
2013-06-24,-0.25105176030564536
2013-06-25,1.3601381457577124
2013-06-26,0.5943222382521602
2013-06-27,0.35422763362406684
2013-06-28,-0.09199437980898302
2013-07-01,0.0563844761539258
2013-07-02,-0.6182132797252996
2013-07-03,-0.23646437249866042
2013-07-04,1.1074675685918531
2013-07-05,-1.078582646695884
2013-07-08,1.1901588164033086
2013-07-09,0.7697499815126406
2013-07-10,-0.03493713532536105
2013-07-11,0.7709050006261312
2013-07-12,0.2356086381996034
2013-07-15,0.2141940261972649
2013-07-16,0.1463301347037489
2013-07-17,0.09917224771812747
2013-07-18,0.4829932268005585
2013-07-19,0.1240443737521215
2013-07-22,-0.08010062778704112
2013-07-23,0.16321249406289323
2013-07-24,0.9340904916099867
2013-07-25,0.1013511760195073
2013-07-26,0.06264895684022645
2013-07-29,-0.13612638934696852
2013-07-30,0.29297636419452755
2013-07-31,-0.5661841101201938
2013-08-01,-0.3901430571206878
2013-08-02,-0.36034818860276324
2013-08-05,-0.21129496808690507
2013-08-06,-0.5503517542400369
2013-08-07,-0.5026356630362274
2013-08-08,0.6799684818317636
2013-08-09,0.3948214276126516
2013-08-12,0.5474295127424968
2013-08-13,0.5087459150885995
2013-08-14,0.2610559580326978
2013-08-15,-0.03981289663102412
2013-08-16,0.7273013307086367
2013-08-19,-0.3297722834617328
2013-08-20,-0.6388058775897874
2013-08-21,-0.2393240187193897
2013-08-22,0.9301756981846482
2013-08-23,0.12453197408316605
2013-08-26,-0.0016770950637376456
2013-08-27,-1.563437837293476
2013-08-28,-0.8347111844955236
2013-08-29,0.42068721753125254
2013-08-30,-0.7547556079985615
2013-09-02,0.9552522102029553
2013-09-03,-0.36154158293168576
2013-09-04,0.2218816221370033
2013-09-05,2.7687727651976193
2013-09-06,0.43411345850858096
2013-09-09,0.27219009648628173
2013-09-10,0.5715460070113401
2013-09-11,0.49912704988498124
2013-09-12,-0.28222323221723195
2013-09-13,0.19425795950144867
2013-09-16,0.3882842998683584
2013-09-17,-0.25065469999215884
2013-09-18,-0.09135262758895246
2013-09-19,0.803463878401081
2013-09-20,-0.5834423698338479
2013-09-23,-0.1088201151909719
2013-09-24,0.274673656601487
2013-09-25,-0.26773769153256344
2013-09-26,-0.40000544627635665
2013-09-27,0.21160479318323702
2013-09-30,-0.38935190453371255
2013-10-01,0.8387475640761922
2013-10-02,-0.9690239928153154
2013-10-04,0.21280643014379216
2013-10-07,-0.31928520503101626
2013-10-08,-0.34542397509841866
2013-10-09,0.0943504670448278
2013-10-10,0.9287468653567799
2013-10-11,0.19799446403725102
2013-10-14,-0.07902655297209649
2013-10-15,1.3332081035780206
2013-10-16,-0.4457239902841922
2013-10-17,-0.1647510939179044
2013-10-18,0.037876441271089814
2013-10-21,0.026238223318347006
2013-10-22,-0.15914516524383004
2013-10-23,0.07269667150500024
2013-10-24,0.8809279186084088
2013-10-25,0.0425378874123585
2013-10-28,-0.7408923963439733
2013-10-29,-0.11816839316644927
2013-10-30,0.26226582495854234
2013-10-31,0.4715085986133118
2013-11-01,-0.5058032984009438
2013-11-04,0.5113600385357329
2013-11-05,-1.397911367576306
2013-11-06,0.5440365302078626
2013-11-07,-0.21126232719739385
2013-11-08,-0.04331053880529643
2013-11-11,0.15968618631292683
2013-11-12,-0.3220316618036782
2013-11-13,-0.3533653704228253
2013-11-14,0.3597583218702777
2013-11-15,-0.043392816570719216
2013-11-18,0.9372302665210184
2013-11-19,-0.11714804179408728
2013-11-20,0.13424823984157894
2013-11-21,-0.09418799238966037
2013-11-22,0.34431293625982845
2013-11-25,0.43720959107866714
2013-11-26,-0.15490388821983633
2013-11-27,0.2553730501420578
2013-11-28,-0.053496162181083606
2013-11-29,-0.1040697414635955
2013-12-02,0.2880703784042729
2013-12-03,-0.9100772407231126
2013-12-04,-0.5749367155129785
2013-12-05,-0.5699915434622583
2013-12-06,0.3106933733812487
2013-12-09,-0.0316346654887702
2013-12-10,-0.6314893174009538
2013-12-11,-0.2905337026975129
2013-12-12,-0.4882295722574695
2013-12-13,-0.008318990115799924
2013-12-16,0.6537271041297884
2013-12-17,-0.2968771427230372
2013-12-18,0.9791628031088112
2013-12-19,0.7031406101675378
2013-12-20,0.3262893081176249
2013-12-23,0.3013920124187512
2013-12-27,0.47200117705633565
2013-12-30,-0.1256172888057122
2014-01-02,-0.9600699587659622
2014-01-03,0.23527346253517378
2014-01-06,-0.5775840295402589
2014-01-07,0.30517906529716493
2014-01-08,0.49468075071692447
2014-01-09,-0.347305981187618
2014-01-10,-0.4181548932815425
2014-01-13,0.5535892940698994
2014-01-14,-0.031208373508096212
2014-01-15,0.45770739343920436
2014-01-16,0.28668308623358046
2014-01-17,0.37855530227978623
2014-01-20,-0.05837434516750589
2014-01-21,-0.12470215620391902
2014-01-22,-0.12495569111136214
2014-01-23,-0.6221020045826942
2014-01-24,-1.5368667245475691
2014-01-27,-0.9092932690733527
2014-01-28,0.6250694704975582
2014-01-29,-0.4238692693449428
2014-01-30,-0.020148745736184456
2014-01-31,-0.014274185430616797
2014-02-03,-0.5046274828995098
2014-02-04,0.1635500493020404
2014-02-05,-0.25746644272877217
2014-02-06,0.9044540892513501
2014-02-07,0.19524961147149397
2014-02-10,0.10171445995723404
2014-02-11,1.3841963579667447
2014-02-12,0.27731631016698793
2014-02-13,0.2032538073018023
2014-02-14,0.34053880033496936
2014-02-17,-0.6089876306719121
2014-02-18,-0.1879692461440473
2014-02-19,0.19856577984161358
2014-02-20,-0.3338947496540512
2014-02-21,0.42813322798356274
2014-02-24,-0.36674494303213495
2014-02-25,-0.37503159750685805
2014-02-26,0.18898695752433103
2014-02-27,-0.302491930998902
2014-02-28,0.21193099365675844
2014-03-03,-1.4750951730097281
2014-03-04,0.6386178906240537
2014-03-05,-0.18673195267288997
2014-03-06,0.33000579767624305
2014-03-07,-0.7169744831462307
2014-03-10,-0.7982832587266797
2014-03-11,0.3910566539529033
2014-03-12,-0.5850760601809003
2014-03-13,-0.08535620636288663
2014-03-14,-0.5269145040442202
2014-03-17,0.47464307651653126
2014-03-18,-0.014274185430616797
2014-03-19,3.70384292325372
2014-03-20,0.3681509897168517
2014-03-21,0.5805081294422634
2014-03-24,-0.19732679319391044
2014-03-25,0.7296648499552715
2014-03-26,0.5925387954384624
2014-03-27,0.34090810550679707
2014-03-28,0.47755607376287307
2014-03-31,-0.3295007488676301
2014-04-01,0.2287852494758968
2014-04-02,0.2737073464670389
2014-04-03,0.1852497311461094
2014-04-04,0.3974950640719504
2014-04-07,-1.0478459835799618
2014-04-08,-0.22683317636464234
2014-04-09,-0.08186916380512636
2014-04-10,-0.4218872827458675
2014-04-11,-0.17197515399247867
2014-04-14,-0.05115384005124124
2014-04-15,-1.0531543224305602
2014-04-16,1.1666801246060945
2014-04-17,0.8757723090143041
2014-04-22,0.9554921379491407
2014-04-23,-0.6961559961911494
2014-04-24,-0.6437131828223593
2014-04-25,-1.0114715797503482
2014-04-28,0.13400045173004277
2014-04-29,0.24936210564626915
2014-04-30,-0.09848143848458209
2014-05-02,-0.6239170873662891
2014-05-05,-0.16391454620462914
2014-05-06,-0.18047262075977744
2014-05-07,-0.1487450879647396
2014-05-08,0.04494182290105754
2014-05-09,-0.11120756978515105
2014-05-12,0.29734409799830713
2014-05-13,0.3856914316724141
2014-05-14,-0.12059169681762552
2014-05-15,-0.6249254403683444
2014-05-16,0.4940580766146926
2014-05-19,0.9379203942477391
2014-05-20,-0.11135134157949031
2014-05-21,0.3620816850045278
2014-05-22,0.3272440617895975
2014-05-23,0.27197597638829607
2014-05-26,0.7147136941087282
2014-05-27,0.24524715984115855
2014-05-28,-0.22696777551095013
2014-05-29,0.38439265519857885
2014-05-30,-0.03489930593454251
2014-06-02,-0.32996322080255064
2014-06-03,0.2652924944040861
2014-06-04,-0.4030213052100883
2014-06-05,0.7549411403447936
2014-06-06,0.047131274034387834
2014-06-09,-0.16794541488485445
2014-06-10,-0.30247662143731807
2014-06-11,-0.15903207432230276
2014-06-12,-0.21143566112696502
2014-06-13,-0.32726779156493313
2014-06-16,0.07461012331771205
2014-06-17,-0.10838829491198046
2014-06-18,0.3299282786172466
2014-06-19,0.6360306285524171
2014-06-20,-0.07070096622713196
2014-06-23,-0.5614030177352314
2014-06-24,1.316677463776333
2014-06-25,-0.5268811711520699
2014-06-26,-0.326567654302432
2014-06-27,-0.07595221861247722
2014-06-30,0.11926896415114666
2014-07-01,0.33319905599077904
2014-07-02,0.28009194129192766
2014-07-03,0.7088167457862738
2014-07-04,-0.0990678401906567
2014-07-07,-0.6373833019329029
2014-07-08,-0.630292929986337
2014-07-09,-0.004031756508776434
2014-07-10,-0.6849885511003677
2014-07-11,0.3222736132994561
2014-07-14,0.3762184648532411
2014-07-15,-0.19371659763931992
2014-07-16,1.387629960510985
2014-07-17,-0.40486631712819654
2014-07-18,-0.4486799645230862
2014-07-21,-0.5911804205821647
2014-07-22,0.7449568032917256
2014-07-23,0.23277910584723216
2014-07-24,0.5108325852862737
2014-07-25,-0.6199104942701075
2014-07-28,-1.0789113275494926
2014-07-29,-0.36587356554676986
2014-07-30,-0.3057826091733678
2014-07-31,-0.8731292305562308
2014-08-01,-0.9322835444704834
2014-08-04,0.4066711096577692
2014-08-05,0.034053429143396687
2014-08-06,-0.2618283478924374
2014-08-07,-1.0175427224034952
2014-08-08,0.09030777372303067
2014-08-11,1.3087707438533331
2014-08-12,-0.8940161826026147
2014-08-13,0.32767933012224554
2014-08-14,0.22847992155321362
2014-08-15,-1.1248435381909654
2014-08-18,0.9615798040404905
2014-08-19,0.5169467847178196
2014-08-20,-0.23353936214101018
2014-08-21,0.6088306500273379
2014-08-22,-0.3967669977691825
2014-08-25,1.0771663595186136
2014-08-26,-0.00906619049840578
2014-08-27,-0.4646274500350518
2014-08-28,-0.5433664211018864
2014-08-29,-0.37746368831304694
2014-09-01,-0.3316437192004386
2014-09-02,-0.025068388883659646
2014-09-03,1.063895964247349
2014-09-04,0.7863756206742734
2014-09-05,0.24964709262150692
2014-09-08,-0.0865812261051913
2014-09-09,-0.36182317421484406
2014-09-10,-0.4904102386618999
2014-09-11,-0.18812656733612534
2014-09-12,-0.3160817762121333
2014-09-15,0.017586966042191392
2014-09-16,-0.13120186011683105
2014-09-17,0.26692168706556363
2014-09-18,0.29153860028098055
2014-09-19,-0.7504965015773509
2014-09-22,-1.2143130622772018
2014-09-23,-1.0491833021760302
2014-09-24,1.0315881293816949
2014-09-25,-0.8647098118161637
2014-09-26,0.2025329511975398
2014-09-29,-0.253375045749451
2014-09-30,-0.12031341814130939
2014-10-01,-0.12055066266530517
2014-10-02,-0.6966984655186967
2014-10-06,-0.9551537088916741
2014-10-07,0.18809081478569634
2014-10-08,-0.647372394101865
2014-10-09,0.7168038754545478
2014-10-10,-1.7558755230119931
2014-10-13,-0.06805169109246939
2014-10-14,0.0036544601152068462
2014-10-15,-1.2618360001591773
2014-10-16,0.2549535746546823
2014-10-17,1.6170583717144493
2014-10-20,-0.5836647617901153
2014-10-21,1.0127585542835633
2014-10-22,0.7043268966958923
2014-10-23,0.3067238059889596
2014-10-24,-0.5081358257436597
2014-10-27,-0.5950542909965889
2014-10-28,0.6414889699840585
2014-10-29,0.12959303169363434
2014-10-30,0.1921334678595412
2014-10-31,1.2780981561870306
2014-11-03,-0.04212286762809368
2014-11-04,-1.3589628421633537
2014-11-05,0.532707011631945
2014-11-06,0.2850333417667743
2014-11-07,-0.6090796890393799
2014-11-10,0.31521195308037486
2014-11-11,0.2116245969599997
2014-11-12,-0.9244026576681762
2014-11-13,-0.008532241021857605
2014-11-14,0.1805741495798288
2014-11-17,0.21393080155650293
2014-11-18,0.5346144872148613
2014-11-19,0.16542520898791116
2014-11-20,0.0697236837692931
2014-11-21,1.7755552767492875
2014-11-24,0.6491894498036901
2014-11-25,0.4878354745750066
2014-11-26,0.05402452857612551
2014-11-27,0.5130274016739459
2014-11-28,0.22396486859450482
2014-12-01,0.13015700529028082
2014-12-02,-0.23108769962593623
2014-12-03,-0.304901167147859
2014-12-04,-0.7381379581700833
2014-12-05,1.2787949834121288
2014-12-08,-0.4016230154949302
2014-12-09,-1.435484009664612
2014-12-10,0.4589110752852081
2014-12-11,0.2600287336604471
2014-12-12,-1.2559080851828759
2014-12-15,-1.645497186938253
2014-12-16,1.6601229688191743
2014-12-17,-0.3173097985633839
2014-12-18,1.4977415931671927
2014-12-19,-0.21981060323961252
2014-12-22,0.027959517714376377
2014-12-23,0.4112395879531139
2014-12-29,0.07977093391509296
2014-12-30,-0.6659408988276483
2015-01-02,-0.9548185977908656
2015-01-05,-1.6226004440173636
2015-01-06,0.4026287682622873
2015-01-07,0.2396297841390371
2015-01-08,1.6622956833127969
2015-01-09,-0.6724284564094665
2015-01-12,0.2490120227463818
2015-01-13,1.0349909229671714
2015-01-14,-0.9939388929717665
2015-01-15,1.195455358626061
2015-01-16,1.2822833083067662
2015-01-19,0.3044133885190038
2015-01-20,0.24715378694834847
2015-01-21,0.0758966285576277
2015-01-22,1.5219697830333085
2015-01-23,2.237771594334249
2015-01-26,1.1045385724132346
2015-01-27,-1.5041886826248094
2015-01-28,0.49524969557684445
2015-01-29,-0.0834333084573633
2015-01-30,0.19291400083937463
2015-02-02,0.37460985413198516
2015-02-03,0.9107317660455616
2015-02-04,0.14188028809391723
2015-02-05,-0.014274185430616797
2015-02-06,0.07472028110003066
2015-02-09,-1.9885879454983195
2015-02-10,0.9944767601568002
2015-02-11,-0.12783399724757524
2015-02-12,0.998115281074403
2015-02-13,0.47293516056068396
2015-02-16,-0.5460165824154559
2015-02-17,0.052515633554990525
2015-02-18,0.8674565523422553
2015-02-19,0.2905009983796272
2015-02-20,0.6964853154660638
2015-02-23,0.22029804580703166
2015-02-24,-0.4416345017042949
2015-02-25,-0.4455171615912179
2015-02-26,0.9930070897116159
2015-02-27,0.40796333415175584
2015-03-02,0.48751033664504473
2015-03-03,-1.364326333520926
2015-03-04,0.833993440584021
2015-03-05,0.612129852277994
2015-03-06,0.31646041344460607
2015-03-09,-0.4072831725711939
2015-03-10,-0.2850588555274465
2015-03-11,2.2894068448240787
2015-03-12,-0.3337426027596495
2015-03-13,0.5433986466562643
2015-03-16,1.0237300991092635
2015-03-17,-0.6382671113437587
2015-03-18,-2.059832932578702
2015-03-19,0.2717583038353701
2015-03-20,0.046793895724192514
2015-03-23,-1.2508232295834485
2015-03-24,0.5461577775493858
2015-03-25,-0.40796894483206186
2015-03-26,0.9333120856031503
2015-03-27,-0.15724584857023732
2015-03-30,0.7568041607639667
2015-03-31,-0.6423808684855751
2015-04-01,-0.40337529960652047
2015-04-02,-0.24100866810339805
2015-04-07,-0.03494017747046297
2015-04-08,-0.7013509379545683
2015-04-09,1.2072285600680421
2015-04-10,0.4535118700015775
2015-04-13,-0.4616308108431765
2015-04-14,-0.4658894403883523
2015-04-15,0.08874753384013212
2015-04-16,-1.054647219897576
2015-04-17,-1.077941704600141
2015-04-20,0.5417999510327539
2015-04-21,0.1131363770233666
2015-04-22,-0.8701785374020476
2015-04-23,0.0935596346722616
2015-04-24,0.07181696439823332
2015-04-27,1.0699427161914532
2015-04-28,-1.3572369079256508
2015-04-29,-1.5523966652928853
2015-04-30,-0.12607006315451566
2015-05-04,0.2758537386428181
2015-05-05,-0.12564769888083407
2015-05-06,-1.0969838918838004
2015-05-07,0.21332645171985742
2015-05-08,2.160409125656913
2015-05-11,-0.10111580211183065
2015-05-12,-1.3139653434335374
2015-05-13,-0.6663691833799945
2015-05-14,1.1813703181291073
2015-05-15,-1.2099246818394442
2015-05-18,0.6103024675328573
2015-05-19,1.7009312827741312
2015-05-20,-0.3256140762732721
2015-05-21,-0.5076819179386572
2015-05-22,-0.2629162934048499
2015-05-26,-0.5613234067879865
2015-05-27,0.5780825182405118
2015-05-28,-0.8594842415617029
2015-05-29,-1.1100677617705919
2015-06-01,0.009311848846759464
2015-06-02,-0.27430592204316684
2015-06-03,0.4809095973139765
2015-06-04,-0.4620654369550629
2015-06-05,-0.3517266911428234
2015-06-08,-1.0851199176749742
2015-06-09,0.3114481913833801
2015-06-10,1.3045182420692216
2015-06-11,0.19730049973655775
2015-06-12,-0.6423785707339552
2015-06-15,-0.6508014998184273
2015-06-16,-0.1300475564229623
2015-06-17,-0.6659184315728072
2015-06-18,0.40982917192920393
2015-06-19,-0.08226641130147569
2015-06-22,2.151747873066967
2015-06-23,0.9281871740416376
2015-06-24,-0.5176644034056661
2015-06-25,0.1923057804526135
2015-06-26,-0.10596774924438863
2015-06-29,-1.982081139675895
2015-06-30,-0.5530789812443263
2015-07-01,1.0951270549219272
2015-07-02,-0.632731427896124
2015-07-03,-0.15814659785100485
2015-07-06,-0.8085674194484868
2015-07-07,-1.68430272156276
2015-07-08,-0.938850556468023
2015-07-09,0.9558066945702977
2015-07-10,0.5933439810332103
2015-07-13,-0.12917073548719488
2015-07-14,-0.16456163400296886
2015-07-15,-0.5796038257140863
2015-07-16,1.0849219844107574
2015-07-17,-0.09372787747135501
2015-07-20,0.0006311109757879145
2015-07-21,-0.24835524951751473
2015-07-22,-0.5212457194153283
2015-07-23,-0.23683085226638773
2015-07-24,-1.065182637588195
2015-07-27,-1.360130206080188
2015-07-28,0.5687009588483009
2015-07-29,-0.3844305618328734
2015-07-30,0.18702547960083704
2015-07-31,0.7409017679886036
2015-08-03,0.37950018264564217
2015-08-04,-0.6270903937379025
2015-08-05,1.0657781258790662
2015-08-06,-0.419640032789056
2015-08-07,0.34509095715990507
2015-08-10,0.25092433980932316
2015-08-11,-2.0828234367818457
2015-08-12,-1.8170161913031129
2015-08-13,0.04087429737927417
2015-08-14,-0.03631809101160657
2015-08-17,0.24964340887750036
2015-08-18,-0.43283605092418526
2015-08-19,-1.1337211475694358
2015-08-20,-1.0853679065630273
2015-08-21,-1.1100968970828056
2015-08-24,-1.9501676985476315
2015-08-25,2.913053615078568
2015-08-26,-0.7161078944303814
2015-08-27,1.3391032188176155
2015-08-28,-0.020000356274352406
2015-08-31,-0.4284352047777926
2015-09-01,-1.255146495543252
2015-09-02,-0.34156274398247466
2015-09-03,1.519214052941528
2015-09-04,-1.09017964270141
2015-09-07,0.3509888569634274
2015-09-08,1.7710549167503222
2015-09-09,0.8260915266200674
2015-09-10,0.2736080519013558
2015-09-11,-0.307719924714936
2015-09-14,-0.11991490381004026
2015-09-15,1.0262592633736054
2015-09-16,0.08907310320214891
2015-09-17,0.4399755728459576
2015-09-18,-1.4069023499361488
2015-09-21,-0.7458872981642175
2015-09-22,-2.9630367616341085
2015-09-23,0.26635175139641476
2015-09-24,-2.5263493845728475
2015-09-25,1.9589695264950244
2015-09-28,-1.4197485064679565
2015-09-29,-0.15091498152942495
2015-09-30,1.7261262286776011
2015-10-01,-0.550952532895114
2015-10-02,-0.08710810059996325
2015-10-05,1.750321615566878
2015-10-06,0.5962603386215349
2015-10-07,1.9770286874755463
2015-10-08,0.23989753132140157
2015-10-09,0.8593404214078129
2015-10-12,0.7637986608159953
2015-10-13,-0.6249259197429696
2015-10-14,-0.7586656243529168
2015-10-15,0.13336316250759062
2015-10-16,-0.16191153336881944
2015-10-19,0.5031469736312689
2015-10-20,-0.2368920991565885
2015-10-21,0.37597448516776455
2015-10-22,1.2375919951363883
2015-10-23,1.5068222926369854
2015-10-26,-0.2081706617762549
2015-10-27,-0.2860263000286696
2015-10-28,0.288146694617549
2015-10-29,0.1744026600826506
2015-10-30,-0.0041016217373276735
2015-11-02,0.4918230376650893
2015-11-03,-0.41364018021623394
2015-11-04,-0.5862866978763607
2015-11-05,0.15497631835223719
2015-11-06,1.6211892526689127
2015-11-09,-0.5465226681140284
2015-11-10,0.4684797156609741
2015-11-11,0.10936729547075008
2015-11-12,-0.8714388692707299
2015-11-13,0.025930601603040896
2015-11-16,0.0710647062457373
2015-11-17,1.2477584591553486
2015-11-18,0.07843202541951773
2015-11-19,0.6055987204086
2015-11-20,0.19694038173781633
2015-11-23,-0.3604036181778777
2015-11-24,-0.8367591029020074
2015-11-25,1.3121531670335822
2015-11-26,0.6258748140106135
2015-11-27,0.29090905512798604
2015-11-30,0.8207375473552274
2015-12-01,-0.014274185430616797
2015-12-02,-0.3141168269277904
2015-12-03,-2.051815469113017
2015-12-04,-0.0964540200179324
2015-12-07,0.858300718598015
2015-12-08,-1.3585578690496727
2015-12-09,-0.04359529893577417
2015-12-10,0.04925193463659929
2015-12-11,-1.583067729310467
2015-12-14,-1.1430763341432082
2015-12-15,1.406371732243953
2015-12-16,0.3853650679876833
2015-12-17,1.5659121276955876
2015-12-18,-0.9914063262397723
2015-12-21,-0.6123451216885042
2015-12-22,0.40663700595997304
2015-12-23,1.0581482562295357
2015-12-25,-0.014274185430616797
2015-12-28,-0.5962241664703261
2015-12-29,0.5724950059640201
2015-12-30,-0.46461564573135555
2016-01-04,-2.7067841202373595
2016-01-05,-0.2362076196978571
2016-01-06,-1.6135882286383216
2016-01-07,-1.835818346277627
2016-01-08,-1.1394258826385033
2016-01-11,-0.18536995977634635
2016-01-12,0.9528141261139313
2016-01-13,-1.124414582976385
2016-01-14,-1.634729743617824
2016-01-15,-1.2700014896848046
2016-01-18,0.034413686942920206
2016-01-19,0.44572845358278107
2016-01-20,-1.2901716164795036
2016-01-21,1.1651529464854258
2016-01-22,0.591459538665833
2016-01-25,-0.48741073098456184
2016-01-26,0.27377135418959614
2016-01-27,0.31956315992734624
2016-01-28,-1.425133705018775
2016-01-29,-0.6054329475376765
2016-02-01,-0.7574252880461562
2016-02-02,-0.9293847653889882
2016-02-03,-0.8754340471921306
2016-02-04,-0.8115307189564982
2016-02-05,0.593126361667595
2016-02-08,-2.0995673837421003
2016-02-09,-1.032727492479827
2016-02-10,0.8531415468118473
2016-02-11,-1.3390801406445672
2016-02-12,2.1150820007182713
2016-02-15,1.8550034075514694
2016-02-16,-0.18356993112613015
2016-02-17,1.6332654765897567
2016-02-18,-0.03947683127978416
2016-02-19,-0.9822975026208975
2016-02-22,0.8590925053501126
2016-02-23,-1.3336716175546663
2016-02-24,-1.9631249916478477
2016-02-25,0.7242894267829815
2016-02-26,1.6806185209334246
2016-02-29,0.7889235628833571
2016-03-01,1.9422792171192031
2016-03-02,1.2545785027333383
2016-03-03,0.4090631890190787
2016-03-04,0.8442413798373143
2016-03-07,-0.45318815580751376
2016-03-08,-1.0999770645085971
2016-03-09,-0.9010586505937161
2016-03-10,-1.9397741001865385
2016-03-11,2.0199803058670818
2016-03-14,0.8882566177785889
2016-03-15,-0.41261800638724055
2016-03-16,1.7841855703930103
2016-03-17,-0.9489564172271333
2016-03-18,0.31292608262866395
2016-03-21,-0.23604511476984072
2016-03-22,0.09089913779628514
2016-03-23,-0.2014224286817987
2016-03-24,-0.8895718725856963
2016-03-29,0.502207357066759
2016-03-30,0.955895906818974
2016-03-31,-0.8370602371208226
2016-04-01,-1.6307303609556436
2016-04-04,-0.2952456444216579
2016-04-05,-1.8312833561571122
2016-04-06,0.2206506378042915
2016-04-07,-0.7482734775795745
2016-04-08,0.27430088263069213
2016-04-11,0.297963234463434
2016-04-12,0.3400762853975248
2016-04-13,1.6276179544174727
2016-04-14,0.710943185615676
2016-04-15,-0.5147005843268443
2016-04-18,1.2063860769991983
2016-04-19,1.5316612183137421
2016-04-20,0.5258806334746432
2016-04-21,0.05916408480702402
2016-04-22,-0.7939848913770442
2016-04-25,-0.4987526569194358
2016-04-26,0.366807925382351
2016-04-27,0.4207858358327213
2016-04-28,0.31508615075052765
2016-04-29,-2.0019854513251336
2016-05-02,0.35018285074086536
2016-05-03,-1.85906065340977
2016-05-04,-0.9859742443640062
2016-05-05,-0.5893814844278858
2016-05-06,0.08624069598492909
2016-05-09,0.5037789061146671
2016-05-10,0.9018016830124974
2016-05-11,-0.6950370686550296
2016-05-12,-0.7488188913338181
2016-05-13,0.7975187037309406
2016-05-17,-1.459074910495028
2016-05-18,-0.3941515588168876
2016-05-19,-0.23560019472352398
2016-05-20,0.6797672460723033
2016-05-23,-0.6008860124155362
2016-05-24,0.8629531931076756
2016-05-25,1.1049941219601576
2016-05-26,0.9974370577675289
2016-05-27,-0.19718629262837079
2016-05-30,0.3634150256429144
2016-05-31,0.06716981475074292
2016-06-01,-1.2572103406630188
2016-06-02,0.06276876566037132
2016-06-03,-1.1700625424716546
2016-06-06,-0.033999440178614074
2016-06-07,1.0199037118376177
2016-06-08,-0.551313205190084
2016-06-09,-0.7751654952188781
2016-06-10,-0.7740985978650476
2016-06-13,-0.9369194239990468
2016-06-14,-1.2214848978310153
2016-06-15,0.6555635200884253
2016-06-16,-0.1947565617371084
2016-06-17,0.44943096404066646
2016-06-20,2.1860981315683117
2016-06-21,0.24802587349055125
2016-06-22,-0.12556428109627574
2016-06-23,1.138342894557307
2016-06-24,-3.7322566314378647
2016-06-27,-2.129268243788546
2016-06-28,0.10132644416629642
2016-06-29,0.02177839724710624
2016-06-30,-0.07920278636861482
2016-07-01,1.4082510823058858
2016-07-04,-0.7202141768831838
2016-07-05,-1.1514925229665147
2016-07-06,-0.09446808127335196
2016-07-07,0.3491648434733206
2016-07-08,1.9989344105198845
2016-07-11,1.0834406862940629
2016-07-12,2.153246267291248
2016-07-13,-0.2285801864936293
2016-07-14,1.1176810443370282
2016-07-15,-0.06514927837252535
2016-07-18,0.14452648128431542
2016-07-19,-0.8652298093829831
2016-07-20,1.1400778764187685
2016-07-21,0.35602664238160786
2016-07-22,-0.31531494804225485
2016-07-25,0.3866935831934813
2016-07-26,0.38332963962295097
2016-07-27,0.953305171359987
2016-07-28,-1.4856298126604965
2016-07-29,0.6562547759181445
2016-08-01,0.03501984187121505
2016-08-02,-1.0855470165427008
2016-08-03,0.2370170923781662
2016-08-04,0.0045185030682500845
2016-08-05,1.2709763490603803
2016-08-08,-0.19139987649206636
2016-08-09,1.5861106815819606
2016-08-10,-0.07347461047620485
2016-08-11,0.09223570024512312
2016-08-12,-0.45367024920337545
2016-08-15,0.5018834906123325
2016-08-16,-0.6140237958821125
2016-08-17,-0.5793371383029157
2016-08-18,0.16076589610195574
2016-08-19,-0.9390296489751377
2016-08-22,-0.24212744881677756
2016-08-23,0.31177986763449744
2016-08-24,0.00411729925566995
2016-08-25,-0.8115019531304474
2016-08-26,0.611044915389928
2016-08-29,-0.23004432510652395
2016-08-30,0.952066843803126
2016-08-31,-0.2874928973603353
2016-09-01,-0.06301560850389126
2016-09-02,0.37424160652500904
2016-09-05,-0.21421782861750246
2016-09-06,-0.4350450629440767
2016-09-07,0.4064966920828479
2016-09-08,-0.5024691881687896
2016-09-09,-0.32814839191398665
2016-09-12,-0.855248281327985
2016-09-13,-0.12123419543561291
2016-09-14,-0.2099532587886819
2016-09-15,0.11206599480694879
2016-09-16,-1.2152963801371681
2016-09-19,0.3402471427271484
2016-09-20,0.06271923007954162
2016-09-21,0.15851393979545927
2016-09-22,1.1966727420942436
2016-09-23,-0.4459213462538598
2016-09-26,-1.1977336058565247
2016-09-27,-0.3699458994812204
2016-09-28,0.30917283597001305
2016-09-29,-0.0013800962282253734
2016-09-30,0.6958172967050849
2016-10-04,1.5348942839912079
2016-10-05,0.5295821805311718
2016-10-06,0.05858378973606401
2016-10-07,-0.557299802959496
2016-10-10,0.4011746716922692
2016-10-11,-0.2765547070888142
2016-10-12,-0.41970343208281224
2016-10-13,-0.6727241503465792
2016-10-14,0.5453736120824793
2016-10-17,-0.32437994096635636
2016-10-18,0.4008070437149339
2016-10-19,0.6046604343326677
2016-10-20,0.6807812425295583
2016-10-21,-0.3393751875194397
2016-10-24,0.5621570659033257
2016-10-25,0.009599997136336887
2016-10-26,0.24747249218737952
2016-10-27,-0.10334315162773254
2016-10-28,0.13408387692653753
2016-10-31,-0.4906609619111059
2016-11-01,-0.646867317752383
2016-11-02,-1.8191375377520533
2016-11-03,-0.12149760043739392
2016-11-04,0.1307314249244311
2016-11-07,1.068606267522708
2016-11-08,0.05335561580793309
2016-11-09,-0.3039291007704589
2016-11-10,-0.051385192991688804
2016-11-11,2.00247724151306
2016-11-14,0.4401262513985247
2016-11-15,0.36594693359920866
2016-11-16,-0.4767942015710292
2016-11-17,-0.20291426875535798
2016-11-18,0.3270851365549413
2016-11-21,0.7824335565063767
2016-11-22,0.519028529552823
2016-11-23,-0.6226051209642086
2016-11-24,0.14141506950223104
2016-11-25,0.14665228061238356
2016-11-28,-0.43498241478399574
2016-11-29,-0.5147158474260772
2016-11-30,-0.4786867453799699
2016-12-01,-0.21555154349372624
2016-12-02,-0.16281782667111444
2016-12-05,1.49681450766251
2016-12-06,0.5416454507185443
2016-12-07,1.6374860897283
2016-12-08,1.4327480548780078
2016-12-09,-0.13186239636823704
2016-12-12,-0.37954733988730943
2016-12-13,0.42052198070700475
2016-12-14,0.06581186433588129
2016-12-15,0.35766071223173457
2016-12-16,0.11785080702105824
2016-12-19,0.04375602309722295
2016-12-20,0.059460600333244296
2016-12-21,-0.10910266367303009
2016-12-22,-0.2256985190541305
2016-12-23,0.1391006568548047
2016-12-27,-0.15175731687973498
2016-12-28,0.06509168607100342
2016-12-29,-0.7226679114066119
2016-12-30,0.10898253560884984
2017-01-02,0.6395409932610914
2017-01-03,0.43234673596662804
2017-01-04,-0.355427891045702
2017-01-05,0.06991899738738694
2017-01-06,0.07503221592176998
2017-01-09,-0.3724888375851341
2017-01-10,0.02800019144087354
2017-01-11,0.1018183991061519
2017-01-12,-1.442716004540532
2017-01-13,0.17543968074870078
2017-01-16,-0.7118052074245484
2017-01-17,-0.047207595676208726
2017-01-18,0.2759852549264097
2017-01-19,-0.23867272003716625
2017-01-20,0.2919410972217099
2017-01-23,-0.5018619293012316
2017-01-24,0.5713328061340872
2017-01-25,0.778649459183159
2017-01-26,-0.3740423228957639
2017-01-27,-0.4039389800169501
2017-01-30,-0.6268520619782808
2017-01-31,-1.1958813545511089
2017-02-01,0.2390021934418075
2017-02-02,-0.25062756505910866
2017-02-03,-0.11026957487262044
2017-02-06,-0.6344780737820781
2017-02-07,-0.10600056069623424
2017-02-08,0.39141157067717264
2017-02-09,0.7196562123975682
2017-02-10,0.1423355353085863
2017-02-13,0.8817965119738862
2017-02-14,-0.2284556018406193
2017-02-15,-0.08037353425515054
2017-02-16,-0.41836272883193276
2017-02-17,-0.24832270553321606
2017-02-20,0.008072945903331706
2017-02-21,0.7940349009639296
2017-02-22,0.13918805947277896
2017-02-23,-0.5923166827497399
2017-02-24,-0.8581000518641777
2017-02-27,0.13770664757233395
2017-02-28,-0.09864948414904753
2017-03-01,1.2633262497604918
2017-03-02,0.2644232530640803
2017-03-03,-0.11244544444021498
2017-03-06,-0.3705130937949325
2017-03-07,-0.030772360910847375
2017-03-08,0.16697242835520956
2017-03-09,-1.2471436104926898
2017-03-10,-0.5176605870027391
2017-03-13,0.18433714789293285
2017-03-14,-0.29255473227904955
2017-03-15,-0.13402558727751654
2017-03-16,0.26468924273747035
2017-03-17,-0.46485762928975977
2017-03-20,-0.23829064278071455
2017-03-21,0.23267679891191959
2017-03-22,-0.12324472561068443
2017-03-23,0.1805283552577259
2017-03-24,0.3275427309278125
2017-03-27,-0.12793306527654588
2017-03-28,0.5513546668315441
2017-03-29,0.1709192695163295
2017-03-30,0.41505428616728646
2017-03-31,-0.053152809485131104
2017-04-03,-0.37113243823553477
2017-04-04,-0.5320112986658221
2017-04-05,-0.4177170614526274
2017-04-06,-0.18005266703824124
2017-04-07,-0.1059894904147565
2017-04-10,-0.06018948174654533
2017-04-11,-0.06025516186138385
2017-04-12,0.4206355476462565
2017-04-13,-0.334343096171105
2017-04-18,-0.23845682188243078
2017-04-19,0.8648783632029612
2017-04-20,0.042249162512337235
2017-04-21,0.4635296373103842
2017-04-24,1.3637954023544006
2017-04-25,0.1700854936713632
2017-04-26,0.4649838619537186
2017-04-27,-0.531420372769319
2017-04-28,-0.04136758398538198
2017-05-02,0.0182360389409993
2017-05-03,-0.4549901458035557
2017-05-04,0.20388071557954854
2017-05-05,0.9551699554048179
2017-05-08,0.4050431204817201
2017-05-09,-0.20489899740135947
2017-05-10,0.5081021904005611
2017-05-11,-0.2140932540396456
2017-05-12,0.31354188749485834
2017-05-15,0.045586865224373815
2017-05-16,-0.3745513271017874
2017-05-17,-0.15695303602368768
2017-05-18,-0.7007074699082807
2017-05-19,0.5345582885087394
2017-05-22,-0.16885170528621127
2017-05-23,0.1898880356156575
2017-05-24,-0.29038490823020646
2017-05-25,-0.3087111213613084
2017-05-26,-0.5353840444446133
2017-05-29,0.12637410575372673
2017-05-30,-0.19437700402922353
2017-05-31,-0.5530140308470974
2017-06-01,0.9063666974844191
2017-06-02,0.5473581034184802
2017-06-05,-0.014274185430616797
2017-06-06,-0.6262765443053855
2017-06-07,-0.1432386671405534
2017-06-08,-0.2902013770642396
2017-06-09,0.16610313605513596
2017-06-12,0.2494203978435552
2017-06-13,0.07516418779063017
2017-06-14,-0.5477844634117932
2017-06-15,-0.4055641793959409
2017-06-16,-0.04845222067413714
2017-06-19,0.34902872381159794
2017-06-20,-0.2126162046757007
2017-06-21,-0.042666871229355176
2017-06-22,0.3084990200727359
2017-06-23,-0.33704739093396946
2017-06-26,-0.07681878953551696
2017-06-27,-0.37407289305811825
2017-06-28,0.4535013852089714
2017-06-29,-0.5623810139280382
2017-06-30,-0.848459321096687
2017-07-03,0.968982345588313
2017-07-04,-0.41667986454693456
2017-07-05,-0.44924854408334425
2017-07-06,-0.06674324299911633
2017-07-07,-0.049286935063164374
2017-07-10,0.12561878722420555
2017-07-11,0.7878718156801956
2017-07-12,0.6618560433763192
2017-07-13,0.07590035036899502
2017-07-14,-0.3646732649877132
2017-07-17,-0.065361139239483
2017-07-18,-0.22484182406568626
2017-07-19,-0.014274185430616797
2017-07-20,0.037036235021959706
2017-07-21,-1.2728929539011604
2017-07-24,-1.3492610119730315
2017-07-25,0.27966841769093065
2017-07-26,-0.20603602785437664
2017-07-27,-0.3819718336006291
2017-07-28,-0.40923604415265713
2017-07-31,-0.0997761653326365
2017-08-01,0.7016049939095335
2017-08-02,-0.03234855515890703
2017-08-03,0.29793208545793026
2017-08-04,1.1501896988200646
2017-08-07,-0.2190842680944077
2017-08-08,-0.13757988111120908
2017-08-09,-0.43951082183580953
2017-08-10,-0.02613838512228639
2017-08-11,-0.07365023081380917
2017-08-14,0.13402524492381454
2017-08-15,-0.13287807418126205
2017-08-16,0.06877891838934709
2017-08-17,-0.21027700022480625
2017-08-18,-0.17524322466912942
2017-08-21,-0.35591075525230165
2017-08-22,0.23171436857378608
2017-08-23,-0.17612377913694202
2017-08-24,0.392282556417442
2017-08-25,-0.3128723134162811
2017-08-28,-0.062226686567971284
2017-08-29,-0.5510135043710448
2017-08-30,0.0160391818486555
2017-08-31,-0.23906912613565678
2017-09-01,0.59084014579785
2017-09-04,0.0638349734876041
2017-09-05,0.8010897737864636
2017-09-06,0.7234799696368526
2017-09-07,0.5000107730997236
2017-09-08,-0.08905751687232738
2017-09-11,0.1753046372730851
2017-09-12,0.41380790668587564
2017-09-13,0.2520344211565206
2017-09-14,0.15492532218638475
2017-09-15,0.24400919871925567
2017-09-18,-0.13201580333676374
2017-09-19,0.03622414621640876
2017-09-20,-0.15466307067356366
2017-09-21,0.36662940218524404
2017-09-22,-0.04217314011376345
2017-09-25,-0.18765090309878982
2017-09-26,0.04731605143823996
2017-09-27,0.030474629164702872
2017-09-28,-0.3227487267808313
2017-09-29,0.7725539369043806
2017-10-02,0.1680173933860151
2017-10-03,-0.014274185430616797
2017-10-04,1.2478545556733172
2017-10-05,0.1090454980794967
2017-10-06,0.1674405848112681
2017-10-09,-0.11038524097873921
2017-10-10,-0.2554171992796771
2017-10-11,-0.030396966879675677
2017-10-12,-0.3215969224509508
2017-10-13,-0.3126967912722452
2017-10-16,-0.1177979428618832
2017-10-17,0.18170267821515176
2017-10-18,0.39679790190922604
2017-10-19,-0.441649782220828
2017-10-20,-0.621354529409124
2017-10-23,-0.1741578330121374
2017-10-24,0.21161797045946543
2017-10-25,-0.5448989332515302
2017-10-26,0.4393279083021224
2017-10-27,0.5004625531445764
2017-10-30,0.13796767020969355
2017-10-31,-0.014274185430616797
2017-11-01,0.9742518483274815
2017-11-02,0.26669972066642206
2017-11-03,-0.17310769465516648
2017-11-06,0.19737872664961006
2017-11-07,-1.380047871689822
2017-11-08,-0.11218237063700469
2017-11-09,-0.1833672648361627
2017-11-10,-0.337765651375222
2017-11-13,-0.09136173319608121
2017-11-14,-0.05837764542860691
2017-11-15,-0.4687295545335549
2017-11-16,0.0024226479286892453
2017-11-17,-0.23746988059983515
2017-11-20,0.12534556106717284
2017-11-21,0.869712903828991
2017-11-22,-0.12388116306792844
2017-11-23,-0.14612880487438817
2017-11-24,0.007726474076518182
2017-11-27,-0.3952400285922036
2017-11-28,-0.4262716659907164
2017-11-29,-0.13745077763495558
2017-11-30,-0.042311504059707315
2017-12-01,-0.6410492064737005
2017-12-04,0.9757278671533657
2017-12-05,0.05804174423315674
2017-12-06,-0.23712955024206225
2017-12-07,-0.13169703502225397
2017-12-08,0.3371205510786844
2017-12-11,-0.008718545333777666
2017-12-12,0.26825438026159115
2017-12-13,-0.17472307758437985
2017-12-14,0.24549638587378164
2017-12-15,-0.1412190238873628
2017-12-18,0.54066684405932
2017-12-19,0.06213372381455726
2017-12-20,-0.10707561296696898
2017-12-21,0.480400962328245
2017-12-22,-0.18764277700449122
2017-12-27,-0.1556011535346203
2017-12-28,-0.07963392262157808
2017-12-29,-0.1835648729397512
2018-01-02,-0.25009927367395907
2018-01-03,0.2379600573026134
2018-01-04,0.32358324515097053
2018-01-05,0.5363832079362383
2018-01-08,0.6095940641346898
2018-01-09,0.2656531130540301
2018-01-10,-0.43744385225675814
2018-01-11,-0.3930260771473559
2018-01-12,0.5818205907509854
2018-01-15,-0.024848422535550408
2018-01-16,1.4700265302715805
2018-01-17,-0.16320783330068755
2018-01-18,0.35463666605064165
2018-01-19,0.8004181896456455
2018-01-22,0.7718788898644909
2018-01-23,-0.5003608040111748
2018-01-24,-0.48019366609536696
2018-01-25,-0.5713445819312596
2018-01-26,0.28027216556069023
2018-01-29,-0.16132206719186104
2018-01-30,-0.47351881289728165
2018-01-31,-0.3590684010539024
2018-02-01,-0.2576519148540665
2018-02-02,-0.7045304490339258
2018-02-05,-0.4588127209673068
2018-02-06,-0.662022452494428
2018-02-07,0.5056951948972547
2018-02-08,-0.8587442326139586
2018-02-09,-0.4997363817098196
2018-02-12,0.35164669694209866
2018-02-13,-0.3363529407671376
2018-02-14,0.6817263218953591
2018-02-15,-0.3229537085428975
2018-02-16,0.359142744147077
2018-02-19,-0.469254688507576
2018-02-20,-0.2762363792127467
2018-02-21,-0.03068820187966074
2018-02-22,0.23144572784999878
2018-02-23,-0.10695747967251619
2018-02-26,0.3661725045315875
2018-02-27,-0.04134629648893466
2018-02-28,-0.49331995707766585
2018-03-01,-0.8532712937765667
2018-03-02,-0.7607634838681073
2018-03-05,-0.28658219587802547
2018-03-06,0.36540085229354535
2018-03-07,0.37918615348838447
2018-03-08,0.04726133561178552
2018-03-09,0.0750905651928241
2018-03-12,0.30825207390985787
2018-03-13,-0.6166261840387687
2018-03-14,-0.2731662848636981
2018-03-15,0.5188546025126008
2018-03-16,0.39690399934868903
2018-03-19,-0.3975566347569008
2018-03-20,0.44088140460088965
2018-03-21,0.04644993722610337
2018-03-22,-0.4410020888791305
2018-03-23,-0.6588084164152939
2018-03-26,0.5634110544826991
2018-03-27,0.3190372350067641
2018-03-28,-0.15287722521479874
2018-03-29,1.402323774849201
2018-04-03,0.2704687382142302
2018-04-04,-0.6994619457824915
2018-04-05,0.6816264992117184
2018-04-06,0.13010008633794826
2018-04-09,-0.35183261833758533
2018-04-10,0.8647720757414256
2018-04-11,-0.07765292579407952
2018-04-12,0.01742888368156144
2018-04-13,0.719502783655598
2018-04-16,-0.3640199028807783
2018-04-17,0.278233017197297
2018-04-18,-0.23348322635823385
2018-04-19,0.027547811631401378
2018-04-20,0.05885287170220968
2018-04-23,0.07956577528517611
2018-04-24,-0.050743763066677626
2018-04-25,-0.9938291579443248
2018-04-26,0.5779811320898728
2018-04-27,0.565494442882452
2018-04-30,0.4866480532521542
2018-05-02,0.3031543404832027
2018-05-03,-0.4912190419994844
2018-05-04,-0.32453852530356264
2018-05-07,-0.014274185430616797
2018-05-08,0.1824616284685625
2018-05-09,-0.003938018865963614
2018-05-10,0.19189902920114046
2018-05-11,-0.10695270195746893
2018-05-14,-0.19497275719625437
2018-05-15,0.16127807510602116
2018-05-16,-0.01943021289740411
2018-05-17,0.5697083410988766
2018-05-18,-0.40418550736572184
2018-05-21,-0.014274185430616797
2018-05-22,1.1826018206688982
2018-05-23,-0.9810886693670658
2018-05-24,-0.8216867651757548
2018-05-25,-0.041426451157543516
2018-05-28,-0.1393687256081483
2018-05-29,-0.6392241215658673
2018-05-30,0.05189493434393411
2018-05-31,-0.4683082586957759
2018-06-01,0.26308693663264615
2018-06-04,0.16239876577126988
2018-06-05,0.20015197817689845
2018-06-06,0.21011294264197664
2018-06-07,-0.216716342826765
2018-06-08,-0.5602524036550066
2018-06-11,-0.15870117475534176
2018-06-12,-0.05880466292270012
2018-06-13,-0.36079543070771414
2018-06-14,0.8693682608988256
2018-06-15,-0.30699903057238376
2018-06-18,-0.5659401566975267
2018-06-19,-0.4025999094741337
2018-06-20,-0.22948878625546046
2018-06-21,-1.431658522977058
2018-06-22,-0.5494937662812198
2018-06-25,-0.8857712613269404
2018-06-26,-0.2558659987371897
2018-06-27,0.08251688874261036
2018-06-28,-0.6530358227775543
2018-06-29,0.028572181764476644
2018-07-02,0.04688477407164699
2018-07-03,-0.032611527211172636
2018-07-04,0.02849847632418508
2018-07-05,1.7189210689745666
2018-07-06,-0.28595622721265457
2018-07-09,-0.008351501217925422
2018-07-10,-0.13286504000806598
2018-07-11,-0.6959501013381963
2018-07-12,0.28590499540948555
2018-07-13,0.13511887436443654
2018-07-16,-0.21157133937323844
2018-07-17,0.41512664378442865
2018-07-18,0.45245105207027325
2018-07-19,-0.04368196723073121
2018-07-20,-0.8869770869338599
2018-07-23,0.37359391596939107
2018-07-24,0.9271967938535031
2018-07-25,-0.9973580753558964
2018-07-26,2.040316188865593
2018-07-27,-0.2884786534466175
2018-07-30,0.020080352105558738
2018-07-31,-0.17484418483326178
2018-08-01,-0.7028399435173213
2018-08-02,-0.20114575908217433
2018-08-03,0.659672080020396
2018-08-06,0.6559517985167014
2018-08-07,0.29188838127339645
2018-08-08,0.2281247638223261
2018-08-09,0.17090978043459842
2018-08-10,-0.7082183411147331
2018-08-13,-0.17938294759612147
2018-08-14,-0.4957748251319844
2018-08-15,-0.6756389961952753
2018-08-16,0.2711309296019087
2018-08-17,-0.2412899404136903
2018-08-20,0.1836967000595488
2018-08-21,0.6664765203607633
2018-08-22,-0.38229256914917964
2018-08-23,-0.7179210038271084
2018-08-24,0.10859755092771235
2018-08-27,1.083203158236349
2018-08-28,0.6660284507683291
2018-08-29,-0.10441043304344098
2018-08-30,0.19392044631906502
2018-08-31,-0.6871740991640171
2018-09-03,-0.36868316317441124
2018-09-04,-0.5392877232050757
2018-09-05,-0.38117040084418247
2018-09-06,-0.31925636182951317
2018-09-07,0.18535740678108878
2018-09-10,0.003294391432105875
2018-09-11,-0.21383180171725236
2018-09-12,0.3139733804522599
2018-09-13,0.6527701812568362
2018-09-14,0.24994725202933726
2018-09-17,-0.2381991110371526
2018-09-18,0.060483720284143706
2018-09-19,0.4830101175935869
2018-09-20,0.9872132027505052
2018-09-21,0.23561006504337337
2018-09-24,-1.288393024202043
2018-09-25,-2.645806485350727
2018-09-26,0.0037580544265454034
2018-09-27,-0.03230642528778375
2018-09-28,-0.7963296105704798
2018-10-01,0.24783958931423572
2018-10-02,0.3249367765503308
2018-10-04,-0.280587233690755
2018-10-05,-0.36763140281803947
2018-10-08,-0.5121851857013077
2018-10-09,-0.3118268308420262
2018-10-10,-0.6654164132120963
2018-10-11,-0.680859306347725
2018-10-12,0.1070343106838023
2018-10-15,0.44266374914635775
2018-10-16,0.3255623239163718
2018-10-17,-0.3351735317805651
2018-10-18,-0.08376650627153732
2018-10-19,-0.325096903014935
2018-10-22,-0.14173036555989144
2018-10-23,-0.6179202728960501
2018-10-24,-0.5406629159970275
2018-10-25,1.154037023128348
2018-10-26,0.31612341948978184
2018-10-29,0.8515919047394379
2018-10-30,-0.0516018255163588
2018-10-31,-0.0827573859441413
2018-11-01,0.33339432385793816
2018-11-02,0.5697802629018137
2018-11-05,-0.32691808581487947
2018-11-06,-0.20533722415278174
2018-11-07,-1.6860086419442535
2018-11-08,-0.2708354841415658
2018-11-09,-0.33693408482655096
2018-11-12,-0.5547737900717148
2018-11-13,0.8746042600290912
2018-11-14,0.47174758745891326
2018-11-15,-0.30785737055131257
2018-11-16,-0.30967219522061856
2018-11-19,0.2683253457191692
2018-11-20,-0.32909801022031415
2018-11-21,0.3901101400837134
2018-11-22,-0.46379684250181563
2018-11-23,-0.09822276429594173
2018-11-26,0.8694336394817305
2018-11-27,-0.6530029301985182
2018-11-28,-0.09794206151296261
2018-11-29,-0.5910840998585125
2018-11-30,-0.4334207349859573
2018-12-03,2.202671187479731
2018-12-04,-0.7928466810838688
2018-12-05,-0.18690025787991607
2018-12-06,-1.3722122253212181
2018-12-07,-0.2521375588062932
2018-12-10,-1.0929152649731497
2018-12-11,0.8452640879391208
2018-12-12,0.901839663048344
2018-12-13,0.8973253758547404
2018-12-14,0.04330996151646673
2018-12-17,-0.18726558345501187
2018-12-18,-0.35571080691307705
2018-12-19,-0.027210845013541114
2018-12-20,-1.0670700212232638
2018-12-21,0.045195675365165194
2018-12-27,-1.4013254068791676
2018-12-28,0.5534769843194862
2019-01-02,-0.6636960874670472
2019-01-03,-0.48658365353518196
2019-01-04,1.7812531399568694
2019-01-07,0.2565413070317882
2019-01-08,0.044964930565469206
2019-01-09,0.47003408984016215
2019-01-10,-0.28854502015668115
2019-01-11,-0.4749485248959028
2019-01-14,-0.17325388987740495
2019-01-15,0.005635390006776346
2019-01-16,-0.0740129047635206
2019-01-17,-0.1939046510060894
2019-01-18,1.3523866836934624
2019-01-21,-0.21548546855212936
2019-01-22,-0.209805850109344
2019-01-23,-0.3419571158424411
2019-01-24,0.5674455126856031
2019-01-25,0.778134973115143
2019-01-28,-0.25125342901818837
2019-01-29,-0.09782119019484545
2019-01-30,-0.34992843463217543
2019-01-31,0.06986474347542533
2019-02-01,0.42340664354141877
2019-02-04,-0.5944313982357325
2019-02-05,0.2250970899091832
2019-02-06,0.011528425066383729
2019-02-07,-1.6079773375901893
2019-02-08,-1.1550312083568908
2019-02-11,-0.0963251126800027
2019-02-12,0.32667808261487197
2019-02-13,0.31075311868001726
2019-02-14,-0.7213460216670069
2019-02-15,0.9485367313660319
2019-02-18,-0.13523792045641345
2019-02-19,0.28758038560977955
2019-02-20,0.9586243837951166
2019-02-21,0.38366376704572785
2019-02-22,-0.007778064196750693
2019-02-25,0.35453291839203116
2019-02-26,0.17869285737871118
2019-02-27,0.13953267041859777
2019-02-28,0.03049823499857053
2019-03-01,0.26615320695581524
2019-03-04,-0.06513701715221104
2019-03-05,0.23317244901774598
2019-03-06,-0.3508647452587273
2019-03-07,-0.9410343761928724
2019-03-08,-0.6225624906410996
2019-03-11,0.6524675394403037
2019-03-12,-0.06623618585230714
2019-03-13,0.3288917739743778
2019-03-14,0.08239356984049694
2019-03-15,0.1848923645202625
2019-03-18,0.036993866857340185
2019-03-19,0.9681824205059709
2019-03-20,-2.420417016228454
2019-03-21,-0.5652040878815774
2019-03-22,-1.0605268071381584
2019-03-25,-0.4806532475120752
2019-03-26,-0.7155409978918487
2019-03-27,0.20903536007095744
2019-03-28,-0.2515797102148143
2019-03-29,0.5836719058561185
2019-04-01,0.6376199993654218
2019-04-02,1.030497565367037
2019-04-03,0.8642494082734691
2019-04-04,0.48053725210499415
2019-04-05,0.27629277143464437
2019-04-08,-0.1561051352893141
2019-04-09,-0.2537796180778846
2019-04-10,-0.020756736255852417
2019-04-11,0.19296068505980757
2019-04-12,1.1222340126317134
2019-04-15,0.21232011599740644
2019-04-16,0.4543432866598681
2019-04-17,0.5112871321282706
2019-04-18,0.292186703397236
2019-04-23,-0.16725574757926354
2019-04-24,-0.6498182172060208
2019-04-25,-0.44483101888806176
2019-04-26,0.2482698870543606
2019-04-29,-0.20791447707852126
2019-04-30,-0.008025802575164847
2019-05-02,-0.07688384716536367
2019-05-03,-0.0958276799262029
2019-05-06,-1.0743417497333883
2019-05-07,-1.1314036363539057
2019-05-08,-0.6094508931943294
2019-05-09,-1.4190298115566546
2019-05-10,-0.30993168967132073
2019-05-13,-0.5762690470018097
2019-05-14,-0.14007270065004004
2019-05-15,1.446581206305768
2019-05-16,-0.15018713164835593
2019-05-17,-0.11467752347432751
2019-05-20,-0.9935787573606122
2019-05-21,-0.14638905827866427
2019-05-22,-0.30917130650605545
2019-05-23,-0.6395979290669161
2019-05-24,0.04563005023638302
2019-05-27,0.20227014063144141
2019-05-28,0.04529467115061722
2019-05-29,-0.5304751225265287
2019-05-30,-0.08956332057397053
2019-05-31,-0.7966785135201431
2019-06-03,-0.3062072585353139
2019-06-04,1.3454954143873017
2019-06-05,-0.3223127610737514
2019-06-06,-0.5296088827731977
2019-06-07,-0.02951556571953465
2019-06-11,0.48614331089355467
2019-06-12,-0.27140225155553993
2019-06-13,0.09176494124713781
2019-06-14,-0.25701563529094207
2019-06-17,-0.2888523924974405
2019-06-18,1.1269382918573414
2019-06-19,0.42428037276121344
2019-06-20,0.2513515304638713
2019-06-21,-0.10264982998074892
2019-06-24,-0.6076740300299246
2019-06-25,-0.38142875781099184
2019-06-26,1.0420167280106958
2019-06-27,0.19126143149896524
2019-06-28,0.1611946815472399
2019-07-01,-0.006973264764351647
2019-07-02,0.15325188575751994
2019-07-03,0.9074199427263678
2019-07-04,0.3409570255011509
2019-07-05,-0.05675674328149943
2019-07-08,-0.2628907615832906
2019-07-09,-0.39322383174113124
2019-07-10,-0.3890432187826334
2019-07-11,-0.3118674328052834
2019-07-12,0.45665358471954437
2019-07-15,0.5376196469084833
2019-07-16,0.3123964530982058
2019-07-17,-0.5623675846270475
2019-07-18,-0.15766980346067536
2019-07-19,0.28636592909522146
2019-07-22,0.12822192550873934
2019-07-23,1.7797675457329807
2019-07-24,0.44251261582612816
2019-07-25,-0.7389867187515442
2019-07-26,-0.20756679184162055
2019-07-29,-0.2778616319686315
2019-07-30,-0.8422385197970483
2019-07-31,-0.2128775068180491
2019-08-01,0.4525344051681148
2019-08-02,-2.056418176683182
2019-08-05,-0.9866847816278298
2019-08-06,-0.8312017986732625
2019-08-07,-0.12885937206675202
2019-08-08,0.3058597213795339
2019-08-09,-1.1676566159477446
2019-08-12,-0.170190184655903
2019-08-13,0.14943257696621504
2019-08-14,-1.148321298155184
2019-08-15,-0.640044978390406
2019-08-16,0.5796111628388408
2019-08-19,0.6195091981957356
2019-08-20,-0.504717767230174
2019-08-21,0.6568303292626223
2019-08-22,0.0014023035133888856
2019-08-23,-1.5352846606262567
2019-08-26,0.6845899257162431
2019-08-27,-0.07810723267243543
2019-08-28,0.1690151136388098
2019-08-29,0.3423153888380655
2019-08-30,0.4883115578816504
2019-09-02,-0.2335006376781266
2019-09-03,-0.11639467311036812
2019-09-04,0.5252920913277731
2019-09-05,0.9326335848957482
2019-09-06,-0.014274185430616797
2019-09-09,0.6668163437615705
2019-09-10,0.39718814651793966
2019-09-11,0.015518918734220885
2019-09-12,0.5996047458185658
2019-09-13,0.29337020259302615
2019-09-16,0.014924437800299091
2019-09-17,-0.4320179523940287
2019-09-18,0.00044529494777312295
2019-09-19,0.30841754758660944
2019-09-20,0.1025304442965505
2019-09-23,-0.8602395573496202
2019-09-24,-0.25238074578435993
2019-09-25,-0.2385850128254988
2019-09-26,-0.23211979053785967
2019-09-27,0.5842703507704502
2019-09-30,0.5033346045031992
2019-10-01,-0.16896864037398704
2019-10-02,-0.9230559963943104
2019-10-04,-0.5969394154488391
2019-10-07,0.20600993603502882
2019-10-08,-0.6398066057489049
2019-10-09,0.360506798510898
2019-10-10,0.65147302260257
2019-10-11,1.1361170417798472
2019-10-14,0.08096428171227892
2019-10-15,1.2280331172674677
2019-10-16,0.3408546665830623
2019-10-17,0.5344820090311184
2019-10-18,-0.36530894871741265
2019-10-21,0.2877661716791749
2019-10-22,0.42482197390969395
2019-10-23,0.11735589029045083
2019-10-24,0.24101989762623202
2019-10-25,0.2601837671057466
2019-10-28,0.2993991022581689
2019-10-29,-0.0550698617205722
2019-10-30,-0.3830316171586172
2019-10-31,-0.413568425671424
2019-11-01,0.48774077085461437
2019-11-04,1.4407930323372458
2019-11-05,0.7752455452993774
2019-11-06,0.44674853108849705
2019-11-07,0.5892897138133113
2019-11-08,0.3606810722106019
2019-11-11,-0.020594306030932246
2019-11-12,-0.115684882015183
2019-11-13,-0.788229231625053
2019-11-14,-0.17576820157175296
2019-11-15,0.7177153850207495
2019-11-18,-0.8953287848464224
2019-11-19,0.20590932089905192
2019-11-20,-0.14366964192376125
2019-11-21,0.16677953109007346
2019-11-22,0.2881060287554927
2019-11-25,0.05621106446162703
2019-11-26,-0.251789538749442
2019-11-27,0.5804970432946102
2019-11-28,-0.7314862586314548
2019-11-29,-0.22119228268412852
2019-12-02,-0.9237016675854245
2019-12-03,-0.08038173120439793
2019-12-04,0.6100214865394489
2019-12-05,0.01835600102209628
2019-12-06,0.6208144299106287
2019-12-09,-0.40858656665364385
2019-12-10,-0.0012943347087965966
2019-12-11,0.636662693040383
2019-12-12,0.36823870660137215
2019-12-13,0.6540677310851298
2019-12-16,-0.001757851312593562
2019-12-17,-0.5809841503747433
2019-12-18,0.09330147257008387
2019-12-19,-0.6889781073872001
2019-12-20,0.01777303107023655
2019-12-23,-0.40666422763304555
2019-12-27,-0.03365525108785047
2019-12-30,-0.2539702835993824
2020-01-02,0.6820097355638347
2020-01-03,-0.593799710019539
2020-01-06,-0.18951782761030933
2020-01-07,0.7404949813379981
2020-01-08,0.1071781127812707
2020-01-09,-0.046202506220319677
2020-01-10,0.11968078446018263
2020-01-13,-0.6168640937358723
2020-01-14,-0.22764386347619084
2020-01-15,-0.7391047923023524
2020-01-16,-0.6902386947060523
2020-01-17,-0.08774278774057913
2020-01-20,0.3718722417159211
2020-01-21,-0.16702806837163975
2020-01-22,-0.3212563490943214
2020-01-23,-0.8654310367847892
2020-01-24,-0.2055028032100138
2020-01-27,-1.1992007348256133
2020-01-28,-0.6357717380257567
2020-01-29,-0.20659559797149016
2020-01-30,-0.7262255555560655
2020-01-31,-0.9065523225643067
2020-02-03,0.015243138743765688
2020-02-04,0.404442618750189
2020-02-05,0.9055877217078311
2020-02-06,0.06456746998769095
2020-02-07,-1.2035086201479641
2020-02-10,-0.6648846425305805
2020-02-11,0.4302951654792362
2020-02-12,1.9080059769320603
2020-02-13,-0.3554534316874189
2020-02-14,-0.5378822781656288
2020-02-17,0.4522381020069019
2020-02-18,-0.9592183806499767
2020-02-19,0.16751244942722665
2020-02-20,-0.11598678553935064
2020-02-21,-0.5997243541109092
2020-02-24,-2.330412199911804
2020-02-25,-0.33232759256072825
2020-02-26,0.565923806491965
2020-02-27,-1.5298340996252258
2020-02-28,-0.7421837829936964
2020-03-02,-0.7698928391227619
2020-03-03,-0.21124597098728773
2020-03-04,0.6472398993577049
2020-03-05,-0.42152815715186054
2020-03-06,-0.7147087977322986
2020-03-09,-5.462029217710171
2020-03-10,-0.6610748134643476
2020-03-11,0.28679022230920503
2020-03-12,-6.613813215417518
2020-03-13,1.4082144280527675
2020-03-16,-5.943668200874489
2020-03-17,0.29867846957142075
2020-03-18,-1.4724779309448837
2020-03-19,-1.8392224882673915
2020-03-20,4.448851116165054
2020-03-23,-1.8520682596171967
2020-03-24,6.406195856230028
2020-03-25,1.2105094721382614
2020-03-26,0.5413066327747033
2020-03-27,-1.8415918093157788
2020-03-30,0.2095870266479366
2020-03-31,1.4030231096402315
2020-04-01,-2.8496341197234045
2020-04-02,0.49667263356398383
2020-04-03,-0.13618974988905208
2020-04-06,3.8670179273789516
2020-04-07,1.102320498570837
2020-04-08,-0.5475442945517028
2020-04-09,1.5632397334182597
2020-04-14,0.4878031746559029
2020-04-15,-2.647859371001317
2020-04-16,0.7085171381897002
2020-04-17,2.4024920432811534
2020-04-20,-0.5109990568786769
2020-04-21,-2.686437534559698
2020-04-22,0.4287324982634174
2020-04-23,1.1866687241368516
2020-04-24,-1.5605024544247053
2020-04-27,2.402700067625853
2020-04-28,1.2761911385239604
2020-04-29,2.6712376366780575
2020-04-30,-1.4170863486858092
2020-05-04,-2.245388626499267
2020-05-05,1.7398764968849383
2020-05-06,-2.6516447229721023
2020-05-07,-1.2067980397637088
2020-05-08,1.9230972457921416
2020-05-11,-0.060484677028560446
2020-05-12,-0.4882270788382946
2020-05-13,-2.046476234288477
2020-05-14,-1.6505422483403633
2020-05-15,2.1417123604424786
2020-05-18,3.516870284639533
2020-05-19,-0.20371111722052476
2020-05-20,0.7389824223826574
2020-05-21,-0.7485550023291845
2020-05-22,-0.004789131866023398
2020-05-25,0.1844997625867389
2020-05-26,1.4551521469706483
2020-05-27,2.2391839564526927
2020-05-28,-0.3561022754157438
2020-05-29,-1.2620471572356697
2020-06-02,2.406433123425901
2020-06-03,2.19081787048782
2020-06-04,0.059399569028303956
2020-06-05,1.1413090231184495
2020-06-08,0.9185454200151939
2020-06-09,-1.019003701306719
2020-06-10,-0.43186862136651033
2020-06-11,-2.7279661548926466
2020-06-12,0.43622142625760574
2020-06-15,-0.1837703454753308
2020-06-16,0.927210267578378
2020-06-17,0.143611518833365
2020-06-18,-0.13887313768237752
2020-06-19,-0.16422733135441744
2020-06-22,0.34316267868099193
2020-06-23,0.847402595367055
2020-06-24,-1.8633313531442213
2020-06-25,0.7406617279580684
2020-06-26,-1.1171517489381162
2020-06-29,0.7796892542488943
2020-06-30,0.07777356586708645
2020-07-01,-0.5354380845684974
2020-07-02,1.4423035983698778
2020-07-03,-0.5832619899717504
2020-07-06,0.9709235926163434
2020-07-07,0.13986769974488344
2020-07-08,-0.5272837869561365
2020-07-09,-0.4915181708292578
2020-07-10,1.0083614737296598
2020-07-13,0.07467521402194688
2020-07-14,-0.7223567264922006
2020-07-15,0.5400685891172461
2020-07-16,0.11521829735764882
2020-07-17,0.7553945725108393
2020-07-20,-0.5179626128809424
2020-07-21,1.3484406821195662
2020-07-22,-0.7065924849679944
2020-07-23,0.9350835068440804
2020-07-24,-0.7422485102504256
2020-07-27,-0.38646465499339305
2020-07-28,0.025459189119103748
2020-07-29,-1.2291269674044756
2020-07-30,-1.7825686453948493
2020-07-31,-1.2655061248238775
2020-08-03,1.2792342507260475
2020-08-04,1.5893410419986111
2020-08-05,-1.685540386889158
2020-08-06,-0.7820999659315451
2020-08-07,-0.29894346233009667
2020-08-10,0.37349325702765807
2020-08-11,2.6474148234617125
2020-08-12,0.25274407567595536
2020-08-13,-0.49273805079881455
2020-08-14,-0.06320583934740182
2020-08-17,-0.2924873820516807
2020-08-18,-0.2776287453437028
2020-08-19,0.5517656986643227
2020-08-20,-0.7208120433867726
2020-08-21,-0.4967795459433524
2020-08-24,1.1747690330382843
2020-08-25,-0.2595479471495206
2020-08-26,1.1756447396170733
2020-08-27,0.12940467772377154
2020-08-28,-0.006301594426987765
2020-08-31,0.4141055792571142
2020-09-01,-0.030077519096663695
2020-09-02,0.19068398793627894
2020-09-03,0.3071348112510854
2020-09-04,0.43671262716192616
2020-09-07,0.9054380169573021
2020-09-08,0.4314672090395953
2020-09-09,0.4124263158566078
2020-09-10,-0.014274185430616797
2020-09-11,0.4086198851283948
2020-09-14,-0.15481844790860116
2020-09-15,0.13365504255772864
2020-09-16,0.27288126775454385
2020-09-17,0.05907550113503712
2020-09-18,-0.8050583612508088
2020-09-21,-2.500231677585055
2020-09-22,0.056348781117743975
2020-09-23,0.28275374508425954
2020-09-24,-0.26427973490585754
2020-09-25,-1.2683579056548848
2020-09-28,2.086059078802639
2020-09-29,0.19304408525482034
2020-09-30,-0.02193551311646315
2020-10-01,0.49637621131719767
2020-10-02,-0.24224800651716255
2020-10-05,1.2410797163309082
2020-10-06,0.5901903729308884
2020-10-07,0.6332035443070436
2020-10-08,-0.028722472024917813
2020-10-09,-0.7573027143350992
2020-10-12,0.27119606670372626
2020-10-13,-0.631278349144935
2020-10-14,-0.1401272576186019
2020-10-15,-1.4516601632275885
2020-10-16,0.7060913088657923
2020-10-19,0.36052447548920824
2020-10-20,0.32053501048752153
2020-10-21,-0.2074248008454876
2020-10-22,0.13437257812354095
2020-10-23,-0.0736801140866854
2020-10-26,-0.5522859817034474
2020-10-27,-1.3401976887960976
2020-10-28,-2.72529468156411
2020-10-29,0.20611424747119947
2020-10-30,0.26989786706605734
2020-11-02,0.7884061210512332
2020-11-03,1.8891630648344817
2020-11-04,0.2906129233866101
2020-11-05,1.6798566116398244
2020-11-06,-0.9097857068830635
2020-11-09,2.9190753200526283
2020-11-10,1.2813318633782687
2020-11-11,0.5564005738985629
2020-11-12,0.22821988044904354
2020-11-13,0.012593723581748163
2020-11-16,1.3427264374169308
2020-11-17,0.024857128305166273
2020-11-18,0.6462040876945678
2020-11-19,0.06924864852468915
2020-11-20,0.08191467232019929
2020-11-23,-0.18112816046079647
2020-11-24,1.7462979304696802
2020-11-25,-0.8139008993558475
2020-11-26,-0.8211815054691273
2020-11-27,-0.6854081160337459
2020-11-30,-0.046780343275636
2020-12-01,1.104062709279441
2020-12-02,-0.3009804269058412
2020-12-03,-0.039847332324443166
2020-12-04,0.4058676108618317
2020-12-07,-0.8131736822421299
2020-12-08,-0.46108637824989557
2020-12-09,0.06373394150228928
2020-12-10,-1.1781166329834176
2020-12-11,-0.5834823749655491
2020-12-14,0.9196447545463997
2020-12-15,1.256675897884196
2020-12-16,0.3509052777010526
2020-12-17,-0.43093288344863034
2020-12-18,0.24896505788356882
2020-12-21,-1.457374294743905
2020-12-22,0.0714550170791869
2020-12-23,0.821624413846468
2020-12-28,0.05688499207928732
2020-12-29,-0.2280524526376348
2020-12-30,-0.6219822882677558
2021-01-04,-0.25822789514803535
2021-01-05,-0.6799483653461131
2021-01-06,0.0727932933197671
2021-01-07,0.005796715640280007
2021-01-08,-0.370091799218956
2021-01-11,-0.8230356530607221
2021-01-12,0.35442799495742316
2021-01-13,-0.5065111366147219
2021-01-14,0.4371407542572858
2021-01-15,-0.2668090424761063
2021-01-18,0.04043381306247498
2021-01-19,-0.8069565481756126
2021-01-20,1.6588524208468305
2021-01-21,0.31339176240013666
2021-01-22,-0.03427525940915758
2021-01-25,-0.7127399083818267
2021-01-26,1.2343493204537241
2021-01-27,-0.5244450315621741
2021-01-28,-0.28147357736327194
2021-01-29,-0.6210290045275134
2021-02-01,-0.10256502901628953
2021-02-02,1.0145399216142212
2021-02-03,0.19811325029211763
2021-02-04,-0.6543136047004213
2021-02-05,-0.5000162897757743
2021-02-08,-0.17729948514772007
2021-02-09,0.17586480462811596
2021-02-10,-0.07530868701407568
2021-02-11,0.3776942578522427
2021-02-12,-0.23689062632149274
2021-02-15,0.3293283004118177
2021-02-16,0.09300860315672085
2021-02-17,-0.05447427847642421
2021-02-18,0.09955147398206292
2021-02-19,0.35212110774257144
2021-02-22,-0.22044295809141032
2021-02-23,-1.3320615682701311
2021-02-24,0.7133432860014541
2021-02-25,0.7289479907508616
2021-02-26,-0.014274185430616797
2021-03-01,0.3826778527603519
2021-03-02,0.28782509152088026
2021-03-03,2.248435665330297
2021-03-04,0.10416936228512186
2021-03-05,-0.4018936709444488
2021-03-08,2.4147116747821182
2021-03-09,-0.044112117604075816
2021-03-10,1.0188576549711226
2021-03-11,-1.6903445404175215
2021-03-12,-0.6476279636773982
2021-03-15,0.18150846322985723
2021-03-16,1.606275712323623
2021-03-17,2.825892853204373
2021-03-18,0.3511751642163342
2021-03-19,-2.059914760765355
2021-03-22,1.2359862724042723
2021-03-23,-0.7262942150251612
2021-03-24,-0.49496230255072843
2021-03-25,0.5062508754817671
2021-03-26,0.15041496238418275
2021-03-29,1.0009149712048686
2021-03-30,1.729091991252884
2021-03-31,-0.1911235273836996
2021-04-01,0.09298299747097581
2021-04-06,0.48134640639070414
2021-04-07,-0.2960933628859872
2021-04-08,-0.49668775842002644
2021-04-09,-0.10595383919907995
2021-04-12,0.49578068769571737
2021-04-13,-0.3411573221379217
2021-04-14,-0.6258009992293928
2021-04-15,0.12713326349638704
2021-04-16,0.4773574595495999
2021-04-19,-0.38117093802901597
2021-04-20,-0.8447794255690311
2021-04-21,-0.5519640749975123
2021-04-22,0.5234157041362788
2021-04-23,0.05732718696231252
2021-04-26,0.24916607550148262
2021-04-27,-0.33278759760776677
2021-04-28,-0.19091940794443457
2021-04-29,-1.1844424029980583
2021-04-30,-0.2415533117652695
2021-05-03,0.39969904513498566
2021-05-04,-1.3193798808165094
2021-05-05,0.6313130717502515
2021-05-06,0.22556985959334014
2021-05-07,0.12791679762981423
2021-05-10,0.8523910677338454
2021-05-11,-0.552669942624586
2021-05-12,0.1321458221940178
2021-05-13,-0.4360578638750858
2021-05-14,1.0360672128537678
2021-05-17,0.5556273246303339
2021-05-18,0.19838970540607573
2021-05-19,-0.7854840428520581
2021-05-20,0.5442717811541224
2021-05-21,0.32664499894581445
2021-05-25,0.24673429825292217
2021-05-26,0.2893611426209755
2021-05-27,0.7282893018325403
2021-05-28,-0.2695816171221257
2021-05-31,-0.29287880058476745
2021-06-01,1.2347724727796456
2021-06-02,0.6692148591758084
2021-06-03,1.827516730209016
2021-06-04,0.2531708098067517
2021-06-07,0.7296297902038469
2021-06-08,-0.19792151910312816
2021-06-09,-0.47399520137066764
2021-06-10,-0.9012351064199494
2021-06-11,0.9429262867359451
2021-06-14,0.010794425982106209
2021-06-15,-0.20508212357202205
2021-06-16,-0.739275494614925
2021-06-17,0.12856363198328077
2021-06-18,-1.2056850281095963
2021-06-21,1.1108663368309077
2021-06-22,-0.09594480082242707
2021-06-23,-0.8388856751986469
2021-06-24,0.5849895048490359
2021-06-25,-0.08106258295834523
2021-06-28,-0.8649442802524263
2021-06-29,0.24669325330884517
2021-06-30,-1.0402615244744826
2021-07-01,0.3354706041616444
2021-07-02,0.04904003530122063
2021-07-05,-0.37949146869100225
2021-07-06,-1.8394994088717158
2021-07-07,0.1345701880627743
2021-07-08,-1.0323782164007087
2021-07-09,1.7574041708269916
2021-07-12,0.5886611149995709
2021-07-13,-0.34709548723043765
2021-07-14,0.1631582962148597
2021-07-15,-0.6790113160594204
2021-07-16,-0.9930479337416375
2021-07-19,-1.7454981578248199
2021-07-20,0.3073076501520168
2021-07-21,0.6337130964372774
2021-07-22,-0.22929398967961762
2021-07-23,0.9901719243362624
2021-07-26,-0.030937322091383238
2021-07-27,-0.934052148419313
2021-07-28,-0.059598155991046474
2021-07-29,0.700221240330993
2021-07-30,-0.6834456406317921
2021-08-02,0.5598821463715352
2021-08-03,-2.530370639015005
2021-08-04,0.5545502823774878
2021-08-05,-0.18362109447831587
2021-08-06,0.5208891406654598
2021-08-09,-0.2520208634130574
2021-08-10,0.06703638549673484
2021-08-11,0.2404017888159124
2021-08-12,0.5993920256319305
2021-08-13,-0.1683766359546051
2021-08-16,-0.9495548663982778
2021-08-17,-0.6718279179150051
2021-08-18,-0.31078978903013726
2021-08-19,-1.4761575955519761
2021-08-20,-0.291147001700596
2021-08-23,-0.1254755320517022
2021-08-24,0.9772888064555662
2021-08-25,-0.26936525849850235
2021-08-26,-0.05082177682925129
2021-08-27,0.19248825572507047
2021-08-30,0.45068836815541363
2021-08-31,0.7723698772340073
2021-09-01,-0.5492065162519112
2021-09-02,-0.04416505069236096
2021-09-03,-0.026238781922416545
2021-09-06,0.2541777953306452
2021-09-07,0.35313329877142907
2021-09-08,-1.1251213854827946
2021-09-09,0.0038473763758249545
2021-09-10,0.2927931617765601
2021-09-13,1.4512422957233744
2021-09-14,0.2873594421135572
2021-09-15,0.5261765297593055
2021-09-16,-0.6010038126047919
2021-09-17,-1.0144655537229332
2021-09-20,-1.4972294719668158
2021-09-21,0.6097599602528839
2021-09-22,1.4904544250201015
2021-09-23,-0.07846242261969541
2021-09-24,0.12566201216896106
2021-09-27,0.6218681291886495
2021-09-28,-0.014274185430616797
2021-09-29,0.9974003660854708
2021-09-30,-0.9857521604520009
2021-10-01,0.5959292151533989
2021-10-04,-0.24717062762137584
2021-10-05,0.15057100648995242
2021-10-06,-1.2211246397301372
2021-10-07,1.0448079392768919
2021-10-08,0.6807635761979445
2021-10-11,1.034271139455705
2021-10-12,-0.05269823693235919
2021-10-13,-0.38918098823311403
2021-10-14,0.28368566165421166
2021-10-15,0.6412359621308946
2021-10-18,-0.6642851611189202
2021-10-19,-0.5174072894481239
2021-10-20,-0.4554234987246687
2021-10-21,-0.2561317333364606
2021-10-22,0.7964089912328199
2021-10-25,1.0003386912132715
2021-10-26,0.46084907280622417
2021-10-27,0.05552366268669963
2021-10-28,-0.6678482859398873
2021-10-29,-0.06868859519469483
2021-11-01,0.5486470670333982
2021-11-02,0.17903985707741962
2021-11-03,0.6878935629332521
2021-11-04,0.0015614120106672963
2021-11-05,0.9575235681882381
2021-11-08,-0.40895028515082726
2021-11-09,-0.23903482675509086
2021-11-10,0.5586027406994104
2021-11-11,0.2798829702969191
2021-11-12,0.3393912081013876
2021-11-15,0.22005167302488216
2021-11-16,-0.1516746610493423
2021-11-17,0.19421688140823515
2021-11-18,0.27909352010315897
2021-11-19,-0.5212285639028359
2021-11-22,0.7842571781921153
2021-11-23,-0.18497715481269497
2021-11-24,-1.0053512699811609
2021-11-25,-0.7179430043687464
2021-11-26,-3.0379284609826436
2021-11-29,0.13547945157247224
2021-11-30,-0.4593586533833332
2021-12-01,1.9887348198129786
2021-12-02,-0.12694240323327433
2021-12-03,-0.516485666671475
2021-12-06,0.4825608807968797
2021-12-07,-0.014274185430616797
2021-12-08,1.4197465486434653
2021-12-09,-0.4910000147548619
2021-12-10,-0.31003012029088023
2021-12-13,0.10213460221432966
2021-12-14,-0.8029605293795541
2021-12-15,-0.08418519541152715
2021-12-16,0.7173137625024665
2021-12-17,-1.477964631116942
2021-12-20,-0.9692442457556769
2021-12-21,1.0335104828650403
2021-12-22,0.17625002677006665
2021-12-23,0.9163617583011563
2021-12-27,0.42582848299687076
2021-12-28,-0.04067737668175944
2021-12-29,-0.4119924837767756
2021-12-30,-0.39388265696479097
2022-01-03,1.4862903477606006
2022-01-04,1.4504215023231988
2022-01-05,1.0084820155389502
2022-01-06,-0.024145035601371056
2022-01-07,-0.3213419129005412
2022-01-10,0.7741519280113408
2022-01-11,0.38477439227019883
2022-01-12,-0.291310682145413
2022-01-13,0.7449139716154785
2022-01-14,0.12942785225642256
2022-01-17,-0.15797622311765613
2022-01-18,-0.05266539179554064
2022-01-19,-0.5356372293321064
2022-01-20,-0.5168876795864465
2022-01-21,-0.6414137014504939
2022-01-24,-2.0869465829932756
2022-01-25,0.2962514711254411
2022-01-26,1.0518451060580285
2022-01-27,-0.10010438572174626
2022-01-28,-0.8297721421934797
2022-01-31,0.26763884690262213
2022-02-01,0.6656381559770053
2022-02-02,-0.32258299063692514
2022-02-03,0.026276762556006104
2022-02-04,-2.13823943784666
2022-02-07,0.09156520263677981
2022-02-08,0.01215017182092465
2022-02-09,1.7590768445268312
2022-02-10,-0.30015519384754735
2022-02-11,1.2638286872330249
2022-02-14,-1.384638002352864
2022-02-15,1.1712981566823943
2022-02-16,-0.4566577510083742
2022-02-17,0.9456825175515821
2022-02-18,-0.3072038668836397
2022-02-21,-1.5786438757527412
2022-02-22,-0.7194689222345373
2022-02-23,0.3448158528307605
2022-02-24,-3.582403291344381
2022-02-25,1.6497275061706462
2022-02-28,-0.8087994203261456
2022-03-01,-2.301979239255513
2022-03-02,-1.1388714161830662
2022-03-03,-1.8476028780396623
2022-03-04,-2.7968508232890166
2022-03-07,-1.7210981060907373
2022-03-08,0.34139084008410564
2022-03-09,3.3097707423090967
2022-03-10,-2.707387369935754
2022-03-11,0.26200622526790246
2022-03-14,1.286160721602133
2022-03-15,0.5503620267396554
2022-03-16,1.8894989693160722
2022-03-17,-1.0741994276922997
2022-03-18,-0.4937432873787557
2022-03-21,0.9398788098827792
2022-03-22,0.9691813413470843
2022-03-23,-0.49738625985697626
2022-03-24,0.11301280925167154
2022-03-25,-0.3666777796185467
2022-03-28,0.1986974241837628
2022-03-29,2.5789161099883584
2022-03-30,-1.3966333874894643
2022-03-31,-1.007035408698542
2022-04-01,0.22684662682574877
2022-04-04,0.4940897875575515
2022-04-05,-1.01826428243355
2022-04-06,-1.1705082444612849
2022-04-07,-0.40811650168790564
2022-04-08,0.8133767365722511
2022-04-11,-0.6414691243834059
2022-04-12,0.048190751974478314
2022-04-13,0.0855140772022865
2022-04-14,-0.020512577699931433
2022-04-19,1.0820121261737934
2022-04-20,0.6987741862359208
2022-04-21,-0.014274185430616797
2022-04-22,-0.014274185430616797
2022-04-25,-1.063364892870635
2022-04-26,-0.7558271712147451
2022-04-27,-0.014274185430616797
2022-04-28,0.929191774841651
2022-04-29,0.41725456776016967
2022-05-02,-0.5435980409913636
2022-05-03,1.3962336580979022
2022-05-04,-0.3181447144438358
2022-05-05,-0.882897030189799
2022-05-06,-0.014274185430616797
2022-05-09,-0.2645214925850465
2022-05-10,0.34542360273738915
2022-05-11,2.383963326886517
2022-05-12,-0.4386294219104522
2022-05-13,-0.014274185430616797
2022-05-16,1.149796074064821
2022-05-17,0.5693233308859832
2022-05-18,-0.37818577372375917
2022-05-19,-0.12399297579827571
2022-05-20,-0.25286932163013903
2022-05-23,0.46779660869528955
2022-05-24,-0.2882701143750103
2022-05-25,-0.014274185430616797
2022-05-26,1.4646322176032711
2022-05-27,-0.014274185430616797
2022-05-30,-0.014274185430616797
2022-05-31,0.21012951241190592
2022-06-01,0.9768346171261373
2022-06-02,-0.014274185430616797
2022-06-03,-0.014274185430616797
2022-06-06,0.701511582436645
2022-06-07,-0.580290094545442
2022-06-08,0.5062536745873654
2022-06-09,-0.4945578949636098
2022-06-10,-1.2484462066311741
2022-06-13,-1.5547458497646625
2022-06-14,-0.23409847444956441
2022-06-15,1.1525331153785965
2022-06-16,-1.463468852756984
2022-06-17,0.261985237220964
2022-06-20,0.6664166120754201
2022-06-21,0.5495851945691471
2022-06-22,-0.9172540673907759
2022-06-23,-2.0380393495615663
2022-06-24,0.0110896129766555
2022-06-27,0.4838525598565967
2022-06-28,0.45384890505838427
2022-06-29,-1.247499636874154
2022-06-30,-0.6948049399732646
2022-07-01,0.1793265147146665
2022-07-04,-0.6431043156197559
2022-07-05,-0.8636577514971098
2022-07-06,-0.10071343376163816
2022-07-07,2.2027508179119324
2022-07-08,0.7794380534720797
2022-07-11,-1.4410441261797877
2022-07-12,-0.014274185430616797
2022-07-13,-0.8782654587955447
2022-07-14,-0.1718603751786698
2022-07-15,1.8558512016687785
2022-07-18,0.5389510435845186
2022-07-19,1.2987026255853018
2022-07-20,-0.3804712689472781
2022-07-21,-0.4080209553197465
2022-07-22,0.11528363780266257
2022-07-25,0.5187364969422761
2022-07-26,-1.179901005397776
2022-07-27,0.29688750539869063
2022-07-28,1.1196172049729574
2022-07-29,0.6174456447379135
2022-08-01,0.23012387363648368
2022-08-02,0.6880743921127375
2022-08-03,-2.7328337910871645
2022-08-04,-0.20075031488515088
2022-08-05,0.19700982629511732
2022-08-08,0.900721705041826
2022-08-09,-0.6325816816489886
2022-08-10,0.537076434400686
2022-08-11,-0.18511895515812454
2022-08-12,0.4964333151524633
2022-08-15,-0.27501465939626296
2022-08-16,0.6679048811077211
2022-08-17,-1.2038479526845727
2022-08-18,0.3530556081715949
2022-08-19,-1.30001829176842
2022-08-22,-1.7954295489412173
2022-08-23,0.9516289971666502
2022-08-24,-0.25711528594102595
2022-08-25,0.19668645615423308
2022-08-26,-0.8832895159227746
2022-08-29,0.2384154714509883
2022-08-30,0.1791891198185496
2022-08-31,-0.23359782453933864
2022-09-01,-0.4429182074150457
2022-09-02,1.4630433086632573
2022-09-05,-1.733594825677102
2022-09-06,0.2342509536681883
2022-09-07,0.794202110811882
2022-09-08,-0.7380188111187532
2022-09-09,0.3489765069128015
2022-09-12,1.430384512566168
2022-09-13,-0.5944864031033859
2022-09-14,-0.14771413444592393
2022-09-15,0.004809946261747342
2022-09-16,-0.19909482214843166
2022-09-19,0.8149418971296417
2022-09-20,-0.4112535336246241
2022-09-21,0.0994882585677744
2022-09-22,-0.7009689083685079
2022-09-23,-1.8355719591118063
2022-09-26,0.5019791346305855
2022-09-27,-0.2783215262065233
2022-09-28,-0.1335701969844542
2022-09-29,-1.6686103388319682
2022-09-30,0.5730166309696798
2022-10-03,0.48532280301772074
2022-10-04,1.3885747945426539
2022-10-05,-0.9227291202355755
2022-10-06,0.3168822961559219
2022-10-07,-0.1928103633325249
2022-10-10,0.20384912981979839
2022-10-11,0.21597933501910763
2022-10-12,0.5013755073696596
2022-10-13,0.6753346919367975
2022-10-14,0.4821918171735391
2022-10-17,0.9323461830971118
2022-10-18,0.6575107717378375
2022-10-19,0.010195361832914246
2022-10-20,-0.0938598273738775
2022-10-21,-0.07558149406262563
2022-10-24,0.27929040357190726
2022-10-25,0.1743615040822288
2022-10-26,0.4991219664236397
2022-10-27,0.28516082953291183
2022-10-28,-0.02024840810792468
2022-10-31,-0.038161988240125996
2022-11-01,0.43756349422411406
2022-11-02,-0.03795317704276157
2022-11-03,-2.281586558757216
2022-11-04,1.9918479142492973
2022-11-07,0.7123094684199636
2022-11-08,-0.3318972281249561
2022-11-09,-0.15612641058214968
2022-11-10,1.500317924524127
2022-11-11,0.7760581343168604
2022-11-14,0.42911837145631015
2022-11-15,0.06944881513206128
2022-11-16,-1.5155501484079303
2022-11-17,-0.16415843997778082
2022-11-18,1.0589958350110766
2022-11-21,-0.3257578655877667
2022-11-22,0.2689784740188198
2022-11-23,-0.20103877058316338
2022-11-24,0.12162595600223713
2022-11-25,-0.042552267160011474
2022-11-28,-0.3093822186177831
2022-11-29,0.7256981612467411
2022-11-30,0.8521390864523161
2022-12-01,-0.6625993918448541
2022-12-02,0.052633655407827745
2022-12-05,0.31883813723169496
2022-12-06,-0.3864029058055863
2022-12-07,-0.3668662184518149
2022-12-08,-0.9216889534073701
2022-12-09,0.8819070196115429
2022-12-12,-0.07612195221499675
2022-12-13,-0.25116656304571033
2022-12-14,-0.10482756608018344
2022-12-15,-0.6128571467236925
2022-12-16,-0.11765205361234567
2022-12-19,0.5572116673246855
2022-12-20,-0.16789893258051938
2022-12-21,0.43947438351576074
2022-12-22,-0.49652481942493537
2022-12-23,0.09963687766435532
2022-12-27,0.07098152061709592
2022-12-28,-0.23626126983861526
2022-12-29,0.3098139737588433
2022-12-30,-0.26995009774394646
2023-01-02,1.3447751529315715
2023-01-03,0.0023328967297894204
2023-01-04,1.1069292210935662
2023-01-05,0.56060075436594
2023-01-06,0.2944581556646393
2023-01-09,0.2238827433886454
2023-01-10,0.26994495258157647
2023-01-11,0.6423658227875038
2023-01-12,0.7252236241348508
2023-01-13,-0.774478574385894
2023-01-16,0.03747295241979875
2023-01-17,0.05808297481205449
2023-01-18,-0.299162460447258
2023-01-19,-0.7525361578153591
2023-01-20,-0.040663814998882025
2023-01-23,0.8023047183948212
2023-01-24,0.12046310506992745
2023-01-25,-0.014274185430616797
2023-01-26,0.27464753087022975
2023-01-27,-0.014274185430616797
2023-01-30,-0.463887341891276
2023-01-31,0.8858398644987022
2023-02-01,1.0139113144285004
2023-02-02,1.2258668248605789
2023-02-03,-0.11639346362049298
2023-02-06,-0.26808145311127995
2023-02-07,0.15183236256254518
2023-02-08,0.0685595200345409
2023-02-09,0.8970657493527432
2023-02-10,-0.8283459496070184
2023-02-13,-0.0920682723750405
2023-02-14,0.048945744525202235
2023-02-15,0.6804540995601562
2023-02-16,0.014451083167263328
2023-02-17,0.22922046499415932
2023-02-20,-0.05238542391835618
2023-02-21,-0.4788303527457397
2023-02-22,-0.14439501129105012
2023-02-23,0.5708680101375064
2023-02-24,-1.2016326855435977
2023-02-27,0.45746835817175163
2023-02-28,-0.21310184765165716
2023-03-01,0.7521636058559925
2023-03-02,-0.009489454873211905
2023-03-03,0.9933719054943408
2023-03-06,-0.023643240400635316
2023-03-07,-0.2301302533168354
2023-03-08,-0.03308578869874122
2023-03-09,-0.6919026213679317
2023-03-10,-0.5904615335019343
2023-03-13,-1.8311550883153507
2023-03-14,0.46513796458066964
2023-03-15,-0.46859390810222323
2023-03-16,0.524437491293664
2023-03-17,-0.47279482882907065
2023-03-20,0.3648218058959174
2023-03-21,0.8375522879429429
2023-03-22,0.4035604419067158
2023-03-23,0.28949453195531444
2023-03-24,-0.5313561008400912
2023-03-27,0.416217258275831
2023-03-28,0.053091555774153275
2023-03-29,0.0529917054119053
2023-03-30,0.8186512392175862
2023-03-31,0.10823369003865173
2023-04-03,-0.10848900603471341
2023-04-04,0.2678028380036069
2023-04-05,-1.0808083030933324
2023-04-06,-0.24011133133982757
2023-04-11,1.0808244144819787
2023-04-12,0.8069927316422159
2023-04-13,-0.18111105121997445
2023-04-14,0.6129397276333158
2023-04-17,-0.2347048799233238
2023-04-18,0.39818830306221753
2023-04-19,-0.16051103450040763
2023-04-20,-1.7672306586441047
2023-04-21,0.2603825322490617
2023-04-24,0.2494154389434464
2023-04-25,0.11702589913752204
2023-04-26,-0.22076802767668519
2023-04-27,-0.1838867702562275
2023-04-28,0.36183224164106703
2023-05-02,-0.4187061631014953
2023-05-03,0.1930756723904384
2023-05-04,1.275269130323469
2023-05-05,1.6671331359045078
2023-05-08,0.5914101934924085
2023-05-09,-0.10158002472712716
2023-05-10,-0.014274185430616797
2023-05-11,-0.15428759907291492
2023-05-12,-0.2478395755977589
2023-05-15,0.3047997363044608
2023-05-16,-0.25695808675740506
2023-05-17,0.256877038045641
2023-05-18,1.092206552915663
2023-05-19,0.39180609523380144
2023-05-22,0.28802494098899817
2023-05-23,0.1861924472059151
2023-05-24,-0.8767996134159964
2023-05-25,0.06899004891566003
2023-05-26,0.7558900416671692
2023-05-29,-0.041563886970785946
2023-05-30,-0.1144785594477787
2023-05-31,-1.0560799457131798
2023-06-01,0.7164625544159474
2023-06-02,1.191114250874126
2023-06-05,0.11084893247003591
2023-06-06,0.1016142052977027
2023-06-07,0.06578947680265534
2023-06-08,0.4633132166801713
2023-06-09,0.0384950539859214
2023-06-12,0.8825815536235274
2023-06-13,0.8066547712635402
2023-06-14,0.3404690673762107
2023-06-15,-0.1744229721793239
2023-06-16,-0.3532072891552248
2023-06-19,-0.31284072310647215
2023-06-20,-0.22869082215631714
2023-06-21,-0.27285459734586587
2023-06-22,-0.36996371372985337
2023-06-23,-0.22372644531484162
2023-06-26,0.2560930509187434
2023-06-27,-0.5301722830885556
2023-06-28,0.7791034659199085
2023-06-29,0.4845736975785218
2023-06-30,0.614669619743172
2023-07-03,-0.14956170091002063
2023-07-04,-0.17542019232296563
2023-07-05,0.23147346550307657
2023-07-06,-1.902346645378039
2023-07-07,-0.4028359766118582
2023-07-10,0.13623240627288277
2023-07-11,-0.4583022868552504
2023-07-12,0.3943832562778159
2023-07-13,-0.19151984134999428
2023-07-14,-0.12093838728258562
2023-07-17,0.003522354654700156
2023-07-18,0.11896693216078692
2023-07-19,0.03005785771560957
2023-07-20,0.1979425738942251
2023-07-21,-0.05840475134981937
2023-07-24,0.43397901672543476
2023-07-25,-0.09307248814205907
2023-07-26,-0.5695416169049277
2023-07-27,1.210961136585812
2023-07-28,0.5525583213655101
2023-07-31,-0.19389685267586698
2023-08-01,-2.6482993210872894
2023-08-02,0.1575234483737898
2023-08-03,-1.0544936774995588
2023-08-04,0.49043017408594536
2023-08-07,-0.16970545531227493
2023-08-08,-0.8830009094344982
2023-08-09,-0.24802025405477454
2023-08-10,0.23812038135677321
2023-08-11,-0.913091088833716
2023-08-14,0.03795792759488106
2023-08-15,-0.4385027808906523
2023-08-16,0.24833668900705755
2023-08-17,-0.3295859987025923
2023-08-18,-0.4234574205096251
2023-08-21,0.4619665133780856
2023-08-22,0.20540030630166706
2023-08-23,-0.6232461332030662
2023-08-24,-0.8173027868799009
2023-08-25,-0.14697427076275532
2023-08-28,0.029998979516573012
2023-08-29,0.4651965860439452
2023-08-30,-0.17030063452961808
2023-08-31,-0.058255122026452576
2023-09-01,-1.4888054418778351
2023-09-04,0.12671149214545918
2023-09-05,1.0053726884940704
2023-09-06,-0.12758526173380977
2023-09-07,-0.6448942533091856
2023-09-08,0.27973243615925825
2023-09-11,0.43565033716127
2023-09-12,0.029994013568935902
2023-09-13,0.3383898584863423
2023-09-14,-0.7123354955038153
2023-09-15,0.7666757717513435
2023-09-18,-0.37123283590421163
2023-09-19,0.41570256209573453
2023-09-20,1.2243352186343617
2023-09-21,-0.38534332771600394
2023-09-22,-0.10510477806169952
2023-09-25,-0.9810640387699807
2023-09-26,-0.6484520520870705
2023-09-27,0.3800071178903359
2023-09-28,0.16698923677053604
2023-09-29,-0.3922691744174108
2023-10-02,-0.11788714295233071
2023-10-03,-0.4459464319346304
2023-10-04,0.03553989593032649
2023-10-05,-0.5702036579490468
2023-10-06,0.6957605063027751
2023-10-09,-0.5432946094308333
2023-10-10,1.4046731713473466
2023-10-11,0.4606958015327978
2023-10-12,-0.04321562461545532
2023-10-13,-0.3435403818015535
2023-10-16,0.41139909202237385
2023-10-17,-0.19761979024600287
2023-10-18,-0.1837744927473816
2023-10-19,-1.2927306317179297
2023-10-20,-0.8945653385515602
2023-10-23,-0.14137056174750412
2023-10-24,-0.4232856341262357
2023-10-25,-0.5980749978416173
2023-10-26,-1.4657430378813943
2023-10-27,-0.08937010237780282
2023-10-30,-0.4348292550965991
2023-10-31,-0.057625725563028
2023-11-01,0.7226206554176222
2023-11-02,1.0883123945142605
2023-11-03,0.9459048678030963
2023-11-06,-0.0756341584674288
2023-11-07,-0.7985064664345095
2023-11-08,0.3897791823497554
2023-11-09,0.04758293101822529
2023-11-10,-0.5478608276473282
2023-11-13,0.46260840666138475
2023-11-14,1.0415314265181208
2023-11-15,0.9247052523947652
2023-11-16,-1.0138181499323304
2023-11-17,0.5630268443837511
2023-11-20,0.2544056922062773
2023-11-21,-1.1134634641388306
2023-11-22,0.33479669606459095
2023-11-23,-0.06975176578405803
2023-11-24,-0.054659115315426846
2023-11-27,-0.32845740891266284
2023-11-28,-0.15174356689622648
2023-11-29,1.4468073397435823
2023-11-30,-0.25220577780114944
2023-12-01,0.28295771710347606
2023-12-04,-0.029090215055467914
2023-12-05,0.7209820587248089
2023-12-06,0.800701759621917
2023-12-07,-0.37422673333224143
2023-12-08,1.0904632983350495
2023-12-11,0.16425195972468987
2023-12-12,-0.18338831738892253
2023-12-13,-0.6061875815763053
2023-12-14,1.324684748971815
2023-12-15,0.22599902889198012
2023-12-18,-0.9639595080082864
2023-12-19,-0.08015327237949726
2023-12-20,-0.2313692119598449
2023-12-21,-0.42760144768814057
2023-12-22,0.5030052800526619
2023-12-27,-0.1276871445624513
2023-12-28,0.004645442483133813
2023-12-29,0.14625522648241027
2024-01-02,0.45474003332946344
2024-01-03,-1.0856927575061939
2024-01-04,0.6917074227558958
2024-01-05,-0.17444529449041468
2024-01-08,0.23986685144343337
2024-01-09,-0.1929730648751583
2024-01-10,-0.4497251975905643
2024-01-11,-0.7039616024963937
2024-01-12,-0.7974349017174576
2024-01-15,-0.6711152509597855
2024-01-16,0.10493412206484805
2024-01-17,-1.5159902018709535
2024-01-18,0.1288616828671528
2024-01-19,-0.40379628001535717
2024-01-22,0.502689619063645
2024-01-23,0.11282219088627529
2024-01-24,-0.019346833944387576
2024-01-25,0.0567585863380276
2024-01-26,0.5301570632634061
2024-01-29,0.055849119813996095
2024-01-30,0.03074925974754221
2024-01-31,0.8675161123352177
2024-02-01,0.10827527219759744
2024-02-02,0.4485415347277995
2024-02-05,-0.7028236210511137
2024-02-06,0.4702177902214099
2024-02-07,0.7488585498347213
2024-02-08,1.3180273071651125
2024-02-09,0.004360004408858349
2024-02-12,0.05087804548379091
2024-02-13,-0.6038985671710139
2024-02-14,0.11738873874289127
2024-02-15,0.666396569510271
2024-02-16,0.6659029483725777
2024-02-19,-0.6019634005838191
2024-02-20,-0.47852515348486463
2024-02-21,1.1288441635450912
2024-02-22,0.3396396119570335
2024-02-23,0.7213623685048476
2024-02-26,0.32280954214770563
2024-02-27,0.07403175722962492
2024-02-28,0.6341652920492304
2024-02-29,0.011829569375167914
2024-03-01,0.2373080542775389
2024-03-04,0.04625268957044053
2024-03-05,-0.2655352122418889
2024-03-06,-0.7408443101557771
2024-03-07,-0.3417771175133584
2024-03-08,0.06559501682995196
2024-03-11,-0.12968986619764195
2024-03-12,1.2574233390155154
2024-03-13,-0.5713811393047781
2024-03-14,-1.4814480681914204
2024-03-15,0.20197178481346115
2024-03-18,0.12038085841784861
2024-03-19,0.49395648718164037
2024-03-20,-0.35249100150835366
2024-03-21,-0.716144573294063
2024-03-22,-0.32349690497712286
2024-03-25,0.9431958441254618
2024-03-26,0.12858765773565597
2024-03-27,-0.19291968004349608
2024-03-28,0.34234746393808396
2024-04-02,-0.15214714576083113
2024-04-03,2.247092326186919
2024-04-04,1.180928777936236
2024-04-05,-0.9342246646637954
2024-04-08,0.9263805164002911
2024-04-09,-0.3883058961798537
2024-04-10,-1.0050230416500594
2024-04-11,0.15583085566421248
2024-04-12,-1.0441560970192885
2024-04-15,0.07240421986070951
2024-04-16,-1.4428322373644094
2024-04-17,-0.23791763530170024
2024-04-18,0.4319609114709104
2024-04-19,-0.5053646035908372
2024-04-22,-0.014274185430616797
2024-04-23,0.2542245856991551
2024-04-24,0.030328428489244608
2024-04-25,-0.6877473227033282
2024-04-26,0.5922812219930057
2024-04-29,0.16396909391351377
2024-04-30,-1.9895412997126192
2024-05-02,-0.24666688556154506
2024-05-03,0.2412977495611186
2024-05-06,0.23993399060442522
2024-05-07,0.5128901567170314
2024-05-08,-1.4254305192234018
2024-05-09,0.21995597510165577
2024-05-10,-0.03764729141020843
2024-05-13,0.6127385745585695
2024-05-14,0.35342408920776686
2024-05-15,-0.405046411219068
2024-05-16,-0.23045970206907607
2024-05-17,-0.23144808964182256
2024-05-20,-0.5215682894206016
2024-05-21,-0.10436272994464744
2024-05-22,-0.8328532424780036
2024-05-23,-0.25954879299819794
2024-05-24,0.0471622723111184
2024-05-27,0.4237178724279366
2024-05-28,0.03639789472474414
2024-05-29,-1.027708985937598
2024-05-30,0.3875439993857409
2024-05-31,0.28232276648472077
2024-06-03,0.026491494017518723
2024-06-04,-0.6397751833100024
2024-06-05,-0.33533809781051505
2024-06-06,0.027275963981262773
2024-06-07,-0.1806891064116167
2024-06-10,0.04819922851306776
2024-06-11,-0.10801724091912016
2024-06-12,-0.46472664095287797
2024-06-13,-1.0786617961166525
2024-06-14,-0.751921478486809
2024-06-17,0.6263978950078304
2024-06-18,-0.2846907761957528
2024-06-19,0.5035750578995896
2024-06-20,-0.10019273687839103
2024-06-21,-0.6200820223197174
2024-06-24,1.2639649557801664
2024-06-25,0.3026132536887706
2024-06-26,-1.2298658861492724
2024-06-27,0.061268512685065016
2024-06-28,0.13645607373128218
2024-07-01,0.39245976452671216
2024-07-02,-0.6148927986334523
2024-07-03,0.21184922865541728
2024-07-04,-0.16489768545146694
2024-07-05,-0.26278048322692366
2024-07-08,-0.32946583916022987
2024-07-09,0.300917468299001
2024-07-10,0.9508042961124721
2024-07-11,0.7752426510288805
2024-07-12,0.5977175894027827
2024-07-15,-1.2462496788483028
2024-07-16,-0.5140147060045896
2024-07-17,0.4219585747954382
2024-07-18,0.835960810688951
2024-07-19,-0.9811496754953385
2024-07-22,0.7440792414979305
2024-07-23,-0.486827067968964
2024-07-24,-0.5022357799184616
2024-07-25,-0.49652884400951824
2024-07-26,-0.3602137060815866
2024-07-29,-0.5489221037727381
2024-07-30,0.08437937964614042
2024-07-31,-0.531736758912159
2024-08-01,-1.4870503936967296
2024-08-02,-0.6696356273777677
2024-08-05,-1.3289542776130352
2024-08-06,-0.1811973838301631
2024-08-07,0.4965674182174687
2024-08-08,-0.3581925906791512
2024-08-09,-0.08573951592285046
2024-08-12,-0.44534372137071837
2024-08-13,0.18977251501518483
2024-08-14,0.4149607231375448
2024-08-15,0.8327319986985241
2024-08-16,0.1370566039369811
2024-08-19,0.5518480706741259
2024-08-20,-0.04874301868817274
2024-08-21,0.5001229220656339
2024-08-22,-0.2079460276057552
2024-08-23,0.688288472605918
2024-08-26,0.17656447696626498
2024-08-27,-0.02547773056444641
2024-08-28,-0.7141699408323742
2024-08-29,0.16733542224761175
2024-08-30,-0.03693972963408311
2024-09-02,-0.40120645140448574
2024-09-03,-0.9256856725153225
2024-09-04,-0.6120807266947583
2024-09-05,-0.15603189966887882
2024-09-06,-1.2730705264536635
2024-09-09,-0.3556574787149196
2024-09-10,-5.632097377323552
2024-09-11,1.4102650369841805
2024-09-12,0.17247734259455397
2024-09-13,1.2728240121871373
2024-09-16,-0.5354174278197071
2024-09-17,0.24701473930839316
2024-09-18,1.0167264458577407
2024-09-19,1.0073065669939891
2024-09-20,-1.6001323123644
2024-09-23,1.132852011377697
2024-09-24,1.6439326205625235
2024-09-25,-1.5341542177525063
2024-09-26,1.7603087428890747
2024-09-27,1.5327517176888381
2024-09-30,-1.175796488424213
2024-10-01,-0.8861063332739042
2024-10-02,-0.08765310650906177
2024-10-03,-0.7543860773506974
2024-10-04,0.8114346161450623
2024-10-07,0.03457127397928455
2024-10-08,-0.9883827280189055
2024-10-09,0.5676619896543457
2024-10-10,-0.3601006343885221
2024-10-11,-0.5503148749959728
2024-10-14,0.2731984357484874
2024-10-15,-0.6162058818683579
2024-10-16,-0.3562421409108387
2024-10-17,-0.0015607326032446417
2024-10-18,0.20126431938119896
2024-10-21,-0.15362885167757284
2024-10-22,0.20092477105201897
2024-10-23,0.19994918297752576
2024-10-24,0.5606057193134892
2024-10-25,-0.313344661004512
2024-10-28,-0.315234492279857
2024-10-29,-0.7879106970093198
2024-10-30,-0.5672955471943223
2024-10-31,-0.7442789896395607
2024-11-01,-0.014274185430616797
2024-11-04,0.23465990521853264
2024-11-05,-0.06656973864334544
2024-11-06,-3.248579954700804
2024-11-07,1.3522782149249415
2024-11-08,-1.5632237334702597
2024-11-11,0.168122962253458
2024-11-12,-0.4503900657493002
2024-11-13,-0.9131162725390779
2024-11-14,1.180437883428283
2024-11-15,0.18195546303693658
2024-11-18,0.5419584859303835
2024-11-19,0.22016194778404283
2024-11-20,-0.4010290717974713
2024-11-21,-0.4041982529845671
2024-11-22,-0.11226160625980039
2024-11-25,1.0251875193469813
2024-11-26,-0.5796887123365094
2024-11-27,-0.06979985026619843
2024-11-28,-0.014274185430616797
2024-11-29,1.097638295846193
2024-12-02,1.2310806889934547
2024-12-03,-0.06716665452286538
2024-12-04,1.0585152712423616
2024-12-05,1.1106755025439972
2024-12-06,1.2571631254152134
2024-12-09,1.176059002996243
2024-12-10,-0.014274185430616797
2024-12-11,-0.448077611523419
2024-12-12,0.8850617329321212
2024-12-13,0.09251118950173791
2024-12-16,-1.5437989374418375
2024-12-17,0.43644278323452285
2024-12-18,-0.23300829065471734
2024-12-19,-0.45478745207675436
2024-12-20,0.16976808377425276
2024-12-23,-0.40776137382199784
2024-12-27,0.8422888066665818
2024-12-30,0.37221930838326334
2025-01-02,-0.5465124532695235
2025-01-03,-1.047228973031255
2025-01-06,2.041551109846916
2025-01-07,-0.5771372467906506
2025-01-08,-1.296359507383888
2025-01-09,-0.7878946345707348
2025-01-10,0.523601585383721
2025-01-13,-0.11388065352636971
2025-01-14,-0.16408415007819457
2025-01-15,0.6438395772374491
2025-01-16,-0.5101163728556932
2025-01-17,0.5185503295272881
2025-01-20,1.298211620662056
2025-01-21,-0.014274185430616797
2025-01-22,-0.641688811055744
2025-01-23,-0.5271490819968562
2025-01-24,-0.014274185430616797
2025-01-27,2.18098917527458
2025-01-28,-1.3457352803005702
2025-01-29,0.28617746486602796
2025-01-30,0.33188642239941624
2025-01-31,-0.7816060980906776
2025-02-03,-1.1642506235877321
2025-02-04,0.25737691486125
2025-02-05,-0.5342334767830287
2025-02-06,0.7880315494079456
2025-02-07,-0.7792538437122589
2025-02-10,-0.014274185430616797
2025-02-11,-0.11388065352636971
2025-02-12,-0.001812574835209888
2025-02-13,2.7803854596684348
2025-02-14,1.2036292368559456
2025-02-17,0.6227289686836857
2025-02-18,0.1211241141637224
2025-02-19,-1.1084094884541942
2025-02-20,0.04333801136704227
2025-02-21,0.0317662399875376
2025-02-24,0.4436830987719804
2025-02-25,1.278289226241087
2025-02-26,0.6682654992255053
2025-02-27,-1.852839331070003
2025-02-28,0.14451349872775826
2025-03-03,0.5597356600509629
2025-03-04,-2.8968350283689692
2025-03-05,1.98755680681734
2025-03-06,2.0050033592070613
2025-03-07,-1.8856194090178686
2025-03-10,1.1306672715375181
2025-03-11,-0.7632281964820391
2025-03-12,-0.03681605039942055
2025-03-13,-1.132008671791194
2025-03-14,-0.14139016711226265
2025-03-17,-0.014274185430616797
2025-03-18,1.4442730214275097
2025-03-19,-1.0810078371177827
2025-03-20,-1.720118290533882
2025-03-21,-0.43247425966147124
2025-03-24,-0.014274185430616797
2025-03-25,1.0302750231402247
2025-03-26,-0.9868757465867377
2025-03-27,-1.2402631705013898
2025-03-28,-0.8328577984554619
2025-03-31,-1.4494019182436317
2025-04-01,0.2557337204860492
2025-04-02,-0.24561396021791604
2025-04-03,-1.73272692351924
2025-04-04,-2.145237684734391
2025-04-07,-0.6613268869696178
2025-04-08,-1.0161540740394732
2025-04-09,-1.6027075402148578
2025-04-10,1.152822976506014
2025-04-11,0.8963289391458464
2025-04-14,1.6042177863494576
2025-04-15,0.9987602194457573
2025-04-16,0.22890897951163008
2025-04-17,-0.17625426236773659
2025-04-22,1.0024106660586585
2025-04-23,1.200932468453052
2025-04-24,0.7281551254160284
2025-04-25,0.9413191988875438
2025-04-28,-0.0018339041816037597
2025-04-29,0.0975968868393822
2025-04-30,-1.412771744785754
2025-05-02,0.3170116802167602
2025-05-05,0.11253115605643094
2025-05-06,-0.11568830217800978
2025-05-07,0.7661061051773629
2025-05-08,1.3030745761109475
2025-05-09,0.8520417625301919
2025-05-12,1.070171557130859
2025-05-13,1.3979672507220988
2025-05-14,-0.014274185430616797
2025-05-15,-1.2829941727054106
2025-05-16,-0.4201173256441063
2025-05-19,0.37931893797972843
2025-05-20,1.0396125233446794
2025-05-21,-0.18229781048855154
2025-05-22,-0.5340782384590789
2025-05-23,-1.810271447825246
2025-05-26,0.9479107062767663
2025-05-27,-0.23746153946359402
2025-05-28,1.9933862829720141
2025-05-29,-0.7708529640520838
2025-05-30,-0.24483815582083587
2025-06-02,-1.184171366638869
2025-06-03,0.862781878546608
2025-06-04,-0.24739899717542155
2025-06-05,-0.014274185430616797
2025-06-06,-0.35991952589654325
2025-06-09,-0.014274185430616797
2025-06-10,0.6989362333391087
2025-06-11,-0.4433768009399414
2025-06-12,-0.2488484818409385
2025-06-13,-0.9264711756527124
2025-06-16,-0.8030198533457085
2025-06-17,-0.4136083919628764
2025-06-18,-0.599998274224918
2025-06-19,-0.7002295541178337
2025-06-20,0.3167483548385464
2025-06-23,0.13064892243457465
2025-06-24,0.6000081985835527
2025-06-25,-0.17036182508272846
2025-06-26,0.01177606496997757
2025-06-27,2.4469686856844066
2025-06-30,-0.8751250581364837
2025-07-01,-0.11509749480790603
2025-07-02,2.312344046861891
2025-07-03,-0.4608713340652568
2025-07-04,-0.3184213669467335
2025-07-07,0.11979130060702349
2025-07-08,1.0448375549169204
2025-07-09,1.2656620666646814
2025-07-10,1.915564864644464
2025-07-11,0.0857409637164516
2025-07-14,-1.205810861717271
2025-07-15,0.8877514560054873
2025-07-16,-0.014274185430616797
2025-07-17,-0.7005139674426862
2025-07-18,-0.19592449852813876
2025-07-21,-0.014274185430616797
2025-07-22,-0.17378949839271488
2025-07-23,-0.014274185430616797
2025-07-24,1.876419804843684
2025-07-25,1.2839552391226516
2025-07-28,-1.5985281514380818
2025-07-29,0.018819266968999587
2025-07-30,-0.9496372988485874
2025-07-31,-0.352850282666957
2025-08-01,-1.033143098716582
2025-08-04,0.26263818147435464
2025-08-05,0.6483339697205676
2025-08-06,0.5496159063003242
2025-08-07,0.8852574253092206
2025-08-08,0.5760872886969859
2025-08-11,-0.48377983927030105
2025-08-12,0.48781380108539196
2025-08-13,0.6220372287774153
2025-08-14,-0.014274185430616797
2025-08-15,0.7614080590311861
2025-08-18,-0.44837115930423643
2025-08-19,1.0896060484007741
2025-08-20,-0.3375190293945569
2025-08-21,-0.21348888965050836
2025-08-22,0.5081853627532149
2025-08-25,-0.26433549199726114
2025-08-26,-0.25515955744322405
2025-08-27,-0.5421918276807347
2025-08-28,0.3558816892742633
2025-08-29,-0.39505075741289447
2025-09-01,0.54525578728732
2025-09-02,-1.032657056981452
2025-09-03,-0.1861477252112807
2025-09-04,0.15759935435004235
2025-09-05,-0.10013117080156728
2025-09-08,-0.29439526095916274
2025-09-09,-2.034040113742623
2025-09-10,-0.13846198166892965
2025-09-11,0.1549889165391585
2025-09-12,-0.30805061083893703
2025-09-15,-0.16184871772484133
2025-09-16,-0.26505989075757974
2025-09-17,-0.09434869788469616
2025-09-18,0.23693351519530925
2025-09-19,-0.10546761758349929
2025-09-22,-0.014274185430616797
2025-09-23,0.19067080793093497
2025-09-24,0.6625563696589668
2025-09-25,-0.014274185430616797
2025-09-26,0.4981760537710869
2025-09-29,-0.11410250399633953
2025-09-30,-0.014274185430616797
2025-10-01,0.11878648799442659
2025-10-02,0.7218558675804878
2025-10-03,-0.40838993925009626
2025-10-06,1.5322988723454738
2025-10-07,-0.981750009724461
2025-10-08,-4.106002066610977
2025-10-09,0.00939428939174044
2025-10-10,-1.1032850877844187
2025-10-13,0.38353081578083426
2025-10-14,-0.33950528574094735
2025-10-15,0.15464108297145276
2025-10-16,0.4054091863186993
2025-10-17,0.36621542711477106
2025-10-20,0.539103796578635
2025-10-21,0.14932220454641051
2025-10-22,-0.5775396228027896
2025-10-23,-0.07333728066949427
2025-10-24,0.4444579572034062
2025-10-27,0.1959575540824659
2025-10-28,-0.17770976453414183
2025-10-29,0.4859307095502157
2025-10-30,-0.4326910005752887
2025-10-31,-0.40108483316536275
2025-11-03,0.46583898197390594
2025-11-04,-0.742190178599489
2025-11-05,3.132673688253505
2025-11-06,-0.8520655776602367
2025-11-07,-0.014274185430616797
2025-11-10,1.4395690913384076
2025-11-11,0.20382410442782378
2025-11-12,0.9229665991780464
2025-11-13,-0.014274185430616797
2025-11-14,-0.18525839063136662
2025-11-17,-0.954928380022547
2025-11-18,-1.3093961503942566
2025-11-19,0.28774630486143865
2025-11-20,-0.45114963927372975
2025-11-21,0.3556532519825908
2025-11-24,1.0676105757729872
2025-11-25,0.31204783120686497
2025-11-26,-0.14453327776596675
2025-11-27,0.2566994043247227
2025-11-28,0.06132190687555237
2025-12-01,0.7032672835970082
2025-12-02,0.08129187293055955
2025-12-03,-0.21624893105353932
2025-12-04,2.069918069361868
2025-12-05,1.629055706349677
2025-12-08,0.31941585946260187
2025-12-09,0.12244850378491627
2025-12-10,-0.8802858731891055
2025-12-11,-0.09379314706091645
2025-12-12,0.30299852584147086
2025-12-15,-0.014274185430616797
2025-12-16,-0.9523589615209296
2025-12-17,-0.014274185430616797
2025-12-18,-0.014274185430616797
2025-12-19,-0.3378964430009446
2025-12-22,-0.40146286893947003
2025-12-23,-0.11669081929820284
2025-12-29,0.43472191503258184
2025-12-30,-0.2178387713316255
2026-01-02,1.5804593440027426
2026-01-05,-1.3648339120497222
2026-01-06,-0.30947476015421854
2026-01-07,-0.0040660027562167324
2026-01-08,-0.24965834083500962
2026-01-09,-0.3127366800524812
2026-01-12,-0.8159595833659478
2026-01-13,-1.0867833319176616
2026-01-14,1.2573138364446657
2026-01-15,-0.42381739331507634
2026-01-16,-0.7369069741897949
2026-01-19,-1.6704594962735386
2026-01-20,0.20697317733215156
2026-01-21,0.34854240910021933
2026-01-22,0.6275749901141663
2026-01-23,-0.1766332949568115
2026-01-26,-0.09023293030948282
2026-01-27,-0.38495614534185846
2026-01-28,0.09504880102058146
2026-01-29,0.051201536543717674
2026-01-30,0.14901513738493857
2026-02-02,0.2998414478398418
2026-02-03,-0.2089975767513691
2026-02-04,1.7937044685382868
2026-02-05,-1.1228161532892806
2026-02-06,-0.2820702548867884
2026-02-09,-0.12181923802164064
2026-02-10,0.5423077615206399
2026-02-11,0.08139880441300378
2026-02-12,-0.9472828681764344
2026-02-13,0.6204519784460808
2026-02-16,0.294629030715896
2026-02-17,0.5556214526405164
2026-02-18,0.6317345996771461
2026-02-19,-0.9127252988556073
2026-02-20,0.11211467605699299
2026-02-23,-1.4125795504959804
2026-02-24,0.40633825000634327
2026-02-25,-0.2079390474430616
2026-02-26,0.3722650882068648
2026-02-27,0.31608146405383647
2026-03-02,-2.4435187948093766
2026-03-03,-1.4208237797276748
2026-03-04,0.0547536261764392
2026-03-05,-0.7207597237429004
2026-03-06,-0.9689306312030765
2026-03-09,-0.6374118533766368
2026-03-10,0.9646810274186397
2026-03-11,0.23322123410053275
2026-03-12,0.488516420969122
2026-03-13,-0.23577974368953183
2026-03-16,-1.3294034356130915
2026-03-17,0.15361760324476026
2026-03-18,-0.2182233952269589
2026-03-19,-1.6532647006121037
2026-03-20,-0.3765457556563894
2026-03-23,1.2723009909468463
2026-03-24,-0.014274185430616797
2026-03-25,0.6161798049348439
2026-03-26,-0.43769396547103634
2026-03-27,-0.2579357803830913
2026-03-30,0.156418685234452
2026-03-31,-0.050798301183896145
2026-04-01,0.6028713533148188
2026-04-02,0.11779209012707977
2026-04-07,-0.6175531041968483
2026-04-08,2.458043587038263
2026-04-09,-0.03733371541747427
2026-04-10,0.8202101671061194
2026-04-13,0.008383879075154095
2026-04-14,-0.8022715679759098
2026-04-15,-0.16421364016078904
2026-04-16,-0.7359471172532492
2026-04-17,1.8374918597412226
2026-04-20,-0.4221131824202843
2026-04-21,-0.02565125300581201
2026-04-22,-0.9335428032489147
2026-04-23,-0.4806625246835453
2026-04-24,-1.044771467783252
2026-04-27,-0.03822454877367011
2026-04-28,0.021651399307781066
2026-04-29,-1.1040864789443157
2026-04-30,0.20569771126315328
2026-05-04,-1.1869075394446105
