Date,Log_returns
1996-12-17,-0.0223510217466373
1996-12-18,0.014396262776845500
1996-12-19,0.0002934192372911000
1996-12-20,0.019498163336528900
1996-12-23,0.0019061869653474
1996-12-24,0.0
1996-12-25,0.0
1996-12-26,0.0
1996-12-27,0.026966503502633
1996-12-30,0.0392532538601408
1996-12-31,0.0
1997-01-01,0.0
1997-01-02,-0.0545426186559737
1997-01-03,0.0361560573440743
1997-01-06,-0.0026353125232191000
1997-01-07,-0.020968380231826800
1997-01-08,0.047864236635505
1997-01-09,0.0248704273207085
1997-01-10,-0.0202735943908337
1997-01-13,0.0384156871256808
1997-01-14,0.048359130752293100
1997-01-15,-0.018036511943347900
1997-01-16,-0.012144526045888200
1997-01-17,0.008342117370003200
1997-01-20,-0.01088931738589
1997-01-21,0.0086869250456292
1997-01-22,0.0108562225633376
1997-01-23,0.0003800814639389000
1997-01-24,-0.0767305694683241
1997-01-27,0.0168896118280157
1997-01-28,0.0258132229497388
1997-01-29,-0.010374724099400100
1997-01-30,0.012027663111129300
1997-01-31,0.013240759714512800
1997-02-03,0.0376658891283331
1997-02-04,0.0031859080823818000
1997-02-05,0.0760477804859723
1997-02-06,0.0
1997-02-07,0.0509092288433673
1997-02-10,0.027677636401224700
1997-02-11,0.037399068493568600
1997-02-12,0.0
1997-02-13,0.07486317044671230
1997-02-14,-0.022982434149877
1997-02-17,0.0323450101561298
1997-02-18,-0.018242289252354200
1997-02-19,-0.0082439305487962
1997-02-20,-0.0270707577129442
1997-02-21,-0.008921516885995700
1997-02-24,-0.0291547162867627
1997-02-25,0.0413345867761176
1997-02-26,0.0071126158124943
1997-02-27,0.014953509111990700
1997-02-28,-0.005890496401936900
1997-03-03,-0.0219232293733728
1997-03-04,0.0863925923976806
1997-03-05,0.0195831313781522
1997-03-06,0.014897826959071200
1997-03-07,0.0497687912062368
1997-03-10,0.0178298687700679
1997-03-11,-5.54998455447017E-05
1997-03-12,-0.032837203496752000
1997-03-13,0.007354415854249400
1997-03-14,0.0130899521197595
1997-03-17,-0.076739230066573
1997-03-18,-0.07413482840441150
1997-03-19,0.015200396054970700
1997-03-20,-0.0703162038079324
1997-03-21,0.0276838581812957
1997-03-24,0.0274583884234643
1997-03-25,0.0879412319083161
1997-03-26,0.10407121185459600
1997-03-27,-0.0086523243163166
1997-03-28,0.0
1997-03-31,0.0
1997-04-01,-0.11265235538146200
1997-04-02,-0.063306905904138
1997-04-03,-0.008197305978428400
1997-04-04,0.0204217854948766
1997-04-07,0.1192954390353680
1997-04-08,0.016741901286216800
1997-04-09,0.07656978643682740
1997-04-10,-0.0067463028570426000
1997-04-11,-0.051470257052086900
1997-04-14,-0.0160441746970022
1997-04-15,0.054487687075086200
1997-04-16,0.0
1997-04-17,0.005471633835748100
1997-04-18,0.0071029987080487
1997-04-21,-0.014990681048774600
1997-04-22,0.0191111147663917
1997-04-23,-0.021243809875627300
1997-04-24,0.0346866694313545
1997-04-25,-0.0454585190875839
1997-04-28,0.0281521481243545
1997-04-29,0.0565119972003233
1997-04-30,-0.014098461611325300
1997-05-01,0.0
1997-05-02,0.0499237700560828
1997-05-05,0.0837133998280962
1997-05-06,-0.0235737540189849
1997-05-07,-0.0317154718709671
1997-05-08,0.0
1997-05-09,0.0159082244257156
1997-05-12,-0.0081548427084089
1997-05-13,-0.026607528569203
1997-05-14,0.005418628655420400
1997-05-15,-0.0626082680652169
1997-05-16,-0.009686699059132900
1997-05-19,0.0
1997-05-20,-0.0585179028949323
1997-05-21,0.0501365512201505
1997-05-22,-0.0130687755009445
1997-05-23,0.0794254208777858
1997-05-26,0.0596089441612289
1997-05-27,0.0036820088835701
1997-05-28,-0.0688470441770897
1997-05-29,0.00938708824983
1997-05-30,-0.061837685289107900
1997-06-02,0.0286848039135098
1997-06-03,0.0376713040146194
1997-06-04,0.0007313860523452000
1997-06-05,0.0198564714881569
1997-06-06,-0.0046000429495698
1997-06-09,-0.032819644212471
1997-06-10,-0.034625462357751
1997-06-11,-0.0083432443530304
1997-06-12,0.0449944181390452
1997-06-13,0.019587495572879
1997-06-16,-0.010511217900409300
1997-06-17,-0.0201426462517907
1997-06-18,0.0458429489001344
1997-06-19,0.0293464931963387
1997-06-20,-0.0085798148079278
1997-06-23,-0.011565274894251300
1997-06-24,0.0334698788634423
1997-06-25,0.011505497621033900
1997-06-26,-0.011019805137876200
1997-06-27,-0.003992606570288800
1997-06-30,-0.0313592694636756
1997-07-01,0.060982590461157500
1997-07-02,0.0540509661418107
1997-07-03,0.0567574565054096
1997-07-04,-0.0265549672440852
1997-07-07,0.0210546816513829
1997-07-08,0.029036488348310800
1997-07-09,0.010557361783838200
1997-07-10,-0.013327192488890800
1997-07-11,0.0473633696186795
1997-07-14,0.0509688590563424
1997-07-15,-0.0098051437287297
1997-07-16,0.0374213483153977
1997-07-17,0.004948673215022300
1997-07-18,-0.06304353642238060
1997-07-21,-0.0454500652471345
1997-07-22,0.0706937040145503
1997-07-23,0.0335853050275515
1997-07-24,0.0022176912872782000
1997-07-25,0.0828294548234807
1997-07-28,0.04167617100169340
1997-07-29,-0.06623461964704460
1997-07-30,0.0387332088226881
1997-07-31,-0.0450812047125947
1997-08-01,-0.0309579929343278
1997-08-04,-0.0285473376917739
1997-08-05,0.0003087969717587990
1997-08-06,0.0187446972379182
1997-08-07,0.0472469967049795
1997-08-08,-0.0438694151065335
1997-08-11,-0.0030452335483996000
1997-08-12,0.0333059528923901
1997-08-13,-0.10286797892135100
1997-08-14,-0.0810258503430911
1997-08-15,-0.12049820940686000
1997-08-18,0.0123496921214857
1997-08-19,0.11111695793913700
1997-08-20,0.0402847857318206
1997-08-21,0.035774407072841500
1997-08-22,-0.13142412628028400
1997-08-25,0.0309348254133322
1997-08-26,-0.1223715899509830
1997-08-27,-0.0208329397336475
1997-08-28,-0.0455782128654376
1997-08-29,-0.0335192717226232
1997-09-01,0.086407014956229
1997-09-02,0.076239412732604
1997-09-03,-0.0257280524116995
1997-09-04,-0.0041746656476691
1997-09-05,-0.0015017598695415000
1997-09-08,0.0633635162189854
1997-09-09,0.015174153969981200
1997-09-10,-0.0576291059789184
1997-09-11,-0.0933772565212053
1997-09-12,-0.0703861298577447
1997-09-15,0.0834065512377403
1997-09-16,0.0977517126005964
1997-09-17,-0.0306159810431638
1997-09-18,0.009587885704234200
1997-09-19,0.005682323048526100
1997-09-22,0.085843100306668
1997-09-23,-0.006793805709214800
1997-09-24,0.061881139835065400
1997-09-25,-0.01048402463083
1997-09-26,0.0138931129458287
1997-09-29,-0.0293781528025698
1997-09-30,0.0233967886184683
1997-10-01,0.0652202459348231
1997-10-02,-0.007574225624948000
1997-10-03,0.0
1997-10-06,-0.0158540388968068
1997-10-07,-0.0013782481969667000
1997-10-08,-0.0349702688366435
1997-10-09,-0.059607790603742600
1997-10-10,0.0092243509110866
1997-10-13,0.0365239208875619
1997-10-14,-0.0256136094694504
1997-10-15,-0.0266688162895764
1997-10-16,-0.029752986949675800
1997-10-17,-0.0614948897083632
1997-10-20,0.0057455852530478
1997-10-21,0.0505429628403441
1997-10-22,-0.016100088643155000
1997-10-23,-0.10591917139381500
1997-10-24,-0.013225958618668400
1997-10-27,-0.1058948496301920
1997-10-28,-0.18872823539861400
1997-10-29,0.1393864174693790
1997-10-30,-0.0312993074339396
1997-10-31,-0.0029206868618150000
1997-11-03,0.0540717815719411
1997-11-04,-0.0314708544330027
1997-11-05,0.0176247061388931
1997-11-06,-0.015047155662987500
1997-11-07,-0.11836473284046200
1997-11-10,-0.033345776722762500
1997-11-11,0.019973260338457000
1997-11-12,-0.0386164357242306
1997-11-13,-0.018552756744702300
1997-11-14,0.015140898387516400
1997-11-17,0.103164959477401
1997-11-18,0.0589326342373032
1997-11-19,0.022016033837370500
1997-11-20,0.0526941901687525
1997-11-21,0.0130060000084407
1997-11-24,-0.0788717540323333
1997-11-25,-0.020280910783353900
1997-11-26,0.0747266511796255
1997-11-27,0.0419360487939539
1997-11-28,-0.004579659680849600
1997-12-01,0.11627138109209400
1997-12-02,-0.0041115625273067
1997-12-03,-0.0091500268561099
1997-12-04,0.0433312238288186
1997-12-05,0.0162955542793578
1997-12-08,-0.0213122460387024
1997-12-09,-0.0365404410258037
1997-12-10,-0.0741962604801465
1997-12-11,-0.1321227573401310
1997-12-12,0.012028863660483800
1997-12-15,-0.0379880341254869
1997-12-16,0.05025287624640750
1997-12-17,-0.008077555638816200
1997-12-18,-0.0214937408721166
1997-12-19,-0.08817841638316300
1997-12-22,0.035492767948452000
1997-12-23,0.047053478442753700
1997-12-24,0.0
1997-12-25,0.0
1997-12-26,0.0
1997-12-29,0.1463883939447780
1997-12-30,0.006740796454535200
1997-12-31,0.0
1998-01-01,0.0
1998-01-02,0.1609987842722700
1998-01-05,0.0384858452360472
1998-01-06,-0.0895711183706776
1998-01-07,-0.029206192664436100
1998-01-08,-0.011195806817377000
1998-01-09,-0.0550779533396712
1998-01-12,-0.1108947322287710
1998-01-13,0.0158378058014123
1998-01-14,-0.0248233439186561
1998-01-15,-0.0106236454834432
1998-01-16,0.0361497139361613
1998-01-19,0.0756205762794537
1998-01-20,0.0409121313454038
1998-01-21,-0.043486196432596800
1998-01-22,-0.0254338493267383
1998-01-23,-0.022522694487221900
1998-01-26,0.0398311112837324
1998-01-27,0.0726367624071296
1998-01-28,0.041817716245581800
1998-01-29,0.0330048904057408
1998-01-30,0.0285585741699663
1998-02-02,0.1034088871803300
1998-02-03,0.021194709162008900
1998-02-04,0.00023268301495710200
1998-02-05,-0.0098638714001422
1998-02-06,0.0381587015932808
1998-02-09,-0.019320608749996400
1998-02-10,0.05814407371386690
1998-02-11,0.0213839467949811
1998-02-12,-0.0504864889030236
1998-02-13,0.0116111675422573
1998-02-16,0.0052068193993148000
1998-02-17,0.058437275044514
1998-02-18,-0.0311731144811482
1998-02-19,-0.031682745622258400
1998-02-20,-0.0118298236660438
1998-02-23,0.043823276292590000
1998-02-24,0.025551460219774300
1998-02-25,0.0655855088267076
1998-02-26,0.0140766924347376
1998-02-27,0.0345772093610576
1998-03-02,0.059880524787886200
1998-03-03,-0.0037031199947369
1998-03-04,-0.0539357125759183
1998-03-05,-0.0145745018829185
1998-03-06,0.0377904704758341
1998-03-09,0.0690507036602284
1998-03-10,-0.004577985410962200
1998-03-11,0.011618363003885500
1998-03-12,-0.0471823570424739
1998-03-13,0.009024104629305800
1998-03-16,-0.0124006092005082
1998-03-17,0.026811400924275
1998-03-18,-0.013677283334745500
1998-03-19,0.0967286186953548
1998-03-20,0.1213468285076300
1998-03-23,0.0019362948746901000
1998-03-24,0.0674776392250825
1998-03-25,-0.0076776025333981
1998-03-26,-0.06172656552513
1998-03-27,0.027714382018430000
1998-03-30,0.014317242389730300
1998-03-31,-0.036598377209504300
1998-04-01,0.0337904168321827
1998-04-02,0.021648400144989100
1998-04-03,0.020054332868616400
1998-04-06,0.0078881947879658
1998-04-07,-0.0430277691144495
1998-04-08,-0.030890053040516200
1998-04-09,0.0203488419007611
1998-04-10,0.0
1998-04-13,0.0
1998-04-14,-0.014013760127348300
1998-04-15,-0.0628173781492994
1998-04-16,-0.0345592132600445
1998-04-17,0.0337187916697558
1998-04-20,0.016611399784103900
1998-04-21,-0.0417428102094909
1998-04-22,-0.0830067378929907
1998-04-23,-0.0470892284015411
1998-04-24,-0.0629263028184659
1998-04-27,-0.0544893697343267
1998-04-28,0.0345788146769678
1998-04-29,0.015959284355968500
1998-04-30,0.0796677118942447
1998-05-01,0.0
1998-05-04,0.006124589077742500
1998-05-05,-0.0491373983164579
1998-05-06,0.0346549171669014
1998-05-07,-0.08441497264363610
1998-05-08,0.0343938151593418
1998-05-11,0.0572030384127596
1998-05-12,0.0121534087879661
1998-05-13,0.0936415069855076
1998-05-14,-0.0083727786025455
1998-05-15,0.009903615109083
1998-05-18,-0.0505647423131455
1998-05-19,0.055098048330438600
1998-05-20,-0.1033667157018020
1998-05-21,0.0
1998-05-22,0.0004230503175092010
1998-05-25,0.030177591470937
1998-05-26,0.011272017591524700
1998-05-27,-0.08063146276584270
1998-05-28,0.0617502220988623
1998-05-29,0.011884739893342
1998-06-01,0.0
1998-06-02,0.010683646814222900
1998-06-03,0.0181507873522955
1998-06-04,-0.0171950008964674
1998-06-05,0.0675766619882374
1998-06-08,0.043932001682980000
1998-06-09,-0.0403431234363821
1998-06-10,0.0021589948707271
1998-06-11,0.0
1998-06-12,-0.1069744980752310
1998-06-15,-0.0584079747594599
1998-06-16,0.0100662858045556
1998-06-17,0.0785349638230894
1998-06-18,-0.0205271182972748
1998-06-19,-0.0437594971346668
1998-06-22,-0.0522747500526329
1998-06-23,0.0626188805578659
1998-06-24,-0.007099109514445600
1998-06-25,0.0656103505506451
1998-06-26,-0.015042811049563200
1998-06-29,0.043485746804027
1998-06-30,-0.0196147792975932
1998-07-01,0.0220097220251409
1998-07-02,-0.00036974334709150000
1998-07-03,0.0323260303883178
1998-07-06,-0.0070103575049647
1998-07-07,0.03542256697521170
1998-07-08,-0.022995228795714700
1998-07-09,-0.0651567253768916
1998-07-10,0.040884607654167700
1998-07-13,-0.011876758970669
1998-07-14,0.0376920648628707
1998-07-15,0.010736268902604400
1998-07-16,0.1410538264425190
1998-07-17,0.024435757014853000
1998-07-20,-0.0246710143806823
1998-07-21,0.010189697513941000
1998-07-22,-0.07101973854344900
1998-07-23,-0.0718885417010012
1998-07-24,-0.010232500559831
1998-07-27,-0.08258999588407
1998-07-28,0.005640051185927500
1998-07-29,0.009562439237048
1998-07-30,0.0171618772644454
1998-07-31,0.0
1998-08-03,-0.09974279321019910
1998-08-04,-0.038930855495326
1998-08-05,-0.0242187318158466
1998-08-06,-0.0725214869022854
1998-08-07,0.0
1998-08-10,-0.0330828810748971
1998-08-11,-0.0506722932407926
1998-08-12,-0.00018976246707600000
1998-08-13,-0.037275646161213500
1998-08-14,0.055665835381140400
1998-08-17,-0.004363333645897000
1998-08-18,0.1010528660732550
1998-08-19,0.021659716279057200
1998-08-20,-0.0914895500223073
1998-08-21,-0.1587357018399220
1998-08-24,-0.016530024847288700
1998-08-25,0.0220447458016016
1998-08-26,-0.0410074222744995
1998-08-27,-0.06863530740712690
1998-08-28,0.0
1998-08-31,-0.1162845319903260
1998-09-01,-0.028757644869147400
1998-09-02,0.0589428490884982
1998-09-03,-0.13171676942966000
1998-09-04,0.0
1998-09-07,0.1517485945653590
1998-09-08,0.06705500697343140
1998-09-09,-0.10800856544306800
1998-09-10,-0.0849624752789619
1998-09-11,0.0
1998-09-14,0.0228656438001465
1998-09-15,-0.055789037595946
1998-09-16,-0.0084499536149481
1998-09-17,-0.1587344868693590
1998-09-18,0.0
1998-09-21,-0.30871087398560600
1998-09-22,0.0601794374090523
1998-09-23,0.14407545632167100
1998-09-24,-0.031466383391518900
1998-09-25,0.0
1998-09-28,0.08287413265900910
1998-09-29,0.015847208622476400
1998-09-30,-0.1830854955779480
1998-10-01,-0.22758230456831100
1998-10-02,0.0895128474313692
1998-10-05,-0.0321484752603207
1998-10-06,0.1144522487653350
1998-10-07,-0.1484977768841020
1998-10-08,-0.1084510906607670
1998-10-09,0.0762810685560789
1998-10-12,0.1525002931341540
1998-10-13,-0.0721787503719099
1998-10-14,0.09274345005201250
1998-10-15,-0.010625909996942200
1998-10-16,0.0825490118457114
1998-10-19,-0.006336666297031100
1998-10-20,0.13168190707687800
1998-10-21,-0.0666022706857945
1998-10-22,-0.0712253721146331
1998-10-23,0.044830390342162100
1998-10-26,0.10945466055901600
1998-10-27,0.137502864755718
1998-10-28,-0.049676939124526500
1998-10-29,-0.009180619857863800
1998-10-30,0.0
1998-11-02,0.1366142368460160
1998-11-03,0.0
1998-11-04,0.1218303060660230
1998-11-05,-0.0493321976865147
1998-11-06,0.0
1998-11-09,-0.0764362617408404
1998-11-10,-0.10506830739865300
1998-11-11,0.0132910578369678
1998-11-12,-0.0844514345885376
1998-11-13,0.085187241473769
1998-11-16,0.1097458959676960
1998-11-17,-0.017005145644363300
1998-11-18,0.0214862220575834
1998-11-19,0.0493723099230765
1998-11-20,0.0243621366181565
1998-11-23,0.0
1998-11-24,0.0511173752291687
1998-11-25,0.0227025563803658
1998-11-26,0.0601169246641404
1998-11-27,0.1110733771354000
1998-11-30,-0.1072826846895940
1998-12-01,0.0
1998-12-02,-0.24760008500792900
1998-12-03,-0.013277001141088400
1998-12-04,-0.1522155955752970
1998-12-07,-0.04245479444301930
1998-12-08,0.0
1998-12-09,0.029271750235467300
1998-12-10,0.027829089206430100
1998-12-11,0.0
1998-12-14,0.0161434537119656
1998-12-15,0.014844982778775100
1998-12-16,0.049860518413174200
1998-12-17,0.024468116155304900
1998-12-18,0.0
1998-12-21,0.06415339563306400
1998-12-22,0.060752291222286600
1998-12-23,0.0837629224260415
1998-12-24,0.0
1998-12-25,0.0
1998-12-28,0.047889247809559100
1998-12-29,-0.0216415959731006
1998-12-30,-0.0770665342330786
1998-12-31,0.0
1999-01-01,0.0
1999-01-04,0.1586401317606630
1999-01-05,0.035112732467377400
1999-01-06,0.10800710669035500
1999-01-07,-0.0743706829060055
1999-01-08,0.0228221724253349
1999-01-11,-0.042539809757791000
1999-01-12,-0.0594711027476554
1999-01-13,-0.10499990377347800
1999-01-14,0.0
1999-01-15,-0.1474122858409040
1999-01-18,0.018884030047694400
1999-01-19,-0.0580361302784127
1999-01-20,0.1600995896163550
1999-01-21,-0.024701480610376500
1999-01-22,0.0
1999-01-25,-0.0644754176473075
1999-01-26,-0.0333752038177542
1999-01-27,0.0446235605066384
1999-01-28,0.0213024967201938
1999-01-29,0.072720114776625
1999-02-01,0.015599720060740200
1999-02-02,-0.0225612818604055
1999-02-03,-0.0188690493240058
1999-02-04,0.019703377325390900
1999-02-05,0.0422203016512762
1999-02-08,0.061365497347667300
1999-02-09,-0.0811364909114882
1999-02-10,0.0
1999-02-11,0.004864815029909100
1999-02-12,0.0
1999-02-15,0.030534483448076600
1999-02-16,-0.0086849638607792
1999-02-17,-0.0283185268825364
1999-02-18,-0.010167959473426800
1999-02-19,-0.0259725837326308
1999-02-22,-0.0393725713415636
1999-02-23,0.04887049936148740
1999-02-24,-0.0037029799845865000
1999-02-25,-0.074299691505229
1999-02-26,0.0
1999-03-01,-0.07448003339753
1999-03-02,0.0
1999-03-03,-0.0855804700697871
1999-03-04,0.0668811722808911
1999-03-05,0.072212867937756
1999-03-08,-0.0257151172545001
1999-03-09,0.0406220015474963
1999-03-10,-0.0270300817079629
1999-03-11,-0.0007888188415441
1999-03-12,0.0
1999-03-15,0.0665321250649888
1999-03-16,0.0506755289298856
1999-03-17,0.0412947164634812
1999-03-18,0.0481914360919578
1999-03-19,0.0583578745056695
1999-03-22,-0.033791312088979
1999-03-23,-0.0994465263418159
1999-03-24,-0.0425287797259994
1999-03-25,0.0553536882787002
1999-03-26,-0.0546760547367028
1999-03-29,0.0583477380497391
1999-03-30,-0.0263945254364436
1999-03-31,-0.018795275971688800
1999-04-01,0.009938402971166500
1999-04-02,0.0
1999-04-05,0.0
1999-04-06,0.0407928941878589
1999-04-07,0.0099228247374244
1999-04-08,0.0
1999-04-09,0.0526908750260299
1999-04-12,0.0751330678564402
1999-04-13,0.0
1999-04-14,0.0449512303561103
1999-04-15,0.07089705774978
1999-04-16,0.0
1999-04-19,0.0079945767648744
1999-04-20,-0.0443630564088544
1999-04-21,0.0473063547730443
1999-04-22,0.0391670154693544
1999-04-23,0.0
1999-04-26,0.0565971557916885
1999-04-27,0.0
1999-04-28,-0.0103290203142428
1999-04-29,-0.0383897496652639
1999-04-30,-0.0218682463176541
1999-05-03,0.0263838553468687
1999-05-04,-0.006814954095126000
1999-05-05,0.004742396434812500
1999-05-06,0.0077330393960693000
1999-05-07,-0.004989342475023300
1999-05-10,0.043098028155002
1999-05-11,-0.033718563792999400
1999-05-12,-0.0020637569276249000
1999-05-13,0.0
1999-05-14,-0.0472919390452329
1999-05-17,0.0158440503070655
1999-05-18,-0.040020238722846000
1999-05-19,-0.0201804998184928
1999-05-20,-0.0523334952010239
1999-05-21,-0.011818280016832300
1999-05-24,0.0
1999-05-25,0.0381005223219317
1999-05-26,-0.0530898000832397
1999-05-27,0.0227260427878151
1999-05-28,-0.0684010425554476
1999-05-31,-0.031261111225429700
1999-06-01,0.0134280780967594
1999-06-02,0.0042133016631749
1999-06-03,0.0
1999-06-04,0.050319028445258000
1999-06-07,0.060387442197183900
1999-06-08,0.0694963125078833
1999-06-09,-0.0324722187695578
1999-06-10,0.0287778400546165
1999-06-11,-0.033441580867536600
1999-06-14,0.0687966847163074
1999-06-15,0.0190658726969134
1999-06-16,-0.0127736711948283
1999-06-17,-0.0022605413519490000
1999-06-18,0.0320162336193234
1999-06-21,-0.053745218715321500
1999-06-22,0.1323400684965330
1999-06-23,0.0428706311785228
1999-06-24,-0.0549240547639471
1999-06-25,-0.0527504116425631
1999-06-28,0.0219441415448286
1999-06-29,0.037453846001674
1999-06-30,-0.0169771544957855
1999-07-01,0.008685471256130500
1999-07-02,0.079319567688257
1999-07-05,0.0169222222147895
1999-07-06,0.0468728065473603
1999-07-07,0.011044097323730900
1999-07-08,0.020938578605481600
1999-07-09,0.0204270001400862
1999-07-12,0.0
1999-07-13,0.0164852065419748
1999-07-14,-0.0570727665943145
1999-07-15,0.047342939073235200
1999-07-16,-0.017557032076871900
1999-07-19,-0.0097124245997036
1999-07-20,0.022285548293440200
1999-07-21,-0.0564203297284971
1999-07-22,-0.018058659206178
1999-07-23,-0.0656014784217005
1999-07-26,0.0164991629670529
1999-07-27,-0.074550145579262
1999-07-28,0.0423235762916959
1999-07-29,0.011242139863311700
1999-07-30,-0.0005237208581644030
1999-08-02,0.0563196046697593
1999-08-03,0.0147296685748538
1999-08-04,-0.0212393049965471
1999-08-05,0.0719892384172617
1999-08-06,-0.0659722558299338
1999-08-09,-0.024207949389569200
1999-08-10,0.0373646879146651
1999-08-11,-0.07281141848032350
1999-08-12,0.0267454773507923
1999-08-13,0.10316924084382400
1999-08-16,0.028466059327008800
1999-08-17,0.0010851843134764000
1999-08-18,-0.0369337228045129
1999-08-19,-0.015362380436417100
1999-08-20,-0.0110969793382431
1999-08-23,0.038390592561025800
1999-08-24,0.0185730747578672
1999-08-25,0.008072281014323700
1999-08-26,0.0208445491935767
1999-08-27,-0.009008756826376500
1999-08-30,0.0515519785192722
1999-08-31,-0.0068939457286447
1999-09-01,-0.0678171666698748
1999-09-02,0.010514932295176400
1999-09-03,-0.0668167147298891
1999-09-06,0.0792897113165654
1999-09-07,0.005065715337259300
1999-09-08,0.0091373564670381
1999-09-09,0.053630431262707400
1999-09-10,0.0258375427897172
1999-09-13,0.022369912679083400
1999-09-14,-0.0048783985066967000
1999-09-15,-0.0587083867634822
1999-09-16,0.014310487994088300
1999-09-17,-0.0854816175666391
1999-09-20,-0.0371053132139882
1999-09-21,0.0164197713007361
1999-09-22,0.002659466184235200
1999-09-23,-0.0685417531005471
1999-09-24,0.0509026063192545
1999-09-27,-0.1377189968643590
1999-09-28,0.0147644863005363
1999-09-29,-0.0323954543766907
1999-09-30,0.0013967533737282
1999-10-01,-0.025336634433763600
1999-10-04,0.007593806355276800
1999-10-05,0.1048342780074490
1999-10-06,0.0567179776237499
1999-10-07,-0.022251891861334100
1999-10-08,-0.0013152151030956000
1999-10-11,-0.0300293271936374
1999-10-12,-0.00010003905765619900
1999-10-13,-0.0035797016247168000
1999-10-14,-0.0603419818213768
1999-10-15,-0.0408626149457465
1999-10-18,-0.0039149583089402
1999-10-19,-0.0285980494393544
1999-10-20,0.051055075607356500
1999-10-21,0.0260694275383749
1999-10-22,-0.0147967075746961
1999-10-25,0.07393945356224780
1999-10-26,0.0165187492487928
1999-10-27,0.0573700234443871
1999-10-28,0.0021716366567455000
1999-10-29,0.0847283007712889
1999-11-01,-0.006752180348047900
1999-11-02,0.011785464243175200
1999-11-03,-0.011712144174267600
1999-11-04,-0.006944256853971800
1999-11-05,0.0189384796151539
1999-11-08,0.0007551721957268990
1999-11-09,0.0095421094097125
1999-11-10,0.026359467367253400
1999-11-11,0.044030561979917500
1999-11-12,-0.0493488889514836
1999-11-15,-0.09010353851757770
1999-11-16,-0.007890433534517000
1999-11-17,0.0558152022898501
1999-11-18,0.015948262968074
1999-11-19,0.0702708494328851
1999-11-22,0.012788197423705300
1999-11-23,-0.0744018311756306
1999-11-24,-0.0237578562074509
1999-11-25,0.0149218435195239
1999-11-26,0.0619510159131198
1999-11-29,-0.0010452911273584000
1999-11-30,0.0101861331013088
1999-12-01,-0.0048753582565806
1999-12-02,0.0519245731886769
1999-12-03,0.027713644712672900
1999-12-06,0.0
1999-12-07,0.1337176966988910
1999-12-08,-0.0341764688023092
1999-12-09,-0.023378712750249600
1999-12-10,0.0209278662932157
1999-12-13,-0.055531153257646000
1999-12-14,0.0
1999-12-15,0.057533147055063500
1999-12-16,0.0652443599814994
1999-12-17,0.1837228680620560
1999-12-20,-0.039831012113917500
1999-12-21,-0.0318627394030432
1999-12-22,0.0013501642382912000
1999-12-23,-0.037550313601962200
1999-12-24,0.0
1999-12-27,0.0775132066718542
1999-12-28,-0.0082060566756954
1999-12-29,0.0609234216186121
1999-12-30,0.0303996860101559
1999-12-31,0.0
2000-01-03,0.371860620190924
2000-01-04,-0.1236095352407950
2000-01-05,-0.0813156437557324
2000-01-06,-0.0121485517332332
2000-01-07,0.07846291554698890
2000-01-10,0.1325448561176090
2000-01-11,-0.026645807014625700
2000-01-12,-0.0692985380527419
2000-01-13,0.0028526496186111100
2000-01-14,0.0669189924894347
2000-01-17,0.0522740440442985
2000-01-18,-0.0775320741987691
2000-01-19,0.0083712106725802
2000-01-20,-0.019076919842655500
2000-01-21,-0.0374558694263536
2000-01-24,-0.007617238159645300
2000-01-25,-0.10322133746047700
2000-01-26,0.044489300033974800
2000-01-27,0.0289574288840655
2000-01-28,0.0453257294402195
2000-01-31,-0.1714517216794480
2000-02-01,0.0639466130262922
2000-02-02,0.0471081032078096
2000-02-03,0.1283823586532280
2000-02-04,0.0220679790204854
2000-02-07,-0.031924323358970000
2000-02-08,0.11572218035843200
2000-02-09,0.0605498093692832
2000-02-10,0.011849353045611200
2000-02-11,-0.05076469880023720
2000-02-14,0.0326674702053552
2000-02-15,-0.1537277356603500
2000-02-16,0.0570885271048581
2000-02-17,0.0307703204311836
2000-02-18,0.007730203427646400
2000-02-21,0.055356532010490300
2000-02-22,0.0314896241555337
2000-02-23,0.0540574621257548
2000-02-24,-0.0293144291133986
2000-02-25,0.0587708715516881
2000-02-28,-0.08084850713603330
2000-02-29,0.0717083832106639
2000-03-01,-0.00026880027901009900
2000-03-02,0.0253637514131469
2000-03-03,-0.061579893282346
2000-03-06,-0.0291632128740937
2000-03-07,-0.0646068494072459
2000-03-08,-0.022675240514525800
2000-03-09,0.056995404953087600
2000-03-10,0.015446983377369600
2000-03-13,0.0293764789770838
2000-03-14,-0.0524787628709855
2000-03-15,0.028683881935862400
2000-03-16,0.0891688354939941
2000-03-17,0.008500713696037800
2000-03-20,0.108325012707989
2000-03-21,0.0365479719782435
2000-03-22,-0.037761402442458800
2000-03-23,-0.052566913276001900
2000-03-24,0.0554274557828137
2000-03-27,-0.0565034187024833
2000-03-28,0.026117467697151500
2000-03-29,0.043048846501116700
2000-03-30,-0.0543075684530292
2000-03-31,-0.0137008404503888
2000-04-03,-0.0511138955426476
2000-04-04,0.0002396671892526060
2000-04-05,-0.0919039149934179
2000-04-06,0.0257412081296039
2000-04-07,-0.0020387796692454100
2000-04-10,0.0819153462865667
2000-04-11,-0.0692681517995099
2000-04-12,-0.0172193032737369
2000-04-13,0.00012476573872660000
2000-04-14,-0.1083018334303930
2000-04-17,0.0501392982413087
2000-04-18,-0.015980922510679800
2000-04-19,-0.019569791214630500
2000-04-20,0.0220147983354707
2000-04-21,0.0
2000-04-24,0.0
2000-04-25,0.0651216971203553
2000-04-26,0.0383498044540921
2000-04-27,-0.048409759435735800
2000-04-28,0.08955633363272560
2000-05-01,0.0
2000-05-02,0.0983921606787971
2000-05-03,-0.069820129597808
2000-05-04,0.044380687682598
2000-05-05,0.0693116638083478
2000-05-08,0.0024987398288586000
2000-05-09,0.0
2000-05-10,0.0006344750020275990
2000-05-11,-0.0891144560463001
2000-05-12,-0.028423797358455800
2000-05-15,-0.029479558938085200
2000-05-16,0.0721335498791382
2000-05-17,-0.09517346009965260
2000-05-18,-0.0515597989397212
2000-05-19,-0.0272206669950966
2000-05-22,-0.0417570473870266
2000-05-23,0.0543041816703703
2000-05-24,0.037973199536959800
2000-05-25,0.019070462570480100
2000-05-26,-0.016999809915600000
2000-05-29,0.0564395928766558
2000-05-30,-0.0033058438843946000
2000-05-31,-0.0027839828137932000
2000-06-01,0.0680263543575665
2000-06-02,0.0548328013933318
2000-06-05,-0.0239098930197812
2000-06-06,-0.0337429881196013
2000-06-07,-0.0288403902800737
2000-06-08,-0.0283892251916155
2000-06-09,0.0699895559209858
2000-06-12,-0.0106075213589702
2000-06-13,0.04562150422173520
2000-06-14,-0.009929565531330600
2000-06-15,-0.0322472483322526
2000-06-16,-0.1331400933049440
2000-06-19,0.0563119234483505
2000-06-20,0.011438176415235700
2000-06-21,-0.044607550910516900
2000-06-22,-0.0346375200879077
2000-06-23,-0.012605707096398300
2000-06-26,0.004129217444477500
2000-06-27,-0.016615640419156900
2000-06-28,0.0248366076771384
2000-06-29,0.016766475983087900
2000-06-30,0.023273961082183400
2000-07-03,0.0607900391388073
2000-07-04,0.0772489047126205
2000-07-05,0.0010305424824707000
2000-07-06,0.03201529187135970
2000-07-07,0.0
2000-07-10,-0.0016498280301273000
2000-07-11,0.0305852198614895
2000-07-12,0.1302817355965840
2000-07-13,0.0
2000-07-14,-0.0267702462559548
2000-07-17,0.0072782411597874
2000-07-18,0.0060365248079911000
2000-07-19,-0.0390413148792541
2000-07-20,0.08123839664952580
2000-07-21,-0.048685328820530800
2000-07-24,0.0627597379630152
2000-07-25,-0.010695161470765700
2000-07-26,-0.017728389515411
2000-07-27,-0.0624597571498126
2000-07-28,-0.021478233486696000
2000-07-31,0.029188133594087300
2000-08-01,0.0045268161079338000
2000-08-02,-0.059889371206367900
2000-08-03,0.008318087419329100
2000-08-04,-0.0223035630630532
2000-08-07,0.0525976116859303
2000-08-08,0.013178330476143000
2000-08-09,0.0302615386889299
2000-08-10,0.0044449405750125
2000-08-11,-0.006503389502606800
2000-08-14,0.0030795688123902000
2000-08-15,0.0044455470588431
2000-08-16,0.0196285742963259
2000-08-17,-0.007620973070890100
2000-08-18,0.001463313573747300
2000-08-21,0.0325011244984411
2000-08-22,0.028458977752549500
2000-08-23,-0.0042840772084998
2000-08-24,0.0437424431086991
2000-08-25,0.007658510525041900
2000-08-28,0.012957643504343800
2000-08-29,0.0054485830010876000
2000-08-30,-0.0651212806799338
2000-08-31,0.0270794194016485
2000-09-01,0.0046161107939112
2000-09-04,0.036423137729340800
2000-09-05,0.006893731666246900
2000-09-06,-0.0432800352929828
2000-09-07,0.023476687392880400
2000-09-08,-0.0653995306063251
2000-09-11,0.0002195200937384000
2000-09-12,0.005926048408349100
2000-09-13,0.0
2000-09-14,-0.031444292778283100
2000-09-15,-0.030898106348417000
2000-09-18,-0.0304352291342135
2000-09-19,0.029613858725059500
2000-09-20,-0.12390052207424300
2000-09-21,-0.021706807377095200
2000-09-22,-0.003227671739172300
2000-09-25,0.0359047865042625
2000-09-26,-0.0229207770195306
2000-09-27,-0.0418518909716158
2000-09-28,0.016080386189991700
2000-09-29,-0.015969782143754700
2000-10-02,0.0511565989650569
2000-10-03,0.0
2000-10-04,-0.00031083399244000200
2000-10-05,0.0941607588024857
2000-10-06,-0.0640252565466286
2000-10-09,-0.0406224722625609
2000-10-10,0.0344876343030393
2000-10-11,-0.030078755832985100
2000-10-12,-0.0433340653380038
2000-10-13,0.0
2000-10-16,0.0
2000-10-17,0.0
2000-10-18,0.0
2000-10-19,0.0
2000-10-20,0.0
2000-10-23,0.0567412224711196
2000-10-24,0.0
2000-10-25,0.0069072478444058000
2000-10-26,0.013334609451845800
2000-10-27,0.0438567162837251
2000-10-30,0.0278219460031034
2000-10-31,0.0
2000-11-01,0.1183487076303790
2000-11-02,-0.035741128558715700
2000-11-03,0.0590185389766077
2000-11-06,-0.000890019095812899
2000-11-07,-0.0477783985175982
2000-11-08,-0.0741093339471364
2000-11-09,-0.036827765779930600
2000-11-10,-0.057178386182089500
2000-11-13,-0.0383638017931939
2000-11-14,0.0
2000-11-15,0.1330139565104510
2000-11-16,-0.0880852219252586
2000-11-17,-0.0487803941676128
2000-11-20,-0.0919627350669778
2000-11-21,0.0335256866594083
2000-11-22,-0.0802373310178266
2000-11-23,0.0454928810671257
2000-11-24,0.0390588826379895
2000-11-27,0.0506505841911757
2000-11-28,0.009520590398366200
2000-11-29,0.0312603752122231
2000-11-30,-0.1194118485508080
2000-12-01,0.0355363857911404
2000-12-04,-0.0642758195487051
2000-12-05,0.13914054668566300
2000-12-06,0.059944813909638800
2000-12-07,-0.0254829806057454
2000-12-08,0.11601759619113400
2000-12-11,-0.0085352807294359
2000-12-12,-0.0503727370400273
2000-12-13,-0.0689851984803562
2000-12-14,-0.0266590433921372
2000-12-15,-0.051265409572503200
2000-12-18,0.051954921833387300
2000-12-19,0.0728358332224476
2000-12-20,-0.06380766851816310
2000-12-21,-0.0732727818913226
2000-12-22,0.0160016692209694
2000-12-25,0.0
2000-12-26,0.0
2000-12-27,0.1172650091479630
2000-12-28,-0.022827193864173100
2000-12-29,0.0243328936308335
2001-01-01,0.0
2001-01-02,-0.012252282095983100
2001-01-03,0.0160215558934533
2001-01-04,-0.038963199774694
2001-01-05,0.0
2001-01-08,0.0824592751226026
2001-01-09,-0.039312169369414600
2001-01-10,-0.0805131754349736
2001-01-11,0.006094733964785400
2001-01-12,0.0212502498909142
2001-01-15,0.0616458756926513
2001-01-16,-0.047562439832232
2001-01-17,0.09214222704667570
2001-01-18,-0.0132796048060355
2001-01-19,0.028134165803146800
2001-01-22,0.035582465161979900
2001-01-23,0.0341037470221146
2001-01-24,-0.005639401758163800
2001-01-25,-0.0033455871358514000
2001-01-26,-0.0111839226254621
2001-01-29,-0.007362025227992500
2001-01-30,-0.0034872074023774000
2001-01-31,0.0092353232997739
2001-02-01,0.0186634960600237
2001-02-02,-0.018903081269570900
2001-02-05,-0.0059614458232327
2001-02-06,0.016536336369113
2001-02-07,-0.0308115334911812
2001-02-08,0.0016196218213254
2001-02-09,-0.039946456699067500
2001-02-12,0.0229462288029663
2001-02-13,-0.013985323328789600
2001-02-14,-0.000809126600877997
2001-02-15,0.0
2001-02-16,0.008184680927452900
2001-02-19,0.024795324450446
2001-02-20,-0.032019744850677000
2001-02-21,-0.0157802220280357
2001-02-22,-0.0386546386883189
2001-02-23,-0.10999900407067100
2001-02-26,0.0374812394549099
2001-02-27,0.012156985618199600
2001-02-28,-0.0096682726763425
2001-03-01,-0.004243799103820600
2001-03-02,0.026289316393903
2001-03-05,0.0426517860591171
2001-03-06,-0.014283669799121600
2001-03-07,0.004589496416810600
2001-03-08,0.027252442950284900
2001-03-09,-0.0442096734902239
2001-03-12,-0.0832252285805448
2001-03-13,-0.0480208281482844
2001-03-14,-0.5484002858881820
2001-03-15,0.4528266857124550
2001-03-16,-0.0865140038988065
2001-03-19,-0.0018411889725739000
2001-03-20,0.0380973820819735
2001-03-21,-0.101896425772181
2001-03-22,-0.1549473979301350
2001-03-23,0.0907603000105477
2001-03-26,0.1066747145914030
2001-03-27,0.1633752760166520
2001-03-28,-0.0528269363053778
2001-03-29,0.0094166781412214
2001-03-30,-0.0944230995833238
2001-04-02,-0.0133522853395243
2001-04-03,-0.1090824597135170
2001-04-04,0.013972356832253200
2001-04-05,0.0768719430200589
2001-04-06,-0.0349974879713329
2001-04-09,0.07239652815436830
2001-04-10,0.050082118582592
2001-04-11,0.058285069943321300
2001-04-12,0.0481256525550879
2001-04-13,0.0
2001-04-16,0.0
2001-04-17,-0.049832529020720200
2001-04-18,0.08896790878444220
2001-04-19,0.038063850699413000
2001-04-20,-0.0157206325218463
2001-04-23,-0.0558049182671555
2001-04-24,0.0143462892612023
2001-04-25,0.0090732080393357
2001-04-26,-0.0242667388068949
2001-04-27,-0.0585349077978857
2001-04-30,-0.34227729124493400
2001-05-01,0.0
2001-05-02,0.0377950134167654
2001-05-03,-0.0346268322598185
2001-05-04,0.025924572584438800
2001-05-07,0.0
2001-05-08,0.014548437509274900
2001-05-09,0.0025399597621903000
2001-05-10,0.0
2001-05-11,0.0411673800122324
2001-05-14,-0.029318330147678900
2001-05-15,-0.010111382144273
2001-05-16,0.0821104707416228
2001-05-17,0.0103528254299693
2001-05-18,0.0288910300267416
2001-05-21,0.0263725883751304
2001-05-22,-0.0079650268901428
2001-05-23,-0.0320483755233767
2001-05-24,0.0164811968637892
2001-05-25,-0.0210821995038509
2001-05-28,-0.0023733131871671000
2001-05-29,-0.0621388810448906
2001-05-30,-0.030169640399015900
2001-05-31,0.0257784907373031
2001-06-01,-0.0293997041613927
2001-06-04,0.018035950094965
2001-06-05,0.006043868494007500
2001-06-06,-0.0034543684845793000
2001-06-07,0.0463955272480224
2001-06-08,-0.0063164194357879
2001-06-11,-0.0282528891545814
2001-06-12,-0.0762920595755881
2001-06-13,0.0062231148262394
2001-06-14,-0.0424341513431892
2001-06-15,0.0
2001-06-18,-0.10632732965464700
2001-06-19,0.0130829850223289
2001-06-20,-0.037144414670394800
2001-06-21,-0.0232929160789039
2001-06-22,-0.0139828372379811
2001-06-25,-0.0016893412853366000
2001-06-26,-0.0174179416711102
2001-06-27,-0.006155136208597400
2001-06-28,0.0505151745836719
2001-06-29,0.06328553855559720
2001-07-02,0.028590352224719100
2001-07-03,-0.015437439539253000
2001-07-04,-0.0157956194262603
2001-07-05,-0.056991305931402
2001-07-06,-0.08479643154612320
2001-07-09,-0.0384644451695123
2001-07-10,-0.0209188220757461
2001-07-11,-0.0222568064629016
2001-07-12,0.0532268130619122
2001-07-13,0.0
2001-07-16,-0.0374606588435678
2001-07-17,0.0211078259727994
2001-07-18,-0.049873576648105900
2001-07-19,0.0503596519500228
2001-07-20,-0.0282468087541691
2001-07-23,0.0222443026211552
2001-07-24,-0.08008675382521640
2001-07-25,0.015479261219207500
2001-07-26,0.0692737016273098
2001-07-27,0.041733407379589100
2001-07-30,0.029294117847482
2001-07-31,0.053933878488230700
2001-08-01,-0.009219143983152700
2001-08-02,-0.016013657344289300
2001-08-03,-0.0361927257777424
2001-08-06,0.0032843952489683000
2001-08-07,-0.0123188112817528
2001-08-08,-0.2418852181902470
2001-08-09,-0.0588313374263867
2001-08-10,-0.0393935981038869
2001-08-13,0.0245341840518697
2001-08-14,0.0113736862369215
2001-08-15,-0.06618490401957950
2001-08-16,-0.1582020058772400
2001-08-17,-0.04659480679908070
2001-08-20,0.017004420835249700
2001-08-21,0.0180577047565149
2001-08-22,0.022309994372517200
2001-08-23,0.0103674425000011
2001-08-24,0.08475589371502900
2001-08-27,0.015170373072378600
2001-08-28,-0.0212783538861021
2001-08-29,-0.006475516334218000
2001-08-30,-0.066203844088511
2001-08-31,0.002436525504587000
2001-09-03,-0.008927433438673900
2001-09-04,0.10822909645911600
2001-09-05,-0.09376199836572300
2001-09-06,-0.0533438064828541
2001-09-07,-0.085636524510694
2001-09-10,-0.061594246486229100
2001-09-11,-0.14645480904974400
2001-09-12,-0.0340154204193868
2001-09-13,-0.0497269422600843
2001-09-14,-0.2478321159342430
2001-09-17,0.055250715017055200
2001-09-18,-0.023384783730751700
2001-09-19,-0.1257673925069450
2001-09-20,-0.2703342498118460
2001-09-21,-0.0009569481923584020
2001-09-24,0.0
2001-09-25,0.2181971937978410
2001-09-26,0.041157106332050500
2001-09-27,0.0582495846851554
2001-09-28,0.085711124816331
2001-10-01,-0.0191548126157344
2001-10-02,0.042563110189214900
2001-10-03,0.0
2001-10-04,0.20220931088277100
2001-10-05,-0.071270043496902
2001-10-08,0.059597815027077400
2001-10-09,0.04862707952634
2001-10-10,0.10321838257133000
2001-10-11,0.0914660067857115
2001-10-12,0.005217773323972410
2001-10-15,-0.0522136724458524
2001-10-16,0.0
2001-10-17,0.0699485715817631
2001-10-18,-0.0170357376675774
2001-10-19,-0.0364552238846258
2001-10-22,0.0383069716745176
2001-10-23,0.0788917395360822
2001-10-24,0.0804373385292379
2001-10-25,-0.0919242448102165
2001-10-26,0.0687579638638793
2001-10-29,-0.07873623068268080
2001-10-30,-0.1369822261218660
2001-10-31,0.0769723433209263
2001-11-01,0.0643394202084245
2001-11-02,-0.013373748425064600
2001-11-05,0.1148995808296930
2001-11-06,-0.034116295063435000
2001-11-07,0.1310235680532720
2001-11-08,0.052276525736045
2001-11-09,-0.0418882393842422
2001-11-12,-0.0823838657756257
2001-11-13,0.0879104055050437
2001-11-14,0.0422477938133313
2001-11-15,0.174151371083259
2001-11-16,-0.021565405365083100
2001-11-19,0.0944371396998899
2001-11-20,-0.053312424709550100
2001-11-21,-0.014544925252480900
2001-11-22,0.0100404235953321
2001-11-23,0.0183365615525947
2001-11-26,-0.0085776819820647
2001-11-27,-0.0419605661612129
2001-11-28,-0.09341531928608280
2001-11-29,-0.012198918747695300
2001-11-30,0.0031272166491119000
2001-12-03,-0.0033985556979792000
2001-12-04,0.0453059966397899
2001-12-05,0.18817583562465900
2001-12-06,0.009303324949070400
2001-12-07,-0.0656226314664003
2001-12-10,-0.0260955248464607
2001-12-11,0.026049174770415800
2001-12-12,-0.0478122624934606
2001-12-13,-0.072559511850192
2001-12-14,-0.0385645860345567
2001-12-17,0.13677102256086800
2001-12-18,-0.0314120310100318
2001-12-19,-0.0380739238568808
2001-12-20,-0.0206913403271691
2001-12-21,0.0716929609212809
2001-12-24,0.0
2001-12-25,0.0
2001-12-26,0.0
2001-12-27,0.056881698817113700
2001-12-28,0.0098835760279753
2001-12-31,0.0
2002-01-01,0.0
2002-01-02,0.029620636668376000
2002-01-03,0.0952622352049019
2002-01-04,0.035351359010479
2002-01-07,-0.0549407829134545
2002-01-08,0.03503062832816000
2002-01-09,0.0172014408588466
2002-01-10,-0.0347961404039124
2002-01-11,-0.057860523675439400
2002-01-14,-0.0944774863241063
2002-01-15,0.0
2002-01-16,-0.1047286182838210
2002-01-17,0.094682849219514
2002-01-18,-0.008355766655304900
2002-01-21,-0.0240447270479603
2002-01-22,-0.034602081584809
2002-01-23,0.08378014302836560
2002-01-24,0.012611330148962500
2002-01-25,0.0139721426173991
2002-01-28,0.03200984158662510
2002-01-29,-0.009541790057656100
2002-01-30,0.021849743012455100
2002-01-31,0.028492686620510200
2002-02-01,0.005635791633689300
2002-02-04,-0.0636762033028101
2002-02-05,-0.030767309762741000
2002-02-06,-0.09855419691038280
2002-02-07,0.004626912547603600
2002-02-08,-0.0037292663999738000
2002-02-11,0.0488550731382863
2002-02-12,-0.039519531828086100
2002-02-13,0.0345708278515873
2002-02-14,0.024900234935051400
2002-02-15,-0.0673179163616468
2002-02-18,0.0238775194537309
2002-02-19,-0.051018603311808500
2002-02-20,-0.0109794230877737
2002-02-21,0.0543623801309467
2002-02-22,-0.0769741109638999
2002-02-25,0.091251922034793
2002-02-26,0.0276251014984747
2002-02-27,0.0443611548842412
2002-02-28,0.0610767368890297
2002-03-01,0.064326402782093
2002-03-04,0.07226136831902590
2002-03-05,0.0287995137066468
2002-03-06,-0.0115240189293739
2002-03-07,0.006894558314333200
2002-03-08,0.0626886496201734
2002-03-11,-0.006043499552289400
2002-03-12,-0.0309699102148443
2002-03-13,-0.018457765563929700
2002-03-14,0.0395803177929452
2002-03-15,0.0780866996992943
2002-03-18,-0.006118985942606300
2002-03-19,0.0207688209462302
2002-03-20,-0.0606069084930637
2002-03-21,0.0109446641496206
2002-03-22,0.007550879265931300
2002-03-25,-0.0464366918736707
2002-03-26,-0.0026042211871432000
2002-03-27,-0.0056064467985821
2002-03-28,0.033725781740940400
2002-03-29,0.0
2002-04-01,0.0
2002-04-02,-0.021118473450330200
2002-04-03,-0.0172072927547269
2002-04-04,-0.0521627829321046
2002-04-05,0.004870758461901500
2002-04-08,-0.039431352836732
2002-04-09,0.0008775324087977000
2002-04-10,0.0511744938579184
2002-04-11,-0.0851725579463766
2002-04-12,0.0160827818936893
2002-04-15,0.043499392721247500
2002-04-16,0.06369965215540630
2002-04-17,-0.0267889869969169
2002-04-18,-0.014881361951954500
2002-04-19,-0.0045864293478748
2002-04-22,-0.076595469292226
2002-04-23,-0.024306614393008500
2002-04-24,-0.0057969274492921
2002-04-25,-0.017862874253808200
2002-04-26,-0.0268731033709425
2002-04-29,-0.0333029043409419
2002-04-30,0.0550826859627945
2002-05-01,0.0
2002-05-02,0.0187327101512643
2002-05-03,-0.052934714911092800
2002-05-06,-0.0231456710334286
2002-05-07,0.0502745183975266
2002-05-08,0.0899099516566219
2002-05-09,-0.0318621814981609
2002-05-10,-0.0210560272528734
2002-05-13,0.057250600561023500
2002-05-14,0.0439232203676797
2002-05-15,-0.012900243612123500
2002-05-16,0.008168124770798000
2002-05-17,0.0213789409478073
2002-05-20,-0.034112459470093400
2002-05-21,0.012695222913170400
2002-05-22,-0.0358458646902466
2002-05-23,-0.025277592110418200
2002-05-24,-0.0067244287677429
2002-05-27,0.0306582531488093
2002-05-28,0.0
2002-05-29,-0.0443323404477419
2002-05-30,-0.079306714058307
2002-05-31,0.029120373790607000
2002-06-03,-0.0447544751815675
2002-06-04,-0.07257284682171860
2002-06-05,0.0318403786792844
2002-06-06,0.0072880015079949
2002-06-07,-0.0216680138047132
2002-06-10,-0.0157988811872412
2002-06-11,0.0261402305877075
2002-06-12,-0.0683668778821078
2002-06-13,-0.058702875945871800
2002-06-14,-0.1362416387690720
2002-06-17,0.1592532546612740
2002-06-18,-0.0215506429693628
2002-06-19,-0.0757136198444225
2002-06-20,-0.0676994098079087
2002-06-21,-0.0700264518157217
2002-06-24,-0.014183518459638
2002-06-25,0.0763536185511325
2002-06-26,-0.054571421970753
2002-06-27,0.0797379769070647
2002-06-28,0.0771750575978011
2002-07-01,0.0016236007371102000
2002-07-02,-0.0994898774465024
2002-07-03,-0.0709380622739417
2002-07-04,0.0747940313111376
2002-07-05,0.18248959893936300
2002-07-08,-0.0133741940794831
2002-07-09,-0.0563248879530932
2002-07-10,-0.1272129878742590
2002-07-11,-0.0242272439043005
2002-07-12,0.003660424560635100
2002-07-15,-0.1247910022744240
2002-07-16,0.016654579371164
2002-07-17,0.097869570470974
2002-07-18,-0.0034589246281009
2002-07-19,-0.1247917346891190
2002-07-22,-0.20447922568148200
2002-07-23,-0.0994949613183809
2002-07-24,0.005736132797281300
2002-07-25,-0.1172709372776260
2002-07-26,0.0874841043125294
2002-07-29,0.2547512935424370
2002-07-30,-0.0045029058297115
2002-07-31,-0.1562517246923700
2002-08-01,-0.1203595456730430
2002-08-02,-0.0605789745439494
2002-08-05,-0.1941170621331950
2002-08-06,0.1800092246171670
2002-08-07,-0.07511582832690220
2002-08-08,0.1672127036952040
2002-08-09,0.07934803560043830
2002-08-12,-0.09261187276359540
2002-08-13,0.050045455875762100
2002-08-14,-0.07540939623585290
2002-08-15,0.0875134827495424
2002-08-16,-0.009348976422528800
2002-08-19,0.1181819436261060
2002-08-20,-0.10392342890757800
2002-08-21,0.0905378460474018
2002-08-22,0.0190720073754045
2002-08-23,0.0
2002-08-26,0.0
2002-08-27,0.0
2002-08-28,0.0
2002-08-29,-0.2138417017399400
2002-08-30,0.0622705516007657
2002-09-02,-0.10254829492222400
2002-09-03,-0.1887680310728670
2002-09-04,-0.012806818102912500
2002-09-05,-0.028445779341374200
2002-09-06,0.11425232073961000
2002-09-09,-0.0523418374729062
2002-09-10,0.0625988850819506
2002-09-11,0.0640835982439111
2002-09-12,-0.14084951823290800
2002-09-13,-0.0710409993496172
2002-09-16,0.033357544367621800
2002-09-17,-0.001970221866574200
2002-09-18,-0.17502447928998800
2002-09-19,-0.1306923112386470
2002-09-20,0.0542549888980106
2002-09-23,-0.0963835640261738
2002-09-24,-0.050491590036540600
2002-09-25,0.0748479864223921
2002-09-26,0.0961116932004396
2002-09-27,-0.057396190395270000
2002-09-30,-0.263419610337893
2002-10-01,0.179301982837841
2002-10-02,0.0441955796088653
2002-10-03,-0.0682474994768127
2002-10-04,-0.06043674150651670
2002-10-07,-0.0746947196247577
2002-10-08,-0.0809569634842248
2002-10-09,-0.0248825978403096
2002-10-10,0.1398724811942660
2002-10-11,0.2093430922304650
2002-10-14,-0.0561759421458919
2002-10-15,0.23746948614133200
2002-10-16,-0.022700228779336300
2002-10-17,0.16583586395051000
2002-10-18,-0.0007739877398817990
2002-10-21,-0.006022358817439100
2002-10-22,-0.1012808080255700
2002-10-23,-0.1336930862869660
2002-10-24,0.08376241825840990
2002-10-25,0.0023126655892113000
2002-10-28,0.0880460982682003
2002-10-29,-0.1413538567554730
2002-10-30,0.07614879588819700
2002-10-31,0.11794274409391300
2002-11-01,-0.0235030961708107
2002-11-04,0.1431313164531860
2002-11-05,-0.022906987788527500
2002-11-06,-0.0703176458069678
2002-11-07,-0.1408388203670860
2002-11-08,-0.0520610655015756
2002-11-11,-0.0192100728416772
2002-11-12,0.1262283075363340
2002-11-13,-0.0632066377646898
2002-11-14,0.16032693314092000
2002-11-15,0.020333504066121
2002-11-18,0.030041390631980700
2002-11-19,-0.0073806850961339
2002-11-20,-0.028267172712995700
2002-11-21,0.10020197708731500
2002-11-22,0.011335268537414000
2002-11-25,-0.0419266535149397
2002-11-26,-0.08039360574832440
2002-11-27,0.15118218494161500
2002-11-28,-0.012824840141706500
2002-11-29,-0.0283161805390331
2002-12-02,0.07241466792218280
2002-12-03,-0.09554036415205790
2002-12-04,0.0415852141315701
2002-12-05,-0.13584002329769400
2002-12-06,0.0166950057209532
2002-12-09,-0.1294704345365610
2002-12-10,0.0986956089778249
2002-12-11,0.0058581821034123000
2002-12-12,-0.0890066407529264
2002-12-13,-0.08038076158874450
2002-12-16,0.1012708377235590
2002-12-17,-0.0634490744322753
2002-12-18,-0.1099061338598250
2002-12-19,-0.053044542474493200
2002-12-20,0.06623276231440630
2002-12-23,-0.039532570844681500
2002-12-24,0.0
2002-12-25,0.0
2002-12-26,0.0
2002-12-27,-0.1739220538382290
2002-12-30,0.0908304575763635
2002-12-31,0.0
2003-01-01,0.0
2003-01-02,0.1919856804611780
2003-01-03,-0.0252955015019512
2003-01-06,0.08373893465574140
2003-01-07,-0.040005086050383300
2003-01-08,-0.1573148806567200
2003-01-09,0.0240661285417236
2003-01-10,0.0046266923454157
2003-01-13,0.0190436283234919
2003-01-14,0.0151716935554432
2003-01-15,-0.0600433888567001
2003-01-16,-0.0265232594366671
2003-01-17,-0.14752907924745000
2003-01-20,0.001993412824239200
2003-01-21,-0.0124373626707832
2003-01-22,-0.1030454174331890
2003-01-23,0.0204838410214626
2003-01-24,-0.11581002877877500
2003-01-27,-0.08442687874951680
2003-01-28,0.017274594276194400
2003-01-29,0.0706596648357937
2003-01-30,-0.024183409880335400
2003-01-31,0.036954516591084400
2003-02-03,0.0021674669049381000
2003-02-04,-0.1240755936146010
2003-02-05,0.0924898271349277
2003-02-06,-0.1008596614567120
2003-02-07,-0.0812243916729883
2003-02-10,0.0007178341339611010
2003-02-11,0.067809004365753
2003-02-12,-0.0840025543014272
2003-02-13,-0.046548685536967500
2003-02-14,0.1365544324677180
2003-02-17,0.08510087752107960
2003-02-18,0.035604264812524200
2003-02-19,-0.1449345671934470
2003-02-20,-0.0512428918487922
2003-02-21,0.1029143990829930
2003-02-24,-0.1519656518364550
2003-02-25,-0.1772005242233530
2003-02-26,-0.1010424872318750
2003-02-27,0.1596044387865330
2003-02-28,0.0156500531098812
2003-03-03,0.0447705138193475
2003-03-04,-0.09433080163856510
2003-03-05,-0.038911901952308500
2003-03-06,-0.039629290213343900
2003-03-07,-0.0309582659991462
2003-03-10,-0.08284211171763690
2003-03-11,-0.1004287290686860
2003-03-12,-0.133268872220106
2003-03-13,0.18634924956858100
2003-03-14,0.0100489840606751
2003-03-17,0.0582523953521957
2003-03-18,0.4131190155270620
2003-03-19,0.004100826924119500
2003-03-20,0.010375741362909700
2003-03-21,0.1194133333222970
2003-03-24,-0.1876482764496150
2003-03-25,0.0987717504798554
2003-03-26,-0.048027729739289500
2003-03-27,0.0018570661611661000
2003-03-28,-0.0557687192459157
2003-03-31,-0.10640715929777100
2003-04-01,0.0209402626072649
2003-04-02,0.1916842237777640
2003-04-03,-0.009580405375393700
2003-04-04,0.09969427590031880
2003-04-07,0.18555847238704400
2003-04-08,-0.0651041165202494
2003-04-09,-0.0415089933531228
2003-04-10,-0.0091277688241527
2003-04-11,0.053552716590485
2003-04-14,0.0943100987748691
2003-04-15,0.0440514828935954
2003-04-16,-0.040688638179239300
2003-04-17,0.061600623587782000
2003-04-18,0.0
2003-04-21,0.0
2003-04-22,0.043850820750009100
2003-04-23,0.011627906816679300
2003-04-24,-0.0702579267204992
2003-04-25,-0.0081053607712263
2003-04-28,0.10392082362006200
2003-04-29,-0.0382176130697561
2003-04-30,0.0238525862510516
2003-05-01,0.0
2003-05-02,-0.006174387445291000
2003-05-05,-0.002020839346987400
2003-05-06,0.016130470808659700
2003-05-07,-0.0007519862713989000
2003-05-08,-0.0427588358457219
2003-05-09,0.0553621987956956
2003-05-12,-0.0344648694597947
2003-05-13,-0.0480555100287723
2003-05-14,0.029688771711194300
2003-05-15,0.0738826818430347
2003-05-16,-0.020907358580335200
2003-05-19,-0.1546803933050070
2003-05-20,-0.0454376453407639
2003-05-21,-0.0162484314571273
2003-05-22,0.018267949325044700
2003-05-23,-0.0294650284214861
2003-05-26,-0.0142208902201401
2003-05-27,0.036291970845999
2003-05-28,0.0347457493579654
2003-05-29,0.007050162592893500
2003-05-30,0.10235830953113100
2003-06-02,0.0711275616027981
2003-06-03,-0.022080180330461000
2003-06-04,0.057535818528555800
2003-06-05,-0.0111896029543809
2003-06-06,0.1155294712430260
2003-06-09,-0.0630866932097075
2003-06-10,0.0530016430367634
2003-06-11,0.028098525025626900
2003-06-12,0.0177256474475802
2003-06-13,-0.0460628786852624
2003-06-16,0.09999211764942260
2003-06-17,0.0415379140166211
2003-06-18,0.0390682362804182
2003-06-19,-0.0675565220646529
2003-06-20,-0.009149333096215600
2003-06-23,-0.0064476371550681
2003-06-24,0.002620440371683100
2003-06-25,0.013247811043567000
2003-06-26,0.0528240678970184
2003-06-27,0.0022702847165335
2003-06-30,-0.032162161930280900
2003-07-01,-0.0999543405985222
2003-07-02,0.0926148672058041
2003-07-03,0.015510675492637400
2003-07-04,0.0249838992727732
2003-07-07,0.1191441479852250
2003-07-08,0.0187973453615824
2003-07-09,-0.0612970179334677
2003-07-10,-0.0396463963682976
2003-07-11,0.037364023620103400
2003-07-14,0.049066274889127400
2003-07-15,-0.010565848553919700
2003-07-16,-0.014208544933576900
2003-07-17,-0.0376027218350102
2003-07-18,0.0245241444887508
2003-07-21,-0.0456607788753582
2003-07-22,0.011919129101034200
2003-07-23,-0.0252415311283428
2003-07-24,0.0754172172673046
2003-07-25,-0.0139145961731186
2003-07-28,0.038229108444916300
2003-07-29,-0.017502472243574100
2003-07-30,0.0208650782487547
2003-07-31,0.0822093410807313
2003-08-01,-0.0277955124213506
2003-08-04,-0.0154240559488844
2003-08-05,0.0237967156395203
2003-08-06,-0.0689878982976765
2003-08-07,-0.0710659939881611
2003-08-08,0.0018068772612204000
2003-08-11,0.0062651676685052
2003-08-12,0.0263025382560732
2003-08-13,0.0372989187941945
2003-08-14,0.0486125466822473
2003-08-15,-0.004044961800706700
2003-08-18,0.06744016715490960
2003-08-19,0.015911356702157700
2003-08-20,0.026914762871789300
2003-08-21,0.0696879011739978
2003-08-22,-1.2268475674199E-05
2003-08-25,-0.0438938378526848
2003-08-26,-0.0480965361609867
2003-08-27,0.0122328703607292
2003-08-28,0.022196952838392800
2003-08-29,-0.015616382204322500
2003-09-01,0.06897743281103750
2003-09-02,-0.0014142577464288000
2003-09-03,0.079178716247587
2003-09-04,0.0038469012045531
2003-09-05,-0.0520412123276842
2003-09-08,0.01710058991576
2003-09-09,-0.0506309164514094
2003-09-10,-0.0813844131406243
2003-09-11,0.036914058601822400
2003-09-12,-0.0612997475146236
2003-09-15,0.018725754591015
2003-09-16,0.0376368437552856
2003-09-17,0.0046802171500067
2003-09-18,0.0841931117464409
2003-09-19,0.0033799339579565000
2003-09-22,-0.1529967304920570
2003-09-23,-0.0345651558403306
2003-09-24,-0.1364811107388160
2003-09-25,0.019399395274600800
2003-09-26,0.0300051241366963
2003-09-29,-0.009907869859950900
2003-09-30,-0.06507435980143080
2003-10-01,0.0755199094652895
2003-10-02,-0.0758448445332499
2003-10-03,0.11673729859726000
2003-10-06,0.025121288480140200
2003-10-07,-0.048224151596552500
2003-10-08,0.0348247772627944
2003-10-09,0.0613886288504921
2003-10-10,-0.0313743171074968
2003-10-13,0.0548300455972721
2003-10-14,-0.0005547711730402000
2003-10-15,0.0200720026183126
2003-10-16,0.0092222600610975
2003-10-17,-0.043527261551435100
2003-10-20,0.011783121586871000
2003-10-21,0.0063202841636754
2003-10-22,-0.0732252354690353
2003-10-23,0.005698652494497100
2003-10-24,-0.0349317385327528
2003-10-27,0.0505955456021085
2003-10-28,0.0578095620498881
2003-10-29,0.010388825797493200
2003-10-30,0.0270211262849687
2003-10-31,0.0213927116662399
2003-11-03,0.0870520098892672
2003-11-04,0.0094837571412428
2003-11-05,-0.025784856975042100
2003-11-06,0.0479071338798665
2003-11-07,0.1212711543069430
2003-11-10,-0.029304479783206600
2003-11-11,0.0209680193587428
2003-11-12,-0.0095458573448324
2003-11-13,0.0261573813431736
2003-11-14,0.0219379032776993
2003-11-17,-0.10804477433214900
2003-11-18,-0.027380348470173300
2003-11-19,-0.016025694306209200
2003-11-20,0.0008237205573124990
2003-11-21,0.005832825438111
2003-11-24,0.0935069921283398
2003-11-25,0.0128445057084942
2003-11-26,-0.0351688418502418
2003-11-27,0.0413353186731034
2003-11-28,-0.026185158471883400
2003-12-01,0.0684813682389111
2003-12-02,-0.0333344233036767
2003-12-03,0.0693690274798674
2003-12-04,-0.018939854081872600
2003-12-05,-0.0401934500299532
2003-12-08,-0.0327091910119522
2003-12-09,0.0053574355448618000
2003-12-10,-0.011285988450446100
2003-12-11,0.0315359946842752
2003-12-12,0.0014588071620052000
2003-12-15,0.0165776215697035
2003-12-16,-0.0112775609435735
2003-12-17,-0.0259088042569308
2003-12-18,0.0313459685118144
2003-12-19,0.0184255311029164
2003-12-22,-0.0259316204235508
2003-12-23,0.0080823182153148
2003-12-24,0.0
2003-12-25,0.0
2003-12-26,0.0
2003-12-29,0.0264693131476074
2003-12-30,-0.0047920775783584
2003-12-31,0.0
2004-01-01,0.0
2004-01-02,0.044845724087437000
2004-01-05,0.0138878488179008
2004-01-06,-0.028345618337819500
2004-01-07,-0.0200564573375257
2004-01-08,0.06400358977033920
2004-01-09,-0.0155489159125769
2004-01-12,-0.0022797933789962
2004-01-13,0.021126845371688700
2004-01-14,0.0360129641333589
2004-01-15,0.005097343023501300
2004-01-16,0.019306607317017900
2004-01-19,0.007722833293572900
2004-01-20,-0.015074208452289900
2004-01-21,-0.0198350055140697
2004-01-22,-0.021129383174872800
2004-01-23,-0.0147873194406033
2004-01-26,-0.0240414511410317
2004-01-27,0.019841552157021500
2004-01-28,0.033402349925121300
2004-01-29,-0.040434035383554
2004-01-30,-0.0164238287680918
2004-02-02,0.005419841973803000
2004-02-03,-0.0291928281890753
2004-02-04,-0.0471663759743572
2004-02-05,-0.0270971958804126
2004-02-06,0.0060937514649965
2004-02-09,0.0283715618636075
2004-02-10,0.0215675300213973
2004-02-11,0.0357171284452094
2004-02-12,-0.0067518412415806
2004-02-13,-0.046446510720867
2004-02-16,0.0055808847988715
2004-02-17,0.0138214931923433
2004-02-18,-0.0202079570865668
2004-02-19,0.018695203182052
2004-02-20,-0.07374167732438370
2004-02-23,-0.0032119294944685000
2004-02-24,-0.06367459461105910
2004-02-25,0.016602834538172800
2004-02-26,0.0244105772094744
2004-02-27,0.004628206538296900
2004-03-01,0.0396895367598112
2004-03-02,0.0628335132873113
2004-03-03,-0.0167582799162053
2004-03-04,0.0185684870066851
2004-03-05,-0.012040811970159700
2004-03-08,0.0155220418695433
2004-03-09,-0.0294742113736403
2004-03-10,-0.0471059913438304
2004-03-11,-0.1225474175759380
2004-03-12,0.0140699213254653
2004-03-15,-0.0909629574651076
2004-03-16,0.0071123218707868
2004-03-17,0.07731104681182830
2004-03-18,-0.0742343833993935
2004-03-19,-0.0336299253797411
2004-03-22,-0.0744518955404567
2004-03-23,-0.008993497322921600
2004-03-24,-0.0088448345227877
2004-03-25,0.061256389839692800
2004-03-26,0.0129727821291337
2004-03-29,0.0459735733075322
2004-03-30,-0.0056419269093438
2004-03-31,-0.0418713295469237
2004-04-01,0.0550173236545807
2004-04-02,0.0739639243677122
2004-04-05,0.0360653960790759
2004-04-06,-0.0185784971213206
2004-04-07,-0.0132316937461574
2004-04-08,0.0126380053586777
2004-04-09,0.0
2004-04-12,0.0
2004-04-13,0.060792675347374200
2004-04-14,-0.0408267431949903
2004-04-15,0.0005405796811078000
2004-04-16,0.0196471713761157
2004-04-19,0.0053170087819846
2004-04-20,0.0259106595469223
2004-04-21,-0.0045475333174488
2004-04-22,0.0385632067376036
2004-04-23,0.0549182851108964
2004-04-26,-0.005226779038627
2004-04-27,0.018488465059331600
2004-04-28,-0.070662587296662
2004-04-29,-0.015803249779321900
2004-04-30,-0.009040635007237600
2004-05-03,0.032440451247067
2004-05-04,-0.0200155015547296
2004-05-05,0.0269244872663428
2004-05-06,-0.09861126242241510
2004-05-07,-0.00048587339971160000
2004-05-10,-0.0906757449582444
2004-05-11,0.0221160089133715
2004-05-12,-0.030253504383660100
2004-05-13,0.0427921850657672
2004-05-14,-0.0063282127111732
2004-05-17,-0.053783276210165400
2004-05-18,0.0639791072217421
2004-05-19,0.0925647786135046
2004-05-20,-0.046028187676262
2004-05-21,-0.015664097350435700
2004-05-24,0.0367673616031958
2004-05-25,-0.0426134636244644
2004-05-26,0.0603877122607174
2004-05-27,0.0431026926340055
2004-05-28,-0.030895903000705700
2004-05-31,0.0149749342713922
2004-06-01,-0.0333961539262352
2004-06-02,0.027121470708687
2004-06-03,-0.0006935565592016000
2004-06-04,0.0185460930800031
2004-06-07,0.0385473540079439
2004-06-08,-0.0037676320362116000
2004-06-09,-0.0297615011539592
2004-06-10,0.011290717570799200
2004-06-11,0.005721287340409
2004-06-14,-0.0679149991649438
2004-06-15,0.0279966179384117
2004-06-16,0.003994633239719
2004-06-17,-0.015668995909352
2004-06-18,-0.0032685034894869
2004-06-21,-0.0089020887064817
2004-06-22,-0.0537623070103268
2004-06-23,0.0268179053303316
2004-06-24,0.0800771116819407
2004-06-25,-0.0053175847749815
2004-06-28,0.0449292409747401
2004-06-29,0.0040046786512188
2004-06-30,0.0054977343817612000
2004-07-01,-0.0186245121312066
2004-07-02,-0.0365164708770081
2004-07-05,-0.005546651837224400
2004-07-06,-0.0371830711606532
2004-07-07,0.0003120142392566
2004-07-08,0.0127516789287299
2004-07-09,-0.010046149975822700
2004-07-12,-0.0283475573791882
2004-07-13,0.0198537000700932
2004-07-14,-0.0067068877846804
2004-07-15,-0.039593396775916700
2004-07-16,-0.0026193087648022000
2004-07-19,-0.0322511640716658
2004-07-20,0.0190711574434489
2004-07-21,0.0404669879022541
2004-07-22,-0.0589831585182911
2004-07-23,-0.004222332496949000
2004-07-26,-0.042427169411901700
2004-07-27,0.0324944155008053
2004-07-28,0.021536817519250200
2004-07-29,0.0867144976211312
2004-07-30,0.0249647263814156
2004-08-02,-0.0206933546768459
2004-08-03,0.013269113323603
2004-08-04,-0.0614643205796476
2004-08-05,-0.021193509862261600
2004-08-06,-0.0869450880859949
2004-08-09,-0.030308515455485200
2004-08-10,0.0184921713735571
2004-08-11,-0.035612018027368500
2004-08-12,-0.0374913808241748
2004-08-13,-0.043606703405959100
2004-08-16,0.0519834569330326
2004-08-17,-0.0070992501803553
2004-08-18,0.0189969979931234
2004-08-19,0.0099510675927354
2004-08-20,0.0027194072524006000
2004-08-23,0.0527391521620304
2004-08-24,0.0022169071052456
2004-08-25,0.0017183155620172
2004-08-26,0.029875829420144000
2004-08-27,0.0203645848740383
2004-08-30,-0.0034583213436464
2004-08-31,-0.0525087290876342
2004-09-01,0.031031487802278000
2004-09-02,0.013334531545934200
2004-09-03,0.0185033610959766
2004-09-06,0.0274950773893873
2004-09-07,0.0046735834942584
2004-09-08,-0.00045989587455060000
2004-09-09,-0.0333154704215228
2004-09-10,0.0241518565977577
2004-09-13,0.0697104585961246
2004-09-14,0.0071487521782313
2004-09-15,-0.0288431952223622
2004-09-16,0.0108501587119894
2004-09-17,0.0155104118749432
2004-09-20,-0.007433978082122400
2004-09-21,0.0093608284041363
2004-09-22,-0.0348502516728295
2004-09-23,-0.0392698586314309
2004-09-24,0.0096746760339527
2004-09-27,-0.022089821928591800
2004-09-28,0.0016695802942917000
2004-09-29,0.035436262964563500
2004-09-30,-0.035376969591541700
2004-10-01,0.0790485864965039
2004-10-04,0.0361216291272339
2004-10-05,0.024276515141134
2004-10-06,-0.0015983645685118000
2004-10-07,0.00040955176358200000
2004-10-08,-0.0359952451170419
2004-10-11,-0.0058632933178985000
2004-10-12,-0.058308415962342300
2004-10-13,0.0133817390848437
2004-10-14,-0.0316447863917275
2004-10-15,-0.0056191529005298000
2004-10-18,-0.0026267686479796000
2004-10-19,0.039982549695443
2004-10-20,-0.0472873511077475
2004-10-21,0.0134391430451869
2004-10-22,0.0027728713088135
2004-10-25,-0.08045284192277890
2004-10-26,0.0080514510139848
2004-10-27,0.0439623876068999
2004-10-28,0.0331731488467965
2004-10-29,-0.0297537206658224
2004-11-01,0.0457107555183734
2004-11-02,0.0234796663731757
2004-11-03,-0.0165369944974847
2004-11-04,-0.013232269666823
2004-11-05,0.0184567399690863
2004-11-08,0.0070533981227675
2004-11-09,-0.0074172477597216
2004-11-10,0.014464381828234800
2004-11-11,0.038496641221254
2004-11-12,0.0022095984142088
2004-11-15,-0.0069424196129483
2004-11-16,-0.0213978867092604
2004-11-17,0.034860119803325100
2004-11-18,0.0019804177872648
2004-11-19,-0.025298171842789600
2004-11-22,-0.011721538626264000
2004-11-23,-0.019067586293932400
2004-11-24,-0.0058330731187007
2004-11-25,0.030558755598282900
2004-11-26,-0.0100582320053906
2004-11-29,0.0031229441113196000
2004-11-30,-0.0222282555191705
2004-12-01,0.049413122521983300
2004-12-02,0.0292390163520557
2004-12-03,-0.010121357779388900
2004-12-06,-0.0062909908762145
2004-12-07,0.0063489563526318
2004-12-08,0.018781384710397
2004-12-09,-0.0313572803610353
2004-12-10,0.014259011515996
2004-12-13,0.028547640667417500
2004-12-14,0.027416148503759300
2004-12-15,-0.0067343662704824
2004-12-16,0.0085627675659162
2004-12-17,-0.043907327329366900
2004-12-20,0.019964875654904500
2004-12-21,0.0068673877082207
2004-12-22,0.025414055012047800
2004-12-23,-0.0026967436194191
2004-12-24,0.0
2004-12-27,-0.014214737385854300
2004-12-28,0.0131435383058977
2004-12-29,-0.013325669212224100
2004-12-30,0.0042536380128261
2004-12-31,0.0
2005-01-03,0.0319216955067742
2005-01-04,-0.0003649608689963020
2005-01-05,-0.0369573515199462
2005-01-06,0.014681761843611100
2005-01-07,-0.0009549860712871
2005-01-10,-0.000531803992414
2005-01-11,-0.0311027752336233
2005-01-12,-0.0321846461646121
2005-01-13,-0.014612802088113100
2005-01-14,0.020166014001014100
2005-01-17,0.029199800716005900
2005-01-18,0.0016388880564572000
2005-01-19,-0.013898629624704500
2005-01-20,-0.014119068827761
2005-01-21,0.0047822139679373000
2005-01-24,-0.0003451017742721000
2005-01-25,0.024864863043265000
2005-01-26,-0.0204656021445968
2005-01-27,0.0215226195707179
2005-01-28,-0.0118835723145485
2005-01-31,-0.027412763523831600
2005-02-01,0.0410749382454606
2005-02-02,-0.020365772379392
2005-02-03,-0.0215182902906713
2005-02-04,0.0401224376341089
2005-02-07,0.0328586561922241
2005-02-08,-0.0077325826231429
2005-02-09,0.0042941211501144
2005-02-10,0.022613901186197800
2005-02-11,0.026625617130407400
2005-02-14,-0.0054427844656767000
2005-02-15,-0.006191220573233300
2005-02-16,-0.027438709594278100
2005-02-17,0.006620592313087700
2005-02-18,0.006995427101430600
2005-02-21,0.0074366177704123000
2005-02-22,-0.036818256722415700
2005-02-23,-0.0197874985028459
2005-02-24,0.0028314767612776000
2005-02-25,0.0267467814354027
2005-02-28,-0.0149746148838767
2005-03-01,0.0220671336129562
2005-03-02,0.0383428386119612
2005-03-03,-0.0003438687132769
2005-03-04,0.022330413732883700
2005-03-07,0.0031045698019165
2005-03-08,-0.012811661994151400
2005-03-09,-0.0224479880425893
2005-03-10,0.0302357181166657
2005-03-11,0.0380621387983176
2005-03-14,-0.010441950405406600
2005-03-15,-0.0166429056230967
2005-03-16,-0.0436821703849418
2005-03-17,0.0074496659899297
2005-03-18,0.012704318285948100
2005-03-21,-0.004330525278092600
2005-03-22,0.027974401128498300
2005-03-23,-0.013169717109078200
2005-03-24,0.0160350423651703
2005-03-25,0.0
2005-03-28,0.0
2005-03-29,-0.017048635958191
2005-03-30,0.0111787681299704
2005-03-31,-0.0140013474056848
2005-04-01,0.017569313068982
2005-04-04,-0.017695139576181000
2005-04-05,0.0183858085806436
2005-04-06,0.0136099963265415
2005-04-07,0.008619393934604500
2005-04-08,0.005083968353282900
2005-04-11,0.001566784813606
2005-04-12,-0.0149972674640542
2005-04-13,0.0115582941838147
2005-04-14,-0.0098302814380169
2005-04-15,-0.061399856152288500
2005-04-18,-0.086788815915778
2005-04-19,0.013372825710541900
2005-04-20,-0.0276713584663223
2005-04-21,-0.011213189174332400
2005-04-22,0.0204538468148319
2005-04-25,0.0043548268695505
2005-04-26,-0.009381084444409900
2005-04-27,-0.038586800391629
2005-04-28,-0.0146234674392667
2005-04-29,0.0287289376331826
2005-05-02,0.0338017952544292
2005-05-03,0.0204512146510393
2005-05-04,0.002032310716666
2005-05-05,0.017366260434880600
2005-05-06,0.0206792451816774
2005-05-09,-0.006146201040957400
2005-05-10,-0.0208033858960926
2005-05-11,0.009114505454591000
2005-05-12,0.0348311516860521
2005-05-13,0.009599772589374700
2005-05-16,-0.021116794706159100
2005-05-17,5.70933957985001E-05
2005-05-18,0.060113083676873200
2005-05-19,0.0290663769900392
2005-05-20,0.011915742315548700
2005-05-23,0.0103790636606353
2005-05-24,-0.00036990760025550000
2005-05-25,-0.0118282021230551
2005-05-26,0.0113527686776035
2005-05-27,0.0070928275424947000
2005-05-30,0.0164469551206739
2005-05-31,0.00016047577991280000
2005-06-01,0.0629182236878806
2005-06-02,0.024306656588854300
2005-06-03,-0.021033061633250200
2005-06-06,0.018311677548855
2005-06-07,0.0480167131460926
2005-06-08,-0.012331117036576500
2005-06-09,0.0098226985988676
2005-06-10,0.0177213938572519
2005-06-13,0.0156482780975798
2005-06-14,-0.0166342516081226
2005-06-15,-0.046168128791829
2005-06-16,0.0197880548444047
2005-06-17,-0.0018794448097100000
2005-06-20,-0.0057911372449694
2005-06-21,0.026730204695642
2005-06-22,0.011097040778863800
2005-06-23,0.0188496969235395
2005-06-24,-0.0669828802569254
2005-06-27,-0.0354096957003191
2005-06-28,0.0228002403113366
2005-06-29,0.0165477806612974
2005-06-30,-0.0094432467219864
2005-07-01,0.026665403637507000
2005-07-04,0.0160400908442003
2005-07-05,-0.0071525990757518
2005-07-06,-0.0021450236861243000
2005-07-07,-0.0681841888566244
2005-07-08,0.0591239460274917
2005-07-11,0.0456663416130466
2005-07-12,-0.010579052387006000
2005-07-13,0.022588762585727600
2005-07-14,0.0175350307540169
2005-07-15,0.0137665325441363
2005-07-18,0.008887396195850600
2005-07-19,0.024731791787384600
2005-07-20,0.0130313722875401
2005-07-21,0.0267308899949526
2005-07-22,-0.0015794668406412000
2005-07-25,0.013983487627242800
2005-07-26,-0.027073193698381000
2005-07-27,-0.0018052449107853000
2005-07-28,-0.009570097284873200
2005-07-29,-0.0140657603222134
2005-08-01,0.010309824853901600
2005-08-02,0.030495231606733
2005-08-03,-0.0339681982387653
2005-08-04,-0.0364968161310217
2005-08-05,-0.0253624526983544
2005-08-08,0.0225819415963604
2005-08-09,0.037551734360625
2005-08-10,-0.0095633670333628
2005-08-11,-0.0204711526935064
2005-08-12,-0.017942353059640700
2005-08-15,-0.0250547143434273
2005-08-16,-0.036800927362334
2005-08-17,0.0002972310956324
2005-08-18,-0.004599149223902800
2005-08-19,0.042360066614535400
2005-08-22,0.0113984918605654
2005-08-23,-0.0008076333033355000
2005-08-24,-0.013667856784664300
2005-08-25,-0.041152379763659200
2005-08-26,-0.0475628647002369
2005-08-29,0.0143076289207331
2005-08-30,-0.0115893837847122
2005-08-31,0.029798147713268300
2005-09-01,0.0054332358789907
2005-09-02,0.0091159296505934
2005-09-05,0.0457474277037067
2005-09-06,0.0272151974936624
2005-09-07,0.0334119367689656
2005-09-08,-0.0049949648085924
2005-09-09,0.0252544517328072
2005-09-12,-0.0006665599850968010
2005-09-13,-0.0658368799023995
2005-09-14,0.0023516370301737
2005-09-15,-0.0043105500461342
2005-09-16,0.0514379184025577
2005-09-19,-0.0158441101977887
2005-09-20,0.0406276097858896
2005-09-21,-0.056499109033957500
2005-09-22,-0.0296611224371201
2005-09-23,-0.0027945644604586000
2005-09-26,0.0889269337748168
2005-09-27,-0.027682822698376300
2005-09-28,0.048682073865540900
2005-09-29,-0.017416911643787000
2005-09-30,0.021883878959754900
2005-10-03,0.0191763528359047
2005-10-04,0.0440820843221784
2005-10-05,-0.0574395878709517
2005-10-06,-0.0356256558002329
2005-10-07,-0.0037783915051478
2005-10-10,-0.0066603578317077
2005-10-11,0.0024411478832534000
2005-10-12,-0.0285541421176395
2005-10-13,-0.0027125616038041
2005-10-14,0.0034405921947790000
2005-10-17,-0.0046777034833104000
2005-10-18,-0.015981523274116600
2005-10-19,-0.055756757848596
2005-10-20,-0.014052762353116700
2005-10-21,-0.0203829009054003
2005-10-24,0.039918758745271000
2005-10-25,-0.0393496431582153
2005-10-26,0.007131603331326600
2005-10-27,-0.049059923920292800
2005-10-28,0.013966513772487600
2005-10-31,0.0443543404244814
2005-11-01,-0.0015725653804241000
2005-11-02,0.0143965084641276
2005-11-03,0.0016488365579489000
2005-11-04,-0.0313496952714304
2005-11-07,0.0382759863279587
2005-11-08,0.0036767675891216000
2005-11-09,0.0360905000167973
2005-11-10,0.0006947657649783990
2005-11-11,0.0711232832733981
2005-11-14,0.0209251522455831
2005-11-15,0.0117102811374581
2005-11-16,0.0034476751660194
2005-11-17,0.0251441010087069
2005-11-18,0.029589326595541
2005-11-21,0.030234095901376900
2005-11-22,-0.013369630557688200
2005-11-23,-0.013056485538974
2005-11-24,-0.0095138392523195
2005-11-25,0.0022516816512250000
2005-11-28,-0.0062871897575493
2005-11-29,0.009413917885537700
2005-11-30,-0.0009497787299617000
2005-12-01,0.039079234048320600
2005-12-02,0.024570641065148700
2005-12-05,-0.01578387040463
2005-12-06,0.012408104279910200
2005-12-07,-0.0191659053707474
2005-12-08,0.0145037973437556
2005-12-09,0.0106642575322738
2005-12-12,0.007305701665663200
2005-12-13,0.011343497994172200
2005-12-14,0.0099976806568568
2005-12-15,-0.009960396040509400
2005-12-16,0.0317742030430781
2005-12-19,-0.0010942777241011000
2005-12-20,0.007433512691489200
2005-12-21,0.021679037465041700
2005-12-22,-0.0108072749962733
2005-12-23,0.017638333144930000
2005-12-26,0.0
2005-12-27,0.017765255540862700
2005-12-28,0.0039688971084136
2005-12-29,0.0211488330986283
2005-12-30,-0.0423406316611631
2006-01-02,0.0261412516177008
2006-01-03,0.0129917215827819
2006-01-04,0.041688459447315
2006-01-05,-0.0181029022660404
2006-01-06,0.0155244408219245
2006-01-09,-0.0085327828195517
2006-01-10,-0.0332251722884808
2006-01-11,-0.0011518496585791000
2006-01-12,-0.0071747458906937
2006-01-13,-0.0272288975345635
2006-01-16,0.0010584475496430000
2006-01-17,-0.037739423171152800
2006-01-18,-0.025923717640727000
2006-01-19,-0.0074010561461922
2006-01-20,-0.021405974343257600
2006-01-23,0.0005508761326973990
2006-01-24,-0.0020121929757785
2006-01-25,0.035556652172509700
2006-01-26,0.0526229617896494
2006-01-27,0.055875440280373400
2006-01-30,-0.0207331263625509
2006-01-31,0.0036787215219621000
2006-02-01,0.0218771608073801
2006-02-02,-0.0299221799991497
2006-02-03,0.0015166282262912000
2006-02-06,0.0201506857233897
2006-02-07,0.0108239156459057
2006-02-08,-0.020234614944194400
2006-02-09,0.054947798752641600
2006-02-10,-0.012965650721867100
2006-02-13,0.045911333251099200
2006-02-14,-0.0025906481954102
2006-02-15,0.0005653933043852000
2006-02-16,0.0125056964718118
2006-02-17,-0.0017930196759451
2006-02-20,-0.0140581980160915
2006-02-21,-0.0225386157193282
2006-02-22,0.0408423738100433
2006-02-23,0.0017344140880132000
2006-02-24,0.00042038211993850000
2006-02-27,0.0281202157868306
2006-02-28,-0.0465859989116743
2006-03-01,0.0211785859006546
2006-03-02,-0.0320344472518642
2006-03-03,-0.0385991273694651
2006-03-06,-0.0344027061607191
2006-03-07,-0.0063133849792442
2006-03-08,-0.0371768994631554
2006-03-09,0.0750311533107898
2006-03-10,0.0166625190691319
2006-03-13,0.017827439714891900
2006-03-14,0.039686176586055300
2006-03-15,0.016966321717794100
2006-03-16,-0.008714454648982200
2006-03-17,-0.0196603279341784
2006-03-20,0.0193643156468107
2006-03-21,-0.0068751320041587
2006-03-22,0.0675004127874457
2006-03-23,0.035314944984522800
2006-03-24,0.0301478835205473
2006-03-27,-0.0511035867278879
2006-03-28,-0.0196924642295907
2006-03-29,-0.023672533007315100
2006-03-30,0.0432966930524207
2006-03-31,-0.006783017767444800
2006-04-03,0.0395814459205397
2006-04-04,-0.0256080412870249
2006-04-05,0.0108845261717799
2006-04-06,-0.00020569312080670000
2006-04-07,-0.0483550795984515
2006-04-10,0.028862440584090700
2006-04-11,-0.0382912703334751
2006-04-12,-0.008863517713811600
2006-04-13,0.0094265999090758
2006-04-18,-0.0213120212066419
2006-04-19,0.0549606784625691
2006-04-20,0.0392388738488589
2006-04-21,0.0207692281431663
2006-04-24,0.0016807442542999000
2006-04-25,-0.0165903108259657
2006-04-26,0.0479589552014795
2006-04-27,-0.012777895221644700
2006-04-28,-0.0590576748776621
2006-05-02,0.0099652354591358
2006-05-03,-0.0568990849057728
2006-05-04,0.021693918650282000
2006-05-05,0.022345777265361400
2006-05-08,-0.023334376552168200
2006-05-09,0.0279350373787851
2006-05-10,-0.0020173855260293
2006-05-11,-0.032612029911140200
2006-05-12,-0.051013577859107800
2006-05-15,-0.043405451676573300
2006-05-16,-0.0023567980389341
2006-05-17,-0.10738854368844000
2006-05-18,0.030542364125376
2006-05-19,-6.23558515525993E-05
2006-05-22,-0.058685344878420800
2006-05-23,0.0734261832595253
2006-05-24,-0.0606426958760736
2006-05-25,0.0682390410548869
2006-05-26,0.0804218396044646
2006-05-29,-0.0216522190663461
2006-05-30,-0.0684162228396096
2006-05-31,0.0097264038975622
2006-06-01,-0.0181460760274209
2006-06-02,-0.0226838970320093
2006-06-05,-0.0378107582840099
2006-06-06,-0.0556873702775064
2006-06-07,0.022675812458774700
2006-06-08,-0.06771989993773
2006-06-09,0.023452935317531200
2006-06-12,-0.0550213935344683
2006-06-13,-0.0942148913816002
2006-06-14,0.05183699568834090
2006-06-15,0.0
2006-06-16,0.0
2006-06-19,0.1392628795354080
2006-06-20,0.0213431881951791
2006-06-21,0.0047354780639375
2006-06-22,0.005440297104365100
2006-06-23,-0.0127286837937183
2006-06-26,-0.025670985639073
2006-06-27,-0.0269366471658662
2006-06-28,0.0145864794150833
2006-06-29,0.07664197132468830
2006-06-30,0.0681979844156839
2006-07-03,0.014676662903588400
2006-07-04,0.0101887897891054
2006-07-05,-0.056464343980142400
2006-07-06,0.017054003385938900
2006-07-07,0.009069136851435200
2006-07-10,0.0194238995997566
2006-07-11,-0.037422339515608400
2006-07-12,0.0219533084351176
2006-07-13,-0.0448826633318888
2006-07-14,-0.0594524948114558
2006-07-17,-0.0031617145215705000
2006-07-18,-0.0060219324587391000
2006-07-19,0.07197552132948220
2006-07-20,0.0226091587898559
2006-07-21,-0.0485276125897375
2006-07-24,0.0628015889992451
2006-07-25,0.0196391739423269
2006-07-26,0.0005665831011969000
2006-07-27,-0.0030895134351906000
2006-07-28,0.028160994493409400
2006-07-31,-0.0095635696947848
2006-08-01,-0.04601810293784
2006-08-02,0.0271926343945994
2006-08-03,-0.0319450509599971
2006-08-04,0.0218913727998277
2006-08-07,-0.06909831951211710
2006-08-08,0.0130895754641423
2006-08-09,0.042705773911173300
2006-08-10,-0.0094332956902548
2006-08-11,0.0104661789763523
2006-08-14,0.0335583824280766
2006-08-15,0.0400895391002166
2006-08-16,0.0167841559546507
2006-08-17,0.0122609635147286
2006-08-18,-0.00020584337448260000
2006-08-21,-0.0211438903050788
2006-08-22,0.0194486460024896
2006-08-23,-0.015144137582437
2006-08-24,0.016673144253363000
2006-08-25,-0.008209365631415
2006-08-28,0.0161836311549315
2006-08-29,-0.0068316381996787
2006-08-30,0.0014700142090282000
2006-08-31,-0.0129544800673756
2006-09-01,-0.0002920802658275000
2006-09-04,0.0185097953510698
2006-09-05,-0.0167797195566282
2006-09-06,-0.0384160871366111
2006-09-07,-0.026098638614051000
2006-09-08,0.0057695937977594
2006-09-11,0.0067939693800319000
2006-09-12,0.0473374870366106
2006-09-13,0.0151303073949621
2006-09-14,-0.0022393824591045
2006-09-15,0.014611437105534000
2006-09-18,-0.019334549038243500
2006-09-19,0.0016743417551201000
2006-09-20,0.0174308356108651
2006-09-21,0.0279684825243884
2006-09-22,-0.0471771330886387
2006-09-25,0.024540533664650800
2006-09-26,0.040017728515101400
2006-09-27,0.006093056545389600
2006-09-28,0.0193491293135616
2006-09-29,0.0262883321365874
2006-10-02,-0.0176002253032171
2006-10-03,-0.0068654094979792
2006-10-04,0.0128859381450552
2006-10-05,0.004697742864262
2006-10-06,-0.007377696480623700
2006-10-09,-0.0076061442245833
2006-10-10,0.0038850240178038
2006-10-11,-0.0128610167782341
2006-10-12,0.007539612243123900
2006-10-13,0.018418317198826800
2006-10-16,0.019195698875693300
2006-10-17,-0.022623298148880400
2006-10-18,0.046182073214780900
2006-10-19,0.030147173364566900
2006-10-20,0.028876643731024400
2006-10-23,-0.00033970088503350100
2006-10-24,0.0024935449957825
2006-10-25,0.0121568665129485
2006-10-26,-0.0012876675408497000
2006-10-27,-0.021730264607995
2006-10-30,-0.026075838366582
2006-10-31,0.0067589470605139
2006-11-01,0.0236551726564232
2006-11-02,-0.0415356285700353
2006-11-03,0.0081260099240589
2006-11-06,0.038060842068912600
2006-11-07,-0.0037451067576418
2006-11-08,-0.017005804672809500
2006-11-09,0.0414013249984468
2006-11-10,0.00985404236875
2006-11-13,0.0030445163783057000
2006-11-14,-0.0069899606899786
2006-11-15,0.029769490488896000
2006-11-16,0.0068610979999843
2006-11-17,-0.0222014667503911
2006-11-20,0.012667503943354500
2006-11-21,-0.0130660498240279
2006-11-22,-0.0112028541318367
2006-11-23,0.0042195089145748
2006-11-24,-0.0667480554272375
2006-11-27,-0.031768623641577000
2006-11-28,-0.010690066013872100
2006-11-29,0.020658104559436200
2006-11-30,-0.044507370078296000
2006-12-01,-0.027405160319648400
2006-12-04,0.017761372709965
2006-12-05,0.0488123503655537
2006-12-06,-0.0243640613242619
2006-12-07,0.0204201250964772
2006-12-08,0.011275741767901100
2006-12-11,0.012318642586825700
2006-12-12,0.0133505222135587
2006-12-13,0.0247936669778079
2006-12-14,0.0126976974741754
2006-12-15,-0.0023566984362715000
2006-12-18,-0.0008184320302149010
2006-12-19,-0.024288206222382600
2006-12-20,0.0271919535441487
2006-12-21,-0.0023905738397199000
2006-12-22,-0.0385949865537
2006-12-27,0.0552654230393136
2006-12-28,0.012527567798952
2006-12-29,-0.004773693668398900
2007-01-02,0.0315077909653234
2007-01-03,0.004739910303655
2007-01-04,-0.012932151096787400
2007-01-05,-0.01638461229827
2007-01-08,-0.0235774318237883
2007-01-09,0.015329155231002
2007-01-10,0.004913382874155500
2007-01-11,0.0494970478482718
2007-01-12,0.042009959247699300
2007-01-15,0.0042146279913609
2007-01-16,-0.004951737046799800
2007-01-17,0.0366194281572592
2007-01-18,0.0237720081083773
2007-01-19,0.00412175623231
2007-01-22,-0.031079468872076900
2007-01-23,0.0078884057863348
2007-01-24,0.0547691087586652
2007-01-25,0.019996244321675900
2007-01-26,0.0100606112875893
2007-01-29,0.033643489748771400
2007-01-30,0.0421392939563356
2007-01-31,0.020264979105413800
2007-02-01,0.019928770026416300
2007-02-02,-0.0093056308263798
2007-02-05,-0.0192450901135749
2007-02-06,-0.027329424098844900
2007-02-07,-0.0058988307828827
2007-02-08,-0.04755710207932020
2007-02-09,0.033563499188293800
2007-02-12,-0.012499610827303700
2007-02-13,0.0442082746193407
2007-02-14,0.0136939014934833
2007-02-15,-0.0210885383846125
2007-02-16,-0.003870847582025200
2007-02-19,0.0159813564190997
2007-02-20,-0.0252231678280282
2007-02-21,-0.0127457514806328
2007-02-22,0.006155045101194700
2007-02-23,-0.0054761276346503
2007-02-26,0.010157428588555900
2007-02-27,-0.0774405194882817
2007-02-28,-0.0367483804735505
2007-03-01,-0.060348583311523
2007-03-02,-0.006097184175729
2007-03-05,-0.0531345155566885
2007-03-06,0.033498294105849400
2007-03-07,0.0090870327481231
2007-03-08,0.0568138556717345
2007-03-09,-0.0082238281413384
2007-03-12,0.037100012309398900
2007-03-13,-0.0514550772815421
2007-03-14,-0.09247442711256700
2007-03-15,0.0743623236378653
2007-03-16,0.007622410195365900
2007-03-19,0.0101076551589462
2007-03-20,0.016190224171800100
2007-03-21,0.032745207402221
2007-03-22,0.0657502341183219
2007-03-23,0.020792460987417100
2007-03-26,-0.0231012363875205
2007-03-27,-0.0024146826636429000
2007-03-28,-0.0224062929780771
2007-03-29,0.044112729367509600
2007-03-30,0.0165482021142913
2007-04-02,-0.0081609153616461
2007-04-03,0.0293338564204551
2007-04-04,0.0441256405369643
2007-04-05,0.0153950605659011
2007-04-10,0.045699830403660000
2007-04-11,-0.0261396084757561
2007-04-12,-0.0305626210081933
2007-04-13,0.044661564603706400
2007-04-16,0.0251930156891062
2007-04-17,-0.007732649866030400
2007-04-18,-0.0422591672420217
2007-04-19,-0.002224259573795
2007-04-20,0.055986804486176
2007-04-23,0.0338240908980515
2007-04-24,-0.020882882652831000
2007-04-25,0.024666524192857900
2007-04-26,0.043355512694595
2007-04-27,-0.0169757460767809
2007-04-30,-0.0008310479714889010
2007-05-02,0.0373833588831288
2007-05-03,0.0356965201920937
2007-05-04,0.0211673372872107
2007-05-07,-0.012320408653070000
2007-05-08,-0.0531458185504924
2007-05-09,0.0085165854465395
2007-05-10,0.010163245194125100
2007-05-11,0.0275885936779364
2007-05-14,-0.023975752808063200
2007-05-15,0.0355969349239262
2007-05-16,-0.0058250734364585
2007-05-17,-0.0099543593221556
2007-05-18,0.08417344628044480
2007-05-21,0.0305621473665554
2007-05-22,0.0106550948692841
2007-05-23,0.003561236425712900
2007-05-24,0.018549020778716200
2007-05-25,0.0216325390934171
2007-05-29,0.0223274287572079
2007-05-30,-0.0253659504104554
2007-05-31,0.0233814832398691
2007-06-01,0.0426194010605164
2007-06-04,-0.008078739818585800
2007-06-05,-0.0196142726610216
2007-06-06,-0.08153216126505010
2007-06-07,-0.041243648886808400
2007-06-08,-0.0225962305938851
2007-06-11,0.05748726082795990
2007-06-12,0.0143949725791739
2007-06-13,0.0278002924451123
2007-06-14,0.102575829212868
2007-06-15,0.0710522486489425
2007-06-18,-0.0236337998725081
2007-06-19,0.008461753335547500
2007-06-20,0.0127967703716267
2007-06-21,-0.050121920450195100
2007-06-22,-0.0033459258034474000
2007-06-25,-0.0047482440939647
2007-06-26,-0.0199863133663869
2007-06-27,-0.0271336754277379
2007-06-28,0.0490058551414182
2007-06-29,0.0119257304507939
2007-07-02,-0.0095159493116491
2007-07-03,0.051517547634920400
2007-07-04,0.030430707309340300
2007-07-05,-0.0325700752104055
2007-07-06,0.020126210257569300
2007-07-09,0.007597720817189400
2007-07-10,-0.073915883592723
2007-07-11,-0.0135020545494482
2007-07-12,0.0723120765355046
2007-07-13,0.0125578720845568
2007-07-16,0.018401415280157800
2007-07-17,-0.0400376107588856
2007-07-18,-0.0615274900472848
2007-07-19,0.0344946727459633
2007-07-20,-0.0537611923036488
2007-07-23,0.0281696195334621
2007-07-24,-0.0561254932427296
2007-07-25,-0.0976947231570773
2007-07-26,-0.11320563041824200
2007-07-27,-0.012616457020214
2007-07-30,0.014626195488732400
2007-07-31,0.0269625447589029
2007-08-01,-0.0647044067116673
2007-08-02,-0.0006658105935113990
2007-08-03,-0.0414312892303597
2007-08-06,0.0240101178353925
2007-08-07,0.011716990783767800
2007-08-08,0.0829605350513121
2007-08-09,-0.052384685423100100
2007-08-10,-0.0107713643524344
2007-08-13,0.007475232620451900
2007-08-14,-0.025854723954496200
2007-08-15,0.0521272941025754
2007-08-16,-0.0779599627042341
2007-08-17,0.025989992194592
2007-08-20,0.019642158102991700
2007-08-21,0.0405819719217783
2007-08-22,0.0268332140043864
2007-08-23,-0.0061042223299204000
2007-08-24,0.017021555664712600
2007-08-27,-0.026094071887855900
2007-08-28,-0.038131987467604900
2007-08-29,-0.0127585855402995
2007-08-30,0.047253356408783300
2007-08-31,0.062497878431589600
2007-09-03,0.0038400198838684000
2007-09-04,0.037183242893301600
2007-09-05,-0.0519896560459432
2007-09-06,0.0048813121712319
2007-09-07,-0.1176692154556390
2007-09-10,-0.029123972120184400
2007-09-11,0.0438255089669428
2007-09-12,-0.0143191235420445
2007-09-13,0.0146581863280359
2007-09-14,-0.0171210764151407
2007-09-17,-0.0203470806980026
2007-09-18,0.0458197429313074
2007-09-19,0.0869776672531926
2007-09-20,-0.019262221103616400
2007-09-21,0.0173044233508471
2007-09-24,0.04607277210251210
2007-09-25,-0.0175706199652216
2007-09-26,0.026746066104585
2007-09-27,0.0012132756978715
2007-09-28,-0.01983355388208
2007-10-01,0.0343571007405434
2007-10-02,0.011463110332805
2007-10-03,-0.0152423627586195
2007-10-04,0.00596795028823
2007-10-05,0.0257549117526483
2007-10-08,-0.008807260294399400
2007-10-09,-0.0027063488359099000
2007-10-10,-4.75350364239004E-05
2007-10-11,0.0388081173362826
2007-10-12,0.0023046249973177000
2007-10-15,-0.0339599996186391
2007-10-16,-0.0179222719114885
2007-10-17,0.0075013411148393000
2007-10-18,-0.0120644232989977
2007-10-19,-0.0014059044213272
2007-10-22,-0.058669027522451
2007-10-23,0.027944899494657100
2007-10-24,-0.0305075062310807
2007-10-25,0.0303720962640128
2007-10-26,0.0023148849106301000
2007-10-29,0.0279440177616792
2007-10-30,-0.0287083820717588
2007-10-31,0.019122834669773000
2007-11-01,-0.0781336997263059
2007-11-02,0.009865665503241200
2007-11-05,0.030044463936660800
2007-11-06,-0.0277865144246825
2007-11-07,-0.0379944680308789
2007-11-08,0.0622049801519544
2007-11-09,-0.00945949786149
2007-11-12,-0.0163350063522883
2007-11-13,0.0034752842713047000
2007-11-14,0.013682858096515200
2007-11-15,-0.0426647808259161
2007-11-16,-0.0329547274886568
2007-11-19,-0.053748416007513000
2007-11-20,0.0551493855594251
2007-11-21,-0.03846887567921190
2007-11-22,0.0469249368142931
2007-11-23,0.017046777467771200
2007-11-26,-0.029937193966697200
2007-11-27,-0.0047074935368207
2007-11-28,0.044372916477494400
2007-11-29,0.025795162025435700
2007-11-30,0.040808302074962
2007-12-03,-0.025237826226936
2007-12-04,-0.005406783935737600
2007-12-05,0.0575469462294797
2007-12-06,0.004997510608796700
2007-12-07,0.0104964284238161
2007-12-10,0.0434240250489375
2007-12-11,-0.007944871525340200
2007-12-12,0.0256520277024171
2007-12-13,-0.0576922359894191
2007-12-14,0.0155762940454614
2007-12-17,-0.06677287616957490
2007-12-18,0.030205452361353
2007-12-19,0.0165298740027415
2007-12-20,0.0169728213101605
2007-12-21,0.1055022937919200
2007-12-27,-0.0120245813212434
2007-12-28,0.0162518828195206
2008-01-02,-0.0230168890210524
2008-01-03,-0.021927976503753400
2008-01-04,-0.0439194191781056
2008-01-07,0.0279386200753043
2008-01-08,0.043265243177190100
2008-01-09,-0.051229949662209
2008-01-10,-0.0343885746418555
2008-01-11,0.0051338368761722
2008-01-14,-0.004511673918058400
2008-01-15,-0.0704082886813916
2008-01-16,-0.049799753595972200
2008-01-17,-0.0712317422958255
2008-01-18,-0.0323182676399854
2008-01-21,-0.2074805984599820
2008-01-22,0.002821780615034600
2008-01-23,-0.1352650078480570
2008-01-24,0.1288576454801960
2008-01-25,0.013469935264542300
2008-01-28,-0.0046125680286318
2008-01-29,0.039891844743081
2008-01-30,-0.0047304565506620000
2008-01-31,0.009925340180665300
2008-02-01,0.0560838722253115
2008-02-04,0.0597956323919326
2008-02-05,-0.16155161483700600
2008-02-06,0.020390698815013500
2008-02-07,-0.0702598768758673
2008-02-08,0.0182230606613924
2008-02-11,-0.0013650108373955000
2008-02-12,0.1301248050895620
2008-02-13,0.0034003899368527
2008-02-14,-5.4619254281801E-05
2008-02-15,-0.0675322374804989
2008-02-18,0.017129249248799
2008-02-19,0.027456175326761100
2008-02-20,-0.047479463454509
2008-02-21,0.0072647792769358000
2008-02-22,-0.0511745783571136
2008-02-25,0.0457864475999022
2008-02-26,0.0695609906404989
2008-02-27,0.004118857788208000
2008-02-28,-0.09230355092435600
2008-02-29,-0.06882047505704760
2008-03-03,-0.0187188153554361
2008-03-04,-0.1106886655257900
2008-03-05,0.0574035863631652
2008-03-06,-0.0567815636461532
2008-03-07,-0.0422973797807043
2008-03-10,-0.0483732634289509
2008-03-11,0.025414729627642700
2008-03-12,0.0369478107316367
2008-03-13,-0.0525381861617149
2008-03-14,-0.0214199768814758
2008-03-17,-0.2327350419393060
2008-03-18,0.1477606006224470
2008-03-19,0.013427745500341000
2008-03-20,-0.04823562635373490
2008-03-25,0.08329849690114630
2008-03-26,-0.013538900294507700
2008-03-27,0.037782799386071
2008-03-28,-0.0182184405262317
2008-03-31,0.0077350108510622
2008-04-01,0.1001550169043390
2008-04-02,0.0041289403035448
2008-04-03,-0.0180994651416314
2008-04-04,-0.0059126226896255
2008-04-07,0.026727999277001200
2008-04-08,-0.0072640367448831
2008-04-09,0.002026754280149400
2008-04-10,-0.0180146687613657
2008-04-11,-0.0865006378729245
2008-04-14,-0.0350848538718606
2008-04-15,0.0133129531203095
2008-04-16,0.0317795925181876
2008-04-17,0.0024941443706164000
2008-04-18,0.069985729405873
2008-04-21,-0.014354800728383500
2008-04-22,-0.0507381526870013
2008-04-23,0.050364982372507
2008-04-24,0.0234012927930544
2008-04-25,0.0821832650633731
2008-04-28,0.0109150120499165
2008-04-29,-0.0260238060201169
2008-04-30,0.049228939872104
2008-05-02,0.0556142347386427
2008-05-05,0.0047055056719539
2008-05-06,-0.00013473826477150000
2008-05-07,0.032073141332197500
2008-05-08,0.0140749207976613
2008-05-09,-0.0422552494186032
2008-05-12,0.0030729408189139
2008-05-13,0.0190260989086718
2008-05-14,-0.003961986422306000
2008-05-15,-0.023147691761783200
2008-05-16,0.0355679263986971
2008-05-19,0.0124948876189146
2008-05-20,-0.056894979033653200
2008-05-21,-0.063176915059145
2008-05-22,0.0357141333724633
2008-05-23,-0.051165573405300400
2008-05-26,-0.0009883146062546
2008-05-27,0.017651268306346100
2008-05-28,0.05944745703690410
2008-05-29,0.0200723995117906
2008-05-30,0.0413399699757565
2008-06-02,-0.0669832732582646
2008-06-03,0.0162284323165207
2008-06-04,-0.0193191169194547
2008-06-05,-0.018911140114171
2008-06-06,-0.079462375957811
2008-06-09,0.0084282349536984
2008-06-10,0.001348802456623400
2008-06-11,-0.0677430817352498
2008-06-12,0.036031717454870600
2008-06-13,0.0279694463102573
2008-06-16,-0.0374386148596268
2008-06-17,0.0475152239968622
2008-06-18,-0.0541234941340809
2008-06-19,0.0033467533015648000
2008-06-20,-0.0802165524672699
2008-06-23,0.0327115812342687
2008-06-24,-0.0371974701550853
2008-06-25,0.028609896052987600
2008-06-26,-0.08011090608979830
2008-06-27,0.0092336413968038
2008-06-30,0.012436412750183100
2008-07-01,-0.0391270549151611
2008-07-02,-0.0396486633685938
2008-07-03,0.0229304656389163
2008-07-04,-0.0165256357710865
2008-07-07,0.08582787607438940
2008-07-08,-0.012705089955982200
2008-07-09,0.0475852951391081
2008-07-10,-0.037499293032636600
2008-07-11,-0.0806100182957346
2008-07-14,0.011511898969406800
2008-07-15,-0.0532508709750089
2008-07-16,0.0284730990936765
2008-07-17,0.05042964498439
2008-07-18,0.0625563143398485
2008-07-21,0.0156960385133317
2008-07-22,0.0211332398157454
2008-07-23,0.033477554211395800
2008-07-24,-0.0649935949914946
2008-07-25,0.0564430405621612
2008-07-28,-0.0448461703492308
2008-07-29,-0.003892115185161600
2008-07-30,0.0342067538918103
2008-07-31,0.014165728945753300
2008-08-01,-0.08609412058513290
2008-08-04,-0.0402330032243316
2008-08-05,0.07368651990509710
2008-08-06,0.0172545540477455
2008-08-07,-0.0027164731779201
2008-08-08,0.0455182673115729
2008-08-11,0.0411367981132176
2008-08-12,-0.008716248494216
2008-08-13,-0.10553153289691100
2008-08-14,-0.0002734753824013000
2008-08-15,0.028485545118181
2008-08-18,-0.0079801045481516
2008-08-19,-0.0743846116599175
2008-08-20,0.0190795668869271
2008-08-21,-0.0650595864394643
2008-08-22,0.0563568490940388
2008-08-25,-0.042736564287593000
2008-08-26,0.0093445093098833
2008-08-27,-0.006682355624959400
2008-08-28,0.0556483021630219
2008-08-29,-0.022690158371822100
2008-09-01,0.0195672369230162
2008-09-02,0.0682269305200132
2008-09-03,-0.037424661663038800
2008-09-04,-0.10294196478371900
2008-09-05,-0.0724150855159922
2008-09-08,0.0711648784349662
2008-09-09,0.007134506022807400
2008-09-10,-0.0006651340611346000
2008-09-11,-0.0206240123572854
2008-09-12,0.0433261051526601
2008-09-15,-0.020669947649125500
2008-09-16,-0.0303974421577382
2008-09-17,-0.0639825384275541
2008-09-18,-0.0033355360980033
2008-09-19,0.25057194711213100
2008-09-22,-0.1303831704895480
2008-09-23,-0.0174447690174448
2008-09-24,-0.0344289691546348
2008-09-25,0.035229455308191400
2008-09-26,-0.0657609648523603
2008-09-29,-0.0883305617860703
2008-09-30,0.0044079433405858
2008-10-01,-0.0648482025694402
2008-10-02,-0.1545621361539130
2008-10-03,0.09292395339917420
2008-10-06,-0.1817526016597680
2008-10-07,-0.018271581484972600
2008-10-08,-0.263201117269068
2008-10-09,-0.05616305766737780
2008-10-10,-0.2525150413501680
2008-10-13,0.2723058037116110
2008-10-14,0.09820299067783960
2008-10-15,-0.3335372945595700
2008-10-16,-0.1907332601617550
2008-10-17,0.11947217196743300
2008-10-20,0.1214477304230310
2008-10-21,0.0955563706184939
2008-10-22,-0.15731861197936300
2008-10-23,-0.0683049796254972
2008-10-24,-0.16159794340666000
2008-10-27,-0.2759507339884580
2008-10-28,-0.0095522387732502
2008-10-29,0.423019570567974
2008-10-30,0.035606219258817
2008-10-31,0.0949754910358685
2008-11-03,0.0549565469331917
2008-11-04,0.19114052784034400
2008-11-05,-0.0641233302457399
2008-11-06,-0.2316204835029700
2008-11-07,0.0522642581995747
2008-11-10,0.0897620696779351
2008-11-11,-0.2085679229783080
2008-11-12,-0.0793438880617597
2008-11-13,0.1145110707416600
2008-11-14,-0.0209384947532679
2008-11-17,-0.0034796508586806000
2008-11-18,0.0083149315993137
2008-11-19,-0.22084903370884000
2008-11-20,-0.037273116895768700
2008-11-21,-0.06800032350440680
2008-11-24,0.3311634702865860
2008-11-25,0.036381528309698
2008-11-26,-0.013365726300425300
2008-11-27,0.0937608857991563
2008-11-28,-0.0929437657256162
2008-12-01,-0.137783112478232
2008-12-02,0.0916735338124792
2008-12-03,0.0651947493968945
2008-12-04,0.029795338712340500
2008-12-05,-0.1884907731525580
2008-12-08,0.213687741496739
2008-12-09,0.0824584515190738
2008-12-10,0.017026145177619900
2008-12-11,-0.0343300100600932
2008-12-12,-0.0478813466995725
2008-12-15,-0.010384449614341
2008-12-16,0.0468033147857191
2008-12-17,0.014687660752800700
2008-12-18,0.0436165335940679
2008-12-19,0.001768408279854300
2008-12-22,-0.066434013562154
2008-12-23,-0.002864086418552100
2008-12-29,0.046018650522050900
2008-12-30,0.06300538900967890
2009-01-02,0.115710950095102
2009-01-05,-0.0324028204293925
2009-01-06,0.0526626108588297
2009-01-07,-0.0193970980497006
2009-01-08,-0.0397411860410699
2009-01-09,-0.018485803874272800
2009-01-12,-0.0339040304873528
2009-01-13,-0.0778773374960658
2009-01-14,-0.1942848978817290
2009-01-15,-0.0212470708946791
2009-01-16,0.0068075922728824
2009-01-19,-0.0194056899478864
2009-01-20,-0.0608402303773901
2009-01-21,0.0517137189543498
2009-01-22,-0.0550243325659003
2009-01-23,-0.058637850605011000
2009-01-26,0.0776124204231733
2009-01-27,0.020137391244636400
2009-01-28,0.1246614568788220
2009-01-29,-0.0646516702293582
2009-01-30,-0.0401487104983668
2009-02-02,-0.0574334431170437
2009-02-03,0.0553958237338507
2009-02-04,0.10550511670945400
2009-02-05,0.0335865998817266
2009-02-06,0.1992559636647100
2009-02-09,0.028286385692769100
2009-02-10,-0.089612863748179
2009-02-11,0.0511199737440763
2009-02-12,-0.0447283101050328
2009-02-13,0.048597604361401900
2009-02-16,-0.0210520311854114
2009-02-17,-0.12336771746871100
2009-02-18,-0.0002951168855988990
2009-02-19,0.016575173451065700
2009-02-20,-0.1300562185727970
2009-02-23,-0.0781828044091101
2009-02-24,-0.07052777177793730
2009-02-25,0.008354516625109500
2009-02-26,0.0269319988756296
2009-02-27,-0.0741891270529153
2009-03-02,-0.1074539378700280
2009-03-03,-0.0232961120056784
2009-03-04,0.1775117789933580
2009-03-05,-0.1653155281087890
2009-03-06,-0.0196472322858266
2009-03-09,0.052432179660427400
2009-03-10,0.19921068534625600
2009-03-11,0.0714993742592588
2009-03-12,0.0546121294222041
2009-03-13,-0.0648410883122566
2009-03-16,0.005855798839751900
2009-03-17,-0.08922164989245300
2009-03-18,-0.011172985328585900
2009-03-19,-0.015474786121486400
2009-03-20,0.12720174681297300
2009-03-23,0.0740969726764086
2009-03-24,0.0035792880268357000
2009-03-25,-0.046990282920398200
2009-03-26,0.0016892932662056000
2009-03-27,0.0195492910544649
2009-03-30,-0.17961182522753400
2009-03-31,0.0422513798126788
2009-04-01,0.036671954527282200
2009-04-02,0.22001006801093100
2009-04-03,0.06135735431045080
2009-04-06,-0.11145612548093400
2009-04-07,-0.0649888538562743
2009-04-08,0.0512630407493461
2009-04-09,0.09106405731781910
2009-04-14,-0.0001505541677414010
2009-04-15,0.007824136232713800
2009-04-16,0.0482282145647343
2009-04-17,0.053619410891978600
2009-04-20,-0.10160624321858200
2009-04-21,0.0267573943526721
2009-04-22,0.0591988477152101
2009-04-23,-0.035569141183539200
2009-04-24,0.09459358117180410
2009-04-27,-0.0052709682350964
2009-04-28,-0.0867240519951423
2009-04-29,0.07425851155788830
2009-04-30,-0.0181337516512824
2009-05-04,0.06924717387971
2009-05-05,-0.0032629902058807000
2009-05-06,0.0446265788961068
2009-05-07,-0.047821699356595100
2009-05-08,-0.004289799089927400
2009-05-11,-0.057723380117208
2009-05-12,-0.0259452927567056
2009-05-13,-0.0865945047008147
2009-05-14,0.0662366294912278
2009-05-15,0.004006844992323800
2009-05-18,0.06598161323416000
2009-05-19,0.1134616682012870
2009-05-20,0.0626347157167995
2009-05-21,-0.09778279305566890
2009-05-22,-0.0201611253300626
2009-05-25,-0.004727784013045600
2009-05-26,0.0439864741793003
2009-05-27,0.0271190727373001
2009-05-28,-0.0710530474048837
2009-05-29,0.0129985178344207
2009-06-01,0.12416628103725000
2009-06-02,0.008637187863337500
2009-06-03,-0.0164169971776097
2009-06-04,0.030508347648405800
2009-06-05,0.0361481231453052
2009-06-08,-0.0325347146232467
2009-06-09,0.0015190991426736000
2009-06-10,0.0514810460164853
2009-06-11,0.0369426855363413
2009-06-12,-0.0169423508802708
2009-06-15,-0.1366466414199710
2009-06-16,0.0060844642885982
2009-06-17,-0.0478432424720832
2009-06-18,0.006069011114977900
2009-06-19,-0.014498724452771300
2009-06-22,-0.10227104214568800
2009-06-23,-0.0216169363787925
2009-06-24,0.0590095765754344
2009-06-25,-0.0138618338173711
2009-06-26,-0.007782000978815
2009-06-29,0.0516199884336135
2009-06-30,-0.0422742743621918
2009-07-01,0.058735191784729000
2009-07-02,-0.12466668956982000
2009-07-03,-0.007673803896847000
2009-07-06,-0.0508344593838339
2009-07-07,-0.0335301595427568
2009-07-08,-0.031435642964966600
2009-07-09,0.0538752876130626
2009-07-10,-0.0292902905436629
2009-07-13,0.11806878766239100
2009-07-14,0.0495094707517571
2009-07-15,0.0533717840276526
2009-07-16,0.0166196420236003
2009-07-17,0.053114775166800100
2009-07-20,0.0044004508469692000
2009-07-21,0.0828166257444559
2009-07-22,0.028921903758730600
2009-07-23,0.0446012798778593
2009-07-24,-0.0002785151321699990
2009-07-27,0.0043490070248303000
2009-07-28,-0.0146436249605084
2009-07-29,0.0625794319896502
2009-07-30,0.024141708149746600
2009-07-31,-0.0106013438327918
2009-08-03,0.0369205764366718
2009-08-04,-0.0185587107842315
2009-08-05,-0.0319489339866939
2009-08-06,0.0141582239907519
2009-08-07,0.023491857285244400
2009-08-10,0.0006108546663660000
2009-08-11,-0.0530315108611771
2009-08-12,0.0232391732780288
2009-08-13,0.039603581473194500
2009-08-14,-0.027561941651121800
2009-08-17,0.0194265151055868
2009-08-18,0.004763364247925
2009-08-19,0.0015472778888098000
2009-08-20,0.0323864659451117
2009-08-21,0.05616595731508630
2009-08-24,-0.0020062398620853
2009-08-25,0.0417965037840239
2009-08-26,-0.014414151572856000
2009-08-27,-0.0330656759359952
2009-08-28,0.0241545330046621
2009-08-31,-0.017854481490767200
2009-09-01,-0.0588117469971768
2009-09-02,-0.007409901900978100
2009-09-03,-0.0080131941474569
2009-09-04,0.0695033742961646
2009-09-07,0.0383157562568227
2009-09-08,-0.0018505200084958000
2009-09-09,0.09305558908411280
2009-09-10,0.0167433129632916
2009-09-11,-0.0075391715348129
2009-09-14,0.0313453997676298
2009-09-15,0.0013359496913425000
2009-09-16,0.0194279249387375
2009-09-17,-0.0179367908478686
2009-09-18,-0.0114557323914258
2009-09-21,0.1222581615063000
2009-09-22,0.0117859203588309
2009-09-23,-0.023062522797772300
2009-09-24,-0.0475368000201114
2009-09-25,-0.0239911437891408
2009-09-28,0.10049968262597200
2009-09-29,-0.0200564520780451
2009-09-30,-0.0767859168358346
2009-10-01,-0.07159567182941530
2009-10-02,-0.0527379269633093
2009-10-05,0.021928724871870200
2009-10-06,0.0861526677066066
2009-10-07,-0.0126620044649232
2009-10-08,0.048653505909032900
2009-10-09,-0.008118531131733200
2009-10-12,0.0720857500241229
2009-10-13,-0.0399873877219055
2009-10-14,0.1051742375613300
2009-10-15,-0.021256376966472100
2009-10-16,-0.0642452273893553
2009-10-19,0.08239245302312890
2009-10-20,-0.015052297377120600
2009-10-21,0.0292229323513764
2009-10-22,-0.026585443969020200
2009-10-23,-0.0043212693351073
2009-10-26,-0.0199486228395881
2009-10-27,-0.015040100968159700
2009-10-28,-0.07959513894394030
2009-10-29,0.0537000857354826
2009-10-30,-0.08930669805804910
2009-11-02,0.011530770658709900
2009-11-03,-0.0897098519807243
2009-11-04,0.0382584929204037
2009-11-05,0.0515058102442161
2009-11-06,0.013217738609903900
2009-11-09,0.06544624045485780
2009-11-10,-0.0231534286392159
2009-11-11,0.0236718630331553
2009-11-12,0.0232488106747997
2009-11-13,0.0160047597440062
2009-11-16,0.076108871345585
2009-11-17,-0.012924351395651200
2009-11-18,-0.004093124314389000
2009-11-19,-0.0449745881461266
2009-11-20,-0.027819623464881
2009-11-23,0.06754737601115530
2009-11-24,-0.016916691102230800
2009-11-25,0.0016817286152207000
2009-11-26,-0.09474359663627200
2009-11-27,0.0419363547305712
2009-11-30,-0.037196279128506200
2009-12-01,0.0835742204383919
2009-12-02,0.0013076490152157000
2009-12-03,-0.0327408428378404
2009-12-04,0.014160620311262000
2009-12-07,-0.03447714735628
2009-12-08,-0.036258619744184100
2009-12-09,-0.032699067831388
2009-12-10,0.031451886732943000
2009-12-11,0.0258347344999464
2009-12-14,-0.0185668902299313
2009-12-15,0.0043925678317062
2009-12-16,0.0421431890662392
2009-12-17,-0.009876142308624900
2009-12-18,-0.016369709693883900
2009-12-21,0.0508822090086591
2009-12-22,0.0110695026680118
2009-12-23,0.0078024939550014
2009-12-28,0.017115207826041900
2009-12-29,0.0060620786420273
2009-12-30,-0.026158455764276000
2010-01-04,0.0350959193145247
2010-01-05,-0.0097403540381963
2010-01-06,0.012671954997823900
2010-01-07,0.007420593007590800
2010-01-08,-0.0161211591671479
2010-01-11,-0.0126135086418088
2010-01-12,-0.0513101961368966
2010-01-13,0.033293181437686900
2010-01-14,0.028515105207616100
2010-01-15,-0.0502887920419463
2010-01-18,0.0397555790388352
2010-01-19,0.0329528795315977
2010-01-20,-0.0658208483984805
2010-01-21,-0.0871710187396655
2010-01-22,-0.0074203775850575000
2010-01-25,-0.041819111385604900
2010-01-26,0.066939661338933
2010-01-27,-0.013339813321583700
2010-01-28,-0.0634743280613185
2010-01-29,0.052561874380366000
2010-02-01,0.0064186866813378
2010-02-02,0.0273781645365332
2010-02-03,-0.0242055484570718
2010-02-04,-0.0839068456426625
2010-02-05,-0.0680612862654217
2010-02-08,0.0301363227341743
2010-02-09,0.013172436159754800
2010-02-10,0.0121674127662328
2010-02-11,-0.0002656518367052000
2010-02-12,-0.0154748717850963
2010-02-15,-0.0024751073905554000
2010-02-16,0.0512245674650668
2010-02-17,0.0277543941992534
2010-02-18,0.0135811027595019
2010-02-19,0.041409406923961800
2010-02-22,-0.0216260969992489
2010-02-23,-0.0500548130232686
2010-02-24,0.0019022712542625
2010-02-25,-0.0454686411836103
2010-02-26,0.0100719720698034
2010-03-01,0.0868918033192974
2010-03-02,0.0584255445254878
2010-03-03,0.0499410560410547
2010-03-04,-0.0240846760979634
2010-03-05,0.052391179073401500
2010-03-08,-0.0262863108728263
2010-03-09,0.0142401509855413
2010-03-10,0.019403499711973300
2010-03-11,-0.0089929461939901
2010-03-12,0.009615272020994600
2010-03-15,-0.014104130247045
2010-03-16,0.0465059497474324
2010-03-17,0.0177647630792857
2010-03-18,-0.0267929530015236
2010-03-19,-0.0191808881903793
2010-03-22,0.0097029327947918
2010-03-23,0.0216032307984729
2010-03-24,0.002505744723746500
2010-03-25,0.060773624898722000
2010-03-26,-0.0141578566672089
2010-03-29,0.0194571131330684
2010-03-30,-0.029942560117963200
2010-03-31,0.023629398038924600
2010-04-01,0.0604619602921304
2010-04-06,-0.0062779679775555
2010-04-07,-0.0356588676369103
2010-04-08,-0.016025464089366
2010-04-09,0.0282568856899592
2010-04-12,0.0015334772979272000
2010-04-13,-0.0008994065425184000
2010-04-14,-0.0008392595228135000
2010-04-15,-0.0199058383441902
2010-04-16,-0.0264184368392597
2010-04-19,0.0108307250767951
2010-04-20,0.0778070769856051
2010-04-21,-0.019340039934910800
2010-04-22,-0.0402753748684357
2010-04-23,0.0837586767395376
2010-04-26,0.0639163373216333
2010-04-27,-0.0847195045972543
2010-04-28,-0.0309250357779347
2010-04-29,-0.011279279046122100
2010-04-30,0.010483206846274900
2010-05-03,0.0003026200221365980
2010-05-04,-0.1046531428422810
2010-05-05,0.010801898727786
2010-05-06,0.0188688700651412
2010-05-07,-0.0873646335760202
2010-05-10,0.1714724537268720
2010-05-11,0.043421504825195700
2010-05-12,0.054531458140971700
2010-05-13,0.0475279062636678
2010-05-14,-0.1071756846825830
2010-05-17,0.0137706392608855
2010-05-18,0.0570120944600101
2010-05-19,-0.1063982988981930
2010-05-20,-0.0752648293512945
2010-05-21,-0.0293084144130787
2010-05-24,-0.0058351940704396000
2010-05-25,-0.0795525781478996
2010-05-26,0.0535819172089115
2010-05-27,0.1005010477538610
2010-05-28,0.0104717852003545
2010-05-31,0.01331299635976
2010-06-01,0.009612899876288
2010-06-02,0.0202583853137438
2010-06-03,0.0466894366845682
2010-06-04,-0.0695642711216972
2010-06-07,-0.004827593227848600
2010-06-08,-0.0077007676258335
2010-06-09,0.0765800347872098
2010-06-10,0.06890157798209560
2010-06-11,-0.0315372368321277
2010-06-14,0.034631105862065600
2010-06-15,0.0144815057230217
2010-06-16,-0.015364000570524400
2010-06-17,0.015328390464779800
2010-06-18,0.0153776643420431
2010-06-21,0.058323614690536600
2010-06-22,-0.018337202111776
2010-06-23,-0.0287738527191644
2010-06-24,-0.0361292103647666
2010-06-25,-0.0356606482555197
2010-06-28,0.054044010567530100
2010-06-29,-0.11751262758060500
2010-06-30,0.0159459148857957
2010-07-01,-0.0749433790298617
2010-07-02,-0.048535040791210700
2010-07-05,0.0037048078604813000
2010-07-06,0.04754018172087160
2010-07-07,0.0335476029187369
2010-07-08,0.005074446337945200
2010-07-09,0.008300588109119900
2010-07-12,0.0065590369510581
2010-07-13,0.1134216154256820
2010-07-14,-0.0030167464321028000
2010-07-15,-0.0056795976597767
2010-07-16,-0.026231825550734
2010-07-19,-0.0342266425941015
2010-07-20,-0.0318631365126368
2010-07-21,0.0017959600029657000
2010-07-22,0.0741486948004375
2010-07-23,0.0046657679585449
2010-07-26,0.0010696212157303000
2010-07-27,-0.0325204033551924
2010-07-28,-0.038254655525493400
2010-07-29,-0.0244625964813109
2010-07-30,0.0190145356546321
2010-08-02,0.0878720678668346
2010-08-03,0.0363467545245452
2010-08-04,0.0131776589932776
2010-08-05,0.07421674737109530
2010-08-06,-0.0276197809388589
2010-08-09,0.0442925258135475
2010-08-10,-0.046527363543763000
2010-08-11,-0.06356416924926130
2010-08-12,-0.0087570108028793
2010-08-13,-0.0100768641136518
2010-08-16,-0.0045884742610705
2010-08-17,0.0509114915357067
2010-08-18,0.0176030921544085
2010-08-19,-0.0686262969848945
2010-08-20,-0.04264186692613970
2010-08-23,-0.0065665760301206
2010-08-24,-0.0360982630113749
2010-08-25,0.005760474010054300
2010-08-26,0.0067002774804353
2010-08-27,0.0210022461453946
2010-08-30,-0.0282161100499738
2010-08-31,0.0410219858634632
2010-09-01,0.0913859033636823
2010-09-02,-0.0006567766339273990
2010-09-03,0.031921304180813600
2010-09-06,0.0006465814391545000
2010-09-07,-0.0061278304842192
2010-09-08,0.04582652667214330
2010-09-09,0.024838433694644
2010-09-10,0.0285984072755926
2010-09-13,0.0013798644946169000
2010-09-14,0.0305728306990421
2010-09-15,0.001699909199055800
2010-09-16,0.0258742244533271
2010-09-17,-0.0165841799365244
2010-09-20,0.0822151637503237
2010-09-21,-0.016753461604439
2010-09-22,-0.056994849772750800
2010-09-23,0.0089108142954204
2010-09-24,0.0942082094919526
2010-09-27,-0.028831569424066600
2010-09-28,0.0090935943039709
2010-09-29,-0.011925729362762000
2010-09-30,0.007044206137351000
2010-10-01,-0.04721711936842870
2010-10-04,-0.0405044000494012
2010-10-05,0.0695812055086911
2010-10-06,0.0242509569953132
2010-10-07,0.0022990899437935000
2010-10-08,0.012322820453541800
2010-10-11,-0.00037276161485700000
2010-10-12,0.0012058203219451000
2010-10-13,0.052943671665047900
2010-10-14,0.0197613780104831
2010-10-15,-0.006648579723315600
2010-10-18,-0.0012477951654210000
2010-10-19,-0.0103372343320483
2010-10-20,0.0108117771290322
2010-10-21,0.043492117629334600
2010-10-22,-0.012150097268684100
2010-10-25,0.0128784673911363
2010-10-26,-0.0147092752410249
2010-10-27,-0.027360032562858900
2010-10-28,-0.004313850409442100
2010-10-29,0.022153902790529500
2010-11-01,0.0406554731746183
2010-11-02,-0.0005549343351335010
2010-11-03,-0.0227017821364201
2010-11-04,0.0835040547987865
2010-11-05,0.0090193454325206
2010-11-08,0.0004904096578449010
2010-11-09,0.0311219730245249
2010-11-10,-0.0532372680929174
2010-11-11,0.0262798078391941
2010-11-12,0.0106941003142669
2010-11-15,0.0448926613454857
2010-11-16,-0.0713744737134997
2010-11-17,0.0108173670888826
2010-11-18,0.076313091743869
2010-11-19,0.024974244141134600
2010-11-22,0.005298424804170600
2010-11-23,-0.0515784944928991
2010-11-24,0.0805383943850627
2010-11-25,0.0315327611460224
2010-11-26,-0.0199550449139093
2010-11-29,-0.0687619810968168
2010-11-30,-0.0014037997546425000
2010-12-01,0.1158395562143010
2010-12-02,0.0698981594402784
2010-12-03,-0.0080421355732382
2010-12-06,-0.0018866354441087000
2010-12-07,0.044636689912402900
2010-12-08,-0.031056948739089800
2010-12-09,-0.0472752822405717
2010-12-10,0.0419855571688325
2010-12-13,0.0063190755852837000
2010-12-14,-0.0178241877779962
2010-12-15,0.0209186634853414
2010-12-16,0.0008000328942870010
2010-12-17,-0.026675922793527
2010-12-20,0.0380905635976813
2010-12-21,0.0327239382121949
2010-12-22,-0.009351202364987
2010-12-23,-0.0136508191838982
2010-12-27,-0.08200185267528700
2010-12-28,-0.0192038511167543
2010-12-29,0.0146700622387771
2010-12-30,-0.0297370800822244
2011-01-03,0.048926411083365600
2011-01-04,-0.041081611039902
2011-01-05,-0.029418488189398
2011-01-06,0.017154643309573500
2011-01-07,-0.016859441088947
2011-01-10,-0.0464302398946794
2011-01-11,0.0502499718137179
2011-01-12,0.0409746664195729
2011-01-13,-0.0460120721148817
2011-01-14,0.008090742170666700
2011-01-17,-0.0026423908738889
2011-01-18,0.017477251654511400
2011-01-19,-0.0231582298038559
2011-01-20,-0.0742876795401829
2011-01-21,0.0229154266516109
2011-01-24,0.002299269000097600
2011-01-25,0.018785636723596200
2011-01-26,0.0671709024877514
2011-01-27,0.001759792012204800
2011-01-28,-0.032807364073017800
2011-01-31,-0.014146280763833300
2011-02-01,0.0293503531471609
2011-02-02,-0.012616706112208500
2011-02-03,0.011079102997052
2011-02-04,-0.00013600820042940100
2011-02-07,0.036292333383101800
2011-02-08,0.0659155727146824
2011-02-09,-0.0115702438996204
2011-02-10,0.0116914170735505
2011-02-11,0.031156273703087000
2011-02-14,0.0097569990440114
2011-02-15,-0.0190826142095886
2011-02-16,0.023606714909881800
2011-02-17,-0.003080357305299
2011-02-18,0.009925159965128700
2011-02-21,-0.0387262036415359
2011-02-22,-0.0223811266781454
2011-02-23,-0.0719549816052681
2011-02-24,-0.010088422890778600
2011-02-25,0.029469579337868100
2011-02-28,0.0620123191813806
2011-03-01,-0.006935609409025400
2011-03-02,-0.0353437916734695
2011-03-03,0.033310043489300300
2011-03-04,-0.0229079287909179
2011-03-07,-0.0132892257366014
2011-03-08,-0.0032153086987428
2011-03-09,-0.0063200209331288
2011-03-10,-0.0457234220820699
2011-03-11,-0.0375389909442872
2011-03-14,-0.0298518964372149
2011-03-15,-0.0723041421884195
2011-03-16,-0.0765404262406604
2011-03-17,0.0853859783938663
2011-03-18,0.0162056524547431
2011-03-21,0.0578892499077842
2011-03-22,-0.037105170853587600
2011-03-23,0.0084557560941846
2011-03-24,0.0706569251067166
2011-03-25,0.001503625797517100
2011-03-28,-0.0021586215149441
2011-03-29,0.0228227773703115
2011-03-30,0.0473418049285827
2011-03-31,0.008299288775065900
2011-04-01,0.09638951973294900
2011-04-04,-0.016561570675305700
2011-04-05,-0.0404094813373316
2011-04-06,0.0091401642602007
2011-04-07,-0.04866213786857270
2011-04-08,-0.0015483640743933
2011-04-11,-0.026630763739881300
2011-04-12,-0.0452918902863718
2011-04-13,0.041654509926302100
2011-04-14,-0.004036307003029800
2011-04-15,0.0213777721091283
2011-04-18,-0.0607323620145976
2011-04-19,0.018448539597725
2011-04-20,0.1046941628147670
2011-04-21,0.0178425029077948
2011-04-26,0.029315389039306300
2011-04-27,0.0143447526883719
2011-04-28,0.0509026286398211
2011-04-29,0.0183642003970392
2011-05-02,0.0128708365220012
2011-05-03,-0.0140523585346241
2011-05-04,-0.065092275021109
2011-05-05,-0.0038772433828935000
2011-05-06,0.0526733992204208
2011-05-09,-0.0576663212903945
2011-05-10,0.0474244406881475
2011-05-11,0.0107743401407926
2011-05-12,-0.0253715021393321
2011-05-13,-0.0127517593370551
2011-05-16,-0.00010412936780200000
2011-05-17,-0.052988854531951500
2011-05-18,0.0237139674262923
2011-05-19,0.0320165243706312
2011-05-20,-0.0536022732670772
2011-05-23,-0.0693510347096802
2011-05-24,0.034913200969057
2011-05-25,-0.0091823288678392
2011-05-26,-0.039156142845025900
2011-05-27,0.028797543700728900
2011-05-30,0.016365062094927200
2011-05-31,0.0591360736321908
2011-06-01,-0.0378799908703834
2011-06-02,-0.0513167673176406
2011-06-03,0.0208586935928902
2011-06-06,0.0134017926333627
2011-06-07,-0.009460236802955700
2011-06-08,-0.0108840387520761
2011-06-09,0.0623629086099223
2011-06-10,-0.036709066200649000
2011-06-13,0.0057105386248317
2011-06-14,0.0567246590358996
2011-06-15,-0.0341685251869935
2011-06-16,0.0356731578173264
2011-06-17,0.0286184856984915
2011-06-20,-0.0112499607204621
2011-06-21,0.0395681970628835
2011-06-22,0.006502216368890500
2011-06-23,-0.0798287839775222
2011-06-24,0.0313810745205721
2011-06-27,0.006934545528889200
2011-06-28,0.0036353354837429
2011-06-29,0.0399715275078912
2011-06-30,0.0240335923277063
2011-07-01,-0.008979931937731200
2011-07-04,0.023757859247315100
2011-07-05,0.0016161545960891
2011-07-06,0.0042259707988423
2011-07-07,0.0352213292468016
2011-07-08,-0.025852995882621800
2011-07-11,-0.0652300642989791
2011-07-12,-0.0018493362506309000
2011-07-13,0.0504394599820326
2011-07-14,-0.005093200372825500
2011-07-15,0.029829128655220100
2011-07-18,-0.0328272901684027
2011-07-19,0.0376937446930349
2011-07-20,-0.012855620818721600
2011-07-21,0.0122435620045587
2011-07-22,0.0023992290950849
2011-07-25,0.043764785839001100
2011-07-26,-0.0023606064298082000
2011-07-27,-0.0602481930112473
2011-07-28,-0.0295288227479074
2011-07-29,-0.0308112301703277
2011-08-01,-0.1029413110590680
2011-08-02,-0.0681505193333269
2011-08-03,-0.057166722350122800
2011-08-04,-0.13720912548823500
2011-08-05,-0.0771316929265396
2011-08-08,-0.1825777590460800
2011-08-09,0.048026232349014700
2011-08-10,-0.1618483745873710
2011-08-11,0.104769041115199
2011-08-12,0.0806859467182982
2011-08-15,0.017403323238281600
2011-08-16,-0.0047899793236384000
2011-08-17,-0.0109266957305435
2011-08-18,-0.19269555554135200
2011-08-19,-0.0764960322678473
2011-08-22,-0.0291500483592072
2011-08-23,0.0519285694845003
2011-08-24,0.08708810011464400
2011-08-25,-0.0291332937580955
2011-08-26,-0.0204800340272557
2011-08-29,0.0427822971635191
2011-08-30,-0.0162466529433031
2011-08-31,0.082137282524442
2011-09-01,-0.005103119616216000
2011-09-02,-0.110640262306621
2011-09-05,-0.1674356301988520
2011-09-06,-0.0863955154915976
2011-09-07,0.131130726002356
2011-09-08,-0.0185366291505497
2011-09-09,-0.0713453553586046
2011-09-12,-0.037618122091816
2011-09-13,0.0246050883642362
2011-09-14,0.09847225125809640
2011-09-15,0.07110342466230670
2011-09-16,0.0341221215985181
2011-09-19,-0.0708718237249859
2011-09-20,0.06828231187250420
2011-09-21,-0.0595320512565064
2011-09-22,-0.1415887495442960
2011-09-23,0.0420366064125188
2011-09-26,0.028271346707354700
2011-09-27,0.1282830422876980
2011-09-28,-0.028116448254446700
2011-09-29,0.006797503131951900
2011-09-30,-0.0896344373726634
2011-10-04,-0.1888408758540950
2011-10-05,0.1100903039701380
2011-10-06,0.0933197774434194
2011-10-07,0.0463836699277283
2011-10-10,0.0951365011879779
2011-10-11,0.034746975887628100
2011-10-12,0.0663578920484641
2011-10-13,-0.0178784611260878
2011-10-14,0.055345381442764500
2011-10-17,-0.0662338424483003
2011-10-18,0.024023137951565700
2011-10-19,-0.0199735756585045
2011-10-20,-0.058673365563550400
2011-10-21,0.12078561018596900
2011-10-24,0.0350215604940641
2011-10-25,-0.007368405677346400
2011-10-26,-0.0002446871588330000
2011-10-27,0.1582245246125200
2011-10-28,0.0135561463021012
2011-10-31,-0.10364813939350700
2011-11-01,-0.1431841389418050
2011-11-02,0.07775714274438500
2011-11-03,0.0920935395308592
2011-11-04,-0.10678498900094200
2011-11-07,0.013038335305024800
2011-11-08,0.0230233104052403
2011-11-09,-0.057959976094114000
2011-11-10,0.028899172292102300
2011-11-11,0.0778856195270738
2011-11-14,-0.0420428025630426
2011-11-15,-0.0096662397244071
2011-11-16,-0.030051578675539500
2011-11-17,-0.0364237391931738
2011-11-18,-0.0445860218232003
2011-11-21,-0.1093120560242230
2011-11-22,-0.0312008909143901
2011-11-23,-0.0606898479567624
2011-11-24,-0.0093445244825833
2011-11-25,0.0406791512904665
2011-11-28,0.1359514762399530
2011-11-29,0.017687095753131400
2011-11-30,0.1562796978941390
2011-12-01,-0.0517419561185115
2011-12-02,0.016869095368192500
2011-12-05,0.0252638466053282
2011-12-06,-0.0165950195121552
2011-12-07,-0.0094659063580952
2011-12-08,-0.0735869740736176
2011-12-09,0.0375148730157275
2011-12-12,-0.08484851401988510
2011-12-13,0.011672583381696600
2011-12-14,-0.0873462091741081
2011-12-15,0.0064165574366109
2011-12-16,-0.015489026312238100
2011-12-19,-0.0072143321798549000
2011-12-20,0.1140547018615040
2011-12-21,-0.0029727527941553
2011-12-22,0.024459875527070900
2011-12-23,0.0045008386668532
2011-12-27,0.014366827966143600
2011-12-28,-0.06204024299106830
2011-12-29,0.0481366348027291
2011-12-30,0.0286076566659596
2012-01-02,0.0749153146917274
2012-01-03,0.0727081474658031
2012-01-04,0.003146753170159400
2012-01-05,0.0131416821439049
2012-01-06,-0.0173285965731425
2012-01-09,0.007988768292443200
2012-01-10,0.0827697579773167
2012-01-11,-0.016389085300610600
2012-01-12,0.026475154816246200
2012-01-13,-0.0381881175819765
2012-01-16,0.053662797925792600
2012-01-17,0.0686968978609912
2012-01-18,0.0096801166005564
2012-01-19,0.005264714900495
2012-01-20,-0.0065049676547003
2012-01-23,0.0039667774200194
2012-01-24,-0.0187451752873421
2012-01-25,-0.015821466903409900
2012-01-26,0.052527083631494000
2012-01-27,-0.0326565575187287
2012-01-30,-0.015171945121103600
2012-01-31,0.020838230559977300
2012-02-01,0.0685564370500415
2012-02-02,0.0130164323662626
2012-02-03,0.06469166060620050
2012-02-06,0.0134567942084095
2012-02-07,-0.0230503650042191
2012-02-08,-0.014138920701023900
2012-02-09,0.0444024499675104
2012-02-10,-0.0579717117485596
2012-02-13,0.0260916237580734
2012-02-14,-0.0142822032285112
2012-02-15,0.012448935741931600
2012-02-16,0.005523742816522600
2012-02-17,0.0360750747777113
2012-02-20,0.033062565762520400
2012-02-21,-0.018209767993077700
2012-02-22,-0.0251510612597318
2012-02-23,-0.0171480839324566
2012-02-24,0.007594768954662100
2012-02-27,-0.025146934091109000
2012-02-28,0.0148592433944051
2012-02-29,-0.011765851875022600
2012-03-01,0.0567589588012951
2012-03-02,-0.034405922097876000
2012-03-05,-0.0181876843204789
2012-03-06,-0.11692811825297800
2012-03-07,0.0355163105809937
2012-03-08,0.0567695718811893
2012-03-09,0.0188437073376586
2012-03-12,0.014300833986939100
2012-03-13,0.0230827384755427
2012-03-14,0.03721883227761210
2012-03-15,0.0287350032086811
2012-03-16,-0.0094530910254372
2012-03-19,-0.027621388686158
2012-03-20,-0.0628958848916204
2012-03-21,0.0250455294138431
2012-03-22,-0.0481137068674928
2012-03-23,-0.005922270101438900
2012-03-26,0.0151813655841108
2012-03-27,-0.0076838338492424
2012-03-28,-0.0459650795308729
2012-03-29,-0.0469856961844412
2012-03-30,0.0421762327333506
2012-04-02,0.0578797081358411
2012-04-03,-0.025182115963118600
2012-04-04,-0.07506478448526950
2012-04-05,-0.0043318145081499
2012-04-10,-0.0707086427790514
2012-04-11,0.041018455511849
2012-04-12,0.041415465319805
2012-04-13,-0.0617583043859269
2012-04-16,0.028535238846390400
2012-04-17,0.0719987134660562
2012-04-18,-0.039092737941435700
2012-04-19,-0.0368950588732523
2012-04-20,0.0587386771692086
2012-04-23,-0.11193790725575300
2012-04-24,0.035954922087506
2012-04-25,0.0618395063286329
2012-04-26,0.0340375702894331
2012-04-27,0.0462431197478403
2012-04-30,-0.028048875838311
2012-05-02,-0.0254196437777003
2012-05-03,0.0127345657191717
2012-05-04,-0.08336079238969730
2012-05-07,0.016337399495070900
2012-05-08,-0.0716994370286368
2012-05-09,0.0353114606191771
2012-05-10,-0.011099348805807900
2012-05-11,0.039172015257012800
2012-05-14,-0.06405388263424210
2012-05-15,-0.0187296398728049
2012-05-16,0.0059183016011298000
2012-05-17,-0.0373099655534768
2012-05-18,-0.027871976280169000
2012-05-21,0.035143355830074000
2012-05-22,0.049714853482412
2012-05-23,-0.0696066709141907
2012-05-24,0.0071959922305666
2012-05-25,0.029852878225779500
2012-05-28,0.0016464791638722000
2012-05-29,0.0495311052924066
2012-05-30,-0.0639770187736358
2012-05-31,-0.026153439758046600
2012-06-01,-0.1115359168982280
2012-06-04,-0.04724589633856
2012-06-05,-0.0072437760080276
2012-06-06,0.0490614476019315
2012-06-07,0.041511311070268200
2012-06-08,-0.014851626172470900
2012-06-11,0.0081909765848529
2012-06-12,0.023137976834118
2012-06-13,-0.0149897114424033
2012-06-14,-0.0137103496220887
2012-06-15,0.0463047335826687
2012-06-18,0.011587370630683100
2012-06-19,0.0550248668569897
2012-06-20,-0.0059894458332611000
2012-06-21,-0.0177717742256363
2012-06-22,-0.05926682623381830
2012-06-25,-0.0507007635689889
2012-06-26,-0.0315272352498504
2012-06-27,0.0549913426040262
2012-06-28,-0.0340238763330536
2012-06-29,0.1473964392556460
2012-07-02,0.0356554398304733
2012-07-03,0.0452213862422858
2012-07-04,0.001985553398342
2012-07-05,-0.0049290023439588
2012-07-06,-0.07378086487515790
2012-07-09,-0.0033622911797629
2012-07-10,0.0280219079217604
2012-07-11,-0.006375105891381000
2012-07-12,-0.0310724140135948
2012-07-13,0.0778757873825134
2012-07-16,-0.0137639771910936
2012-07-17,0.0123067472380749
2012-07-18,0.0498133231394678
2012-07-19,0.0391643603994001
2012-07-20,-0.057715431674502600
2012-07-23,-0.0845464722368483
2012-07-24,-0.036683925420595800
2012-07-25,0.0261758014353359
2012-07-26,0.06201594443360170
2012-07-27,0.0551986531644474
2012-07-30,0.0569635087455075
2012-07-31,0.0173837850899138
2012-08-01,-0.0222114214132443
2012-08-02,-0.0837988034498009
2012-08-03,0.1275980504675540
2012-08-06,0.024382220616796800
2012-08-07,0.032797537710340500
2012-08-08,0.0006822457457680010
2012-08-09,-0.0042201955825455
2012-08-10,-0.006962492869073200
2012-08-13,-0.0241323505200229
2012-08-14,0.022983394489672000
2012-08-15,-0.0093044539493346
2012-08-16,0.0198935113532327
2012-08-17,0.0221331387061117
2012-08-20,-0.0006588308462141000
2012-08-21,0.0158856953093073
2012-08-22,-0.0338381241245941
2012-08-23,-0.030313478862754000
2012-08-24,0.0056514538141831
2012-08-27,0.0341149794459315
2012-08-28,-0.0172389953080408
2012-08-29,0.0021574073723395000
2012-08-30,-0.0679660184721092
2012-08-31,0.023466612656509000
2012-09-03,0.013584572194053600
2012-09-04,-0.053686223282439600
2012-09-05,0.0067683410416427
2012-09-06,0.1011684125493620
2012-09-07,0.020185485713203400
2012-09-10,0.00020882460996900000
2012-09-11,0.0397099593416739
2012-09-12,0.0231791085998438
2012-09-13,-0.0159443312585499
2012-09-14,0.041130901499058800
2012-09-17,0.001982532830061300
2012-09-18,-0.0290144864210124
2012-09-19,0.017728688195873800
2012-09-20,-0.017698549821041800
2012-09-21,0.0255738030663909
2012-09-24,-0.0028435601093685
2012-09-25,0.00047197934267580000
2012-09-26,-0.0532155404854828
2012-09-27,0.0187278761122845
2012-09-28,-0.042132284242108900
2012-10-01,0.0427182079678141
2012-10-02,-0.0057185621369241000
2012-10-04,0.040244504957369900
2012-10-05,0.056921162969185
2012-10-08,-0.0421016021293582
2012-10-09,-0.014102028498034500
2012-10-10,-0.0132911831006291
2012-10-11,0.020567428925181100
2012-10-12,-0.027271754748451700
2012-10-15,0.007494569256035200
2012-10-16,0.0530579990771127
2012-10-17,0.0081985901842516
2012-10-18,0.0157397661523551
2012-10-19,-0.0150853481118295
2012-10-22,-0.019942104542748400
2012-10-23,-0.0700580822136003
2012-10-24,0.0026097351537057000
2012-10-25,0.0028239055814735
2012-10-26,0.0259741738347932
2012-10-29,-0.0203534577293983
2012-10-30,0.039305055009114400
2012-10-31,-0.006508382248943700
2012-11-01,0.045610477940178400
2012-11-02,0.0398362975686055
2012-11-05,-0.0089674939749477
2012-11-06,0.010842348302943
2012-11-07,-0.0373060301680228
2012-11-08,0.0079603505939644
2012-11-09,-0.0083746920343791
2012-11-12,-0.007827482902145000
2012-11-13,0.0133647440592977
2012-11-14,-0.0313978104062619
2012-11-15,-0.0340670222987519
2012-11-16,-0.0210862556958945
2012-11-19,0.08361066465880280
2012-11-20,0.0292748325379352
2012-11-21,0.0011505724282051000
2012-11-22,0.0087269784987232
2012-11-23,0.0234895668415621
2012-11-26,-0.0029667087237663
2012-11-27,0.010916639847471400
2012-11-28,0.023854625194847500
2012-11-29,0.015408218370335
2012-11-30,-0.0010130862412620000
2012-12-03,0.007282288961862400
2012-12-04,0.0006136513276712000
2012-12-05,0.0051624556498278
2012-12-06,0.0510460660782552
2012-12-07,-0.000985695222792299
2012-12-10,0.0098419022205722
2012-12-11,0.0354095989212196
2012-12-12,0.0059771264302517
2012-12-13,-0.0004194932833255000
2012-12-14,0.0119904204828123
2012-12-17,-0.0008728173797998000
2012-12-18,0.0128280839900936
2012-12-19,-0.0110736709504847
2012-12-20,0.0154485715351809
2012-12-21,0.0087198946715462
2012-12-27,0.005633749987672400
2012-12-28,-0.020390999108243100
2013-01-02,0.060701406527486
2013-01-03,-0.0036468063151614
2013-01-04,0.014949772213151300
2013-01-07,-0.0207019736334572
2013-01-08,-0.0366457403387817
2013-01-09,-0.0068548935624859
2013-01-10,0.0068505262838441
2013-01-11,0.020341574864487100
2013-01-14,-0.0063038757820373
2013-01-15,-0.018936994808344800
2013-01-16,0.0121041018610599
2013-01-17,0.0157570994670229
2013-01-18,-0.0161811731603295
2013-01-21,0.0257449713728463
2013-01-22,0.0029873167584184
2013-01-23,0.0005052490242562000
2013-01-24,0.0101224591431649
2013-01-25,0.0704022265576718
2013-01-28,-0.0139201505464286
2013-01-29,-0.0235353517258137
2013-01-30,-0.0137269104458257
2013-01-31,-0.0272709360031041
2013-02-01,-0.0028620112608902000
2013-02-04,-0.0794867159384911
2013-02-05,-0.0011845138987308000
2013-02-06,-0.0336401654637565
2013-02-07,0.0095407603074417
2013-02-08,0.024001448888959000
2013-02-11,-0.026168047130587400
2013-02-12,0.008722098303181000
2013-02-13,0.026775538167451
2013-02-14,-0.031422225724666100
2013-02-15,-0.0147418094495885
2013-02-18,0.0009014973337805
2013-02-19,0.0518743599680201
2013-02-20,-0.0076404662300975000
2013-02-21,-0.060788950293050200
2013-02-22,0.0347050702271939
2013-02-25,0.052106855562041300
2013-02-26,-0.0471018315729871
2013-02-27,0.0360766958049828
2013-02-28,0.0403047314950255
2013-03-01,-0.027297228202438900
2013-03-04,0.0042802150767706
2013-03-05,0.079734481542215
2013-03-06,0.016515096650728300
2013-03-07,0.0073170453680888
2013-03-08,0.026249617761157200
2013-03-11,-0.0130035701187585
2013-03-12,-0.020986035434707100
2013-03-13,-0.0041295235574635
2013-03-14,0.025053612909376700
2013-03-15,-0.0214965832326953
2013-03-18,0.0054245456543934
2013-03-19,-0.008599071901207600
2013-03-20,0.051654918831617300
2013-03-21,-0.0102613886378672
2013-03-22,-0.0111171361436934
2013-03-25,0.009983931077815900
2013-03-26,-0.002941050406446
2013-03-27,-0.026810048314008900
2013-03-28,-0.015805155521149900
2013-04-02,0.059358380543635
2013-04-03,-0.0205941365043153
2013-04-04,-0.026692900778403100
2013-04-05,-0.0765114685008229
2013-04-08,0.022245062930401000
2013-04-09,-0.0225161750748475
2013-04-10,0.058738606950499
2013-04-11,0.0291162530936108
2013-04-12,-0.06299394014852170
2013-04-15,-0.0162642296936363
2013-04-16,-0.0038725897376100000
2013-04-17,-0.0862307801296601
2013-04-18,-0.013508985885746400
2013-04-19,-0.003340662149288400
2013-04-22,0.0031421868647223000
2013-04-23,0.06542776398779370
2013-04-24,0.0456366643279526
2013-04-25,0.0233924832953475
2013-04-26,-0.0094575149419058
2013-04-29,0.028757700105911100
2013-04-30,-0.0038337533124231
2013-05-02,0.027509325175176300
2013-05-03,0.0486971977040969
2013-05-06,-0.025107798677348
2013-05-07,0.0077794230872038
2013-05-08,0.0259516236874818
2013-05-09,0.0037901480380318
2013-05-10,0.018920964545681600
2013-05-13,0.0066947888180356000
2013-05-14,0.021042408107560300
2013-05-15,0.0188763532752231
2013-05-16,-0.0125738456764833
2013-05-17,-0.0047097233708146
2013-05-20,0.035412266993258900
2013-05-21,0.0053126038007701
2013-05-22,0.016433385049235300
2013-05-23,-0.0568230748906807
2013-05-24,0.0122732034892857
2013-05-27,0.0221588420201077
2013-05-28,0.0339333949157148
2013-05-29,-0.0388240937656313
2013-05-30,0.0084897181129581
2013-05-31,-0.0158830012051398
2013-06-03,-0.0292326970569979
2013-06-04,0.007355382113355300
2013-06-05,-0.0288593785490483
2013-06-06,-0.039953913645500400
2013-06-07,0.059028469511822800
2013-06-10,0.0229867986088229
2013-06-11,-0.0308656271092159
2013-06-12,-0.025243470116318400
2013-06-13,-0.040558816929199100
2013-06-14,0.011955960282491200
2013-06-17,0.0366290418365466
2013-06-18,-0.005365430775214600
2013-06-19,-0.0006065385404094000
2013-06-20,-0.1091249711393880
2013-06-21,-0.058669768257359500
2013-06-24,-0.04032121380823820
2013-06-25,0.0460265104001115
2013-06-26,0.0531393681022439
2013-06-27,0.0215728242791694
2013-06-28,-0.0037737017134075000
2013-07-01,0.0320227854261273
2013-07-02,-0.026299618408808
2013-07-03,-0.0281117278949512
2013-07-04,0.053089367983721400
2013-07-05,-0.07041821632393370
2013-07-08,0.0942194013625705
2013-07-09,0.03770086575809
2013-07-10,-0.0007123855273436000
2013-07-11,0.0276796766533966
2013-07-12,0.017172304984760000
2013-07-15,0.0094079000811678
2013-07-16,-0.0062649346491026
2013-07-17,0.020294774077665100
2013-07-18,0.0444859190207451
2013-07-19,0.0081409214908092
2013-07-22,0.0005482064673674000
2013-07-23,-0.0040986828275856
2013-07-24,0.019631115589880000
2013-07-25,-0.059815901589124500
2013-07-26,0.0094155244632672
2013-07-29,-0.0024684608226192
2013-07-30,0.0258583258680675
2013-07-31,0.04345543962740280
2013-08-01,0.0412872063497698
2013-08-02,-0.0133752539299651
2013-08-05,-0.0016208655161019
2013-08-06,-0.028035274607574200
2013-08-07,-0.0266839587704084
2013-08-08,0.0105653447399423
2013-08-09,0.010535686693908500
2013-08-12,0.011649247813772300
2013-08-13,0.0078545788201939
2013-08-14,0.0195929093786219
2013-08-15,-0.014937385146253300
2013-08-16,0.0159881064128745
2013-08-19,-0.008530896087105200
2013-08-20,-0.018295741293532900
2013-08-21,-0.013519933228971900
2013-08-22,0.0467786431345562
2013-08-23,-0.0009897341923593000
2013-08-26,0.0069974314778049
2013-08-27,-0.0733718812934018
2013-08-28,-0.0369727002239618
2013-08-29,0.0168986366520664
2013-08-30,-0.0495392523438436
2013-09-02,0.059662461458682600
2013-09-03,-0.022083175063437700
2013-09-04,0.016913004623876000
2013-09-05,0.07873417471096710
2013-09-06,0.030427447675795
2013-09-09,-0.0160963646842068
2013-09-10,0.044871800013962700
2013-09-11,0.0209214868634953
2013-09-12,-0.0246863749364422
2013-09-13,0.0031296423058574000
2013-09-16,0.0381288646470091
2013-09-17,-0.0022931924232257000
2013-09-18,0.0155288052310027
2013-09-19,0.0403928422366132
2013-09-20,-0.0014763559566302000
2013-09-23,-0.0235530747534023
2013-09-24,0.008077205778862700
2013-09-25,0.0012564862282239
2013-09-26,-0.0040926918439916000
2013-09-27,0.0077564784505417
2013-09-30,-0.0202837748331556
2013-10-01,0.055866838707808100
2013-10-02,-0.0387026443427703
2013-10-04,-0.0106113954617323
2013-10-07,-0.029136975892717300
2013-10-08,-0.016367254809780700
2013-10-09,-0.009072959472486900
2013-10-10,0.0599537866835602
2013-10-11,0.030777645621286700
2013-10-14,-0.006214763573106600
2013-10-15,0.0311525919142669
2013-10-16,0.0046748707383954000
2013-10-17,-0.015102814468705700
2013-10-18,0.032652029981808
2013-10-21,-0.016904678388776
2013-10-22,0.029748998006239100
2013-10-23,0.012161086183310900
2013-10-24,0.0243876096085783
2013-10-25,0.0098159496740835
2013-10-28,-0.0165240854669924
2013-10-29,0.0156007977975503
2013-10-30,0.0023515490075004
2013-10-31,0.004367740460650100
2013-11-01,-0.0169560665797714
2013-11-04,0.0223635097379531
2013-11-05,-0.0400902664027968
2013-11-06,0.025486001842942
2013-11-07,0.023993512475258100
2013-11-08,0.0033514275177397
2013-11-11,0.0012136673130120000
2013-11-12,-0.015429342434824500
2013-11-13,-0.0083846189855985
2013-11-14,0.0478801765714884
2013-11-15,-0.004982778696978700
2013-11-18,0.0188268761581736
2013-11-19,-0.0132262419928905
2013-11-20,0.017261485049387200
2013-11-21,-0.00022812055611160000
2013-11-22,0.0166746402030943
2013-11-25,0.0200044894237068
2013-11-26,-0.0074130347635608
2013-11-27,0.0231986060725303
2013-11-28,0.0027975065828112000
2013-11-29,-0.002294270745947500
2013-12-02,0.0121835502374124
2013-12-03,-0.0562198189773606
2013-12-04,-0.037088880703791000
2013-12-05,-0.024837432010107800
2013-12-06,0.0279862054453833
2013-12-09,0.008841779750859000
2013-12-10,-0.030421667785305
2013-12-11,-0.008911122105366000
2013-12-12,-0.013258529656534
2013-12-13,-0.006126586205964
2013-12-16,0.0586034887303834
2013-12-17,-0.0257585138559442
2013-12-18,0.0461820188222064
2013-12-19,0.0489756898410078
2013-12-20,0.0140162896337777
2013-12-23,0.037604689900369600
2013-12-27,0.0373337481563656
2013-12-30,-0.0226980909063896
2014-01-02,-0.041749135867942
2014-01-03,0.017860598080394
2014-01-06,-0.019453538065284400
2014-01-07,0.0221622474931814
2014-01-08,-0.0150100269715228
2014-01-09,-0.0266094363111559
2014-01-10,-0.0032284177730443000
2014-01-13,0.008334647365051300
2014-01-14,0.0006522235743625000
2014-01-15,0.0720652957658337
2014-01-16,-0.0115089100213541
2014-01-17,0.014248692770503300
2014-01-20,0.004955386351979700
2014-01-21,0.0036194182485741
2014-01-22,-0.0078700936716952
2014-01-23,-0.031148018682960100
2014-01-24,-0.084619850241819
2014-01-27,-0.018750664721412700
2014-01-28,0.0293500488729167
2014-01-29,-0.0170259844228163
2014-01-30,-0.003368692351669000
2014-01-31,-0.0075167188040308
2014-02-03,-0.0304756709791578
2014-02-04,-0.0188375237236008
2014-02-05,-0.014250156354914700
2014-02-06,0.033379183099348
2014-02-07,0.0111223652766918
2014-02-10,0.0006223854551004000
2014-02-11,0.07492650730366240
2014-02-12,0.010649769747996
2014-02-13,0.012248270274985400
2014-02-14,0.026642488855498100
2014-02-17,-0.010015164775848200
2014-02-18,-0.0076627155572275
2014-02-19,0.015125303156276500
2014-02-20,-0.01509376643968
2014-02-21,0.009286871887520300
2014-02-24,0.0092553926782132
2014-02-25,-0.004906703127405400
2014-02-26,-0.006280405354167000
2014-02-27,-0.0181200242369852
2014-02-28,0.042632072990883100
2014-03-03,-0.11848031030738900
2014-03-04,0.07251345165996680
2014-03-05,-0.01583885947792
2014-03-06,0.0016683033647708000
2014-03-07,-0.0718750114144064
2014-03-10,-0.0290462159313317
2014-03-11,0.011674172370599600
2014-03-12,-0.0358673825791862
2014-03-13,-0.0445183141069891
2014-03-14,0.0243955905680899
2014-03-17,0.0488556647312777
2014-03-18,0.0
2014-03-19,0.0887341418041503
2014-03-20,0.033612446459314600
2014-03-21,0.0452584637094636
2014-03-24,-0.062298193945220900
2014-03-25,0.0567758880364472
2014-03-26,0.024790760307037000
2014-03-27,0.0019369038452579000
2014-03-28,0.0457702788137523
2014-03-31,-0.030894538078215900
2014-04-01,0.0030739237273748000
2014-04-02,0.0089113946191317
2014-04-03,0.0192584792093203
2014-04-04,0.0227891243198168
2014-04-07,-0.0724873009612521
2014-04-08,-0.005211954565301
2014-04-09,-0.0026098645299302000
2014-04-10,-0.0273607657327446
2014-04-11,-0.0301679163615438
2014-04-14,0.006153641434716900
2014-04-15,-0.0600421332442551
2014-04-16,0.058430412957871100
2014-04-17,0.0339566425665885
2014-04-22,0.07588754343739960
2014-04-23,-0.035383090438071200
2014-04-24,-0.0110859977037113
2014-04-25,-0.049571822716501100
2014-04-28,0.010674617121815900
2014-04-29,0.0369597647650895
2014-04-30,0.0132328363213597
2014-05-02,-0.022458926760014100
2014-05-05,-0.0014515409005861
2014-05-06,-0.0164560448063539
2014-05-07,0.0183193394982008
2014-05-08,0.028028319466752
2014-05-09,-0.009664718978667000
2014-05-12,0.04973226031904230
2014-05-13,0.0204958213952411
2014-05-14,-0.0055174016317215
2014-05-15,-0.0362532447162015
2014-05-16,0.0089321871127848
2014-05-19,0.014700086666715900
2014-05-20,-0.0220463018176824
2014-05-21,0.0139781593706194
2014-05-22,0.0103560029341744
2014-05-23,0.0220892648175845
2014-05-26,0.046570368337243500
2014-05-27,0.009919938023521800
2014-05-28,-0.008619485728260300
2014-05-29,0.0090058800581595
2014-05-30,0.006028669246681900
2014-06-02,0.0031727840715652000
2014-06-03,-0.009629494471797900
2014-06-04,-0.0027718385315747000
2014-06-05,0.014650650502867
2014-06-06,0.0111876728985917
2014-06-09,-0.00040615966243489900
2014-06-10,0.0099171503195014
2014-06-11,-0.0264336893569026
2014-06-12,-0.0126407628773126
2014-06-13,-0.0117831314043449
2014-06-16,-0.0051920162951918000
2014-06-17,0.004164359266968800
2014-06-18,0.0010189892816597000
2014-06-19,0.0308586226767655
2014-06-20,0.0048047825740022000
2014-06-23,-0.0332490014020725
2014-06-24,0.0405021505459214
2014-06-25,-0.0230459607739905
2014-06-26,-0.0314223077896565
2014-06-27,-0.0116767663917352
2014-06-30,0.015097810428505900
2014-07-01,0.0303005556653238
2014-07-02,-0.0032672225473260000
2014-07-03,0.0415255255607425
2014-07-04,-0.0127719251883384
2014-07-07,-0.0427341618694971
2014-07-08,-0.0442410789067064
2014-07-09,0.011207026274515500
2014-07-10,-0.0563011270514813
2014-07-11,0.009038916582540200
2014-07-14,0.0277054729830944
2014-07-15,-0.028397161839728600
2014-07-16,0.063160113031378
2014-07-17,-0.0389755045969022
2014-07-18,-0.0100916826430863
2014-07-21,-0.0390747841110381
2014-07-22,0.0446370339876624
2014-07-23,0.014560732573794500
2014-07-24,0.0219321361942484
2014-07-25,-0.050337584653321
2014-07-28,-0.0151575426684488
2014-07-29,-0.0013125447518181000
2014-07-30,-0.00010040804522090000
2014-07-31,-0.0421313914379816
2014-08-01,-0.0770903488195071
2014-08-04,-0.0072028317812364
2014-08-05,0.027990451363666300
2014-08-06,-0.006163769696410900
2014-08-07,-0.0390267278757927
2014-08-08,-0.0106587972631918
2014-08-11,0.0655119461050919
2014-08-12,-0.046675614575025300
2014-08-13,0.0424790480714579
2014-08-14,0.0180206286281348
2014-08-15,-0.0576379718272177
2014-08-18,0.057651373809517600
2014-08-19,0.037260401870366200
2014-08-20,-0.006000053827060900
2014-08-21,0.0443000614599971
2014-08-22,-0.030920791870488000
2014-08-25,0.072441122985902
2014-08-26,0.0215626672205314
2014-08-27,-0.0258744077408773
2014-08-28,-0.0281767275447862
2014-08-29,0.0023668545439097000
2014-09-01,0.0016950202828857000
2014-09-02,0.0046070296622272000
2014-09-03,0.0501021833611006
2014-09-04,0.0444294671110474
2014-09-05,0.0033567164969058000
2014-09-08,-0.0053906181082445
2014-09-09,-0.009482863482208600
2014-09-10,-0.0108580028084318
2014-09-11,0.0017748858932948000
2014-09-12,-0.013330453251263100
2014-09-15,0.0078836372062982
2014-09-16,-0.0044561136574014
2014-09-17,0.0124764609214418
2014-09-18,0.0620300165231522
2014-09-19,-0.0341226436947115
2014-09-22,-0.0257327489987879
2014-09-23,-0.0547526159953199
2014-09-24,0.0378116259889679
2014-09-25,-0.0517015147573996
2014-09-26,0.0100406026115364
2014-09-29,-0.019851933179180400
2014-09-30,0.025166243976762200
2014-10-01,-0.019255369385298700
2014-10-02,-0.0581410605659479
2014-10-06,-0.0320934084585595
2014-10-07,-0.0419724963561159
2014-10-08,-0.035937658544828800
2014-10-09,0.024771030179045400
2014-10-10,-0.1016328918912550
2014-10-13,0.012005916601678800
2014-10-14,0.0004297818485203000
2014-10-15,-0.0930325020040518
2014-10-16,0.0318049858797738
2014-10-17,0.0891676773178485
2014-10-20,-0.0480462379004482
2014-10-21,0.0659637896732701
2014-10-22,0.0263242199776714
2014-10-23,0.0352073684373028
2014-10-24,-0.027581133413118700
2014-10-27,-0.0255192062738486
2014-10-28,0.053905318836952900
2014-10-29,0.0025111789396402000
2014-10-30,0.031647475414101500
2014-10-31,0.0873149632796002
2014-11-03,-0.0202732342064745
2014-11-04,-0.0481199045318167
2014-11-05,0.04481981866539770
2014-11-06,0.0183652405573128
2014-11-07,-0.0537270894141685
2014-11-10,0.0167343267028255
2014-11-11,0.0074779286362505
2014-11-12,-0.0545063224310743
2014-11-13,0.013635667529974200
2014-11-14,0.0011500175712228000
2014-11-17,0.0190473522056535
2014-11-18,0.0556389348020665
2014-11-19,0.0087334562865468
2014-11-20,0.0026431367959521
2014-11-21,0.1047205780732670
2014-11-24,0.0126943569861248
2014-11-25,0.0233597530083439
2014-11-26,0.009610237226950800
2014-11-27,0.0365556656685532
2014-11-28,-0.0029582383796206000
2014-12-01,-0.0081593850986087
2014-12-02,-0.0265372400837659
2014-12-03,-0.0025285100516597000
2014-12-04,-0.046989191503788200
2014-12-05,0.0804306094044526
2014-12-08,-0.0256998454092664
2014-12-09,-0.085017053227465
2014-12-10,0.0241422667553081
2014-12-11,0.0145609230364114
2014-12-12,-0.0786322146104136
2014-12-15,-0.0943068313245031
2014-12-16,0.09142979897415530
2014-12-17,-0.0118872971185687
2014-12-18,0.0872182457423415
2014-12-19,-0.024849475986120800
2014-12-22,0.0243510893678727
2014-12-23,0.0155035492053312
2014-12-29,0.0034216977767077
2014-12-30,-0.0433626521991283
2015-01-02,-0.0196935053441087
2015-01-05,-0.0987138547686326
2015-01-06,0.019278446915617500
2015-01-07,0.011708820181422800
2015-01-08,0.1203734123540080
2015-01-09,-0.063255570696723
2015-01-12,0.034584933527775200
2015-01-13,0.052998730674476700
2015-01-14,-0.0456997246159528
2015-01-15,0.07661218177795930
2015-01-16,0.0621309987378708
2015-01-19,0.0243079143337024
2015-01-20,0.0088293710530871
2015-01-21,0.0094864664738797
2015-01-22,0.0377951698132618
2015-01-23,0.1047028278897690
2015-01-26,0.0526737591941194
2015-01-27,-0.076048876917153
2015-01-28,0.011165352236334100
2015-01-29,-0.020002149395411
2015-01-30,-0.007520818304021500
2015-02-02,0.0356630781197649
2015-02-03,0.0362674789555284
2015-02-04,-0.0012343695896395
2015-02-05,-0.006834479210739400
2015-02-06,-0.0287195867240945
2015-02-09,-0.0835973341578403
2015-02-10,0.042897886045278800
2015-02-11,-0.0049799933527595
2015-02-12,0.040253119816295
2015-02-13,0.0307150443416871
2015-02-16,-0.0270640393896638
2015-02-17,0.007588925843476
2015-02-18,0.025831236194434500
2015-02-19,0.0114150389628213
2015-02-20,0.012556182964199
2015-02-23,0.024613031544542500
2015-02-24,0.007531702550529400
2015-02-25,-0.0097931836117779
2015-02-26,0.058978062074667300
2015-02-27,0.018224031402023900
2015-03-02,-0.002566383927504000
2015-03-03,-0.0389611647231618
2015-03-04,0.0296866681504349
2015-03-05,0.0320152486960062
2015-03-06,0.0085062258156485
2015-03-09,0.010629875768352500
2015-03-10,-0.0101004771592371
2015-03-11,0.1143346661086350
2015-03-12,-0.011788788810718700
2015-03-13,0.033699090496547
2015-03-16,0.0704863547318867
2015-03-17,-0.0453357478744607
2015-03-18,-0.0337825593249503
2015-03-19,-0.0387457086000781
2015-03-20,0.0091353245970544
2015-03-23,-0.0476636239339713
2015-03-24,0.0291066593266675
2015-03-25,-0.0363704823766291
2015-03-26,0.0080423378616145
2015-03-27,0.001909416489403
2015-03-30,0.0513791806917334
2015-03-31,-0.036660648186960400
2015-04-01,-0.0032139065992998000
2015-04-02,-0.0165132064089491
2015-04-07,0.029515912956941300
2015-04-08,-0.0335514948792931
2015-04-09,0.041813843764385900
2015-04-10,0.0602806849759549
2015-04-13,-0.0143497156651743
2015-04-14,-0.0345341409262415
2015-04-15,0.0089471136934237
2015-04-16,-0.0691052067854484
2015-04-17,-0.08735619947058670
2015-04-20,0.0531594625802045
2015-04-21,0.0089714342522855
2015-04-22,-0.036352842940357000
2015-04-23,-0.0290746360914841
2015-04-24,0.0209753709093102
2015-04-27,0.071642244053151
2015-04-28,-0.0646183525411397
2015-04-29,-0.1112312256123400
2015-04-30,0.0048040462478172
2015-05-04,0.0180521030574551
2015-05-05,-0.0543167596442493
2015-05-06,-0.012528770227743
2015-05-07,-0.0071741991691151000
2015-05-08,0.10510227127308500
2015-05-11,-0.0081822278706715
2015-05-12,-0.051161251348963200
2015-05-13,-0.040002169952689600
2015-05-14,0.0604720042586148
2015-05-15,-0.0342682750512599
2015-05-18,0.0454901863710006
2015-05-19,0.0781687044361257
2015-05-20,-0.0080678705181777
2015-05-21,-0.003796576389931900
2015-05-22,-0.0115930246447596
2015-05-26,-0.042305360627522
2015-05-27,0.043021258657714600
2015-05-28,-0.0363207919244853
2015-05-29,-0.07191019955972950
2015-06-01,0.0135288762305917
2015-06-02,-0.019835280488903600
2015-06-03,0.028043749957178
2015-06-04,-0.0181734422568371
2015-06-05,-0.039052853265874900
2015-06-08,-0.0498550835521719
2015-06-09,-0.0013143138032173000
2015-06-10,0.0863518163052162
2015-06-11,0.0081600359936217
2015-06-12,-0.0461923685196809
2015-06-15,-0.0595954759206751
2015-06-16,0.0205795127090498
2015-06-17,-0.0272908507384424
2015-06-18,0.0442373017456657
2015-06-19,-0.004595894629720500
2015-06-22,0.12378974872024300
2015-06-23,0.0275232107787741
2015-06-24,-0.0232011258216403
2015-06-25,-0.0056637323199933
2015-06-26,-0.0081444992906847
2015-06-29,-0.1151618238401180
2015-06-30,-0.046113958795290600
2015-07-01,0.0597597079868739
2015-07-02,-0.034532112426139200
2015-07-03,-0.013654578107692700
2015-07-06,-0.0524687786660762
2015-07-07,-0.0733304106050858
2015-07-08,0.012031911712731400
2015-07-09,0.0686518625470263
2015-07-10,0.0771240646455779
2015-07-13,0.040648992408983000
2015-07-14,0.007837998853653200
2015-07-15,-0.0202405821914468
2015-07-16,0.0470168932413209
2015-07-17,-0.0045944912765558
2015-07-20,0.0019265011905346000
2015-07-21,-0.0396213358083158
2015-07-22,-0.020764365033061
2015-07-23,-0.0118377128397734
2015-07-24,-0.0397678092138927
2015-07-27,-0.0763204033149753
2015-07-28,0.0402759134038102
2015-07-29,0.0349433487552214
2015-07-30,0.032603417185068500
2015-07-31,0.0345777458537737
2015-08-03,0.0284907998949174
2015-08-04,-0.0170791755351321
2015-08-05,0.0561035080595768
2015-08-06,-0.011913085652873900
2015-08-07,-0.0180412012073485
2015-08-10,0.022675557791742800
2015-08-11,-0.0980330987456044
2015-08-12,-0.0987435377219169
2015-08-13,0.0270343025281538
2015-08-14,-0.0097356551836069
2015-08-17,0.0005406791941447
2015-08-18,-0.009149199942015900
2015-08-19,-0.0792832576721672
2015-08-20,-0.063814688047618
2015-08-21,-0.0841924029104891
2015-08-24,-0.1419207402679090
2015-08-25,0.1537647781639270
2015-08-26,-0.039072629271859400
2015-08-27,0.0935162725437875
2015-08-28,-0.0010936784316565000
2015-08-31,-0.0161909937415518
2015-09-01,-0.07738201698291920
2015-09-02,0.008177483832948
2015-09-03,0.0833361758434018
2015-09-04,-0.092255521199368
2015-09-07,0.0250722962660349
2015-09-08,0.0576818396179275
2015-09-09,0.015784088232445400
2015-09-10,-0.010597675208391
2015-09-11,-0.0218275923707104
2015-09-14,-0.0074530567128204000
2015-09-15,0.0277776434127791
2015-09-16,0.011457450190305
2015-09-17,-0.0050356831759698000
2015-09-18,-0.10733345333018600
2015-09-21,0.0259561124183781
2015-09-22,-0.12496857662057500
2015-09-23,0.0112732908307538
2015-09-24,-0.0879582596990596
2015-09-25,0.0902284044465663
2015-09-28,-0.0734830451034604
2015-09-29,-0.007340708263203200
2015-09-30,0.06520807726029160
2015-10-01,-0.038599636746352400
2015-10-02,0.004412710526942500
2015-10-05,0.093374353773392
2015-10-06,0.0264278486447847
2015-10-07,0.046749866219907200
2015-10-08,-0.0083059557913642
2015-10-09,0.0242680572097337
2015-10-12,0.015047503765561100
2015-10-13,-0.0384454982739734
2015-10-14,-0.0461679031128855
2015-10-15,0.0227680599591767
2015-10-16,-0.0008200252936204990
2015-10-19,0.021326433934778
2015-10-20,-0.0159239207287827
2015-10-21,0.017244546359146300
2015-10-22,0.065320962946194
2015-10-23,0.110456669713383
2015-10-26,-0.0080724843866801
2015-10-27,-0.013556357490674500
2015-10-28,0.04697465267713
2015-10-29,0.0277129894487951
2015-10-30,0.0056447560623815
2015-11-02,0.030581865050739500
2015-11-03,-0.010931192033365500
2015-11-04,-0.020870736125803700
2015-11-05,0.0163090802560783
2015-11-06,0.0580722208222657
2015-11-09,-0.0518785532238702
2015-11-10,0.0071288635353961
2015-11-11,0.018591151478908200
2015-11-12,-0.0167250608592932
2015-11-13,-0.0166541734916398
2015-11-16,-0.00013771259455710000
2015-11-17,0.0909867064993755
2015-11-18,-0.0091728754208179
2015-11-19,0.0428774886372342
2015-11-20,0.0105385116929207
2015-11-23,-0.0170666330444974
2015-11-24,-0.0505023595521031
2015-11-25,0.0567625290682539
2015-11-26,0.0440199088174045
2015-11-27,-0.0052882936150503
2015-11-30,0.0345705708877702
2015-12-01,-0.023849928772096300
2015-12-02,-0.025244292490625600
2015-12-03,-0.136327206920811
2015-12-04,-0.010341693665382400
2015-12-07,0.0454383511540291
2015-12-08,-0.0736779378515712
2015-12-09,-0.0249451548582201
2015-12-10,0.0015330126451015000
2015-12-11,-0.07692993207491870
2015-12-14,-0.0612807677868906
2015-12-15,0.0840699728203731
2015-12-16,0.0138033512301197
2015-12-17,0.093691018666516
2015-12-18,-0.055644590733534
2015-12-21,-0.038344900483714600
2015-12-22,-0.0039796543244450000
2015-12-23,0.07015539816118340
2015-12-25,0.0
2015-12-28,-0.0230260040403066
2015-12-29,0.0519207676009224
2015-12-30,-0.038187372555676
2016-01-04,-0.1481746364905750
2016-01-05,0.0034207729847222000
2016-01-06,-0.052113079073851
2016-01-07,-0.0835298653026515
2016-01-08,-0.0586049565533662
2016-01-11,-0.0207328203312793
2016-01-12,0.039654502445928700
2016-01-13,-0.025774066902232500
2016-01-14,-0.04678987895608270
2016-01-15,-0.067709313060913
2016-01-18,0.0009489704402962
2016-01-19,0.0353010918981739
2016-01-20,-0.0711777426983597
2016-01-21,0.0670390544724961
2016-01-22,0.0560249577605242
2016-01-25,-0.0055544335217436
2016-01-26,0.0844875989380704
2016-01-27,0.024185114338730200
2016-01-28,-0.0818279040103886
2016-01-29,0.020566524014198600
2016-02-01,-0.0322122416790452
2016-02-02,-0.057787395616265900
2016-02-03,-0.050148279547371
2016-02-04,-0.013610827637585300
2016-02-05,-0.0154125859540113
2016-02-08,-0.0876391558112789
2016-02-09,-0.042527160961537
2016-02-10,0.0392979247720153
2016-02-11,-0.0869324750805372
2016-02-12,0.0833814903964177
2016-02-15,0.07611779086253730
2016-02-16,-0.0163252389327215
2016-02-17,0.0874213099590708
2016-02-18,0.0172278210615146
2016-02-19,-0.0338342608582293
2016-02-22,0.049921153643619400
2016-02-23,-0.062387991394966500
2016-02-24,-0.0962256954992851
2016-02-25,0.0416347126928049
2016-02-26,0.086430113530364
2016-02-29,-0.007402270629323700
2016-03-01,0.0777503888810229
2016-03-02,0.0363667073034217
2016-03-03,0.004931132059237900
2016-03-04,0.046957738273923100
2016-03-07,-0.017932194986614700
2016-03-08,-0.0360115601939158
2016-03-09,-0.0009681794412848000
2016-03-10,-0.1004261967913670
2016-03-11,0.0935329533667576
2016-03-14,0.0647377553992408
2016-03-15,-0.0179273491229071
2016-03-16,0.045678644664114800
2016-03-17,-0.0298499091631141
2016-03-18,0.0257192111689633
2016-03-21,0.019546531844198800
2016-03-22,0.0216500696032983
2016-03-23,-0.002262612249923
2016-03-24,-0.0514595262528324
2016-03-29,0.0157172799737355
2016-03-30,0.050703543631702300
2016-03-31,-0.020219321221800600
2016-04-01,-0.08099856824551200
2016-04-04,0.0186462644758217
2016-04-05,-0.0918651039424523
2016-04-06,0.0246300838737682
2016-04-07,-0.0460493641565975
2016-04-08,0.0351209855701355
2016-04-11,0.011084681856291000
2016-04-12,0.0170347317630756
2016-04-13,0.0882410482990057
2016-04-14,0.0276518320534357
2016-04-15,-0.0139142822077382
2016-04-18,0.0373652231962906
2016-04-19,0.0854161267706878
2016-04-20,0.020490815540589800
2016-04-21,0.011679683335157500
2016-04-22,-0.0203662596149135
2016-04-25,-0.0245207509670238
2016-04-26,-0.010376890249962900
2016-04-27,-0.0115271335396088
2016-04-28,-0.0172730329539198
2016-04-29,-0.1099806078489580
2016-05-02,0.0259187017453756
2016-05-03,-0.0695893715420602
2016-05-04,-0.0220366550612665
2016-05-05,0.009798191370679800
2016-05-06,0.0062679282372017
2016-05-09,0.0368356947686725
2016-05-10,0.0360089804481261
2016-05-11,-0.0166776760185366
2016-05-12,-0.076801783213895
2016-05-13,0.031294326885913600
2016-05-17,-0.038441516820483000
2016-05-18,0.004217897053509500
2016-05-19,-0.1005534338405830
2016-05-20,0.0394598378123858
2016-05-23,-0.0767777079400123
2016-05-24,0.0673701313862887
2016-05-25,0.0446862548404903
2016-05-26,0.0098912753777243
2016-05-27,0.002488066726037
2016-05-30,0.0174247529449096
2016-05-31,-0.0236891109862124
2016-06-01,-0.0169909201396892
2016-06-02,0.0178182288667802
2016-06-03,-0.0229086026151274
2016-06-06,0.0022946479639706000
2016-06-07,0.0695655262907515
2016-06-08,-0.0257437177749694
2016-06-09,-0.0387142612049805
2016-06-10,-0.0668698767471492
2016-06-13,-0.036389899022555
2016-06-14,-0.0508752203460099
2016-06-15,0.042416930631922900
2016-06-16,-0.017187989754452400
2016-06-17,0.028573558898690500
2016-06-20,0.1009566820683110
2016-06-21,0.028509675228923200
2016-06-22,0.0022909520585690000
2016-06-23,0.0557687614745602
2016-06-24,-0.2164035888180530
2016-06-27,-0.0872741977108662
2016-06-28,0.0473516702927243
2016-06-29,0.0179822595225455
2016-06-30,0.0199639193997614
2016-07-01,0.0403033180205886
2016-07-04,-0.019779193243647500
2016-07-05,-0.050071415075898000
2016-07-06,-0.0423357932778886
2016-07-07,0.0122896553411683
2016-07-08,0.0808613878616675
2016-07-11,0.0782674802201125
2016-07-12,0.0600504224382437
2016-07-13,-0.0114913061567726
2016-07-14,0.0413868269741422
2016-07-15,0.0080818292354077
2016-07-18,-0.0130947249643136
2016-07-19,-0.0346316443451416
2016-07-20,0.0435859912486202
2016-07-21,0.008410714922143000
2016-07-22,-0.0091704635246888
2016-07-25,0.0207050508563384
2016-07-26,0.0215050384920279
2016-07-27,0.041303112525459100
2016-07-28,-0.0335324090736039
2016-07-29,0.0383962490439393
2016-08-01,0.0006360957045464000
2016-08-02,-0.053613621190249100
2016-08-03,0.0140386310974074
2016-08-04,0.039892743131716400
2016-08-05,0.061033593083837000
2016-08-08,0.0097414200220729
2016-08-09,0.08597204055748870
2016-08-10,-0.0230727569078829
2016-08-11,0.0303284264129966
2016-08-12,-0.011592058273812900
2016-08-15,0.0130931949349471
2016-08-16,-0.0316917344804908
2016-08-17,-0.0400859519338125
2016-08-18,0.0241430794021385
2016-08-19,-0.0170932730324863
2016-08-22,-0.019444220135819100
2016-08-23,0.024827323360038800
2016-08-24,0.0111318918691355
2016-08-25,-0.0317324042543884
2016-08-26,0.0314664562241357
2016-08-29,-0.013048371603959
2016-08-30,0.0346546148207396
2016-08-31,-0.0324553721648895
2016-09-01,-0.026787898804097400
2016-09-02,0.037420213571063000
2016-09-05,-0.017044342829707400
2016-09-06,0.0083487148817105
2016-09-07,0.0218523315854518
2016-09-08,-0.0363342709258862
2016-09-09,-0.0325867184349512
2016-09-12,-0.042883223145723300
2016-09-13,-0.0209510845308826
2016-09-14,0.0014889266687521000
2016-09-15,0.008890584209200600
2016-09-16,-0.0489626184802118
2016-09-19,0.0250930864147876
2016-09-20,-0.0030196122579371
2016-09-21,0.0011946286901866000
2016-09-22,0.058252981221385900
2016-09-23,-0.021372164801894600
2016-09-26,-0.0744577895158217
2016-09-27,-0.0107610914903372
2016-09-28,0.014606859740735100
2016-09-29,-0.0182601014472598
2016-09-30,0.0368235704569117
2016-10-04,0.0512247553201198
2016-10-05,0.010448898846338400
2016-10-06,0.0040955244715241
2016-10-07,-0.022688960567607700
2016-10-10,0.0333838817066507
2016-10-11,-0.0200860061838943
2016-10-12,-0.021857657951264200
2016-10-13,-0.0275711512838659
2016-10-14,0.043136020288593
2016-10-17,-0.0269962130934542
2016-10-18,0.0335167166257051
2016-10-19,0.0068535771841694
2016-10-20,0.0228187242014817
2016-10-21,-0.0050994018722479
2016-10-24,0.0252275398089811
2016-10-25,0.0030934526824113000
2016-10-26,-0.0114767328555365
2016-10-27,-0.017036711028716500
2016-10-28,-0.0037243289154129
2016-10-31,-0.015746233976131700
2016-11-01,-0.0219105591221813
2016-11-02,-0.0639412369802408
2016-11-03,-0.0079002321005524
2016-11-04,-0.0068380851511482000
2016-11-07,0.0537461773779731
2016-11-08,-0.0018702087476052
2016-11-09,0.0611385141118891
2016-11-10,0.0449834089187098
2016-11-11,0.0355067336515926
2016-11-14,0.019024335762905300
2016-11-15,0.011566213290727000
2016-11-16,-0.0580689112129711
2016-11-17,0.0013765875688484
2016-11-18,-0.0031449422192948000
2016-11-21,0.018737916823044500
2016-11-22,-0.0018405144930050000
2016-11-23,-0.0289402940007316
2016-11-24,0.0060452185677863000
2016-11-25,0.004882818146630600
2016-11-28,-0.0303703717683298
2016-11-29,-0.0010718966991777000
2016-11-30,-0.0071054642645987
2016-12-01,-0.0267579244715707
2016-12-02,-0.0045276145150885
2016-12-05,0.07301781245728
2016-12-06,0.014565462997577600
2016-12-07,0.0822801387607912
2016-12-08,0.08339503976330310
2016-12-09,0.0151780774276708
2016-12-12,0.005844609574282100
2016-12-13,0.0239682509356017
2016-12-14,-4.01103192554997E-05
2016-12-15,0.025786095135663000
2016-12-16,-0.0033005284583974000
2016-12-19,0.0057151477308473000
2016-12-20,-0.0009957233188782990
2016-12-21,-0.0006860244952096
2016-12-22,0.0004825036364656000
2016-12-23,0.0023594817172215
2016-12-27,0.0040974802847831000
2016-12-28,0.0035233350991570000
2016-12-29,-0.0136463558643656
2016-12-30,0.012218658527464400
2017-01-02,0.0342976464824524
2017-01-03,-7.14189556882006E-05
2017-01-04,0.0013265291447622000
2017-01-05,0.0011311314922531000
2017-01-06,0.0081035538598135
2017-01-09,-0.013538333284032000
2017-01-10,0.0070396313051363
2017-01-11,0.00016979056307920000
2017-01-12,-0.05080430531578780
2017-01-13,0.0233708077692395
2017-01-16,-0.0218294878626858
2017-01-17,-0.0058532139289437
2017-01-18,0.0265666286232418
2017-01-19,-0.0112782817808704
2017-01-20,0.0183181315556958
2017-01-23,-0.0335267711742815
2017-01-24,0.024800519366488
2017-01-25,0.0672261523871496
2017-01-26,0.0133095000605334
2017-01-27,-0.017097292546262600
2017-01-30,-0.0359469439618028
2017-01-31,-0.0619412836608071
2017-02-01,0.0635614560725768
2017-02-02,-0.0007849619128370000
2017-02-03,-0.0055629028744646
2017-02-06,-0.0336716473618669
2017-02-07,0.0210915924506499
2017-02-08,0.014290193331481300
2017-02-09,0.0457494028136593
2017-02-10,0.0033811732910081
2017-02-13,0.0363839189796785
2017-02-14,-0.009809463805262200
2017-02-15,0.0066585737744748
2017-02-16,-0.0126709753066933
2017-02-17,-0.0084181901419994
2017-02-20,0.0144568415449389
2017-02-21,0.0611496312407039
2017-02-22,-0.0160446894506381
2017-02-23,-0.0412941052012171
2017-02-24,-0.039345777658386600
2017-02-27,0.007368448776188900
2017-02-28,-0.0016840065939331000
2017-03-01,0.0698135008119312
2017-03-02,0.0043643727681506000
2017-03-03,-0.0006400545869683000
2017-03-06,-0.0113838191599893
2017-03-07,0.0046004067881527
2017-03-08,-0.0069056488593348
2017-03-09,-0.0294529879559438
2017-03-10,-0.010224808374502900
2017-03-13,0.007634614671939
2017-03-14,-0.0042323863939738
2017-03-15,-0.007769499841757100
2017-03-16,0.0229032983416112
2017-03-17,-0.0149010949727571
2017-03-20,-0.0071355904696372000
2017-03-21,-0.0153361579854272
2017-03-22,-0.0154083232585847
2017-03-23,0.0390926691801036
2017-03-24,0.009675743416556
2017-03-27,-0.019495571347021
2017-03-28,0.0344883869817384
2017-03-29,0.0090790315900907
2017-03-30,0.023484160313010800
2017-03-31,0.0158928313580437
2017-04-03,-0.0160788953648388
2017-04-04,-0.004714135987681900
2017-04-05,-0.010304129752766200
2017-04-06,-0.0032338140146570000
2017-04-07,-0.0030982668503967
2017-04-10,-0.014763295906606600
2017-04-11,-0.0045059410568979
2017-04-12,0.0061904485927814
2017-04-13,-0.009827457407036800
2017-04-18,-0.0397457397023421
2017-04-19,0.0177751095915673
2017-04-20,0.012208513706796000
2017-04-21,0.0125204162249287
2017-04-24,0.1190973396638280
2017-04-25,0.0012020034703445000
2017-04-26,0.0101547503943857
2017-04-27,0.022133326396396900
2017-04-28,0.0044140547672893
2017-05-02,0.0094593304280084
2017-05-03,0.004042176829236100
2017-05-04,0.00781199971256
2017-05-05,0.03530151696347570
2017-05-08,-0.0016820760507268000
2017-05-09,0.0090408899404704
2017-05-10,0.0073958699225745000
2017-05-11,-0.013047231136886500
2017-05-12,0.0157646870122953
2017-05-15,-0.0043688902928046
2017-05-16,0.0129614421200277
2017-05-17,-0.0306268781522941
2017-05-18,-0.0145179159068579
2017-05-19,0.011706097985869300
2017-05-22,-0.018815451827521800
2017-05-23,0.019024987046926100
2017-05-24,-0.0084188591302775
2017-05-25,-0.0217860255089922
2017-05-26,-0.010604872935406600
2017-05-29,0.0073146938084098
2017-05-30,-0.007087926717897
2017-05-31,0.0074281675173436000
2017-06-01,0.025817691350192700
2017-06-02,0.053692383947721100
2017-06-05,0.0
2017-06-06,-0.05090254740996030
2017-06-07,-0.017151126404215100
2017-06-08,0.0108881777238087
2017-06-09,0.0175893491739896
2017-06-12,-0.0241455875084066
2017-06-13,0.0180024374309792
2017-06-14,0.0016131741617365000
2017-06-15,-0.0153217750461151
2017-06-16,-9.02065114671002E-05
2017-06-19,0.027246887612597
2017-06-20,-0.0271448337757164
2017-06-21,-0.0062067414517298
2017-06-22,0.0185341039415312
2017-06-23,-0.015305787631073900
2017-06-26,0.0099082643518121
2017-06-27,-0.025254772590480900
2017-06-28,0.0021581473645938000
2017-06-29,-0.0633105307339573
2017-06-30,-0.061596904642976100
2017-07-03,0.045057577432263800
2017-07-04,-0.0222113637287587
2017-07-05,-0.0132508262321782
2017-07-06,-0.0291676486458197
2017-07-07,-0.0041829726709291000
2017-07-10,0.0086828388578512
2017-07-11,0.009572224377902200
2017-07-12,0.0551890905574714
2017-07-13,-0.0143468808222909
2017-07-14,-0.0099243214587733
2017-07-17,-0.0199548002829475
2017-07-18,-0.0304284666633005
2017-07-19,-0.0006567580513109000
2017-07-20,0.021927304708143700
2017-07-21,-0.054284007620857800
2017-07-24,-0.021961258585925500
2017-07-25,0.0165854854865559
2017-07-26,-0.002267404492392
2017-07-27,-0.0505860445076788
2017-07-28,-0.015686076644292500
2017-07-31,-0.0155967006095909
2017-08-01,0.0330376904390081
2017-08-02,-0.0159882158580054
2017-08-03,-0.024024572128215700
2017-08-04,0.023068166111250400
2017-08-07,-0.0088757003987304
2017-08-08,0.0041230705789915
2017-08-09,-0.0313507155799299
2017-08-10,-0.029014717336371900
2017-08-11,0.014242711761910000
2017-08-14,0.0249290483144673
2017-08-15,-0.0038587591425707
2017-08-16,0.0321933257160588
2017-08-17,-0.0121691538051386
2017-08-18,-0.0065876676504419
2017-08-21,-0.0229897562624251
2017-08-22,0.0449174175691313
2017-08-23,-0.0183510972433806
2017-08-24,0.0008460052640057010
2017-08-25,-0.0014788162035506000
2017-08-28,-0.0010174330844209000
2017-08-29,-0.047995658202451
2017-08-30,0.0052090197862169
2017-08-31,0.004026372088333300
2017-09-01,0.029229925345239700
2017-09-04,0.0005954891562862000
2017-09-05,0.0233053683608467
2017-09-06,0.031134726205621300
2017-09-07,0.0185454362408636
2017-09-08,-0.0137701055107219
2017-09-11,0.0428320288438426
2017-09-12,0.0232431060101752
2017-09-13,0.0194656317066574
2017-09-14,0.0079569492000381
2017-09-15,-0.0158260530849023
2017-09-18,0.0045043950472741
2017-09-19,-0.0116822234880351
2017-09-20,-0.0038418157048598
2017-09-21,0.025866837819309300
2017-09-22,-0.0110009603453802
2017-09-25,0.0134244724497787
2017-09-26,0.004897217975211700
2017-09-27,0.007530177489345100
2017-09-28,0.0041445263121264
2017-09-29,0.047293356753139
2017-10-02,0.0096929332588469
2017-10-03,0.0
2017-10-04,0.0558796357720599
2017-10-05,-0.018843120072871
2017-10-06,0.0097949681006134
2017-10-09,0.0034071096191785
2017-10-10,-0.0109616611311632
2017-10-11,0.00010622573915150000
2017-10-12,-0.0107163257919135
2017-10-13,0.008551238882262900
2017-10-16,0.0029041626464801000
2017-10-17,-0.008901376074116000
2017-10-18,0.009068257250281300
2017-10-19,-0.017894686929634700
2017-10-20,-0.0319778830270538
2017-10-23,-0.004154485570002
2017-10-24,-0.0085424508595687
2017-10-25,-0.03369899042655
2017-10-26,0.0155208808402395
2017-10-27,0.0259572613009271
2017-10-30,0.0196663417748171
2017-10-31,0.0
2017-11-01,0.0656215178562569
2017-11-02,0.0011830869945077
2017-11-03,0.008132659394715100
2017-11-06,0.0093382060725808
2017-11-07,-0.0578279095972091
2017-11-08,-0.0020939318319915
2017-11-09,-0.0713938508378356
2017-11-10,-0.0298265027033787
2017-11-13,-0.0112968752800202
2017-11-14,-0.0103417692655205
2017-11-15,-0.0260270074280242
2017-11-16,0.008561034532573700
2017-11-17,-0.0157500051663399
2017-11-20,0.012680176519723400
2017-11-21,0.0247188728402196
2017-11-22,-0.022504112272762800
2017-11-23,0.0016237766776778000
2017-11-24,-0.0051573943805101
2017-11-27,-0.0136461135065866
2017-11-28,0.003820434081440500
2017-11-29,-0.0027424021734481000
2017-11-30,-0.0115780340183503
2017-12-01,-0.0312806514013832
2017-12-04,0.0451903306171759
2017-12-05,-0.020706400608098400
2017-12-06,-0.0183370806606265
2017-12-07,-0.0025726957130142000
2017-12-08,0.0226975276528525
2017-12-11,0.0199098500017967
2017-12-12,0.0209664257255523
2017-12-13,-0.013009603691604600
2017-12-14,-0.0072549661173781
2017-12-15,0.012709643638382200
2017-12-18,0.047155714007013400
2017-12-19,-0.0137888662184922
2017-12-20,-0.0268458392925984
2017-12-21,0.0193602503969166
2017-12-22,-0.009137276085480500
2017-12-27,0.0026444376165886
2017-12-28,-0.0225523659419425
2017-12-29,-0.0129833074293766
2018-01-02,-0.024435659416770100
2018-01-03,0.0160127145975359
2018-01-04,0.0481498739033496
2018-01-05,0.0527076364289854
2018-01-08,0.0172861247037914
2018-01-09,0.0045163551423181
2018-01-10,-0.0344325260724509
2018-01-11,-0.0067165066206104
2018-01-12,0.0216299913480804
2018-01-15,-0.0064425984341078
2018-01-16,0.038782837506265900
2018-01-17,-0.01850168119923
2018-01-18,0.0131323437549163
2018-01-19,0.028607385685363900
2018-01-22,0.0375058530712794
2018-01-23,0.028589501563484000
2018-01-24,-0.0397959239519941
2018-01-25,-0.030566024004352000
2018-01-26,0.0022787634323162
2018-01-29,-0.008150475937519300
2018-01-30,-0.0184849847838943
2018-01-31,-0.0001521085482688000
2018-02-01,-0.0354396318088684
2018-02-02,-0.044461760044565
2018-02-05,-0.0371403833039302
2018-02-06,-0.051423078286524200
2018-02-07,0.027376444229779200
2018-02-08,-0.060493361029784000
2018-02-09,-0.0484055610933692
2018-02-12,0.038884940385091900
2018-02-13,-0.020826877923166900
2018-02-14,0.0356361381086773
2018-02-15,-0.0033262567435468
2018-02-16,0.0293617052859036
2018-02-19,-0.0202027578600565
2018-02-20,0.0185487111661258
2018-02-21,-0.0154411203552315
2018-02-22,4.12395881466002E-05
2018-02-23,-0.0056205561525129
2018-02-26,0.0144340863672851
2018-02-27,-0.0162381696401922
2018-02-28,-0.0390587051555107
2018-03-01,-0.0459123685109752
2018-03-02,-0.0766077829910657
2018-03-05,0.024731453908142400
2018-03-06,0.018957713902294700
2018-03-07,0.0274127382026109
2018-03-08,0.0155762447493835
2018-03-09,0.0068781573553641
2018-03-12,0.0185732516310862
2018-03-13,-0.0485229100832118
2018-03-14,-0.007742272386783200
2018-03-15,0.0114580201452329
2018-03-16,0.0250085831895922
2018-03-19,-0.044775670767226900
2018-03-20,0.019898955623422000
2018-03-21,0.005594050694963700
2018-03-22,-0.0506049495131512
2018-03-23,-0.060582542708867700
2018-03-26,-0.008130629080553900
2018-03-27,0.035599596557168
2018-03-28,0.0011002445730314
2018-03-29,0.0536230832461677
2018-04-03,-0.0210742939766368
2018-04-04,-0.014763516021576600
2018-04-05,0.0790964651862262
2018-04-06,-0.004943349884574100
2018-04-09,-0.0042577914272730000
2018-04-10,0.06758219834920800
2018-04-11,-0.0236360661672068
2018-04-12,0.024066525342357400
2018-04-13,0.0183051100595195
2018-04-16,-0.0204914095204497
2018-04-17,0.047255592682368
2018-04-18,-0.004617548726298300
2018-04-19,0.008478456559345200
2018-04-20,0.0017957388453124000
2018-04-23,0.0015127884618132
2018-04-24,-0.0295915769882117
2018-04-25,-0.0395706484404642
2018-04-26,0.0103699535773737
2018-04-27,0.0273286691219924
2018-04-30,0.023712083903360400
2018-05-02,0.033675811933061500
2018-05-03,-0.0119102881518427
2018-05-04,0.0267907978844536
2018-05-07,0.007274745076541
2018-05-08,0.006064270712197500
2018-05-09,0.0425809317005167
2018-05-10,0.0203079540470245
2018-05-11,-0.010683445207876000
2018-05-14,0.0005177981264300000
2018-05-15,0.0042643073784377
2018-05-16,0.0211589279762027
2018-05-17,0.0270487693476322
2018-05-18,-0.0097191003526732
2018-05-21,0.0
2018-05-22,0.0339007993098432
2018-05-23,-0.054964270269567
2018-05-24,-0.0374216160365968
2018-05-25,0.0129522397614837
2018-05-28,-0.016651948538706500
2018-05-29,-0.033319821040517500
2018-05-30,0.0427095751593463
2018-05-31,-0.033256093124727400
2018-06-01,0.0338211081785588
2018-06-04,-0.0012538218900768000
2018-06-05,-0.0108523891986325
2018-06-06,0.0027382607503965000
2018-06-07,-0.005193364110383700
2018-06-08,-0.0139205106255848
2018-06-11,0.0024157707579594000
2018-06-12,-0.0087036711159795
2018-06-13,0.0411932868392787
2018-06-14,0.05498074996077810
2018-06-15,-0.0223188558094398
2018-06-18,-0.0381845199332231
2018-06-19,-0.0446600216761896
2018-06-20,0.00014918912190570000
2018-06-21,-0.0503327960484949
2018-06-22,0.0269881873632489
2018-06-25,-0.0724163722618658
2018-06-26,-0.016773809933598000
2018-06-27,0.0189597684270104
2018-06-28,-0.0467723311816292
2018-06-29,0.009731152885945200
2018-07-02,0.0016419229077401000
2018-07-03,0.0086677165904358
2018-07-04,0.0001429292006550000
2018-07-05,0.0397634302217144
2018-07-06,-0.0077314558970667
2018-07-09,0.0097295451874379
2018-07-10,0.0172011132983909
2018-07-11,-0.0534764372693399
2018-07-12,0.0161966468557533
2018-07-13,0.012708603408914
2018-07-16,-0.0063407357333717
2018-07-17,0.015889419580065
2018-07-18,0.0151865559340722
2018-07-19,-0.0104184187121298
2018-07-20,-0.0316776681504324
2018-07-23,0.013032225389449000
2018-07-24,0.0409705801076303
2018-07-25,-0.0318185191053444
2018-07-26,0.0853451591921113
2018-07-27,0.015468808295288400
2018-07-30,-0.014751843091379600
2018-07-31,0.0014864849395111000
2018-08-01,-0.0166576514588112
2018-08-02,-0.0691343351898758
2018-08-03,0.007702785684528300
2018-08-06,0.007971686179065600
2018-08-07,0.0222799376281237
2018-08-08,0.0023101354530234000
2018-08-09,0.0036664948014011
2018-08-10,-0.0560081610145645
2018-08-13,-0.1141526129418310
2018-08-14,-0.006520812707482600
2018-08-15,-0.0585531784252662
2018-08-16,-0.0384790866495488
2018-08-17,0.0118632324643481
2018-08-20,0.0413197124949051
2018-08-21,0.0295189510997621
2018-08-22,0.011146734710798600
2018-08-23,-0.025172896107665
2018-08-24,0.0058467349436143
2018-08-27,0.04025972521509
2018-08-28,0.011192724255681000
2018-08-29,0.0072553968828249
2018-08-30,-0.014686030151104700
2018-08-31,-0.039629455099103
2018-09-03,-0.0117835760974119
2018-09-04,-0.0312539567043581
2018-09-05,-0.0375860784601632
2018-09-06,-0.0539808699476341
2018-09-07,-0.0178058188293436
2018-09-10,-0.0119897303100127
2018-09-11,-0.0312239279062323
2018-09-12,0.0138584217001365
2018-09-13,0.0100783760302782
2018-09-14,0.029272430016440600
2018-09-17,0.0072799780682783
2018-09-18,0.0077797249254089
2018-09-19,0.0216610404436799
2018-09-20,0.052818187662711600
2018-09-21,0.015903198098766
2018-09-24,-0.0244392879624819
2018-09-25,-0.05779630158827700
2018-09-26,0.010973789128443700
2018-09-27,0.0150641554982136
2018-09-28,-0.041711781347230000
2018-10-01,-0.0032778051357697000
2018-10-02,-0.036432148462235300
2018-10-04,-0.0015651817306944000
2018-10-05,-0.029391823366849600
2018-10-08,-0.0151768979326713
2018-10-09,-0.0060767836968591000
2018-10-10,-0.032423091017184
2018-10-11,-0.0034066870335855000
2018-10-12,-0.0207413628737928
2018-10-15,0.042567617822093
2018-10-16,0.022496466969481400
2018-10-17,-0.013614570401814700
2018-10-18,0.0030476299561813000
2018-10-19,-0.0296925604902995
2018-10-22,-0.014910706259706800
2018-10-23,-0.1205225064405780
2018-10-24,-0.0202070855562815
2018-10-25,0.006979483847400900
2018-10-26,-0.0059745444305217
2018-10-29,0.0589213835431749
2018-10-30,-0.0327496254465119
2018-10-31,0.0304249063387668
2018-11-01,0.033226830902495100
2018-11-02,0.027152025490139000
2018-11-05,-0.0029612177121097
2018-11-06,-0.0153925797693741
2018-11-07,-0.0042402423795561
2018-11-08,-0.0093663227789513
2018-11-09,-0.0143053461511819
2018-11-12,-0.067151763269643
2018-11-13,0.0048375551287151
2018-11-14,-0.03387970096775110
2018-11-15,-0.013525419040622
2018-11-16,-0.0210079929084366
2018-11-19,-0.011805709865678100
2018-11-20,-0.038445716075092
2018-11-21,0.0525061200377204
2018-11-22,-0.0219629976658624
2018-11-23,0.0118957216380362
2018-11-26,0.059876894992535100
2018-11-27,-0.019582362284708100
2018-11-28,0.0039839701566417
2018-11-29,-0.0205027345019424
2018-11-30,0.0047749631967763
2018-12-03,0.0932094523995058
2018-12-04,-0.0455402912828555
2018-12-05,-0.0189654408249746
2018-12-06,-0.11275740103205900
2018-12-07,0.012050026697288
2018-12-10,-0.0725555168957395
2018-12-11,0.06090424458942210
2018-12-12,0.0588728270398787
2018-12-13,0.0295810170620389
2018-12-14,-0.0174611694375165
2018-12-17,0.00020171733218859900
2018-12-18,-0.009045651441850000
2018-12-19,-0.0368521147376471
2018-12-20,-0.0437573501233133
2018-12-21,0.0053865024715318
2018-12-27,-0.0904304079721774
2018-12-28,0.0514903473786914
2019-01-02,-0.0015672602610524000
2019-01-03,-0.038110320813685700
2019-01-04,0.1414919921228040
2019-01-07,-0.023489529056216800
2019-01-08,0.0307287144801855
2019-01-09,0.0149196959708506
2019-01-10,-0.00014638072736580000
2019-01-11,-0.0249664517541165
2019-01-14,-0.018216347102972400
2019-01-15,0.006625903361843900
2019-01-16,-0.0014614524773618
2019-01-17,-0.0148475638299177
2019-01-18,0.0914008461310363
2019-01-21,-0.0102510207906598
2019-01-22,-0.017555428578415600
2019-01-23,-0.0141677730684498
2019-01-24,0.0160909191729205
2019-01-25,0.056679085081830300
2019-01-28,-0.026139181367177700
2019-01-29,-0.005823503515064400
2019-01-30,-0.019011620660831800
2019-01-31,0.011756365436338
2019-02-01,0.0191064633591046
2019-02-04,-0.009799333893094100
2019-02-05,0.0439343265548704
2019-02-06,-0.012088835202621000
2019-02-07,-0.0918230058712131
2019-02-08,-0.0498084597672703
2019-02-11,0.0120913672421532
2019-02-12,0.020533952103327300
2019-02-13,0.017143221465857900
2019-02-14,-0.0542834007863879
2019-02-15,0.0848266282040436
2019-02-18,-0.0103315808488227
2019-02-19,0.002655261517984
2019-02-20,0.034537811391152900
2019-02-21,-6.69462868970994E-05
2019-02-22,0.0015085158653250000
2019-02-25,0.0143067889844553
2019-02-26,0.013642148578002100
2019-02-27,0.0293053789356767
2019-02-28,0.0095685006195494
2019-03-01,0.0305250704852412
2019-03-04,0.0166662244696904
2019-03-05,0.0094918890473711
2019-03-06,-0.0117666172383658
2019-03-07,-0.045984776035112200
2019-03-08,-0.0499477125809542
2019-03-11,0.0049306564155964000
2019-03-12,-0.0177379006079897
2019-03-13,0.0225508146428396
2019-03-14,0.0054005691218707
2019-03-15,0.015305795312247800
2019-03-18,0.0052035663511446
2019-03-19,0.0603286506690122
2019-03-20,-0.17356443525467300
2019-03-21,-0.0284498374364379
2019-03-22,-0.08719234330301550
2019-03-25,-0.0430748248013749
2019-03-26,-0.0250983403213514
2019-03-27,-4.99066636905007E-05
2019-03-28,-0.0116882499707048
2019-03-29,0.045439788305907400
2019-04-01,0.0458509895012479
2019-04-02,0.0495335460392655
2019-04-03,0.054883102241635100
2019-04-04,0.0176527638745685
2019-04-05,0.0304741809063444
2019-04-08,-0.0070937884224206
2019-04-09,-0.024120417389763800
2019-04-10,0.0175522022556316
2019-04-11,0.0016692135060360000
2019-04-12,0.0480024406097812
2019-04-15,0.0083247912755492
2019-04-16,0.025617087951994
2019-04-17,0.0125944126782502
2019-04-18,0.0064741244666168
2019-04-23,0.002691077305301600
2019-04-24,-0.0434094213141051
2019-04-25,0.004982179913372900
2019-04-26,0.010461495626767300
2019-04-29,0.012064125072714
2019-04-30,0.007736243505199000
2019-05-02,0.022370246253839100
2019-05-03,0.0071230349171854
2019-05-06,-0.0453780089222951
2019-05-07,-0.0691731799555721
2019-05-08,0.032796712642536400
2019-05-09,-0.0914880306549406
2019-05-10,0.0183697019069532
2019-05-13,-0.0517545702788774
2019-05-14,-0.011089079841179700
2019-05-15,0.056811177299898900
2019-05-16,0.0302996652826027
2019-05-17,-0.019543346429376900
2019-05-20,-0.059051775646180200
2019-05-21,0.0182177456197369
2019-05-22,-0.0165019244548463
2019-05-23,-0.0699866358748686
2019-05-24,0.0100775595690537
2019-05-27,0.0195029743181673
2019-05-28,0.0150599661514666
2019-05-29,-0.0623107818445989
2019-05-30,0.0083420371543384
2019-05-31,-0.0605311884880617
2019-06-03,0.0233380988730095
2019-06-04,0.0580648764434527
2019-06-05,-0.014156160071470200
2019-06-06,-0.032364897487383100
2019-06-07,-0.0018818551295658
2019-06-11,0.041484705831412
2019-06-12,-0.020620192477674400
2019-06-13,0.0097391998923585
2019-06-14,-0.0308510598717907
2019-06-17,-0.0176384037189298
2019-06-18,0.0756719522624358
2019-06-19,0.0313580713899234
2019-06-20,0.0156084209938513
2019-06-21,-0.0207943406598964
2019-06-24,-2.94666724188013E-05
2019-06-25,-0.020042157600525400
2019-06-26,0.024109707841579600
2019-06-27,0.0858002223790584
2019-06-28,0.0151930303289142
2019-07-01,0.0195026156034206
2019-07-02,-0.0187559600742347
2019-07-03,0.0309146277615337
2019-07-04,0.0075192687330692
2019-07-05,-0.0341602683813875
2019-07-08,-0.025913389039051600
2019-07-09,-0.0135916349026915
2019-07-10,-0.0178974861880263
2019-07-11,-0.023376527111549
2019-07-12,0.0045583458772409
2019-07-15,0.0089151359039895
2019-07-16,0.0204201641513299
2019-07-17,-0.0193233180303594
2019-07-18,-0.0122930604708528
2019-07-19,0.023307144747323200
2019-07-22,0.0034372451230469
2019-07-23,0.0801323098098599
2019-07-24,0.002771428180170500
2019-07-25,-0.0432813570579497
2019-07-26,0.0082217081075593
2019-07-29,-0.0129339357120004
2019-07-30,-0.0704269224036486
2019-07-31,0.016911753346387800
2019-08-01,-0.006103380497649300
2019-08-02,-0.11150968150974600
2019-08-05,-0.08499232841408120
2019-08-06,-0.024352748506298200
2019-08-07,0.052897978520894
2019-08-08,0.08703196051528000
2019-08-09,-0.0147533184335066
2019-08-12,-0.021113935734537400
2019-08-13,0.0290638715796524
2019-08-14,-0.0752526532921132
2019-08-15,-0.041427721835799
2019-08-16,0.0478883843226778
2019-08-19,0.0552262763331237
2019-08-20,-0.0149745744891713
2019-08-21,0.0541430707512357
2019-08-22,0.005457809349830800
2019-08-23,-0.0572034787749601
2019-08-26,0.0194627067095884
2019-08-27,0.0088887481985152
2019-08-28,-0.0035946584192764
2019-08-29,0.0359385785718816
2019-08-30,0.0166355605961393
2019-09-02,-0.0187142107768409
2019-09-03,-0.0140537752751594
2019-09-04,0.042628417090554200
2019-09-05,0.0086905234057743
2019-09-06,0.0182055241507709
2019-09-09,0.0359255769343714
2019-09-10,0.0542509448253435
2019-09-11,0.013783185987852500
2019-09-12,-0.008329810530484200
2019-09-13,0.009380575134298100
2019-09-16,-0.0044533015400629000
2019-09-17,-0.0207363927617092
2019-09-18,-0.0141105708216702
2019-09-19,0.0266918472274173
2019-09-20,0.012904427552222
2019-09-23,-0.052729670434021500
2019-09-24,-0.0152113422572915
2019-09-25,0.0015412839401353000
2019-09-26,-0.0292275250926197
2019-09-27,0.030776022654260900
2019-09-30,0.020151133551012700
2019-10-01,-0.052678566770028900
2019-10-02,-0.0700155004593975
2019-10-04,0.019587685937528
2019-10-07,0.0298770737590933
2019-10-08,-0.0250532804802758
2019-10-09,0.0312794499673059
2019-10-10,0.0191082013803771
2019-10-11,0.0679086946143566
2019-10-14,0.0084712555907239
2019-10-15,0.0487627851916886
2019-10-16,0.009377703543145500
2019-10-17,-0.010111962323843900
2019-10-18,-0.0099613902441646
2019-10-21,0.0353582314708725
2019-10-22,0.010360032563468000
2019-10-23,0.0302261362041777
2019-10-24,0.0175535702901979
2019-10-25,0.0011207074023222000
2019-10-28,0.0110688594153934
2019-10-29,-0.004053020545665100
2019-10-30,0.004512367215729400
2019-10-31,0.012902916399398500
2019-11-01,0.0301344459984034
2019-11-04,0.0739119364347286
2019-11-05,0.030183525577029500
2019-11-06,0.0104974657927587
2019-11-07,0.058783911592385
2019-11-08,-0.0043758501567743
2019-11-11,-0.0131090523313815
2019-11-12,0.0135370223705138
2019-11-13,-0.0140006716454568
2019-11-14,-0.0036756765692517000
2019-11-15,0.0183510109818016
2019-11-18,-0.026337809126614900
2019-11-19,0.0041304521075073000
2019-11-20,-0.0143368313393434
2019-11-21,-0.0054587357752436000
2019-11-22,0.0062809308357052
2019-11-25,0.0314514389501227
2019-11-26,-0.0025764482977569000
2019-11-27,0.0206498665688312
2019-11-28,-0.027595304874465
2019-11-29,-0.009719946817939200
2019-12-02,-0.043764534170085900
2019-12-03,0.0064120411667836
2019-12-04,0.0459193509486366
2019-12-05,-0.0196095117694315
2019-12-06,0.0219316774917293
2019-12-09,-0.0209455545477282
2019-12-10,-0.0020928738739666000
2019-12-11,0.0309757369939584
2019-12-12,0.0239173450134916
2019-12-13,0.030407940711569000
2019-12-16,0.0262378180976391
2019-12-17,-0.0474754296571732
2019-12-18,0.001767702839499500
2019-12-19,-0.007026991680897200
2019-12-20,0.0134941190284966
2019-12-23,0.0154252947307842
2019-12-27,0.0003868296480682000
2019-12-30,-0.0250064890417075
2020-01-02,0.042221182208759500
2020-01-03,-0.0444730857315606
2020-01-06,-0.0199816795808058
2020-01-07,0.0276798814127648
2020-01-08,0.0322614938356322
2020-01-09,0.0205634963139188
2020-01-10,-0.009129708851177000
2020-01-13,-0.023151816183413200
2020-01-14,-0.0015242679253320000
2020-01-15,-0.0105354755006859
2020-01-16,-0.0189319873357319
2020-01-17,0.0139073249889141
2020-01-20,0.0090517755293991
2020-01-21,0.0033376799576569
2020-01-22,-0.030807948539375100
2020-01-23,-0.0293420393274351
2020-01-24,0.031245196517167900
2020-01-27,-0.07430045603376290
2020-01-28,0.0196244137045423
2020-01-29,-0.0057248468772572
2020-01-30,-0.0568307182454817
2020-01-31,-0.0430167585151784
2020-02-03,0.0005414074325655000
2020-02-04,0.0524892765942202
2020-02-05,0.05052132377361300
2020-02-06,0.0080989187873592
2020-02-07,-0.0370040248359184
2020-02-10,-0.0202879504360876
2020-02-11,0.0208671922410325
2020-02-12,0.0476868140345687
2020-02-13,-0.0341604945389822
2020-02-14,-0.0147947136645266
2020-02-17,0.002275378353675000
2020-02-18,-0.03897615433497
2020-02-19,0.0077848945273319
2020-02-20,-0.0190703599442333
2020-02-21,-0.028496371265906700
2020-02-24,-0.1414903672963280
2020-02-25,-0.0332047891360409
2020-02-26,0.006103148279091800
2020-02-27,-0.0940659834553085
2020-02-28,-0.0779254183958615
2020-03-02,-0.0341681313495971
2020-03-03,-0.014563135299172000
2020-03-04,0.0561403018858531
2020-03-05,-0.0391301989771818
2020-03-06,-0.0869010272694283
2020-03-09,-0.2820796053679740
2020-03-10,-0.0544529519188415
2020-03-11,-0.0036205853475913000
2020-03-12,-0.4258456077743540
2020-03-13,0.0267256026678902
2020-03-16,-0.1774446715044080
2020-03-17,0.0820504539790642
2020-03-18,-0.1862169904042940
2020-03-19,-0.0032205623482836
2020-03-20,0.1951367430364190
2020-03-23,-0.0783403840123334
2020-03-24,0.3283109321495030
2020-03-25,0.0356247425898285
2020-03-26,0.0163188139639862
2020-03-27,-0.10988430050618400
2020-03-30,0.0747890382172841
2020-03-31,0.062000653862936400
2020-04-01,-0.1149420285090110
2020-04-02,0.052100554435129200
2020-04-03,-8.32203121956002E-05
2020-04-06,0.204098986438645
2020-04-07,0.0798334944030882
2020-04-08,-0.0586756255156742
2020-04-09,0.0459190479071008
2020-04-14,0.0526471439222044
2020-04-15,-0.146489252773628
2020-04-16,0.0125762698865682
2020-04-17,0.1111903566899170
2020-04-20,-0.0046182439924101
2020-04-21,-0.1087706862076430
2020-04-22,0.054629641634641600
2020-04-23,0.0447110494361969
2020-04-24,-0.0602275832217107
2020-04-27,0.148700227679436
2020-04-28,0.06505685004359090
2020-04-29,0.1080007983752410
2020-04-30,-0.08468584750800560
2020-05-04,-0.1309661869126770
2020-05-05,0.0929951027317019
2020-05-06,-0.0825399799288915
2020-05-07,-0.012148307310488600
2020-05-08,0.08857312166458860
2020-05-11,-0.008080059560611
2020-05-12,-0.0008180485709319000
2020-05-13,-0.0802827288400096
2020-05-14,-0.0866910834385366
2020-05-15,0.0863595145061362
2020-05-18,0.1949516654070730
2020-05-19,0.012469562918493800
2020-05-20,0.0169317859759908
2020-05-21,-0.0477989831339197
2020-05-22,-0.0068141481565812
2020-05-25,0.1041325727785100
2020-05-26,0.043527484151096400
2020-05-27,0.0635300764982478
2020-05-28,0.009279810508834000
2020-05-29,-0.06816205374431080
2020-06-02,0.1374403859754080
2020-06-03,0.0963755844547578
2020-06-04,-0.042629791928564300
2020-06-05,0.11448356630196500
2020-06-08,0.05139914063847420
2020-06-09,-0.051122956387408000
2020-06-10,-0.025502665763510800
2020-06-11,-0.16379614448119600
2020-06-12,0.0206141649551028
2020-06-15,-0.0145877627271772
2020-06-16,0.1129566495502020
2020-06-17,0.0158542862368636
2020-06-18,-0.0068695629948951000
2020-06-19,0.0206908129126314
2020-06-22,-0.0154497207453929
2020-06-23,0.08763651949592940
2020-06-24,-0.1022381800313830
2020-06-25,-0.005524479311925600
2020-06-26,-0.042887771551968200
2020-06-29,0.036459394045270700
2020-06-30,-0.0046236443985615000
2020-07-01,-0.0165820143103298
2020-07-02,0.0727287602396309
2020-07-03,-0.022851058573707600
2020-07-06,0.0441819454389527
2020-07-07,-0.0457072301578431
2020-07-08,-0.039732922215815
2020-07-09,-0.0100135416185945
2020-07-10,0.0485330749014834
2020-07-13,0.025402866581601
2020-07-14,-0.0170268135214581
2020-07-15,0.0316384709719926
2020-07-16,-0.0106983919404745
2020-07-17,0.014816047972131700
2020-07-20,-0.0064804457642922
2020-07-21,0.0455045926863186
2020-07-22,-0.0478511294044949
2020-07-23,0.0349749442511341
2020-07-24,-0.0496428078096997
2020-07-27,-0.0272483649972903
2020-07-28,0.0014218839663917000
2020-07-29,-0.0280107534378096
2020-07-30,-0.1125003491513880
2020-07-31,-0.0463031505330121
2020-08-03,0.0995254719442725
2020-08-04,-0.003766862993525600
2020-08-05,-0.0377868981649256
2020-08-06,-0.0038009711109478000
2020-08-07,0.0126493693989366
2020-08-10,0.017276642551458
2020-08-11,0.091082754321939
2020-08-12,0.016878210711026400
2020-08-13,-0.0235831793141489
2020-08-14,-0.0229931630093176
2020-08-17,0.0012902396483689
2020-08-18,-0.0069831570782356000
2020-08-19,0.039153772727441100
2020-08-20,-0.0518965083882755
2020-08-21,-0.0196150004064461
2020-08-24,0.0823034301043622
2020-08-25,-0.014864655265421600
2020-08-26,0.033984712558736900
2020-08-27,-0.022029507724783600
2020-08-28,-0.0351574007645334
2020-08-31,-0.0036491172675216000
2020-09-01,0.0090884763373292
2020-09-02,0.0374281330124477
2020-09-03,-0.0313959091874811
2020-09-04,-0.0174801592070726
2020-09-07,0.055162258063025600
2020-09-08,-0.015307323532986500
2020-09-09,0.0427705254176398
2020-09-10,-0.0134445316296243
2020-09-11,0.0102333764224167
2020-09-14,-0.0071391537414786
2020-09-15,0.030562126392896
2020-09-16,0.014801107600626
2020-09-17,0.0091674559327058
2020-09-18,-0.019701322331865700
2020-09-21,-0.1605522361170710
2020-09-22,0.009124999017873
2020-09-23,0.0204356577447096
2020-09-24,-0.005047976293380700
2020-09-25,-0.0599931804515523
2020-09-28,0.1461797072511630
2020-09-29,-0.0207093050336926
2020-09-30,-0.010926054431889700
2020-10-01,-0.1407416035422320
2020-10-02,-0.0429275313228085
2020-10-05,0.0799610977233429
2020-10-06,0.0174238847756025
2020-10-07,-0.005270530741899800
2020-10-08,0.0363949936548692
2020-10-09,-0.00024694598103809800
2020-10-12,0.0059179476795585
2020-10-13,-0.05906468146741880
2020-10-14,-0.0018180057648087000
2020-10-15,-0.0627238845131406
2020-10-16,0.0456174034342298
2020-10-19,-0.0073958682984826
2020-10-20,-0.006565832223637600
2020-10-21,-0.0488551464932675
2020-10-22,0.002244757809852
2020-10-23,0.0068445542319435
2020-10-26,-0.0279744309944134
2020-10-27,-0.05253008948467
2020-10-28,-0.1484090620055640
2020-10-29,0.0119833336344432
2020-10-30,-0.0038970961406734
2020-11-02,0.0785339983209941
2020-11-03,0.0712440332222388
2020-11-04,0.0592347659862294
2020-11-05,0.0607814777547729
2020-11-06,-0.056287237483486700
2020-11-09,0.20861897191349200
2020-11-10,0.0738081711946608
2020-11-11,0.0151093520310824
2020-11-12,-0.040844716286919000
2020-11-13,-0.0008080599794798000
2020-11-16,0.0239897470900793
2020-11-17,-0.0079433951187517
2020-11-18,0.005494418199206000
2020-11-19,-0.0330979918536666
2020-11-20,0.031838682779383200
2020-11-23,0.0095019615960109
2020-11-24,0.06563997951233120
2020-11-25,-0.007607557608961800
2020-11-26,-0.0247066057832565
2020-11-27,0.003834341819413300
2020-11-30,-0.0321018755066788
2020-12-01,0.040256386864800800
2020-12-02,-0.0238298512546998
2020-12-03,-0.0111078502859614
2020-12-04,0.021832471158253400
2020-12-07,-0.0375707956362584
2020-12-08,0.008582963386181600
2020-12-09,0.002545741916044700
2020-12-10,-0.0282646109793822
2020-12-11,-0.0401853515738841
2020-12-14,0.0351155956583379
2020-12-15,0.0434298488588071
2020-12-16,0.0613170974477192
2020-12-17,-0.005047712655953500
2020-12-18,0.0152373258677963
2020-12-21,-0.11296313439226400
2020-12-22,0.0377546419048603
2020-12-23,0.039350191296449200
2020-12-28,0.0292334972265699
2020-12-29,-0.0213785589104129
2020-12-30,-0.0197351684727717
2021-01-04,0.0190111811070228
2021-01-05,-0.0123101127579547
2021-01-06,0.078207504725686
2021-01-07,0.0372407703598484
2021-01-08,-0.0257039957957723
2021-01-11,-0.0271395680113977
2021-01-12,-0.004583906560868000
2021-01-13,0.0236692433951892
2021-01-14,0.0072969660044039
2021-01-15,-0.0348492659528706
2021-01-18,0.0088987324410813
2021-01-19,0.0019563874964481000
2021-01-20,0.0575153264043535
2021-01-21,0.002453275807278300
2021-01-22,0.060630421881674900
2021-01-25,-0.0654648773978236
2021-01-26,0.050434210296468700
2021-01-27,-0.0548488119380185
2021-01-28,0.0143321650622717
2021-01-29,-0.0471136818853933
2021-02-01,0.029911499106106400
2021-02-02,0.05961666932026350
2021-02-03,0.027484946530761200
2021-02-04,0.0655911241270648
2021-02-05,-0.0034676295545436000
2021-02-08,-0.0186947896140915
2021-02-09,-0.009027533591225
2021-02-10,-0.003181594581278200
2021-02-11,-0.0020294916559626000
2021-02-12,0.007455162959781000
2021-02-15,0.0072551472776230000
2021-02-16,-0.0143923075068624
2021-02-17,-0.008133806255328400
2021-02-18,-0.0232244497944724
2021-02-19,0.0449515477985259
2021-02-22,-0.0143652545488646
2021-02-23,-0.050170846562144900
2021-02-24,0.0579417064029835
2021-02-25,-0.05602544400503520
2021-02-26,-0.045951827906533700
2021-03-01,0.0741042487048729
2021-03-02,-0.0066739927182777
2021-03-03,0.0637866474554109
2021-03-04,-0.005497745634136000
2021-03-05,-0.0312590338144237
2021-03-08,0.1218958674801450
2021-03-09,0.00179089836841
2021-03-10,0.0499037888593889
2021-03-11,-0.06342130649626530
2021-03-12,-0.0131673011665252
2021-03-15,0.0005834549607647000
2021-03-16,0.0371935886228899
2021-03-17,0.0620261611977574
2021-03-18,0.0618185628219117
2021-03-19,-0.0730747284548708
2021-03-22,0.009446309033539800
2021-03-23,0.002826917499904200
2021-03-24,-0.0224894994657177
2021-03-25,0.0019850549742204000
2021-03-26,0.0175414230122924
2021-03-29,0.0275295978844175
2021-03-30,0.0672169584194075
2021-03-31,-0.0075084642753805
2021-04-01,-0.005664760001367800
2021-04-06,0.0238334268690043
2021-04-07,-0.0194986242833545
2021-04-08,-0.010110454638960000
2021-04-09,-0.002589769206565
2021-04-12,-0.004798888165476800
2021-04-13,-0.0058315396407593
2021-04-14,-0.0184201934417975
2021-04-15,0.011495437641564300
2021-04-16,0.072999146264714
2021-04-19,-0.005011689380935500
2021-04-20,-0.0572992830310063
2021-04-21,0.0263137527962863
2021-04-22,0.0173344930880173
2021-04-23,-0.0161786618923765
2021-04-26,0.0078092258868882000
2021-04-27,-0.019035507124327800
2021-04-28,0.0127705618918415
2021-04-29,-0.0442251637240821
2021-04-30,0.0035730882266857
2021-05-03,0.018505443295129
2021-05-04,-0.0841740140438989
2021-05-05,0.06281330857546750
2021-05-06,0.013869710904026
2021-05-07,0.0361800955467677
2021-05-10,0.0193366150850892
2021-05-11,-0.0574143678503939
2021-05-12,0.06956976351872480
2021-05-13,-0.0051432533147693
2021-05-14,0.0509767882376002
2021-05-17,-0.0145047861657649
2021-05-18,-0.0205976207327499
2021-05-19,-0.067012850615884
2021-05-20,0.021444609062860500
2021-05-21,0.0193988118455572
2021-05-25,-0.011168313925432600
2021-05-26,-0.0039052517801396000
2021-05-27,-0.07143443288974020
2021-05-28,0.0322366608155183
2021-05-31,-0.0374154347629604
2021-06-01,0.044032983591015300
2021-06-02,0.035276433670752
2021-06-03,0.0399649930563944
2021-06-04,0.0134918735949442
2021-06-07,0.021446575208824800
2021-06-08,-0.0085752042127582
2021-06-09,-0.004130506515611000
2021-06-10,-0.0232389747825405
2021-06-11,0.0386380150273114
2021-06-14,-0.0115405665138215
2021-06-15,0.0243233802187314
2021-06-16,-0.0350311530520674
2021-06-17,0.0114647517357419
2021-06-18,-0.0659362665461335
2021-06-21,0.0337394896143863
2021-06-22,-0.017455323930791000
2021-06-23,-0.0309177234588255
2021-06-24,0.015436017538428900
2021-06-25,0.0204461485600105
2021-06-28,-0.0433950171944916
2021-06-29,0.0107971577569075
2021-06-30,-0.037074601290822300
2021-07-01,0.025208682406504700
2021-07-02,-0.009654119468621400
2021-07-05,-0.009662088887076000
2021-07-06,-0.06424619810060580
2021-07-07,0.0220626377071158
2021-07-08,-0.0510591229978378
2021-07-09,0.0556277129270861
2021-07-12,0.0147961318418958
2021-07-13,0.0012476172204780000
2021-07-14,0.002122277979107600
2021-07-15,-0.048424243791199
2021-07-16,-0.024308818654577100
2021-07-19,-0.0879221674402597
2021-07-20,0.0307202774129418
2021-07-21,0.0557660988675698
2021-07-22,0.0248436275701652
2021-07-23,0.026684233561769
2021-07-26,0.0019228553175412
2021-07-27,-0.0464020042468559
2021-07-28,0.0005826587911721000
2021-07-29,0.0271796535858811
2021-07-30,-0.0433256360808024
2021-08-02,0.04285244867146
2021-08-03,-0.0626976417346478
2021-08-04,0.0278373924265579
2021-08-05,-0.05692339639277650
2021-08-06,0.024660342349096300
2021-08-09,-0.0131248405270419
2021-08-10,0.0076861119653008
2021-08-11,0.0229852023566131
2021-08-12,0.0335996168742318
2021-08-13,-0.010270935209726000
2021-08-16,-0.023240825836041300
2021-08-17,-0.0054561064681212
2021-08-18,-0.0053742624083508
2021-08-19,-0.06387606810760820
2021-08-20,-0.011638798012553000
2021-08-23,0.0128324034266184
2021-08-24,0.0303039438828818
2021-08-25,-0.0198143177104323
2021-08-26,-0.0089481542702146
2021-08-27,0.0153012584052631
2021-08-30,0.011434751978659000
2021-08-31,0.0125569167210339
2021-09-01,-0.020038989332078700
2021-09-02,0.025870902330817900
2021-09-03,0.0012794908488500000
2021-09-06,0.0404904372410452
2021-09-07,-0.0046450496731805
2021-09-08,-0.0780226724749189
2021-09-09,-0.003846454906397600
2021-09-10,0.0306564832849327
2021-09-13,0.0372672764455824
2021-09-14,0.0145288699398956
2021-09-15,-0.0068510086733762
2021-09-16,0.0133419653236406
2021-09-17,-0.032259604984784700
2021-09-20,-0.0816367485204525
2021-09-21,0.0531612766843914
2021-09-22,0.07202949695675350
2021-09-23,0.0019760241795707
2021-09-24,-0.0128018145844342
2021-09-27,0.0258454847348026
2021-09-28,-0.0365792750281812
2021-09-29,0.0339583714630909
2021-09-30,-0.039755442399515100
2021-10-01,-0.0272818750589651
2021-10-04,-0.0168523260840509
2021-10-05,0.0084907641002567
2021-10-06,-0.0413624160018314
2021-10-07,0.0630818226340158
2021-10-08,0.022106915405351300
2021-10-11,0.0306852651900995
2021-10-12,-0.02125651388665
2021-10-13,-0.015763080354419900
2021-10-14,0.051005989788460900
2021-10-15,0.017411806807315600
2021-10-18,-0.0505241258332347
2021-10-19,0.009134484359561800
2021-10-20,0.0197934984180063
2021-10-21,-0.0298634384598242
2021-10-22,0.0268072117883906
2021-10-25,0.020272797691864000
2021-10-26,0.033584039868201400
2021-10-27,-0.0072151172032817
2021-10-28,-0.0170131887894037
2021-10-29,0.0006612567049304000
2021-11-01,0.0316302179182959
2021-11-02,0.0440434281603072
2021-11-03,0.014398322085709100
2021-11-04,0.006478313861037300
2021-11-05,0.0134740277654395
2021-11-08,0.0013825032149181000
2021-11-09,0.006804686133887600
2021-11-10,0.0304748931270023
2021-11-11,0.0267321226319496
2021-11-12,-0.0123596376811494
2021-11-15,0.0077533326984427000
2021-11-16,0.015448380130289500
2021-11-17,0.007284528684480700
2021-11-18,-0.005174872353771900
2021-11-19,-0.032264559133527
2021-11-22,0.022788444637015
2021-11-23,-0.010267001356283
2021-11-24,-0.055309161224492000
2021-11-25,-0.005026082198454000
2021-11-26,-0.1600461144320680
2021-11-29,-0.0063832234238612
2021-11-30,-0.05013062178716570
2021-12-01,0.10768359101832400
2021-12-02,-0.0134934535886276
2021-12-03,-0.0343827363147493
2021-12-06,0.0368156055008437
2021-12-07,0.0
2021-12-08,0.0707845694630829
2021-12-09,-0.0128859889444119
2021-12-10,0.011764863040479
2021-12-13,-0.0014836837829235000
2021-12-14,-0.0420146839433261
2021-12-15,-0.0030520390208084000
2021-12-16,0.041454068561802000
2021-12-17,-0.048774081254964600
2021-12-20,-0.0675852316275419
2021-12-21,0.0406019145923466
2021-12-22,0.013953394806990400
2021-12-23,0.0562982030966615
2021-12-27,0.0230421863468395
2021-12-28,0.014023872080922000
2021-12-29,-0.0194521406417049
2021-12-30,-0.0010150623837366000
2022-01-03,0.0526380247098159
2022-01-04,0.0594018367921584
2022-01-05,0.0431886485352001
2022-01-06,-0.0339288859787509
2022-01-07,-0.0100501106515919
2022-01-10,0.013363798631868900
2022-01-11,0.04950092150481860
2022-01-12,0.0037376922890553000
2022-01-13,0.009675553342139300
2022-01-14,-0.005388659129319300
2022-01-17,0.0022982884647675000
2022-01-18,-0.0388643209205467
2022-01-19,0.0023040050682984000
2022-01-20,0.0180662595917239
2022-01-21,-0.0502428869845983
2022-01-24,-0.12575052532087900
2022-01-25,0.0306312888282411
2022-01-26,0.056152352085469
2022-01-27,0.0127234352886711
2022-01-28,-0.0279174171484008
2022-01-31,0.0359427608590209
2022-02-01,0.0277887492779747
2022-02-02,-0.0174461401806256
2022-02-03,-0.040264464076428700
2022-02-04,-0.0806752412726135
2022-02-07,0.0316846323852564
2022-02-08,0.0022370698278868000
2022-02-09,0.0583024693433593
2022-02-10,0.0640080780802103
2022-02-11,0.02364722443691
2022-02-14,-0.0679207417275824
2022-02-15,0.0737197009984247
2022-02-16,-0.012179401559614300
2022-02-17,-0.0011640754093105000
2022-02-18,-0.0305600550690399
2022-02-21,-0.0715103608259503
2022-02-22,-0.038201849008341300
2022-02-23,0.014016289190618600
2022-02-24,-0.1780913366021530
2022-02-25,0.12275021978459800
2022-02-28,-0.0668475905876749
2022-03-01,-0.0904211319980634
2022-03-02,0.0429546583407797
2022-03-03,-0.06379600852298210
2022-03-04,-0.1765428802232130
2022-03-07,-0.0406201239515629
2022-03-08,0.0191311641071002
2022-03-09,0.2330919063715650
2022-03-10,-0.09370107577853030
2022-03-11,0.0686932021731339
2022-03-14,0.0492374126847046
2022-03-15,0.008717205526436
2022-03-16,0.11807793966839900
2022-03-17,-0.019717024142255100
2022-03-18,0.0037558815376313000
2022-03-21,0.0092308978496821
2022-03-22,0.0302615265606078
2022-03-23,-0.0224404092901564
2022-03-24,-0.0023794604928573
2022-03-25,-0.0027366523400094
2022-03-28,0.0156228749567532
2022-03-29,0.11174996118937700
2022-03-30,-0.0642948732862022
2022-03-31,-0.0512974163048609
2022-04-01,0.028024465070191300
2022-04-04,0.0349487278618856
2022-04-05,-0.0513259065360333
2022-04-06,-0.0539951459548792
2022-04-07,-0.0226723554645704
2022-04-08,0.055961413152218800
2022-04-11,-0.016194890964473500
2022-04-12,0.0005067647097046000
2022-04-13,0.0004918343726276000
2022-04-14,0.0027779300044857000
2022-04-19,0.0109419909071171
2022-04-20,0.0167671537171458
2022-04-21,0.0
2022-04-22,0.0041414166866185
2022-04-25,-0.0681830279857765
2022-04-26,-0.04816036742581
2022-04-27,0.0
2022-04-28,0.016216195160644600
2022-04-29,0.0366468671795303
2022-05-02,-0.045879876688063500
2022-05-03,0.0406438381434764
2022-05-04,0.0035416421241942000
2022-05-05,-0.0206077739503981
2022-05-06,0.0
2022-05-09,-0.0785532431516501
2022-05-10,0.0868282358833746
2022-05-11,0.004230155593914600
2022-05-12,0.005780986741613100
2022-05-13,0.0
2022-05-16,0.0673419851425906
2022-05-17,0.051787456586560500
2022-05-18,-0.0376958680137625
2022-05-19,-0.0188610715518649
2022-05-20,0.0233554660591183
2022-05-23,0.0355152162637354
2022-05-24,-0.045896023048760000
2022-05-25,0.0
2022-05-26,0.108675366581388
2022-05-27,0.0
2022-05-30,0.0
2022-05-31,0.0475292779419793
2022-06-01,0.024407731475357200
2022-06-02,0.0
2022-06-03,0.0023458054100370000
2022-06-06,0.0380708951788321
2022-06-07,-0.030076561199417500
2022-06-08,0.0034569063389944000
2022-06-09,-0.037601201054786200
2022-06-10,-0.1099601193597800
2022-06-13,-0.0647271157940375
2022-06-14,-0.023981273029876600
2022-06-15,0.0212626958027961
2022-06-16,-0.1223385494802630
2022-06-17,0.0315087662136565
2022-06-20,0.0264238834670303
2022-06-21,-0.012731604441766
2022-06-22,-0.0561429175310481
2022-06-23,-0.1022066257217330
2022-06-24,0.020929608895960500
2022-06-27,0.0526682250312118
2022-06-28,0.023731291922956
2022-06-29,-0.0969257022974407
2022-06-30,-0.0735040237824911
2022-07-01,0.003831295532422600
2022-07-04,-0.0015015128606166000
2022-07-05,-0.0858704070866852
2022-07-06,0.0345197495378661
2022-07-07,0.0709012074380349
2022-07-08,0.0599495271207295
2022-07-11,-0.0904391113165226
2022-07-12,0.0
2022-07-13,-0.025342256362881400
2022-07-14,-0.037217286377387000
2022-07-15,0.1046417253390440
2022-07-18,0.0189738661573945
2022-07-19,0.1184315519172220
2022-07-20,0.015621698554953700
2022-07-21,-0.030449868937837100
2022-07-22,-0.0241406578155262
2022-07-25,0.017221788212568400
2022-07-26,-0.039593925836337900
2022-07-27,0.0110727703878756
2022-07-28,0.0385233721269872
2022-07-29,0.0360358164714939
2022-08-01,-0.013882552613969200
2022-08-02,0.0312918797846528
2022-08-03,-0.033555382079155000
2022-08-04,-0.0135679917012403
2022-08-05,-0.0736331652998187
2022-08-08,0.0200206011617853
2022-08-09,-0.0547268657045452
2022-08-10,0.0312750379474982
2022-08-11,-0.0010896517222714000
2022-08-12,0.07475503411066050
2022-08-15,-0.013230703032251400
2022-08-16,0.0266555827392899
2022-08-17,-0.073134404142709
2022-08-18,0.0353803618369818
2022-08-19,-0.039657687252472
2022-08-22,-0.0983424364862784
2022-08-23,0.0169978490484511
2022-08-24,0.0104710201653576
2022-08-25,0.0284352910043202
2022-08-26,-0.05686484900227360
2022-08-29,-0.0448962251529682
2022-08-30,0.0275533071821068
2022-08-31,-0.0164242242594886
2022-09-01,-0.05094032854702530
2022-09-02,0.1104917683741450
2022-09-05,-0.0791542463408365
2022-09-06,0.0136286962608052
2022-09-07,0.0172848690224065
2022-09-08,-0.011637009774108000
2022-09-09,0.0440385335979543
2022-09-12,0.07750079567746480
2022-09-13,-0.0449496159238106
2022-09-14,-0.0229800869522232
2022-09-15,-0.0178542132618234
2022-09-16,-0.0382387379938887
2022-09-19,0.028490830854018400
2022-09-20,-0.0311344085390231
2022-09-21,0.019017724906393400
2022-09-22,-0.0454029464839118
2022-09-23,-0.0807872193376767
2022-09-26,-0.0175990614010136
2022-09-27,-0.0113034173366309
2022-09-28,0.0117455252227254
2022-09-29,-0.05676642066488230
2022-09-30,0.0354333972259402
2022-10-03,0.019071331053864400
2022-10-04,0.09594386732106260
2022-10-05,-0.0387794016034709
2022-10-06,-0.004047255133447500
2022-10-07,-0.0336210235032658
2022-10-10,0.0188278382527857
2022-10-11,0.0156537778408746
2022-10-12,0.0204156200962537
2022-10-13,0.0536063520273729
2022-10-14,-0.0159579188065097
2022-10-17,0.0716087267240142
2022-10-18,0.0165121506853233
2022-10-19,-0.0023270098733027
2022-10-20,-0.0014121587210444000
2022-10-21,-0.007155136986045
2022-10-24,0.0536751024146815
2022-10-25,0.0140840885187549
2022-10-26,0.0385567030378268
2022-10-27,0.010655687927332500
2022-10-28,0.004911961277654800
2022-10-31,0.0021113099346560000
2022-11-01,0.036358185977910000
2022-11-02,-0.0266773946741669
2022-11-03,-0.0744459896670911
2022-11-04,0.1020653123997040
2022-11-07,0.0360494515659624
2022-11-08,-0.038248762784999900
2022-11-09,-0.0379500015796171
2022-11-10,0.09629736407583820
2022-11-11,0.0082400633565198
2022-11-14,0.033717292279835300
2022-11-15,0.0439813368352881
2022-11-16,-0.06307149261075460
2022-11-17,0.062649590958293
2022-11-18,0.0685817586961753
2022-11-21,-0.0212759805738447
2022-11-22,0.0219799550886054
2022-11-23,-0.006131626178020800
2022-11-24,0.023547457304327300
2022-11-25,0.0066874797704794000
2022-11-28,-0.004762291965689300
2022-11-29,0.0309772270351923
2022-11-30,-0.006254117672772500
2022-12-01,-0.0015646459433049000
2022-12-02,0.0057007813059989
2022-12-05,-0.019940024669433100
2022-12-06,-0.024089914456862300
2022-12-07,-0.015576094768975200
2022-12-08,-0.0272243865526507
2022-12-09,0.0325570756957997
2022-12-12,-0.0055243612626367
2022-12-13,0.0016555986069909000
2022-12-14,-0.0232995071624147
2022-12-15,-0.0854552597986344
2022-12-16,-0.0444097446316042
2022-12-19,0.0244331876841692
2022-12-20,0.006399504287933200
2022-12-21,0.0186885966749396
2022-12-22,-0.0299515990023817
2022-12-23,0.0036832349620833
2022-12-27,0.0066095235616405000
2022-12-28,-0.0094968002062309
2022-12-29,0.0340745894747444
2022-12-30,-0.0301903774535872
2023-01-02,0.05392091704940740
2023-01-03,0.0034698291590285000
2023-01-04,0.0622870103168163
2023-01-05,0.013678671462071500
2023-01-06,0.0317453738446459
2023-01-09,0.0466292333701499
2023-01-10,0.04423191953775100
2023-01-11,0.0638406779202286
2023-01-12,0.037403930982067
2023-01-13,0.004771679373960800
2023-01-16,0.0007689438748761
2023-01-17,0.0126646000168655
2023-01-18,-0.0191605909036361
2023-01-19,-0.0560808737088352
2023-01-20,0.0204598653826549
2023-01-23,0.0238117415683666
2023-01-24,-0.0093745872480413
2023-01-25,-0.0040760207893227
2023-01-26,0.0247703674401431
2023-01-27,0.0
2023-01-30,0.00019562470564629900
2023-01-31,0.0181889108412601
2023-02-01,0.013534345010615600
2023-02-02,0.036425297624165400
2023-02-03,0.004740094595231100
2023-02-06,0.006642136878237800
2023-02-07,0.0016745807956960000
2023-02-08,0.0543650557242078
2023-02-09,0.050354907865774
2023-02-10,-0.0405627965335584
2023-02-13,0.0139143863076991
2023-02-14,0.0086664729877126
2023-02-15,0.033031727620293
2023-02-16,-0.0185054954960988
2023-02-17,-0.013690976224023000
2023-02-20,-0.009229080645908
2023-02-21,-0.0109139750180115
2023-02-22,-0.0017856530898937
2023-02-23,0.037905771974979300
2023-02-24,-0.07821638324144630
2023-02-27,0.0256550197249538
2023-02-28,-0.037823066284290800
2023-03-01,0.0214362661506202
2023-03-02,0.002511138005477800
2023-03-03,0.05282104592995080
2023-03-06,0.0033106865189067
2023-03-07,-0.0077761867657767
2023-03-08,0.0327773287159657
2023-03-09,-0.0130871046181656
2023-03-10,-0.0421712596652313
2023-03-13,-0.1124354515735380
2023-03-14,0.0628230563964924
2023-03-15,-0.0883381833247745
2023-03-16,0.0321978715144131
2023-03-17,-0.034806752032437000
2023-03-20,0.022487787162827800
2023-03-21,0.066376380945666
2023-03-22,0.014145776372880000
2023-03-23,-0.0042098327209394
2023-03-24,-0.0500792832406547
2023-03-27,0.024784007712133500
2023-03-28,0.0298789171223158
2023-03-29,0.0276100613386823
2023-03-30,0.0414605689333274
2023-03-31,0.023686946220861000
2023-04-03,-0.0025936157943802
2023-04-04,-0.0032048868618687
2023-04-05,-0.035460425773931000
2023-04-06,-0.007218174685497400
2023-04-11,0.034692039415423700
2023-04-12,0.0237412140156402
2023-04-13,0.008601585514282900
2023-04-14,0.031215281720443500
2023-04-17,0.0041024321116043
2023-04-18,0.007682008154648400
2023-04-19,-0.0090923981042929
2023-04-20,-0.0457746549907654
2023-04-21,-0.0016178555790274000
2023-04-24,0.0013953975777256000
2023-04-25,0.0145031235881403
2023-04-26,-0.0212584648508595
2023-04-27,0.0013864324400624000
2023-04-28,0.0189834868610115
2023-05-02,-0.0219750185317834
2023-05-03,0.0189204592415461
2023-05-04,0.0361814984484321
2023-05-05,0.0589162388533258
2023-05-08,0.0016892538896544000
2023-05-09,0.0039632447011739
2023-05-10,-0.01055934051138
2023-05-11,-0.082519205780788
2023-05-12,-0.0005221985793251000
2023-05-15,0.0021402389295633
2023-05-16,-0.0053587464705925
2023-05-17,0.0335283748521275
2023-05-18,0.0569939551849826
2023-05-19,0.0302302165997874
2023-05-22,-0.0176946392674021
2023-05-23,-0.009200419925490500
2023-05-24,-0.0404946033807043
2023-05-25,-3.13168817703997E-05
2023-05-26,0.0547347677564607
2023-05-29,-0.0058435336351969
2023-05-30,-0.0151471048917161
2023-05-31,-0.0676049095600723
2023-06-01,0.0323176410020887
2023-06-02,0.0554212250188056
2023-06-05,-0.0115061701632245
2023-06-06,0.0044948941470464
2023-06-07,-0.0005564348053779
2023-06-08,0.008486526708949200
2023-06-09,-0.0183211030250614
2023-06-12,0.0346545393425971
2023-06-13,0.0432330421985416
2023-06-14,0.016827474428941200
2023-06-15,0.0055458883203860000
2023-06-16,-0.0092862236086751
2023-06-19,-0.0228810733522926
2023-06-20,-0.029716577959109100
2023-06-21,-0.0129197879873072
2023-06-22,-0.0139154240942431
2023-06-23,-0.026709465816649100
2023-06-26,-0.012061584136323
2023-06-27,0.005816712480959700
2023-06-28,-0.013702375503349
2023-06-29,0.0005562491192117000
2023-06-30,0.029335517643371200
2023-07-03,-0.0297817671575449
2023-07-04,-0.015428397423713900
2023-07-05,-0.0055214056353234
2023-07-06,-0.10143374404524000
2023-07-07,-0.002496188152906
2023-07-10,0.0312028348656352
2023-07-11,0.0072094548465556
2023-07-12,0.033529800963075900
2023-07-13,0.018163785437787900
2023-07-14,-0.007921667675646500
2023-07-17,-0.0059413814763706
2023-07-18,0.0278957018323729
2023-07-19,-0.011497341177517600
2023-07-20,0.0395335942698604
2023-07-21,-0.0038355880591171
2023-07-24,-0.0025686611685580000
2023-07-25,0.0076133188549591
2023-07-26,-0.0218362060644366
2023-07-27,0.0717551128781619
2023-07-28,0.005192324338994200
2023-07-31,0.0147687264669642
2023-08-01,-0.0882543354653836
2023-08-02,-0.0325672881666117
2023-08-03,-0.040423899196016900
2023-08-04,0.0286923049974218
2023-08-07,0.0080573050894612
2023-08-08,-0.037607777670079400
2023-08-09,-0.0051948698928526
2023-08-10,-0.031000086811835500
2023-08-11,-0.0359379048782874
2023-08-14,0.013174831641221100
2023-08-15,-0.0326660469813328
2023-08-16,-0.0080505382333173
2023-08-17,-0.0169804939114112
2023-08-18,-0.0389970405159272
2023-08-21,0.0101044233044605
2023-08-22,0.0203893892790587
2023-08-23,-0.010298197244673800
2023-08-24,-0.0349636354846432
2023-08-25,0.0062906963949305
2023-08-28,0.0191657966444293
2023-08-29,0.0307935385226945
2023-08-30,-0.0212176299182628
2023-08-31,0.0058346751492594
2023-09-01,-0.034519916870728700
2023-09-04,0.0030802614082888000
2023-09-05,0.020359175498861
2023-09-06,-0.017991534290787
2023-09-07,-0.0167296120011598
2023-09-08,0.010018509663417100
2023-09-11,0.0283740109141538
2023-09-12,-0.017242047203252900
2023-09-13,-0.0531430956575754
2023-09-14,0.013591757477098100
2023-09-15,0.0392486389880307
2023-09-18,-0.029600467074779700
2023-09-19,-0.004538667992752100
2023-09-20,0.042925789584215900
2023-09-21,-0.05506799031745
2023-09-22,-0.0079340219133815
2023-09-25,-0.0541721407964409
2023-09-26,-0.046776694694995
2023-09-27,0.04158802789617
2023-09-28,0.005920856530180300
2023-09-29,-0.005164772527921400
2023-10-02,-0.0241698777845838
2023-10-03,-0.041304191365278100
2023-10-04,0.013084542380399100
2023-10-05,-0.0302983986706924
2023-10-06,0.0375931264147435
2023-10-09,-0.0401603951948935
2023-10-10,0.09023042925925940
2023-10-11,0.0224442144498831
2023-10-12,-0.0256044467674056
2023-10-13,-0.0462718911654211
2023-10-16,0.0129059872814221
2023-10-17,-0.0125136681700218
2023-10-18,-0.0462512434302941
2023-10-19,-0.0400398611025809
2023-10-20,-0.055882495793781800
2023-10-23,-0.0100080642485139
2023-10-24,-0.0033555068630743
2023-10-25,-0.022137610257705
2023-10-26,-0.0837105919610875
2023-10-27,0.0022825209438863000
2023-10-30,0.005735826205898000
2023-10-31,0.0087300542925711
2023-11-01,0.010187090888524700
2023-11-02,0.064890872269122
2023-11-03,0.0401854980161411
2023-11-06,0.0078989807933783
2023-11-07,-0.024323578081702
2023-11-08,0.008489720283283300
2023-11-09,0.0337433197098272
2023-11-10,-0.0681819329161957
2023-11-13,0.0283299638789192
2023-11-14,0.0590366186259014
2023-11-15,0.0477695080287666
2023-11-16,0.022414062400866100
2023-11-17,0.0439814627506072
2023-11-20,-0.19786269733730300
2023-11-21,-0.0235929837616165
2023-11-22,-0.014231137564976800
2023-11-23,0.0028038504344637
2023-11-24,-0.0020299442887645000
2023-11-27,-0.0413699360937651
2023-11-28,-0.030596368940107
2023-11-29,0.044111120214168900
2023-11-30,0.0245385983456735
2023-12-01,0.0111569373072502
2023-12-04,-0.0032528108795054
2023-12-05,0.0547760982989067
2023-12-06,0.0521718821106597
2023-12-07,-0.0214204934374963
2023-12-08,0.0309772957108343
2023-12-11,0.002487720137358600
2023-12-12,-0.011016675237432100
2023-12-13,-0.0274339822884469
2023-12-14,0.07260524842204650
2023-12-15,0.0173934575523501
2023-12-18,-0.0403115485982114
2023-12-19,0.0289005536924027
2023-12-20,0.013431406765574700
2023-12-21,-0.0107695533271954
2023-12-22,0.011268464624321
2023-12-27,0.0249773643360282
2023-12-28,-0.0008708317499104000
2023-12-29,0.0160618791581398
2024-01-02,0.0182507656678153
2024-01-03,-0.053907421184961
2024-01-04,0.0393160986881016
2024-01-05,-0.0156891866135673
2024-01-08,0.0076608640291832
2024-01-09,-0.0023588476077339000
2024-01-10,-0.024284818724651100
2024-01-11,-0.0435681729750916
2024-01-12,0.012230283628196200
2024-01-15,-0.041861176882424200
2024-01-16,-0.0027914344038552000
2024-01-17,-0.0552249024360233
2024-01-18,-0.0060729145538451
2024-01-19,-0.0114599982558151
2024-01-22,0.0403068024927248
2024-01-23,-0.015930781357110400
2024-01-24,0.036256695300831700
2024-01-25,-0.0002973084122272000
2024-01-26,0.0058536461217983000
2024-01-29,-0.0514305104988594
2024-01-30,-0.009156230115021700
2024-01-31,-0.0371700943863366
2024-02-01,-0.0200040161864527
2024-02-02,0.0249141662607213
2024-02-05,-0.0303030886856948
2024-02-06,0.0481094311002213
2024-02-07,0.0032718555545408000
2024-02-08,0.003793589158279300
2024-02-09,0.0044947745583734
2024-02-12,0.0183217241212658
2024-02-13,-0.0360529223866845
2024-02-14,0.0167627410315168
2024-02-15,0.025600861878802300
2024-02-16,0.0471143018768173
2024-02-19,-0.00016153271873149900
2024-02-20,-0.0195399380643395
2024-02-21,0.033924898889042400
2024-02-22,0.0224539328358082
2024-02-23,0.030618284297739000
2024-02-26,-0.0032022948952343000
2024-02-27,0.0307034245118114
2024-02-28,0.011895930383318600
2024-02-29,0.0009355608438204010
2024-03-01,0.0046885780104227
2024-03-04,-0.0086934092349781
2024-03-05,-0.0981092151787246
2024-03-06,0.0190858176952176
2024-03-07,-0.0074236255323982
2024-03-08,-0.0011629588256262000
2024-03-11,0.010928588338285600
2024-03-12,0.0260601510840109
2024-03-13,-0.0103201320960501
2024-03-14,-0.0431333071525312
2024-03-15,0.017793146179183
2024-03-18,-0.0051991304117311
2024-03-19,-0.0618941576415762
2024-03-20,0.021724244181794800
2024-03-21,-0.0099659069248041
2024-03-22,0.0066459178636602
2024-03-25,0.016033295932373700
2024-03-26,0.027649124556016300
2024-03-27,0.0450949490837113
2024-03-28,0.008085680302470500
2024-04-02,-0.026036669523420900
2024-04-03,0.0800783233253819
2024-04-04,0.015740846548308200
2024-04-05,-0.0812481251994287
2024-04-08,0.0267481993783881
2024-04-09,-0.0117635902910595
2024-04-10,-0.007171715500415500
2024-04-11,-0.021349388153410200
2024-04-12,-0.0290329386455609
2024-04-15,0.001510341823697500
2024-04-16,-0.06070101502400440
2024-04-17,-0.0005247090110462000
2024-04-18,0.0253259075348278
2024-04-19,-0.0217968079971247
2024-04-22,0.0430269125949881
2024-04-23,0.014306677505576700
2024-04-24,-0.016869895191237600
2024-04-25,-0.022359599402468700
2024-04-26,0.0536884767699492
2024-04-29,0.0147981058981974
2024-04-30,-0.0601634354139408
2024-05-02,0.0192402435765524
2024-05-03,0.0151804982722398
2024-05-06,0.0165266812896401
2024-05-07,0.030469708987190500
2024-05-08,-0.022096668464207
2024-05-09,0.0261271868027659
2024-05-10,0.0318991740451071
2024-05-13,0.0255392074216544
2024-05-14,-0.012403157317082000
2024-05-15,0.0085530811130623
2024-05-16,-0.0978970166780582
2024-05-17,-0.0210592037925707
2024-05-20,-0.004469864718638
2024-05-21,-0.0111824548036831
2024-05-22,-0.0140658588707123
2024-05-23,-0.014268034647116800
2024-05-24,0.0036004383856054
2024-05-27,0.041215228548531
2024-05-28,-0.025019565015133400
2024-05-29,-0.0619275546372758
2024-05-30,0.0517306430398971
2024-05-31,0.013611088551794
2024-06-03,0.0251211023995538
2024-06-04,-0.0453695336582488
2024-06-05,0.0280916438069269
2024-06-06,-0.0242119534994691
2024-06-07,-0.0210338605365588
2024-06-10,-0.0208219192084968
2024-06-11,-0.0278700283220444
2024-06-12,0.04983640166455220
2024-06-13,-0.08142644802117540
2024-06-14,-0.0561282658918947
2024-06-17,-0.007531330401865900
2024-06-18,-0.0032895555243775
2024-06-19,-0.010379599944372800
2024-06-20,0.025319204841266
2024-06-21,-0.0253960431591296
2024-06-24,0.0685332990231303
2024-06-25,-0.0210290643329131
2024-06-26,-0.0340454490749076
2024-06-27,0.031597655674838
2024-06-28,0.014497638088845600
2024-07-01,0.0199528430223224
2024-07-02,-0.0377102231120868
2024-07-03,0.029891197527503700
2024-07-04,-0.0006580042986478000
2024-07-05,-0.0080004009654607
2024-07-08,-0.0106225748282355
2024-07-09,-0.0430554437042433
2024-07-10,0.0682782387790018
2024-07-11,0.050328128892435900
2024-07-12,0.052874332921868000
2024-07-15,-0.0645374209413006
2024-07-16,-0.0193542960854261
2024-07-17,0.015330133228240100
2024-07-18,-0.016465528940395100
2024-07-19,-0.0475021358541341
2024-07-22,0.0715808315718808
2024-07-23,-0.020400270592258700
2024-07-24,-0.022722701320212
2024-07-25,-0.005186958169171200
2024-07-26,-0.0037405407815552000
2024-07-29,-0.0240762176644886
2024-07-30,0.011997772860329800
2024-07-31,-0.0092602755347447
2024-08-01,-0.068448965867005
2024-08-02,-0.0525097208246378
2024-08-05,-0.05977867423458
2024-08-06,-0.0732899744623385
2024-08-07,0.054385692256970600
2024-08-08,0.0224081482549748
2024-08-09,-0.028992968546229
2024-08-12,-0.0091400794902577
2024-08-13,0.0162660829615304
2024-08-14,0.005509295758188400
2024-08-15,0.0558376852417201
2024-08-16,0.10493214938335400
2024-08-19,0.0213187279635351
2024-08-20,-0.0318291330663919
2024-08-21,0.011481669890837800
2024-08-22,-0.018288030987765500
2024-08-23,0.033742962446758100
2024-08-26,-0.0029895188822838
2024-08-27,-0.0048411756557954
2024-08-28,-0.005634964674872800
2024-08-29,0.022859875800087500
2024-08-30,-0.0002654299897358
2024-09-02,0.0015176988265226000
2024-09-03,-0.0414758234133023
2024-09-04,-0.0180746716947943
2024-09-05,0.026143054888957700
2024-09-06,-0.053750344255395
2024-09-09,-0.006154628727454400
2024-09-10,-0.15758410117764000
2024-09-11,0.0064813348921330000
2024-09-12,0.008986999727239700
2024-09-13,0.032701134504984500
2024-09-16,-0.028124573087620600
2024-09-17,0.0543926869160606
2024-09-18,0.034459895479462000
2024-09-19,0.0832728415630505
2024-09-20,-0.0635155213698053
2024-09-23,0.0265563857612796
2024-09-24,0.06596280613956080
2024-09-25,-0.029041753368781900
2024-09-26,0.10331457872077400
2024-09-27,0.081407220848681
2024-09-30,-0.0347760934065877
2024-10-01,-0.022599385889820200
2024-10-02,0.0010281885037648
2024-10-03,-0.0389462964735282
2024-10-04,0.0335812119322392
2024-10-07,0.0080219596487364
2024-10-08,-0.0616840181227792
2024-10-09,-0.034585840245750100
2024-10-10,-0.031033212548035100
2024-10-11,-0.01689470639874
2024-10-14,-0.0031843875943714000
2024-10-15,-0.0096712843213461
2024-10-16,-0.0212791561275547
2024-10-17,0.021061164064403700
2024-10-18,0.0069469274197358
2024-10-21,-0.0161125105880672
2024-10-22,-0.0128093128808695
2024-10-23,-0.018007483777527400
2024-10-24,0.006737655768689500
2024-10-25,-0.00018391288591440000
2024-10-28,0.0151960679366724
2024-10-29,-0.042074824679286300
2024-10-30,-0.042368334928735300
2024-10-31,-0.029437402894851400
2024-11-01,0.0173377599511975
2024-11-04,0.0020092884632804000
2024-11-05,0.0069912137972098000
2024-11-06,-0.0937186002671183
2024-11-07,0.0670131989466548
2024-11-08,-0.0707867416598925
2024-11-11,0.032823458775442400
2024-11-12,-0.2092315282320100
2024-11-13,-0.046586446325271100
2024-11-14,0.0905070454761856
2024-11-15,-0.009686564824189
2024-11-18,-0.0110422110619081
2024-11-19,-0.0320884907623806
2024-11-20,-0.0461493946409468
2024-11-21,-0.0127167310599605
2024-11-22,0.021207470534079
2024-11-25,0.0465194539909282
2024-11-26,-0.0679479806432333
2024-11-27,0.005037741125116800
2024-11-28,0.0
2024-11-29,0.05853234276939500
2024-12-02,0.0476621910838011
2024-12-03,0.0071826545270938
2024-12-04,0.0328334823325348
2024-12-05,0.0420930033832057
2024-12-06,0.0561433464700939
2024-12-09,0.0380125431245627
2024-12-10,0.0
2024-12-11,-0.0136836565053412
2024-12-12,0.020040155187709800
2024-12-13,-0.0321335750852984
2024-12-16,-0.0511015293491747
2024-12-17,0.0144036427142445
2024-12-18,-0.0009205911397539010
2024-12-19,-0.055245942129542500
2024-12-20,0.0064152368839344
2024-12-23,-0.0121964529786086
2024-12-27,0.041847138542459700
2024-12-30,0.009794720322797000
2025-01-02,-0.009915512978049600
2025-01-03,-0.0549377272884751
2025-01-06,0.11417302908959600
2025-01-07,-0.006128497860461800
2025-01-08,-0.0330736918992609
2025-01-09,0.004068094082629600
2025-01-10,0.011857693966533700
2025-01-13,-0.0062579855960099
2025-01-14,-0.0209733630640328
2025-01-15,0.0781225478894038
2025-01-16,-0.012106022508644300
2025-01-17,0.059294953556787900
2025-01-20,0.0387133860302473
2025-01-21,0.007490565232417
2025-01-22,-0.008492537451039300
2025-01-23,0.002373619276505300
2025-01-24,0.0
2025-01-27,0.026577264715968400
2025-01-28,-0.0324266822556825
2025-01-29,0.024777859785194100
2025-01-30,0.0308468163511385
2025-01-31,-0.0151199479002888
2025-02-03,-0.0798818627427639
2025-02-04,0.014426583084324200
2025-02-05,-0.0224416721445925
2025-02-06,0.0586391501446742
2025-02-07,-0.032036563414271
2025-02-10,0.0
2025-02-11,0.0228675836047724
2025-02-12,-0.0011007089136217000
2025-02-13,0.15899067456486900
2025-02-14,0.0274283767015161
2025-02-17,0.022306525980216
2025-02-18,0.010706131524256100
2025-02-19,-0.0650723777376881
2025-02-20,0.0227413309769973
2025-02-21,0.0190258918791131
2025-02-24,0.0045501340709231000
2025-02-25,0.036562860929667300
2025-02-26,0.06280065088361870
2025-02-27,-0.0642112302291495
2025-02-28,0.0045188894019996
2025-03-03,0.0885788883027319
2025-03-04,-0.1385002681612470
2025-03-05,0.16465231499848200
2025-03-06,0.105569500437128
2025-03-07,-0.1426083415948060
2025-03-10,0.011632304472219900
2025-03-11,-0.03519515177236620
2025-03-12,-0.011699678328039000
2025-03-13,-0.029431858928138
2025-03-14,0.0369107035547092
2025-03-17,0.0109431465349126
2025-03-18,0.10358310217380000
2025-03-19,-0.0389847170961588
2025-03-20,-0.061585234331443200
2025-03-21,-0.029443275708710700
2025-03-24,0.0
2025-03-25,0.0008012483219534010
2025-03-26,-0.0737570323746676
2025-03-27,-0.0440966831330972
2025-03-28,-0.0470235469992309
2025-03-31,-0.0717786721362502
2025-04-01,0.030084232369881300
2025-04-02,-0.045570796424165100
2025-04-03,-0.1275100526679240
2025-04-04,-0.1633882315267390
2025-04-07,-0.0766100647405364
2025-04-08,0.0415687609706559
2025-04-09,-0.1114586217689320
2025-04-10,0.099849663740885
2025-04-11,-0.0015075546953682000
2025-04-14,0.09704752234657220
2025-04-15,0.0160537533065154
2025-04-16,0.0158654487512625
2025-04-17,0.0048792184742879
2025-04-22,0.0550314278985376
2025-04-23,0.09125491710263360
2025-04-24,0.0533514591003696
2025-04-25,0.0425503144541273
2025-04-28,0.026314943024094
2025-04-29,-0.003160222942883700
2025-04-30,-0.0369860462984416
2025-05-02,0.0813522912345131
2025-05-05,0.0228684286834061
2025-05-06,-0.019299919480144900
2025-05-07,-0.008305748824972600
2025-05-08,0.0460581658358067
2025-05-09,0.048553235066445
2025-05-12,0.0587943086905528
2025-05-13,0.0728173068301164
2025-05-14,0.0
2025-05-15,-0.1202883327777210
2025-05-16,-0.016926413724263
2025-05-19,0.0186274975274867
2025-05-20,0.0464386928321061
2025-05-21,0.0029130721411492
2025-05-22,-0.0019128214767141000
2025-05-23,-0.0554571691461682
2025-05-26,0.058068682090217600
2025-05-27,0.0160706625367995
2025-05-28,0.0158173039648623
2025-05-29,-0.036486817846827300
2025-05-30,-0.0082194502901399
2025-06-02,0.0003089473099775980
2025-06-03,0.013148587507518700
2025-06-04,0.0279270586369758
2025-06-05,0.048393441770624800
2025-06-06,-0.0091419562742288
2025-06-09,0.0018896813725328
2025-06-10,0.025925464451334900
2025-06-11,0.0309978731166543
2025-06-12,-0.0133530004154452
2025-06-13,-0.0426038451808974
2025-06-16,-0.008280455140093500
2025-06-17,-0.0328735363189947
2025-06-18,-0.0245560227194921
2025-06-19,-0.0396385070549502
2025-06-20,0.0045408188264243
2025-06-23,-0.0163479703134973
2025-06-24,0.0493487599143123
2025-06-25,-0.010326329957157700
2025-06-26,0.0014488817971067
2025-06-27,0.1140261768912380
2025-06-30,-0.09614487663891170
2025-07-01,0.0242300047250801
2025-07-02,0.0626992640362669
2025-07-03,-0.012874978916128000
2025-07-04,-0.0250929002622243
2025-07-07,0.0119238475072593
2025-07-08,0.054957011477877000
2025-07-09,0.07064118636847060
2025-07-10,0.0627066374389941
2025-07-11,-0.0305325598609311
2025-07-14,-0.031291205758669
2025-07-15,0.002755870395428900
2025-07-16,0.0
2025-07-17,0.0439145012287316
2025-07-18,-0.022604286547340700
2025-07-21,0.0015598815597447
2025-07-22,-0.0173722067921222
2025-07-23,0.0566223932027089
2025-07-24,0.060395004995338500
2025-07-25,0.0304644134943631
2025-07-28,-0.049405466879439300
2025-07-29,-0.006328757657808300
2025-07-30,-0.0243909105218544
2025-07-31,-0.0557581367883814
2025-08-01,-0.0482831108210319
2025-08-04,0.0012704937731491000
2025-08-05,0.031462415359568900
2025-08-06,-0.0916746179742736
2025-08-07,0.07094773060707190
2025-08-08,0.049004886410467800
2025-08-11,-0.0289736648227898
2025-08-12,0.0335324667462744
2025-08-13,0.0415557022044815
2025-08-14,0.0129451517525334
2025-08-15,0.0297080112945963
2025-08-18,0.0107153580603855
2025-08-19,0.0582280359466133
2025-08-20,-0.0317610077908121
2025-08-21,0.0026888145692901
2025-08-22,0.039808204697490700
2025-08-25,-0.027076035381977000
2025-08-26,0.009487306786710700
2025-08-27,-0.0253749282647042
2025-08-28,0.0067862432907334
2025-08-29,-0.004249417329652000
2025-09-01,0.0155551961392944
2025-09-02,-0.0817003358370737
2025-09-03,0.021289871286272500
2025-09-04,0.025308447202419400
2025-09-05,-0.0343764303427221
2025-09-08,0.0178377070267388
2025-09-09,-0.0524162492642693
2025-09-10,-0.0103390964824041
2025-09-11,0.034546330161989800
2025-09-12,-0.0350850505928533
2025-09-15,-0.016428627771171400
2025-09-16,-0.044045567490021300
2025-09-17,0.010969521126549
2025-09-18,0.0236128893902304
2025-09-19,-0.0019834939327643
2025-09-22,0.0
2025-09-23,0.007301591752195900
2025-09-24,0.0062375972579394
2025-09-25,-0.0246377353922837
2025-09-26,0.03284841639051
2025-09-29,0.0036085787071624000
2025-09-30,0.0
2025-10-01,0.09289648279696570
2025-10-02,0.039060020917921400
2025-10-03,-0.017612114115167300
2025-10-06,0.023538668002453300
2025-10-07,-0.04459107384360530
2025-10-08,-0.08708098133696330
2025-10-09,0.0334285852635317
2025-10-10,-0.0477403485599771
2025-10-13,0.0158619450590223
2025-10-14,-0.0542754806288182
2025-10-15,0.010411349004322000
2025-10-16,0.0176115235221985
2025-10-17,-0.0285350650306053
2025-10-20,0.0563593524956969
2025-10-21,-0.0046537876933731
2025-10-22,-0.005430742412531500
2025-10-23,-0.008823790424843600
2025-10-24,0.033050717522217
2025-10-27,0.0115182245059525
2025-10-28,-0.011665689505087800
2025-10-29,0.0126792123568359
2025-10-30,-0.0290898975009464
2025-10-31,-0.011057937738742400
2025-11-03,-0.0011669090899869000
2025-11-04,-0.0168249207297494
2025-11-05,0.0571092100189529
2025-11-06,-0.0284003429961426
2025-11-07,0.0
2025-11-10,0.0470567461499445
2025-11-11,0.0459791684690629
2025-11-12,0.0895092137701269
2025-11-13,-0.0981095898877373
2025-11-14,-0.0117470702512225
2025-11-17,-0.06855770894133690
2025-11-18,-0.0700444013542555
2025-11-19,-0.0044513771196447
2025-11-20,0.0008782080395468
2025-11-21,0.0209199417429464
2025-11-24,0.1437556364480580
2025-11-25,0.0322996316376259
2025-11-26,-0.0132703585238515
2025-11-27,0.011817761462278400
2025-11-28,0.0004633654395253000
2025-12-01,0.005372454855519700
2025-12-02,0.12088312728105900
2025-12-03,0.0050308650081654
2025-12-04,0.0302903481777623
2025-12-05,0.0405404667305376
2025-12-08,0.056791960904922
2025-12-09,0.042063701175456100
2025-12-10,-0.0203894108150346
2025-12-11,0.0213357714860105
2025-12-12,0.0113476069453459
2025-12-15,-0.0137932682707603
2025-12-16,-0.0520173970590792
2025-12-17,0.0
2025-12-18,0.0
2025-12-19,0.010113069080896900
2025-12-22,-0.0173162554512139
2025-12-23,0.016278223210477500
2025-12-29,0.019423269218598700
2025-12-30,0.020741669175369600
2026-01-02,0.06809124421698
2026-01-05,-0.008770124091253900
2026-01-06,0.0015765153656719000
2026-01-07,0.0426112962704075
2026-01-08,0.0082189220109774
2026-01-09,-0.013503391214700100
2026-01-12,0.0204399549209216
2026-01-13,-0.028956497285130100
2026-01-14,0.0840316404513655
2026-01-15,0.008450432351148800
2026-01-16,-0.0313898897218508
2026-01-19,0.0158534960723786
2026-01-20,-0.0383853802870907
2026-01-21,-0.00010356885666370000
2026-01-22,0.066772057371566
2026-01-23,-0.008677959368004400
2026-01-26,0.0388108687748256
2026-01-27,-0.004383149612248400
2026-01-28,-0.041230917431731400
2026-01-29,-0.0050392910601464
2026-01-30,0.017110245285075
2026-02-02,0.0322280396800246
2026-02-03,0.0031150972625286000
2026-02-04,-0.03902540694819600
2026-02-05,-0.020506838281158
2026-02-06,0.040347222447251400
2026-02-09,0.0296849250982071
2026-02-10,0.0177024640174645
2026-02-11,-0.0061545613539645000
2026-02-12,-0.0261947445620195
2026-02-13,0.0174109273060199
2026-02-16,-0.060755485377812600
2026-02-17,0.08628870577035720
2026-02-18,-0.02245645846178510
2026-02-19,-0.0415708299956073
2026-02-20,-0.020866033431206100
2026-02-23,-0.06831598857793910
2026-02-24,-0.0067412160344951
2026-02-25,0.020717395676193200
2026-02-26,0.009075928701528100
2026-02-27,0.005850066895135300
2026-03-02,-0.1229293715807870
2026-03-03,-0.1385005235283190
2026-03-04,0.005497957135471200
2026-03-05,-0.040294125865006000
2026-03-06,-0.0574509682934541
2026-03-09,0.002729869961836900
2026-03-10,0.1220995769810670
2026-03-11,-0.0021568566853471000
2026-03-12,-0.0272364279451022
2026-03-13,-0.0369429511814633
2026-03-16,0.0090553669220743
2026-03-17,0.0012893366337226000
2026-03-18,-0.026152011439863200
2026-03-19,-0.0982337181071908
2026-03-20,-0.0413498857995405
2026-03-23,0.0655521191293028
2026-03-24,-0.0290163797983184
2026-03-25,0.0359048428032162
2026-03-26,-0.0148442735432375
2026-03-27,-0.0289159560925498
2026-03-30,0.0268526230319725
2026-03-31,0.0088486788512339
2026-04-01,0.0773279682673398
2026-04-02,-0.0172000885812781
2026-04-07,-0.0392910822419344
2026-04-08,0.1798666081757770
2026-04-09,-0.0219585336145091
2026-04-10,0.0212128183518678
2026-04-13,0.013764978662728400
2026-04-14,0.0156918680404051
2026-04-15,0.0006715372849512000
2026-04-16,-0.0071962580185202
2026-04-17,0.0820545889495938
2026-04-20,-0.023088216332336600
2026-04-21,-0.0383489555030293
2026-04-22,-0.0124131276654932
2026-04-23,-0.0075851714126693
2026-04-24,-0.0621480024103301
2026-04-27,0.0345961134883338
2026-04-28,-0.048969055320293300
2026-04-29,-0.0452703700439613
2026-04-30,0.0708240044934936
2026-05-04,-0.025885601872431100