Date,epsilon_t
1996-12-17,-0.8431123478341107
1996-12-18,0.5395478562087248
1996-12-19,0.011093004800910649
1996-12-20,0.7512178487084014
1996-12-23,0.07327566322527074
1996-12-24,0.0
1996-12-25,0.0
1996-12-26,0.0
1996-12-27,1.1087887162402732
1996-12-30,1.5692099654504774
1996-12-31,0.0
1997-01-01,0.0
1997-01-02,-2.1188646408249054
1997-01-03,1.2399522171846677
1997-01-06,-0.08761530909722227
1997-01-07,-0.7139022959324273
1997-01-08,1.6372134393326427
1997-01-09,0.7950960029614469
1997-01-10,-0.6496860525045407
1997-01-13,1.2432392158590893
1997-01-14,1.5196092349104267
1997-01-15,-0.5372474239239855
1997-01-16,-0.3679016728699055
1997-01-17,0.2583435174723789
1997-01-20,-0.34539030333560455
1997-01-21,0.2814449005834427
1997-01-22,0.35955564422207476
1997-01-23,0.012835008676444028
1997-01-24,-2.652725185146411
1997-01-27,0.4842455697422107
1997-01-28,0.7549679504375728
1997-01-29,-0.3056168745743074
1997-01-30,0.3630560083588976
1997-01-31,0.4086746074132531
1997-02-03,1.186408290709875
1997-02-04,0.09796815000678057
1997-02-05,2.400732446402671
1997-02-06,0.0
1997-02-07,1.4212935250660617
1997-02-10,0.7414446754993456
1997-02-11,1.011971887019111
1997-02-12,0.0
1997-02-13,2.073239861052404
1997-02-14,-0.569952078073392
1997-02-17,0.818217991152197
1997-02-18,-0.464674964597885
1997-02-19,-0.21495055518444675
1997-02-20,-0.7267295894292367
1997-02-21,-0.24209595918090224
1997-02-24,-0.8134449924449002
1997-02-25,1.159137915239518
1997-02-26,0.19573210631960966
1997-02-27,0.42328229574080634
1997-02-28,-0.17049423505199224
1997-03-03,-0.6520852973473833
1997-03-04,2.600530091265177
1997-03-05,0.4936798126484574
1997-03-06,0.3841185931449581
1997-03-07,1.316518655981505
1997-03-10,0.4573770810547171
1997-03-11,-0.0014574612373049979
1997-03-12,-0.88925251237189
1997-03-13,0.19939420622397444
1997-03-14,0.3651646113990528
1997-03-17,-2.1934948410546564
1997-03-18,-1.8694299075796217
1997-03-19,0.3519427133972538
1997-03-20,-1.675262605210471
1997-03-21,0.6190000867051281
1997-03-24,0.6260621258751572
1997-03-25,2.0433180203965233
1997-03-26,2.179088783696506
1997-03-27,-0.16082888515493118
1997-03-28,0.0
1997-03-31,0.0
1997-04-01,-2.3299653964943428
1997-04-02,-1.1410654217330118
1997-04-03,-0.14619269278328298
1997-04-04,0.37755246387689073
1997-04-07,2.274975177567079
1997-04-08,0.2803570421115552
1997-04-09,1.3271384759535707
1997-04-10,-0.11393794184690642
1997-04-11,-0.9019036529553881
1997-04-14,-0.28308529866870374
1997-04-15,0.9945036804809102
1997-04-16,0.0
1997-04-17,0.10361018080019117
1997-04-18,0.13939401730271656
1997-04-21,-0.3046553250508574
1997-04-22,0.4009176924538852
1997-04-23,-0.45865272196518636
1997-04-24,0.7689680511014333
1997-04-25,-1.0199865895080185
1997-04-28,0.6290511936474963
1997-04-29,1.287056274756822
1997-04-30,-0.31299068052054474
1997-05-01,0.0
1997-05-02,1.1812108227610971
1997-05-05,1.9467286389999063
1997-05-06,-0.4995751954314414
1997-05-07,-0.6893203516231511
1997-05-08,0.0
1997-05-09,0.3637026271585396
1997-05-12,-0.1918260025164826
1997-05-13,-0.6459624520857533
1997-05-14,0.1337868011567335
1997-05-15,-1.5950692170435008
1997-05-16,-0.2332701426522326
1997-05-19,0.0
1997-05-20,-1.499951348545381
1997-05-21,1.2260620839047935
1997-05-22,-0.3127832726879457
1997-05-23,1.9567941854059916
1997-05-26,1.335658012302124
1997-05-27,0.08009786219043971
1997-05-28,-1.5495178342035423
1997-05-29,0.20100443247335828
1997-05-30,-1.3685116490250389
1997-06-02,0.614599325665129
1997-06-03,0.823753615875597
1997-06-04,0.016139367152844055
1997-06-05,0.4533371453506768
1997-06-06,-0.10776302217614017
1997-06-09,-0.7943234064313047
1997-06-10,-0.8457326925004076
1997-06-11,-0.20500192532552472
1997-06-12,1.1398619276598028
1997-06-13,0.48872719517061197
1997-06-16,-0.26834147382261575
1997-06-17,-0.5291710831845804
1997-06-18,1.229055523296685
1997-06-19,0.7684832163781593
1997-06-20,-0.22671967179279695
1997-06-23,-0.3145007298885282
1997-06-24,0.9343608788418535
1997-06-25,0.32040898547008045
1997-06-26,-0.3148156213762931
1997-06-27,-0.11694911768595599
1997-06-30,-0.9441849022821817
1997-07-01,1.8269187853256754
1997-07-02,1.4887645507420169
1997-07-03,1.4909779390396225
1997-07-04,-0.6657946726427149
1997-07-07,0.5360230521871377
1997-07-08,0.754694085428263
1997-07-09,0.2771489058291354
1997-07-10,-0.3597503723197487
1997-07-11,1.311237976134313
1997-07-14,1.3676851866662025
1997-07-15,-0.2539158481955442
1997-07-16,0.9972189868848199
1997-07-17,0.13112966080696106
1997-07-18,-1.7212248504996759
1997-07-21,-1.1562222034466536
1997-07-22,1.7688361120502663
1997-07-23,0.7802586047847851
1997-07-24,0.05207415408996011
1997-07-25,2.009969825198973
1997-07-28,0.9143714470455017
1997-07-29,-1.4581414361796357
1997-07-30,0.8187543490993855
1997-07-31,-0.9624066803402592
1997-08-01,-0.6612933489386396
1997-08-04,-0.6210128545314824
1997-08-05,0.006852202836001246
1997-08-06,0.43030851538421466
1997-08-07,1.1136633193942167
1997-08-08,-1.0218181458234308
1997-08-11,-0.07058535163710859
1997-08-12,0.7979244652737385
1997-08-13,-2.487046730865857
1997-08-14,-1.6705626183974776
1997-08-15,-2.3372328500729513
1997-08-18,0.20868475273763112
1997-08-19,1.945847239174142
1997-08-20,0.6448589757981935
1997-08-21,0.5855052814431883
1997-08-22,-2.204774634409005
1997-08-25,0.46012751459329665
1997-08-26,-1.8762784087102287
1997-08-27,-0.29458300348255784
1997-08-28,-0.6677322696059697
1997-08-29,-0.5018564817685385
1997-09-01,1.3315111200463086
1997-09-02,1.1453672006168796
1997-09-03,-0.3828791977365915
1997-09-04,-0.06419889496406647
1997-09-05,-0.02398842993283886
1997-09-08,1.051142846212251
1997-09-09,0.25097813095175087
1997-09-10,-0.9872593895852162
1997-09-11,-1.601833929733769
1997-09-12,-1.1460554766328235
1997-09-15,1.344401522527274
1997-09-16,1.5338364228899188
1997-09-17,-0.45941904493972335
1997-09-18,0.1483039726800638
1997-09-19,0.09122951668794872
1997-09-22,1.4308330827602571
1997-09-23,-0.10933131976629805
1997-09-24,1.0337013464828695
1997-09-25,-0.1748255192417741
1997-09-26,0.24023584217581737
1997-09-29,-0.5260503501486491
1997-09-30,0.4301221888175951
1997-10-01,1.2348684405151722
1997-10-02,-0.14074354890894342
1997-10-03,0.0
1997-10-06,-0.3164457645955945
1997-10-07,-0.028395640789466672
1997-10-08,-0.746167417285923
1997-10-09,-1.2896280291627409
1997-10-10,0.19463520155792707
1997-10-13,0.7967440642650665
1997-10-14,-0.5647643025108096
1997-10-15,-0.6011771595848725
1997-10-16,-0.6843827138055222
1997-10-17,-1.4372378224511113
1997-10-20,0.1290810183034856
1997-10-21,1.1737423711988533
1997-10-22,-0.36780986239982677
1997-10-23,-2.489393164028007
1997-10-24,-0.2650974579317255
1997-10-27,-2.19322978051837
1997-10-28,-3.4644508596084616
1997-10-29,1.9181488425588178
1997-10-30,-0.3955708727843024
1997-10-31,-0.03816800950760562
1997-11-03,0.734842580091221
1997-11-04,-0.43578403763523604
1997-11-05,0.25190400919077094
1997-11-06,-0.22300263283904517
1997-11-07,-1.8194410473329579
1997-11-10,-0.4757231908254116
1997-11-11,0.29365312385961934
1997-11-12,-0.5880845527033562
1997-11-13,-0.289739508182988
1997-11-14,0.24483515773861478
1997-11-17,1.7284162464609982
1997-11-18,0.9249777623242285
1997-11-19,0.3477448321501972
1997-11-20,0.8605161603437835
1997-11-21,0.21455982249175393
1997-11-24,-1.3485716061842943
1997-11-25,-0.33728621112423324
1997-11-26,1.284658116673588
1997-11-27,0.7051795841618558
1997-11-28,-0.07846808765336656
1997-12-01,2.0672240903302077
1997-12-02,-0.06587146032272254
1997-12-03,-0.15221612834771575
1997-12-04,0.7477086599689609
1997-12-05,0.2857996765174475
1997-12-08,-0.38666137739991274
1997-12-09,-0.6837851122995289
1997-12-10,-1.4147737344439812
1997-12-11,-2.4330820958161317
1997-12-12,0.19073395759037956
1997-12-15,-0.6247482193282705
1997-12-16,0.8456020613244156
1997-12-17,-0.13739841532253091
1997-12-18,-0.37921744816816977
1997-12-19,-1.6054692801372368
1997-12-22,0.612828338592642
1997-12-23,0.831349382920314
1997-12-24,0.0
1997-12-25,0.0
1997-12-26,0.0
1997-12-29,2.9171944559467686
1997-12-30,0.1084583304405588
1997-12-31,0.0
1998-01-01,0.0
1998-01-02,2.8970166409809486
1998-01-05,0.5610731410552843
1998-01-06,-1.3410831135966526
1998-01-07,-0.42603174638546415
1998-01-08,-0.16856301306607466
1998-01-09,-0.8606913840568512
1998-01-12,-1.7512009645930862
1998-01-13,0.23382622884986864
1998-01-14,-0.3800569681929006
1998-01-15,-0.1680571294038076
1998-01-16,0.5933159412064659
1998-01-19,1.2717234835250537
1998-01-20,0.6738645858622846
1998-01-21,-0.7311205815663401
1998-01-22,-0.43511501980731787
1998-01-23,-0.39706569519708984
1998-01-26,0.7242766566242748
1998-01-27,1.3434547733119722
1998-01-28,0.7520985448424968
1998-01-29,0.6029396731641172
1998-01-30,0.5337919110535532
1998-02-02,1.9828650528705605
1998-02-03,0.3696270340550642
1998-02-04,0.004189211548877479
1998-02-05,-0.18422726376908524
1998-02-06,0.7380797672901183
1998-02-09,-0.37957479799448
1998-02-10,1.17737729205174
1998-02-11,0.4266603159739051
1998-02-12,-1.036571152827843
1998-02-13,0.2374172206866841
1998-02-16,0.11004053920899062
1998-02-17,1.278026505900058
1998-02-18,-0.665466034612771
1998-02-19,-0.6886488771316698
1998-02-20,-0.2614378505883304
1998-02-23,0.9994164567640688
1998-02-24,0.5810018035721348
1998-02-25,1.5228609462381522
1998-02-26,0.31164712449148774
1998-02-27,0.7890801264715582
1998-03-02,1.3808903176762821
1998-03-03,-0.08253470904049413
1998-03-04,-1.24321863664957
1998-03-05,-0.3286353305979024
1998-03-06,0.877739158604447
1998-03-09,1.6116148595160156
1998-03-10,-0.10096963023250155
1998-03-11,0.2650213242464207
1998-03-12,-1.1099706297462124
1998-03-13,0.20984823923902432
1998-03-16,-0.2975946280678614
1998-03-17,0.6625335791042529
1998-03-18,-0.34333644253389917
1998-03-19,2.4953128684338908
1998-03-20,2.6643160806581427
1998-03-23,0.035469766174590106
1998-03-24,1.2819875995648142
1998-03-25,-0.1425729008722984
1998-03-26,-1.1877897067967689
1998-03-27,0.5253448400085601
1998-03-30,0.27846712751125624
1998-03-31,-0.7356201411055456
1998-04-01,0.6896137568540415
1998-04-02,0.4495881709395646
1998-04-03,0.42802389475530056
1998-04-06,0.17307974099836554
1998-04-07,-0.9757703222128452
1998-04-08,-0.6996662416703732
1998-04-09,0.468066088169707
1998-04-10,0.0
1998-04-13,0.0
1998-04-14,-0.352821497255859
1998-04-15,-1.624788863484122
1998-04-16,-0.84214903584592
1998-04-17,0.8267900831312966
1998-04-20,0.41018258529792284
1998-04-21,-1.0576168986603651
1998-04-22,-2.0843238778998088
1998-04-23,-1.059228658662124
1998-04-24,-1.4055252586081541
1998-04-27,-1.1741736437625756
1998-04-28,0.7338017116195017
1998-04-29,0.3436602129674528
1998-04-30,1.7677061396714866
1998-05-01,0.0
1998-05-04,0.13092397555413687
1998-05-05,-1.0865962369855586
1998-05-06,0.7595932279867728
1998-05-07,-1.8740009400957003
1998-05-08,0.7020002944960725
1998-05-11,1.1873476922820274
1998-05-12,0.24828823281682516
1998-05-13,1.9769183498442968
1998-05-14,-0.16071768248938087
1998-05-15,0.19687271162183032
1998-05-18,-1.0400040667707928
1998-05-19,1.128281398405145
1998-05-20,-2.093544500444086
1998-05-21,0.0
1998-05-22,0.00797444746862637
1998-05-25,0.5898064706153107
1998-05-26,0.22536400487449787
1998-05-27,-1.6670658510763705
1998-05-28,1.2014727569617762
1998-05-29,0.2275079929983939
1998-06-01,0.0
1998-06-02,0.21926343500768158
1998-06-03,0.3851236932316919
1998-06-04,-0.37559575494679875
1998-06-05,1.5193516967210856
1998-06-08,0.9425501400097032
1998-06-09,-0.8671695014643216
1998-06-10,0.04671979871847817
1998-06-11,0.0
1998-06-12,-2.477937528077046
1998-06-15,-1.1557269942991373
1998-06-16,0.19665775615024725
1998-06-17,1.5878056607367785
1998-06-18,-0.39386026409113173
1998-06-19,-0.8652963134106053
1998-06-22,-1.0419012799387193
1998-06-23,1.2429186052945844
1998-06-24,-0.13812505818275495
1998-06-25,1.3221427291415333
1998-06-26,-0.29505906583310654
1998-06-29,0.8810539357896349
1998-06-30,-0.4000562070415946
1998-07-01,0.4621837268917746
1998-07-02,-0.007974755375432017
1998-07-03,0.721615811458424
1998-07-06,-0.15877974750952156
1998-07-07,0.8289344869359955
1998-07-08,-0.5422880909540407
1998-07-09,-1.5706164129712414
1998-07-10,0.9347088015947989
1998-07-13,-0.2719184651931562
1998-07-14,0.8898134673726525
1998-07-15,0.2544265400566403
1998-07-16,3.445797201085261
1998-07-17,0.4476547840871733
1998-07-20,-0.46523542174236987
1998-07-21,0.1976124025046241
1998-07-22,-1.4254686192096482
1998-07-23,-1.3913476733807546
1998-07-24,-0.1916498566027047
1998-07-27,-1.601759985323956
1998-07-28,0.10370778761022825
1998-07-29,0.18228839830651097
1998-07-30,0.3387402201231694
1998-07-31,0.0
1998-08-03,-2.1041013221029687
1998-08-04,-0.7356273132643305
1998-08-05,-0.4650033180416866
1998-08-06,-1.4316960827521539
1998-08-07,0.0
1998-08-10,-0.6526503925704089
1998-08-11,-1.019538717122559
1998-08-12,-0.0038080311894342985
1998-08-13,-0.774989780969017
1998-08-14,1.1720545048391207
1998-08-17,-0.0905179365833074
1998-08-18,2.170273194746117
1998-08-19,0.4132866301461429
1998-08-20,-1.7981301615640226
1998-08-21,-2.896601102817783
1998-08-24,-0.2443779338100716
1998-08-25,0.3379061937908206
1998-08-26,-0.6501924167256812
1998-08-27,-1.112459439974309
1998-08-28,0.0
1998-08-31,-1.942831741195199
1998-09-01,-0.4395059365555497
1998-09-02,0.9290630925534143
1998-09-03,-2.0886679256168743
1998-09-04,0.0
1998-09-07,2.249905852094394
1998-09-08,0.8772290087457792
1998-09-09,-1.4280304376215402
1998-09-10,-1.0864392525846622
1998-09-11,0.0
1998-09-14,0.30293300576269167
1998-09-15,-0.7659334664645288
1998-09-16,-0.11799570288073631
1998-09-17,-2.303096530934179
1998-09-18,0.0
1998-09-21,-4.084138065924274
1998-09-22,0.5486608529340613
1998-09-23,1.3525210209009029
1998-09-24,-0.28806126280651273
1998-09-25,0.0
1998-09-28,0.8202446399668241
1998-09-29,0.15925655617047726
1998-09-30,-1.9138558304515922
1998-10-01,-2.188177757657112
1998-10-02,0.7663771439651527
1998-10-05,-0.28045669989805405
1998-10-06,1.0368912744230445
1998-10-07,-1.346694018127828
1998-10-08,-0.9596967690566328
1998-10-09,0.6794689900632568
1998-10-12,1.390416753952974
1998-10-13,-0.6395646860503131
1998-10-14,0.8428204222280352
1998-10-15,-0.0979373516961649
1998-10-16,0.7921041479728359
1998-10-19,-0.061846053019096695
1998-10-20,1.338097192420237
1998-10-21,-0.6607046450687708
1998-10-22,-0.7236817633461236
1998-10-23,0.4649916686240364
1998-10-26,1.172247680596992
1998-10-27,1.458031996948291
1998-10-28,-0.5084537546287825
1998-10-29,-0.09687429981492159
1998-10-30,0.0
1998-11-02,1.5614487081512054
1998-11-03,0.0
1998-11-04,1.3845021621183966
1998-11-05,-0.5447791659373912
1998-11-06,0.0
1998-11-09,-0.904098614452823
1998-11-10,-1.2544277862487803
1998-11-11,0.15596993620189012
1998-11-12,-1.030276469216731
1998-11-13,1.0397521781713779
1998-11-16,1.339212575384367
1998-11-17,-0.20242639819074865
1998-11-18,0.26570962644726703
1998-11-19,0.6334614186398433
1998-11-20,0.32022560014987894
1998-11-23,0.0
1998-11-24,0.7237000637129887
1998-11-25,0.3276086245990829
1998-11-26,0.8979820590970714
1998-11-27,1.6732112504281518
1998-11-30,-1.524033142783054
1998-12-01,0.0
1998-12-02,-3.5030266221398274
1998-12-03,-0.14023314686512428
1998-12-04,-1.6723984243292218
1998-12-07,-0.4405488787487471
1998-12-08,0.0
1998-12-09,0.32675603574672224
1998-12-10,0.3220081277214365
1998-12-11,0.0
1998-12-14,0.20145044813156268
1998-12-15,0.19240592134028875
1998-12-16,0.671172326165555
1998-12-17,0.3367244650868255
1998-12-18,0.0
1998-12-21,0.9499948975158482
1998-12-22,0.9041949686365167
1998-12-23,1.2567733121164675
1998-12-24,0.0
1998-12-25,0.0
1998-12-28,0.761413323236792
1998-12-29,-0.3497128376543713
1998-12-30,-1.2872355224112513
1998-12-31,0.0
1999-01-01,0.0
1999-01-04,2.79355566926561
1999-01-05,0.5080242570167537
1999-01-06,1.6083680773761824
1999-01-07,-1.051522650572834
1999-01-08,0.3220816730917865
1999-01-11,-0.6216105468935329
1999-01-12,-0.8900888492278994
1999-01-13,-1.5856269663368998
1999-01-14,0.0
1999-01-15,-2.201804907339639
1999-01-18,0.25034745816154336
1999-01-19,-0.7981880228054221
1999-01-20,2.2354307395526587
1999-01-21,-0.30496017843186135
1999-01-22,0.0
1999-01-25,-0.8582630181037955
1999-01-26,-0.4494942918113146
1999-01-27,0.6201391016442027
1999-01-28,0.3033408882283667
1999-01-29,1.0725968630761815
1999-02-01,0.22924006956062282
1999-02-02,-0.34385647271005454
1999-02-03,-0.2974431406308685
1999-02-04,0.3215217504522061
1999-02-05,0.7125830190581626
1999-02-08,1.0548827653290322
1999-02-09,-1.3897970641636848
1999-02-10,0.0
1999-02-11,0.0838307745359951
1999-02-12,0.0
1999-02-15,0.5663894816068559
1999-02-16,-0.16506296167564308
1999-02-17,-0.5574142095774619
1999-02-18,-0.2050028529738044
1999-02-19,-0.5416301583714558
1999-02-22,-0.8409126587240434
1999-02-23,1.052587487113859
1999-02-24,-0.07928456206892794
1999-02-25,-1.6462901207392926
1999-02-26,0.0
1999-03-01,-1.6102660411258187
1999-03-02,0.0
1999-03-03,-1.8131838482842217
1999-03-04,1.3123835551944945
1999-03-05,1.3808685685166617
1999-03-08,-0.47637729122543665
1999-03-09,0.7737618767895883
1999-03-10,-0.5220151781515683
1999-03-11,-0.01562966787194254
1999-03-12,0.0
1999-03-15,1.4148146837047406
1999-03-16,1.0394247859190133
1999-03-17,0.8433673544351672
1999-03-18,0.9929892760723363
1999-03-19,1.2012115998794461
1999-03-22,-0.6838761579804896
1999-03-23,-2.048857076671219
1999-03-24,-0.7902105784562041
1999-03-25,1.0420999721226878
1999-03-26,-1.025740529171264
1999-03-29,1.092132327552572
1999-03-30,-0.4905068685133058
1999-03-31,-0.3589436833080088
1999-04-01,0.19580616804605358
1999-04-02,0.0
1999-04-05,0.0
1999-04-06,0.8918856076248655
1999-04-07,0.21801762163208593
1999-04-08,0.0
1999-04-09,1.2365441915733093
1999-04-12,1.725342486937599
1999-04-13,0.0
1999-04-14,0.9980093288483816
1999-04-15,1.570228955647695
1999-04-16,0.0
1999-04-19,0.17409699653480826
1999-04-20,-0.9986021643900596
1999-04-21,1.0619978961121075
1999-04-22,0.8729452572652346
1999-04-23,0.0
1999-04-26,1.3123820839249445
1999-04-27,0.0
1999-04-28,-0.2408692426283102
1999-04-29,-0.9233536909817233
1999-04-30,-0.5266791235293478
1999-05-03,0.6496685090167162
1999-05-04,-0.1705868506413298
1999-05-05,0.12240576672101434
1999-05-06,0.20579162409296128
1999-05-07,-0.13666365918574414
1999-05-10,1.215318816555017
1999-05-11,-0.9287346092627804
1999-05-12,-0.056743548404003655
1999-05-13,0.0
1999-05-14,-1.3786207448996586
1999-05-17,0.44448066844083417
1999-05-18,-1.1474669261075978
1999-05-19,-0.5680348127456206
1999-05-20,-1.4985130652377576
1999-05-21,-0.32217108097578284
1999-05-24,0.0
1999-05-25,1.0976226987939715
1999-05-26,-1.507057578155386
1999-05-27,0.6137913761832665
1999-05-28,-1.8774466009536444
1999-05-31,-0.7859548641835402
1999-06-01,0.340624718552596
1999-06-02,0.10981759245523762
1999-06-03,0.0
1999-06-04,1.3935941506158387
1999-06-07,1.6091465764602337
1999-06-08,1.746499724247203
1999-06-09,-0.7594738802430004
1999-06-10,0.6809963989881133
1999-06-11,-0.8038169716176833
1999-06-14,1.6681244478544637
1999-06-15,0.43406945412373926
1999-06-16,-0.29860987534032823
1999-06-17,-0.05443821038505546
1999-06-18,0.796414964089162
1999-06-21,-1.3483690921828495
1999-06-22,3.21386977171915
1999-06-23,0.8059715147222337
1999-06-24,-1.0451365174615832
1999-06-25,-0.9999234419658177
1999-06-28,0.4157416454918946
1999-06-29,0.7308955745504853
1999-06-30,-0.3365987018824891
1999-07-01,0.1776755553919332
1999-07-02,1.6786628234460839
1999-07-05,0.33652766346804525
1999-07-06,0.9617341918251328
1999-07-07,0.22686775851749094
1999-07-08,0.4446176082579401
1999-07-09,0.445707630501671
1999-07-12,0.0
1999-07-13,0.3821463233705042
1999-07-14,-1.360207118768009
1999-07-15,1.091988154216119
1999-07-16,-0.40097527480024603
1999-07-19,-0.22798466551423885
1999-07-20,0.5396100840825905
1999-07-21,-1.395883552663059
1999-07-22,-0.43072802685402783
1999-07-23,-1.6055048833217116
1999-07-26,0.38153361530251106
1999-07-27,-1.7724997734161232
1999-07-28,0.9347101670078846
1999-07-29,0.24877092582027543
1999-07-30,-0.011961865344868176
1999-08-02,1.3301305991730716
1999-08-03,0.33763403038369993
1999-08-04,-0.5012326656826974
1999-08-05,1.7392780290730132
1999-08-06,-1.485480520084546
1999-08-09,-0.5218503083112572
1999-08-10,0.825184702675319
1999-08-11,-1.6223370227192389
1999-08-12,0.5628909529326693
1999-08-13,2.221567123044363
1999-08-16,0.5411779447997035
1999-08-17,0.021154544880518947
1999-08-18,-0.746204398805178
1999-08-19,-0.3149465157591503
1999-08-20,-0.23475195130762985
1999-08-23,0.8390464641405458
1999-08-24,0.40926416708109004
1999-08-25,0.18288176034152337
1999-08-26,0.4877696488324482
1999-08-27,-0.21595787091541924
1999-08-30,1.2745274983494355
1999-08-31,-0.16609706051760323
1999-09-01,-1.6861807915077094
1999-09-02,0.2449161538114784
1999-09-03,-1.6051052197150841
1999-09-06,1.8003416660521363
1999-09-07,0.10658657968106516
1999-09-08,0.19897209115623
1999-09-09,1.206718903648837
1999-09-10,0.5706561275337659
1999-09-13,0.5049764339486783
1999-09-14,-0.11281168131388733
1999-09-15,-1.4028571799850482
1999-09-16,0.3296443633423164
1999-09-17,-2.0274969763455366
1999-09-20,-0.7943423922806875
1999-09-21,0.3554451225986424
1999-09-22,0.059298387131890264
1999-09-23,-1.5807280506035073
1999-09-24,1.1130113152766228
1999-09-27,-2.9792592980128414
1999-09-28,0.25555732537098086
1999-09-29,-0.580482653730109
1999-09-30,0.025637796548097305
1999-10-01,-0.482333376985297
1999-10-04,0.14856423823227163
1999-10-05,2.123813821956978
1999-10-06,1.0272349137536518
1999-10-07,-0.4021957502823526
1999-10-08,-0.024509168638414174
1999-10-11,-0.5802860617228178
1999-10-12,-0.0019786215346637393
1999-10-13,-0.07336728961849474
1999-10-14,-1.280690283335346
1999-10-15,-0.8466854907529451
1999-10-18,-0.08180983311261288
1999-10-19,-0.6186489963800288
1999-10-20,1.126813671645879
1999-10-21,0.5685604696100813
1999-10-22,-0.32992568582642
1999-10-25,1.6984594162168982
1999-10-26,0.3554407718868907
1999-10-27,1.2716203704139415
1999-10-28,0.04700161926064965
1999-10-29,1.8977216585644188
1999-11-01,-0.13865834453655157
1999-11-02,0.25048276135045705
1999-11-03,-0.2570807145445763
1999-11-04,-0.15732358963976836
1999-11-05,0.4433064869905673
1999-11-08,0.018136498484489432
1999-11-09,0.23675279121136478
1999-11-10,0.6738225459134088
1999-11-11,1.1419940280430343
1999-11-12,-1.2598251525148305
1999-11-15,-2.24313226934084
1999-11-16,-0.17265050338502202
1999-11-17,1.2623240499886912
1999-11-18,0.3523733492500599
1999-11-19,1.598843715321601
1999-11-22,0.2754147690949841
1999-11-23,-1.6537247151759855
1999-11-24,-0.49719580541073655
1999-11-25,0.32035855738950525
1999-11-26,1.3713438594920724
1999-11-29,-0.02239581588819619
1999-11-30,0.22589777332482192
1999-12-01,-0.11164011395123645
1999-12-02,1.2288557942594558
1999-12-03,0.6421131514431555
1999-12-06,0.0
1999-12-07,3.2595648908549375
1999-12-08,-0.6409068338449183
1999-12-09,-0.44765737274420636
1999-12-10,0.4122883103965526
1999-12-13,-1.1264417261091018
1999-12-14,0.0
1999-12-15,1.1962015152741865
1999-12-16,1.3341513228334827
1999-12-17,3.652244004270708
1999-12-20,-0.5781310938857005
1999-12-21,-0.474630293997113
1999-12-22,0.020721401932322678
1999-12-23,-0.5987004751402348
1999-12-24,0.0
1999-12-27,1.3148977065443535
1999-12-28,-0.1358146846046092
1999-12-29,1.0461354159834353
1999-12-30,0.5204906497369101
1999-12-31,0.0
2000-01-03,6.787141752867242
2000-01-04,-1.1020553909967308
2000-01-05,-0.7221808169617597
2000-01-06,-0.11019422381718252
2000-01-07,0.7409068588831772
2000-01-10,1.2767762093735904
2000-01-11,-0.25198023877008446
2000-01-12,-0.6808031475949463
2000-01-13,0.028676041278269435
2000-01-14,0.7003886074752038
2000-01-17,0.5591445179014778
2000-01-18,-0.8531182550403771
2000-01-19,0.0933059177400425
2000-01-20,-0.2212334116916513
2000-01-21,-0.4511719260985223
2000-01-24,-0.09472732719852639
2000-01-25,-1.3348937349482277
2000-01-26,0.5613218300246866
2000-01-27,0.375537648174766
2000-01-28,0.6080754044656452
2000-01-31,-2.3586350422276334
2000-02-01,0.765976504292812
2000-02-02,0.5743415973813772
2000-02-03,1.60823937383623
2000-02-04,0.2627145984266299
2000-02-07,-0.394401742400928
2000-02-08,1.4785092755362546
2000-02-09,0.7447154827963909
2000-02-10,0.1484935816237459
2000-02-11,-0.6612107558490683
2000-02-14,0.4352950919518417
2000-02-15,-2.114841741124903
2000-02-16,0.7047786271960037
2000-02-17,0.3878728939784236
2000-02-18,0.10078091657902938
2000-02-21,0.7502854601186028
2000-02-22,0.4345155309225512
2000-02-23,0.7699657865674615
2000-02-24,-0.42449254112373064
2000-02-25,0.8784839945055601
2000-02-28,-1.2202640348387668
2000-02-29,1.0655438857731951
2000-03-01,-0.003981363134270118
2000-03-02,0.3903923224200902
2000-03-03,-0.9789790795407978
2000-03-06,-0.46481335640239724
2000-03-07,-1.06073504818833
2000-03-08,-0.3709512289578954
2000-03-09,0.963113547999383
2000-03-10,0.2618474227941757
2000-03-13,0.5155523100987717
2000-03-14,-0.9461386416113078
2000-03-15,0.5190566871832338
2000-03-16,1.6568897395457298
2000-03-17,0.14897281779516466
2000-03-20,1.9682202221007443
2000-03-21,0.6052746360645195
2000-03-22,-0.6403887641512336
2000-03-23,-0.9112096789254664
2000-03-24,0.9669590432171387
2000-03-27,-0.9882914511080121
2000-03-28,0.45731392195162474
2000-03-29,0.7760221487957305
2000-03-30,-0.9930356542109826
2000-03-31,-0.2506061774298894
2000-04-03,-0.9674137672249912
2000-04-04,0.0045439931608600255
2000-04-05,-1.806552973507959
2000-04-06,0.4693613930795566
2000-04-07,-0.03823974556093711
2000-04-10,1.5930458735982516
2000-04-11,-1.2782849808830024
2000-04-12,-0.31078877944671585
2000-04-13,0.002327451362311731
2000-04-14,-2.0950312431255873
2000-04-17,0.8704801014732096
2000-04-18,-0.27995382239412864
2000-04-19,-0.3546820664291625
2000-04-20,0.4119124597085334
2000-04-21,0.0
2000-04-24,0.0
2000-04-25,1.3483106683230344
2000-04-26,0.7708059357064398
2000-04-27,-0.9860456565692055
2000-04-28,1.8233946357244546
2000-05-01,0.0
2000-05-02,1.9224667607325774
2000-05-03,-1.249172556551944
2000-05-04,0.7787648883433086
2000-05-05,1.233840648515749
2000-05-08,0.043684618171541525
2000-05-09,0.0
2000-05-10,0.011938929277202838
2000-05-11,-1.7386929776245632
2000-05-12,-0.5182719873941107
2000-05-15,-0.5519230281865096
2000-05-16,1.3844213817351925
2000-05-17,-1.768940513874114
2000-05-18,-0.8930826859130816
2000-05-19,-0.47508292960872583
2000-05-22,-0.7498489798833535
2000-05-23,0.9906467728220605
2000-05-24,0.6930843638614022
2000-05-25,0.3546026123293434
2000-05-26,-0.32624298183640477
2000-05-29,1.118291070532476
2000-05-30,-0.06486116373883213
2000-05-31,-0.056598688020012354
2000-06-01,1.4324177559755897
2000-06-02,1.1119823915063245
2000-06-05,-0.48023920443030815
2000-06-06,-0.6960914869993732
2000-06-07,-0.6051399248299498
2000-06-08,-0.6083720556534296
2000-06-09,1.5311450311460315
2000-06-12,-0.22126746629396604
2000-06-13,0.9835999728382292
2000-06-14,-0.21386688566694373
2000-06-15,-0.7176303873843687
2000-06-16,-3.0069766653030734
2000-06-19,1.013382269905588
2000-06-20,0.20564208673245382
2000-06-21,-0.8306359169838249
2000-06-22,-0.6519438069720719
2000-06-23,-0.2421260722174257
2000-06-26,0.08203447020947262
2000-06-27,-0.3419576753822315
2000-06-28,0.5270605523836746
2000-06-29,0.36452173482284816
2000-06-30,0.5210265079372238
2000-07-03,1.3934287110320154
2000-07-04,1.7095439412936244
2000-07-05,0.02134890288197566
2000-07-06,0.6868354836791883
2000-07-07,0.0
2000-07-10,-0.03725056517537663
2000-07-11,0.7141756463037356
2000-07-12,3.0855170963251064
2000-07-13,0.0
2000-07-14,-0.5180671385914108
2000-07-17,0.14452817702976611
2000-07-18,0.12411059487624877
2000-07-19,-0.8308665482578894
2000-07-20,1.7446450918912726
2000-07-21,-0.9754444173554762
2000-07-24,1.258098170019273
2000-07-25,-0.20986594788972132
2000-07-26,-0.35991843753860525
2000-07-27,-1.3071400930701276
2000-07-28,-0.43789449583403334
2000-07-31,0.6119639985332961
2000-08-01,0.09690472925665265
2000-08-02,-1.3265820966691315
2000-08-03,0.17905311187253545
2000-08-04,-0.49631336683056704
2000-08-07,1.1996587805240493
2000-08-08,0.2951504722626417
2000-08-09,0.6987563061544394
2000-08-10,0.10420264558263441
2000-08-11,-0.15751253044808258
2000-08-14,0.07697292265535585
2000-08-15,0.1146797474803262
2000-08-16,0.5221062442136275
2000-08-17,-0.20687089026060562
2000-08-18,0.04086492929481942
2000-08-21,0.9345541511091742
2000-08-22,0.8157298064746736
2000-08-23,-0.12332208445816077
2000-08-24,1.294844203823703
2000-08-25,0.21970299439400995
2000-08-28,0.38181357147005573
2000-08-29,0.16419244025398838
2000-08-30,-2.014549638115207
2000-08-31,0.7535535787141947
2000-09-01,0.1295517103348492
2000-09-04,1.051807790795768
2000-09-05,0.19681550547367838
2000-09-06,-1.2698015508157627
2000-09-07,0.6690954348265887
2000-09-08,-1.8868967005730606
2000-09-11,0.005789491850647967
2000-09-12,0.1611546392695327
2000-09-13,0.0
2000-09-14,-0.9063430424088986
2000-09-15,-0.8893488035287029
2000-09-18,-0.8757700496982033
2000-09-19,0.8526161412324357
2000-09-20,-3.574269866151624
2000-09-21,-0.46048795127407893
2000-09-22,-0.07032191323641124
2000-09-25,0.8093619366389566
2000-09-26,-0.521601800431926
2000-09-27,-0.9749047803310327
2000-09-28,0.37398663207085747
2000-09-29,-0.3819222671190755
2000-10-02,1.2571286222975129
2000-10-03,0.0
2000-10-04,-0.007702754704612582
2000-10-05,2.4091954767046677
2000-10-06,-1.409773437207461
2000-10-09,-0.8627677023144509
2000-10-10,0.7377308016298851
2000-10-11,-0.6526807279329957
2000-10-12,-0.9577774199543565
2000-10-13,0.0
2000-10-16,0.0
2000-10-17,0.0
2000-10-18,0.0
2000-10-19,0.0
2000-10-20,0.0
2000-10-23,1.5248668110857584
2000-10-24,0.0
2000-10-25,0.1821280906909639
2000-10-26,0.36209687606986846
2000-10-27,1.221149788751973
2000-10-30,0.7565317731205734
2000-10-31,0.0
2000-11-01,3.3448083362648884
2000-11-02,-0.7667068663667249
2000-11-03,1.282182479335434
2000-11-06,-0.018868635612283906
2000-11-07,-1.0486152047414399
2000-11-08,-1.6169397797167757
2000-11-09,-0.7596074716130046
2000-11-10,-1.1955092470119177
2000-11-13,-0.7888819625817908
2000-11-14,0.0
2000-11-15,2.866569120496629
2000-11-16,-1.542133096636237
2000-11-17,-0.8153573474938239
2000-11-20,-1.5567804214380696
2000-11-21,0.5412048966637226
2000-11-22,-1.3303003111512506
2000-11-23,0.7350181081647266
2000-11-24,0.6422230969431889
2000-11-27,0.8514167922391929
2000-11-28,0.1617213122407097
2000-11-29,0.5506269416982157
2000-11-30,-2.157680967115303
2000-12-01,0.5722883467150788
2000-12-04,-1.0617605221753534
2000-12-05,2.2898881086804765
2000-12-06,0.8656305705539515
2000-12-07,-0.37195777062195895
2000-12-08,1.75070558015119
2000-12-11,-0.12045609847828503
2000-12-12,-0.7385773441574645
2000-12-13,-1.0299115294892736
2000-12-14,-0.397758068383437
2000-12-15,-0.7900438339188248
2000-12-18,0.8126306747008651
2000-12-19,1.1545966131432297
2000-12-20,-1.000833886927845
2000-12-21,-1.1505816725212377
2000-12-22,0.2487218167097019
2000-12-25,0.0
2000-12-26,0.0
2000-12-27,2.0364562088054003
2000-12-28,-0.35858762965721885
2000-12-29,0.3950977978387544
2001-01-01,0.0
2001-01-02,-0.21319265609766247
2001-01-03,0.2888019121151676
2001-01-04,-0.7262865435411894
2001-01-05,0.0
2001-01-08,1.6203386379798645
2001-01-09,-0.7309147083755297
2001-01-10,-1.5217201165368974
2001-01-11,0.11012298475845099
2001-01-12,0.3981157182989886
2001-01-15,1.1904007758047725
2001-01-16,-0.9045150674754004
2001-01-17,1.7626547688521164
2001-01-18,-0.23684029830485798
2001-01-19,0.5194700595096339
2001-01-22,0.6744742105309824
2001-01-23,0.6589156527455031
2001-01-24,-0.11112058189112671
2001-01-25,-0.06828312899052691
2001-01-26,-0.23639635972588827
2001-01-29,-0.1607656206660507
2001-01-30,-0.07872336833122007
2001-01-31,0.21557544655201338
2001-02-01,0.4495232797143124
2001-02-02,-0.4667953455146158
2001-02-05,-0.15077129266544165
2001-02-06,0.43126074629770456
2001-02-07,-0.8230264335122903
2001-02-08,0.043501746355557
2001-02-09,-1.105784975922324
2001-02-12,0.6260956169251818
2001-02-13,-0.38749407561771404
2001-02-14,-0.022960403211576354
2001-02-15,0.0
2001-02-16,0.245870048507883
2001-02-19,0.7637597009565
2001-02-20,-0.9914850241723872
2001-02-21,-0.4842556253573549
2001-02-22,-1.207761850759863
2001-02-23,-3.3503190914941783
2001-02-26,0.8648650790335438
2001-02-27,0.28214079446153645
2001-02-28,-0.2312614131304798
2001-03-01,-0.10466814932750906
2001-03-02,0.6692460955947658
2001-03-05,1.1019923023469134
2001-03-06,-0.36440033171038416
2001-03-07,0.12021749824997774
2001-03-08,0.7357837718707497
2001-03-09,-1.2057988620386637
2001-03-12,-2.220572268058399
2001-03-13,-1.128028411331387
2001-03-14,-12.716327249451991
2001-03-15,2.9837147003332243
2001-03-16,-0.45772915997555397
2001-03-19,-0.01007407144323297
2001-03-20,0.21729169194322034
2001-03-21,-0.6047056584233464
2001-03-22,-0.9452592558778378
2001-03-23,0.5582390572220369
2001-03-26,0.675816386285231
2001-03-27,1.06029486789895
2001-03-28,-0.3428033367431879
2001-03-29,0.06340000923074052
2001-03-30,-0.6624226684882056
2001-04-02,-0.09600899352857083
2001-04-03,-0.8170414459443188
2001-04-04,0.10635251835966762
2001-04-05,0.6093954160642372
2001-04-06,-0.28501282834553476
2001-04-09,0.612316240516091
2001-04-10,0.43502921782859694
2001-04-11,0.5235704375479964
2001-04-12,0.4456035169955918
2001-04-13,0.0
2001-04-16,0.0
2001-04-17,-0.5171144986201821
2001-04-18,0.9514401714882924
2001-04-19,0.4097488921033722
2001-04-20,-0.17503398448743962
2001-04-23,-0.6459272523785812
2001-04-24,0.17010222490145363
2001-04-25,0.11181487408775959
2001-04-26,-0.31096448820974354
2001-04-27,-0.7773064116980499
2001-04-30,-4.620927184615351
2001-05-01,0.0
2001-05-02,0.3404908129895918
2001-05-03,-0.32346995841185233
2001-05-04,0.25120399443318037
2001-05-07,0.0
2001-05-08,0.15247423989157172
2001-05-09,0.027687871087492925
2001-05-10,0.0
2001-05-11,0.48611901890501624
2001-05-14,-0.3570161313270321
2001-05-15,-0.12748017102787523
2001-05-16,1.0761639092096627
2001-05-17,0.135242790544498
2001-05-18,0.3922370019925451
2001-05-21,0.37011149081213685
2001-05-22,-0.11559771525170767
2001-05-23,-0.4831641433728425
2001-05-24,0.2558977232268743
2001-05-25,-0.3391884307915028
2001-05-28,-0.03948073631711796
2001-05-29,-1.0731109333730358
2001-05-30,-0.5184385927076192
2001-05-31,0.4551170475738172
2001-06-01,-0.5343609794690931
2001-06-04,0.336397738655608
2001-06-05,0.11639559683123618
2001-06-06,-0.06892444611750827
2001-06-07,0.9589936525156044
2001-06-08,-0.13072500234185563
2001-06-11,-0.6051568996310296
2001-06-12,-1.668466257684607
2001-06-13,0.1279711896616332
2001-06-14,-0.9032078759257229
2001-06-15,0.0
2001-06-18,-2.3533923536665142
2001-06-19,0.2514313224023853
2001-06-20,-0.7382134362784649
2001-06-21,-0.4700388877025905
2001-06-22,-0.2898937462645392
2001-06-25,-0.036154982260124376
2001-06-26,-0.385846408645349
2001-06-27,-0.14027367122035647
2001-06-28,1.189573809947463
2001-06-29,1.4638740725586044
2001-07-02,0.6342058393494586
2001-07-03,-0.34899085291543996
2001-07-04,-0.3676163312691291
2001-07-05,-1.364126779770522
2001-07-06,-1.9634786202802696
2001-07-09,-0.810140582903448
2001-07-10,-0.4452182614540234
2001-07-11,-0.48672253680040595
2001-07-12,1.1937936305617134
2001-07-13,0.0
2001-07-16,-0.854231509538511
2001-07-17,0.48452599712528216
2001-07-18,-1.173330339434815
2001-07-19,1.1653037637221684
2001-07-20,-0.6434686298053842
2001-07-23,0.5159784856682196
2001-07-24,-1.9013628036037744
2001-07-25,0.33653462773550075
2001-07-26,1.551943464548976
2001-07-27,0.8893607800004028
2001-07-30,0.6276761739358901
2001-07-31,1.1786996579118432
2001-08-01,-0.19830624734131977
2001-08-02,-0.35599592915621003
2001-08-03,-0.8283861860820869
2001-08-06,0.075786681527459
2001-08-07,-0.293814861489078
2001-08-08,-5.941642790777589
2001-08-09,-0.7794776696416348
2001-08-10,-0.5305741254281817
2001-08-13,0.3399536045331665
2001-08-14,0.16312440300472456
2001-08-15,-0.9856411185079459
2001-08-16,-2.3620230107595668
2001-08-17,-0.6052485295308081
2001-08-20,0.22656772817961537
2001-08-21,0.24970777610358766
2001-08-22,0.3199797098197794
2001-08-23,0.15395163591720748
2001-08-24,1.306674452323117
2001-08-27,0.2285184943829657
2001-08-28,-0.3323765174650149
2001-08-29,-0.10462899767287497
2001-08-30,-1.1103705798281645
2001-08-31,0.04055805251306021
2001-09-03,-0.15426940900652134
2001-09-04,1.9392082160702337
2001-09-05,-1.536577900194189
2001-09-06,-0.8355346389123198
2001-09-07,-1.357557271169336
2001-09-10,-0.949513268243656
2001-09-11,-2.2685790873888845
2001-09-12,-0.4637219112524125
2001-09-13,-0.6991239437888536
2001-09-14,-3.556221919133861
2001-09-17,0.5875060486683275
2001-09-18,-0.2554927528160418
2001-09-19,-1.4266914033214344
2001-09-20,-2.9682646613623453
2001-09-21,-0.008448318350441792
2001-09-24,0.0
2001-09-25,2.0896764952088787
2001-09-26,0.35521402790399875
2001-09-27,0.5211545676307628
2001-09-28,0.7905163551450475
2001-10-01,-0.17972987158122825
2001-10-02,0.41539729895039507
2001-10-03,0.0
2001-10-04,2.125565042538653
2001-10-05,-0.6720707899784628
2001-10-08,0.5753796212309256
2001-10-09,0.4827707729396227
2001-10-10,1.057595969181822
2001-10-11,0.9363629809019101
2001-10-12,0.05383128523970428
2001-10-15,-0.5607631925730473
2001-10-16,0.0
2001-10-17,0.804285408446212
2001-10-18,-0.19897106824821528
2001-10-19,-0.4423947376775588
2001-10-22,0.480061417725448
2001-10-23,1.0194867165492199
2001-10-24,1.0404866273209603
2001-10-25,-1.1884204251631514
2001-10-26,0.8782534548929022
2001-10-29,-1.0164703528136143
2001-10-30,-1.7705569433473678
2001-10-31,0.9292095725337682
2001-11-01,0.7826266339893841
2001-11-02,-0.16541178478062427
2001-11-05,1.4768543499455966
2001-11-06,-0.42219085928114164
2001-11-07,1.675368246095553
2001-11-08,0.6307626209553204
2001-11-09,-0.5180152072742686
2001-11-12,-1.0491416320058966
2001-11-13,1.11827821534934
2001-11-14,0.5340070780619262
2001-11-15,2.2651108733320733
2001-11-16,-0.24717361030899843
2001-11-19,1.1237968962244955
2001-11-20,-0.6303052901126711
2001-11-21,-0.17626854901787697
2001-11-22,0.12644548744254727
2001-11-23,0.24006223527992218
2001-11-26,-0.11653291038189015
2001-11-27,-0.5924191922641838
2001-11-28,-1.3529492234553406
2001-11-29,-0.17198410124082197
2001-11-30,0.04577911199990255
2001-12-03,-0.051700087049393384
2001-12-04,0.7159921784790372
2001-12-05,3.030019816814071
2001-12-06,0.11927979902331388
2001-12-07,-0.8746311088478379
2001-12-10,-0.35153000586678584
2001-12-11,0.3631639856236479
2001-12-12,-0.6894969856456511
2001-12-13,-1.0683153367617004
2001-12-14,-0.5658881206349778
2001-12-17,2.06061985915313
2001-12-18,-0.4272635361348623
2001-12-19,-0.5347438649731352
2001-12-20,-0.2988485969289448
2001-12-21,1.0725655581409594
2001-12-24,0.0
2001-12-25,0.0
2001-12-26,0.0
2001-12-27,0.9503472605708746
2001-12-28,0.16581042114790992
2001-12-31,0.0
2002-01-01,0.0
2002-01-02,0.5547516702437884
2002-01-03,1.8287159033936067
2002-01-04,0.6281038227896649
2002-01-07,-0.9978993330593403
2002-01-08,0.6362978243772706
2002-01-09,0.31921194379198786
2002-01-10,-0.667056136387275
2002-01-11,-1.1308752531199822
2002-01-14,-1.8269824480588464
2002-01-15,0.0
2002-01-16,-1.9448656844788943
2002-01-17,1.606678080205456
2002-01-18,-0.1345267076200302
2002-01-21,-0.4017390008554531
2002-01-22,-0.5965241634645203
2002-01-23,1.4790533225262348
2002-01-24,0.2138667572935352
2002-01-25,0.2455209503504498
2002-01-28,0.5823204383103064
2002-01-29,-0.17777113194070185
2002-01-30,0.42163017729607233
2002-01-31,0.5661064472740198
2002-02-01,0.11463843001690074
2002-02-04,-1.3410288319982495
2002-02-05,-0.6293023691455605
2002-02-06,-2.0572120624865535
2002-02-07,0.08700498720542148
2002-02-08,-0.07269103659602369
2002-02-11,0.9867845406563188
2002-02-12,-0.7979359774439806
2002-02-13,0.7062400114530124
2002-02-14,0.5171873407559422
2002-02-15,-1.4334628852977327
2002-02-18,0.48955973437347555
2002-02-19,-1.0737005867147547
2002-02-20,-0.22941183524208555
2002-02-21,1.1738412299963346
2002-02-22,-1.6368280375872701
2002-02-25,1.8312449870782648
2002-02-26,0.5127346500600461
2002-02-27,0.8454389435413543
2002-02-28,1.1752110231833481
2002-03-01,1.2205211631172173
2002-03-04,1.3471836936003962
2002-03-05,0.5218835148485508
2002-03-06,-0.214408453070738
2002-03-07,0.13279087362368477
2002-03-08,1.25073663712989
2002-03-11,-0.11810898553058036
2002-03-12,-0.6269493337329626
2002-03-13,-0.3814273939226048
2002-03-14,0.8424310460308808
2002-03-15,1.6759754529341782
2002-03-18,-0.12342356100790841
2002-03-19,0.4337411457178311
2002-03-20,-1.301383000848224
2002-03-21,0.2289858680095239
2002-03-22,0.16325762280127062
2002-03-25,-1.038054955489787
2002-03-26,-0.05790158766882617
2002-03-27,-0.1289366867729043
2002-03-28,0.8014282472407547
2002-03-29,0.0
2002-04-01,0.0
2002-04-02,-0.540197552536627
2002-04-03,-0.44924190508414114
2002-04-04,-1.3940005839057787
2002-04-05,0.12532892425380357
2002-04-08,-1.0461332837274493
2002-04-09,0.023071521914895164
2002-04-10,1.3873955945460263
2002-04-11,-2.2239914165560366
2002-04-12,0.3696989228519847
2002-04-15,1.0285509241235473
2002-04-16,1.4977642472710933
2002-04-17,-0.6019385431611904
2002-04-18,-0.34120558897428677
2002-04-19,-0.10825611712218929
2002-04-22,-1.8675658555693428
2002-04-23,-0.5445637692368358
2002-04-24,-0.13285433179993925
2002-04-25,-0.42301140166205414
2002-04-26,-0.6532239096060191
2002-04-29,-0.8229765955987286
2002-04-30,1.3708912925762249
2002-05-01,0.0
2002-05-02,0.4653465858997834
2002-05-03,-1.3466688778459948
2002-05-06,-0.5699198585816815
2002-05-07,1.2629085206418567
2002-05-08,2.2025629479857374
2002-05-09,-0.6896108353936624
2002-05-10,-0.4633684266682529
2002-05-13,1.2930853276434715
2002-05-14,0.9666531486701954
2002-05-15,-0.2838686827333086
2002-05-16,0.1854055410374784
2002-05-17,0.5011937333021427
2002-05-20,-0.8188160157252385
2002-05-21,0.30713861412046933
2002-05-22,-0.8926467180513147
2002-05-23,-0.6311607664714937
2002-05-24,-0.17078449415559663
2002-05-27,0.8026586416658886
2002-05-28,0.0
2002-05-29,-1.2053529623238095
2002-05-30,-2.1096052098557725
2002-05-31,0.6911847867031485
2002-06-03,-1.078382172134876
2002-06-04,-1.7319859956474235
2002-06-05,0.7088794136844341
2002-06-06,0.16474434134573832
2002-06-07,-0.5060447454848767
2002-06-10,-0.3777461869006104
2002-06-11,0.6423010274921116
2002-06-12,-1.708334439832425
2002-06-13,-1.3708343633829347
2002-06-14,-3.077122634698781
2002-06-17,2.8388901742033834
2002-06-18,-0.31370980283300753
2002-06-19,-1.1411772760924646
2002-06-20,-1.0110872891409517
2002-06-21,-1.046612658875834
2002-06-24,-0.21159390912966206
2002-06-25,1.1815991444508056
2002-06-26,-0.833946847473749
2002-06-27,1.2336123754410977
2002-06-28,1.1739476352581621
2002-07-01,0.024406540054687762
2002-07-02,-1.5539423891167037
2002-07-03,-1.057508592055577
2002-07-04,1.1120479596020227
2002-07-05,2.694959632347901
2002-07-08,-0.16457717819653636
2002-07-09,-0.7203173792902204
2002-07-10,-1.6594998400433787
2002-07-11,-0.2986994187840915
2002-07-12,0.04678966931180915
2002-07-15,-1.659019646957604
2002-07-16,0.20925200187177456
2002-07-17,1.2769743893965302
2002-07-18,-0.04425483925403752
2002-07-19,-1.6605689337439438
2002-07-22,-2.571079036057552
2002-07-23,-1.060273496014781
2002-07-24,0.061054009408672935
2002-07-25,-1.2991766235645057
2002-07-26,0.9491817272214623
2002-07-29,2.7825180912963217
2002-07-30,-0.04054951154825924
2002-07-31,-1.4654327807409697
2002-08-01,-1.0891906330062626
2002-08-02,-0.5466134815662277
2002-08-05,-1.8037186787660178
2002-08-06,1.5581602834330144
2002-08-07,-0.6217751907185831
2002-08-08,1.4209562508330156
2002-08-09,0.6535413162922477
2002-08-12,-0.7819200072885725
2002-08-13,0.43016851750037194
2002-08-14,-0.6704428307423393
2002-08-15,0.7967665874602523
2002-08-16,-0.0865657218849085
2002-08-19,1.1393326282300433
2002-08-20,-0.9948889725459036
2002-08-21,0.8701342606936172
2002-08-22,0.18555727827540971
2002-08-23,0.0
2002-08-26,0.0
2002-08-27,0.0
2002-08-28,0.0
2002-08-29,-2.540281541229773
2002-08-30,0.6295778572226366
2002-09-02,-1.0634374452853486
2002-09-03,-1.9549101949053547
2002-09-04,-0.1214181362388203
2002-09-05,-0.28069015740452136
2002-09-06,1.1703723774558945
2002-09-09,-0.5310161647375709
2002-09-10,0.6541770375418052
2002-09-11,0.6860151150376057
2002-09-12,-1.541969255759209
2002-09-13,-0.7444721000066944
2002-09-16,0.35641783670991495
2002-09-17,-0.021807859252960218
2002-09-18,-2.0163576393972464
2002-09-19,-1.3680501399246014
2002-09-20,0.5528717769179142
2002-09-23,-1.010799760027054
2002-09-24,-0.5308360077597133
2002-09-25,0.8104778018015477
2002-09-26,1.0570081161882654
2002-09-27,-0.630551620954218
2002-09-30,-2.9672500953756207
2002-10-01,1.6240681511849338
2002-10-02,0.3801992614327652
2002-10-03,-0.6082017810400301
2002-10-04,-0.5531795607035365
2002-10-07,-0.7038294109150075
2002-10-08,-0.7797327540336606
2002-10-09,-0.24393427206539614
2002-10-10,1.424583142449871
2002-10-11,2.064880973307623
2002-10-14,-0.5007974190077905
2002-10-15,2.1840555085970697
2002-10-16,-0.18602025034768682
2002-10-17,1.4138639066172423
2002-10-18,-0.006399945667277337
2002-10-21,-0.05187703671540849
2002-10-22,-0.9086904874608981
2002-10-23,-1.2115054685758604
2002-10-24,0.7494454495963777
2002-10-25,0.021101607643782345
2002-10-28,0.8366920386343571
2002-10-29,-1.3627114209393214
2002-10-30,0.7151694109551056
2002-10-31,1.131558171801184
2002-11-01,-0.22406092389087787
2002-11-04,1.4182272764324437
2002-11-05,-0.21996581426680004
2002-11-06,-0.701846886701511
2002-11-07,-1.4367605870278184
2002-11-08,-0.5137501981673096
2002-11-11,-0.1954210270093687
2002-11-12,1.3349920653557117
2002-11-13,-0.6526928442961463
2002-11-14,1.696133042792842
2002-11-15,0.20267975008745717
2002-11-18,0.3113001387023141
2002-11-19,-0.07932943913934959
2002-11-20,-0.31618710458470495
2002-11-21,1.1620896595457049
2002-11-22,0.13022503309770986
2002-11-25,-0.5009353274960838
2002-11-26,-0.9899424196053356
2002-11-27,1.86782651646652
2002-11-28,-0.14642242611718223
2002-11-29,-0.33616794710690884
2002-12-02,0.8906807731634699
2002-12-03,-1.1869727779836377
2002-12-04,0.5106035563719601
2002-12-05,-1.7181210408576753
2002-12-06,0.1983601746911381
2002-12-09,-1.5981951259995106
2002-12-10,1.1590660603475427
2002-12-11,0.06816418856950289
2002-12-12,-1.077519312453553
2002-12-13,-0.9701775956978254
2002-12-16,1.2282058235338325
2002-12-17,-0.7579828258078828
2002-12-18,-1.3370022267584094
2002-12-19,-0.6296059756468377
2002-12-20,0.8058392090582098
2002-12-23,-0.48840561672839605
2002-12-24,0.0
2002-12-25,0.0
2002-12-26,0.0
2002-12-27,-2.4911599889481484
2002-12-30,1.1135641211081508
2002-12-31,0.0
2003-01-01,0.0
2003-01-02,2.5323163616485327
2003-01-03,-0.28415966932339687
2003-01-06,0.9760195004254951
2003-01-07,-0.4684066630474289
2003-01-08,-1.9007718346488267
2003-01-09,0.26773149142484276
2003-01-10,0.05342483638389928
2003-01-13,0.228810560238233
2003-01-14,0.1892836890971514
2003-01-15,-0.7781988954350243
2003-01-16,-0.3495112387895452
2003-01-17,-2.012347652809812
2003-01-20,0.024701293837153252
2003-01-21,-0.16032350686159438
2003-01-22,-1.380183605470561
2003-01-23,0.26652066200756447
2003-01-24,-1.5629013746869953
2003-01-27,-1.0874169382692602
2003-01-28,0.2215978767296041
2003-01-29,0.9410050539664191
2003-01-30,-0.32410109562344597
2003-01-31,0.512933985343535
2003-02-03,0.030966697710281165
2003-02-04,-1.8425014885418054
2003-02-05,1.2717073643411334
2003-02-06,-1.360112200343263
2003-02-07,-1.0659555112756371
2003-02-10,0.00939687254881387
2003-02-11,0.9231542569440931
2003-02-12,-1.1520917978911147
2003-02-13,-0.6324156072286382
2003-02-14,1.9001493215668244
2003-02-17,1.0897149930623637
2003-02-18,0.4540039555652312
2003-02-19,-1.9073035732366885
2003-02-20,-0.6202095245607464
2003-02-21,1.2772594712046186
2003-02-24,-1.8498049347385648
2003-02-25,-1.9974318044260262
2003-02-26,-1.037269405297061
2003-02-27,1.639480044080616
2003-02-28,0.1523892461819085
2003-03-03,0.45354578304434245
2003-03-04,-0.9871938266144404
2003-03-05,-0.4089249120873166
2003-03-06,-0.4307986116283602
2003-03-07,-0.3478363212026124
2003-03-10,-0.9642641572259271
2003-03-11,-1.1752661493578798
2003-03-12,-1.5432145822665484
2003-03-13,2.0649231990441765
2003-03-14,0.10060831476021936
2003-03-17,0.6070092764238246
2003-03-18,4.4195799652766965
2003-03-19,0.02889151570620346
2003-03-20,0.07617379751817543
2003-03-21,0.9132998144189078
2003-03-24,-1.4496042022810813
2003-03-25,0.7376597146001488
2003-03-26,-0.36616338082012667
2003-03-27,0.01467656607289702
2003-03-28,-0.45919125824622053
2003-03-31,-0.9054301552944691
2003-04-01,0.18002848740995697
2003-04-02,1.7144812847877304
2003-04-03,-0.0806137783265946
2003-04-04,0.8736486203935281
2003-04-07,1.6461969991218652
2003-04-08,-0.5473199543855619
2003-04-09,-0.359405273871277
2003-04-10,-0.08191858134294806
2003-04-11,0.5004573628649092
2003-04-14,0.9091555403713648
2003-04-15,0.4288160294116867
2003-04-16,-0.40955987942765104
2003-04-17,0.6414787055719662
2003-04-18,0.0
2003-04-21,0.0
2003-04-22,0.5071263620959814
2003-04-23,0.1385792880749218
2003-04-24,-0.8705860882154842
2003-04-25,-0.10157519104340294
2003-04-28,1.354184584385874
2003-04-29,-0.4850027004642427
2003-04-30,0.31206213285485673
2003-05-01,0.0
2003-05-02,-0.08702765106850609
2003-05-05,-0.029600792163964818
2003-05-06,0.24554125690337147
2003-05-07,-0.011865526901674186
2003-05-08,-0.7007698687903595
2003-05-09,0.9249256927907248
2003-05-12,-0.5791598876095728
2003-05-13,-0.8277787026107889
2003-05-14,0.5174127538508
2003-05-15,1.3227699814366467
2003-05-16,-0.36477677792903646
2003-05-19,-2.786449040435126
2003-05-20,-0.6730613754282305
2003-05-21,-0.24589087624408604
2003-05-22,0.2865740175292339
2003-05-23,-0.47862043572148594
2003-05-26,-0.23780172846932346
2003-05-27,0.6286660703257827
2003-05-28,0.615423811034945
2003-05-29,0.12773366090320662
2003-05-30,1.9225139309548984
2003-06-02,1.223731773031115
2003-06-03,-0.37351483882669845
2003-06-04,1.0049726970229529
2003-06-05,-0.19543282709200877
2003-06-06,2.0908329863637953
2003-06-09,-1.0257864151026608
2003-06-10,0.8609841043414608
2003-06-11,0.4611093444837587
2003-06-12,0.29961008354147933
2003-06-13,-0.805445827829593
2003-06-16,1.7710806116406432
2003-06-17,0.6857746864229292
2003-06-18,0.6579753640815638
2003-06-19,-1.1620484119954653
2003-06-20,-0.15552580690066492
2003-06-23,-0.11365880231903351
2003-06-24,0.047906846185992134
2003-06-25,0.2511868293809281
2003-06-26,1.0359339018761038
2003-06-27,0.04436654229432714
2003-06-30,-0.651353157233723
2003-07-01,-2.0640095262743894
2003-07-02,1.7216321452925576
2003-07-03,0.2700779011355435
2003-07-04,0.4501969760039024
2003-07-07,2.210154613275257
2003-07-08,0.308727896770541
2003-07-09,-1.0415287535511122
2003-07-10,-0.6719907853881253
2003-07-11,0.6463392071325703
2003-07-14,0.8671554204365133
2003-07-15,-0.18842522936873016
2003-07-16,-0.26253076898906436
2003-07-17,-0.7186701446598335
2003-07-18,0.476629024068024
2003-07-21,-0.9119439864325345
2003-07-22,0.23920361534405252
2003-07-23,-0.5236934391228945
2003-07-24,1.6037643124078445
2003-07-25,-0.28019386853403566
2003-07-28,0.795154715811359
2003-07-29,-0.36825103422905037
2003-07-30,0.4522080673522943
2003-07-31,1.8298003470204902
2003-08-01,-0.5715935661482706
2003-08-04,-0.32450878895121393
2003-08-05,0.5163138078161328
2003-08-06,-1.5336358889535258
2003-08-07,-1.5056752973022796
2003-08-08,0.0366085112132022
2003-08-11,0.1314890340156042
2003-08-12,0.5711927063745392
2003-08-13,0.8280697881161848
2003-08-14,1.0885830478909584
2003-08-15,-0.0897515004903193
2003-08-18,1.5476010357613563
2003-08-19,0.34735507342512834
2003-08-20,0.6052527755568299
2003-08-21,1.5988641376624577
2003-08-22,-0.00026640315447905186
2003-08-25,-0.9863822140162962
2003-08-26,-1.0788747749206038
2003-08-27,0.2720861120210274
2003-08-28,0.509313768328252
2003-08-29,-0.36690555162389304
2003-09-01,1.6664983148609787
2003-09-02,-0.03208973432345359
2003-09-03,1.8578702225784751
2003-09-04,0.08307773222532477
2003-09-05,-1.1628846149670684
2003-09-08,0.3764588697931163
2003-09-09,-1.1471024576287192
2003-09-10,-1.8184426662697966
2003-09-11,0.7629622050997585
2003-09-12,-1.2840574616630367
2003-09-15,0.3828983712310068
2003-09-16,0.7927276834250299
2003-09-17,0.09971261823606314
2003-09-18,1.8561565493996999
2003-09-19,0.06865271864470666
2003-09-22,-3.21858309270766
2003-09-23,-0.5633110109541579
2003-09-24,-2.282133535913499
2003-09-25,0.2848738071488475
2003-09-26,0.45648777692268294
2003-09-29,-0.15537562010862446
2003-09-30,-1.0590315904380234
2003-10-01,1.2248505365092133
2003-10-02,-1.2099700735048269
2003-10-03,1.8343387946051188
2003-10-06,0.3657039494341598
2003-10-07,-0.7259086767983419
2003-10-08,0.5340299037839321
2003-10-09,0.9675137034342327
2003-10-10,-0.49616518553333655
2003-10-13,0.892261884326721
2003-10-14,-0.009102008639363685
2003-10-15,0.34193482712518825
2003-10-16,0.1623464579414094
2003-10-17,-0.79427624821825
2003-10-20,0.21784872842641348
2003-10-21,0.12096546752680869
2003-10-22,-1.4520556108871618
2003-10-23,0.10870765012200985
2003-10-24,-0.6905091299679127
2003-10-27,1.0181106629918506
2003-10-28,1.1603347415925673
2003-10-29,0.20576707154433738
2003-10-30,0.5536938553222479
2003-10-31,0.44884097963257524
2003-11-03,1.876829867734822
2003-11-04,0.18799738213207492
2003-11-05,-0.5289364331527885
2003-11-06,1.0072225491917124
2003-11-07,2.543764125716278
2003-11-10,-0.5212042372135778
2003-11-11,0.38298019132463584
2003-11-12,-0.17984283759197672
2003-11-13,0.5103388789953797
2003-11-14,0.43927636648075397
2003-11-17,-2.2252476095823237
2003-11-18,-0.4978798601562582
2003-11-19,-0.2994560956595723
2003-11-20,0.01590669571636483
2003-11-21,0.11675279774765597
2003-11-24,1.9382191496493626
2003-11-25,0.24320511072218723
2003-11-26,-0.6888627999679188
2003-11-27,0.824354842192005
2003-11-28,-0.5276282423888736
2003-12-01,1.4146753936482757
2003-12-02,-0.664456067230426
2003-12-03,1.409257515397185
2003-12-04,-0.3715317576245228
2003-12-05,-0.8128588224693718
2003-12-08,-0.668696419730347
2003-12-09,0.1115670112485886
2003-12-10,-0.24326211667685757
2003-12-11,0.7019577814890008
2003-12-12,0.03298120209361085
2003-12-15,0.38760148912269415
2003-12-16,-0.2710104180021407
2003-12-17,-0.6414459343110767
2003-12-18,0.7891269516115096
2003-12-19,0.46791278011599613
2003-12-22,-0.6740429454677387
2003-12-23,0.21307814209039697
2003-12-24,0.0
2003-12-25,0.0
2003-12-26,0.0
2003-12-29,0.7841967352703096
2003-12-30,-0.14271542388567546
2003-12-31,0.0
2004-01-01,0.0
2004-01-02,1.4461331454221775
2004-01-05,0.4271753946739126
2004-01-06,-0.8893564270854928
2004-01-07,-0.6276087882641767
2004-01-08,2.026179576506991
2004-01-09,-0.441945414360935
2004-01-12,-0.06621095271868922
2004-01-13,0.6310622961380432
2004-01-14,1.0895723956610903
2004-01-15,0.15186307819282224
2004-01-16,0.590752999237485
2004-01-19,0.23961545978062956
2004-01-20,-0.4791662998670277
2004-01-21,-0.641371626123373
2004-01-22,-0.6900494167049043
2004-01-23,-0.48645634506295043
2004-01-26,-0.8034122257536707
2004-01-27,0.6633716456426912
2004-01-28,1.1254829547128742
2004-01-29,-1.333641815250405
2004-01-30,-0.521644394307794
2004-02-02,0.17484302187782688
2004-02-03,-0.9645907217051514
2004-02-04,-1.544271038515911
2004-02-05,-0.8379981892191598
2004-02-06,0.18862307708622775
2004-02-09,0.9005154812584971
2004-02-10,0.6820196563403433
2004-02-11,1.1393405130904348
2004-02-12,-0.21096656739565495
2004-02-13,-1.4872083108610408
2004-02-16,0.1698298519958306
2004-02-17,0.4316145885656742
2004-02-18,-0.6433116750669758
2004-02-19,0.6013439078329323
2004-02-20,-2.400365083273436
2004-02-23,-0.08966682843486784
2004-02-24,-1.8298885210030815
2004-02-25,0.4389440325067548
2004-02-26,0.6606425625541189
2004-02-27,0.12701140671362637
2004-03-01,1.1213745282244842
2004-03-02,1.746947915842799
2004-03-03,-0.43279557607533486
2004-03-04,0.4912468071810262
2004-03-05,-0.32550045816874573
2004-03-08,0.43071109960552273
2004-03-09,-0.8364974370542849
2004-03-10,-1.3413157172278207
2004-03-11,-3.3711503235363605
2004-03-12,0.2928307406337305
2004-03-15,-1.9540928853380901
2004-03-16,0.1392587198082921
2004-03-17,1.5676554750800358
2004-03-18,-1.4314028542776573
2004-03-19,-0.6252140187943845
2004-03-22,-1.414478815894682
2004-03-23,-0.16502575548976364
2004-03-24,-0.16815613590343775
2004-03-25,1.2060949524207853
2004-03-26,0.25117192671985883
2004-03-29,0.920418173123205
2004-03-30,-0.11343548099946883
2004-03-31,-0.8717578597201157
2004-04-01,1.1533484913653511
2004-04-02,1.5300767030224214
2004-04-05,0.7119590598658281
2004-04-06,-0.372938159942901
2004-04-07,-0.2737395784896981
2004-04-08,0.2700038507806496
2004-04-09,0.0
2004-04-12,0.0
2004-04-13,1.434423701180725
2004-04-14,-0.9261046140914267
2004-04-15,0.01228853825684335
2004-04-16,0.4618605452120688
2004-04-19,0.12815112679871285
2004-04-20,0.6447387692040971
2004-04-21,-0.11503337872041038
2004-04-22,1.006255742337285
2004-04-23,1.4246538305955374
2004-04-26,-0.13025743028052558
2004-04-27,0.4753656067091883
2004-04-28,-1.8586782540167741
2004-04-29,-0.38185518836717774
2004-04-30,-0.22442486025869954
2004-05-03,0.8298612760655523
2004-05-04,-0.5151070298110391
2004-05-05,0.7078240088303945
2004-05-06,-2.624263541243493
2004-05-07,-0.010818398064836596
2004-05-10,-2.0885759447115064
2004-05-11,0.45666117884363144
2004-05-12,-0.6418952830593517
2004-05-13,0.9255760076035047
2004-05-14,-0.13727121821069857
2004-05-17,-1.2065225943825684
2004-05-18,1.408903348131076
2004-05-19,1.966313624257617
2004-05-20,-0.8900334709422646
2004-05-21,-0.3049069238779505
2004-05-24,0.7391698274191782
2004-05-25,-0.8696912156813318
2004-05-26,1.241419564823669
2004-05-27,0.8683179072409155
2004-05-28,-0.6270987969591004
2004-05-31,0.3102575479563406
2004-06-01,-0.7139453144285052
2004-06-02,0.5888963853978428
2004-06-03,-0.01538382671791664
2004-06-04,0.4255777798452175
2004-06-07,0.908380658099615
2004-06-08,-0.0890222079941382
2004-06-09,-0.7264970915596874
2004-06-10,0.27914332056014396
2004-06-11,0.14562355796888246
2004-06-14,-1.7823965800484884
2004-06-15,0.6806644539160676
2004-06-16,0.09860142049776568
2004-06-17,-0.39921569387120015
2004-06-18,-0.08542019245298349
2004-06-21,-0.23987472731686915
2004-06-22,-1.4898082284364735
2004-06-23,0.7086046646113918
2004-06-24,2.141536626827787
2004-06-25,-0.12639865243577786
2004-06-28,1.1028762712111606
2004-06-29,0.0971523220024752
2004-06-30,0.13771468967229183
2004-07-01,-0.48124051007099294
2004-07-02,-0.964979167248893
2004-07-05,-0.14609738491551752
2004-07-06,-1.009096337331095
2004-07-07,0.008409474782497378
2004-07-08,0.3542058819423422
2004-07-09,-0.28604216819029754
2004-07-12,-0.828173995920956
2004-07-13,0.581800948644659
2004-07-14,-0.1996118490407272
2004-07-15,-1.2095401390106981
2004-07-16,-0.07803859929433622
2004-07-19,-0.9874947651639424
2004-07-20,0.5790518869519692
2004-07-21,1.246791533057282
2004-07-22,-1.7664941111930819
2004-07-23,-0.11702782057810833
2004-07-26,-1.2104849158324646
2004-07-27,0.905663759825275
2004-07-28,0.5999354637534102
2004-07-29,2.4545501970726162
2004-07-30,0.60366643348925
2004-08-02,-0.509913492559445
2004-08-03,0.33436480188906287
2004-08-04,-1.591903301376775
2004-08-05,-0.5188505546464408
2004-08-06,-2.176226014948531
2004-08-09,-0.672176079017899
2004-08-10,0.41720082071138237
2004-08-11,-0.8255393041985526
2004-08-12,-0.8761556987007677
2004-08-13,-1.0240276743184251
2004-08-16,1.2144468592447346
2004-08-17,-0.16260204957221377
2004-08-18,0.4494502988257176
2004-08-19,0.24145923041635575
2004-08-20,0.06800772326549616
2004-08-23,1.361278805458556
2004-08-24,0.055296619532843365
2004-08-25,0.04424177722260871
2004-08-26,0.7935223917398125
2004-08-27,0.5448839187664075
2004-08-30,-0.09433355076392544
2004-08-31,-1.475225734188495
2004-09-01,0.8322089013626137
2004-09-02,0.3593568210050725
2004-09-03,0.5114419230027054
2004-09-06,0.7751881501368846
2004-09-07,0.13269059403672467
2004-09-08,-0.013430721521150874
2004-09-09,-1.0006717732097388
2004-09-10,0.7190863555408263
2004-09-13,2.0934394095084152
2004-09-14,0.19147311505735362
2004-09-15,-0.7952092915640075
2004-09-16,0.30106154595023576
2004-09-17,0.4417325438444122
2004-09-20,-0.2163235821253961
2004-09-21,0.2796974079014159
2004-09-22,-1.0671926762524095
2004-09-23,-1.185726011521983
2004-09-24,0.2855344451743487
2004-09-27,-0.6683050822213983
2004-09-28,0.05105421574724294
2004-09-29,1.1129211250885505
2004-09-30,-1.0910127078252536
2004-10-01,2.399046861017209
2004-10-04,0.9418027795330396
2004-10-05,0.6320617498703339
2004-10-06,-0.042290980027030196
2004-10-07,0.011172020295807423
2004-10-08,-1.011665180787685
2004-10-11,-0.1634984653069217
2004-10-12,-1.6726459314682722
2004-10-13,0.3591352173383012
2004-10-14,-0.8711431444377259
2004-10-15,-0.15498615824066822
2004-10-18,-0.07456010534324702
2004-10-19,1.1678946548523772
2004-10-20,-1.3532041571761535
2004-10-21,0.37110759021055667
2004-10-22,0.07846298496986508
2004-10-25,-2.342881016756218
2004-10-26,0.20301871831945564
2004-10-27,1.142356660946854
2004-10-28,0.8484025718610242
2004-10-29,-0.7646934627058585
2004-11-01,1.1862014598923427
2004-11-02,0.5976171911899301
2004-11-03,-0.42861356490135444
2004-11-04,-0.35134870749877545
2004-11-05,0.5029171954734493
2004-11-08,0.19617015303534238
2004-11-09,-0.2121364697934263
2004-11-10,0.4250048548500623
2004-11-11,1.1554079750590898
2004-11-12,0.06498861127822707
2004-11-15,-0.20993729580934148
2004-11-16,-0.6637643079275146
2004-11-17,1.092424990358171
2004-11-18,0.06103951012480148
2004-11-19,-0.8005962832256693
2004-11-22,-0.3718317955691593
2004-11-23,-0.6174044890484475
2004-11-24,-0.1909596647477346
2004-11-25,1.023940915385873
2004-11-26,-0.332438593718001
2004-11-29,0.10532158279076
2004-11-30,-0.767197996276269
2004-12-01,1.7077738061270198
2004-12-02,0.9373609471190159
2004-12-03,-0.32240945629424766
2004-12-06,-0.20478230649866136
2004-12-07,0.21152739703807205
2004-12-08,0.6398656257114053
2004-12-09,-1.0771357286394327
2004-12-10,0.48088536930124925
2004-12-13,0.9773607687359661
2004-12-14,0.9281563310911798
2004-12-15,-0.2262688513183917
2004-12-16,0.2940389448437458
2004-12-17,-1.5377251309379314
2004-12-20,0.6594801229862286
2004-12-21,0.22875313580208567
2004-12-22,0.8654213177559192
2004-12-23,-0.09148055430707555
2004-12-24,0.0
2004-12-27,-0.5046470923365397
2004-12-28,0.4723761194464443
2004-12-29,-0.48515020051941604
2004-12-30,0.15672462563611722
2004-12-31,0.0
2005-01-03,1.2221352038485749
2005-01-04,-0.013509532944390097
2005-01-05,-1.3954414445376306
2005-01-06,0.528404799200974
2005-01-07,-0.03474478730287262
2005-01-10,-0.01974989991259516
2005-01-11,-1.1780509129433303
2005-01-12,-1.1832992362877006
2005-01-13,-0.5219120235193782
2005-01-14,0.7284976898604284
2005-01-17,1.0566034032754266
2005-01-18,0.05820038450043292
2005-01-19,-0.5042731290896311
2005-01-20,-0.5181472006700081
2005-01-21,0.177337746203082
2005-01-24,-0.013037753982959015
2005-01-25,0.957340137944417
2005-01-26,-0.7766322642955165
2005-01-27,0.8143399574148761
2005-01-28,-0.44742247993257994
2005-01-31,-1.04434390640908
2005-02-01,1.5338739220623248
2005-02-02,-0.7159492325682973
2005-02-03,-0.7590194988251628
2005-02-04,1.4166411646434227
2005-02-07,1.106478985946787
2005-02-08,-0.255260039078345
2005-02-09,0.14489108007308815
2005-02-10,0.7805929536430309
2005-02-11,0.9196312255825938
2005-02-14,-0.18654427606129417
2005-02-15,-0.21684371488455384
2005-02-16,-0.9808198549286293
2005-02-17,0.23359785146105172
2005-02-18,0.2517648100601772
2005-02-21,0.2726956149620271
2005-02-22,-1.3739608318353445
2005-02-23,-0.7055244181280957
2005-02-24,0.10129578930964839
2005-02-25,0.9770745916156627
2005-02-28,-0.5396384255691716
2005-03-01,0.8035006426842373
2005-03-02,1.3923439510893025
2005-03-03,-0.01192333733879925
2005-03-04,0.7919135576627986
2005-03-07,0.1099857799423392
2005-03-08,-0.46361743912464504
2005-03-09,-0.8229084801126739
2005-03-10,1.1038649217096488
2005-03-11,1.3585573140054343
2005-03-14,-0.35717987646310334
2005-03-15,-0.5798177245296907
2005-03-16,-1.5371880941126774
2005-03-17,0.2472328088877428
2005-03-18,0.4309372127712882
2005-03-21,-0.1493372382821544
2005-03-22,0.9860490869361875
2005-03-23,-0.4582834370323815
2005-03-24,0.5662335017446904
2005-03-25,0.0
2005-03-28,0.0
2005-03-29,-0.6341614730369757
2005-03-30,0.41792121747467964
2005-03-31,-0.5303071609021919
2005-04-01,0.671191061968786
2005-04-04,-0.6774578553340898
2005-04-05,0.7051403897420011
2005-04-06,0.5221454782810449
2005-04-07,0.3334473930766905
2005-04-08,0.19940727302049083
2005-04-11,0.062428237240003494
2005-04-12,-0.6073666485711272
2005-04-13,0.46916906952685833
2005-04-14,-0.4020293708570179
2005-04-15,-2.534325611159875
2005-04-18,-2.9998743909345054
2005-04-19,0.3662435036504836
2005-04-20,-0.7768347413012799
2005-04-21,-0.31700837604806636
2005-04-22,0.5930204907666956
2005-04-25,0.12820727942502547
2005-04-26,-0.2838178003438169
2005-04-27,-1.195898178830605
2005-04-28,-0.44232297265303794
2005-04-29,0.8864032963318182
2005-05-02,1.0408550833429462
2005-05-03,0.6220446356695826
2005-05-04,0.06260473417005417
2005-05-05,0.5492849254591989
2005-05-06,0.6637057675017467
2005-05-09,-0.19907244032212612
2005-05-10,-0.6898257989759048
2005-05-11,0.30428687653776304
2005-05-12,1.1869044037328245
2005-05-13,0.31856251696264526
2005-05-16,-0.7151696431260212
2005-05-17,0.0019428549703251982
2005-05-18,2.0936697552282006
2005-05-19,0.8995027598283729
2005-05-20,0.3676849703241874
2005-05-23,0.32722585161570916
2005-05-24,-0.011920100579954742
2005-05-25,-0.39085688174161604
2005-05-26,0.38220117083477245
2005-05-27,0.24317735946668553
2005-05-30,0.5757093929988368
2005-05-31,0.005673934947674603
2005-06-01,2.2735178921283494
2005-06-02,0.7630039383946369
2005-06-03,-0.663374831523803
2005-06-06,0.5831673925475017
2005-06-07,1.54919775697254
2005-06-08,-0.37576690943223107
2005-06-09,0.3058776508839049
2005-06-10,0.5645433176564109
2005-06-13,0.5054155039300806
2005-06-14,-0.5457283122182998
2005-06-15,-1.5353601976490352
2005-06-16,0.6218344966368171
2005-06-17,-0.05975817444982103
2005-06-20,-0.18887718268639175
2005-06-21,0.8924443750651601
2005-06-22,0.3687159128989564
2005-06-23,0.6383603807965234
2005-06-24,-2.287806047228715
2005-06-27,-1.050498387535486
2005-06-28,0.6683459038867418
2005-06-29,0.49070610947765103
2005-06-30,-0.2853308568495425
2005-07-01,0.8253665417983506
2005-07-04,0.4972898744214954
2005-07-05,-0.22560450314591846
2005-07-06,-0.06929648878633222
2005-07-07,-2.258205452581346
2005-07-08,1.7083542888567496
2005-07-11,1.2296909153822648
2005-07-12,-0.27820373547577926
2005-07-13,0.6107831792480581
2005-07-14,0.48189912264174534
2005-07-15,0.3863765675877638
2005-07-18,0.25539139701324315
2005-07-19,0.7295021136917115
2005-07-20,0.38758553142779806
2005-07-21,0.8127381280525952
2005-07-22,-0.04816091674263796
2005-07-25,0.43795925415229353
2005-07-26,-0.8641475953996303
2005-07-27,-0.05752804623774131
2005-07-28,-0.31280976049670783
2005-07-29,-0.4695251840081146
2005-08-01,0.3496296545972949
2005-08-02,1.053824931923707
2005-08-03,-1.1541851847110713
2005-08-04,-1.2108917798536059
2005-08-05,-0.8185930022865974
2005-08-08,0.7293890692700675
2005-08-09,1.219762885729728
2005-08-10,-0.302172444044148
2005-08-11,-0.6614647290886269
2005-08-12,-0.5850052115674849
2005-08-15,-0.8269019091000736
2005-08-16,-1.2140032945072927
2005-08-17,0.009537850584760716
2005-08-18,-0.15135876599810888
2005-08-19,1.4273205824813067
2005-08-22,0.36650338801448046
2005-08-23,-0.02649903768289597
2005-08-24,-0.45957319339150465
2005-08-25,-1.40587209424044
2005-08-26,-1.5529061814817804
2005-08-29,0.4409011762212736
2005-08-30,-0.36411452794565574
2005-08-31,0.9560981981811183
2005-09-01,0.1730005359735172
2005-09-02,0.2974347273658751
2005-09-05,1.5249859066663634
2005-09-06,0.8580635902464934
2005-09-07,1.052515849108453
2005-09-08,-0.15518920550595453
2005-09-09,0.8048239284971683
2005-09-12,-0.02128340555819762
2005-09-13,-2.1563030161016488
2005-09-14,0.06804548284849687
2005-09-15,-0.12829342160225574
2005-09-16,1.5727738121006307
2005-09-19,-0.45716068062660886
2005-09-20,1.1967365021271859
2005-09-21,-1.6263304637890093
2005-09-22,-0.8025278452147178
2005-09-23,-0.07609806011358097
2005-09-26,2.4945223408754673
2005-09-27,-0.660107771506956
2005-09-28,1.1801661929188558
2005-09-29,-0.4148529878160668
2005-09-30,0.5351259130741158
2005-10-03,0.47912783805731884
2005-10-04,1.1272814897984498
2005-10-05,-1.4478486729723612
2005-10-06,-0.8612632714330588
2005-10-07,-0.0918194088861818
2005-10-10,-0.1671238440467354
2005-10-11,0.0631617196334216
2005-10-12,-0.7620076383381057
2005-10-13,-0.07304325560661841
2005-10-14,0.09546648783858565
2005-10-17,-0.13362625008674409
2005-10-18,-0.469519003594964
2005-10-19,-1.6707629936400654
2005-10-20,-0.3936429682073469
2005-10-21,-0.5844968541981324
2005-10-24,1.1631195070764029
2005-10-25,-1.1237367951587007
2005-10-26,0.20032513540087174
2005-10-27,-1.4166999655273107
2005-10-28,0.3868606652104693
2005-10-31,1.2582998937207588
2005-11-01,-0.043414243786850035
2005-11-02,0.4093494189691605
2005-11-03,0.047953683805768296
2005-11-04,-0.937774072732604
2005-11-07,1.1399192333801027
2005-11-08,0.10745805491085923
2005-11-09,1.0843703577135961
2005-11-10,0.02056761158429826
2005-11-11,2.1646852609040623
2005-11-14,0.5630684102961818
2005-11-15,0.3209626653376291
2005-11-16,0.09697505142387815
2005-11-17,0.7278760376000821
2005-11-18,0.8642024417790233
2005-11-21,0.8838255781722313
2005-11-22,-0.39069727680385047
2005-11-23,-0.3901934958963684
2005-11-24,-0.2905882520482894
2005-11-25,0.07042279999054514
2005-11-28,-0.20179788159072867
2005-11-29,0.3094174302385809
2005-11-30,-0.03187719849369048
2005-12-01,1.3430454214041034
2005-12-02,0.8114106435621203
2005-12-05,-0.5214537896107438
2005-12-06,0.4158237162304418
2005-12-07,-0.6535667158766216
2005-12-08,0.4983357495133129
2005-12-09,0.3714833367697485
2005-12-12,0.25891928725769303
2005-12-13,0.4098099159025305
2005-12-14,0.3665445497590272
2005-12-15,-0.370819537346587
2005-12-16,1.200284092823576
2005-12-19,-0.040059036795626446
2005-12-20,0.2776950313643016
2005-12-21,0.8234367846541499
2005-12-22,-0.40819459824207793
2005-12-23,0.6748327515403374
2005-12-26,0.0
2005-12-27,0.6935545327614615
2005-12-28,0.15495903162094685
2005-12-29,0.8394851616357984
2005-12-30,-1.6663785079444076
2006-01-02,0.9539588667209011
2006-01-03,0.46843334423665395
2006-01-04,1.5226850984798763
2006-01-05,-0.6236381195070329
2006-01-06,0.5394069377354066
2006-01-09,-0.2999895861456572
2006-01-10,-1.1901086783674637
2006-01-11,-0.04009843822888676
2006-01-12,-0.25540187711456885
2006-01-13,-0.9879456744133632
2006-01-16,0.03786690899837064
2006-01-17,-1.3791281531057853
2006-01-18,-0.9054451460284505
2006-01-19,-0.2566385540517244
2006-01-20,-0.757327625835896
2006-01-23,0.01950832628496304
2006-01-24,-0.07281982481533927
2006-01-25,1.3135680086692298
2006-01-26,1.8679992753998376
2006-01-27,1.8070425083755486
2006-01-30,-0.6166381930949871
2006-01-31,0.11090682227060766
2006-02-01,0.6774383707979202
2006-02-02,-0.9354638831523666
2006-02-03,0.0471542559162282
2006-02-06,0.6431461036286942
2006-02-07,0.349032491104775
2006-02-08,-0.6660713363965147
2006-02-09,1.8236048246020329
2006-02-10,-0.3947328665909898
2006-02-13,1.427602205973629
2006-02-14,-0.07704899154707948
2006-02-15,0.017282242376924526
2006-02-16,0.39263785346347224
2006-02-17,-0.05744711854843521
2006-02-20,-0.46190953558173564
2006-02-21,-0.7529487648024661
2006-02-22,1.368892736587224
2006-02-23,0.055776250823680915
2006-02-24,0.013862279958503953
2006-02-27,0.9501243832523484
2006-02-28,-1.5600403027086425
2006-03-01,0.6684117935310908
2006-03-02,-1.020607796389471
2006-03-03,-1.2152510865890516
2006-03-06,-1.054969412306137
2006-03-07,-0.1910595299916085
2006-03-08,-1.1544011638081544
2006-03-09,2.281227401008386
2006-03-10,0.4416191988098861
2006-03-13,0.4836105365718552
2006-03-14,1.0997394349551843
2006-03-15,0.46362196756168317
2006-03-16,-0.24338257969546392
2006-03-17,-0.5641513143218124
2006-03-20,0.5650695504077334
2006-03-21,-0.20392333815762048
2006-03-22,2.0551252025226274
2006-03-23,0.9629966745031471
2006-03-24,0.8189674310402165
2006-03-27,-1.3957064408738835
2006-03-28,-0.5175270741851336
2006-03-29,-0.6351685494852432
2006-03-30,1.1796366822334605
2006-03-31,-0.18117533942885694
2006-04-03,1.0884752592969202
2006-04-04,-0.6951411329105097
2006-04-05,0.2990746087806325
2006-04-06,-0.0058026975642958365
2006-04-07,-1.4042998660238122
2006-04-10,0.8048290590904177
2006-04-11,-1.07373009322756
2006-04-12,-0.2455020924746535
2006-04-13,0.26830727731627496
2006-04-18,-0.6226453185821087
2006-04-19,1.6280098589710037
2006-04-20,1.0916099838915416
2006-04-21,0.5700654460561372
2006-04-24,0.046954093775143424
2006-04-25,-0.4772065278981891
2006-04-26,1.4074513860895477
2006-04-27,-0.35986665207519475
2006-04-28,-1.7040620342914299
2006-05-02,0.2680963229154112
2006-05-03,-1.573445043829105
2006-05-04,0.5673851441265629
2006-05-05,0.5955620772496053
2006-05-08,-0.6327276222488457
2006-05-09,0.7690660761202034
2006-05-10,-0.05598050719351697
2006-05-11,-0.9318882309846456
2006-05-12,-1.4535715814952974
2006-05-15,-1.182636867826393
2006-05-16,-0.06293715368237292
2006-05-17,-2.9557414939370554
2006-05-18,0.6728443398061326
2006-05-19,-0.0013975214301763883
2006-05-22,-1.3604604378499632
2006-05-23,1.6480614496025843
2006-05-24,-1.2821515345608832
2006-05-25,1.4084193563374885
2006-05-26,1.60257973434251
2006-05-29,-0.40892677542000616
2006-05-30,-1.331262343706076
2006-05-31,0.1841409823819325
2006-06-01,-0.3557267983463786
2006-06-02,-0.4586522318750962
2006-06-05,-0.7857335249086197
2006-06-06,-1.1712335396750113
2006-06-07,0.469939217297652
2006-06-08,-1.4413677365687754
2006-06-09,0.4802808253184838
2006-06-12,-1.1569659467565456
2006-06-13,-1.954331696774901
2006-06-14,0.9804116408865249
2006-06-15,0.0
2006-06-16,0.0
2006-06-19,2.8325278320745344
2006-06-20,0.3544481126685973
2006-06-21,0.08125848553477412
2006-06-22,0.09686542327520804
2006-06-23,-0.23505217787855692
2006-06-26,-0.4906037322455584
2006-06-27,-0.5288564935901048
2006-06-28,0.2936826068935652
2006-06-29,1.5934473358342804
2006-06-30,1.3444181253674947
2006-07-03,0.28113157501900365
2006-07-04,0.20171492048612585
2006-07-05,-1.1565814000009051
2006-07-06,0.34472813434922306
2006-07-07,0.18906161133661972
2006-07-10,0.41873571635968587
2006-07-11,-0.8294816911656866
2006-07-12,0.4907861916127754
2006-07-13,-1.0285776699347713
2006-07-14,-1.3555430741237762
2006-07-17,-0.06984472541569181
2006-07-18,-0.13760771299235036
2006-07-19,1.6994763789348069
2006-07-20,0.49981136183720304
2006-07-21,-1.0995357859329713
2006-07-24,1.4085309266678399
2006-07-25,0.4248021333652241
2006-07-26,0.012597788617178482
2006-07-27,-0.07106393232575345
2006-07-28,0.6695913165867552
2006-07-31,-0.2310858465212958
2006-08-01,-1.1463216515830317
2006-08-02,0.667020550263652
2006-08-03,-0.7959568190622051
2006-08-04,0.5501186266050877
2006-08-07,-1.7721985709964565
2006-08-08,0.31146868476037415
2006-08-09,1.0461937251434748
2006-08-10,-0.22936622030501044
2006-08-11,0.2623251867556746
2006-08-14,0.8659932237850504
2006-08-15,1.0383140016637984
2006-08-16,0.43124709388464416
2006-08-17,0.3227676056038407
2006-08-18,-0.00556590543223413
2006-08-21,-0.589176359465144
2006-08-22,0.550943191564509
2006-08-23,-0.43665098134723135
2006-08-24,0.4911179465024613
2006-08-25,-0.24643228722355756
2006-08-28,0.4981403220701529
2006-08-29,-0.21397462678793197
2006-08-30,0.04717727794553247
2006-08-31,-0.4263524907190899
2006-09-01,-0.009784527961150329
2006-09-04,0.6349953022612421
2006-09-05,-0.5803803188995663
2006-09-06,-1.342482748953086
2006-09-07,-0.8759305753794095
2006-09-08,0.19287282637480027
2006-09-11,0.2322820943094566
2006-09-12,1.6528732632056449
2006-09-13,0.49266356897685126
2006-09-14,-0.0740811558514065
2006-09-15,0.4951193622911865
2006-09-18,-0.6646447818877751
2006-09-19,0.057946217432140054
2006-09-20,0.6169568992070132
2006-09-21,0.9977173512922012
2006-09-22,-1.6593953838681044
2006-09-25,0.8042269869647125
2006-09-26,1.3128459791982314
2006-09-27,0.1928688486462545
2006-09-28,0.6275601412229119
2006-09-29,0.8615986323509721
2006-10-02,-0.5755165948635499
2006-10-03,-0.22731174958217265
2006-10-04,0.43626680255019856
2006-10-05,0.161676429683088
2006-10-06,-0.2595133277174399
2006-10-09,-0.27281000576605946
2006-10-10,0.1419370542409931
2006-10-11,-0.4792020936130406
2006-10-12,0.28408415093428574
2006-10-13,0.7052485991568997
2006-10-16,0.7353022143092037
2006-10-17,-0.8655952471021174
2006-10-18,1.7521665747932313
2006-10-19,1.052702236436945
2006-10-20,0.9911665363256094
2006-10-23,-0.011518063858568033
2006-10-24,0.08654469652652529
2006-10-25,0.4314064011465722
2006-10-26,-0.046375171999446234
2006-10-27,-0.799163842585883
2006-10-30,-0.9562285491032616
2006-10-31,0.24481099952444202
2006-11-01,0.8728524353690849
2006-11-02,-1.5214372742436586
2006-11-03,0.2807422988471166
2006-11-06,1.3411671937916954
2006-11-07,-0.12672147629077438
2006-11-08,-0.5887081551780146
2006-11-09,1.4474981928038224
2006-11-10,0.3277569029249605
2006-11-13,0.10331724602975861
2006-11-14,-0.24270923337988434
2006-11-15,1.0548546799325205
2006-11-16,0.23881246901730704
2006-11-17,-0.7885776031804668
2006-11-20,0.44953418338472445
2006-11-21,-0.4703052575068622
2006-11-22,-0.408488537731642
2006-11-23,0.156083288359399
2006-11-24,-2.5163809665468184
2006-11-27,-1.0082759270678552
2006-11-28,-0.3356095128847663
2006-11-29,0.6628421714203502
2006-11-30,-1.4412418774727793
2006-12-01,-0.8467716429806328
2006-12-04,0.5490166452337871
2006-12-05,1.5321425900907375
2006-12-06,-0.7240570671318602
2006-12-07,0.6119605060891427
2006-12-08,0.3425347261852339
2006-12-11,0.3827777904334833
2006-12-12,0.4235872133011957
2006-12-13,0.8017453609233482
2006-12-14,0.41127893731113413
2006-12-15,-0.07777485894200073
2006-12-18,-0.027668315331533126
2006-12-19,-0.840567725950563
2006-12-20,0.9383184838760529
2006-12-21,-0.08176138258248353
2006-12-22,-1.350432052903218
2006-12-27,1.8557928625634907
2006-12-28,0.3844147252640143
2006-12-29,-0.1496213074265373
2007-01-02,1.0127431485649372
2007-01-03,0.15059881509107856
2007-01-04,-0.4211835727134676
2007-01-05,-0.5434372188319712
2007-01-08,-0.7924694921864857
2007-01-09,0.5156923786691048
2007-01-10,0.1676004177125228
2007-01-11,1.7261088139236909
2007-01-12,1.355948633499632
2007-01-15,0.13082366853896163
2007-01-16,-0.15770435666679444
2007-01-17,1.1953030227024248
2007-01-18,0.7561830716768113
2007-01-19,0.13172928734766642
2007-01-22,-1.0181836054423392
2007-01-23,0.2552037703085491
2007-01-24,1.8123453720718472
2007-01-25,0.6077829673123268
2007-01-26,0.3099021524561635
2007-01-29,1.0604448194704603
2007-01-30,1.3092371683247852
2007-01-31,0.6086434155604195
2007-02-01,0.6067767191986133
2007-02-02,-0.2871388808096363
2007-02-05,-0.6079238813278762
2007-02-06,-0.8738869324827505
2007-02-07,-0.18819258112477502
2007-02-08,-1.5543101288580603
2007-02-09,1.0351738302206859
2007-02-12,-0.3809358376000887
2007-02-13,1.3765620037518789
2007-02-14,0.40972886323848023
2007-02-15,-0.6444940179451769
2007-02-16,-0.11966998159093054
2007-02-19,0.5070500705925424
2007-02-20,-0.8133009857984675
2007-02-21,-0.41141944851381457
2007-02-22,0.20245188065167044
2007-02-23,-0.18429607269774187
2007-02-26,0.34957481684581554
2007-02-27,-2.7143680280687144
2007-02-28,-1.0593541861196007
2007-03-01,-1.719077304013419
2007-03-02,-0.16172869648078064
2007-03-05,-1.4516537757863686
2007-03-06,0.8760731355745501
2007-03-07,0.23830446585673531
2007-03-08,1.533221238096056
2007-03-09,-0.21084380524634785
2007-03-12,0.9797506399102409
2007-03-13,-1.3530687634875664
2007-03-14,-2.350793654491394
2007-03-15,1.6389742271591308
2007-03-16,0.1584395620153285
2007-03-19,0.2173605959933715
2007-03-20,0.35971924830820445
2007-03-21,0.7489900988976321
2007-03-22,1.5230774405684147
2007-03-23,0.459247508756529
2007-03-26,-0.5237331236589784
2007-03-27,-0.056035503175755584
2007-03-28,-0.5374530246616414
2007-03-29,1.0814440225495752
2007-03-30,0.40159923365086586
2007-04-02,-0.20333598167339756
2007-04-03,0.7533665769635972
2007-04-04,1.144980749265231
2007-04-05,0.3931028733400555
2007-04-10,1.1971344687145222
2007-04-11,-0.6708914031432344
2007-04-12,-0.7959228052351258
2007-04-13,1.171998285429657
2007-04-16,0.649027697313064
2007-04-17,-0.2023308162120182
2007-04-18,-1.1386098886915341
2007-04-19,-0.058957174439729074
2007-04-20,1.5298280589967326
2007-04-23,0.8781202133726116
2007-04-24,-0.5436526534138609
2007-04-25,0.6550815278554734
2007-04-26,1.168351893818263
2007-04-27,-0.44898853434307356
2007-04-30,-0.022492950294220396
2007-05-02,1.0426592662457117
2007-05-03,0.9857953266847442
2007-05-04,0.5812583492918268
2007-05-07,-0.34418004926433526
2007-05-08,-1.5220307078373354
2007-05-09,0.2316765343389975
2007-05-10,0.28429834999305414
2007-05-11,0.7922451448589244
2007-05-14,-0.6923485646890049
2007-05-15,1.039065971130184
2007-05-16,-0.1682136182226733
2007-05-17,-0.2954299430649055
2007-05-18,2.5598596672756675
2007-05-21,0.7823295438450264
2007-05-22,0.275147395692718
2007-05-23,0.09459927670672337
2007-05-24,0.5078120831061127
2007-05-25,0.6043034646268457
2007-05-29,0.6336217279607673
2007-05-30,-0.7300307672549428
2007-05-31,0.6789493749340944
2007-06-01,1.2516314090989447
2007-06-04,-0.23081868554671478
2007-06-05,-0.575570408080701
2007-06-06,-2.4304453716110803
2007-06-07,-1.0524592845876088
2007-06-08,-0.571602033322246
2007-06-11,1.4826802235725645
2007-06-12,0.35475535277407344
2007-06-13,0.704120893807728
2007-06-14,2.632479698681667
2007-06-15,1.524830425351576
2007-06-18,-0.48403447668641664
2007-06-19,0.17792410296935746
2007-06-20,0.278262597479759
2007-06-21,-1.1245910269748949
2007-06-22,-0.07417968383152608
2007-06-25,-0.10888361161877173
2007-06-26,-0.47367000955172756
2007-06-27,-0.6589532803970676
2007-06-28,1.2096035898946196
2007-06-29,0.2884367374058901
2007-07-02,-0.23699986530633077
2007-07-03,1.3218268833334375
2007-07-04,0.7572562922334499
2007-07-05,-0.8192185766609877
2007-07-06,0.5097701936993699
2007-07-09,0.1966861600803683
2007-07-10,-1.971001215945105
2007-07-11,-0.32649162899772516
2007-07-12,1.7990118479044037
2007-07-13,0.2891609707103695
2007-07-16,0.4366995147521219
2007-07-17,-0.974845626405432
2007-07-18,-1.4945841171943055
2007-07-19,0.8005741493106551
2007-07-20,-1.259661461515524
2007-07-23,0.6446130548608184
2007-07-24,-1.3076073163672985
2007-07-25,-2.2139240217286784
2007-07-26,-2.265752260912862
2007-07-27,-0.2218932802799612
2007-07-30,0.2664215059976825
2007-07-31,0.508057144068321
2007-08-01,-1.251929462525743
2007-08-02,-0.012621778928107218
2007-08-03,-0.8142997912918426
2007-08-06,0.4771623493101397
2007-08-07,0.23922009670013053
2007-08-08,1.7506195221496765
2007-08-09,-1.0308500121063398
2007-08-10,-0.2112904987890938
2007-08-13,0.15170716502040454
2007-08-14,-0.5430723285185134
2007-08-15,1.1212007200402387
2007-08-16,-1.658324618921165
2007-08-17,0.5205718580882235
2007-08-20,0.403485954985497
2007-08-21,0.8581200013580842
2007-08-22,0.5716706304820526
2007-08-23,-0.13298507042288055
2007-08-24,0.3834880021958437
2007-08-27,-0.6046816643094615
2007-08-28,-0.9011105432926938
2007-08-29,-0.30243386492151236
2007-08-30,1.1535007814496496
2007-08-31,1.5020086208163208
2007-09-03,0.08812563424711056
2007-09-04,0.8820457621440398
2007-09-05,-1.2385059009539612
2007-09-06,0.1137392095105942
2007-09-07,-2.8327731109017473
2007-09-10,-0.5714916744075201
2007-09-11,0.880370382193434
2007-09-12,-0.2896025426706948
2007-09-13,0.30614177676799476
2007-09-14,-0.3689581618218123
2007-09-17,-0.4515033982805368
2007-09-18,1.0438257173974745
2007-09-19,1.9693734261807885
2007-09-20,-0.39656345049812813
2007-09-21,0.3667888722226715
2007-09-24,1.005884893990761
2007-09-25,-0.3825590224346048
2007-09-26,0.599307890130599
2007-09-27,0.027745785474149253
2007-09-28,-0.46897992629286517
2007-10-01,0.8326493473703827
2007-10-02,0.2797289673790511
2007-10-03,-0.38302274639017914
2007-10-04,0.15394682716748073
2007-10-05,0.6847660505386258
2007-10-08,-0.23726043853454928
2007-10-09,-0.0749809565500163
2007-10-10,-0.001356111610871377
2007-10-11,1.139425105829561
2007-10-12,0.06642995098642965
2007-10-15,-1.0069834153515507
2007-10-16,-0.5267325052519591
2007-10-17,0.22439034371140762
2007-10-18,-0.3702296273118759
2007-10-19,-0.04408561221977277
2007-10-22,-1.8880645677962034
2007-10-23,0.8198356631859636
2007-10-24,-0.8980961948485832
2007-10-25,0.8928373581207811
2007-10-26,0.06797811653868971
2007-10-29,0.8437153822408177
2007-10-30,-0.8678722045185815
2007-10-31,0.577946930029795
2007-11-01,-2.3966496560722126
2007-11-02,0.2600005803971949
2007-11-05,0.8143841609890206
2007-11-06,-0.7574773043538265
2007-11-07,-1.044877658755984
2007-11-08,1.694093425869327
2007-11-09,-0.24074199728465773
2007-11-12,-0.4280604591666673
2007-11-13,0.09327705075304703
2007-11-14,0.37840484349970416
2007-11-15,-1.2087933185231556
2007-11-16,-0.9123774037011226
2007-11-19,-1.4868525592081037
2007-11-20,1.4551526021204348
2007-11-21,-0.9720076211072703
2007-11-22,1.1823113043364852
2007-11-23,0.4216417420747351
2007-11-26,-0.759485677198353
2007-11-27,-0.12065098067708843
2007-11-28,1.1727491386031692
2007-11-29,0.6691544755115971
2007-11-30,1.0739991807371034
2007-12-03,-0.6569881461695134
2007-12-04,-0.14286808010361868
2007-12-05,1.5666731026242935
2007-12-06,0.12880585707959422
2007-12-07,0.27892279402117126
2007-12-10,1.1861583072523023
2007-12-11,-0.21263259551558916
2007-12-12,0.7064699111344093
2007-12-13,-1.6068176296341252
2007-12-14,0.4088722667263512
2007-12-17,-1.7962434481321001
2007-12-18,0.7512582727850968
2007-12-19,0.415690585943795
2007-12-20,0.4377226390398873
2007-12-21,2.7868941936543234
2007-12-27,-0.26017369403116447
2007-12-28,0.3629961614841418
2008-01-02,-0.5291603266129693
2008-01-03,-0.5157921911981815
2008-01-04,-1.0571141208996815
2008-01-07,0.6671115816057366
2008-01-08,1.0498907137793638
2008-01-09,-1.2337452649836609
2008-01-10,-0.8102190763339308
2008-01-11,0.12201455373204785
2008-01-14,-0.11073780038273454
2008-01-15,-1.7838102834739449
2008-01-16,-1.1693396152510718
2008-01-17,-1.645683791143701
2008-01-18,-0.7032184732090235
2008-01-21,-4.586758138815396
2008-01-22,0.04006886297910955
2008-01-23,-1.9964356080669212
2008-01-24,1.730270177757397
2008-01-25,0.16963881044716642
2008-01-28,-0.060359372216762706
2008-01-29,0.5428195880439712
2008-01-30,-0.06618537275483848
2008-01-31,0.14433987990012948
2008-02-01,0.8469847669254607
2008-02-04,0.9135648088036957
2008-02-05,-2.48622849700815
2008-02-06,0.26867151549098467
2008-02-07,-0.9600924616667019
2008-02-08,0.25023193237609215
2008-02-11,-0.019441313188181358
2008-02-12,1.92640396098902
2008-02-13,0.04617073498139218
2008-02-14,-0.0007710536323996553
2008-02-15,-0.9910132886214341
2008-02-18,0.2519402945847496
2008-02-19,0.41865449652623205
2008-02-20,-0.7471787595171017
2008-02-21,0.11629403937253455
2008-02-22,-0.8503309808640535
2008-02-25,0.7689338177104721
2008-02-26,1.1862478104893894
2008-02-27,0.06928250333498064
2008-02-28,-1.6114553094308326
2008-02-29,-1.139119791988648
2008-03-03,-0.30684698552135914
2008-03-04,-1.8772650920254448
2008-03-05,0.897135896913546
2008-03-06,-0.8947014099420257
2008-03-07,-0.6720118098129946
2008-03-10,-0.7847944611767589
2008-03-11,0.4184384239082144
2008-03-12,0.6274356821315021
2008-03-13,-0.9124822233606298
2008-03-14,-0.3743705310947043
2008-03-17,-4.198639641808081
2008-03-18,1.806504539172357
2008-03-19,0.1527565611934809
2008-03-20,-0.5705659515504966
2008-03-25,1.0126908756209645
2008-03-26,-0.16488914403148075
2008-03-27,0.47823880837608634
2008-03-28,-0.23779309628601142
2008-03-31,0.10477242956264814
2008-04-01,1.4099995270317192
2008-04-02,0.05629579147221839
2008-04-03,-0.2565521258433069
2008-04-04,-0.08689949657141226
2008-04-07,0.40812035519284545
2008-04-08,-0.11450934186698603
2008-04-09,0.03316841827287724
2008-04-10,-0.30610614754570437
2008-04-11,-1.5202319352301568
2008-04-14,-0.5899588087501646
2008-04-15,0.22936083165620708
2008-04-16,0.5670971763167669
2008-04-17,0.04561974669415224
2008-04-18,1.3276129285749247
2008-04-21,-0.2651011677801935
2008-04-22,-0.9691900227019035
2008-04-23,0.9635217483241709
2008-04-24,0.4485314331050015
2008-04-25,1.6205765056065107
2008-04-28,0.20363720024143248
2008-04-29,-0.5026760668354853
2008-04-30,0.976325279733398
2008-05-02,1.1036114953083573
2008-05-05,0.09256620321047615
2008-05-06,-0.0027459214261944826
2008-05-07,0.6770640256085871
2008-05-08,0.30240192068285815
2008-05-09,-0.936442969587279
2008-05-12,0.06822417949399236
2008-05-13,0.43691681996545323
2008-05-14,-0.09339955982176747
2008-05-15,-0.563759235297494
2008-05-16,0.8841516733159125
2008-05-19,0.311610730634806
2008-05-20,-1.4594824020898236
2008-05-21,-1.5521338956752733
2008-05-22,0.8334541005303976
2008-05-23,-1.2030246567436653
2008-05-26,-0.02280109282815646
2008-05-27,0.42100863321370074
2008-05-28,1.4553345036632712
2008-05-29,0.4711964054846394
2008-05-30,0.9946884088353344
2008-06-02,-1.6060562976277641
2008-06-03,0.3677575867368138
2008-06-04,-0.45045909658531524
2008-06-05,-0.4523352329254263
2008-06-06,-1.9487387674209697
2008-06-09,0.1881732070713311
2008-06-10,0.031109272691453704
2008-06-11,-1.6153096787922414
2008-06-12,0.8113249235254315
2008-06-13,0.6357271635077972
2008-06-16,-0.8668326914211175
2008-06-17,1.1063091376912564
2008-06-18,-1.246218050875012
2008-06-19,0.07536655751811304
2008-06-20,-1.867955396473758
2008-06-23,0.7003713900642616
2008-06-24,-0.809454856669946
2008-06-25,0.6288480859860359
2008-06-26,-1.795224105837986
2008-06-27,0.1918857962825168
2008-06-30,0.26725924649916405
2008-07-01,-0.8679667300846146
2008-07-02,-0.8850063281193983
2008-07-03,0.5144191710636306
2008-07-04,-0.3796827711850989
2008-07-07,2.0278172699979047
2008-07-08,-0.2709377608309139
2008-07-09,1.0475389751648354
2008-07-10,-0.8206766243222514
2008-07-11,-1.7805944122427195
2008-07-14,0.23623259259332416
2008-07-15,-1.1294094090039049
2008-07-16,0.5969586574859395
2008-07-17,1.080237049655802
2008-07-18,1.329440585054016
2008-07-21,0.3242613854403188
2008-07-22,0.45035427744765394
2008-07-23,0.7328955700153242
2008-07-24,-1.4432125253860344
2008-07-25,1.2050052510244154
2008-07-28,-0.9406231160481413
2008-07-29,-0.08182355184771721
2008-07-30,0.7443831369973417
2008-07-31,0.3125111420150088
2008-08-01,-1.9578715721588844
2008-08-04,-0.8329702489949175
2008-08-05,1.5398650354145567
2008-08-06,0.3437133981697368
2008-08-07,-0.05581867491570258
2008-08-08,0.9686139419477947
2008-08-11,0.8755655211435279
2008-08-12,-0.18669603766861442
2008-08-13,-2.3366703696744806
2008-08-14,-0.005268726065240125
2008-08-15,0.568874167306527
2008-08-18,-0.16312932942316227
2008-08-19,-1.5734075691129172
2008-08-20,0.3833600785278131
2008-08-21,-1.3468261292803452
2008-08-22,1.132722009464695
2008-08-25,-0.8494638289716586
2008-08-26,0.18738761718038752
2008-08-27,-0.13865008491417322
2008-08-28,1.1948387640801796
2008-08-29,-0.47900004777270244
2008-09-01,0.4239896029900467
2008-09-02,1.5196671367016872
2008-09-03,-0.7955280596050415
2008-09-04,-2.212777850087827
2008-09-05,-1.3757956252225203
2008-09-08,1.3105285639568705
2008-09-09,0.12814015394489509
2008-09-10,-0.012385378361277889
2008-09-11,-0.3982439242651022
2008-09-12,0.8620138055121204
2008-09-15,-0.41457400686156354
2008-09-16,-0.6275749376005725
2008-09-17,-1.3480453987398413
2008-09-18,-0.06820902293221573
2008-09-19,5.3064365593580485
2008-09-22,-1.6140189589287408
2008-09-23,-0.20511251899972524
2008-09-24,-0.42055024884783726
2008-09-25,0.44469698064268404
2008-09-26,-0.8569917589903153
2008-09-29,-1.164870544468888
2008-09-30,0.057537224254395024
2008-10-01,-0.8802214831313515
2008-10-02,-2.1194523073718083
2008-10-03,1.1428556633041036
2008-10-06,-2.2171979109676743
2008-10-07,-0.1976363690639517
2008-10-08,-2.9590144464900847
2008-10-09,-0.5082893819222786
2008-10-10,-2.356952874435773
2008-10-13,2.2161792066350383
2008-10-14,0.7094536861637681
2008-10-15,-2.463672633639552
2008-10-16,-1.2122083320153032
2008-10-17,0.7501283290071005
2008-10-20,0.7780962339910793
2008-10-21,0.6237123895935842
2008-10-22,-1.0545226164780943
2008-10-23,-0.45798004353560684
2008-10-24,-1.120187701073382
2008-10-27,-1.903701561130959
2008-10-28,-0.06073125330128084
2008-10-29,2.802680844820189
2008-10-30,0.1941216249482829
2008-10-31,0.5389835765334591
2008-11-03,0.3215220547095434
2008-11-04,1.1610110787677341
2008-11-05,-0.3864303104416738
2008-11-06,-1.4466028347611561
2008-11-07,0.3157536621429535
2008-11-10,0.5630843381045763
2008-11-11,-1.3473231627161022
2008-11-12,-0.5004022569329215
2008-11-13,0.7455615019941798
2008-11-14,-0.13913791088156663
2008-11-17,-0.024079836385628606
2008-11-18,0.05996266509693885
2008-11-19,-1.6593662158326383
2008-11-20,-0.2650976784420209
2008-11-21,-0.502626992641713
2008-11-24,2.52619126201506
2008-11-25,0.23685226044852029
2008-11-26,-0.09049153880464911
2008-11-27,0.6613467384496655
2008-11-28,-0.6719646716889743
2008-12-01,-1.0204572488588985
2008-12-02,0.6807462680889229
2008-12-03,0.49569562434932096
2008-12-04,0.2338464211710792
2008-12-05,-1.5380747629902205
2008-12-08,1.6710069875336142
2008-12-09,0.6095876268383663
2008-12-10,0.12932035495590638
2008-12-11,-0.27151212232143335
2008-12-12,-0.393426579603824
2008-12-15,-0.08836628644570098
2008-12-16,0.4147510898451711
2008-12-17,0.13468131616686438
2008-12-18,0.41625348274759827
2008-12-19,0.01745917339999079
2008-12-22,-0.682943576394865
2008-12-23,-0.030119192821529788
2008-12-29,0.5037791933617567
2008-12-30,0.7110420637287586
2009-01-02,1.3334481288566153
2009-01-05,-0.3645331625263037
2009-01-06,0.613486083645899
2009-01-07,-0.23181761856573221
2009-01-08,-0.4931638421600069
2009-01-09,-0.23644651661142652
2009-01-12,-0.45009344229943704
2009-01-13,-1.066877361198748
2009-01-14,-2.654100714946062
2009-01-15,-0.24325236126829322
2009-01-16,0.08092561925993673
2009-01-19,-0.2399699048518977
2009-01-20,-0.780950738667471
2009-01-21,0.6748405527487543
2009-01-22,-0.7340795445025408
2009-01-23,-0.7972040445961692
2009-01-26,1.0713743277259846
2009-01-27,0.277090920286763
2009-01-28,1.77819626103884
2009-01-29,-0.8601768526161092
2009-01-30,-0.5403847387541986
2009-02-02,-0.794977301382207
2009-02-03,0.7785662534140684
2009-02-04,1.506918938040029
2009-02-05,0.46025578012488844
2009-02-06,2.816202851662404
2009-02-09,0.3278545111217363
2009-02-10,-1.0764304341385802
2009-02-11,0.6122847799959942
2009-02-12,-0.5495694318086077
2009-02-13,0.6141320153229449
2009-02-16,-0.27281517394816246
2009-02-17,-1.6580417385838837
2009-02-18,-0.0037486704440212746
2009-02-19,0.21899885056193233
2009-02-20,-1.7837136739712496
2009-02-23,-0.99974995218266
2009-02-24,-0.9040802398089434
2009-02-25,0.10805920878263177
2009-02-26,0.36213724444114526
2009-02-27,-1.0321370316213807
2009-03-02,-1.4944218373870024
2009-03-03,-0.3112771223517107
2009-03-04,2.4573325747007013
2009-03-05,-1.96764578859526
2009-03-06,-0.21367110477659554
2009-03-09,0.5925054451162002
2009-03-10,2.3119586693989826
2009-03-11,0.7272465846147562
2009-03-12,0.5669489129068378
2009-03-13,-0.6923066107608085
2009-03-16,0.06391939287723074
2009-03-17,-1.013565013401046
2009-03-18,-0.1271793661668667
2009-03-19,-0.18320242319581373
2009-03-20,1.5649272100906673
2009-03-23,0.8702180880764439
2009-03-24,0.04252447033038819
2009-03-25,-0.5808521051301286
2009-03-26,0.021447774842414603
2009-03-27,0.25816801225593433
2009-03-30,-2.4604153524430665
2009-03-31,0.49745997261212815
2009-04-01,0.44507576936615667
2009-04-02,2.757223710345824
2009-04-03,0.6358662088477491
2009-04-06,-1.1842820880180633
2009-04-07,-0.6830381356668042
2009-04-08,0.551109810939315
2009-04-09,1.0074132834459142
2009-04-14,-0.001669766827740117
2009-04-15,0.09031807874767063
2009-04-16,0.5791693820205703
2009-04-17,0.6615119361948016
2009-04-20,-1.2827457004318947
2009-04-21,0.3311310284489598
2009-04-22,0.7589480538515394
2009-04-23,-0.46416950128486045
2009-04-24,1.273351076104877
2009-04-27,-0.06958713539515388
2009-04-28,-1.1904353836316504
2009-04-29,1.0066073942911784
2009-04-30,-0.24621893893532754
2009-05-04,0.9753640617417727
2009-05-05,-0.04612751901590553
2009-05-06,0.655734642262097
2009-05-07,-0.7185313190052443
2009-05-08,-0.06568909483994433
2009-05-11,-0.9181521454334727
2009-05-12,-0.41545022987652785
2009-05-13,-1.430636291378981
2009-05-14,1.0566305115857306
2009-05-15,0.06372294272551088
2009-05-18,1.089671233346461
2009-05-19,1.8629011092834715
2009-05-20,0.9494165118230119
2009-05-21,-1.4895289638933287
2009-05-22,-0.295043192355394
2009-05-25,-0.07166565028003521
2009-05-26,0.6926265084221093
2009-05-27,0.43563440495141587
2009-05-28,-1.176836174857239
2009-05-29,0.2125707227325849
2009-06-01,2.1047895525492586
2009-06-02,0.1313888148652693
2009-06-03,-0.2592946746349728
2009-06-04,0.49920348305457746
2009-06-05,0.6084062445780424
2009-06-08,-0.5605799918017759
2009-06-09,0.026845249392805345
2009-06-10,0.9439310590267267
2009-06-11,0.679856754904076
2009-06-12,-0.3178237417740965
2009-06-15,-2.647829319165437
2009-06-16,0.09869053938450909
2009-06-17,-0.805538777269358
2009-06-18,0.10354278757798174
2009-06-19,-0.25664265958327637
2009-06-22,-1.8736155640525682
2009-06-23,-0.36486143297311713
2009-06-24,1.028681199700415
2009-06-25,-0.24122032821266046
2009-06-26,-0.1402213701921537
2009-06-29,0.9641645785471786
2009-06-30,-0.7912689604710582
2009-07-01,1.1137512114742245
2009-07-02,-2.342819564895655
2009-07-03,-0.12558073665640435
2009-07-06,-0.863276129601763
2009-07-07,-0.5749293175918319
2009-07-08,-0.5525206720847158
2009-07-09,0.9713322857224372
2009-07-10,-0.5291278097102124
2009-07-13,2.1893357324131384
2009-07-14,0.8148976055908272
2009-07-15,0.8898331506291267
2009-07-16,0.2793491815326449
2009-07-17,0.924033297857057
2009-07-20,0.07697789328280819
2009-07-21,1.5029915773162292
2009-07-22,0.5029070533773268
2009-07-23,0.7971771011411578
2009-07-24,-0.005043821024330347
2009-07-27,0.08169821482512772
2009-07-28,-0.28516447277359336
2009-07-29,1.259178032315741
2009-07-30,0.4754289379789668
2009-07-31,-0.2145185142158164
2009-08-03,0.7725868345847126
2009-08-04,-0.39331036982798984
2009-08-05,-0.6968853905020764
2009-08-06,0.31385193526412886
2009-08-07,0.5367483693860239
2009-08-10,0.01427715505050433
2009-08-11,-1.2811458717685185
2009-08-12,0.5470184198564957
2009-08-13,0.9527212572522713
2009-08-14,-0.6626306264180303
2009-08-17,0.47468885766451024
2009-08-18,0.11919814693669191
2009-08-19,0.03994768171582815
2009-08-20,0.8625347421697178
2009-08-21,1.5006319002932966
2009-08-24,-0.05109556030587497
2009-08-25,1.0983472638456229
2009-08-26,-0.37398854744817034
2009-08-27,-0.8803187609249395
2009-08-28,0.6444264943617687
2009-08-31,-0.4835473745323733
2009-09-01,-1.6271114473953896
2009-09-02,-0.19284380547307708
2009-09-03,-0.21479879283185221
2009-09-04,1.9170356606592238
2009-09-07,0.9636520749922916
2009-09-08,-0.04643985619015994
2009-09-09,2.410344498033914
2009-09-10,0.37310512222469017
2009-09-11,-0.1728823906748902
2009-09-14,0.7423672055149968
2009-09-15,0.032035489565946616
2009-09-16,0.48129568622601054
2009-09-17,-0.45483584867446497
2009-09-18,-0.29747695355139075
2009-09-21,3.263826356584251
2009-09-22,0.24165413837067903
2009-09-23,-0.4886881366940758
2009-09-24,-1.0334928365105973
2009-09-25,-0.5191619944584742
2009-09-28,2.228121373496409
2009-09-29,-0.3921383461427661
2009-09-30,-1.5469208369401826
2009-10-01,-1.3745246547503578
2009-10-02,-0.9814040035723995
2009-10-05,0.40846297124973924
2009-10-06,1.6536513076153079
2009-10-07,-0.22922354093455685
2009-10-08,0.9118366907370145
2009-10-09,-0.15300307260548285
2009-10-12,1.4073559876813693
2009-10-13,-0.7542991525029327
2009-10-14,2.0138999111590903
2009-10-15,-0.36885236570104846
2009-10-16,-1.1509759847236831
2009-10-19,1.4594579155171556
2009-10-20,-0.2565973120772172
2009-10-21,0.5157785453425073
2009-10-22,-0.4820068996947572
2009-10-23,-0.0805596547531663
2009-10-26,-0.3855534595781428
2009-10-27,-0.2996185108521097
2009-10-28,-1.637382130782267
2009-10-29,1.0428709238356915
2009-10-30,-1.7276010780317212
2009-11-02,0.20872425581121826
2009-11-03,-1.6817030905530361
2009-11-04,0.6745937457630612
2009-11-05,0.9264015114527581
2009-11-06,0.23894023996824987
2009-11-09,1.2246013564723501
2009-11-10,-0.4256032928841218
2009-11-11,0.44821701814786785
2009-11-12,0.45295631804912645
2009-11-13,0.32069153818148743
2009-11-16,1.5738828683252775
2009-11-17,-0.25393551544782716
2009-11-18,-0.08313935711246553
2009-11-19,-0.9460534669886622
2009-11-20,-0.5863095101083615
2009-11-23,1.4550512023236999
2009-11-24,-0.3501017356129663
2009-11-25,0.03587750277255138
2009-11-26,-2.0922038032026515
2009-11-27,0.8302588883252146
2009-11-30,-0.7438543402997745
2009-12-01,1.6963524946691937
2009-12-02,0.02490663943495253
2009-12-03,-0.6464990793144731
2009-12-04,0.2852588361072289
2009-12-07,-0.7173125072791382
2009-12-08,-0.7663618371176198
2009-12-09,-0.7000963500311996
2009-12-10,0.6844278851731923
2009-12-11,0.571721799560287
2009-12-14,-0.41992389020737214
2009-12-15,0.10206555474852452
2009-12-16,1.0118732859652833
2009-12-17,-0.2360227022381663
2009-12-18,-0.40335149780039103
2009-12-21,1.2867448854808476
2009-12-22,0.27240259208581796
2009-12-23,0.19771930345252847
2009-12-28,0.44693719273101457
2009-12-29,0.16205093734173506
2009-12-30,-0.720098154302536
2010-01-04,0.9763657370418084
2010-01-05,-0.2695753603732711
2010-01-06,0.360233935115081
2010-01-07,0.2160718918252991
2010-01-08,-0.4819940995215548
2010-01-11,-0.38429295815383535
2010-01-12,-1.597090915075357
2010-01-13,0.9750970691954362
2010-01-14,0.8298633453162894
2010-01-15,-1.46801374096103
2010-01-18,1.107588826151841
2010-01-19,0.904664512215892
2010-01-20,-1.8067707622590732
2010-01-21,-2.208942294134448
2010-01-22,-0.16591757847327482
2010-01-25,-0.9662297663195596
2010-01-26,1.545317691542732
2010-01-27,-0.2930019271483056
2010-01-28,-1.4378909375886055
2010-01-29,1.1450188773993148
2010-02-01,0.13800054909381776
2010-02-02,0.6088133242602233
2010-02-03,-0.5491748703411377
2010-02-04,-1.9466012944275093
2010-02-05,-1.4390034752810532
2010-02-08,0.6132325688241762
2010-02-09,0.27376924656783025
2010-02-10,0.2611306960835444
2010-02-11,-0.005886030681239455
2010-02-12,-0.354724895188942
2010-02-15,-0.05838637954905993
2010-02-16,1.2486249028353575
2010-02-17,0.6609059952937801
2010-02-18,0.32878084286081605
2010-02-19,1.0313062438896206
2010-02-22,-0.5349889901492197
2010-02-23,-1.2649454312571882
2010-02-24,0.0468675115487975
2010-02-25,-1.1566736370460728
2010-02-26,0.2519985617659912
2010-03-01,2.238855869075641
2010-03-02,1.3231414429264265
2010-03-03,1.0990787817271996
2010-03-04,-0.5249170630511305
2010-03-05,1.169463433011467
2010-03-08,-0.5777677275966082
2010-03-09,0.31983284491773956
2010-03-10,0.4490268825850573
2010-03-11,-0.2135238460625959
2010-03-12,0.23550464117738554
2010-03-15,-0.3560100939963755
2010-03-16,1.2058181984528304
2010-03-17,0.4510639820342556
2010-03-18,-0.6967279493993689
2010-03-19,-0.5053139273054406
2010-03-22,0.26108613043687673
2010-03-23,0.5975867347287164
2010-03-24,0.07045221083559532
2010-03-25,1.7588847608521503
2010-03-26,-0.3798067156381331
2010-03-29,0.5351094931766429
2010-03-30,-0.8392981617099546
2010-03-31,0.6646169089642285
2010-04-01,1.7225064316126346
2010-04-06,-0.16648259151587091
2010-04-07,-0.9739189996379487
2010-04-08,-0.43568382096887226
2010-04-09,0.7859852822145692
2010-04-12,0.042942233839313934
2010-04-13,-0.025931227589459347
2010-04-14,-0.024895014561603326
2010-04-15,-0.6070245920796016
2010-04-16,-0.816406171742984
2010-04-19,0.3354349212251736
2010-04-20,2.4638835043637357
2010-04-21,-0.5213938854024465
2010-04-22,-1.1077611567896128
2010-04-23,2.270757139999484
2010-04-26,1.5158174402234732
2010-04-27,-1.9164071089578623
2010-04-28,-0.6399380011053283
2010-04-29,-0.23804510646592283
2010-04-30,0.22856944911923574
2010-05-03,0.006814418174476497
2010-05-04,-2.43738399963593
2010-05-05,0.2160051022806493
2010-05-06,0.39024917414404076
2010-05-07,-1.8605360028269913
2010-05-10,3.3641733569166368
2010-05-11,0.6472447713767293
2010-05-12,0.8314408914213234
2010-05-13,0.7337469665293503
2010-05-14,-1.6845763415384942
2010-05-17,0.20381368308494785
2010-05-18,0.8754794660243691
2010-05-19,-1.6497680765806195
2010-05-20,-1.1030424089247512
2010-05-21,-0.4269665091348687
2010-05-24,-0.08773795433192165
2010-05-25,-1.242501348603119
2010-05-26,0.8221724123262584
2010-05-27,1.5622485685158671
2010-05-28,0.15523891525346073
2010-05-31,0.2048987015927712
2010-06-01,0.1534558280109591
2010-06-02,0.335564963212902
2010-06-03,0.7995137738621234
2010-06-04,-1.2073025337317707
2010-06-07,-0.08248568316677161
2010-06-08,-0.13653302690667427
2010-06-09,1.4077316213365847
2010-06-10,1.2244793173669666
2010-06-11,-0.5508698433325664
2010-06-14,0.6205828939548684
2010-06-15,0.2653548733305754
2010-06-16,-0.2912143422752241
2010-06-17,0.30025992161405973
2010-06-18,0.3111166368289871
2010-06-21,1.2179234329731161
2010-06-22,-0.3759083897176125
2010-06-23,-0.6076943122108416
2010-06-24,-0.7791429291933343
2010-06-25,-0.7782374299495828
2010-06-28,1.1933863883890432
2010-06-29,-2.550587958208032
2010-06-30,0.2931084129140229
2010-07-01,-1.4240899449709126
2010-07-02,-0.8899594440092163
2010-07-05,0.0684249794534322
2010-07-06,0.9104390149693622
2010-07-07,0.6459622398017656
2010-07-08,0.09971396363374391
2010-07-09,0.16897037142911767
2010-07-12,0.13815583269514256
2010-07-13,2.471729177841471
2010-07-14,-0.05624191061478874
2010-07-15,-0.10978905866458007
2010-07-16,-0.525361240355714
2010-07-19,-0.702874981711818
2010-07-20,-0.6653491080649333
2010-07-21,0.03819657923015431
2010-07-22,1.6324358914311095
2010-07-23,0.0969408859669697
2010-07-26,0.023005632379748762
2010-07-27,-0.7239481087718763
2010-07-28,-0.863977551520005
2010-07-29,-0.5559039876356622
2010-07-30,0.44170857545302683
2010-08-02,2.0947394468352387
2010-08-03,0.775808491064773
2010-08-04,0.28473261566418845
2010-08-05,1.6546101207934616
2010-08-06,-0.5796917335845266
2010-08-09,0.9504969448228219
2010-08-10,-0.9997843702824567
2010-08-11,-1.3630227103177983
2010-08-12,-0.18196741425265567
2010-08-13,-0.21656703516678363
2010-08-16,-0.10188852472344144
2010-08-17,1.1690749100596616
2010-08-18,0.3978671728310592
2010-08-19,-1.5946543726775075
2010-08-20,-0.9380190445246999
2010-08-23,-0.14471060338590566
2010-08-24,-0.8224247402544466
2010-08-25,0.13236713422590904
2010-08-26,0.15908167061718714
2010-08-27,0.5147768819556848
2010-08-30,-0.7071765273564159
2010-08-31,1.0418185445019477
2010-09-01,2.3027212147868665
2010-09-02,-0.01443656512076614
2010-09-03,0.7259953628045095
2010-09-06,0.014912435931133004
2010-09-07,-0.14611471821253444
2010-09-08,1.1281342180493952
2010-09-09,0.6030995296821625
2010-09-10,0.7075866299384297
2010-09-13,0.03460335700394816
2010-09-14,0.7913692463118507
2010-09-15,0.04435573584178819
2010-09-16,0.6962652014106369
2010-09-17,-0.4517898577398938
2010-09-20,2.2901978316782694
2010-09-21,-0.40707353433227084
2010-09-22,-1.4215284170311142
2010-09-23,0.21372262066866501
2010-09-24,2.3304135107989934
2010-09-27,-0.6201771169144278
2010-09-28,0.19956956485902536
2010-09-29,-0.27040230098541346
2010-09-30,0.16472142299194031
2010-10-01,-1.1400729647215306
2010-10-04,-0.9640500238053096
2010-10-05,1.654120097553764
2010-10-06,0.5422635510622581
2010-10-07,0.05259503576497725
2010-10-08,0.2914605052833749
2010-10-11,-0.009082005511640812
2010-10-12,0.030343227632512296
2010-10-13,1.3750827446880074
2010-10-14,0.49530894231758255
2010-10-15,-0.17044783690313292
2010-10-18,-0.03296951034974735
2010-10-19,-0.281611038690764
2010-10-20,0.3025774363568015
2010-10-21,1.248991263447678
2010-10-22,-0.33971870744701266
2010-10-25,0.3691793920265364
2010-10-26,-0.43170142091075786
2010-10-27,-0.8200664775989163
2010-10-28,-0.12966797228555288
2010-10-29,0.6839113821577784
2010-11-01,1.2668492494114718
2010-11-02,-0.01677537787135547
2010-11-03,-0.7051295363677904
2010-11-04,2.614765484350937
2010-11-05,0.2359040259285602
2010-11-08,0.013200907579001978
2010-11-09,0.8634099478544605
2010-11-10,-1.4802291180563436
2010-11-11,0.697314784145756
2010-11-12,0.28734193299503863
2010-11-15,1.2394022845145571
2010-11-16,-1.9218145485235838
2010-11-17,0.26556498508929927
2010-11-18,1.929571827112209
2010-11-19,0.575869494725912
2010-11-22,0.12475650962483277
2010-11-23,-1.254400749079957
2010-11-24,1.9126249426731956
2010-11-25,0.6848717253403587
2010-11-26,-0.44076027967823406
2010-11-29,-1.5599172612383527
2010-11-30,-0.030263833185684656
2010-12-01,2.584647313328359
2010-12-02,1.31458147915885
2010-12-03,-0.1474302315718638
2010-12-06,-0.035842498601549755
2010-12-07,0.8791411212965267
2010-12-08,-0.6160434225989334
2010-12-09,-0.9579812253790211
2010-12-10,0.8521401341476329
2010-12-13,0.12933593185148282
2010-12-14,-0.3776290626749129
2010-12-15,0.45635822620153416
2010-12-16,0.017920065421842716
2010-12-17,-0.6180520110876281
2010-12-20,0.8994287824361485
2010-12-21,0.7751876686941715
2010-12-22,-0.2238823083425263
2010-12-23,-0.33702646176157147
2010-12-27,-2.0815772560043637
2010-12-28,-0.436758322483281
2010-12-29,0.3425628284963039
2010-12-30,-0.7145929103262492
2011-01-03,1.1918627372968817
2011-01-04,-0.9822711648098531
2011-01-05,-0.7016241149764705
2011-01-06,0.4150855072357841
2011-01-07,-0.41867609852970983
2011-01-10,-1.182631119871981
2011-01-11,1.2561956120596187
2011-01-12,0.9995836534163604
2011-01-13,-1.1178868511056284
2011-01-14,0.19408026744500298
2011-01-17,-0.06539298167206208
2011-01-18,0.4465131561126197
2011-01-19,-0.6059554394035297
2011-01-20,-1.977507803360624
2011-01-21,0.5527657732446494
2011-01-24,0.05664476267278655
2011-01-25,0.47783647976896293
2011-01-26,1.7481628142556702
2011-01-27,0.04259090393217182
2011-01-28,-0.820129652860519
2011-01-31,-0.35613397782636586
2011-02-01,0.759038368019126
2011-02-02,-0.32951076921928646
2011-02-03,0.29721210867997894
2011-02-04,-0.0037482763249234025
2011-02-07,1.030253240732471
2011-02-08,1.853618800071515
2011-02-09,-0.29867881102987814
2011-02-10,0.31030698584625044
2011-02-11,0.8494768769662997
2011-02-14,0.2669496452073537
2011-02-15,-0.5364519932544173
2011-02-16,0.6759829572461965
2011-02-17,-0.0892535444182622
2011-02-18,0.29575646323619537
2011-02-21,-1.1823573371936902
2011-02-22,-0.6678989496555215
2011-02-23,-2.1712371500918723
2011-02-24,-0.26897981799830634
2011-02-25,0.8077850903406275
2011-02-28,1.7097234721806245
2011-03-01,-0.17835481605370432
2011-03-02,-0.9365832476720644
2011-03-03,0.8814375606827469
2011-03-04,-0.6074925400537554
2011-03-07,-0.358396683254593
2011-03-08,-0.08893819951639675
2011-03-09,-0.1800025434919973
2011-03-10,-1.3386664719873438
2011-03-11,-1.0613315053602204
2011-03-14,-0.8342712088605995
2011-03-15,-2.028388880919325
2011-03-16,-1.9324681114455782
2011-03-17,1.965374048810538
2011-03-18,0.3392482042917939
2011-03-21,1.249363843216291
2011-03-22,-0.783725984342659
2011-03-23,0.18074320133683758
2011-03-24,1.5614326409534973
2011-03-25,0.03158386006805416
2011-03-28,-0.04694540925227129
2011-03-29,0.5136076389864623
2011-03-30,1.0910829721285955
2011-03-31,0.18940566361365715
2011-04-01,2.271626087839159
2011-04-04,-0.34211072659374214
2011-04-05,-0.8606717327677945
2011-04-06,0.19608954743847684
2011-04-07,-1.0790259300964047
2011-04-08,-0.03404899807291781
2011-04-11,-0.6059033378629383
2011-04-12,-1.0511222755030238
2011-04-13,0.960018903608302
2011-04-14,-0.09298907348004218
2011-04-15,0.5090282633913561
2011-04-18,-1.4798087116735932
2011-04-19,0.43007223185821913
2011-04-20,2.5053514535464405
2011-04-21,0.3633079658663978
2011-04-26,0.6152400804334542
2011-04-27,0.30732944564893877
2011-04-28,1.1248187833676673
2011-04-29,0.4010570196567158
2011-05-02,0.2891102053876615
2011-05-03,-0.32545762446856275
2011-05-04,-1.552298043461146
2011-05-05,-0.08787000620000956
2011-05-06,1.2341757830469318
2011-05-09,-1.3224372932026838
2011-05-10,1.0567404191726182
2011-05-11,0.2384716017499941
2011-05-12,-0.5797239749894172
2011-05-13,-0.29752584708405494
2011-05-16,-0.0025029721515349842
2011-05-17,-1.3158574178642028
2011-05-18,0.5717778687505067
2011-05-19,0.7877982484264786
2011-05-20,-1.331150484138744
2011-05-23,-1.6699729218773889
2011-05-24,0.7893165664553757
2011-05-25,-0.209805203770109
2011-05-26,-0.9235834425859929
2011-05-27,0.6803797338653863
2011-05-30,0.39275595851443657
2011-05-31,1.4577910517131252
2011-06-01,-0.8951045464659729
2011-06-02,-1.2168297471355538
2011-06-03,0.48469392288925
2011-06-06,0.3190997125988905
2011-06-07,-0.23185624337035665
2011-06-08,-0.2749206752179636
2011-06-09,1.6211617089293848
2011-06-10,-0.8992952843610222
2011-06-13,0.1402550431660614
2011-06-14,1.4376498854229005
2011-06-15,-0.8312712796306707
2011-06-16,0.8738819179600948
2011-06-17,0.7039925755917781
2011-06-20,-0.28057213185804225
2011-06-21,1.015742373810083
2011-06-22,0.1658851711471349
2011-06-23,-2.0993366937564475
2011-06-24,0.7374126097625071
2011-06-27,0.1650561785894762
2011-06-28,0.08931667844403787
2011-06-29,1.01383502902536
2011-06-30,0.6060454068750657
2011-07-01,-0.23054619147767175
2011-07-04,0.6280473346315412
2011-07-05,0.04341141210531585
2011-07-06,0.11698935027270335
2011-07-07,1.0037305894337563
2011-07-08,-0.7311393871382874
2011-07-11,-1.861996780040346
2011-07-12,-0.0483994030511161
2011-07-13,1.3612658531694668
2011-07-14,-0.13271427878605663
2011-07-15,0.8011395990033767
2011-07-18,-0.8875567386058502
2011-07-19,1.0204643270797051
2011-07-20,-0.34538417840607205
2011-07-21,0.33752436573044786
2011-07-22,0.06783881767238895
2011-07-25,1.2736170988722448
2011-07-26,-0.06672469441279434
2011-07-27,-1.7527529175454588
2011-07-28,-0.796710572864226
2011-07-29,-0.8369948475765313
2011-08-01,-2.808489663565774
2011-08-02,-1.517885676304253
2011-08-03,-1.2153301256060793
2011-08-04,-2.863515531502646
2011-08-05,-1.3085998086953567
2011-08-08,-3.023843199774757
2011-08-09,0.6337802624936271
2011-08-10,-2.1877607169523157
2011-08-11,1.2597573278390253
2011-08-12,0.9531194199168539
2011-08-15,0.20683316798133666
2011-08-16,-0.05913647036139319
2011-08-17,-0.14031920141878018
2011-08-18,-2.5718640668875423
2011-08-19,-0.865019893003295
2011-08-22,-0.33361929915318417
2011-08-23,0.6158727911254185
2011-08-24,1.0594217859848547
2011-08-25,-0.35381687057125905
2011-08-26,-0.25754089933457963
2011-08-29,0.5582166828642379
2011-08-30,-0.21788079649158368
2011-08-31,1.143341884896672
2011-09-01,-0.07041067730510958
2011-09-02,-1.5868169429525512
2011-09-05,-2.2855877610485855
2011-09-06,-1.036396166635105
2011-09-07,1.5732062011656271
2011-09-08,-0.2121385014586524
2011-09-09,-0.8482515202566436
2011-09-12,-0.4530458325440255
2011-09-13,0.30591313111435553
2011-09-14,1.2690679262745332
2011-09-15,0.8992302705533719
2011-09-16,0.43558860717179987
2011-09-19,-0.9342652343200026
2011-09-20,0.9062921584646912
2011-09-21,-0.7970069802584245
2011-09-22,-1.9248714887014509
2011-09-23,0.5244680027900026
2011-09-26,0.3631203823929857
2011-09-27,1.7051643581381277
2011-09-28,-0.3514828883447037
2011-09-29,0.08798013502727235
2011-09-30,-1.2062519910436045
2011-10-04,-2.506606988897588
2011-10-05,1.2486712770961323
2011-10-06,1.0410777596181857
2011-10-07,0.5174879356044818
2011-10-10,1.0935343555887278
2011-10-11,0.3977981145200108
2011-10-12,0.7858449897877152
2011-10-13,-0.2152696441438676
2011-10-14,0.6921211250043019
2011-10-17,-0.8462337027466714
2011-10-18,0.3108362667758005
2011-10-19,-0.26780225436654337
2011-10-20,-0.8157920815262218
2011-10-21,1.7030987305849064
2011-10-24,0.46437960726836724
2011-10-25,-0.10077489958706266
2011-10-26,-0.003478069767749828
2011-10-27,2.337816966252371
2011-10-28,0.17480271181310136
2011-10-31,-1.3884536835331323
2011-11-01,-1.8618464024824148
2011-11-02,0.9347791666682951
2011-11-03,1.1151737443663514
2011-11-04,-1.2854685532350163
2011-11-07,0.15385015113200634
2011-11-08,0.2824287821721293
2011-11-09,-0.737436605443693
2011-11-10,0.3747284969767113
2011-11-11,1.0447637031565589
2011-11-14,-0.5633697275005021
2011-11-15,-0.13308125625469658
2011-11-16,-0.4298645470062466
2011-11-17,-0.537765044622272
2011-11-18,-0.6766338084823651
2011-11-21,-1.6941922501372106
2011-11-22,-0.45492942174885237
2011-11-23,-0.9124681338221956
2011-11-24,-0.14154659151392995
2011-11-25,0.6397288530846078
2011-11-28,2.186806468232996
2011-11-29,0.25287081455499016
2011-11-30,2.316744792661267
2011-12-01,-0.671178253717575
2011-12-02,0.22375513175915723
2011-12-05,0.3478134004095532
2011-12-06,-0.23644093589048734
2011-12-07,-0.13988897112472018
2011-12-08,-1.1292512854158454
2011-12-09,0.5709167654029487
2011-12-12,-1.3251632831843876
2011-12-13,0.17781461761045692
2011-12-14,-1.3807527850179788
2011-12-15,0.09842900050051209
2011-12-16,-0.2467497193033929
2011-12-19,-0.11908629917732237
2011-12-20,1.9536695507845643
2011-12-21,-0.04651291834747067
2011-12-22,0.3975004500291589
2011-12-23,0.07549879453817254
2011-12-27,0.2501247974722781
2011-12-28,-1.118214059594046
2011-12-29,0.8600046302781352
2011-12-30,0.5159117577814019
2012-01-02,1.3875087158472887
2012-01-03,1.3042120962263917
2012-01-04,0.05509591965063837
2012-01-05,0.23873814648812475
2012-01-06,-0.32582981444899195
2012-01-09,0.15512774349550373
2012-01-10,1.6643593669074528
2012-01-11,-0.31032418723472815
2012-01-12,0.5178551915611652
2012-01-13,-0.7663687211045263
2012-01-16,1.0916445269883166
2012-01-17,1.3862061120699751
2012-01-18,0.18902785128158645
2012-01-19,0.106405345936331
2012-01-20,-0.13614032576096888
2012-01-23,0.08590225109015785
2012-01-24,-0.41999661611742645
2012-01-25,-0.36424847252623177
2012-01-26,1.2440665977399008
2012-01-27,-0.7562435376918876
2012-01-30,-0.3556052462704508
2012-01-31,0.502415561720288
2012-02-01,1.6914720831477688
2012-02-02,0.3007245264583639
2012-02-03,1.539914777174924
2012-02-06,0.30479421944378166
2012-02-07,-0.5380466414563624
2012-02-08,-0.337464837724762
2012-02-09,1.0903274263686402
2012-02-10,-1.4082017157678601
2012-02-13,0.6105147217383391
2012-02-14,-0.34064999055254674
2012-02-15,0.30545938579535714
2012-02-16,0.13947635287133014
2012-02-17,0.9394550942658803
2012-02-20,0.8599325494942373
2012-02-21,-0.475453593199389
2012-02-22,-0.6715891286487469
2012-02-23,-0.46420103617052055
2012-02-24,0.2101675073769469
2012-02-27,-0.7155429745163766
2012-02-28,0.42704765221241875
2012-02-29,-0.345582477849143
2012-03-01,1.7067494897930922
2012-03-02,-0.9634497324423014
2012-03-05,-0.5070345800839338
2012-03-06,-3.3248091785128024
2012-03-07,0.7685572366897687
2012-03-08,1.2438402269091988
2012-03-09,0.4041722515592588
2012-03-12,0.31554514227840325
2012-03-13,0.5249758277523108
2012-03-14,0.8663621459996558
2012-03-15,0.6725898963981126
2012-03-16,-0.2248847231339848
2012-03-19,-0.6776856067013893
2012-03-20,-1.5666565799504073
2012-03-21,0.5915956223955344
2012-03-22,-1.1592403600995167
2012-03-23,-0.14044802674265147
2012-03-26,0.3717618443335091
2012-03-27,-0.1933146479959296
2012-03-28,-1.1919448185803192
2012-03-29,-1.1945081915202571
2012-03-30,1.0513861444618606
2012-04-02,1.4310601261560116
2012-04-03,-0.59829640592428
2012-04-04,-1.8184355315011302
2012-04-05,-0.0969593341867293
2012-04-10,-1.6365221508221566
2012-04-11,0.8949469486995709
2012-04-12,0.9079053147715401
2012-04-13,-1.3590670174829942
2012-04-16,0.6085238490269782
2012-04-17,1.5675304500193044
2012-04-18,-0.8086583155621568
2012-04-19,-0.7714642957506014
2012-04-20,1.2439771668418051
2012-04-23,-2.3217293120565397
2012-04-24,0.6505469112968563
2012-04-25,1.1423828835216965
2012-04-26,0.6219392500612937
2012-04-27,0.8637761744555409
2012-04-30,-0.5284887961061082
2012-05-02,-0.49140710746844246
2012-05-03,0.25286582917026923
2012-05-04,-1.7110216003522603
2012-05-07,0.31414282324484977
2012-05-08,-1.4238056286225804
2012-05-09,0.6763448980390117
2012-05-10,-0.21664872821235934
2012-05-11,0.7910351747061485
2012-05-14,-1.3092526364495314
2012-05-15,-0.3729945798300464
2012-05-16,0.1214814776872467
2012-05-17,-0.792762666790501
2012-05-18,-0.5989704991205441
2012-05-21,0.7712804831407076
2012-05-22,1.1043305691411758
2012-05-23,-1.5304149586399647
2012-05-24,0.1508592189224789
2012-05-25,0.6474591139568434
2012-05-28,0.03638213037568017
2012-05-29,1.1323023327746193
2012-05-30,-1.443861198690011
2012-05-31,-0.5673135470147382
2012-06-01,-2.4738486046512684
2012-06-04,-0.8960626467142094
2012-06-05,-0.1382757906461453
2012-06-06,0.9701944170130159
2012-06-07,0.8217502693513954
2012-06-08,-0.29712156033856485
2012-06-11,0.16921623934410213
2012-06-12,0.4945042364032103
2012-06-13,-0.32858213782497825
2012-06-14,-0.3097123308479868
2012-06-15,1.0779090785703884
2012-06-18,0.2673266342654796
2012-06-19,1.3089057464710006
2012-06-20,-0.13852140406557864
2012-06-21,-0.42461034253387103
2012-06-22,-1.4531919279311047
2012-06-25,-1.1922726615777606
2012-06-26,-0.7281003479667749
2012-06-27,1.2874016263151888
2012-06-28,-0.7760841907641115
2012-06-29,3.3999878559897834
2012-07-02,0.6210133900674334
2012-07-03,0.8055884214383002
2012-07-04,0.03582250239245281
2012-07-05,-0.09224475319846628
2012-07-06,-1.4313284753161077
2012-07-09,-0.06288571776189668
2012-07-10,0.5433824712825541
2012-07-11,-0.12671928085704384
2012-07-12,-0.639587799296741
2012-07-13,1.6349937197780862
2012-07-16,-0.27280542628250476
2012-07-17,0.2520449930326874
2012-07-18,1.054137128347034
2012-07-19,0.82399381717611
2012-07-20,-1.2260580573489592
2012-07-23,-1.761557627024823
2012-07-24,-0.7120314570704112
2012-07-25,0.5167402009457472
2012-07-26,1.2559849799424772
2012-07-27,1.0943502991284066
2012-07-30,1.120348193677633
2012-07-31,0.33853223605462396
2012-08-01,-0.4463699823083202
2012-08-02,-1.7316723500511835
2012-08-03,2.4645195399672546
2012-08-06,0.4037131408486108
2012-08-07,0.560340114800672
2012-08-08,0.011955867678816751
2012-08-09,-0.07674162032005294
2012-08-10,-0.1312981094628755
2012-08-13,-0.47154578854756835
2012-08-14,0.4615580767673272
2012-08-15,-0.19204025857020884
2012-08-16,0.42464021134085284
2012-08-17,0.48574422283328655
2012-08-20,-0.014828948855498604
2012-08-21,0.3698142069539706
2012-08-22,-0.8101085157471183
2012-08-23,-0.7318723750874675
2012-08-24,0.13818177804742388
2012-08-27,0.8608410720722796
2012-08-28,-0.4369246158222308
2012-08-29,0.05602854400394465
2012-08-30,-1.8204470813331741
2012-08-31,0.5796463628815203
2012-09-03,0.3421633090375289
2012-09-04,-1.3895798372078503
2012-09-05,0.16885050722121067
2012-09-06,2.602709437181562
2012-09-07,0.4359238971693049
2012-09-10,0.004634205822424696
2012-09-11,0.911669128570636
2012-09-12,0.5336867265145049
2012-09-13,-0.3755287348800971
2012-09-14,0.9958779265967447
2012-09-17,0.047824638418030786
2012-09-18,-0.7229713878303493
2012-09-19,0.4473221990819359
2012-09-20,-0.45746266280989867
2012-09-21,0.6765834471668801
2012-09-24,-0.07626304670355212
2012-09-25,0.013044425440661516
2012-09-26,-1.5148515788400487
2012-09-27,0.5068084299071021
2012-09-28,-1.163778363927227
2012-10-01,1.1578947372329476
2012-10-02,-0.15223912183865884
2012-10-04,1.1035374523230241
2012-10-05,1.5390678117193572
2012-10-08,-1.080819257481707
2012-10-09,-0.35808208782803763
2012-10-10,-0.346612912503789
2012-10-11,0.5507137806980231
2012-10-12,-0.7442557526631337
2012-10-15,0.20647394854385592
2012-10-16,1.5032859112964574
2012-10-17,0.2210978649627984
2012-10-18,0.4366526115920998
2012-10-19,-0.42795480026551047
2012-10-22,-0.5783570385827502
2012-10-23,-2.0644262689675306
2012-10-24,0.06885104697067473
2012-10-25,0.07680605818280885
2012-10-26,0.7277667561996964
2012-10-29,-0.5758467453641433
2012-10-30,1.130724879262846
2012-10-31,-0.18403263878704879
2012-11-01,1.3259204356452954
2012-11-02,1.1197697474125798
2012-11-05,-0.24810783975898448
2012-11-06,0.30825631660445907
2012-11-07,-1.0877930273166827
2012-11-08,0.22881606163936163
2012-11-09,-0.2472109440131783
2012-11-12,-0.23703331440488945
2012-11-13,0.4149526083351106
2012-11-14,-0.9944832633363616
2012-11-15,-1.0684337596247553
2012-11-16,-0.6515781947296895
2012-11-19,2.6118613690355996
2012-11-20,0.7641919504525391
2012-11-21,0.030317065768815852
2012-11-22,0.23710620811151614
2012-11-23,0.656222079565026
2012-11-26,-0.08399586746639483
2012-11-27,0.3180714468816501
2012-11-28,0.7122054331700227
2012-11-29,0.4641282502581495
2012-11-30,-0.03110933331368638
2012-12-03,0.2296550744239128
2012-12-04,0.019819730267445556
2012-12-05,0.17096520451645444
2012-12-06,1.7300236979899974
2012-12-07,-0.030934192083655995
2012-12-10,0.3169909143191901
2012-12-11,1.1651778800512935
2012-12-12,0.19208332847258108
2012-12-13,-0.013806403914727783
2012-12-14,0.4043806421544573
2012-12-17,-0.02995624885713951
2012-12-18,0.4504617866612072
2012-12-19,-0.3945636938861396
2012-12-20,0.5591690550572674
2012-12-21,0.3185996867312697
2012-12-27,0.2093025524945209
2012-12-28,-0.7713770896689054
2013-01-02,2.290500185843235
2013-01-03,-0.11913520417499551
2013-01-04,0.5003193990990022
2013-01-07,-0.7030290956798614
2013-01-08,-1.2510771814566428
2013-01-09,-0.22669969415887484
2013-01-10,0.23167380126012552
2013-01-11,0.702843147775337
2013-01-14,-0.21883332820364979
2013-01-15,-0.6711306858290805
2013-01-16,0.43124292798317543
2013-01-17,0.5696608805879091
2013-01-18,-0.5902892251867057
2013-01-21,0.9465160917636364
2013-01-22,0.10853706526088999
2013-01-23,0.0187317623199092
2013-01-24,0.38277512729268054
2013-01-25,2.6985246537220973
2013-01-28,-0.4386337437479895
2013-01-29,-0.7556439378961962
2013-01-30,-0.4426844346478002
2013-01-31,-0.8953233393872606
2013-02-01,-0.09354488233722126
2013-02-04,-2.6620050670728728
2013-02-05,-0.032884417036647864
2013-02-06,-0.9617774980533947
2013-02-07,0.2714531705772905
2013-02-08,0.7009142636576347
2013-02-11,-0.7719009233374842
2013-02-12,0.25883580007839074
2013-02-13,0.8148359305586674
2013-02-14,-0.9588528235681995
2013-02-15,-0.4469949932816942
2013-02-18,0.02787671831642944
2013-02-19,1.6470410109638902
2013-02-20,-0.22699487814259414
2013-02-21,-1.853044087175311
2013-02-22,0.9694848240040175
2013-02-25,1.4486194274816255
2013-02-26,-1.2534067985881094
2013-02-27,0.9359278522425455
2013-02-28,1.0446387055482285
2013-03-01,-0.7015395239937127
2013-03-04,0.11144219333983947
2013-03-05,2.140244304094466
2013-03-06,0.39404769052446337
2013-03-07,0.17933757193337269
2013-03-08,0.663608031052637
2013-03-11,-0.3337844084391054
2013-03-12,-0.5534624434978274
2013-03-13,-0.1110247005444495
2013-03-14,0.6939195076886109
2013-03-15,-0.6024253892130634
2013-03-18,0.1544339618641628
2013-03-19,-0.2517376873207162
2013-03-20,1.5515293124582898
2013-03-21,-0.2915927524410194
2013-03-22,-0.3241227137797042
2013-03-25,0.29822548256091663
2013-03-26,-0.08999933511521804
2013-03-27,-0.8424189791638915
2013-03-28,-0.49670848916993954
2013-04-02,1.8971165106963448
2013-04-03,-0.5995319887686764
2013-04-04,-0.7887540262452907
2013-04-05,-2.272251182259786
2013-04-08,0.5768135758365258
2013-04-09,-0.5948343320557173
2013-04-10,1.5791118456594773
2013-04-11,0.7403225195335464
2013-04-12,-1.6197526386036394
2013-04-15,-0.39424001106501066
2013-04-16,-0.09639769535621218
2013-04-17,-2.215244982498444
2013-04-18,-0.3059223327460898
2013-04-19,-0.07796290555205997
2013-04-22,0.07578151858671914
2013-04-23,1.6297218983826605
2013-04-24,1.071122878497836
2013-04-25,0.544332522916597
2013-04-26,-0.2249827469047691
2013-04-29,0.7055413991782623
2013-04-30,-0.09535685017007724
2013-05-02,0.7061744494055785
2013-05-03,1.2661754982739655
2013-05-06,-0.6360504663147225
2013-05-07,0.20035283783874808
2013-05-08,0.6884871675007985
2013-05-09,0.1018662113957483
2013-05-10,0.5239279197293769
2013-05-13,0.18899311593881368
2013-05-14,0.6106942423913364
2013-05-15,0.5558340617794184
2013-05-16,-0.37639131081819427
2013-05-17,-0.1441401317655594
2013-05-20,1.1123206248664188
2013-05-21,0.1638681222634722
2013-05-22,0.5199955549566214
2013-05-23,-1.8265750303180983
2013-05-24,0.36210816141758684
2013-05-27,0.6689476790401225
2013-05-28,1.0354456142800061
2013-05-29,-1.1709334073340394
2013-05-30,0.2505803426800862
2013-05-31,-0.48089342085452497
2013-06-03,-0.9016262968050636
2013-06-04,0.22619846570721344
2013-06-05,-0.909711033861344
2013-06-06,-1.2542983883610483
2013-06-07,1.7992656441707466
2013-06-10,0.6458783894723803
2013-06-11,-0.8792370612259248
2013-06-12,-0.71951664586876
2013-06-13,-1.1673415693625773
2013-06-14,0.3372556158639157
2013-06-17,1.0591658707292653
2013-06-18,-0.15329968044369624
2013-06-19,-0.01781874687785244
2013-06-20,-3.296668469527634
2013-06-21,-1.3527892935284136
2013-06-24,-0.9008479862900682
2013-06-25,1.0324460840397167
2013-06-26,1.1859961079097805
2013-06-27,0.473467565980571
2013-06-28,-0.08497923637184843
2013-07-01,0.7456357361465135
2013-07-02,-0.6201028374713672
2013-07-03,-0.6752640958635018
2013-07-04,1.2953426382570583
2013-07-05,-1.6717537338152504
2013-07-08,2.1001325889999363
2013-07-09,0.752605408208624
2013-07-10,-0.014427424786264912
2013-07-11,0.5807099271869467
2013-07-12,0.36834412457033433
2013-07-15,0.20781086767444512
2013-07-16,-0.1429418314764241
2013-07-17,0.47845062777225816
2013-07-18,1.074597234346888
2013-07-19,0.1948205343041972
2013-07-22,0.01353508121819449
2013-07-23,-0.10449014228534384
2013-07-24,0.516214742934086
2013-07-25,-1.6059407788700293
2013-07-26,0.23844756051768864
2013-07-29,-0.06437822577743621
2013-07-30,0.6954493634489695
2013-07-31,1.183226118848454
2013-08-01,1.101798708448801
2013-08-02,-0.3522130266603349
2013-08-05,-0.04380853626242498
2013-08-06,-0.7808213071659292
2013-08-07,-0.7483884140940101
2013-08-08,0.29887643824674276
2013-08-09,0.3057720458183239
2013-08-12,0.3465769826182572
2013-08-13,0.23914718454082834
2013-08-14,0.611513607717749
2013-08-15,-0.4720293506641179
2013-08-16,0.5141693144003204
2013-08-19,-0.2786214534986536
2013-08-20,-0.610713877161883
2013-08-21,-0.4559499707959827
2013-08-22,1.602852541022292
2013-08-23,-0.03180412310975874
2013-08-26,0.23059098648242105
2013-08-27,-2.4726415524457535
2013-08-28,-1.058045107371453
2013-08-29,0.4779909529813324
2013-08-30,-1.430227886300389
2013-09-02,1.650177347694597
2013-09-03,-0.5732018336216013
2013-09-04,0.4473250703807777
2013-09-05,2.131099824347543
2013-09-06,0.7327706242597228
2013-09-09,-0.39257309027801773
2013-09-10,1.1237632774010695
2013-09-11,0.5168039725912171
2013-09-12,-0.6234035493327282
2013-09-13,0.08039938114266516
2013-09-16,1.0103423313458015
2013-09-17,-0.06037376391468787
2013-09-18,0.4215171683995092
2013-09-19,1.12233513110293
2013-09-20,-0.04037933219641618
2013-09-23,-0.6636395005097555
2013-09-24,0.23051923966666657
2013-09-25,0.03683133998990106
2013-09-26,-0.12337038219865731
2013-09-27,0.24012552181063795
2013-09-30,-0.6433713989516414
2013-10-01,1.7906444465786528
2013-10-02,-1.143106938279033
2013-10-04,-0.30755938541072314
2013-10-07,-0.8656966170607623
2013-10-08,-0.48646274641063764
2013-10-09,-0.2747938150781014
2013-10-10,1.8604199425368273
2013-10-11,0.874131343954732
2013-10-14,-0.17668370327259042
2013-10-15,0.9104987956351975
2013-10-16,0.13635602045152923
2013-10-17,-0.45277651640088523
2013-10-18,0.9984358816190323
2013-10-21,-0.5122192691895109
2013-10-22,0.9171858977679561
2013-10-23,0.37347107581249617
2013-10-24,0.7652124653069097
2013-10-25,0.30942357833216494
2013-10-28,-0.5326231320412893
2013-10-29,0.5102955579090389
2013-10-30,0.078083526140661
2013-10-31,0.14853637668842204
2013-11-01,-0.5897135033352648
2013-11-04,0.7853495553873049
2013-11-05,-1.407460839501633
2013-11-06,0.8542164134578082
2013-11-07,0.8020985490884839
2013-11-08,0.11209709970359766
2013-11-11,0.04155454533198669
2013-11-12,-0.5405354967916606
2013-11-13,-0.2971120066055757
2013-11-14,1.728180953414377
2013-11-15,-0.16623515345838907
2013-11-18,0.6426593855215126
2013-11-19,-0.4551176189853588
2013-11-20,0.603061865548473
2013-11-21,-0.008041399693302592
2013-11-22,0.6007891599228082
2013-11-25,0.7264364737985273
2013-11-26,-0.2696160894218521
2013-11-27,0.8590060161094238
2013-11-28,0.10290232802848712
2013-11-29,-0.08607306053683977
2013-12-02,0.46584498951644343
2013-12-03,-2.1722621860584264
2013-12-04,-1.2574118500765599
2013-12-05,-0.8154569376006092
2013-12-06,0.9191762211909374
2013-12-09,0.28866830275333144
2013-12-10,-1.0149022933625984
2013-12-11,-0.2934694887793843
2013-12-12,-0.44599912178029427
2013-12-13,-0.2094799116577846
2013-12-16,2.047151192553559
2013-12-17,-0.8037709448723614
2013-12-18,1.444867242898805
2013-12-19,1.4629798616382874
2013-12-20,0.39955554222849865
2013-12-23,1.0967113336803753
2013-12-27,1.0726203365127533
2013-12-30,-0.6438293790415979
2014-01-02,-1.2004023188485888
2014-01-03,0.5019897860874599
2014-01-06,-0.5576717518333001
2014-01-07,0.6462720381335216
2014-01-08,-0.44332301727803863
2014-01-09,-0.8021880276953341
2014-01-10,-0.09768880265656275
2014-01-13,0.25903460261637395
2014-01-14,0.020758781696544736
2014-01-15,2.3529681336736634
2014-01-16,-0.32415772128389925
2014-01-17,0.41154515639976835
2014-01-20,0.1463256265736061
2014-01-21,0.10980176843886132
2014-01-22,-0.24518410512267727
2014-01-23,-0.9939351578880466
2014-01-24,-2.6732167502208246
2014-01-27,-0.4909575375467086
2014-01-28,0.7854387294858756
2014-01-29,-0.45912653973913947
2014-01-30,-0.09288725482486941
2014-01-31,-0.21342220576906126
2014-02-03,-0.8891185775504523
2014-02-04,-0.5492371199235592
2014-02-05,-0.4226024352572292
2014-02-06,1.010946095181151
2014-02-07,0.3335986404409266
2014-02-10,0.01910596162826335
2014-02-11,2.3622326187991534
2014-02-12,0.28954407622516404
2014-02-13,0.34205078339500095
2014-02-14,0.7628015746032949
2014-02-17,-0.2888439302836498
2014-02-18,-0.2266682112165456
2014-02-19,0.4591266682358494
2014-02-20,-0.46704831649058537
2014-02-21,0.29268786080319564
2014-02-24,0.2983845811181896
2014-02-25,-0.1616757607294258
2014-02-26,-0.2118397281176067
2014-02-27,-0.6247146715382915
2014-02-28,1.482320203161681
2014-03-03,-3.9070620379262637
2014-03-04,1.6769795526728464
2014-03-05,-0.34386086084057893
2014-03-06,0.03731555885544238
2014-03-07,-1.6628731592495523
2014-03-10,-0.6317673561299217
2014-03-11,0.25888179560313956
2014-03-12,-0.8207761454047116
2014-03-13,-1.0275128655853525
2014-03-14,0.5601814330755014
2014-03-17,1.1463928434273063
2014-03-18,0.0
2014-03-19,2.1218252483667968
2014-03-20,0.7173102447237412
2014-03-21,0.9808405654084524
2014-03-24,-1.3489308561484052
2014-03-25,1.19267307466279
2014-03-26,0.5122607208999372
2014-03-27,0.04104246303874278
2014-03-28,1.0039996879790352
2014-03-31,-0.6758765924654198
2014-04-01,0.06841148087078307
2014-04-02,0.20512997019799362
2014-04-03,0.45760954454838026
2014-04-04,0.5551684083000114
2014-04-07,-1.8029895072107631
2014-04-08,-0.11993479273879827
2014-04-09,-0.062059564949506485
2014-04-10,-0.6721784743497177
2014-04-11,-0.7526229626060463
2014-04-14,0.155204086012673
2014-04-15,-1.5615762179754618
2014-04-16,1.440708424742921
2014-04-17,0.8038628510096906
2014-04-22,1.812732701129274
2014-04-23,-0.7815935957103028
2014-04-24,-0.24769041867447053
2014-04-25,-1.1430346475900681
2014-04-28,0.24275594703783607
2014-04-29,0.8672611124841688
2014-04-30,0.31217144367399813
2014-05-02,-0.5455401334801847
2014-05-05,-0.03601593943118805
2014-05-06,-0.42154528663453966
2014-05-07,0.4809814819321194
2014-05-08,0.7523527771241794
2014-05-09,-0.26187657479826143
2014-05-12,1.3850624687362592
2014-05-13,0.5495740354539935
2014-05-14,-0.15078728340391756
2014-05-15,-1.0199000500746684
2014-05-16,0.24916439163711815
2014-05-19,0.4212796358453396
2014-05-20,-0.6458710455401885
2014-05-21,0.41471703064096493
2014-05-22,0.3138589926560197
2014-05-23,0.685300308350203
2014-05-26,1.4580486339105947
2014-05-27,0.2961625212715384
2014-05-28,-0.263646656006421
2014-05-29,0.28221070574515406
2014-05-30,0.19332602513061853
2014-06-02,0.10420547798094565
2014-06-03,-0.32397614219902005
2014-06-04,-0.0951168909824383
2014-06-05,0.5142217133855188
2014-06-06,0.397556613842805
2014-06-09,-0.014662029894395984
2014-06-10,0.36556309040316803
2014-06-11,-0.9892441457024407
2014-06-12,-0.46583099212891066
2014-06-13,-0.4395154994415025
2014-06-16,-0.1960910157474852
2014-06-17,0.16006267393015633
2014-06-18,0.03984622406426877
2014-06-19,1.2277163005880034
2014-06-20,0.18443255840217487
2014-06-23,-1.2981098695837148
2014-06-24,1.5180296186053004
2014-06-25,-0.8142639212568646
2014-06-26,-1.107831374440455
2014-06-27,-0.4028904201504742
2014-06-30,0.5297148836259029
2014-07-01,1.0757123065982859
2014-07-02,-0.11375691466734514
2014-07-03,1.4777991885019002
2014-07-04,-0.43092147329565605
2014-07-07,-1.4661071068689349
2014-07-08,-1.4423395587749814
2014-07-09,0.3485226305495798
2014-07-10,-1.789407872198909
2014-07-11,0.2648219228186606
2014-07-14,0.8325993012537112
2014-07-15,-0.8551242764238123
2014-07-16,1.9031393264432686
2014-07-17,-1.0705511583416343
2014-07-18,-0.27399395065179405
2014-07-21,-1.090113456532943
2014-07-22,1.2286962663908614
2014-07-23,0.3912723878418381
2014-07-24,0.6039714048929361
2014-07-25,-1.408731403139933
2014-07-28,-0.40748150935120436
2014-07-29,-0.03614261096849498
2014-07-30,-0.002847897032056355
2014-07-31,-1.2300110424596655
2014-08-01,-2.1938515998148205
2014-08-04,-0.18084077586091055
2014-08-05,0.724500754050054
2014-08-06,-0.1614156176444834
2014-08-07,-1.0529706617997192
2014-08-08,-0.28474573349312965
2014-08-11,1.7985961514871902
2014-08-12,-1.1840251356918532
2014-08-13,1.0575564538054296
2014-08-14,0.4447844521436104
2014-08-15,-1.4581072888750852
2014-08-18,1.3973413299360664
2014-08-19,0.870838641518014
2014-08-20,-0.1409605088218184
2014-08-21,1.0748422663755832
2014-08-22,-0.743168850625248
2014-08-25,1.7623251503619815
2014-08-26,0.4876252114434037
2014-08-27,-0.599776461840162
2014-08-28,-0.6662012381279071
2014-08-29,0.056884394297630786
2014-09-01,0.042081009245759485
2014-09-02,0.11807906004892978
2014-09-03,1.3242328732309097
2014-09-04,1.138015197871056
2014-09-05,0.08467528221925147
2014-09-08,-0.1403110760014338
2014-09-09,-0.2543959214021375
2014-09-10,-0.2995080829168303
2014-09-11,0.05026016445569523
2014-09-12,-0.3885286126104089
2014-09-15,0.23501504170499743
2014-09-16,-0.13626628963109055
2014-09-17,0.3916127422875919
2014-09-18,1.9869310611247584
2014-09-19,-0.9854874032576019
2014-09-22,-0.7382087899494559
2014-09-23,-1.584240448550735
2014-09-24,1.0326173400347018
2014-09-25,-1.3997063711208204
2014-09-26,0.2615194642126609
2014-09-29,-0.5319416229903428
2014-09-30,0.6877972045017984
2014-10-01,-0.5327936828945292
2014-10-02,-1.6395668374620014
2014-10-06,-0.8499147636320898
2014-10-07,-1.1160921756164033
2014-10-08,-0.9420201336749029
2014-10-09,0.6483068778553642
2014-10-10,-2.7007921164277935
2014-10-13,0.2642884436708345
2014-10-14,0.009763033547232236
2014-10-15,-2.1854846480046835
2014-10-16,0.6618625360814291
2014-10-17,1.8903449251778965
2014-10-20,-0.9352836792010036
2014-10-21,1.2887020641666567
2014-10-22,0.5022335676916447
2014-10-23,0.689780897402392
2014-10-24,-0.550156850922521
2014-10-27,-0.5214559321532699
2014-10-28,1.1293229371823772
2014-10-29,0.05201427522770482
2014-10-30,0.6787867818344141
2014-10-31,1.9054498716433843
2014-11-03,-0.40540721832838506
2014-11-04,-0.9908280542664457
2014-11-05,0.9220589050503045
2014-11-06,0.37925691914386517
2014-11-07,-1.142835033862875
2014-11-10,0.35148640823172944
2014-11-11,0.16186870128046815
2014-11-12,-1.2198636649479542
2014-11-13,0.2992482719513037
2014-11-14,0.02602627712693969
2014-11-17,0.44579607500891855
2014-11-18,1.3359619787757342
2014-11-19,0.20336597716938595
2014-11-20,0.06352228750679108
2014-11-21,2.59965292515303
2014-11-24,0.26477063026937003
2014-11-25,0.5031833271809728
2014-11-26,0.21223052272869153
2014-11-27,0.8338094914649901
2014-11-28,-0.06800715784490097
2014-12-01,-0.19390662217150795
2014-12-02,-0.6507409197785549
2014-12-03,-0.06303157742749119
2014-12-04,-1.2090944361154392
2014-12-05,2.026454675071545
2014-12-08,-0.5839750738229356
2014-12-09,-1.9724673054908974
2014-12-10,0.5089475319695486
2014-12-11,0.3147323938002455
2014-12-12,-1.752473187531717
2014-12-15,-1.9583159076469099
2014-12-16,1.7302669146491856
2014-12-17,-0.21049054696521302
2014-12-18,1.5997030397218934
2014-12-19,-0.43244908262298937
2014-12-22,0.43666908355784206
2014-12-23,0.28634548517425834
2014-12-29,0.0653382603702725
2014-12-30,-0.8582671198945178
2015-01-02,-0.39305745649074714
2015-01-05,-2.029494101344373
2015-01-06,0.3582769998973487
2015-01-07,0.22456194372091332
2015-01-08,2.3886392046243765
2015-01-09,-1.08624714533706
2015-01-12,0.5904094856999368
2015-01-13,0.9268423464010765
2015-01-14,-0.803430866240804
2015-01-15,1.3644217470428222
2015-01-16,1.0743317330987479
2015-01-19,0.41819508101419967
2015-01-20,0.15661149595563398
2015-01-21,0.17442138964875367
2015-01-22,0.7198950830895628
2015-01-23,2.027946705167583
2015-01-26,0.9229234320396634
2015-01-27,-1.3398726234290859
2015-01-28,0.1914383878253126
2015-01-29,-0.3554521249808265
2015-01-30,-0.13800256139254008
2015-02-02,0.6782283882792383
2015-02-03,0.7028708608519879
2015-02-04,-0.024342567565506363
2015-02-05,-0.13966758061762663
2015-02-06,-0.607465788966163
2015-02-09,-1.805521712164584
2015-02-10,0.8586219595913852
2015-02-11,-0.10049677202747563
2015-02-12,0.8412110407549943
2015-02-13,0.6474909863055989
2015-02-16,-0.5815121331662464
2015-02-17,0.16665167179900514
2015-02-18,0.5863203034531979
2015-02-19,0.2645275338878015
2015-02-20,0.3000087921936934
2015-02-23,0.6055632937794267
2015-02-24,0.1887577809897086
2015-02-25,-0.2530110874395749
2015-02-26,1.5680896816391432
2015-02-27,0.45887302233312216
2015-03-02,-0.06617488285522254
2015-03-03,-1.0362382825529082
2015-03-04,0.7829704023796211
2015-03-05,0.8512476058892503
2015-03-06,0.2270591071127978
2015-03-09,0.29193236583474047
2015-03-10,-0.2848457551229599
2015-03-11,3.3093262312742375
2015-03-12,-0.26015702020845194
2015-03-13,0.7674618689660916
2015-03-16,1.6241624742330123
2015-03-17,-0.9860818548221005
2015-03-18,-0.7338371011904672
2015-03-19,-0.8537498047410963
2015-03-20,0.20274414454549
2015-03-23,-1.0926476139446955
2015-03-24,0.660708107124013
2015-03-25,-0.8400171677494584
2015-03-26,0.1871027465993443
2015-03-27,0.04585891875199205
2015-03-30,1.2747475244708182
2015-03-31,-0.8863229034736498
2015-04-01,-0.07798300593640636
2015-04-02,-0.4137734447862525
2015-04-07,0.75855861145335
2015-04-08,-0.8709346046596147
2015-04-09,1.0889112570696475
2015-04-10,1.5513491027630282
2015-04-13,-0.3505331553862089
2015-04-14,-0.8672350374033289
2015-04-15,0.22560938156787275
2015-04-16,-1.7950857601855996
2015-04-17,-2.0996081408575344
2015-04-20,1.1432295939775516
2015-04-21,0.1904787873032149
2015-04-22,-0.797932094318144
2015-04-23,-0.6449515486305648
2015-04-24,0.47394843059530906
2015-04-27,1.6601388661856293
2015-04-28,-1.4080919627806057
2015-04-29,-2.3386255565798395
2015-04-30,0.08791204212119161
2015-05-04,0.3425342651901081
2015-05-05,-1.063808833610535
2015-05-06,-0.24402151556456933
2015-05-07,-0.14449691125517963
2015-05-08,2.1913551281406485
2015-05-11,-0.15122718726527765
2015-05-12,-0.9797981470677962
2015-05-13,-0.7666664465186737
2015-05-14,1.1754637046712575
2015-05-15,-0.6567579748331652
2015-05-18,0.8893059619426394
2015-05-19,1.5381921710446402
2015-05-20,-0.15146221995901085
2015-05-21,-0.0738408230316125
2015-05-22,-0.23364978960728972
2015-05-26,-0.8814975638596249
2015-05-27,0.9020283031098079
2015-05-28,-0.7652405795066135
2015-05-29,-1.5348972744527165
2015-06-01,0.2753268526925516
2015-06-02,-0.4169440273931606
2015-06-03,0.6063622683849382
2015-06-04,-0.4011277484715675
2015-06-05,-0.8864378771045962
2015-06-08,-1.136942946096482
2015-06-09,-0.029580392945538388
2015-06-10,2.0100507092603985
2015-06-11,0.17183353751009917
2015-06-12,-1.0059859111026632
2015-06-15,-1.294359329707833
2015-06-16,0.4357117159459804
2015-06-17,-0.593926898743419
2015-06-18,0.9832208685846413
2015-06-19,-0.10200370866497029
2015-06-22,2.841208645334797
2015-06-23,0.5146014609214672
2015-06-24,-0.4453536882350052
2015-06-25,-0.11185887019890306
2015-06-26,-0.16660812865857827
2015-06-29,-2.437540896837138
2015-06-30,-0.8389191457327365
2015-07-01,1.0986178040506263
2015-07-02,-0.6300960265818628
2015-07-03,-0.25460619558772335
2015-07-06,-1.0120321509531454
2015-07-07,-1.4121598138985527
2015-07-08,0.22380495930921443
2015-07-09,1.321735527384636
2015-07-10,1.446084953796471
2015-07-13,0.7340419074580049
2015-07-14,0.14390155878085273
2015-07-15,-0.3851131121590556
2015-07-16,0.9222570445257341
2015-07-17,-0.09051792443349785
2015-07-20,0.039320169873827145
2015-07-21,-0.8375911999963601
2015-07-22,-0.4428182002610795
2015-07-23,-0.2594056049878878
2015-07-24,-0.8994350284066314
2015-07-27,-1.7329143661294153
2015-07-28,0.8536379319111347
2015-07-29,0.7463746127965697
2015-07-30,0.7061032419154202
2015-07-31,0.7607703417736815
2015-08-03,0.6348084581205434
2015-08-04,-0.38778470150407723
2015-08-05,1.3098958534220582
2015-08-06,-0.27048536407061796
2015-08-07,-0.4224418261582908
2015-08-10,0.5451273191695319
2015-08-11,-2.407859602827048
2015-08-12,-2.088757848661344
2015-08-13,0.5131629609783708
2015-08-14,-0.18970489150014277
2015-08-17,0.010904449076484383
2015-08-18,-0.1911601336285651
2015-08-19,-1.7129114138561186
2015-08-20,-1.290546547655975
2015-08-21,-1.661833027432189
2015-08-24,-2.639045524403736
2015-08-25,2.396949121097912
2015-08-26,-0.5274404604428495
2015-08-27,1.2988644112308936
2015-08-28,-0.014861956161160005
2015-08-31,-0.22876534275844074
2015-09-01,-1.1342692211403465
2015-09-02,0.11886060396129602
2015-09-03,1.258233483436491
2015-09-04,-1.366912906684045
2015-09-07,0.3611041922812677
2015-09-08,0.8591992438333443
2015-09-09,0.23769541234246114
2015-09-10,-0.1654662095907974
2015-09-11,-0.35364104563070575
2015-09-14,-0.12479756554868039
2015-09-15,0.4825696888508116
2015-09-16,0.20475236067927344
2015-09-17,-0.09321373639942401
2015-09-18,-2.059778649536755
2015-09-21,0.44895648223140355
2015-09-22,-2.2262305992454348
2015-09-23,0.17751287269012225
2015-09-24,-1.436864587592508
2015-09-25,1.422493096072578
2015-09-28,-1.1198607648105725
2015-09-29,-0.11102869150914288
2015-09-30,1.0242668555911725
2015-10-01,-0.6059627874360911
2015-10-02,0.07096662167190027
2015-10-05,1.5591885162872827
2015-10-06,0.42076830788410785
2015-10-07,0.7678701321187231
2015-10-08,-0.13856838608683483
2015-10-09,0.4200075694257746
2015-10-12,0.26847226091534365
2015-10-13,-0.7096946874415705
2015-10-14,-0.8673897027246611
2015-10-15,0.43136126562837623
2015-10-16,-0.01599486235992173
2015-10-19,0.4311278303931089
2015-10-20,-0.33115474996639443
2015-10-21,0.3698297747292553
2015-10-22,1.4425680813194086
2015-10-23,2.345598793360238
2015-10-26,-0.14905674246951076
2015-10-27,-0.25938207094921495
2015-10-28,0.9293784098818286
2015-10-29,0.5503799908416955
2015-10-30,0.11484722451574893
2015-11-02,0.6442030919767502
2015-11-03,-0.2347374252746777
2015-11-04,-0.4629278833009804
2015-11-05,0.37124033000905177
2015-11-06,1.3598874998432937
2015-11-09,-1.1760971804597682
2015-11-10,0.15901519037490722
2015-11-11,0.428565927790646
2015-11-12,-0.3958683353632387
2015-11-13,-0.40496167457991944
2015-11-16,-0.003437461049751662
2015-11-17,2.3445753797333087
2015-11-18,-0.20505353304181043
2015-11-19,0.9899056778222378
2015-11-20,0.24269916268144445
2015-11-23,-0.4054595305736567
2015-11-24,-1.2321547198172604
2015-11-25,1.3547618253285396
2015-11-26,1.0172783094578421
2015-11-27,-0.12167041216946682
2015-11-30,0.8218954467611009
2015-12-01,-0.5714950774418112
2015-12-02,-0.6173919049951065
2015-12-03,-3.3948158194897986
2015-12-04,-0.19444031655443078
2015-12-07,0.884552374125539
2015-12-08,-1.4442273446934886
2015-12-09,-0.4707905171573549
2015-12-10,0.029748547876871916
2015-12-11,-1.5472739105464417
2015-12-14,-1.1745406641897214
2015-12-15,1.5890693814685029
2015-12-16,0.24775222427931112
2015-12-17,1.7404880622965069
2015-12-18,-0.966314605763978
2015-12-21,-0.6676795488832714
2015-12-22,-0.07071898377608557
2015-12-23,1.2932060159656569
2015-12-25,0.0
2015-12-28,-0.4300915906823757
2015-12-29,0.9986423320799593
2015-12-30,-0.7340435396725045
2016-01-04,-2.8938010585645295
2016-01-05,0.05411864483737399
2016-01-06,-0.8562216310150527
2016-01-07,-1.386702341659569
2016-01-08,-0.9432499770490261
2016-01-11,-0.33533687635443954
2016-01-12,0.66319882701603
2016-01-13,-0.4401713791019686
2016-01-14,-0.8233332991839251
2016-01-15,-1.2055190810881986
2016-01-18,0.01663256824956537
2016-01-19,0.6420221462054575
2016-01-20,-1.3221621455361203
2016-01-21,1.2131774376659372
2016-01-22,0.9972774350618109
2016-01-25,-0.0989008884501768
2016-01-26,1.5602035768033948
2016-01-27,0.4254308081736594
2016-01-28,-1.4833739774528267
2016-01-29,0.3579026389900606
2016-02-01,-0.578902324029183
2016-02-02,-1.0638726856298801
2016-02-03,-0.9187400433810827
2016-02-04,-0.25069680381254333
2016-02-05,-0.2937207152830994
2016-02-08,-1.7258296847907393
2016-02-09,-0.7836551913659724
2016-02-10,0.7340618037628277
2016-02-11,-1.6503568148115684
2016-02-12,1.4936303647458806
2016-02-15,1.3077639283485385
2016-02-16,-0.27379524863815885
2016-02-17,1.5177129303004422
2016-02-18,0.28626426996952287
2016-02-19,-0.5818634305572834
2016-02-22,0.8797406709530694
2016-02-23,-1.1085619877989927
2016-02-24,-1.6963208057574921
2016-02-25,0.6896748101519453
2016-02-26,1.4601737927239786
2016-02-29,-0.12039086096075187
2016-03-01,1.3123657522059982
2016-03-02,0.5990562391465919
2016-03-03,0.08320658198029843
2016-03-04,0.8222870317164992
2016-03-07,-0.3177598310323587
2016-03-08,-0.6595596993644426
2016-03-09,-0.01809458662967445
2016-03-10,-1.9462324381755902
2016-03-11,1.6554190630444439
2016-03-14,1.0812527076111191
2016-03-15,-0.2978454140162428
2016-03-16,0.7852443367621084
2016-03-17,-0.5204740072595008
2016-03-18,0.46063491164258646
2016-03-21,0.36028747947451634
2016-03-22,0.4118422267363895
2016-03-23,-0.04433714842962795
2016-03-24,-1.0449720469008323
2016-03-29,0.3177037713116907
2016-03-30,1.057701945104928
2016-03-31,-0.4193157945547158
2016-04-01,-1.7280598715084043
2016-04-04,0.37182531429508464
2016-04-05,-1.88818443326249
2016-04-06,0.4651215480772727
2016-04-07,-0.8943057386378638
2016-04-08,0.686385371984339
2016-04-11,0.22060170696838327
2016-04-12,0.3506283786365884
2016-04-13,1.8723906915283488
2016-04-14,0.53984989772655
2016-04-15,-0.27847324898848935
2016-04-18,0.7725211494950286
2016-04-19,1.7888083182268388
2016-04-20,0.3985590381290775
2016-04-21,0.2340510672640996
2016-04-22,-0.4219660907050041
2016-04-25,-0.5226081961983617
2016-04-26,-0.22660599781237947
2016-04-27,-0.2599780810453092
2016-04-28,-0.4018882553699447
2016-04-29,-2.6291447516639894
2016-05-02,0.5188332670916391
2016-05-03,-1.428745019324846
2016-05-04,-0.43602019273700743
2016-05-05,0.19945789495673888
2016-05-06,0.13196899798660786
2016-05-09,0.8024589083804415
2016-05-10,0.7926563636788444
2016-05-11,-0.37111453841738107
2016-05-12,-1.758794304901577
2016-05-13,0.6670266687806858
2016-05-17,-0.8342263184321044
2016-05-18,0.09232288564050488
2016-05-19,-2.2767180857854585
2016-05-20,0.7830138696826244
2016-05-23,-1.5431266756869244
2016-05-24,1.2908871160500888
2016-05-25,0.8361940986361914
2016-05-26,0.18701563690241246
2016-05-27,0.04870936377049356
2016-05-30,0.35350594401102514
2016-05-31,-0.4955011899023398
2016-06-01,-0.3646169433317888
2016-06-02,0.39380074582830554
2016-06-03,-0.5207705790645373
2016-06-06,0.05339773813384535
2016-06-07,1.6732150145850337
2016-06-08,-0.5811589376519652
2016-06-09,-0.8925518664887143
2016-06-10,-1.5479225335291569
2016-06-13,-0.8012286311293404
2016-06-14,-1.1317855524018414
2016-06-15,0.9319879516676495
2016-06-16,-0.3784980306409595
2016-06-17,0.6475237799636158
2016-06-20,2.3293500845769897
2016-06-21,0.5725996464311877
2016-06-22,0.04708759889747703
2016-06-23,1.1870954629423545
2016-06-24,-4.532363441311378
2016-06-27,-1.183067661557327
2016-06-28,0.6343063943358936
2016-06-29,0.24671289002558827
2016-06-30,0.2841140487993999
2016-07-01,0.5943705625366114
2016-07-04,-0.2991141323448315
2016-07-05,-0.7840754378960609
2016-07-06,-0.6729947946343365
2016-07-07,0.19948382400955444
2016-07-08,1.3608862588386452
2016-07-11,1.279949117056673
2016-07-12,0.961354043569151
2016-07-13,-0.18465065800009398
2016-07-14,0.6897439863634509
2016-07-15,0.13736040122072615
2016-07-18,-0.2308480901339492
2016-07-19,-0.632203618285454
2016-07-20,0.8130046871554147
2016-07-21,0.15874048506016747
2016-07-22,-0.1792838109254136
2016-07-25,0.4190079838336631
2016-07-26,0.4478587242207031
2016-07-27,0.8840211733564937
2016-07-28,-0.7218159216814756
2016-07-29,0.8390450486908461
2016-08-01,0.014014533784159509
2016-08-02,-1.222144687596617
2016-08-03,0.31366174808718067
2016-08-04,0.9185761975512493
2016-08-05,1.4087240816092892
2016-08-08,0.21674872337939213
2016-08-09,1.975359273824799
2016-08-10,-0.4816051778102743
2016-08-11,0.6498274337852047
2016-08-12,-0.2530713442505946
2016-08-15,0.295075455630461
2016-08-16,-0.7362777054147062
2016-08-17,-0.9435603242441749
2016-08-18,0.5684999575491023
2016-08-19,-0.41098494206892383
2016-08-22,-0.47992859121253023
2016-08-23,0.6273252432866545
2016-08-24,0.2860848267490225
2016-08-25,-0.8387884104361399
2016-08-26,0.8357605718563313
2016-08-29,-0.3482640666412663
2016-08-30,0.949149758077647
2016-08-31,-0.8862679127710483
2016-09-01,-0.7323563576203956
2016-09-02,1.0333728498413413
2016-09-05,-0.4664638026935494
2016-09-06,0.23349205687030405
2016-09-07,0.6280109880009319
2016-09-08,-1.0589039792377126
2016-09-09,-0.9382144106388874
2016-09-12,-1.2304139392804538
2016-09-13,-0.5861957911901677
2016-09-14,0.0423524579320534
2016-09-15,0.2602684016397017
2016-09-16,-1.4704047540336664
2016-09-19,0.7185391416946859
2016-09-20,-0.08730510649367694
2016-09-21,0.03552422477709867
2016-09-22,1.7806500063754598
2016-09-23,-0.6033788400306013
2016-09-26,-2.135007145577377
2016-09-27,-0.2741175016595584
2016-09-28,0.3828698081777336
2016-09-29,-0.4908915707134441
2016-09-30,1.0111816111028935
2016-10-04,1.3964066935066204
2016-10-05,0.2740829685637722
2016-10-06,0.11047423924729939
2016-10-07,-0.6304542791037652
2016-10-10,0.9413780464102838
2016-10-11,-0.5646174129751123
2016-10-12,-0.6251412781860752
2016-10-13,-0.7998543836155099
2016-10-14,1.2575259155809715
2016-10-17,-0.7654230687798739
2016-10-18,0.9573535318736217
2016-10-19,0.1948780534531263
2016-10-20,0.6668659704249603
2016-10-21,-0.15078303418276945
2016-10-24,0.7662981463144909
2016-10-25,0.09448481157534053
2016-10-26,-0.359949565797216
2016-10-27,-0.5457788241228315
2016-10-28,-0.12103564561932385
2016-10-31,-0.5243203544566037
2016-11-01,-0.7397922944800117
2016-11-02,-2.1667156549755804
2016-11-03,-0.23600492301941436
2016-11-04,-0.20952955356653602
2016-11-07,1.6887107376958896
2016-11-08,-0.054764497970891876
2016-11-09,1.8409913111624459
2016-11-10,1.2433035289400054
2016-11-11,0.9567859173824135
2016-11-14,0.5110387842419559
2016-11-15,0.3171324011240909
2016-11-16,-1.634087280628489
2016-11-17,0.036400858978229214
2016-11-18,-0.08574030533961537
2016-11-21,0.5261996161053729
2016-11-22,-0.05266973038578159
2016-11-23,-0.8521694848022568
2016-11-24,0.1782581843114862
2016-11-25,0.14787151299952866
2016-11-28,-0.9442114079919558
2016-11-29,-0.033128424430742764
2016-11-30,-0.2254844586100279
2016-12-01,-0.8695374600292961
2016-12-02,-0.14676156305185736
2016-12-05,2.424672445800553
2016-12-06,0.41335150933879866
2016-12-07,2.3881758350449798
2016-12-08,2.0841834145253437
2016-12-09,0.33983455046496963
2016-12-12,0.1347711350375602
2016-12-13,0.5710135588261934
2016-12-14,-0.0009754227617006455
2016-12-15,0.6476911289872711
2016-12-16,-0.08424957970187363
2016-12-19,0.15049323037259735
2016-12-20,-0.027013787302654354
2016-12-21,-0.01917794868047409
2016-12-22,0.013888832998253914
2016-12-23,0.06988073044976494
2016-12-27,0.12474329810401012
2016-12-28,0.11012704285736273
2016-12-29,-0.4376256383197985
2016-12-30,0.39904190282098734
2017-01-02,1.141356838311193
2017-01-03,-0.0023245980921215415
2017-01-04,0.044260851532310214
2017-01-05,0.038652641468094356
2017-01-06,0.2833577461796575
2017-01-09,-0.4825865211477397
2017-01-10,0.25419111739127986
2017-01-11,0.006245505475817141
2017-01-12,-1.9067416232041947
2017-01-13,0.7942299455153142
2017-01-16,-0.7421518977257627
2017-01-17,-0.19964053553543504
2017-01-18,0.9259715764178487
2017-01-19,-0.38979073543042486
2017-01-20,0.6439787338927898
2017-01-23,-1.18676788658174
2017-01-24,0.853788483084063
2017-01-25,2.3062195916980124
2017-01-26,0.39565063672437456
2017-01-27,-0.5194481562763907
2017-01-30,-1.1108626796788952
2017-01-31,-1.8807858742304253
2017-02-01,1.763383391854169
2017-02-02,-0.020193944910217542
2017-02-03,-0.1476442889712775
2017-02-06,-0.9206049641035507
2017-02-07,0.5760466879716027
2017-02-08,0.3971876183131458
2017-02-09,1.301839122586757
2017-02-10,0.09327545757451695
2017-02-13,1.0335220334054223
2017-02-14,-0.2759626499864415
2017-02-15,0.19230377084090897
2017-02-16,-0.3759722894229045
2017-02-17,-0.2554440778575529
2017-02-20,0.4496022486175667
2017-02-21,1.9377979726769097
2017-02-22,-0.46112175929233634
2017-02-23,-1.211533731309792
2017-02-24,-1.126824643182572
2017-02-27,0.20750361267611012
2017-02-28,-0.04874392945264731
2017-03-01,2.0786986491244983
2017-03-02,0.11612431560158909
2017-03-03,-0.017547812995401937
2017-03-06,-0.3215192370048171
2017-03-07,0.1332393669068218
2017-03-08,-0.20561707304264085
2017-03-09,-0.9000600571797939
2017-03-10,-0.3116605352678679
2017-03-13,0.23818803346352532
2017-03-14,-0.13525976353733685
2017-03-15,-0.2545154606020898
2017-03-16,0.7670950479079841
2017-03-17,-0.5002867214922607
2017-03-20,-0.24306986009837014
2017-03-21,-0.5335026749351752
2017-03-22,-0.5424634529596623
2017-03-23,1.391731684375623
2017-03-24,0.32917009577627604
2017-03-27,-0.6761188189864943
2017-03-28,1.2031090384791325
2017-03-29,0.3077832902668639
2017-03-30,0.812092033184887
2017-03-31,0.5489050100225509
2017-04-03,-0.5618259717144148
2017-04-04,-0.16648764199417418
2017-04-05,-0.3715470200509599
2017-04-06,-0.11847249644520148
2017-04-07,-0.11577358113084625
2017-04-10,-0.5622118967160766
2017-04-11,-0.17281694018871954
2017-04-12,0.24153205399434832
2017-04-13,-0.3893522497866883
2017-04-18,-1.5923822803926362
2017-04-19,0.6647262616647274
2017-04-20,0.45810913016630245
2017-04-21,0.4752882283253445
2017-04-24,4.568749021574132
2017-04-25,0.02950711574319104
2017-04-26,0.2574200882637289
2017-04-27,0.5775932726782242
2017-04-28,0.11733810008767377
2017-05-02,0.2591020838697194
2017-05-03,0.11377864383125925
2017-05-04,0.226271405313587
2017-05-05,1.0498700767803213
2017-05-08,-0.049427455577410684
2017-05-09,0.2731673216874853
2017-05-10,0.22897498311057615
2017-05-11,-0.4139425126038544
2017-05-12,0.5099033880795109
2017-05-15,-0.14350673059629826
2017-05-16,0.435968590915973
2017-05-17,-1.0474460810258175
2017-05-18,-0.48860289881077773
2017-05-19,0.399861877491784
2017-05-22,-0.6538485292732987
2017-05-23,0.6656724178690295
2017-05-24,-0.29635251562218656
2017-05-25,-0.7813592713200838
2017-05-26,-0.380012614822137
2017-05-29,0.2663163517962427
2017-05-30,-0.2627330688596732
2017-05-31,0.2801363262339301
2017-06-01,0.989503610849216
2017-06-02,2.0243065137258127
2017-06-05,0.0
2017-06-06,-1.7555545217581399
2017-06-07,-0.5459761775213333
2017-06-08,0.35168599961674457
2017-06-09,0.5798831170254638
2017-06-12,-0.8056479958473837
2017-06-13,0.6009104947642191
2017-06-14,0.05442537179158287
2017-06-15,-0.5291795332121413
2017-06-16,-0.0031543980217673077
2017-06-19,0.9741629980128493
2017-06-20,-0.9583849585176234
2017-06-21,-0.21672920250014163
2017-06-22,0.660590403614145
2017-06-23,-0.5485699869421663
2017-06-26,0.3587646981100199
2017-06-27,-0.9292434467449797
2017-06-28,0.07855995512110098
2017-06-29,-2.351947932964337
2017-06-30,-1.9672414416520492
2017-07-03,1.3004749081793738
2017-07-04,-0.6213608562075528
2017-07-05,-0.3762778893086476
2017-07-06,-0.8480228507260271
2017-07-07,-0.1218592999761188
2017-07-10,0.26003512544094476
2017-07-11,0.293892706453932
2017-07-12,1.734661095441296
2017-07-13,-0.41824022163361274
2017-07-14,-0.29564630219652605
2017-07-17,-0.6090749137687668
2017-07-18,-0.941078415204629
2017-07-19,-0.020199259243160374
2017-07-20,0.6925759654253246
2017-07-21,-1.7287158220610586
2017-07-24,-0.648842029229768
2017-07-25,0.49606878418584327
2017-07-26,-0.06907157660820916
2017-07-27,-1.5827329780386656
2017-07-28,-0.462403315971786
2017-07-31,-0.4690156859034587
2017-08-01,1.012677386847419
2017-08-02,-0.4851087293609957
2017-08-03,-0.7424110535436141
2017-08-04,0.7173682904748467
2017-08-07,-0.27807412434623807
2017-08-08,0.132202713237485
2017-08-09,-1.030317242597389
2017-08-10,-0.9407432128376699
2017-08-11,0.458585847722009
2017-08-14,0.8167451203792722
2017-08-15,-0.12646971480920316
2017-08-16,1.0807188175330418
2017-08-17,-0.40128313356062667
2017-08-18,-0.2212651031113645
2017-08-21,-0.7892589342483339
2017-08-22,1.5425556909496911
2017-08-23,-0.5945049718554173
2017-08-24,0.027737421132330194
2017-08-25,-0.04968847008625427
2017-08-28,-0.03500204330265913
2017-08-29,-1.6891873302872955
2017-08-30,0.17028346917064804
2017-08-31,0.13476191433540602
2017-09-01,1.0012323618593943
2017-09-04,0.020136983053809666
2017-09-05,0.8067799479838695
2017-09-06,1.0767744571246265
2017-09-07,0.6295722942983781
2017-09-08,-0.47160310948765194
2017-09-11,1.488806534922813
2017-09-12,0.7657737652167297
2017-09-13,0.6432757707279545
2017-09-14,0.2653624089047054
2017-09-15,-0.5391813363428469
2017-09-18,0.1553934998962681
2017-09-19,-0.41190404310739875
2017-09-20,-0.13759236635813743
2017-09-21,0.9456284037762562
2017-09-22,-0.3975506818697141
2017-09-25,0.49249606112760974
2017-09-26,0.18171606355692146
2017-09-27,0.2846397881225991
2017-09-28,0.15918135957047633
2017-09-29,1.8480457062219364
2017-10-02,0.34466396751114836
2017-10-03,0.0
2017-10-04,2.0639034628920285
2017-10-05,-0.619405872250844
2017-10-06,0.32534187028602335
2017-10-09,0.11547458268919075
2017-10-10,-0.38011169888810276
2017-10-11,0.003747402476736754
2017-10-12,-0.3863958915247996
2017-10-13,0.31313944264763494
2017-10-16,0.10813998203416793
2017-10-17,-0.3378648461335862
2017-10-18,0.3492452922912402
2017-10-19,-0.6986161544341741
2017-10-20,-1.2482269365095073
2017-10-23,-0.15632967640382775
2017-10-24,-0.327357145329118
2017-10-25,-1.310081563999925
2017-10-26,0.5787671683555742
2017-10-27,0.9750714106610806
2017-10-30,0.7280447663863768
2017-10-31,0.0
2017-11-01,2.479624756589549
2017-11-02,0.037807564290735896
2017-11-03,0.2665665819210413
2017-11-06,0.3128650906670351
2017-11-07,-1.9769214541023146
2017-11-08,-0.06450168636963315
2017-11-09,-2.2580834721529035
2017-11-10,-0.8239655906330878
2017-11-13,-0.3135465304533772
2017-11-14,-0.29452899710869923
2017-11-15,-0.7604148408418556
2017-11-16,0.2518549714511923
2017-11-17,-0.4753318699038018
2017-11-20,0.38994940254385707
2017-11-21,0.7762829940202978
2017-11-22,-0.7095540515201015
2017-11-23,0.05157877823825875
2017-11-24,-0.16805498920345965
2017-11-27,-0.45533018291001814
2017-11-28,0.1295704974631303
2017-11-29,-0.09514649809022101
2017-11-30,-0.4106948423247238
2017-12-01,-1.1268356046588146
2017-12-04,1.5896061950616074
2017-12-05,-0.683394455920733
2017-12-06,-0.6096047446353038
2017-12-07,-0.08642586427024988
2017-12-08,0.7805531930106719
2017-12-11,0.6851988319193154
2017-12-12,0.725685730248526
2017-12-13,-0.4518423223224808
2017-12-14,-0.2557704979995719
2017-12-15,0.45687541644315255
2017-12-18,1.7180431473456275
2017-12-19,-0.46469297146560934
2017-12-20,-0.918969340199061
2017-12-21,0.6578670967812749
2017-12-22,-0.3128171735407723
2017-12-27,0.0923049562222681
2017-12-28,-0.8046624934356211
2017-12-29,-0.4623252890416543
2018-01-02,-0.8820777402531891
2018-01-03,0.5739870946331623
2018-01-04,1.7418806977371983
2018-01-05,1.7597766340964456
2018-01-08,0.5329845684612808
2018-01-09,0.14150554407385266
2018-01-10,-1.1064702707039187
2018-01-11,-0.21189673021917774
2018-01-12,0.6990787007076616
2018-01-15,-0.20972186669498719
2018-01-16,1.2920515909282348
2018-01-17,-0.5955058942018656
2018-01-18,0.4278480933469562
2018-01-19,0.9489492110347021
2018-01-22,1.2339128301776237
2018-01-23,0.9135156798304581
2018-01-24,-1.2655758727992803
2018-01-25,-0.9425597911291046
2018-01-26,0.0698791658929402
2018-01-29,-0.2566550595500082
2018-01-30,-0.5958851574742283
2018-01-31,-0.004962960502639258
2018-02-01,-1.1852470919755207
2018-02-02,-1.4491631199728645
2018-02-05,-1.1539931452318501
2018-02-06,-1.564460030961571
2018-02-07,0.7867087008155463
2018-02-08,-1.7486194017885166
2018-02-09,-1.2984151557961419
2018-02-12,1.0127874777156236
2018-02-13,-0.5390564250501032
2018-02-14,0.9412186315114709
2018-02-15,-0.08770731251983305
2018-02-16,0.7980857205709816
2018-02-19,-0.5527532555957051
2018-02-20,0.5169451882263274
2018-02-21,-0.43877117506638286
2018-02-22,0.00119753197101753
2018-02-23,-0.16789133189097386
2018-02-26,0.44270479452315564
2018-02-27,-0.5078107614691741
2018-02-28,-1.2418830467728117
2018-03-01,-1.4183255270341553
2018-03-02,-2.2658864398025673
2018-03-05,0.6392367885586877
2018-03-06,0.49787337943765614
2018-03-07,0.7355686905064218
2018-03-08,0.42229073653957
2018-03-09,0.19088144398541174
2018-03-12,0.5301201232767586
2018-03-13,-1.410525544207904
2018-03-14,-0.21597192706304322
2018-03-15,0.3285575855192311
2018-03-16,0.7349601439284928
2018-03-19,-1.3266035280238297
2018-03-20,0.5697680507765168
2018-03-21,0.1628591302643172
2018-03-22,-1.51388751098373
2018-03-23,-1.7211041148081812
2018-03-26,-0.21505288604839723
2018-03-27,0.9691595981797129
2018-03-28,0.02982754141421452
2018-03-29,1.4979616692832838
2018-04-03,-0.5608072001161499
2018-04-04,-0.40030859539618086
2018-04-05,2.196823525711789
2018-04-06,-0.12113989317153095
2018-04-09,-0.1076938513014233
2018-04-10,1.7634115803927204
2018-04-11,-0.5725595389506223
2018-04-12,0.5948737107587153
2018-04-13,0.46107014824792975
2018-04-16,-0.5285114776654029
2018-04-17,1.2443377968641445
2018-04-18,-0.11865389745042972
2018-04-19,0.22465550852078417
2018-04-20,0.048965047330010544
2018-04-23,0.042496894348536256
2018-04-24,-0.8558007090984125
2018-04-25,-1.1463041927675317
2018-04-26,0.29486057761682233
2018-04-27,0.7971982709466122
2018-04-30,0.6950916001331816
2018-05-02,0.9973256074864028
2018-05-03,-0.34985672847062343
2018-05-04,0.8055855170205957
2018-05-07,0.21953548763034567
2018-05-08,0.1877107748056353
2018-05-09,1.3515408189151437
2018-05-10,0.620434982802693
2018-05-11,-0.33054580156864416
2018-05-14,0.0163831193628382
2018-05-15,0.13843780006143785
2018-05-16,0.7037156621857567
2018-05-17,0.905003398816915
2018-05-18,-0.32334046975782865
2018-05-21,0.0
2018-05-22,1.1779516823167684
2018-05-23,-1.8599568847032226
2018-05-24,-1.156397286527866
2018-05-25,0.3918894635180312
2018-05-28,-0.5147267436556753
2018-05-29,-1.0472581561993497
2018-05-30,1.324561845737215
2018-05-31,-0.9957406927451107
2018-06-01,1.0042304071110302
2018-06-04,-0.03690556601608009
2018-06-05,-0.3284531767636334
2018-06-06,0.0848099056475988
2018-06-07,-0.16510860394840982
2018-06-08,-0.4535682292530625
2018-06-11,0.08007524382319817
2018-06-12,-0.2954863212306812
2018-06-13,1.4268614265794233
2018-06-14,1.8157759259717914
2018-06-15,-0.6768320119504531
2018-06-18,-1.1698460277982587
2018-06-19,-1.3385578329719459
2018-06-20,0.004315594792222618
2018-06-21,-1.4978752848253516
2018-06-22,0.7639814759457944
2018-06-25,-2.0654256551769783
2018-06-26,-0.4285657861217443
2018-06-27,0.49641617160194285
2018-06-28,-1.2513877546146583
2018-06-29,0.2538364865617871
2018-07-02,0.04406662004000114
2018-07-03,0.23975521382691706
2018-07-04,0.004063238659275274
2018-07-05,1.1634738055817364
2018-07-06,-0.22169344351402503
2018-07-09,0.28655554387968435
2018-07-10,0.5193367601959203
2018-07-11,-1.6425516788070218
2018-07-12,0.4661226025930326
2018-07-13,0.37328990443845844
2018-07-16,-0.19053458559057368
2018-07-17,0.49001818048900786
2018-07-18,0.4766813274927277
2018-07-19,-0.33281784584554386
2018-07-20,-1.0337438865639283
2018-07-23,0.41956487959908517
2018-07-24,1.3438575738621892
2018-07-25,-1.0042759281743185
2018-07-26,2.6657407965239486
2018-07-27,0.40094520380048243
2018-07-30,-0.392048137690571
2018-07-31,0.04049421681818998
2018-08-01,-0.4675246053764538
2018-08-02,-1.9815999209547652
2018-08-03,0.19969416267075843
2018-08-06,0.212859654629788
2018-08-07,0.612220131980048
2018-08-08,0.06449033481606274
2018-08-09,0.10538149521455077
2018-08-10,-1.6556940574629135
2018-08-13,-3.1604714903686317
2018-08-14,-0.14055295499952733
2018-08-15,-1.3052856333249252
2018-08-16,-0.8350830572511883
2018-08-17,0.25966612677240747
2018-08-20,0.9334728265821587
2018-08-21,0.6680158842112738
2018-08-22,0.25657977461770437
2018-08-23,-0.5975977112644366
2018-08-24,0.14152925417155915
2018-08-27,1.0059102320385123
2018-08-28,0.2782673303897896
2018-08-29,0.18568623365080505
2018-08-30,-0.38730821950903616
2018-08-31,-1.0716288941275078
2018-09-03,-0.3150507643684312
2018-09-04,-0.8581624216532024
2018-09-05,-1.0349012665716741
2018-09-06,-1.4729229757384645
2018-09-07,-0.46416267119441257
2018-09-10,-0.3197768667550304
2018-09-11,-0.8551887653416231
2018-09-12,0.38071460130862284
2018-09-13,0.2836749431068195
2018-09-14,0.845697591762892
2018-09-17,0.21080715953585508
2018-09-18,0.23136990292741305
2018-09-19,0.6609091254692729
2018-09-20,1.6290574873449515
2018-09-21,0.46015792502932956
2018-09-24,-0.7217899483864896
2018-09-25,-1.7218245950617386
2018-09-26,0.3040278763982655
2018-09-27,0.4283568542025452
2018-09-28,-1.2124684974795805
2018-10-01,-0.0930191352607448
2018-10-02,-1.06383572175714
2018-10-04,-0.04513333205175073
2018-10-05,-0.8719353100444591
2018-10-08,-0.45024027434977504
2018-10-09,-0.18394348214307243
2018-10-10,-1.0071225835562252
2018-10-11,-0.10474733744810172
2018-10-12,-0.6546852754891761
2018-10-15,1.3572265905552199
2018-10-16,0.689966963005781
2018-10-17,-0.421431739893804
2018-10-18,0.09622748564927455
2018-10-19,-0.9616962516048909
2018-10-22,-0.4789329576642851
2018-10-23,-3.9366640283335954
2018-10-24,-0.4610910172430251
2018-10-25,0.16337444964721762
2018-10-26,-0.1444043017313644
2018-10-29,1.4699511227899762
2018-10-30,-0.782106721460409
2018-10-31,0.7339541936829077
2018-11-01,0.8116673572901182
2018-11-02,0.6685841458820051
2018-11-05,-0.07405552017683163
2018-11-06,-0.3972961276082825
2018-11-07,-0.1122392453817478
2018-11-08,-0.255501524121448
2018-11-09,-0.40107971149431193
2018-11-12,-1.9269041973435406
2018-11-13,0.12633378881344867
2018-11-14,-0.9119680392646902
2018-11-15,-0.3640195533976346
2018-11-16,-0.5798489981478885
2018-11-19,-0.33147661219832447
2018-11-20,-1.106842790165444
2018-11-21,1.4884981037740457
2018-11-22,-0.5934665050412109
2018-11-23,0.32695537987718976
2018-11-26,1.688540001887404
2018-11-27,-0.5159785773285567
2018-11-28,0.10717528357962218
2018-11-29,-0.5682207339785262
2018-11-30,0.13467141489008697
2018-12-03,2.7044619261889924
2018-12-04,-1.092494576126743
2018-12-05,-0.45018582119408646
2018-12-06,-2.744826552137888
2018-12-07,0.2418682537103808
2018-12-10,-1.505488956832029
2018-12-11,1.2088084716653782
2018-12-12,1.148669994816762
2018-12-13,0.5702510413975492
2018-12-14,-0.34468418587202804
2018-12-17,0.004107825258718918
2018-12-18,-0.1908112510116586
2018-12-19,-0.8037266996156569
2018-12-20,-0.9642240360000824
2018-12-21,0.11869730286298272
2018-12-27,-2.060677439731546
2018-12-28,1.055467306578803
2019-01-02,-0.03195063218496869
2019-01-03,-0.8047359310273127
2019-01-04,3.019945990682369
2019-01-07,-0.39898817043585355
2019-01-08,0.5385201154905207
2019-01-09,0.2683671355274722
2019-01-10,-0.002724007590738483
2019-01-11,-0.48179544243886957
2019-01-14,-0.36121198890196277
2019-01-15,0.13547249109839574
2019-01-16,-0.030928598517761904
2019-01-17,-0.3252935480439531
2019-01-18,2.0638039730671767
2019-01-21,-0.20816073534050125
2019-01-22,-0.36867343421360566
2019-01-23,-0.30648714036929425
2019-01-24,0.35897827648123365
2019-01-25,1.301691052756018
2019-01-28,-0.5843490859295006
2019-01-29,-0.13295722954396968
2019-01-30,-0.4485359543863666
2019-01-31,0.28448783884033524
2019-02-01,0.4761392246145489
2019-02-04,-0.24997900824058242
2019-02-05,1.1537658376295874
2019-02-06,-0.3121123214894543
2019-02-07,-2.4367207825328534
2019-02-08,-1.1329188999124968
2019-02-11,0.27151950689464555
2019-02-12,0.4756090780323958
2019-02-13,0.40702220776730924
2019-02-14,-1.323521524286626
2019-02-15,2.0074291675783127
2019-02-18,-0.2212020592021362
2019-02-19,0.058736898813868385
2019-02-20,0.7903300937169804
2019-02-21,-0.0015478626824234156
2019-02-22,0.036058075351664075
2019-02-25,0.35331371687212604
2019-02-26,0.3462420476194665
2019-02-27,0.7641242087920306
2019-02-28,0.2518475159625716
2019-03-01,0.8265091288816672
2019-03-04,0.45352417207117107
2019-03-05,0.26410737969481735
2019-03-06,-0.3362830134891923
2019-03-07,-1.346775475606359
2019-03-08,-1.411614018066439
2019-03-11,0.1337945322739215
2019-03-12,-0.4956434724631195
2019-03-13,0.6429465748765969
2019-03-14,0.15606716554848205
2019-03-15,0.4546371828486876
2019-03-18,0.15768140284837587
2019-03-19,1.876513879124106
2019-03-20,-4.932161449633879
2019-03-21,-0.49511502767617394
2019-03-22,-1.5601778523782073
2019-03-25,-0.7344089607901021
2019-03-26,-0.43529356311558315
2019-03-27,-0.0008918385533490382
2019-03-28,-0.2166958169820134
2019-03-29,0.8720918524667571
2019-04-01,0.8869202672591213
2019-04-02,0.9647152991727432
2019-04-03,1.0706182674888411
2019-04-04,0.3422927529869998
2019-04-05,0.6097628610617049
2019-04-08,-0.14502851086752494
2019-04-09,-0.5103707467288853
2019-04-10,0.38075337684980426
2019-04-11,0.03726915684224013
2019-04-12,1.108613014348861
2019-04-15,0.1901228261399337
2019-04-16,0.6041376812330477
2019-04-17,0.30280734638980406
2019-04-18,0.16025434882236056
2019-04-23,0.06871153889030421
2019-04-24,-1.143481411970664
2019-04-25,0.12912236829641127
2019-04-26,0.2795008923735586
2019-04-29,0.3312809918062625
2019-04-30,0.21794591469027136
2019-05-02,0.6476495425155837
2019-05-03,0.20889407460125609
2019-05-06,-1.366333425089451
2019-05-07,-2.004981094558086
2019-05-08,0.8572929039156063
2019-05-09,-2.400844385564303
2019-05-10,0.41513443441059056
2019-05-13,-1.2018084225673729
2019-05-14,-0.25274103108258134
2019-05-15,1.3357340520560101
2019-05-16,0.691126229225769
2019-05-17,-0.4528481616152383
2019-05-20,-1.4036968891823631
2019-05-21,0.4174608701437256
2019-05-22,-0.38843981348797235
2019-05-23,-1.6929708787600386
2019-05-24,0.2283065873810191
2019-05-27,0.4560433333494251
2019-05-28,0.36116061414060235
2019-05-29,-1.5362789052036248
2019-05-30,0.19566108741203925
2019-05-31,-1.4652799255197282
2019-06-03,0.5413158678500244
2019-06-04,1.3770818152901414
2019-06-05,-0.3244504644085612
2019-06-06,-0.7639521194078631
2019-06-07,-0.044924975182234435
2019-06-11,1.0231840869735604
2019-06-12,-0.5055543439036706
2019-06-13,0.2442445042323182
2019-06-14,-0.796851693274418
2019-06-17,-0.4591246445030884
2019-06-18,2.015692533498537
2019-06-19,0.7535792508201169
2019-06-20,0.3794532434546056
2019-06-21,-0.5193305664719281
2019-06-24,-0.0007520953250743338
2019-06-25,-0.527847605312371
2019-06-26,0.6479985132550309
2019-06-27,2.3401422615271086
2019-06-28,0.3593491011616402
2019-07-01,0.4743800018202484
2019-07-02,-0.4672579649068865
2019-07-03,0.7886285344613964
2019-07-04,0.1934469157041201
2019-07-05,-0.9054092937823379
2019-07-08,-0.6872443160343435
2019-07-09,-0.36520058412707407
2019-07-10,-0.4931860478375145
2019-07-11,-0.657553129760161
2019-07-12,0.12991658582603396
2019-07-15,0.26133848802656184
2019-07-16,0.6140315060580877
2019-07-17,-0.5888791432282053
2019-07-18,-0.37995215145470357
2019-07-19,0.735739102321517
2019-07-22,0.10915936837178436
2019-07-23,2.609683525597904
2019-07-24,0.07537618352980818
2019-07-25,-1.2126639148076288
2019-07-26,0.22508684166298723
2019-07-29,-0.3641049753989326
2019-07-30,-2.0310312771825645
2019-07-31,0.4385583732029855
2019-08-01,-0.16209136314677292
2019-08-02,-3.0501172913328403
2019-08-05,-1.8374430999208362
2019-08-06,-0.4861863676920598
2019-08-07,1.0845193066694705
2019-08-08,1.7707286095157477
2019-08-09,-0.2794272135131781
2019-08-12,-0.4133851459854429
2019-08-13,0.585940946874894
2019-08-14,-1.5516152653497355
2019-08-15,-0.8134182559846905
2019-08-16,0.9508167172305219
2019-08-19,1.0990580501352292
2019-08-20,-0.2955167674013375
2019-08-21,1.1035916067444316
2019-08-22,0.11024518120347145
2019-08-23,-1.1964824499364997
2019-08-26,0.400331496478146
2019-08-27,0.18822019673166057
2019-08-28,-0.07869680115596529
2019-08-29,0.8139473237769003
2019-08-30,0.3802272005051543
2019-09-02,-0.4398923810987701
2019-09-03,-0.3389480777367517
2019-09-04,1.0574912719489915
2019-09-05,0.2137495239768179
2019-09-06,0.46159877977399755
2019-09-09,0.9325815804811243
2019-09-10,1.407263240502504
2019-09-11,0.34402816353718424
2019-09-12,-0.21368381874928222
2019-09-13,0.2478538624277732
2019-09-16,-0.1210432317032
2019-09-17,-0.5804447432709016
2019-09-18,-0.40164586120003815
2019-09-19,0.7772725130680147
2019-09-20,0.3780638978134651
2019-09-23,-1.5803028681377278
2019-09-24,-0.43009273837719764
2019-09-25,0.0445519981101331
2019-09-26,-0.8691090541841034
2019-09-27,0.9152641469087017
2019-09-30,0.5976142987102127
2019-10-01,-1.585078553738009
2019-10-02,-1.9864210074243462
2019-10-04,0.5024641830486485
2019-10-07,0.7833267619120702
2019-10-08,-0.6622639577679929
2019-10-09,0.8388074992855316
2019-10-10,0.5147197708752654
2019-10-11,1.8667807684788331
2019-10-14,0.21355364021710332
2019-10-15,1.2665918483522516
2019-10-16,0.23731813254050735
2019-10-17,-0.2635418091831537
2019-10-18,-0.26707164685453577
2019-10-21,0.9745070529177428
2019-10-22,0.2841542769048209
2019-10-23,0.8514825285784349
2019-10-24,0.4957685000974126
2019-10-25,0.03228739280085092
2019-10-28,0.3280918145699514
2019-10-29,-0.12301500229562633
2019-10-30,0.14062726020921235
2019-10-31,0.41249154879664673
2019-11-01,0.9819385612132732
2019-11-04,2.38476137393078
2019-11-05,0.837024890737794
2019-11-06,0.2922229792451981
2019-11-07,1.679790905750771
2019-11-08,-0.11690856518372122
2019-11-11,-0.36084101014960906
2019-11-12,0.3819702959270515
2019-11-13,-0.4044796969706522
2019-11-14,-0.10858639454260796
2019-11-15,0.5571555947280874
2019-11-18,-0.8121636994874049
2019-11-19,0.12768711902119992
2019-11-20,-0.45480950359886596
2019-11-21,-0.17631293270370674
2019-11-22,0.20777598787691925
2019-11-25,1.06424748304894
2019-11-26,-0.0857188561133788
2019-11-27,0.7035462645759067
2019-11-28,-0.9450352813742708
2019-11-29,-0.32986667020212074
2019-12-02,-1.5141863825969513
2019-12-03,0.20980014314942297
2019-12-04,1.5373992807961978
2019-12-05,-0.6201360487078678
2019-12-06,0.7016752183172639
2019-12-09,-0.6750766700706813
2019-12-10,-0.06802541695389908
2019-12-11,1.0319632928554983
2019-12-12,0.785673402022343
2019-12-13,1.0009299975711634
2019-12-16,0.8537808670269305
2019-12-17,-1.5423810176010457
2019-12-18,0.05426717006155736
2019-12-19,-0.22153006342148382
2019-12-20,0.43575203033162696
2019-12-23,0.5071833165400291
2019-12-27,0.012910874362499828
2019-12-30,-0.8548224379914009
2020-01-02,1.4384959203867727
2020-01-03,-1.443911078860335
2020-01-06,-0.6188184673338692
2020-01-07,0.8678465821966926
2020-01-08,1.010173952892943
2020-01-09,0.6370855203286907
2020-01-10,-0.2861138587612864
2020-01-13,-0.7424236091478416
2020-01-14,-0.04913343824876578
2020-01-15,-0.34821006789450165
2020-01-16,-0.6382268759713207
2020-01-17,0.4729215569904461
2020-01-20,0.31246604981779363
2020-01-21,0.11743583770196167
2020-01-22,-1.1074617979333472
2020-01-23,-1.0315389967144808
2020-01-24,1.0811089276131762
2020-01-27,-2.522671959448848
2020-01-28,0.5621136669115283
2020-01-29,-0.16677957107470875
2020-01-30,-1.7011712867518274
2020-01-31,-1.199951178119134
2020-02-03,0.014773821030616675
2020-02-04,1.4757164829861305
2020-02-05,1.3557601664072423
2020-02-06,0.20996880538669827
2020-02-07,-0.987946534838458
2020-02-10,-0.5389224203598092
2020-02-11,0.5653253398394897
2020-02-12,1.3155854097310895
2020-02-13,-0.913178050349153
2020-02-14,-0.39546111171423287
2020-02-17,0.06232896401683718
2020-02-18,-1.0997624331660039
2020-02-19,0.21651897456319952
2020-02-20,-0.5452597422939611
2020-02-21,-0.829283211594043
2020-02-24,-4.1303120428858815
2020-02-25,-0.6605757271090664
2020-02-26,0.12377132583799384
2020-02-27,-1.97499555212573
2020-02-28,-1.4880229431381224
2020-03-02,-0.6257368182149337
2020-03-03,-0.27258596534076013
2020-03-04,1.086553968668687
2020-03-05,-0.7519601212302681
2020-03-06,-1.6950389899721634
2020-03-09,-5.165955811937759
2020-03-10,-0.5939519107451539
2020-03-11,-0.04056156139809428
2020-03-12,-4.964985829231099
2020-03-13,0.19073729703376166
2020-03-16,-1.3178220231241058
2020-03-17,0.5963846791856099
2020-03-18,-1.3915078417398412
2020-03-19,-0.02339511996780882
2020-03-20,1.4770748249367904
2020-03-23,-0.5717814541340056
2020-03-24,2.466124589390689
2020-03-25,0.23016908334517613
2020-03-26,0.10966275137175988
2020-03-27,-0.7691997884130843
2020-03-30,0.5335650802870114
2020-03-31,0.4559704076829591
2020-04-01,-0.8738676965576971
2020-04-02,0.4011126410834153
2020-04-03,-0.0006634632776046649
2020-04-06,1.695235167698279
2020-04-07,0.625191019688953
2020-04-08,-0.47171091534878157
2020-04-09,0.3813496070557128
2020-04-14,0.4529549761181935
2020-04-15,-1.3026165285196267
2020-04-16,0.10955950868733749
2020-04-17,1.008505510532253
2020-04-20,-0.04201681508478999
2020-04-21,-1.0306052998608344
2020-04-22,0.5183202601243375
2020-04-23,0.4372831080964165
2020-04-24,-0.6089059549369961
2020-04-27,1.5434682978374845
2020-04-28,0.6464074613054875
2020-04-29,1.0998521018885485
2020-04-30,-0.8589218565896881
2020-05-04,-1.3454323874367147
2020-05-05,0.9320022804809232
2020-05-06,-0.8339554173763469
2020-05-07,-0.12451656535209528
2020-05-08,0.9446240562996774
2020-05-11,-0.08678290602265691
2020-05-12,-0.009143308784444075
2020-05-13,-0.9339133244751152
2020-05-14,-1.0159925029456427
2020-05-15,1.0138208562064999
2020-05-18,2.2928616700996804
2020-05-19,0.12883579672182793
2020-05-20,0.18201342924547334
2020-05-21,-0.5341912555981274
2020-05-22,-0.0784061911006185
2020-05-25,1.2466113529538478
2020-05-26,0.5125085151969723
2020-05-27,0.7706395771087075
2020-05-28,0.11453774196344457
2020-05-29,-0.8747807990203513
2020-06-02,1.7831147676796117
2020-06-03,1.1661660585561864
2020-06-04,-0.5107231210617843
2020-06-05,1.4130102815805838
2020-06-08,0.6146261441452485
2020-06-09,-0.6270542930015228
2020-06-10,-0.32063247765905006
2020-06-11,-2.1337638143178057
2020-06-12,0.24049015812676425
2020-06-15,-0.17670183202544737
2020-06-16,1.421839602409389
2020-06-17,0.193170030465406
2020-06-18,-0.08695512430667349
2020-06-19,0.27234957763926537
2020-06-22,-0.21088978578219725
2020-06-23,1.241664566188507
2020-06-24,-1.424101998256431
2020-06-25,-0.07443216066576604
2020-06-26,-0.600713176563565
2020-06-29,0.5236975862664391
2020-06-30,-0.06831667688674448
2020-07-01,-0.2545632545026734
2020-07-02,1.1570753520647807
2020-07-03,-0.3596397493476032
2020-07-06,0.7187126299279581
2020-07-07,-0.7572862350170713
2020-07-08,-0.6689855455324817
2020-07-09,-0.1721043873841104
2020-07-10,0.8647606080928186
2020-07-13,0.45676409265008144
2020-07-14,-0.31511053739096795
2020-07-15,0.6049478684821258
2020-07-16,-0.20917094151012033
2020-07-17,0.2997228488299244
2020-07-20,-0.13534732475123712
2020-07-21,0.9834254003872505
2020-07-22,-1.0330785732273071
2020-07-23,0.7516724777660176
2020-07-24,-1.0813762254661916
2020-07-27,-0.5886896509824968
2020-07-28,0.03138364315828605
2020-07-29,-0.6396315729083387
2020-07-30,-2.6162248790378864
2020-07-31,-0.9034881203931775
2020-08-03,1.9530092860189263
2020-08-04,-0.0674457582143821
2020-08-05,-0.701786910106581
2020-08-06,-0.07187136864877125
2020-08-07,0.24793995423330137
2020-08-10,0.3501357666283545
2020-08-11,1.903373066320747
2020-08-12,0.323441436061202
2020-08-13,-0.4666409044661158
2020-08-14,-0.4675994337839048
2020-08-17,0.026957026356237673
2020-08-18,-0.15107143694017527
2020-08-19,0.8758835663923779
2020-08-20,-1.1674338412357537
2020-08-21,-0.4345086499696691
2020-08-24,1.8728389205688754
2020-08-25,-0.3109288187714291
2020-08-26,0.7333911888826848
2020-08-27,-0.48229089772707034
2020-08-28,-0.7895201634369833
2020-08-31,-0.08282799355153456
2020-09-01,0.2132806121212302
2020-09-02,0.9062447157324882
2020-09-03,-0.7619583191535175
2020-09-04,-0.42888993634054295
2020-09-07,1.3880913819141851
2020-09-08,-0.371500711221768
2020-09-09,1.0666337974030347
2020-09-10,-0.33217149915365485
2020-09-11,0.25998357658118326
2020-09-14,-0.18669579024280436
2020-09-15,0.8231828212548943
2020-09-16,0.4007887674009661
2020-09-17,0.2542790774000702
2020-09-18,-0.5614345481441739
2020-09-21,-4.6541563063169376
2020-09-22,0.16801870736437124
2020-09-23,0.3898345126692265
2020-09-24,-0.09925872975966904
2020-09-25,-1.2220404426975555
2020-09-28,2.9230084692939977
2020-09-29,-0.3340794095628401
2020-09-30,-0.18226335932906895
2020-10-01,-2.4343027810713638
2020-10-02,-0.6394999854259334
2020-10-05,1.2188946037104356
2020-10-06,0.2615005081698321
2020-10-07,-0.08197735497442857
2020-10-08,0.5878882862162347
2020-10-09,-0.004088734845278573
2020-10-12,0.1017309568837343
2020-10-13,-1.05337165235938
2020-10-14,-0.03230016889161193
2020-10-15,-1.1561781855476754
2020-10-16,0.830805505831156
2020-10-19,-0.13618092344355268
2020-10-20,-0.12529784154573043
2020-10-21,-0.9659604943595583
2020-10-22,0.044442725758301514
2020-10-23,0.14041086779548265
2020-10-26,-0.5939420413335857
2020-10-27,-1.1394487399421915
2020-10-28,-3.178751478376796
2020-10-29,0.19989402975832812
2020-10-30,-0.06738576694802123
2020-11-02,1.4090546784010882
2020-11-03,1.2358961106746185
2020-11-04,1.0092328999431228
2020-11-05,1.0354254398826535
2020-11-06,-0.9569062952235255
2020-11-09,3.559111701949045
2020-11-10,0.932079925400003
2020-11-11,0.19218410482526935
2020-11-12,-0.5396245184768945
2020-11-13,-0.01098038077106625
2020-11-16,0.33894685830762183
2020-11-17,-0.11615529292438752
2020-11-18,0.08345575099686024
2020-11-19,-0.5221866165241401
2020-11-20,0.5163904626689124
2020-11-23,0.15842889717405662
2020-11-24,1.1351202339354853
2020-11-25,-0.13028215388021103
2020-11-26,-0.43886482231765983
2020-11-27,0.07015274595812875
2020-11-30,-0.609069212516751
2020-12-01,0.7809259884318698
2020-12-02,-0.4684018422198009
2020-12-03,-0.2244044266965227
2020-12-04,0.4560550681602978
2020-12-07,-0.8063158770249307
2020-12-08,0.18612698697613642
2020-12-09,0.05705826291547022
2020-12-10,-0.6551915547054894
2020-12-11,-0.947718409739367
2020-12-14,0.8282030542934292
2020-12-15,1.032139052212915
2020-12-16,1.448590280784824
2020-12-17,-0.11448794023369104
2020-12-18,0.3572297701384223
2020-12-21,-2.7241445547864678
2020-12-22,0.7528702553244182
2020-12-23,0.7960747686779781
2020-12-28,0.5984252774282864
2020-12-29,-0.4472442373785983
2020-12-30,-0.4242947178195878
2021-01-04,0.4201937356205643
2021-01-05,-0.27963320557541194
2021-01-06,1.831771781024325
2021-01-07,0.8051506636748789
2021-01-08,-0.5615128040941584
2021-01-11,-0.6062964319865289
2021-01-12,-0.10448432964298401
2021-01-13,0.5576649665668802
2021-01-14,0.17562464709348627
2021-01-15,-0.8654906177553081
2021-01-18,0.2219842226965857
2021-01-19,0.05028873592954136
2021-01-20,1.525158435255417
2021-01-21,0.0618737731563077
2021-01-22,1.5780421694084414
2021-01-25,-1.6126767849822654
2021-01-26,1.1729352346057942
2021-01-27,-1.2549230512464251
2021-01-28,0.3205020189520821
2021-01-29,-1.0856091852430176
2021-02-01,0.6827863465025146
2021-02-02,1.3830089910178447
2021-02-03,0.6160614962109343
2021-02-04,1.4993176641645027
2021-02-05,-0.07576849366853479
2021-02-08,-0.42260349569931716
2021-02-09,-0.20964180532147791
2021-02-10,-0.07625112742228743
2021-02-11,-0.05024107459900943
2021-02-12,0.19053808897253502
2021-02-15,0.19106776532512423
2021-02-16,-0.3903028394444584
2021-02-17,-0.22600818697318872
2021-02-18,-0.6633139730712794
2021-02-19,1.2999856659632305
2021-02-22,-0.4026610397824771
2021-02-23,-1.4392302690448475
2021-02-24,1.5912696816594551
2021-02-25,-1.4528434159157526
2021-02-26,-1.1417404471979524
2021-03-01,1.813821435808385
2021-03-02,-0.1509892639265473
2021-03-03,1.4911564240890989
2021-03-04,-0.12290893924292108
2021-03-05,-0.7224681568481692
2021-03-08,2.8567352007893554
2021-03-09,0.034111955208431924
2021-03-10,0.9854037007331145
2021-03-11,-1.2523354611430482
2021-03-12,-0.2546785810405291
2021-03-15,0.011668584515232042
2021-03-16,0.770685058626602
2021-03-17,1.3019570593128678
2021-03-18,1.2646508233659433
2021-03-19,-1.4621482123799363
2021-03-22,0.1816310992951341
2021-03-23,0.05627455219230522
2021-03-24,-0.46382364895227296
2021-03-25,0.042057827879891624
2021-03-26,0.3847362837468453
2021-03-29,0.621298967966538
2021-03-30,1.5464926411802202
2021-03-31,-0.16435293990401728
2021-04-01,-0.12817481295652564
2021-04-06,0.5573709359915128
2021-04-07,-0.4658840044804303
2021-04-08,-0.2475719786567999
2021-04-09,-0.0653396619775352
2021-04-12,-0.12494354097510006
2021-04-13,-0.1565083902724872
2021-04-14,-0.5090811617506349
2021-04-15,0.3240892668988406
2021-04-16,2.110412402691669
2021-04-19,-0.12906966747117124
2021-04-20,-1.521444230359363
2021-04-21,0.6647598050461578
2021-04-22,0.4446208257376721
2021-04-23,-0.424997823037777
2021-04-26,0.21012107856045237
2021-04-27,-0.5270096163717005
2021-04-28,0.3604084647849109
2021-04-29,-1.2786508461634183
2021-04-30,0.10031302672526625
2021-05-03,0.534700861994286
2021-05-04,-2.475829853755432
2021-05-05,1.5729105309476183
2021-05-06,0.32911856849196525
2021-05-07,0.8835459379483989
2021-05-10,0.47392735385384177
2021-05-11,-1.4410529478449785
2021-05-12,1.6759141649047036
2021-05-13,-0.11625249438172745
2021-05-14,1.1910471439227244
2021-05-17,-0.3328899356081288
2021-05-18,-0.48673766855172856
2021-05-19,-1.6220301621698647
2021-05-20,0.48970894082659416
2021-05-21,0.4539703504156052
2021-05-25,-0.2680621637128004
2021-05-26,-0.09657717887329109
2021-05-27,-1.8234065169738376
2021-05-28,0.7592450281427984
2021-05-31,-0.8915010730409648
2021-06-01,1.052914746733913
2021-06-02,0.8371654891190696
2021-06-03,0.9550808101342263
2021-06-04,0.32221371711594543
2021-06-07,0.527140584812911
2021-06-08,-0.21540715189137832
2021-06-09,-0.10691202988719062
2021-06-10,-0.6202194444744847
2021-06-11,1.0479543320825275
2021-06-14,-0.3099979173501988
2021-06-15,0.6709977482127112
2021-06-16,-0.9789966911525022
2021-06-17,0.3186519408736391
2021-06-18,-1.8801761319308556
2021-06-21,0.880314334706232
2021-06-22,-0.4565893091608096
2021-06-23,-0.827588716059407
2021-06-24,0.41533443947639614
2021-06-25,0.5633618425675938
2021-06-28,-1.2172068660964528
2021-06-29,0.29580764730309483
2021-06-30,-1.0429867407474283
2021-07-01,0.7020230762989619
2021-07-02,-0.2718781339291636
2021-07-05,-0.2793565350667329
2021-07-06,-1.905444382741248
2021-07-07,0.5965374172593972
2021-07-08,-1.4040489206364521
2021-07-09,1.4706030171584306
2021-07-12,0.3740176806240056
2021-07-13,0.03237849095139138
2021-07-14,0.05681033503784318
2021-07-15,-1.3359789635018562
2021-07-16,-0.6486817727716078
2021-07-19,-2.381189927206286
2021-07-20,0.7178953127928888
2021-07-21,1.3214999642920862
2021-07-22,0.5717927156985302
2021-07-23,0.6272659351385331
2021-07-26,0.04603582849859756
2021-07-27,-1.1476920201673522
2021-07-28,0.014191307530393184
2021-07-29,0.6837249388937126
2021-07-30,-1.1056328839827985
2021-08-02,1.0797520277525279
2021-08-03,-1.5632813372105987
2021-08-04,0.6584099123950813
2021-08-05,-1.3690730299271732
2021-08-06,0.5734673707028243
2021-08-09,-0.3116520597689446
2021-08-10,0.187903187154122
2021-08-11,0.5795607221012254
2021-08-12,0.8635452005965053
2021-08-13,-0.26500030140334396
2021-08-16,-0.6169699705079268
2021-08-17,-0.14723461053647616
2021-08-18,-0.14933954436331562
2021-08-19,-1.8264374393635572
2021-08-20,-0.3063048867503688
2021-08-23,0.3470228698640625
2021-08-24,0.8407225196691467
2021-08-25,-0.5516881852595685
2021-08-26,-0.2536846327146132
2021-08-27,0.44544563456485525
2021-08-30,0.3398888456813735
2021-08-31,0.3820486804755635
2021-09-01,-0.6229539766923559
2021-09-02,0.8139706651350587
2021-09-03,0.04032880976563957
2021-09-06,1.3095792468973997
2021-09-07,-0.14505877931632422
2021-09-08,-2.4991273154680247
2021-09-09,-0.10439630654971277
2021-09-10,0.8570228397142343
2021-09-13,1.0443640574078312
2021-09-14,0.4030428363097195
2021-09-15,-0.19455093019897932
2021-09-16,0.3894188473447455
2021-09-17,-0.9629843480855451
2021-09-20,-2.4222779556618375
2021-09-21,1.3517983243136857
2021-09-22,1.7719650298119638
2021-09-23,0.04513272633750957
2021-09-24,-0.302325904292687
2021-09-27,0.6286027536409224
2021-09-28,-0.9054933331989059
2021-09-29,0.8422728815932727
2021-09-30,-0.9918690854507665
2021-10-01,-0.6779681027455715
2021-10-04,-0.4250611603713554
2021-10-05,0.21954781290264017
2021-10-06,-1.1012925559460693
2021-10-07,1.657506383331577
2021-10-08,0.5452578677183625
2021-10-11,0.7728764479483742
2021-10-12,-0.540561573882172
2021-10-13,-0.4091832983001971
2021-10-14,1.357191485882139
2021-10-15,0.44761281044145024
2021-10-18,-1.3300232938895957
2021-10-19,0.23293066089188438
2021-10-20,0.5197679921159485
2021-10-21,-0.8005866772001983
2021-10-22,0.7235111196657756
2021-10-25,0.5531012644236158
2021-10-26,0.9333765290375962
2021-10-27,-0.2000689882803628
2021-10-28,-0.4851401849887351
2021-10-29,0.019237086707542497
2021-11-01,0.9464984528645856
2021-11-02,1.3113757192894313
2021-11-03,0.4148109802270899
2021-11-04,0.19080362509779006
2021-11-05,0.40750956277590084
2021-11-08,0.04269769078762358
2021-11-09,0.21578456151733308
2021-11-10,0.9897949269106155
2021-11-11,0.8593243501244998
2021-11-12,-0.39669441144307166
2021-11-15,0.25373535221845955
2021-11-16,0.5169238236683914
2021-11-17,0.24718894633023672
2021-11-18,-0.17933915823449756
2021-11-19,-1.1422771528332112
2021-11-22,0.7873818262030045
2021-11-23,-0.3548134723618765
2021-11-24,-1.9461272337689377
2021-11-25,-0.15977132034685415
2021-11-26,-5.214474799094314
2021-11-29,-0.12261715992099159
2021-11-30,-0.9976685047172322
2021-12-01,2.141032526586021
2021-12-02,-0.23939318445362107
2021-12-03,-0.6315222572097611
2021-12-06,0.6909201325146241
2021-12-07,0.0
2021-12-08,1.4027135438255893
2021-12-09,-0.24679151716306028
2021-12-10,0.23304040998360476
2021-12-13,-0.03039101921010517
2021-12-14,-0.8913553893119962
2021-12-15,-0.065098776624062
2021-12-16,0.9151459756079271
2021-12-17,-1.0802647894154493
2021-12-20,-1.4843980884451078
2021-12-21,0.8541260903128426
2021-12-22,0.2958361412406724
2021-12-23,1.231621841483668
2021-12-27,0.49398425736614365
2021-12-28,0.30835570201406326
2021-12-29,-0.4409611932634511
2021-12-30,-0.02362353264348568
2022-01-03,1.266308277704687
2022-01-04,1.3942464884080747
2022-01-05,0.9782620304645488
2022-01-06,-0.7674710801637293
2022-01-07,-0.23003618354763927
2022-01-10,0.3156526153153979
2022-01-11,1.2037738551541828
2022-01-12,0.08913063956991915
2022-01-13,0.23832796914801208
2022-01-14,-0.13676915365460804
2022-01-17,0.06015605707445394
2022-01-18,-1.0489440411561965
2022-01-19,0.061589114908561095
2022-01-20,0.49774307018090813
2022-01-21,-1.4127760227220483
2022-01-24,-3.3950361851121356
2022-01-25,0.6237894408840834
2022-01-26,1.1673753523308046
2022-01-27,0.26075880641478505
2022-01-28,-0.591084011263346
2022-01-31,0.777608302623053
2022-02-01,0.6084151932536471
2022-02-02,-0.38981474689880796
2022-02-03,-0.9253200045126331
2022-02-04,-1.8576666432561064
2022-02-07,0.6716867191702837
2022-02-08,0.04827670952035206
2022-02-09,1.3020892088366387
2022-02-10,1.3920293792809075
2022-02-11,0.49694566407396673
2022-02-14,-1.4642098600048186
2022-02-15,1.5254926782955032
2022-02-16,-0.2406124921204781
2022-02-17,-0.0237787277901515
2022-02-18,-0.6465911756608095
2022-02-21,-1.542141811614906
2022-02-22,-0.7848191590686406
2022-02-23,0.29149696895454513
2022-02-24,-3.823109507061946
2022-02-25,1.8782775775713771
2022-02-28,-0.9431286097585746
2022-03-01,-1.283187632992104
2022-03-02,0.5971492408767004
2022-03-03,-0.9096890145165836
2022-03-04,-2.5375923482636753
2022-03-07,-0.49673940247398246
2022-03-08,0.24112729328145824
2022-03-09,3.049198626808283
2022-03-10,-0.9742819580561702
2022-03-11,0.7179074152689601
2022-03-14,0.5254141680716801
2022-03-15,0.0958238233898184
2022-03-16,1.3505259438251933
2022-03-17,-0.2198214169631419
2022-03-18,0.04350140700724643
2022-03-21,0.11124982763883956
2022-03-22,0.37927687525857245
2022-03-23,-0.2909695767769607
2022-03-24,-0.03198484164399001
2022-03-25,-0.0382499427906148
2022-03-28,0.22698932815526338
2022-03-29,1.6841587779543217
2022-03-30,-0.9127100720974147
2022-03-31,-0.7339227851137949
2022-04-01,0.40842810278030883
2022-04-04,0.5260087119743964
2022-04-05,-0.7943073545886066
2022-04-06,-0.8478632975975162
2022-04-07,-0.3600406061381713
2022-04-08,0.9184514426699549
2022-04-11,-0.2675007027138203
2022-04-12,0.008667128343341051
2022-04-13,0.00873073717721175
2022-04-14,0.05116294449886339
2022-04-19,0.20898700215195332
2022-04-20,0.331445330629346
2022-04-21,0.0
2022-04-22,0.08750777284702278
2022-04-25,-1.4911392239333476
2022-04-26,-1.0082094400145207
2022-04-27,0.0
2022-04-28,0.35070465958739794
2022-04-29,0.8164568452423868
2022-05-02,-1.0316600865220187
2022-05-03,0.9093379048898137
2022-05-04,0.07951137010971533
2022-05-05,-0.4784257261947834
2022-05-06,0.0
2022-05-09,-1.93133933551411
2022-05-10,1.9472854941687763
2022-05-11,0.08649016727255902
2022-05-12,0.12239424185561087
2022-05-13,0.0
2022-05-16,1.5264748378211481
2022-05-17,1.119274747432368
2022-05-18,-0.8057893168142471
2022-05-19,-0.4074265729530029
2022-05-20,0.5188986368396391
2022-05-23,0.8080891729213757
2022-05-24,-1.054160926474195
2022-05-25,0.0
2022-05-26,2.5631339216135007
2022-05-27,0.0
2022-05-30,0.0
2022-05-31,1.0161371689714147
2022-06-01,0.5201611451075614
2022-06-02,0.0
2022-06-03,0.053010348017194314
2022-06-06,0.8896750063877695
2022-06-07,-0.7056753882895374
2022-06-08,0.08229445551686383
2022-06-09,-0.9246838824746006
2022-06-10,-2.7064139548329558
2022-06-13,-1.3200979409546667
2022-06-14,-0.47608333794603047
2022-06-15,0.4336719261453478
2022-06-16,-2.5663298216930883
2022-06-17,0.5588097465433924
2022-06-20,0.4805396520334472
2022-06-21,-0.23807925407537248
2022-06-22,-1.0863152514122218
2022-06-23,-1.963610322386958
2022-06-24,0.3665211287329179
2022-06-27,0.9522205166739143
2022-06-28,0.43045226164260353
2022-06-29,-1.8109373607062305
2022-06-30,-1.2739131930361915
2022-07-01,0.06500529368847652
2022-07-04,-0.02643988468181755
2022-07-05,-1.5689235806285902
2022-07-06,0.6003177506287173
2022-07-07,1.262335112712481
2022-07-08,1.045703969905616
2022-07-11,-1.5727925855374967
2022-07-12,0.0
2022-07-13,-0.43554261722456117
2022-07-14,-0.6591057355367814
2022-07-15,1.8917152574147065
2022-07-18,0.3154092612422742
2022-07-19,2.0362138194262203
2022-07-20,0.24297698986123065
2022-07-21,-0.4908741836055731
2022-07-22,-0.40047195190952606
2022-07-25,0.29481354216797223
2022-07-26,-0.7011704360380462
2022-07-27,0.19974560019017965
2022-07-28,0.7198072774353169
2022-07-29,0.684836715417532
2022-08-01,-0.2687712070711269
2022-08-02,0.6262301110434914
2022-08-03,-0.6856197919907417
2022-08-04,-0.2821591875268982
2022-08-05,-1.5809317661376188
2022-08-08,0.40793152033376623
2022-08-09,-1.147823960024989
2022-08-10,0.6475783812688264
2022-08-11,-0.023002315802695152
2022-08-12,1.6337739364811144
2022-08-15,-0.27287725545984515
2022-08-16,0.5677643692025321
2022-08-17,-1.593213406385228
2022-08-18,0.7304073228364721
2022-08-19,-0.8312289577147061
2022-08-22,-2.080440158904491
2022-08-23,0.32299685943091333
2022-08-24,0.20547196483620858
2022-08-25,0.5773396130014254
2022-08-26,-1.1811370114437676
2022-08-29,-0.9182920642549862
2022-08-30,0.565891276701536
2022-08-31,-0.34520033973422765
2022-09-01,-1.103562157845001
2022-09-02,2.3702393930203782
2022-09-05,-1.4717252287080085
2022-09-06,0.2434700526237157
2022-09-07,0.3196343179395017
2022-09-08,-0.2223096493418492
2022-09-09,0.8705298591564651
2022-09-12,1.5436858424827729
2022-09-13,-0.8535961139366215
2022-09-14,-0.4403916536026449
2022-09-15,-0.35211116392287334
2022-09-16,-0.777828482204051
2022-09-19,0.5869884525518321
2022-09-20,-0.655816746284347
2022-09-21,0.40814602112251797
2022-09-22,-1.0022699557560593
2022-09-23,-1.7786550793684057
2022-09-26,-0.36005205711016236
2022-09-27,-0.23835601504091444
2022-09-28,0.25588080271009006
2022-09-29,-1.276593238778599
2022-09-30,0.7775895785044978
2022-10-03,0.4234567712132619
2022-10-04,2.189048913784443
2022-10-05,-0.7837420402172808
2022-10-06,-0.08282610273498987
2022-10-07,-0.7124772566872511
2022-10-10,0.4053266182063296
2022-10-11,0.3466448447418864
2022-10-12,0.4656066440792078
2022-10-13,1.2539689423806308
2022-10-14,-0.3647550012170054
2022-10-17,1.6840202844122123
2022-10-18,0.36417348825218676
2022-10-19,-0.05283462066963055
2022-10-20,-0.03315427502550001
2022-10-21,-0.17361419173525536
2022-10-24,1.3437253375726048
2022-10-25,0.34145321302066106
2022-10-26,0.961323218566278
2022-10-27,0.2651829921236424
2022-10-28,0.12586887696903423
2022-10-31,0.0557881631731072
2022-11-01,0.9904551687852823
2022-11-02,-0.7226240899720044
2022-11-03,-2.038412342908812
2022-11-04,2.513359417675165
2022-11-07,0.7542929052841904
2022-11-08,-0.8113513219556994
2022-11-09,-0.813325590636842
2022-11-10,2.084561776541888
2022-11-11,0.1601016924117138
2022-11-14,0.6783515684709939
2022-11-15,0.9011004243918211
2022-11-16,-1.2989788204041781
2022-11-17,1.2581534257469635
2022-11-18,1.3481368243999738
2022-11-21,-0.40625892371492633
2022-11-22,0.432395763829301
2022-11-23,-0.12412445854555475
2022-11-24,0.49351707632093006
2022-11-25,0.143801791166697
2022-11-28,-0.10590954847891591
2022-11-29,0.7123719304404644
2022-11-30,-0.14592630028663095
2022-12-01,-0.03770607300095851
2022-12-02,0.14191456038018213
2022-12-05,-0.5120760362526618
2022-12-06,-0.6320627480408808
2022-12-07,-0.41525057180573977
2022-12-08,-0.7433888127705396
2022-12-09,0.8974850635566158
2022-12-12,-0.15232354584603666
2022-12-13,0.04698068376956187
2022-12-14,-0.680482909606028
2022-12-15,-2.5235628452338674
2022-12-16,-1.109653472660396
2022-12-19,0.6028530790668349
2022-12-20,0.16085089288824572
2022-12-21,0.4843858311278333
2022-12-22,-0.7937966510627731
2022-12-23,0.09833808844836624
2022-12-27,0.18184240424881745
2022-12-28,-0.2688094489902605
2022-12-29,0.9901352256184508
2022-12-30,-0.8709854396609876
2023-01-02,1.556842742970434
2023-01-03,0.0948192273581491
2023-01-04,1.7530386093547528
2023-01-05,0.35728201818284017
2023-01-06,0.851090707985858
2023-01-09,1.254822038805913
2023-01-10,1.1600274530550034
2023-01-11,1.6452780838646999
2023-01-12,0.9063228731296421
2023-01-13,0.11588837492362764
2023-01-16,0.019279670512403996
2023-01-17,0.32777306372692455
2023-01-18,-0.5094870078376579
2023-01-19,-1.5225431925351698
2023-01-20,0.5281953452911688
2023-01-23,0.6275988669124144
2023-01-24,-0.25108246052219796
2023-01-25,-0.11226183403428598
2023-01-26,0.7024123932808313
2023-01-27,0.0
2023-01-30,0.0057699219288921055
2023-01-31,0.5516221893230296
2023-02-01,0.41699510882373647
2023-02-02,1.1450680558447757
2023-02-03,0.1459562284513021
2023-02-06,0.2098658068848068
2023-02-07,0.054202822597661814
2023-02-08,1.8040077066124471
2023-02-09,1.5360746694823209
2023-02-10,-1.1719524192444966
2023-02-13,0.3938296401123568
2023-02-14,0.25104167746131895
2023-02-15,0.982012340525864
2023-02-16,-0.5461982507447551
2023-02-17,-0.41093127963733217
2023-02-20,-0.2829055689441383
2023-02-21,-0.342589801656723
2023-02-22,-0.05727700414764506
2023-02-23,1.2468565354937922
2023-02-24,-2.4961460365442303
2023-02-27,0.6940674466097111
2023-02-28,-1.0358969881695232
2023-03-01,0.5818328596497596
2023-03-02,0.06935621864009887
2023-03-03,1.502390669375873
2023-03-06,0.08962901097227123
2023-03-07,-0.2168780086200086
2023-03-08,0.9397040153944451
2023-03-09,-0.3739097352872725
2023-03-10,-1.2335023297554775
2023-03-13,-3.2046812318613895
2023-03-14,1.3851120191814883
2023-03-15,-1.8828864247676216
2023-03-16,0.6306538912463202
2023-03-17,-0.6961028042229803
2023-03-20,0.45761838143236716
2023-03-21,1.3881704848593255
2023-03-22,0.28611800908193413
2023-03-23,-0.0879370985554115
2023-03-24,-1.0828797523367064
2023-03-27,0.5315144251005854
2023-03-28,0.6562649114773721
2023-03-29,0.617478377370874
2023-03-30,0.9455763133053541
2023-03-31,0.5406256037730075
2023-04-03,-0.060545814547765246
2023-04-04,-0.07732224491504601
2023-04-05,-0.8835861994490083
2023-04-06,-0.18044297342434965
2023-04-11,0.8941673799599948
2023-04-12,0.6130841760174766
2023-04-13,0.22596713737222787
2023-04-14,0.8440165474857978
2023-04-17,0.11136719989035197
2023-04-18,0.21478775946361595
2023-04-19,-0.26131798922669713
2023-04-20,-1.3502184239817827
2023-04-21,-0.04602875318203826
2023-04-24,0.04085693387379359
2023-04-25,0.43669673628809663
2023-04-26,-0.6531440730617559
2023-04-27,0.04306640805640658
2023-04-28,0.6053581680728848
2023-05-02,-0.7092202590752491
2023-05-03,0.6147432082782814
2023-05-04,1.1885612768655882
2023-05-05,1.8867463268676288
2023-05-08,0.04932974622064117
2023-05-09,0.11902406619818481
2023-05-10,-0.3257292033639024
2023-05-11,-2.6036410500730796
2023-05-12,-0.013780057134415703
2023-05-15,0.05823456975349754
2023-05-16,-0.15021861851155294
2023-05-17,0.9669052166710171
2023-05-18,1.6347518141535797
2023-05-19,0.8143876104695038
2023-05-22,-0.4794710530860158
2023-05-23,-0.25471083153521673
2023-05-24,-1.1518491334602419
2023-05-25,-0.0008743656336998116
2023-05-26,1.5736214797531314
2023-05-29,-0.1587570387838364
2023-05-30,-0.4236323708295947
2023-05-31,-1.933907079444558
2023-06-01,0.8407593492214116
2023-06-02,1.44906436722887
2023-06-05,-0.28831047018472294
2023-06-06,0.11589912183187225
2023-06-07,-0.01479392145817046
2023-06-08,0.23260974910350307
2023-06-09,-0.516284550450891
2023-06-12,0.9954457313558187
2023-06-13,1.2328702584788662
2023-06-14,0.4679155806362098
2023-06-15,0.157523561535945
2023-06-16,-0.27123220526888164
2023-06-19,-0.6854763278365719
2023-06-20,-0.8993152329395927
2023-06-21,-0.39011449122514763
2023-06-22,-0.42931295542581505
2023-06-23,-0.8404131886914019
2023-06-26,-0.3796104856482759
2023-06-27,0.18686956359168044
2023-06-28,-0.4508701958527626
2023-06-29,0.01861550052722741
2023-06-30,1.0054067659085062
2023-07-03,-1.0073445112998707
2023-07-04,-0.515188587934266
2023-07-05,-0.1869987976594819
2023-07-06,-3.5121225057818237
2023-07-07,-0.06390512023570434
2023-07-10,0.8241000974559697
2023-07-11,0.19149622736854444
2023-07-12,0.9169217043887441
2023-07-13,0.49630513014456
2023-07-14,-0.2209680741920812
2023-07-17,-0.1703485130592531
2023-07-18,0.8221304250535034
2023-07-19,-0.3399241102812765
2023-07-20,1.1965785453309894
2023-07-21,-0.11336960616940144
2023-07-24,-0.07802365237673885
2023-07-25,0.2375285768417944
2023-07-26,-0.6978696472981194
2023-07-27,2.310706620376779
2023-07-28,0.14504315087720318
2023-07-31,0.42447554092189715
2023-08-01,-2.592559624504282
2023-08-02,-0.8024159081765252
2023-08-03,-1.0043491176752348
2023-08-04,0.7094853497742963
2023-08-07,0.20191766018655202
2023-08-08,-0.9713655391219137
2023-08-09,-0.13374518836608554
2023-08-10,-0.8228412520054895
2023-08-11,-0.9593193998940057
2023-08-14,0.3505991016907401
2023-08-15,-0.8920444756717507
2023-08-16,-0.22001977396453698
2023-08-17,-0.47725418655251206
2023-08-18,-1.1189224273304685
2023-08-21,0.2852433914145651
2023-08-22,0.5907275963573118
2023-08-23,-0.3029999727473801
2023-08-24,-1.054216173616534
2023-08-25,0.187281993040869
2023-08-28,0.5857738042059456
2023-08-29,0.9545705916532329
2023-08-30,-0.6534497609737044
2023-08-31,0.1816594559224231
2023-09-01,-1.1019769095006102
2023-09-04,0.09659036549555199
2023-09-05,0.6550184930644474
2023-09-06,-0.5843469217287507
2023-09-07,-0.5500981776222421
2023-09-08,0.33384394776851833
2023-09-11,0.9644629731588084
2023-09-12,-0.5801881123288255
2023-09-13,-1.808550863152738
2023-09-14,0.42469794805305383
2023-09-15,1.2504707357383071
2023-09-18,-0.9155766083538045
2023-09-19,-0.13983904559660504
2023-09-20,1.3571780498292076
2023-09-21,-1.6751914034948618
2023-09-22,-0.22543661003758267
2023-09-25,-1.5812782441281392
2023-09-26,-1.2888448926276705
2023-09-27,1.112934622304316
2023-09-28,0.15620966961013188
2023-09-29,-0.14037330849656474
2023-10-02,-0.6763870383242216
2023-10-03,-1.17025371925146
2023-10-04,0.36338653054043285
2023-10-05,-0.86231809715665
2023-10-06,1.0717184038657976
2023-10-09,-1.1306241121015863
2023-10-10,2.498122744417466
2023-10-11,0.5280963719959061
2023-10-12,-0.6161752483883036
2023-10-13,-1.1342173187505928
2023-10-16,0.311902448005318
2023-10-17,-0.3112572074568119
2023-10-18,-1.183394479813816
2023-10-19,-1.0053275806585118
2023-10-20,-1.396067574895149
2023-10-23,-0.24099259074658835
2023-10-24,-0.08328907392411941
2023-10-25,-0.56717654062658
2023-10-26,-2.1865184002107143
2023-10-27,0.052725058853729745
2023-10-30,0.13696398720294334
2023-10-31,0.2152359902934164
2023-11-01,0.2588925608634987
2023-11-02,1.6975402600982226
2023-11-03,0.9827695851163856
2023-11-06,0.1926039205079471
2023-11-07,-0.6116983851492476
2023-11-08,0.21732793554055208
2023-11-09,0.88967927182166
2023-11-10,-1.8007853923883397
2023-11-13,0.6916880033055799
2023-11-14,1.4624824739769255
2023-11-15,1.1337343852148072
2023-11-16,0.5247925151410181
2023-11-17,1.0534413298331604
2023-11-20,-4.703129085218814
2023-11-21,-0.3544935519074994
2023-11-22,-0.22112080234589535
2023-11-23,0.04517142793196076
2023-11-24,-0.033959290733630354
2023-11-27,-0.7184470006983505
2023-11-28,-0.5408752304652212
2023-11-29,0.8002183122665788
2023-11-30,0.45089091547734816
2023-12-01,0.21099566537967582
2023-12-04,-0.06367276318179543
2023-12-05,1.111062704106407
2023-12-06,1.0481808268357113
2023-12-07,-0.4283414186408484
2023-12-08,0.6373791281560831
2023-12-11,0.052214572677896934
2023-12-12,-0.2393912525131271
2023-12-13,-0.6155923427129641
2023-12-14,1.6614736356604862
2023-12-15,0.3743077439664069
2023-12-18,-0.8931603927429165
2023-12-19,0.6433042790516259
2023-12-20,0.30454460122373167
2023-12-21,-0.25165112063465506
2023-12-22,0.2715152175438084
2023-12-27,0.6200001146215328
2023-12-28,-0.022000898554763407
2023-12-29,0.41880287334618516
2024-01-02,0.48760369683241717
2024-01-03,-1.4715279290081373
2024-01-04,1.0254450571409395
2024-01-05,-0.4062673343648413
2024-01-08,0.20337318994386544
2024-01-09,-0.06445971835489894
2024-01-10,-0.6836092484776528
2024-01-11,-1.2410522351900122
2024-01-12,0.3394844126244775
2024-01-15,-1.1915418694430346
2024-01-16,-0.07774293488915485
2024-01-17,-1.5835053381097395
2024-01-18,-0.16439931357498813
2024-01-19,-0.3193718521258441
2024-01-22,1.1523289357811504
2024-01-23,-0.4469742110437782
2024-01-24,1.0396095907297374
2024-01-25,-0.008437132304357513
2024-01-26,0.17098362230328193
2024-01-29,-1.5434065057745572
2024-01-30,-0.2601682249350769
2024-01-31,-1.084323369747488
2024-02-01,-0.5754095577017639
2024-02-02,0.7283998646505548
2024-02-05,-0.8936032058350779
2024-02-06,1.4170114675822594
2024-02-07,0.09239227425090862
2024-02-08,0.1102426998745021
2024-02-09,0.1343003566656247
2024-02-12,0.5623059483601086
2024-02-13,-1.1232220991540003
2024-02-14,0.5125330638161901
2024-02-15,0.7962467022276166
2024-02-16,1.4700011662627215
2024-02-19,-0.0048010466666009175
2024-02-20,-0.59702652448943
2024-02-21,1.0508188832705252
2024-02-22,0.6863867263930292
2024-02-23,0.9448995442113478
2024-02-26,-0.09825799515601187
2024-02-27,0.9672230696420662
2024-02-28,0.37181908122745816
2024-02-29,0.02986207289188189
2024-03-01,0.1535061072672443
2024-03-04,-0.29145811561647844
2024-03-05,-3.3577692666947576
2024-03-06,0.49331838602856365
2024-03-07,-0.19615180181703704
2024-03-08,-0.03163780493319782
2024-03-11,0.3063295239579943
2024-03-12,0.7494745544785103
2024-03-13,-0.29915667894451037
2024-03-14,-1.2819521386447987
2024-03-15,0.5130092478829066
2024-03-18,-0.15272903814712777
2024-03-19,-1.8680993514674489
2024-03-20,0.6000134349951987
2024-03-21,-0.27975543571025097
2024-03-22,0.19151728721303868
2024-03-25,0.4747286474590959
2024-03-26,0.8346691872346548
2024-03-27,1.3637571393593029
2024-03-28,0.235417328532396
2024-04-02,-0.7781307637059146
2024-04-03,2.405974107984296
2024-04-04,0.40603559907625936
2024-04-05,-2.1487837458688985
2024-04-08,0.6283327819370333
2024-04-09,-0.28143061916758577
2024-04-10,-0.17674148614346133
2024-04-11,-0.5426534176941025
2024-04-12,-0.7532166655238673
2024-04-15,0.039580998378268624
2024-04-16,-1.6404216297801004
2024-04-17,-0.013326992380688218
2024-04-18,0.6638084434689396
2024-04-19,-0.5796355736701843
2024-04-22,1.1649601853156881
2024-04-23,0.38024213828074327
2024-04-24,-0.45974806622517334
2024-04-25,-0.6229162549033922
2024-04-26,1.5182987567265394
2024-04-29,0.39776263584938343
2024-04-30,-1.656931162181146
2024-05-02,0.49697517044779355
2024-05-03,0.4007909492905448
2024-05-06,0.4472076074572342
2024-05-07,0.8433448734526033
2024-05-08,-0.6137341646851683
2024-05-09,0.7370017329914025
2024-05-10,0.9080084501135277
2024-05-13,0.7261002738990252
2024-05-14,-0.35597615245968306
2024-05-15,0.25140330334723054
2024-05-16,-2.952051269448344
2024-05-17,-0.5077759752470792
2024-05-20,-0.11026844535697361
2024-05-21,-0.2847208138759887
2024-05-22,-0.3684426098401941
2024-05-23,-0.3834755154079655
2024-05-24,0.09918913410147785
2024-05-27,1.1691566087650918
2024-05-28,-0.6957361757634821
2024-05-29,-1.7420583329579218
2024-05-30,1.3521134347980621
2024-05-31,0.3439916188679683
2024-06-03,0.6523436995571938
2024-06-04,-1.196221790420586
2024-06-05,0.7256457703472117
2024-06-06,-0.6327611336214354
2024-06-07,-0.5585713138715178
2024-06-10,-0.5634884907629607
2024-06-11,-0.7681250948658662
2024-06-12,1.384478044536691
2024-06-13,-2.178118569815548
2024-06-14,-1.3286056167973526
2024-06-17,-0.17304048373046357
2024-06-18,-0.07805768140680834
2024-06-19,-0.2544512452722232
2024-06-20,0.6394301624679929
2024-06-21,-0.6519777418932599
2024-06-24,1.7868561995613517
2024-06-25,-0.5077358165477482
2024-06-26,-0.8409948561550495
2024-06-27,0.7852498410299878
2024-06-28,0.36360877126216634
2024-07-01,0.5140046222430105
2024-07-02,-0.9923784037047716
2024-07-03,0.7826440176106675
2024-07-04,-0.017371624032159253
2024-07-05,-0.21778123992982426
2024-07-08,-0.29741200279271124
2024-07-09,-1.2371192811610217
2024-07-10,1.9119725305424806
2024-07-11,1.2854285463787611
2024-07-12,1.3140373053121195
2024-07-15,-1.5575306822888326
2024-07-16,-0.4435745447941029
2024-07-17,0.36060982841744615
2024-07-18,-0.3983424319651799
2024-07-19,-1.1800358662239903
2024-07-22,1.7464035274412713
2024-07-23,-0.4634367534668832
2024-07-24,-0.5295284559574905
2024-07-25,-0.12364336578166887
2024-07-26,-0.09207692723584027
2024-07-29,-0.6117989139277096
2024-07-30,0.3102704984269789
2024-07-31,-0.24614717533811195
2024-08-01,-1.871478268592531
2024-08-02,-1.3160340701272464
2024-08-05,-1.454434841305598
2024-08-06,-1.710202112981733
2024-08-07,1.187030572804179
2024-08-08,0.4810631628972041
2024-08-09,-0.6386726669704708
2024-08-12,-0.20517272793931302
2024-08-13,0.3770726989416236
2024-08-14,0.13132321534733085
2024-08-15,1.3743562126879034
2024-08-16,2.4950377873578664
2024-08-19,0.43192919094266485
2024-08-20,-0.6633538817000757
2024-08-21,0.2437508397232291
2024-08-22,-0.401025236685994
2024-08-23,0.7609981675612487
2024-08-26,-0.0682513053698375
2024-08-27,-0.11426813923859838
2024-08-28,-0.137384815233854
2024-08-29,0.5752230846879678
2024-08-30,-0.00680942479813119
2024-09-02,0.040171724484960106
2024-09-03,-1.1318270401847663
2024-09-04,-0.4853577294860431
2024-09-05,0.717243608455738
2024-09-06,-1.4906197503430718
2024-09-09,-0.16273211517817746
2024-09-10,-4.291789989604055
2024-09-11,0.11778264575424902
2024-09-12,0.1693159928039261
2024-09-13,0.6381059720469844
2024-09-16,-0.5601833782602447
2024-09-17,1.1094028507322327
2024-09-18,0.6962109737029583
2024-09-19,1.7116638779587092
2024-09-20,-1.2229504449456308
2024-09-23,0.5022339254985368
2024-09-24,1.281172933122753
2024-09-25,-0.5512475293470769
2024-09-26,2.0100325215893626
2024-09-27,1.4357252475827684
2024-09-30,-0.5916048551728238
2024-10-01,-0.3938336869516872
2024-10-02,0.018485059900703663
2024-10-03,-0.7263641195873537
2024-10-04,0.636800472247766
2024-10-07,0.15533680858696244
2024-10-08,-1.236933035943246
2024-10-09,-0.6800968155705828
2024-10-10,-0.6215671639443275
2024-10-11,-0.3455568744818516
2024-10-14,-0.0671589568762643
2024-10-15,-0.21113981540185725
2024-10-16,-0.479915197825493
2024-10-17,0.4870432154347343
2024-10-18,0.16461146814035404
2024-10-21,-0.3941330504113829
2024-10-22,-0.3217136965104727
2024-10-23,-0.4650244397898734
2024-10-24,0.17804743975122383
2024-10-25,-0.005005115783860146
2024-10-28,0.42611623285935785
2024-10-29,-1.2065759771070592
2024-10-30,-1.1871418424997409
2024-10-31,-0.8076246829885007
2024-11-01,0.47843629389523884
2024-11-04,0.05662659458509871
2024-11-05,0.20281389856564294
2024-11-06,-2.7924831777311243
2024-11-07,1.6311663095947715
2024-11-08,-1.6239164965850135
2024-11-11,0.7108570243289127
2024-11-12,-4.602248961612215
2024-11-13,-0.656856121982614
2024-11-14,1.3051903547087893
2024-11-15,-0.13656314506330142
2024-11-18,-0.16171244778117427
2024-11-19,-0.48789226483004583
2024-11-20,-0.7224828010125084
2024-11-21,-0.20279116557867533
2024-11-22,0.3506858925188995
2024-11-25,0.7949425552789741
2024-11-26,-1.1771279715889111
2024-11-27,0.08613561901438568
2024-11-28,0.0
2024-11-29,1.0774361406536395
2024-12-02,0.8721849680019312
2024-12-03,0.13254152772552502
2024-12-04,0.6279373956267413
2024-12-05,0.8223059436237886
2024-12-06,1.1085706805012991
2024-12-09,0.7438195744983936
2024-12-10,0.0
2024-12-11,-0.2816780173680823
2024-12-12,0.4259698742415199
2024-12-13,-0.7022636576434744
2024-12-16,-1.1346295934555808
2024-12-17,0.31580674628371863
2024-12-18,-0.02080693274040533
2024-12-19,-1.2913654564623511
2024-12-20,0.14605898108013324
2024-12-23,-0.28691952227883544
2024-12-27,1.0142810107837323
2024-12-30,0.23621427683555982
2025-01-02,-0.2465076640605399
2025-01-03,-1.406857046670815
2025-01-06,2.814103916690067
2025-01-07,-0.1233948794592766
2025-01-08,-0.689503282092704
2025-01-09,0.08627794920128162
2025-01-10,0.26027546952023245
2025-01-13,-0.1417671066772091
2025-01-14,-0.4909946118788785
2025-01-15,1.8733234650150057
2025-01-16,-0.26663585840376
2025-01-17,1.3476111212504651
2025-01-20,0.8531121130608236
2025-01-21,0.16626210530284966
2025-01-22,-0.19480717262503394
2025-01-23,0.05621624124282727
2025-01-24,0.0
2025-01-27,0.6716805897749465
2025-01-28,-0.8317671701826591
2025-01-29,0.6392964516669318
2025-01-30,0.8086948707764309
2025-01-31,-0.3990769462036681
2025-02-03,-2.1610813824687836
2025-02-04,0.34601240977197145
2025-02-05,-0.5535885153145491
2025-02-06,1.476651774622714
2025-02-07,-0.7716440468529636
2025-02-10,0.0
2025-02-11,0.5749075553768213
2025-02-12,-0.028213809176003954
2025-02-13,4.2046609049956585
2025-02-14,0.4898974876881152
2025-02-17,0.4096162125989223
2025-02-18,0.20261275755035138
2025-02-19,-1.2748256061440375
2025-02-20,0.43559413745157227
2025-02-21,0.37508862260448433
2025-02-24,0.09246620720556724
2025-02-25,0.769424453782548
2025-02-26,1.3385727065276083
2025-02-27,-1.3293087794486547
2025-02-28,0.09097106254556174
2025-03-03,1.8468340765260534
2025-03-04,-2.665015166503872
2025-03-05,2.6461946983211706
2025-03-06,1.4223016185419497
2025-03-07,-1.859048102152588
2025-03-10,0.14023721533948208
2025-03-11,-0.4411320744156488
2025-03-12,-0.15141798698273423
2025-03-13,-0.3958194084061626
2025-03-14,0.5131023603593541
2025-03-17,0.15657970319385925
2025-03-18,1.5390967844810788
2025-03-19,-0.5538652271790041
2025-03-20,-0.8990017650199464
2025-03-21,-0.43348968832692436
2025-03-24,0.0
2025-03-25,0.012646526347071158
2025-03-26,-1.2091456816997619
2025-03-27,-0.7119357947995124
2025-03-28,-0.7735651284629296
2025-03-31,-1.1989447016687038
2025-04-01,0.49522564781468426
2025-04-02,-0.7716876326227335
2025-04-03,-2.1920860179858246
2025-04-04,-2.4938889150880232
2025-04-07,-1.0002098681225384
2025-04-08,0.5439747424542278
2025-04-09,-1.4999948161912495
2025-04-10,1.2905473461918657
2025-04-11,-0.0190849600711425
2025-04-14,1.2779242694835413
2025-04-15,0.2072652486066118
2025-04-16,0.21269221802561777
2025-04-17,0.067899748064947
2025-04-22,0.7960160710001567
2025-04-23,1.3398297590195454
2025-04-24,0.7633470012686318
2025-04-25,0.6191559761489243
2025-04-28,0.3922525693160105
2025-04-29,-0.04866399131889005
2025-04-30,-0.5916269203443583
2025-05-02,1.3337593721309429
2025-05-05,0.3652827192572615
2025-05-06,-0.3185500092824252
2025-05-07,-0.14178595121885276
2025-05-08,0.8154560428936207
2025-05-09,0.8701444051963979
2025-05-12,1.0628904640664663
2025-05-13,1.3103251190826288
2025-05-14,0.0
2025-05-15,-2.1911172552288787
2025-05-16,-0.2736608840676099
2025-05-19,0.31185333446150754
2025-05-20,0.80412210420755
2025-05-21,0.05110393285558771
2025-05-22,-0.03481690146677072
2025-05-23,-1.0469875535015447
2025-05-26,1.0920295185737605
2025-05-27,0.3000461252299257
2025-05-28,0.3051889233514975
2025-05-29,-0.72717008349506
2025-05-30,-0.16642012927445266
2025-06-02,0.006473221435796136
2025-06-03,0.28525793844000924
2025-06-04,0.6250964031452813
2025-06-05,1.104226448788325
2025-06-06,-0.20638750137420175
2025-06-09,0.04405105990707063
2025-06-10,0.6246643760906867
2025-06-11,0.76043935745187
2025-06-12,-0.33113385857098004
2025-06-13,-1.0863337336624563
2025-06-16,-0.2087819038661987
2025-06-17,-0.8540933179674488
2025-06-18,-0.6407043380409456
2025-06-19,-1.0505610781655224
2025-06-20,0.11922712771463469
2025-06-23,-0.4424127494764502
2025-06-24,1.3662214262305132
2025-06-25,-0.27575096911650515
2025-06-26,0.039769863737819294
2025-06-27,3.224076905187445
2025-06-30,-2.097577655477232
2025-07-01,0.47369420516680394
2025-07-02,1.2596772085607704
2025-07-03,-0.2531597753398978
2025-07-04,-0.5100800577128295
2025-07-07,0.2486335999987343
2025-07-08,1.1838670630365509
2025-07-09,1.497432559770962
2025-07-10,1.2721322621229347
2025-07-11,-0.6055072628211946
2025-07-14,-0.6342442980986203
2025-07-15,0.057000534399033936
2025-07-16,0.0
2025-07-17,0.9735559749108086
2025-07-18,-0.5007649973811559
2025-07-21,0.03541633869795623
2025-07-22,-0.407875946226485
2025-07-23,1.3654481785577524
2025-07-24,1.4085923153973856
2025-07-25,0.684842547505262
2025-07-28,-1.1288759885697985
2025-07-29,-0.14279933458658747
2025-07-30,-0.5687579175693771
2025-07-31,-1.3278218224673002
2025-08-01,-1.1160308108779506
2025-08-04,0.029023113598604572
2025-08-05,0.7431670478103295
2025-08-06,-2.1925078490602288
2025-08-07,1.5014649854694246
2025-08-08,0.9921657823520367
2025-08-11,-0.5861590836978194
2025-08-12,0.693770237491031
2025-08-13,0.8745546471007115
2025-08-14,0.27422439608655025
2025-08-15,0.6496676000329993
2025-08-18,0.23868796511474952
2025-08-19,1.3388716111984553
2025-08-20,-0.7085377161243344
2025-08-21,0.06090199282018036
2025-08-22,0.9323551909075642
2025-08-25,-0.6349131362815299
2025-08-26,0.22651098908748077
2025-08-27,-0.6247511862742241
2025-08-28,0.17004615510431567
2025-08-29,-0.10979484684198529
2025-09-01,0.4144190297744335
2025-09-02,-2.229522969014544
2025-09-03,0.5107399762310137
2025-09-04,0.621170799636784
2025-09-05,-0.8588915957675642
2025-09-08,0.4477840662592095
2025-09-09,-1.3480556641868235
2025-09-10,-0.2572801809060977
2025-09-11,0.8853052370486694
2025-09-12,-0.9014370895558764
2025-09-15,-0.422736029390114
2025-09-16,-1.161482365848971
2025-09-17,0.28419009679118695
2025-09-18,0.6291245109064877
2025-09-19,-0.05368555767115883
2025-09-22,0.0
2025-09-23,0.20969281389553773
2025-09-24,0.1840238760331802
2025-09-25,-0.746438665177047
2025-09-26,1.001850690354601
2025-09-29,0.10904152638336367
2025-09-30,0.0
2025-10-01,2.9599789613725505
2025-10-02,0.9930949656502327
2025-10-03,-0.44581316030813817
2025-10-06,0.6103664005608461
2025-10-07,-1.1763088141724598
2025-10-08,-2.254190081339441
2025-10-09,0.7590896627850119
2025-10-10,-1.0974079178723566
2025-10-13,0.3609003947083446
2025-10-14,-1.2707786863586241
2025-10-15,0.23784791663484212
2025-10-16,0.4151430037441399
2025-10-17,-0.6906624999056352
2025-10-20,1.3843643675937292
2025-10-21,-0.11033342153581703
2025-10-22,-0.13298798920972124
2025-10-23,-0.22300051474800192
2025-10-24,0.860460204791322
2025-10-27,0.3010152437719876
2025-10-28,-0.3133553655664406
2025-10-29,0.34974431590174127
2025-10-30,-0.822749526650932
2025-10-31,-0.3140669534321712
2025-11-03,-0.03398729885896578
2025-11-04,-0.5040277660012263
2025-11-05,1.7418786095555905
2025-11-06,-0.8034117053686648
2025-11-07,0.0
2025-11-10,1.3774067054018775
2025-11-11,1.2951949100579379
2025-11-12,2.4463598095589862
2025-11-13,-2.2943910449014817
2025-11-14,-0.24013881555809563
2025-11-17,-1.4484817480123082
2025-11-18,-1.423042463803067
2025-11-19,-0.08721159179886825
2025-11-20,0.017826512018476477
2025-11-21,0.4398846087804113
2025-11-24,3.1069793516437714
2025-11-25,0.5489730254887529
2025-11-26,-0.23146800026731792
2025-11-27,0.21347113938754966
2025-11-28,0.008667600056192703
2025-12-01,0.10420838708523907
2025-12-02,2.429321953967526
2025-12-03,0.08703167560384496
2025-12-04,0.5436630055546907
2025-12-05,0.7465027175821987
2025-12-08,1.0622756418960344
2025-12-09,0.7829211344308828
2025-12-10,-0.3846724252248504
2025-12-11,0.41502644459333443
2025-12-12,0.22729972341905774
2025-12-15,-0.28569466990732323
2025-12-16,-1.1123362234419842
2025-12-17,0.0
2025-12-18,0.0
2025-12-19,0.22928474532928103
2025-12-22,-0.40520570441721004
2025-12-23,0.3912941046138391
2025-12-29,0.47958112753857635
2025-12-30,0.5242791777471076
2026-01-02,1.7581890795285364
2026-01-05,-0.21039164173846686
2026-01-06,0.03900798590624537
2026-01-07,1.0885636047009526
2026-01-08,0.20757708720455564
2026-01-09,-0.35141548939270906
2026-01-12,0.5461201124701139
2026-01-13,-0.7887132813781107
2026-01-14,2.305045251329596
2026-01-15,0.20187573499194544
2026-01-16,-0.7736040603494836
2026-01-19,0.39463127909466855
2026-01-20,-0.9807125937669146
2026-01-21,-0.002636448842827022
2026-01-22,1.7540071997620712
2026-01-23,-0.21181881145959824
2026-01-26,0.9767430123863123
2026-01-27,-0.10996982712722456
2026-01-28,-1.0673070483637532
2026-01-29,-0.12913612726435497
2026-01-30,0.4521132787024042
2026-02-02,0.8713703823886342
2026-02-03,0.08442033879678015
2026-02-04,-1.0895457023090462
2026-02-05,-0.5649134045573502
2026-02-06,1.131409342280208
2026-02-09,0.8186457389703383
2026-02-10,0.49066360352300886
2026-02-11,-0.1741236438973368
2026-02-12,-0.7620042181717308
2026-02-13,0.5100053601024257
2026-02-16,-1.8126842948861404
2026-02-17,2.3709105320895665
2026-02-18,-0.5329625716382084
2026-02-19,-1.0087291733757722
2026-02-20,-0.5039757284302461
2026-02-23,-1.6883671888745209
2026-02-24,-0.1560532190267552
2026-02-25,0.4953446012508403
2026-02-26,0.222156023834183
2026-02-27,0.14760837112237749
2026-03-02,-3.1987171358040043
2026-03-03,-2.793472449156907
2026-03-04,0.09102137322721487
2026-03-05,-0.6923763451708204
2026-03-06,-1.0063415504101612
2026-03-09,0.047808276721727896
2026-03-10,2.218711083352551
2026-03-11,-0.03466993788000618
2026-03-12,-0.45464210126057
2026-03-13,-0.6352082323855972
2026-03-16,0.15916641368620965
2026-03-17,0.02349308516502659
2026-03-18,-0.49425709816786684
2026-03-19,-1.907270145228401
2026-03-20,-0.736457363327264
2026-03-23,1.1870077114495698
2026-03-24,-0.5179427808041482
2026-03-25,0.6582268113620253
2026-03-26,-0.2777063904446282
2026-03-27,-0.5593049302798637
2026-03-30,0.5320774899929355
2026-03-31,0.17976082778976224
2026-04-01,1.6252893031411264
2026-04-02,-0.3416239943351871
2026-04-07,-0.805068488445196
2026-04-08,3.7266066797635125
2026-04-09,-0.3287045618242055
2026-04-10,0.32859961342171407
2026-04-13,0.22059680632018183
2026-04-14,0.2606823545693216
2026-04-15,0.01155223827847677
2026-04-16,-0.1284814860351303
2026-04-17,1.5189419277924359
2026-04-20,-0.4087810894511695
2026-04-21,-0.7000367855698401
2026-04-22,-0.2307624983612237
2026-04-23,-0.14593428257917526
2026-04-24,-1.2384530270840899
2026-04-27,0.6760125751082103
2026-04-28,-0.9748994045115633
2026-04-29,-0.9018433688692749
2026-04-30,1.4187114319324363
2026-05-04,-0.500327094193183
