Date,Close,Volume
1996-10-30,9.238611221313477,1640521
1996-10-31,9.362068176269531,1908031
1996-11-01,9.406000137329102,2423211
1996-11-04,9.479242324829102,1284644
1996-11-05,9.657111167907715,2105206
1996-11-06,9.804648399353027,2973859
1996-11-07,9.751282691955566,2894508
1996-11-08,9.787911415100098,2001809
1996-11-11,9.831846237182617,1020742
1996-11-12,10.054713249206543,2786903
1996-11-13,10.054713249206543,0
1996-11-14,10.054713249206543,0
1996-11-15,10.214776039123535,1848517
1996-11-18,10.10177993774414,1451161
1996-11-19,10.164558410644531,741210
1996-11-20,10.091320991516113,1249177
1996-11-21,10.128992080688477,1651342
1996-11-22,10.190710067749023,1180045
1996-11-25,10.38427448272705,1502860
1996-11-26,10.436598777770996,1883384
1996-11-27,10.316274642944336,1188461
1996-11-28,10.447057723999023,974454
1996-11-29,10.546449661254883,1199282
1996-12-02,10.640618324279785,1104301
1996-12-03,11.017268180847168,2090177
1996-12-04,10.902182579040527,1395255
1996-12-05,10.729554176330566,2248879
1996-12-06,10.483664512634277,3265414
1996-12-09,10.703399658203125,1419902
1996-12-10,10.72431468963623,1175236
1996-12-11,10.478445053100586,1676590
1996-12-12,10.436598777770996,976859
1996-12-13,10.405208587646484,1356782
1996-12-16,10.630163192749023,1808241
1996-12-17,10.457511901855469,1686810
1996-12-18,10.462751388549805,1020742
1996-12-19,10.60399055480957,1162612
1996-12-20,10.67200756072998,1404873
1996-12-23,10.692922592163086,423806
1996-12-24,10.692922592163086,0
1996-12-25,10.692922592163086,0
1996-12-26,10.692922592163086,0
1996-12-27,10.881266593933105,441840
1996-12-30,11.106202125549316,977460
1996-12-31,11.106202125549316,0
1997-01-01,11.106202125549316,0
1997-01-02,10.860332489013672,1195675
1997-01-03,11.069591522216797,1320112
1997-01-06,11.435784339904785,2076351
1997-01-07,11.305000305175781,2154500
1997-01-08,11.592718124389648,2371513
1997-01-09,11.676434516906738,3569593
1997-01-10,11.62410831451416,2677495
1997-01-13,12.068778038024902,1695827
1997-01-14,12.440208435058594,3127151
1997-01-15,12.131561279296875,2413593
1997-01-16,12.032167434692383,3065834
1997-01-17,12.25188159942627,2933582
1997-01-20,11.917058944702148,2759852
1997-01-21,11.854301452636719,1222726
1997-01-22,11.979844093322754,2346866
1997-01-23,12.131561279296875,2158708
1997-01-24,11.885689735412598,1696428
1997-01-27,11.849061965942383,845809
1997-01-28,12.14725399017334,2110616
1997-01-29,12.011235237121582,1556962
1997-01-30,12.026930809020996,975055
1997-01-31,12.210034370422363,1793813
1997-02-03,12.497749328613281,2402171
1997-02-04,12.659921646118164,2434633
1997-02-05,12.722705841064453,1703040
1997-02-06,12.722705841064453,0
1997-02-07,12.659921646118164,509770
1997-02-10,12.827330589294434,1505264
1997-02-11,12.911028861999512,1308089
1997-02-12,12.911028861999512,0
1997-02-13,13.06798267364502,2148488
1997-02-14,12.911028861999512,2052305
1997-02-17,12.874419212341309,1224530
1997-02-18,12.895333290100098,1015933
1997-02-19,12.801182746887207,2167124
1997-02-20,12.900569915771484,2208001
1997-02-21,12.900569915771484,0
1997-02-24,12.607617378234863,1078452
1997-02-25,12.780247688293457,1506466
1997-02-26,12.686073303222656,1573193
1997-02-27,12.811639785766602,1414491
1997-02-28,12.806402206420898,1195074
1997-03-03,12.931963920593262,973252
1997-03-04,13.486478805541992,3679602
1997-03-05,13.57019329071045,4286156
1997-03-06,13.648650169372559,2330034
1997-03-07,13.842211723327637,2625796
1997-03-10,13.81082534790039,1420503
1997-03-11,13.748063087463379,1362793
1997-03-12,13.392322540283203,1914042
1997-03-13,13.387090682983398,1635111
1997-03-14,13.77943229675293,2347467
1997-03-17,13.4393949508667,1246171
1997-03-18,13.203980445861816,2370310
1997-03-19,13.256306648254395,1279234
1997-03-20,13.026113510131836,2714766
1997-03-21,13.235372543334961,1891199
1997-03-24,13.324308395385742,925160
1997-03-25,13.60156536102295,1247373
1997-03-26,14.208407402038574,2785100
1997-03-27,13.910233497619629,932374
1997-03-28,13.910233497619629,0
1997-03-31,13.910233497619629,0
1997-04-01,13.230154037475586,2940195
1997-04-02,12.9685697555542,2380530
1997-04-03,12.759315490722656,3264813
1997-04-04,12.958115577697754,2372715
1997-04-07,13.596343994140625,2287954
1997-04-08,13.40278434753418,1654949
1997-04-09,13.476022720336914,1651943
1997-04-10,13.76375675201416,2325224
1997-04-11,14.177034378051758,4835001
1997-04-14,14.218883514404297,3009928
1997-04-15,14.574616432189941,2889699
1997-04-16,14.574616432189941,0
1997-04-17,13.847453117370605,4526013
1997-04-18,13.6434326171875,1921256
1997-04-21,13.28245735168457,3018945
1997-04-22,13.381850242614746,2455072
1997-04-23,13.360933303833008,991887
1997-04-24,13.381850242614746,1793813
1997-04-25,13.235372543334961,428615
1997-04-28,13.340002059936523,884282
1997-04-29,13.381850242614746,1416896
1997-04-30,13.418479919433594,1567783
1997-05-01,13.418479919433594,0
1997-05-02,14.061927795410156,1224530
1997-05-05,14.354883193969727,2768268
1997-05-06,13.988690376281738,2636617
1997-05-07,13.91545295715332,1501657
1997-05-08,13.91545295715332,0
1997-05-09,14.067170143127441,2999708
1997-05-12,14.177034378051758,1665168
1997-05-13,13.91545295715332,1973555
1997-05-14,14.072403907775879,1431925
1997-05-15,14.02531623840332,994893
1997-05-16,13.925907135009766,1687411
1997-05-19,13.925907135009766,0
1997-05-20,13.789908409118652,1357383
1997-05-21,13.77943229675293,3660365
1997-05-22,13.77421760559082,2075149
1997-05-23,13.90499496459961,413587
1997-05-26,14.030538558959961,1818460
1997-05-27,14.239799499511719,2664270
1997-05-28,14.009622573852539,899311
1997-05-29,14.020081520080566,66726
1997-05-30,13.826523780822754,72137
1997-06-02,13.962538719177246,1216715
1997-06-03,14.067170143127441,876467
1997-06-04,14.020081520080566,1120532
1997-06-05,14.129950523376465,321010
1997-06-06,14.302579879760742,1926065
1997-06-09,14.061927795410156,1608661
1997-06-10,14.124710083007812,400361
1997-06-11,14.114251136779785,947402
1997-06-12,14.354883193969727,1595436
1997-06-13,14.37581729888916,1762554
1997-06-16,14.407206535339355,1662764
1997-06-17,14.333969116210938,1819061
1997-06-18,14.218883514404297,1213108
1997-06-19,14.255492210388184,938986
1997-06-20,14.286883354187012,1270818
1997-06-23,14.229340553283691,920952
1997-06-24,14.124710083007812,2148488
1997-06-25,14.76294231414795,3831691
1997-06-26,14.883264541625977,3767970
1997-06-27,14.789095878601074,1006315
1997-06-30,14.710616111755371,987078
1997-07-01,14.972200393676758,1342955
1997-07-02,15.244220733642578,2670281
1997-07-03,15.259912490844727,1922458
1997-07-04,15.170984268188477,834387
1997-07-07,15.275612831115723,141869
1997-07-08,15.265153884887695,1838298
1997-07-09,15.150069236755371,1714462
1997-07-10,15.144827842712402,1278032
1997-07-11,15.207610130310059,1383833
1997-07-14,15.579042434692383,2654651
1997-07-15,15.730738639831543,2849422
1997-07-16,16.039403915405273,2272324
1997-07-17,15.871997833251953,2296370
1997-07-18,15.694125175476074,1219120
1997-07-21,15.599955558776855,1261200
1997-07-22,15.390702247619629,2891502
1997-07-23,15.6470365524292,3146387
1997-07-24,15.38023567199707,2713564
1997-07-25,15.824911117553711,1657955
1997-07-28,16.243419647216797,2059519
1997-07-29,16.41605567932129,931773
1997-07-30,16.74040412902832,2287954
1997-07-31,15.992319107055664,5354990
1997-08-01,15.495328903198242,6248290
1997-08-04,15.333154678344727,2119633
1997-08-05,15.547647476196289,1953718
1997-08-06,15.537172317504883,937784
1997-08-07,15.55810546875,1767363
1997-08-08,15.322700500488281,1698832
1997-08-11,15.38023567199707,911334
1997-08-12,15.641802787780762,981067
1997-08-13,15.270391464233398,1713260
1997-08-14,14.972200393676758,1240761
1997-08-15,14.318273544311523,2660663
1997-08-18,14.307812690734863,2581312
1997-08-19,15.003589630126953,1951313
1997-08-20,14.982657432556152,408777
1997-08-21,15.165765762329102,957021
1997-08-22,14.553682327270508,2434633
1997-08-25,14.579835891723633,8416
1997-08-26,14.124710083007812,5825085
1997-08-27,14.239799499511719,5838310
1997-08-28,13.920687675476074,5328540
1997-08-29,13.81082534790039,1074845
1997-09-01,14.276426315307617,3553963
1997-09-02,14.501358985900879,4245278
1997-09-03,14.48044490814209,6720789
1997-09-04,14.543222427368164,2895109
1997-09-05,14.511833190917969,2566884
1997-09-08,14.742006301879883,3893008
1997-09-09,14.632161140441895,3521501
1997-09-10,14.260734558105469,15898489
1997-09-11,13.910233497619629,5411498
1997-09-12,13.319089889526367,7912257
1997-09-15,13.455084800720215,7046609
1997-09-16,13.669584274291992,7317124
1997-09-17,13.925907135009766,7413307
1997-09-18,13.899758338928223,4132263
1997-09-19,14.082860946655273,5713272
1997-09-22,14.600767135620117,5266021
1997-09-23,14.517056465148926,3582818
1997-09-24,15.087287902832031,7783612
1997-09-25,15.071595191955566,6538042
1997-09-26,15.024502754211426,3853333
1997-09-29,14.940803527832031,1339348
1997-09-30,15.113442420959473,5187872
1997-10-01,15.369784355163574,3414497
1997-10-02,15.165765762329102,4070947
1997-10-03,15.165765762329102,0
1997-10-06,15.076828956604004,3580413
1997-10-07,14.79954719543457,4209210
1997-10-08,14.302579879760742,6623404
1997-10-09,14.208407402038574,6447870
1997-10-10,14.129950523376465,4290965
1997-10-13,14.318273544311523,2892704
1997-10-14,14.051466941833496,3409688
1997-10-15,14.014841079711914,5278044
1997-10-16,14.161338806152344,4260908
1997-10-17,13.868362426757812,5174647
1997-10-20,13.826523780822754,3763161
1997-10-21,14.114251136779785,3483028
1997-10-22,13.873603820800781,5954932
1997-10-23,13.135985374450684,9546166
1997-10-24,13.428935050964355,5142185
1997-10-27,12.843029022216797,6212222
1997-10-28,11.927539825439453,14952855
1997-10-29,12.356512069702148,7128365
1997-10-30,11.911844253540039,9498075
1997-10-31,12.115863800048828,7919471
1997-11-03,12.523900032043457,5134972
1997-11-04,12.272796630859375,4741823
1997-11-05,12.293732643127441,3795623
1997-11-06,12.105406761169434,2581312
1997-11-07,11.718282699584961,6479130
1997-11-10,11.477632522583008,4674495
1997-11-11,11.645039558410645,7012945
1997-11-12,11.61365032196045,5635123
1997-11-13,11.943227767944336,5397070
1997-11-14,11.676434516906738,6777297
1997-11-17,12.288492202758789,5881592
1997-11-18,12.31466293334961,4165927
1997-11-19,12.393121719360352,3575604
1997-11-20,12.440208435058594,4240469
1997-11-21,12.513448715209961,4938999
1997-11-24,12.094930648803711,2908334
1997-11-25,12.330337524414062,871658
1997-11-26,12.973809242248535,1917649
1997-11-27,13.073201179504395,896906
1997-11-28,13.130743026733398,964234
1997-12-01,13.653892517089844,1763756
1997-12-02,13.476022720336914,1209501
1997-12-03,13.334784507751465,902918
1997-12-04,13.392322540283203,1235952
1997-12-05,13.392322540283203,923357
1997-12-08,13.392322540283203,759846
1997-12-09,13.266763687133789,434025
1997-12-10,13.099350929260254,367900
1997-12-11,12.853485107421875,978662
1997-12-12,12.769787788391113,617976
1997-12-15,12.92148494720459,694922
1997-12-16,13.16213321685791,989483
1997-12-17,13.130743026733398,1074845
1997-12-18,13.005203247070312,801926
1997-12-19,12.121101379394531,1685607
1997-12-22,12.445444107055664,946200
1997-12-23,12.743639945983887,703338
1997-12-24,12.743639945983887,0
1997-12-25,12.743639945983887,0
1997-12-26,12.743639945983887,0
1997-12-29,12.984267234802246,928166
1997-12-30,13.183065414428711,680495
1997-12-31,13.183065414428711,0
1998-01-01,13.183065414428711,0
1998-01-02,13.784671783447266,1213108
1998-01-05,14.093321800231934,1813050
1998-01-06,13.936388969421387,1173433
1998-01-07,13.91545295715332,1278032
1998-01-08,13.455084800720215,1187860
1998-01-09,13.099350929260254,1488432
1998-01-12,12.764551162719727,1150589
1998-01-13,12.691313743591309,1202288
1998-01-14,12.712247848510742,762250
1998-01-15,12.691313743591309,619178
1998-01-16,13.130743026733398,1210704
1998-01-19,13.078433990478516,1347764
1998-01-20,12.984267234802246,1048395
1998-01-21,12.775006294250488,985876
1998-01-22,12.628528594970703,1591829
1998-01-23,12.513448715209961,825971
1998-01-26,12.560532569885254,1088070
1998-01-27,12.544839859008789,1258795
1998-01-28,12.832552909851074,1938088
1998-01-29,13.235372543334961,1813050
1998-01-30,13.392322540283203,1434329
1998-02-02,13.559717178344727,1151791
1998-02-03,13.842211723327637,1905626
1998-02-04,13.690500259399414,2494747
1998-02-05,13.596343994140625,1581008
1998-02-06,13.632955551147461,854826
1998-02-09,13.465561866760254,1632707
1998-02-10,13.496956825256348,1118127
1998-02-11,13.554500579833984,1689214
1998-02-12,13.57019329071045,1266009
1998-02-13,13.53880500793457,1000303
1998-02-16,13.706195831298828,627594
1998-02-17,14.161338806152344,3485432
1998-02-18,14.177034378051758,2792915
1998-02-19,13.999146461486816,1269616
1998-02-20,14.046234130859375,822364
1998-02-23,14.197949409484863,1731294
1998-02-24,14.276426315307617,1286448
1998-02-25,14.574616432189941,2227839
1998-02-26,15.076828956604004,3015338
1998-02-27,15.469173431396484,3214918
1998-03-02,15.688887596130371,2451465
1998-03-03,15.934754371643066,3307494
1998-03-04,16.133556365966797,3902626
1998-03-05,16.248640060424805,3974764
1998-03-06,16.68809700012207,4531423
1998-03-09,17.33678436279297,3490242
1998-03-10,17.15367889404297,2263908
1998-03-11,17.158912658691406,5023159
1998-03-12,17.028133392333984,2506770
1998-03-13,16.845029830932617,1627897
1998-03-16,16.991504669189453,1339348
1998-03-17,17.483257293701172,1719271
1998-03-18,17.357698440551758,1712058
1998-03-19,17.357698440551758,1044788
1998-03-20,17.760513305664062,1952515
1998-03-23,17.995927810668945,1789004
1998-03-24,18.152856826782227,1976561
1998-03-25,18.215639114379883,2285549
1998-03-26,17.823301315307617,2083565
1998-03-27,17.870365142822266,1900817
1998-03-30,17.797122955322266,983471
1998-03-31,17.812820434570312,1601447
1998-04-01,17.912233352661133,1460779
1998-04-02,18.22610092163086,2834995
1998-04-03,19.13113021850586,3543142
1998-04-06,19.952468872070312,3182456
1998-04-07,19.711822509765625,2397362
1998-04-08,19.329931259155273,2660663
1998-04-09,19.832141876220703,3041788
1998-04-10,19.832141876220703,0
1998-04-13,19.832141876220703,0
1998-04-14,20.402359008789062,3332742
1998-04-15,20.025705337524414,1974156
1998-04-16,19.87923240661621,2043889
1998-04-17,19.680435180664062,1992191
1998-04-20,19.544410705566406,1673584
1998-04-21,19.251453399658203,2233851
1998-04-22,19.01080894470215,1443947
1998-04-23,18.93756675720215,2526007
1998-04-24,18.900959014892578,1964538
1998-04-27,18.38827133178711,2150893
1998-04-28,18.508596420288086,2096790
1998-04-29,18.42490005493164,1787802
1998-04-30,18.60800552368164,1754138
1998-05-01,18.60800552368164,0
1998-05-04,19.084043502807617,2625796
1998-05-05,18.670766830444336,2313202
1998-05-06,20.234943389892578,10640248
1998-05-07,20.925416946411133,12413623
1998-05-08,20.632591247558594,10000631
1998-05-11,20.87324333190918,5472814
1998-05-12,20.318662643432617,4264515
1998-05-13,19.87923240661621,6120848
1998-05-14,20.166946411132812,5231155
1998-05-15,20.036169052124023,3409688
1998-05-18,19.649038314819336,3487837
1998-05-19,20.088470458984375,4572301
1998-05-20,20.318662643432617,5980180
1998-05-21,20.318662643432617,0
1998-05-22,20.130338668823242,4737014
1998-05-25,20.67433738708496,4194782
1998-05-26,20.768468856811523,7348384
1998-05-27,20.402359008789062,8549469
1998-05-28,18.560916900634766,17710904
1998-05-29,18.60800552368164,6063138
1998-06-01,18.60800552368164,0
1998-06-02,18.466747283935547,2473106
1998-06-03,18.660310745239258,3921863
1998-06-04,18.430139541625977,2512781
1998-06-05,18.88526153564453,3100700
1998-06-08,19.052677154541016,2960634
1998-06-09,18.84341812133789,2682905
1998-06-10,18.963747024536133,2518793
1998-06-11,18.963747024536133,0
1998-06-12,18.08485984802246,3241969
1998-06-15,17.8023681640625,2200788
1998-06-16,17.57741355895996,3887598
1998-06-17,17.92268943786621,3079059
1998-06-18,17.535564422607422,3428324
1998-06-19,17.29491424560547,3707255
1998-06-22,17.23737144470215,2637819
1998-06-23,17.378631591796875,5981382
1998-06-24,17.948843002319336,4821776
1998-06-25,18.539981842041016,4771881
1998-06-26,18.414445877075195,2590329
1998-06-29,18.628915786743164,2450864
1998-06-30,18.362117767333984,2263908
1998-07-01,18.54522705078125,2167124
1998-07-02,18.686466217041016,3072446
1998-07-03,19.141611099243164,1585216
1998-07-06,18.895721435546875,1746323
1998-07-07,18.895721435546875,1853928
1998-07-08,19.042192459106445,2019242
1998-07-09,19.146825790405273,1928469
1998-07-10,18.665550231933594,1871361
1998-07-13,18.33072853088379,2848220
1998-07-14,18.43535804748535,2994899
1998-07-15,18.309812545776367,4317416
1998-07-16,18.194725036621094,3002714
1998-07-17,18.2365779876709,2850624
1998-07-20,17.943620681762695,2869260
1998-07-21,18.022079467773438,3669382
1998-07-22,18.440597534179688,5334551
1998-07-23,19.13636589050293,6611982
1998-07-24,19.282848358154297,5855743
1998-07-27,18.88526153564453,3398267
1998-07-28,19.01080894470215,2777886
1998-07-29,19.26190948486328,3921863
1998-07-30,19.282848358154297,5211918
1998-07-31,19.005592346191406,3853934
1998-08-03,18.613222122192383,2257295
1998-08-04,18.309812545776367,2749031
1998-08-05,18.074403762817383,3642331
1998-08-06,18.027318954467773,3585222
1998-08-07,18.88526153564453,4184563
1998-08-10,18.634157180786133,2934785
1998-08-11,18.205183029174805,3158410
1998-08-12,18.383052825927734,2990090
1998-08-13,18.550466537475586,3285853
1998-08-14,18.90618133544922,2637819
1998-08-17,18.644609451293945,1524501
1998-08-18,19.021278381347656,2018040
1998-08-19,19.13113021850586,2200187
1998-08-20,18.895721435546875,2287954
1998-08-21,18.294116973876953,3537732
1998-08-24,18.372573852539062,2275330
1998-08-25,18.88526153564453,2379929
1998-08-26,18.304576873779297,2411188
1998-08-27,17.33678436279297,3384440
1998-08-28,16.74040412902832,5857547
1998-08-31,16.656700134277344,2209204
1998-09-01,16.46835708618164,4500163
1998-09-02,17.26354217529297,3509478
1998-09-03,16.74040412902832,3611072
1998-09-04,16.876415252685547,2674489
1998-09-07,17.106590270996094,1320713
1998-09-08,16.83456802368164,3482427
1998-09-09,16.897329330444336,2795319
1998-09-10,16.20679473876953,2999107
1998-09-11,16.164949417114258,2512180
1998-09-14,16.426513671875,2234452
1998-09-15,16.096948623657227,1757745
1998-09-16,16.138792037963867,1514882
1998-09-17,15.275612831115723,3472808
1998-09-18,15.375001907348633,4166529
1998-09-21,14.851877212524414,3133763
1998-09-22,15.092527389526367,1776981
1998-09-23,15.547647476196289,2227238
1998-09-24,15.333154678344727,2229041
1998-09-25,15.259912490844727,1434329
1998-09-28,15.170984268188477,1665168
1998-09-29,15.03496265411377,1790807
1998-09-30,14.543222427368164,1555159
1998-10-01,13.345243453979492,2867456
1998-10-02,12.241426467895508,6558481
1998-10-05,12.502991676330566,2881283
1998-10-06,12.827330589294434,3284049
1998-10-07,12.199557304382324,3936290
1998-10-08,10.881266593933105,5252195
1998-10-09,11.42532730102539,3353181
1998-10-12,13.235372543334961,3115902
1998-10-13,13.130743026733398,3767968
1998-10-14,13.324308395385742,2904521
1998-10-15,13.203980445861816,2945629
1998-10-16,13.721891403198242,3257810
1998-10-19,13.863144874572754,2182710
1998-10-20,14.70016098022461,3706281
1998-10-21,14.360119819641113,2301010
1998-10-22,13.894535064697266,1916314
1998-10-23,14.009622573852539,2011930
1998-10-26,13.863144874572754,1068662
1998-10-27,13.753280639648438,1447539
1998-10-28,13.381850242614746,1045998
1998-10-29,13.272000312805176,1530061
1998-10-30,13.653892517089844,2053511
1998-11-02,14.093321800231934,1016704
1998-11-03,13.6434326171875,1109146
1998-11-04,14.218883514404297,894332
1998-11-05,14.407206535339355,754494
1998-11-06,14.537989616394043,479700
1998-11-09,14.145639419555664,283766
1998-11-10,13.496956825256348,161371
1998-11-11,14.43859577178955,247426
1998-11-12,14.166555404663086,178323
1998-11-13,13.653892517089844,15267739
1998-11-16,14.742006301879883,15464068
1998-11-17,14.574616432189941,17057620
1998-11-18,14.689703941345215,9398042
1998-11-19,15.437783241271973,12756526
1998-11-20,16.138792037963867,11003100
1998-11-23,16.138792037963867,6322878
1998-11-24,16.478837966918945,8139525
1998-11-25,16.008010864257812,7493375
1998-11-26,16.70900535583496,5238406
1998-11-27,16.845029830932617,6658570
1998-11-30,16.588685989379883,6685524
1998-12-01,16.588685989379883,7059201
1998-12-02,15.495328903198242,9967571
1998-12-03,15.422090530395508,8656123
1998-12-04,15.348851203918457,6790950
1998-12-07,15.43256664276123,4405598
1998-12-08,15.43256664276123,4434327
1998-12-09,15.9556884765625,4454159
1998-12-10,15.903386116027832,5527729
1998-12-11,15.903386116027832,5444397
1998-12-14,15.563347816467285,5601644
1998-12-15,15.662732124328613,7561634
1998-12-16,15.798759460449219,7215311
1998-12-17,15.809208869934082,9129481
1998-12-18,15.809208869934082,13327254
1998-12-21,16.264339447021484,8284320
1998-12-22,16.175405502319336,6524322
1998-12-23,16.510225296020508,6381271
1998-12-24,16.510225296020508,0
1998-12-25,16.510225296020508,0
1998-12-28,17.404783248901367,7013054
1998-12-29,17.268760681152344,3648585
1998-12-30,17.106590270996094,2972183
1998-12-31,17.106590270996094,0
1999-01-01,17.106590270996094,0
1999-01-04,17.905437469482422,4805616
1999-01-05,17.75810432434082,4254356
1999-01-06,18.93065643310547,4965739
1999-01-07,18.68304443359375,6149097
1999-01-08,18.959300994873047,4124191
1999-01-11,18.785364151000977,3085808
1999-01-12,18.621660232543945,4133764
1999-01-13,17.65987777709961,6606635
1999-01-14,17.65987777709961,5419259
1999-01-15,18.437490463256836,6019200
1999-01-18,18.672815322875977,2519091
1999-01-19,18.417020797729492,3014293
1999-01-20,18.928606033325195,3300447
1999-01-21,18.82219696044922,3198789
1999-01-22,18.82219696044922,3283912
1999-01-25,18.048683166503906,2731161
1999-01-26,18.18169403076172,2276848
1999-01-27,18.417020797729492,2840602
1999-01-28,18.498872756958008,3120186
1999-01-29,18.814016342163086,3102542
1999-02-01,18.852888107299805,3494678
1999-02-02,18.621660232543945,2318303
1999-02-03,18.468183517456055,2385394
1999-02-04,18.089611053466797,2188790
1999-02-05,18.02821922302246,3377184
1999-02-08,17.65169334411621,2153254
1999-02-09,16.94365882873535,3391888
1999-02-10,16.94365882873535,3484544
1999-02-11,17.08690643310547,2116434
1999-02-12,17.08690643310547,2653745
1999-02-15,17.39385223388672,1893090
1999-02-16,17.373390197753906,1748433
1999-02-17,17.221961975097656,1947117
1999-02-18,17.567794799804688,2105290
1999-02-19,17.39385223388672,2156025
1999-02-22,17.7008056640625,2351937
1999-02-23,18.314708709716797,3424907
1999-02-24,18.744436264038086,4655203
1999-02-25,17.803125381469727,4542943
1999-02-26,17.803125381469727,3461269
1999-03-01,17.0255126953125,2508258
1999-03-02,17.0255126953125,3394086
1999-03-03,16.342039108276367,4186903
1999-03-04,16.585554122924805,3907936
1999-03-05,17.148296356201172,3203806
1999-03-08,16.923198699951172,1694109
1999-03-09,16.88227081298828,1716923
1999-03-10,16.37068748474121,2791578
1999-03-11,16.45049476623535,2381407
1999-03-12,16.45049476623535,4896737
1999-03-15,17.342697143554688,2808093
1999-03-16,17.539142608642578,2468606
1999-03-17,17.252655029296875,2772835
1999-03-18,17.3201847076416,2039411
1999-03-19,17.516633987426758,20039374
1999-03-22,17.16876220703125,3065215
1999-03-23,16.534391403198242,2569918
1999-03-24,16.012577056884766,4567364
1999-03-25,16.319530487060547,4668516
1999-03-26,16.37068748474121,3658289
1999-03-29,16.57122802734375,1713463
1999-03-30,16.325666427612305,2026093
1999-03-31,16.48323631286621,2161933
1999-04-01,16.728797912597656,2642130
1999-04-02,16.728797912597656,0
1999-04-05,16.728797912597656,0
1999-04-06,17.273120880126953,3676175
1999-04-07,17.076669692993164,3311638
1999-04-08,17.076669692993164,4672331
1999-04-09,17.391809463500977,5295169
1999-04-12,18.16327667236328,3511024
1999-04-13,18.16327667236328,6236618
1999-04-14,18.468183517456055,4617524
1999-04-15,18.468183517456055,4639393
1999-04-16,18.468183517456055,4607132
1999-04-19,18.611427307128906,5028248
1999-04-20,18.785364151000977,3300181
1999-04-21,18.76490020751953,2266788
1999-04-22,19.102540969848633,3182541
1999-04-23,19.102540969848633,2556624
1999-04-26,19.32559585571289,3110590
1999-04-27,19.32559585571289,4047186
1999-04-28,19.532278060913086,4689565
1999-04-29,19.23555564880371,3266083
1999-04-30,18.938838958740234,2178276
1999-05-03,19.11277961730957,1436194
1999-05-04,19.030925750732422,2787979
1999-05-05,19.19463539123535,2652374
1999-05-06,18.80582618713379,5447711
1999-05-07,19.041160583496094,6931947
1999-05-10,18.70555877685547,3993529
1999-05-11,18.56231689453125,2635741
1999-05-12,18.621660232543945,3095812
1999-05-13,18.621660232543945,0
1999-05-14,18.447717666625977,2289099
1999-05-17,18.189878463745117,3145794
1999-05-18,17.713085174560547,3553195
1999-05-19,18.858646392822266,2732818
1999-05-20,18.458839416503906,1615154
1999-05-21,18.444028854370117,1896448
1999-05-24,18.444028854370117,0
1999-05-25,18.3192195892334,1922385
1999-05-26,18.025182723999023,1761725
1999-05-27,18.03999137878418,2411417
1999-05-28,17.610563278198242,3083928
1999-05-31,17.57883644104004,1126248
1999-06-01,17.591527938842773,2352420
1999-06-02,17.30171775817871,2232933
1999-06-03,17.30171775817871,0
1999-06-04,17.576719284057617,2778200
1999-06-07,17.72691535949707,2652270
1999-06-08,17.89614486694336,3515056
1999-06-09,17.57883644104004,2867547
1999-06-10,17.69095230102539,2911661
1999-06-11,17.324993133544922,3073452
1999-06-14,17.83056640625,2704257
1999-06-15,17.874990463256836,3581186
1999-06-16,18.018835067749023,2646754
1999-06-17,18.044221878051758,2426417
1999-06-18,18.190181732177734,16150560
1999-06-21,17.984989166259766,3283282
1999-06-22,18.3382625579834,1913860
1999-06-23,18.245182037353516,2123051
1999-06-24,18.14999008178711,2370673
1999-06-25,18.014604568481445,2194875
1999-06-28,18.124608993530273,1774201
1999-06-29,18.126718521118164,1759654
1999-06-30,17.987106323242188,2001274
1999-07-01,17.85384178161621,5078270
1999-07-02,18.37421989440918,2105201
1999-07-05,18.107685089111328,2439395
1999-07-06,18.511720657348633,2799594
1999-07-07,18.848072052001953,2180206
1999-07-08,18.80999183654785,2016573
1999-07-09,18.75287437438965,2610261
1999-07-12,18.75287437438965,1842176
1999-07-13,18.647104263305664,1619536
1999-07-14,18.547683715820312,2610548
1999-07-15,18.583642959594727,2263626
1999-07-16,18.583642959594727,2243406
1999-07-19,18.63652992248535,1446187
1999-07-20,18.53075408935547,2930177
1999-07-21,17.913068771362305,3621534
1999-07-22,17.663455963134766,4154003
1999-07-23,17.38845443725586,4357502
1999-07-26,16.9886474609375,4777487
1999-07-27,16.74960708618164,3024142
1999-07-28,16.631145477294922,3341609
1999-07-29,16.92306900024414,10833502
1999-07-30,15.653840065002441,12628105
1999-08-02,15.061532020568848,8792293
1999-08-03,14.915567398071289,6281901
1999-08-04,15.040376663208008,4276307
1999-08-05,14.998065948486328,5679245
1999-08-06,14.69556713104248,3836494
1999-08-09,14.807684898376465,3132230
1999-08-10,14.953645706176758,3513898
1999-08-11,14.680761337280273,2094477
1999-08-12,14.765376091003418,2647123
1999-08-13,14.955761909484863,2813097
1999-08-16,15.31325912475586,2631450
1999-08-17,15.452877044677734,2661153
1999-08-18,15.590375900268555,3000951
1999-08-19,15.497302055358887,3078409
1999-08-20,15.12710952758789,3364085
1999-08-23,15.019221305847168,1646313
1999-08-24,15.270950317382812,2362409
1999-08-25,15.40633487701416,2699944
1999-08-26,15.501526832580566,2696433
1999-08-27,15.617873191833496,2930748
1999-08-30,15.603070259094238,1174626
1999-08-31,15.545955657958984,2800206
1999-09-01,15.029800415039062,2223893
1999-09-02,15.1863374710083,2563745
1999-09-03,14.951533317565918,2258214
1999-09-06,15.251913070678711,1509429
1999-09-07,15.423261642456055,2097118
1999-09-08,15.474032402038574,1867214
1999-09-09,15.317489624023438,1928444
1999-09-10,15.230759620666504,3685711
1999-09-13,15.368260383605957,2903776
1999-09-14,15.389411926269531,6135921
1999-09-15,15.230759620666504,5357448
1999-09-16,14.987493515014648,9224126
1999-09-17,14.278841018676758,9696207
1999-09-20,14.426915168762207,3871022
1999-09-21,14.549607276916504,3075877
1999-09-22,14.342303276062012,2710149
1999-09-23,14.124415397644043,6269744
1999-09-24,13.682300567626953,5357639
1999-09-27,13.697107315063477,3602042
1999-09-28,14.096914291381836,3749514
1999-09-29,13.733070373535156,2668396
1999-09-30,13.834609985351562,3181500
1999-10-01,13.771145820617676,3092765
1999-10-04,13.781722068786621,2297830
1999-10-05,13.94249439239502,5326875
1999-10-06,14.437492370605469,2579395
1999-10-07,14.257682800292969,2865301
1999-10-08,14.532683372497559,3170886
1999-10-11,14.407877922058105,2048067
1999-10-12,14.691337585449219,1837698
1999-10-13,14.45018196105957,1902369
1999-10-14,14.38460922241211,8617335
1999-10-15,14.638453483581543,4813714
1999-10-18,14.460760116577148,2371116
1999-10-19,14.113835334777832,2769220
1999-10-20,14.63633918762207,2166995
1999-10-21,14.649030685424805,1657357
1999-10-22,14.532683372497559,2292467
1999-10-25,14.976914405822754,2187043
1999-10-26,14.93460464477539,4055452
1999-10-27,15.292105674743652,2461057
1999-10-28,15.209607124328613,3787064
1999-10-29,15.55864143371582,3818328
1999-11-01,15.6136474609375,1258285
1999-11-02,15.548070907592773,3161898
1999-11-03,15.279413223266602,2421032
1999-11-04,15.156721115112305,2861259
1999-11-05,15.241334915161133,2290547
1999-11-08,15.28364372253418,1568722
1999-11-09,15.28364372253418,2513393
1999-11-10,15.10595417022705,2830969
1999-11-11,14.951533317565918,3057853
1999-11-12,14.735761642456055,3321084
1999-11-15,14.604605674743652,2144274
1999-11-16,14.670183181762695,3168963
1999-11-17,14.966340065002441,3191525
1999-11-18,14.945186614990234,2218007
1999-11-19,14.79499340057373,4070554
1999-11-22,14.704032897949219,2514557
1999-11-23,14.522109985351562,2473970
1999-11-24,14.676530838012695,1991977
1999-11-25,14.701915740966797,2400098
1999-11-26,14.57076358795166,2296649
1999-11-29,14.38460922241211,2158008
1999-11-30,14.299992561340332,2693321
1999-12-01,14.38460922241211,2462568
1999-12-02,14.2259521484375,3563611
1999-12-03,14.033453941345215,3718362
1999-12-06,14.033453941345215,4379563
1999-12-07,14.2259521484375,2498542
1999-12-08,14.168837547302246,2549142
1999-12-09,14.130760192871094,3146174
1999-12-10,13.866336822509766,2357708
1999-12-13,14.130760192871094,2252549
1999-12-14,14.130760192871094,3204339
1999-12-15,14.38460922241211,4505625
1999-12-16,15.00864315032959,8996793
1999-12-17,15.493067741394043,7217536
1999-12-20,15.279413223266602,2097392
1999-12-21,14.976914405822754,2228018
1999-12-22,15.317489624023438,1989887
1999-12-23,15.268837928771973,2696100
1999-12-24,15.268837928771973,0
1999-12-27,15.330183982849121,2932825
1999-12-28,15.442298889160156,2576998
1999-12-29,15.778645515441895,3733826
1999-12-30,16.203840255737305,1612120
1999-12-31,16.203840255737305,0
2000-01-03,16.288455963134766,4195931
2000-01-04,15.664414405822754,4295647
2000-01-05,15.46345043182373,3349896
2000-01-06,15.082685470581055,2198697
2000-01-07,15.442298889160156,3238414
2000-01-10,15.892877578735352,3479426
2000-01-11,15.672876358032227,3033625
2000-01-12,15.674992561340332,1915615
2000-01-13,15.971144676208496,5363646
2000-01-14,15.92883586883545,3030131
2000-01-17,15.408454895019531,3668113
2000-01-18,15.410571098327637,3003225
2000-01-19,15.389411926269531,2432963
2000-01-20,15.019221305847168,2569080
2000-01-21,15.038262367248535,3027331
2000-01-24,14.786530494689941,2184952
2000-01-25,14.278841018676758,4301662
2000-01-26,14.194222450256348,3700209
2000-01-27,14.77595043182373,4867209
2000-01-28,14.416337966918945,3727862
2000-01-31,14.046147346496582,3590175
2000-02-01,14.173070907592773,3568971
2000-02-02,14.173070907592773,2908142
2000-02-03,14.352879524230957,3162028
2000-02-04,14.34653091430664,2542584
2000-02-07,14.183646202087402,2463967
2000-02-08,14.035569190979004,2453257
2000-02-09,13.908648490905762,3259020
2000-02-10,14.15191650390625,3442078
2000-02-11,13.955183982849121,5937719
2000-02-14,14.162490844726562,2301634
2000-02-15,14.022875785827637,2602796
2000-02-16,13.908648490905762,5423921
2000-02-17,13.895954132080078,2690068
2000-02-18,13.749992370605469,3478762
2000-02-21,13.64422607421875,1946142
2000-02-22,13.633646965026855,2593939
2000-02-23,13.379801750183105,2686011
2000-02-24,13.136528968811035,3121755
2000-02-25,13.919220924377441,4387706
2000-02-28,14.257682800292969,4131452
2000-02-29,14.807684898376465,4819262
2000-03-01,14.426915168762207,4822638
2000-03-02,14.228068351745605,4016994
2000-03-03,13.950955390930176,3544473
2000-03-06,13.908648490905762,1507274
2000-03-07,13.491914749145508,2892448
2000-03-08,13.728837013244629,4562640
2000-03-09,13.549031257629395,3885098
2000-03-10,13.326915740966797,2561559
2000-03-13,13.326915740966797,0
2000-03-14,13.889606475830078,3187560
2000-03-15,13.686532974243164,2341685
2000-03-16,14.77595043182373,5601863
2000-03-17,14.604605674743652,46575930
2000-03-20,14.310568809509277,3055075
2000-03-21,14.395185470581055,3618131
2000-03-22,14.574990272521973,5881555
2000-03-23,14.45018196105957,3800219
2000-03-24,14.849993705749512,5095731
2000-03-27,14.818256378173828,3491975
2000-03-28,14.393072128295898,5024337
2000-03-29,14.386725425720215,2464511
2000-03-30,14.426915168762207,2765742
2000-03-31,14.388837814331055,1923300
2000-04-03,14.74422550201416,2506265
2000-04-04,14.945186614990234,3210682
2000-04-05,14.966340065002441,3693466
2000-04-06,14.809800148010254,2686312
2000-04-07,14.701915740966797,2471241
2000-04-10,14.74422550201416,2280984
2000-04-11,14.733647346496582,2107191
2000-04-12,14.849993705749512,2182337
2000-04-13,14.807684898376465,2330903
2000-04-14,14.604605674743652,2388606
2000-04-17,14.490376472473145,3263384
2000-04-18,14.534798622131348,2746007
2000-04-19,14.321145057678223,5838839
2000-04-20,13.98458480834961,4491472
2000-04-21,13.98458480834961,0
2000-04-24,13.98458480834961,0
2000-04-25,14.415050506591797,3045019
2000-04-26,14.448163986206055,1689556
2000-04-27,14.059640884399414,1886133
2000-04-28,14.161185264587402,2176727
2000-05-01,14.161185264587402,0
2000-05-02,14.24948501586914,1777721
2000-05-03,14.238450050354004,2255873
2000-05-04,14.293635368347168,2028507
2000-05-05,14.304676055908203,1891391
2000-05-08,14.147940635681152,1734677
2000-05-09,14.147940635681152,0
2000-05-10,13.554119110107422,4019692
2000-05-11,13.377517700195312,4440892
2000-05-12,13.571781158447266,2326017
2000-05-15,13.576194763183594,1628502
2000-05-16,13.699817657470703,2821359
2000-05-17,13.523212432861328,2376353
2000-05-18,13.48127269744873,2162037
2000-05-19,13.311295509338379,2650441
2000-05-22,13.445951461791992,2526343
2000-05-23,13.448159217834473,2259749
2000-05-24,13.421667098999023,2075431
2000-05-25,13.404009819030762,2641846
2000-05-26,13.158974647521973,2531389
2000-05-29,13.214163780212402,1718058
2000-05-30,13.222992897033691,1880772
2000-05-31,12.869791984558105,3828301
2000-06-01,12.863164901733398,1868753
2000-06-02,12.792527198791504,4213353
2000-06-05,13.088334083557129,2542610
2000-06-06,13.302462577819824,3080170
2000-06-07,13.399593353271484,2285575
2000-06-08,13.317914009094238,2679992
2000-06-09,13.24506664276123,1784631
2000-06-12,13.24506664276123,342494
2000-06-13,13.134689331054688,2401956
2000-06-14,13.046391487121582,2754845
2000-06-15,12.781490325927734,2499930
2000-06-16,12.463611602783203,23287505
2000-06-19,12.693191528320312,2570553
2000-06-20,12.567362785339355,2068220
2000-06-21,12.36206340789795,3223954
2000-06-22,12.218575477600098,2330299
2000-06-23,12.41724967956543,2360199
2000-06-26,12.370895385742188,2503527
2000-06-27,12.5320405960083,2137671
2000-06-28,12.426080703735352,2064156
2000-06-29,12.185462951660156,1845669
2000-06-30,12.0596342086792,2190240
2000-07-03,12.218575477600098,1971753
2000-07-04,12.501136779785156,2348950
2000-07-05,12.408421516418457,2940760
2000-07-06,12.251686096191406,2477618
2000-07-07,12.251686096191406,0
2000-07-10,12.81460189819336,3679128
2000-07-11,12.755001068115234,1894347
2000-07-12,12.710851669311523,1803958
2000-07-13,12.710851669311523,0
2000-07-14,12.516589164733887,2753403
2000-07-17,12.426080703735352,2454333
2000-07-18,12.726304054260254,2168635
2000-07-19,13.22740650177002,5272092
2000-07-20,13.302462577819824,3868929
2000-07-21,13.03756046295166,2568147
2000-07-24,12.803565979003906,3729454
2000-07-25,12.41283893585205,2967739
2000-07-26,12.626965522766113,5882885
2000-07-27,12.419456481933594,2733669
2000-07-28,12.596059799194336,3085973
2000-07-31,12.607098579406738,1551996
2000-08-01,12.516589164733887,2065985
2000-08-02,12.761621475219727,2328406
2000-08-03,12.604887008666992,2229752
2000-08-04,12.631381034851074,2921775
2000-08-07,12.88082504272461,2614448
2000-08-08,12.99120807647705,2762982
2000-08-09,13.509966850280762,5616915
2000-08-10,13.772658348083496,5795297
2000-08-11,13.763833045959473,2547659
2000-08-14,13.708643913269043,1919385
2000-08-15,13.576194763183594,1575751
2000-08-16,13.53425121307373,1539462
2000-08-17,13.476861000061035,1101627
2000-08-18,13.247273445129395,2270686
2000-08-21,13.256107330322266,1646088
2000-08-22,13.410634994506836,1999408
2000-08-23,13.487894058227539,1974768
2000-08-24,13.300257682800293,1650592
2000-08-25,13.386347770690918,1217089
2000-08-28,13.46581745147705,1443623
2000-08-29,13.20091724395752,1838916
2000-08-30,12.980165481567383,2186678
2000-08-31,12.781490325927734,2248807
2000-09-01,12.78810977935791,2219749
2000-09-04,12.90290641784668,1430101
2000-09-05,12.863164901733398,1712602
2000-09-06,12.936019897460938,1635198
2000-09-07,12.768242835998535,2378159
2000-09-08,12.783697128295898,1810767
2000-09-11,12.852130889892578,1754854
2000-09-12,12.509967803955078,3681819
2000-09-13,12.509967803955078,0
2000-09-14,12.36647891998291,2288260
2000-09-15,12.139105796813965,9436918
2000-09-18,12.019896507263184,3069236
2000-09-19,11.920560836791992,3990518
2000-09-20,11.664488792419434,2950972
2000-09-21,11.47464370727539,3629932
2000-09-22,11.690979957580566,3578178
2000-09-25,11.335570335388184,3420631
2000-09-26,11.357647895812988,3302633
2000-09-27,11.657864570617676,9087700
2000-09-28,11.039762496948242,7085174
2000-09-29,11.222987174987793,3500597
2000-10-02,11.236231803894043,2925734
2000-10-03,11.236231803894043,0
2000-10-04,11.083915710449219,4655280
2000-10-05,11.19428825378418,2472977
2000-10-06,11.326739311218262,4551876
2000-10-09,11.423872947692871,3699848
2000-10-10,11.766035079956055,7027455
2000-10-11,11.688770294189453,4697962
2000-10-12,11.39076042175293,3950506
2000-10-13,11.39076042175293,0
2000-10-16,11.39076042175293,0
2000-10-17,11.39076042175293,0
2000-10-18,11.39076042175293,0
2000-10-19,11.39076042175293,0
2000-10-20,11.39076042175293,0
2000-10-23,11.91393756866455,2963689
2000-10-24,11.91393756866455,0
2000-10-25,11.607090950012207,3508979
2000-10-26,11.479060173034668,5356766
2000-10-27,11.324533462524414,5576937
2000-10-30,11.485679626464844,2143080
2000-10-31,11.485679626464844,0
2000-11-01,12.370895385742188,4231101
2000-11-02,12.311287879943848,3631942
2000-11-03,12.273764610290527,4785654
2000-11-06,12.061840057373047,4028264
2000-11-07,11.953673362731934,2843574
2000-11-08,11.942635536193848,2281063
2000-11-09,12.108201026916504,3083086
2000-11-10,11.876410484313965,2957086
2000-11-13,11.920560836791992,1798822
2000-11-14,11.920560836791992,0
2000-11-15,11.576189994812012,5957096
2000-11-16,11.423872947692871,6603671
2000-11-17,10.993406295776367,9571774
2000-11-20,10.518791198730469,5605405
2000-11-21,10.295830726623535,5536076
2000-11-22,10.27596378326416,4830907
2000-11-23,10.702014923095703,3185302
2000-11-24,10.611507415771484,3000324
2000-11-27,10.43932056427002,2934037
2000-11-28,10.298043251037598,4328030
2000-11-29,10.110401153564453,2452859
2000-11-30,9.715258598327637,3251913
2000-12-01,10.077288627624512,3037787
2000-12-04,10.231813430786133,4756632
2000-12-05,10.704221725463867,4650397
2000-12-06,10.646827697753906,5034833
2000-12-07,10.474639892578125,3440883
2000-12-08,10.673315048217773,2469897
2000-12-11,10.984573364257812,4000018
2000-12-12,11.26492977142334,5097080
2000-12-13,10.9801607131958,4249031
2000-12-14,10.80356502532959,3970544
2000-12-15,10.602676391601562,7820370
2000-12-18,10.507753372192383,5544700
2000-12-19,10.152344703674316,5848923
2000-12-20,9.916138648986816,4759146
2000-12-21,9.801349639892578,3547996
2000-12-22,9.713050842285156,2789535
2000-12-25,9.713050842285156,0
2000-12-26,9.713050842285156,0
2000-12-27,9.569562911987305,2723442
2000-12-28,9.556318283081055,3015184
2000-12-29,9.87640380859375,2201095
2001-01-01,9.87640380859375,0
2001-01-02,9.803559303283691,2957077
2001-01-03,10.088330268859863,2995349
2001-01-04,10.507753372192383,6973169
2001-01-05,10.507753372192383,0
2001-01-08,10.26492977142334,3608788
2001-01-09,10.309077262878418,4809738
2001-01-10,9.854330062866211,6222055
2001-01-11,9.936010360717773,3515432
2001-01-12,9.750576972961426,7570873
2001-01-15,9.867575645446777,3237661
2001-01-16,9.878613471984863,2513986
2001-01-17,10.419450759887695,6261166
2001-01-18,10.596053123474121,5068591
2001-01-19,10.807974815368652,6490138
2001-01-22,11.081707000732422,4290588
2001-01-23,11.14351749420166,5712298
2001-01-24,11.103781700134277,4088292
2001-01-25,11.423872947692871,5912655
2001-01-26,11.593849182128906,5777897
2001-01-29,11.39076042175293,5397162
2001-01-30,11.002233505249023,5687470
2001-01-31,11.269346237182617,4912732
2001-02-01,11.092745780944824,4402047
2001-02-02,10.871994018554688,5148823
2001-02-05,11.103781700134277,4958180
2001-02-06,11.494511604309082,4676846
2001-02-07,11.439323425292969,6369007
2001-02-08,11.821224212646484,3902093
2001-02-09,11.545286178588867,2632820
2001-02-12,11.655662536621094,2922878
2001-02-13,12.075087547302246,7845924
2001-02-14,12.251686096191406,5671567
2001-02-15,12.251686096191406,0
2001-02-16,12.075087547302246,4078782
2001-02-19,12.174427032470703,2512198
2001-02-20,12.481271743774414,4741419
2001-02-21,12.638002395629883,5249887
2001-02-22,12.075087547302246,6391314
2001-02-23,11.613718032836914,5269661
2001-02-26,11.569568634033203,3812771
2001-02-27,11.67552661895752,2873118
2001-02-28,11.779282569885254,3660553
2001-03-01,11.651247024536133,3025885
2001-03-02,11.688770294189453,2580981
2001-03-05,11.942635536193848,2497116
2001-03-06,12.386346817016602,6363542
2001-03-07,12.291423797607422,3711334
2001-03-08,12.225201606750488,2682911
2001-03-09,12.313499450683594,4097695
2001-03-12,12.125860214233398,3005961
2001-03-13,11.651247024536133,5728275
2001-03-14,11.136895179748535,9290305
2001-03-15,11.470227241516113,4275734
2001-03-16,11.313494682312012,27821665
2001-03-19,11.172212600708008,2820431
2001-03-20,11.432701110839844,3421488
2001-03-21,11.125858306884766,4516130
2001-03-22,10.596053123474121,7060882
2001-03-23,10.88302993774414,3918560
2001-03-26,11.19428825378418,2973247
2001-03-27,11.421663284301758,5473494
2001-03-28,11.203121185302734,3734465
2001-03-29,11.39076042175293,4072326
2001-03-30,11.181045532226562,3289134
2001-04-02,11.335570335388184,2905324
2001-04-03,11.09715747833252,4139680
2001-04-04,10.982369422912598,4588974
2001-04-05,11.300249099731445,3514500
2001-04-06,11.39076042175293,3863508
2001-04-09,11.646830558776855,4161532
2001-04-10,12.097160339355469,5474864
2001-04-11,12.196500778198242,9823912
2001-04-12,12.248934745788574,4932891
2001-04-13,12.248934745788574,0
2001-04-16,12.248934745788574,0
2001-04-17,12.097709655761719,3103114
2001-04-18,12.716559410095215,5645187
2001-04-19,12.679333686828613,3632784
2001-04-20,12.804963111877441,6458334
2001-04-23,12.84218692779541,4040156
2001-04-24,13.046919822692871,4270278
2001-04-25,12.844511985778809,8370613
2001-04-26,12.88406753540039,3495536
2001-04-27,12.737493515014648,4918417
2001-04-30,13.130671501159668,3536213
2001-05-01,13.130671501159668,0
2001-05-02,13.400542259216309,5751446
2001-05-03,13.167895317077637,4021868
2001-05-04,13.26095199584961,3433097
2001-05-07,13.26095199584961,0
2001-05-08,13.121366500854492,2754305
2001-05-09,13.121366500854492,2389671
2001-05-10,13.121366500854492,0
2001-05-11,13.291197776794434,2271197
2001-05-14,13.167895317077637,1827766
2001-05-15,13.116711616516113,2251534
2001-05-16,13.144627571105957,3893306
2001-05-17,13.230710983276367,3636139
2001-05-18,13.25629997253418,3395612
2001-05-21,13.305157661437988,2564210
2001-05-22,13.246993064880371,2576156
2001-05-23,13.074833869934082,1913313
2001-05-24,13.114381790161133,1361206
2001-05-25,13.119038581848145,1809804
2001-05-28,13.028304100036621,2092504
2001-05-29,12.574642181396484,4557716
2001-05-30,12.481585502624512,3687858
2001-05-31,12.553703308105469,3524399
2001-06-01,12.390849113464355,2836446
2001-06-04,12.614194869995117,1018702
2001-06-05,12.695619583129883,3001322
2001-06-06,12.707246780395508,2673244
2001-06-07,12.595579147338867,2402738
2001-06-08,12.495539665222168,2092519
2001-06-11,12.497872352600098,1691459
2001-06-12,12.302443504333496,3597392
2001-06-13,12.260566711425781,2676446
2001-06-14,12.097709655761719,2253421
2001-06-15,12.097709655761719,0
2001-06-18,11.637065887451172,4605277
2001-06-19,11.772002220153809,4083264
2001-06-20,11.792941093444824,3100516
2001-06-21,11.774330139160156,3402588
2001-06-22,12.120978355407715,4988171
2001-06-25,12.18612003326416,2396075
2001-06-26,11.990694999694824,3739300
2001-06-27,12.151225090026855,2120377
2001-06-28,12.376891136169434,3793691
2001-06-29,12.621170997619629,4096017
2001-07-02,13.028304100036621,4291460
2001-07-03,12.865452766418457,4342081
2001-07-04,12.737493515014648,2274513
2001-07-05,12.767740249633789,2889080
2001-07-06,12.544398307800293,3269908
2001-07-09,12.630475044250488,2336900
2001-07-10,12.644434928894043,3066422
2001-07-11,13.142306327819824,9364864
2001-07-12,13.244669914245605,6417468
2001-07-13,13.244669914245605,0
2001-07-16,13.28654670715332,2582589
2001-07-17,13.30282974243164,3343297
2001-07-18,13.009696006774902,4280959
2001-07-19,13.086467742919922,4099584
2001-07-20,13.44707202911377,9241052
2001-07-23,13.202792167663574,5719265
2001-07-24,13.074833869934082,3133402
2001-07-25,12.977124214172363,4305440
2001-07-26,13.005041122436523,3818428
2001-07-27,13.135326385498047,2787683
2001-07-30,13.03761100769043,4577371
2001-07-31,13.195809364318848,3584715
2001-08-01,13.167895317077637,1982354
2001-08-02,12.760762214660645,4125347
2001-08-03,12.597905158996582,3939319
2001-08-06,12.551380157470703,2061467
2001-08-07,12.677006721496582,3187459
2001-08-08,12.48856258392334,3339392
2001-08-09,12.311747550964355,3628941
2001-08-10,12.216362953186035,4003133
2001-08-13,12.214038848876953,3253593
2001-08-14,12.455991744995117,3048231
2001-08-15,12.190771102905273,2745229
2001-08-16,11.874371528625488,4890839
2001-08-17,11.092670440673828,10116702
2001-08-20,11.20899486541748,4818474
2001-08-21,11.311360359191895,4076988
2001-08-22,11.49980640411377,6162073
2001-08-23,11.751065254211426,4183643
2001-08-24,11.990694999694824,3361255
2001-08-27,11.869714736938477,1694535
2001-08-28,11.72547721862793,3731416
2001-08-29,11.51144027709961,3693172
2001-08-30,11.085691452026367,4349106
2001-08-31,11.155486106872559,3262490
2001-09-03,10.818150520324707,3992429
2001-09-04,11.334628105163574,6836599
2001-09-05,11.134549140930176,5689413
2001-09-06,11.167118072509766,6371984
2001-09-07,10.422645568847656,7163450
2001-09-10,10.108570098876953,8132160
2001-09-11,9.282668113708496,9662138
2001-09-12,9.096548080444336,9520567
2001-09-13,8.896471977233887,8231405
2001-09-14,7.97285795211792,10846803
2001-09-17,8.526558876037598,12058087
2001-09-18,8.326481819152832,5869943
2001-09-19,7.630865573883057,7563620
2001-09-20,7.072509765625,8125605
2001-09-21,7.0306315422058105,20245640
2001-09-24,7.0306315422058105,0
2001-09-25,7.132997989654541,8162098
2001-09-26,7.305156707763672,9186176
2001-09-27,7.212097644805908,6683419
2001-09-28,7.605273246765137,10356376
2001-10-01,7.863512992858887,6502977
2001-10-02,8.175262451171875,7698632
2001-10-03,8.175262451171875,0
2001-10-04,8.78247356414795,7885934
2001-10-05,8.605659484863281,7463066
2001-10-08,8.631253242492676,5981017
2001-10-09,8.503294944763184,4327141
2001-10-10,8.889492988586426,5131038
2001-10-11,9.184954643249512,6550295
2001-10-12,8.97557258605957,6173471
2001-10-15,8.735944747924805,3974823
2001-10-16,8.735944747924805,0
2001-10-17,9.129119873046875,8165730
2001-10-18,8.945327758789062,6034404
2001-10-19,8.787127494812012,6695291
2001-10-22,9.02675724029541,4820407
2001-10-23,9.499032020568848,11135758
2001-10-24,9.66420841217041,6858099
2001-10-25,9.410623550415039,6583374
2001-10-26,9.885225296020508,5609732
2001-10-29,9.538579940795898,4704121
2001-10-30,9.131444931030273,7394303
2001-10-31,9.015122413635254,6570002
2001-11-01,9.21054744720459,5115730
2001-11-02,9.073284149169922,4745443
2001-11-05,9.387357711791992,4366726
2001-11-06,9.259403228759766,4059385
2001-11-07,9.452502250671387,5944476
2001-11-08,9.631638526916504,6107744
2001-11-09,9.62466049194336,3627338
2001-11-12,9.492048263549805,5411807
2001-11-13,9.96898078918457,5395297
2001-11-14,10.201629638671875,9065219
2001-11-15,10.283051490783691,6212261
2001-11-16,10.4691743850708,6131350
2001-11-19,11.108956336975098,6806151
2001-11-20,10.899571418762207,9194748
2001-11-21,10.818150520324707,5543017
2001-11-22,10.887941360473633,2290621
2001-11-23,11.562620162963867,8308095
2001-11-26,11.632413864135742,7337723
2001-11-27,11.283442497253418,7384711
2001-11-28,10.964715003967285,5879470
2001-11-29,10.743699073791504,6797296
2001-11-30,10.832106590270996,3827123
2001-12-03,10.936798095703125,4912602
2001-12-04,10.759984970092773,5981855
2001-12-05,11.134549140930176,7083758
2001-12-06,11.390461921691895,5917183
2001-12-07,11.269484519958496,4385646
2001-12-10,10.990306854248047,3532231
2001-12-11,10.794880867004395,6900174
2001-12-12,10.494765281677246,6306997
2001-12-13,10.297015190124512,5593434
2001-12-14,10.236526489257812,4485996
2001-12-17,10.5506010055542,5258621
2001-12-18,10.587821006774902,5347280
2001-12-19,10.417990684509277,6197037
2001-12-20,10.313300132751465,4007463
2001-12-21,10.664597511291504,9266704
2001-12-24,10.664597511291504,0
2001-12-25,10.664597511291504,0
2001-12-26,10.664597511291504,0
2001-12-27,10.999611854553223,2825226
2001-12-28,11.248543739318848,1799810
2001-12-31,11.248543739318848,0
2002-01-01,11.248543739318848,0
2002-01-02,11.197362899780273,4993509
2002-01-03,11.446296691894531,5364292
2002-01-04,11.865063667297363,9816812
2002-01-07,11.430015563964844,7824917
2002-01-08,11.4230318069458,5436826
2002-01-09,11.353239059448242,6339528
2002-01-10,11.001936912536621,6721662
2002-01-11,11.071734428405762,4452710
2002-01-14,10.806514739990234,4882086
2002-01-15,10.806514739990234,0
2002-01-16,10.613415718078613,6607055
2002-01-17,10.89492130279541,6209584
2002-01-18,10.980998992919922,4345767
2002-01-21,10.757658004760742,2734862
2002-01-22,10.71345329284668,3802116
2002-01-23,10.890266418457031,7210105
2002-01-24,10.878632545471191,5908962
2002-01-25,10.969368934631348,4237040
2002-01-28,11.276463508605957,5684352
2002-01-29,11.050796508789062,6189610
2002-01-30,11.06242847442627,4851144
2002-01-31,10.922839164733887,7666109
2002-02-01,10.829777717590332,5063746
2002-02-04,10.504071235656738,5302468
2002-02-05,10.4110107421875,7767185
2002-02-06,9.959673881530762,19413866
2002-02-07,9.859637260437012,8008007
2002-02-08,10.036449432373047,6701338
2002-02-11,10.059713363647461,4655969
2002-02-12,9.948040962219238,3914522
2002-02-13,10.231873512268066,5500471
2002-02-14,10.122529983520508,4397222
2002-02-15,9.852656364440918,4127649
2002-02-18,9.90151309967041,2068098
2002-02-19,9.48041820526123,7629381
2002-02-20,9.706088066101074,8355286
2002-02-21,10.164405822753906,8944877
2002-02-22,10.027143478393555,5244317
2002-02-25,10.585500717163086,7231061
2002-02-26,10.608762741088867,6594264
2002-02-27,10.701822280883789,5649996
2002-02-28,10.797208786010742,5063128
2002-03-01,11.120588302612305,6092910
2002-03-04,11.562620162963867,7804284
2002-03-05,11.47188663482666,7456283
2002-03-06,11.374174118041992,5932078
2002-03-07,11.341605186462402,6860321
2002-03-08,11.562620162963867,6650679
2002-03-11,11.604496955871582,5643797
2002-03-12,11.632413864135742,4909444
2002-03-13,11.664987564086914,8190255
2002-03-14,11.853428840637207,5194725
2002-03-15,12.353625297546387,16631647
2002-03-18,12.453661918640137,6093420
2002-03-19,12.63280200958252,5205385
2002-03-20,12.307093620300293,6556734
2002-03-21,12.202404975891113,6742750
2002-03-22,12.493215560913086,4027241
2002-03-25,12.109344482421875,4006547
2002-03-26,12.428072929382324,6547880
2002-03-27,12.083751678466797,5527603
2002-03-28,12.16750717163086,3285344
2002-03-29,12.16750717163086,0
2002-04-01,12.16750717163086,0
2002-04-02,11.865063667297363,4264935
2002-04-03,11.72547721862793,6762294
2002-04-04,11.632413864135742,6455882
2002-04-05,11.748739242553711,3305351
2002-04-08,11.609149932861328,5439860
2002-04-09,11.653353691101074,3207093
2002-04-10,12.097709655761719,8284896
2002-04-11,11.955364227294922,6676121
2002-04-12,11.943458557128906,4237438
2002-04-15,12.23638916015625,4683831
2002-04-16,12.793669700622559,9265991
2002-04-17,12.705551147460938,6070954
2002-04-18,12.407859802246094,6988323
2002-04-19,12.395951271057129,4229474
2002-04-22,12.241150856018066,3232044
2002-04-23,12.419763565063477,4647553
2002-04-24,12.53646469116211,5432385
2002-04-25,12.129217147827148,8659854
2002-04-26,12.031575202941895,5975542
2002-04-29,12.072060585021973,4392414
2002-04-30,12.260202407836914,3707051
2002-05-01,12.260202407836914,0
2002-05-02,12.41738224029541,6372063
2002-05-03,12.195899963378906,6875191
2002-05-06,12.274490356445312,3164688
2002-05-07,12.214953422546387,5693235
2002-05-08,12.562660217285156,5525873
2002-05-09,12.548370361328125,2599225
2002-05-10,12.465015411376953,4508483
2002-05-13,12.498359680175781,3694952
2002-05-14,12.58171272277832,6177711
2002-05-15,12.510263442993164,5765397
2002-05-16,12.495976448059082,5459218
2002-05-17,12.83415699005127,9787917
2002-05-20,12.68887996673584,2505670
2002-05-21,12.696024894714355,6472911
2002-05-22,13.015152931213379,8182952
2002-05-23,12.803194999694824,7001262
2002-05-24,12.836536407470703,4744440
2002-05-27,13.088977813720703,4172820
2002-05-28,13.088977813720703,0
2002-05-29,12.793669700622559,5087641
2002-05-30,12.372133255004883,5284769
2002-05-31,12.51264476776123,4284164
2002-06-03,12.388805389404297,4704017
2002-06-04,11.926786422729492,7798903
2002-06-05,12.026810646057129,5057848
2002-06-06,12.260202407836914,6148710
2002-06-07,11.974418640136719,6252903
2002-06-10,11.743406295776367,5329272
2002-06-11,12.010139465332031,5969898
2002-06-12,11.931547164916992,5928818
2002-06-13,11.610040664672852,6570993
2002-06-14,11.00512981414795,10315573
2002-06-17,11.536212921142578,5516357
2002-06-18,11.586225509643555,5942687
2002-06-19,11.217084884643555,5918737
2002-06-20,10.890812873840332,8854830
2002-06-21,10.707432746887207,26886340
2002-06-24,10.635988235473633,9357230
2002-06-25,10.978930473327637,7950253
2002-06-26,11.038468360900879,11146901
2002-06-27,11.46953010559082,9498435
2002-06-28,11.702921867370605,6491295
2002-07-01,11.521924018859863,5543528
2002-07-02,11.100391387939453,5776440
2002-07-03,10.83127498626709,7550243
2002-07-04,11.050376892089844,3803204
2002-07-05,11.586225509643555,6856921
2002-07-08,11.383792877197266,4641906
2002-07-09,11.205174446105957,4748893
2002-07-10,10.819365501403809,6286295
2002-07-11,10.597881317138672,10937870
2002-07-12,10.845562934875488,7535379
2002-07-15,10.407358169555664,7607152
2002-07-16,10.800313949584961,11940817
2002-07-17,10.943206787109375,8929858
2002-07-18,11.25757122039795,13277294
2002-07-19,10.538345336914062,8585316
2002-07-22,10.054889678955078,8650601
2002-07-23,9.657170295715332,9204570
2002-07-24,10.243033409118652,12736823
2002-07-25,9.82387924194336,10806424
2002-07-26,9.888179779052734,8006697
2002-07-29,10.907485961914062,5811446
2002-07-30,10.88366985321045,6408060
2002-07-31,10.445463180541992,9235264
2002-08-01,10.169204711914062,8412736
2002-08-02,9.983443260192871,6605040
2002-08-05,9.311847686767578,6597801
2002-08-06,10.181113243103027,9935091
2002-08-07,10.15729808807373,8871205
2002-08-08,10.612173080444336,7884090
2002-08-09,10.800313949584961,7563542
2002-08-12,10.419265747070312,3921089
2002-08-13,10.585972785949707,4732696
2002-08-14,10.35972785949707,5690270
2002-08-15,10.771737098693848,5003796
2002-08-16,10.7645902633667,5644960
2002-08-19,11.371885299682617,6065927
2002-08-20,11.059904098510742,4772919
2002-08-21,11.193265914916992,4992713
2002-08-22,11.17660140991211,4886796
2002-08-23,11.17660140991211,0
2002-08-26,11.17660140991211,0
2002-08-27,11.17660140991211,0
2002-08-28,11.17660140991211,0
2002-08-29,10.335911750793457,6128082
2002-08-30,10.495475769042969,3638901
2002-09-02,10.173966407775879,2693979
2002-09-03,9.538095474243164,6906001
2002-09-04,9.816734313964844,7111915
2002-09-05,9.635738372802734,6624550
2002-09-06,10.014404296875,4409402
2002-09-09,10.002496719360352,3800914
2002-09-10,10.514527320861816,7808348
2002-09-11,10.669330596923828,4814634
2002-09-12,10.002496719360352,5804353
2002-09-13,9.847697257995605,6145765
2002-09-16,9.74767017364502,3821592
2002-09-17,9.716711044311523,6072926
2002-09-18,9.123703956604004,8408603
2002-09-19,8.918892860412598,7664493
2002-09-20,9.145137786865234,18417989
2002-09-23,8.580713272094727,7429975
2002-09-24,8.266348838806152,10161809
2002-09-25,8.566423416137695,8257448
2002-09-26,8.859354019165039,9743487
2002-09-27,8.645014762878418,6208620
2002-09-30,8.073443412780762,9150586
2002-10-01,8.490215301513672,9505429
2002-10-02,8.754565238952637,7932645
2002-10-03,8.244915962219238,6120096
2002-10-04,8.13774585723877,6233063
2002-10-07,8.142507553100586,6372170
2002-10-08,7.820999622344971,8571408
2002-10-09,7.406611919403076,10973116
2002-10-10,7.79956579208374,8549474
2002-10-11,8.328269004821777,7993725
2002-10-14,7.966273307800293,6120648
2002-10-15,8.544991493225098,9635472
2002-10-16,8.356849670410156,8083665
2002-10-17,9.002246856689453,8590326
2002-10-18,9.004627227783203,8075440
2002-10-21,9.411873817443848,4413451
2002-10-22,9.216586112976074,9576158
2002-10-23,8.787909507751465,13910497
2002-10-24,8.785526275634766,9300753
2002-10-25,8.618819236755371,6627076
2002-10-28,8.868881225585938,6086983
2002-10-29,8.21633529663086,8220475
2002-10-30,8.185376167297363,8926869
2002-10-31,8.275875091552734,7470379
2002-11-01,8.21633529663086,5862528
2002-11-04,8.706934928894043,6403348
2002-11-05,8.561660766601562,5670895
2002-11-06,8.352084159851074,9423244
2002-11-07,8.049627304077148,7561441
2002-11-08,7.837668418884277,5702328
2002-11-11,7.668580532073975,5557266
2002-11-12,7.742411136627197,7460906
2002-11-13,7.623330593109131,7866505
2002-11-14,7.906734943389893,6767888
2002-11-15,7.82814359664917,6556659
2002-11-18,7.935312271118164,3897812
2002-11-19,8.00914192199707,4947126
2002-11-20,7.8829193115234375,6136144
2002-11-21,8.240152359008789,7942344
2002-11-22,8.454492568969727,7592909
2002-11-25,8.337794303894043,4251357
2002-11-26,8.123454093933105,7431205
2002-11-27,8.547369956970215,4821527
2002-11-28,8.77838134765625,4775499
2002-11-29,8.72598648071289,5179738
2002-12-02,8.454492568969727,6020549
2002-12-03,8.113930702209473,4752085
2002-12-04,8.213953971862793,6622495
2002-12-05,7.963893413543701,7648154
2002-12-06,8.037721633911133,7296126
2002-12-09,7.616186618804932,4448459
2002-12-10,7.8900651931762695,5429549
2002-12-11,7.94722318649292,3676147
2002-12-12,7.6328582763671875,5664559
2002-12-13,7.435190677642822,7589588
2002-12-16,7.668580532073975,4883614
2002-12-17,7.459004878997803,4668068
2002-12-18,7.0731940269470215,8574066
2002-12-19,7.0065107345581055,9897652
2002-12-20,7.1422600746154785,13883651
2002-12-23,7.118443012237549,3001888
2002-12-24,7.118443012237549,0
2002-12-25,7.118443012237549,0
2002-12-26,7.118443012237549,0
2002-12-27,6.768355369567871,2727224
2002-12-30,6.989838600158691,2256287
2002-12-31,6.989838600158691,0
2003-01-01,6.989838600158691,0
2003-01-02,7.597132205963135,5798011
2003-01-03,7.337545871734619,7164852
2003-01-06,7.497110366821289,5360071
2003-01-07,7.461383819580078,7291715
2003-01-08,7.013653755187988,6560022
2003-01-09,7.077956199645996,9814738
2003-01-10,7.087483882904053,7503748
2003-01-13,7.154165267944336,5181934
2003-01-14,7.144641399383545,6979981
2003-01-15,6.920774936676025,6482668
2003-01-16,7.037469863891602,7538429
2003-01-17,6.754065990447998,7141489
2003-01-20,6.668330669403076,6606624
2003-01-21,6.575450897216797,9022817
2003-01-22,6.492094993591309,11577821
2003-01-23,6.406360149383545,7981626
2003-01-24,6.34205961227417,9544540
2003-01-27,6.201548099517822,9289418
2003-01-28,6.299190521240234,8095048
2003-01-29,6.51353120803833,14076102
2003-01-30,6.61593770980835,13637911
2003-01-31,6.782645225524902,9082440
2003-02-03,7.011274337768555,9974871
2003-02-04,6.7183427810668945,10323356
2003-02-05,6.954117298126221,8095712
2003-02-06,6.7183427810668945,8026231
2003-02-07,6.482570171356201,7163625
2003-02-10,6.525437355041504,6091717
2003-02-11,6.649277687072754,5937116
2003-02-12,6.432557582855225,6447478
2003-02-13,6.353967666625977,6832294
2003-02-14,6.715961933135986,8046875
2003-02-17,6.785027027130127,3344354
2003-02-18,6.858854293823242,5918886
2003-02-19,6.568305492401123,6155024
2003-02-20,6.50400447845459,8611467
2003-02-21,6.715961933135986,8523784
2003-02-24,6.668330669403076,5484519
2003-02-25,6.5873589515686035,8688068
2003-02-26,6.477807521820068,6786813
2003-02-27,6.692145824432373,7042474
2003-02-28,6.763592720031738,6443122
2003-03-03,6.763592720031738,5521049
2003-03-04,6.45875358581543,8125477
2003-03-05,6.465900421142578,6002535
2003-03-06,6.292046070098877,5182112
2003-03-07,6.253941535949707,6367296
2003-03-10,6.077707767486572,5896640
2003-03-11,5.97291898727417,10655841
2003-03-12,5.701421737670898,9520554
2003-03-13,6.189638614654541,7894463
2003-03-14,6.080089569091797,9715682
2003-03-17,6.370638370513916,10187643
2003-03-18,6.654041767120361,12472718
2003-03-19,6.7183427810668945,10045700
2003-03-20,6.739777088165283,7232155
2003-03-21,7.030325412750244,20964541
2003-03-24,6.670714378356934,7745461
2003-03-25,6.882670879364014,7959994
2003-03-26,6.739777088165283,6160683
2003-03-27,6.792172431945801,6094584
2003-03-28,6.606409549713135,5998414
2003-03-31,6.380163192749023,7736340
2003-04-01,6.365874767303467,6559738
2003-04-02,6.70405387878418,8731593
2003-04-03,6.663568019866943,6814350
2003-04-04,6.9422078132629395,7053669
2003-04-07,7.3827948570251465,10486551
2003-04-08,7.263719081878662,10066339
2003-04-09,7.28277063369751,11227745
2003-04-10,7.265920639038086,10908851
2003-04-11,7.268454074859619,7005616
2003-04-14,7.402586460113525,8085903
2003-04-15,7.397524833679199,9266444
2003-04-16,7.3038859367370605,6192071
2003-04-17,7.554433822631836,6722364
2003-04-18,7.554433822631836,0
2003-04-21,7.554433822631836,0
2003-04-22,7.693627834320068,6043982
2003-04-23,7.815106391906738,10285112
2003-04-24,7.4177703857421875,11121061
2003-04-25,7.192529678344727,7321196
2003-04-28,7.460792064666748,5982607
2003-04-29,7.296291351318359,6392166
2003-04-30,7.314007759094238,5630370
2003-05-01,7.314007759094238,0
2003-05-02,7.369686126708984,7315455
2003-05-05,7.346909046173096,5135728
2003-05-06,7.440546989440918,5094239
2003-05-07,7.278576850891113,6234685
2003-05-08,6.997658729553223,6875256
2003-05-09,7.184937000274658,5596181
2003-05-12,7.10142183303833,5067100
2003-05-13,6.936919212341309,7314530
2003-05-14,6.985003471374512,6279551
2003-05-15,6.969820022583008,5865497
2003-05-16,6.89895486831665,6545086
2003-05-19,6.618038177490234,6456715
2003-05-20,6.524397850036621,7074870
2003-05-21,6.542114734649658,7191442
2003-05-22,6.638285160064697,5542266
2003-05-23,6.456066131591797,4721969
2003-05-26,6.488968849182129,2765877
2003-05-27,6.618038177490234,6723058
2003-05-28,6.661062717437744,9243430
2003-05-29,6.623100280761719,2920124
2003-05-30,6.769887924194336,5009225
2003-06-02,6.89895486831665,6840232
2003-06-03,6.769887924194336,5298169
2003-06-04,6.643346309661865,17437822
2003-06-05,6.5294599533081055,10451933
2003-06-06,6.749638557434082,8540348
2003-06-09,6.658531665802002,2679791
2003-06-10,6.797726154327393,4988969
2003-06-11,6.992598056793213,11239945
2003-06-12,7.164688587188721,11239185
2003-06-13,7.015375137329102,6980553
2003-06-16,7.278576850891113,6579494
2003-06-17,7.4177703857421875,10030022
2003-06-18,7.541780948638916,9468583
2003-06-19,7.432956218719482,6392607
2003-06-20,7.326661586761475,18276101
2003-06-23,7.200122356414795,7275261
2003-06-24,7.351970195770264,6144122
2003-06-25,7.270983695983887,4695704
2003-06-26,7.567087173461914,9874770
2003-06-27,7.592395305633545,7701663
2003-06-30,7.693627834320068,7844122
2003-07-01,7.503816604614258,7616312
2003-07-02,7.741713047027588,7356628
2003-07-03,7.946707725524902,12110259
2003-07-04,7.9568305015563965,3423030
2003-07-07,8.177009582519531,8301042
2003-07-08,8.161826133728027,7817780
2003-07-09,8.106146812438965,6003462
2003-07-10,7.977077960968018,4908790
2003-07-11,8.166887283325195,4286582
2003-07-14,8.187132835388184,4398597
2003-07-15,8.06312370300293,6280417
2003-07-16,7.964424133300781,7458958
2003-07-17,7.807513236999512,9326280
2003-07-18,7.855599403381348,4465087
2003-07-21,7.594927787780762,7375931
2003-07-22,7.6961588859558105,6138625
2003-07-23,7.6354193687438965,4726796
2003-07-24,7.966954231262207,15527664
2003-07-25,7.944178104400635,6258363
2003-07-28,7.928989410400391,4867251
2003-07-29,7.880905628204346,5759700
2003-07-30,7.964424133300781,5497441
2003-07-31,8.121332168579102,5869491
2003-08-01,7.972014904022217,4549864
2003-08-04,7.870784759521484,4802222
2003-08-05,7.92140007019043,3362021
2003-08-06,7.883437633514404,5213886
2003-08-07,7.880905628204346,4376704
2003-08-08,7.908745288848877,3367084
2003-08-11,7.906213760375977,2530704
2003-08-12,7.989731311798096,3505187
2003-08-13,8.126392364501953,5885760
2003-08-14,8.28836441040039,5544670
2003-08-15,8.376943588256836,6508434
2003-08-18,8.480705261230469,2647069
2003-08-19,8.427557945251465,5286857
2003-08-20,8.531323432922363,4146088
2003-08-21,8.829957008361816,7451018
2003-08-22,8.74390983581543,4892833
2003-08-25,8.657861709594727,3390240
2003-08-26,8.630023002624512,4750586
2003-08-27,8.774276733398438,4625056
2003-08-28,8.845141410827637,6024001
2003-08-29,8.779339790344238,4178182
2003-09-01,9.085567474365234,4636015
2003-09-02,9.113405227661133,4210455
2003-09-03,9.325993537902832,10627933
2003-09-04,9.252598762512207,7121686
2003-09-05,8.969151496887207,7135599
2003-09-08,8.883103370666504,6031051
2003-09-09,8.655330657958984,8850233
2003-09-10,8.475646018981934,9160856
2003-09-11,8.599654197692871,6073184
2003-09-12,8.44021224975586,5640165
2003-09-15,8.483236312866211,4059169
2003-09-16,8.597122192382812,3465422
2003-09-17,8.589531898498535,5068794
2003-09-18,8.637614250183105,5961594
2003-09-19,8.594592094421387,17794011
2003-09-22,8.341512680053711,7263300
2003-09-23,8.161826133728027,6840425
2003-09-24,7.883437633514404,6296873
2003-09-25,7.832822322845459,9086574
2003-09-26,7.76954984664917,7676695
2003-09-29,7.820167064666748,6115032
2003-09-30,7.627825736999512,11459240
2003-10-01,7.789798259735107,8636320
2003-10-02,7.531656742095947,8996051
2003-10-03,7.830290794372559,8517211
2003-10-06,7.784738540649414,4809028
2003-10-07,7.567087173461914,9322089
2003-10-08,7.47851037979126,9705465
2003-10-09,7.883437633514404,11341019
2003-10-10,7.822699069976807,7576977
2003-10-13,7.969485282897949,5821706
2003-10-14,8.040348052978516,8734853
2003-10-15,8.177009582519531,9805857
2003-10-16,8.222566604614258,7212031
2003-10-17,8.080840110778809,6720842
2003-10-20,8.07830810546875,6014097
2003-10-21,7.868252277374268,16541877
2003-10-22,7.751835823059082,7257195
2003-10-23,7.754368782043457,6632665
2003-10-24,7.643011093139648,4824580
2003-10-27,7.802452564239502,3300552
2003-10-28,7.865724086761475,5184352
2003-10-29,7.896092891693115,5820912
2003-10-30,8.002385139465332,7669595
2003-10-31,8.121332168579102,5310317
2003-11-03,8.28836441040039,6817409
2003-11-04,8.341512680053711,6156100
2003-11-05,8.177009582519531,5838543
2003-11-06,8.146638870239258,5627738
2003-11-07,8.283304214477539,5328711
2003-11-10,8.192194938659668,4435672
2003-11-11,8.047940254211426,5896668
2003-11-12,8.136517524719238,4287029
2003-11-13,8.199788093566895,5865376
2003-11-14,8.207380294799805,4748043
2003-11-17,7.934054374694824,5157746
2003-11-18,7.896092891693115,4485961
2003-11-19,7.954300403594971,8201578
2003-11-20,7.893561840057373,6886824
2003-11-21,7.908745288848877,5663276
2003-11-24,8.042877197265625,6352214
2003-11-25,8.106146812438965,5558306
2003-11-26,8.098554611206055,6091661
2003-11-27,8.11880111694336,2622280
2003-11-28,8.042877197265625,5773833
2003-12-01,8.187132835388184,5730299
2003-12-02,8.106146812438965,5960008
2003-12-03,8.270649909973145,8449271
2003-12-04,8.581936836242676,18250410
2003-12-05,8.589531898498535,8132437
2003-12-08,8.5465087890625,4994411
2003-12-09,8.61989974975586,5937894
2003-12-10,8.76921558380127,8228667
2003-12-11,8.916003227233887,7336719
2003-12-12,8.964089393615723,8739304
2003-12-15,8.981803894042969,7333341
2003-12-16,8.97927188873291,6688211
2003-12-17,8.9767427444458,5572579
2003-12-18,9.110875129699707,5783263
2003-12-19,9.186799049377441,14311799
2003-12-22,9.242477416992188,4521674
2003-12-23,9.343708992004395,3337356
2003-12-24,9.343708992004395,0
2003-12-25,9.343708992004395,0
2003-12-26,9.343708992004395,0
2003-12-29,9.450002670288086,2950420
2003-12-30,9.3639554977417,3043433
2003-12-31,9.3639554977417,0
2004-01-01,9.3639554977417,0
2004-01-02,9.427225112915039,3734504
2004-01-05,9.460124015808105,4982523
2004-01-06,9.389263153076172,10033993
2004-01-07,9.379138946533203,10503392
2004-01-08,9.323461532592773,9175038
2004-01-09,9.171614646911621,11320742
2004-01-12,9.153898239135742,6659202
2004-01-13,9.31587028503418,7212733
2004-01-14,9.444940567016602,7138799
2004-01-15,9.3639554977417,6150919
2004-01-16,9.834684371948242,15549856
2004-01-19,9.87011432647705,6157117
2004-01-20,9.682836532592773,7741417
2004-01-21,9.703083038330078,6527256
2004-01-22,9.804312705993652,5525566
2004-01-23,9.814436912536621,4335394
2004-01-26,9.844805717468262,5745480
2004-01-27,9.844805717468262,5979665
2004-01-28,9.973876953125,5556268
2004-01-29,9.796720504760742,8438015
2004-01-30,9.680303573608398,10009901
2004-02-02,9.66765022277832,5340376
2004-02-03,9.442410469055176,14381143
2004-02-04,9.401918411254883,11109085
2004-02-05,9.295621871948242,7052126
2004-02-06,9.265254020690918,5809827
2004-02-09,9.381670951843262,7486362
2004-02-10,9.4398775100708,4708168
2004-02-11,9.414569854736328,5526164
2004-02-12,9.401918411254883,5805744
2004-02-13,9.267782211303711,6739424
2004-02-16,9.136181831359863,6164641
2004-02-17,9.27790641784668,6489680
2004-02-18,9.356362342834473,6271641
2004-02-19,9.361421585083008,7902486
2004-02-20,9.110875129699707,9624631
2004-02-23,9.191861152648926,5160559
2004-02-24,9.060258865356445,6947519
2004-02-25,9.045073509216309,5186597
2004-02-26,9.02482795715332,6774808
2004-02-27,9.14883804321289,7318997
2004-03-01,9.143775939941406,3910417
2004-03-02,9.305745124816895,5608767
2004-03-03,9.239946365356445,4412565
2004-03-04,9.224761009216309,3780930
2004-03-05,9.224761009216309,5760257
2004-03-08,9.27790641784668,2883054
2004-03-09,9.123528480529785,6105195
2004-03-10,8.969151496887207,6829255
2004-03-11,8.645207405090332,11351789
2004-03-12,8.756564140319824,9132900
2004-03-15,8.45286750793457,9065095
2004-03-16,8.617368698120117,8514770
2004-03-17,8.80717945098877,8353914
2004-03-18,8.61989974975586,6506771
2004-03-19,8.579407691955566,15087680
2004-03-22,8.323795318603516,8497998
2004-03-23,8.356696128845215,6506657
2004-03-24,8.394658088684082,6680759
2004-03-25,8.559161186218262,7831949
2004-03-26,8.657861709594727,4546245
2004-03-29,8.756564140319824,4395380
2004-03-30,8.680638313293457,5036473
2004-03-31,8.599654197692871,6604763
2004-04-01,8.731254577636719,6429909
2004-04-02,8.956494331359863,8898669
2004-04-05,9.067852020263672,6071658
2004-04-06,9.060258865356445,7140119
2004-04-07,8.95396614074707,9786825
2004-04-08,9.072216033935547,7957044
2004-04-09,9.072216033935547,0
2004-04-12,9.072216033935547,0
2004-04-13,9.106884956359863,7320141
2004-04-14,8.978880882263184,6921320
2004-04-15,9.008214950561523,5556503
2004-04-16,9.0135498046875,6478918
2004-04-19,8.94954776763916,4513303
2004-04-20,9.202888488769531,10872184
2004-04-21,9.413556098937988,12987189
2004-04-22,9.62423038482666,12566799
2004-04-23,10.173576354980469,38392720
2004-04-26,10.3362455368042,12679055
2004-04-27,10.453579902648926,13596345
2004-04-28,10.28291130065918,8886757
2004-04-29,10.226908683776855,23168986
2004-04-30,9.970906257629395,11849900
2004-05-03,10.10690689086914,6044529
2004-05-04,10.093575477600098,4318840
2004-05-05,10.10690689086914,5884556
2004-05-06,9.84023380279541,7640070
2004-05-07,9.634897232055664,10141269
2004-05-10,9.389556884765625,8077337
2004-05-11,9.554896354675293,5501268
2004-05-12,9.477560043334961,7767885
2004-05-13,9.56022834777832,5941398
2004-05-14,9.498891830444336,4969531
2004-05-17,9.384223937988281,5835629
2004-05-18,9.392223358154297,4971928
2004-05-19,9.480226516723633,7424181
2004-05-20,9.309554100036621,7541302
2004-05-21,9.330888748168945,5610469
2004-05-24,9.450892448425293,5801892
2004-05-25,9.418891906738281,5431100
2004-05-26,9.59489631652832,5799363
2004-05-27,9.75756549835205,6823723
2004-05-28,9.736234664916992,4348145
2004-05-31,9.77623176574707,802982
2004-06-01,9.626895904541016,4577575
2004-06-02,9.64289665222168,4923561
2004-06-03,9.832233428955078,5805161
2004-06-04,9.98157024383545,8083138
2004-06-07,10.176244735717773,6477681
2004-06-08,10.160244941711426,6891030
2004-06-09,10.152241706848145,4803258
2004-06-10,10.269577980041504,4065040
2004-06-11,10.197576522827148,2422007
2004-06-14,10.050904273986816,4741915
2004-06-15,10.152241706848145,4095897
2004-06-16,10.173576354980469,4446486
2004-06-17,10.146909713745117,4388751
2004-06-18,10.173576354980469,12464890
2004-06-21,10.178908348083496,3746711
2004-06-22,10.120240211486816,4935788
2004-06-23,10.165576934814453,3721217
2004-06-24,10.288244247436523,6933461
2004-06-25,10.298912048339844,8739740
2004-06-28,10.38691520690918,5744837
2004-06-29,10.2935791015625,7470706
2004-06-30,10.240242958068848,3997417
2004-07-01,10.146909713745117,5071260
2004-07-02,9.946903228759766,6608573
2004-07-05,9.853567123413086,3777227
2004-07-06,9.792232513427734,4600336
2004-07-07,9.82156753540039,6228906
2004-07-08,9.853567123413086,4931653
2004-07-09,9.746896743774414,4859354
2004-07-12,9.645565032958984,3608087
2004-07-13,9.784233093261719,5602201
2004-07-14,9.70423412322998,6320559
2004-07-15,9.514891624450684,6218240
2004-07-16,9.586894989013672,7130814
2004-07-19,9.546895980834961,4304047
2004-07-20,9.632230758666992,6733965
2004-07-21,9.773566246032715,6378600
2004-07-22,9.656229019165039,5027106
2004-07-23,9.64289665222168,5047833
2004-07-26,9.514891624450684,4622079
2004-07-27,9.741565704345703,4941276
2004-07-28,9.896235466003418,8010459
2004-07-29,9.893569946289062,15828414
2004-07-30,9.896235466003418,5651818
2004-08-02,9.789566993713379,4199523
2004-08-03,9.77623176574707,4412817
2004-08-04,9.608229637145996,5400124
2004-08-05,9.506892204284668,3913142
2004-08-06,9.16555118560791,8965218
2004-08-09,9.072216033935547,5845494
2004-08-10,9.14688491821289,3987031
2004-08-11,9.000215530395508,6627007
2004-08-12,8.874876976013184,5564267
2004-08-13,8.893546104431152,6210371
2004-08-16,9.024214744567871,5808898
2004-08-17,9.000215530395508,4648848
2004-08-18,8.981547355651855,4599105
2004-08-19,8.858879089355469,5596229
2004-08-20,8.874876976013184,4680958
2004-08-23,9.024214744567871,3711880
2004-08-24,9.056217193603516,4830906
2004-08-25,9.093550682067871,3222824
2004-08-26,9.269556045532227,4634936
2004-08-27,9.269556045532227,2638873
2004-08-30,9.170884132385254,3232888
2004-08-31,9.104217529296875,4548100
2004-09-01,9.221555709838867,3701784
2004-09-02,9.23488712310791,3791225
2004-09-03,9.344220161437988,4137880
2004-09-06,9.453557968139648,2710157
2004-09-07,9.42155647277832,3932861
2004-09-08,9.378890037536621,3329089
2004-09-09,9.282889366149902,4242084
2004-09-10,9.341556549072266,2666108
2004-09-13,9.49355697631836,4750271
2004-09-14,9.450892448425293,4244861
2004-09-15,9.346890449523926,6410710
2004-09-16,9.424224853515625,3336368
2004-09-17,9.442893981933594,10071504
2004-09-20,9.352222442626953,3679217
2004-09-21,9.3682222366333,3659248
2004-09-22,9.13621711730957,8558710
2004-09-23,9.066883087158203,6021387
2004-09-24,9.040216445922852,4023655
2004-09-27,8.936212539672852,4211266
2004-09-28,8.922880172729492,4466224
2004-09-29,8.94954776763916,6144132
2004-09-30,8.853544235229492,5519579
2004-10-01,9.112217903137207,6979347
2004-10-04,9.27755355834961,6116792
2004-10-05,9.242887496948242,5562435
2004-10-06,9.248221397399902,4790252
2004-10-07,9.17621898651123,5263737
2004-10-08,9.08288288116455,5116306
2004-10-11,9.154885292053223,3129112
2004-10-12,8.97354793548584,7677401
2004-10-13,8.946880340576172,6051577
2004-10-14,8.789543151855469,9929993
2004-10-15,8.778876304626465,7175070
2004-10-18,8.693540573120117,6522239
2004-10-19,8.770874977111816,7236952
2004-10-20,8.682873725891113,5069260
2004-10-21,8.746875762939453,4524475
2004-10-22,8.74154281616211,4363849
2004-10-25,8.434867858886719,8741452
2004-10-26,8.584202766418457,5829898
2004-10-27,8.733540534973145,7559641
2004-10-28,8.760209083557129,18159659
2004-10-29,8.634872436523438,7145640
2004-11-01,8.781542778015137,3971261
2004-11-02,8.800209045410156,4967296
2004-11-03,8.773541450500488,7074769
2004-11-04,8.746875762939453,4315818
2004-11-05,8.829543113708496,7710399
2004-11-08,8.922880172729492,7861214
2004-11-09,9.0135498046875,6713323
2004-11-10,9.093550682067871,4982909
2004-11-11,9.221555709838867,5178363
2004-11-12,9.197553634643555,4358361
2004-11-15,9.170884132385254,3760777
2004-11-16,9.098882675170898,4633123
2004-11-17,9.253555297851562,7194384
2004-11-18,9.21088695526123,3550521
2004-11-19,9.045549392700195,7480859
2004-11-22,9.000215530395508,5267425
2004-11-23,8.901546478271484,5703592
2004-11-24,8.981547355651855,5259850
2004-11-25,9.0135498046875,3215380
2004-11-26,9.016218185424805,3449038
2004-11-29,9.000215530395508,7660177
2004-11-30,8.97354793548584,4952093
2004-12-01,9.050882339477539,4486193
2004-12-02,9.112217903137207,4714250
2004-12-03,9.109549522399902,5836276
2004-12-06,9.053548812866211,3159719
2004-12-07,9.114882469177246,4465859
2004-12-08,9.200220108032227,8007227
2004-12-09,9.120216369628906,6350402
2004-12-10,9.16555118560791,3611129
2004-12-13,9.378890037536621,7996871
2004-12-14,9.418891906738281,5482561
2004-12-15,9.346890449523926,5035649
2004-12-16,9.392223358154297,4310005
2004-12-17,9.218886375427246,16755086
2004-12-20,9.25888729095459,4366128
2004-12-21,9.333556175231934,3329736
2004-12-22,9.480226516723633,6140724
2004-12-23,9.477560043334961,3019685
2004-12-24,9.477560043334961,0
2004-12-27,9.41089153289795,2111882
2004-12-28,9.49355697631836,1661688
2004-12-29,9.43222427368164,2791344
2004-12-30,9.4028902053833,1093995
2004-12-31,9.4028902053833,0
2005-01-03,9.514891624450684,5010334
2005-01-04,9.613561630249023,7783149
2005-01-05,9.578896522521973,5824064
2005-01-06,9.629565238952637,4920898
2005-01-07,9.581562995910645,5734044
2005-01-10,9.554896354675293,4063676
2005-01-11,9.464225769042969,5782999
2005-01-12,9.328222274780273,7133774
2005-01-13,9.25888729095459,5502143
2005-01-14,9.333556175231934,4973692
2005-01-17,9.30688762664795,3173615
2005-01-18,9.400223731994629,7617808
2005-01-19,9.418891906738281,8276506
2005-01-20,9.330888748168945,5917744
2005-01-21,9.309554100036621,5447569
2005-01-24,9.266887664794922,6394675
2005-01-25,9.333556175231934,6006428
2005-01-26,9.226887702941895,5540578
2005-01-27,9.20555305480957,7876538
2005-01-28,9.200220108032227,4944627
2005-01-31,9.301555633544922,7149940
2005-02-01,9.394890785217285,6703932
2005-02-02,9.512226104736328,7482354
2005-02-03,9.488225936889648,5260982
2005-02-04,9.557561874389648,4937979
2005-02-07,9.621562957763672,5437407
2005-02-08,9.680230140686035,4546864
2005-02-09,9.632230758666992,6605797
2005-02-10,9.517559051513672,12789196
2005-02-11,9.557561874389648,7876617
2005-02-14,9.490893363952637,6352222
2005-02-15,9.530893325805664,4529552
2005-02-16,9.480226516723633,5119507
2005-02-17,9.461557388305664,3488534
2005-02-18,9.45622444152832,5677321
2005-02-21,9.49355697631836,3463671
2005-02-22,9.437556266784668,5362233
2005-02-23,9.341556549072266,7604359
2005-02-24,9.293556213378906,6891187
2005-02-25,9.37622356414795,5771239
2005-02-28,9.330888748168945,4812921
2005-03-01,9.344220161437988,6552981
2005-03-02,9.333556175231934,6372222
2005-03-03,9.322888374328613,4718287
2005-03-04,9.31222152709961,4438122
2005-03-07,9.322888374328613,3715756
2005-03-08,9.296221733093262,5386283
2005-03-09,9.293556213378906,4850867
2005-03-10,9.221555709838867,6461714
2005-03-11,9.248221397399902,5900283
2005-03-14,9.253555297851562,4133194
2005-03-15,9.298890113830566,6454757
2005-03-16,9.03221321105957,18227289
2005-03-17,9.0135498046875,6970078
2005-03-18,8.984214782714844,11674217
2005-03-21,8.994880676269531,5346551
2005-03-22,9.042881965637207,4820102
2005-03-23,9.056217193603516,6727576
2005-03-24,9.173551559448242,6319312
2005-03-25,9.173551559448242,0
2005-03-28,9.173551559448242,0
2005-03-29,9.173551559448242,4844588
2005-03-30,9.192220687866211,4899262
2005-03-31,9.208220481872559,6882173
2005-04-01,9.162884712219238,10490733
2005-04-04,9.117549896240234,6868350
2005-04-05,9.200220108032227,6203323
2005-04-06,9.224220275878906,10583486
2005-04-07,9.23643970489502,11193872
2005-04-08,9.20549201965332,7781836
2005-04-11,9.14078426361084,7787468
2005-04-12,9.053566932678223,6045500
2005-04-13,9.008551597595215,9899558
2005-04-14,9.019804954528809,7954540
2005-04-15,8.780667304992676,16050832
2005-04-18,8.586541175842285,15427681
2005-04-19,8.564032554626465,12529046
2005-04-20,8.49651050567627,13347344
2005-04-21,8.544339179992676,10386650
2005-04-22,8.54152774810791,6613941
2005-04-25,8.594980239868164,6819812
2005-04-26,8.538711547851562,6073829
2005-04-27,8.575287818908691,10820857
2005-04-28,8.5021390914917,17560170
2005-04-29,8.538711547851562,10339080
2005-05-02,8.60623550415039,3649824
2005-05-03,8.597793579101562,5819791
2005-05-04,8.82005500793457,17571035
2005-05-05,8.83411979675293,6300854
2005-05-06,8.86225414276123,8339271
2005-05-09,8.777853965759277,5334824
2005-05-10,8.710330963134766,5805766
2005-05-11,8.74409294128418,6674584
2005-05-12,8.797545433044434,4827472
2005-05-13,8.952285766601562,8117465
2005-05-16,8.890388488769531,3341741
2005-05-17,8.848188400268555,4768447
2005-05-18,9.031058311462402,8417729
2005-05-19,9.129528999328613,6504994
2005-05-20,9.166104316711426,6319805
2005-05-23,9.137969970703125,4902726
2005-05-24,9.092954635620117,5104627
2005-05-25,9.005739212036133,4867169
2005-05-26,9.076074600219727,3288593
2005-05-27,9.0957670211792,3843578
2005-05-30,9.129528999328613,2229549
2005-05-31,9.174546241760254,6874115
2005-06-01,9.318025588989258,7499192
2005-06-02,9.334906578063965,6036567
2005-06-03,9.306774139404297,4461813
2005-06-06,9.256132125854492,4061998
2005-06-07,9.298334121704102,4944920
2005-06-08,9.340534210205078,4744541
2005-06-09,9.281455039978027,4501589
2005-06-10,9.534662246704102,10492251
2005-06-13,9.5684232711792,7855322
2005-06-14,9.604996681213379,5483693
2005-06-15,9.492460250854492,8170327
2005-06-16,9.5656099319458,4894774
2005-06-17,9.5684232711792,14848265
2005-06-20,9.545915603637695,4751777
2005-06-21,9.641571044921875,5856549
2005-06-22,9.602180480957031,7337307
2005-06-23,9.607810974121094,4472567
2005-06-24,9.545915603637695,5972423
2005-06-27,9.427750587463379,5942908
2005-06-28,9.458698272705078,4385619
2005-06-29,9.523406028747559,4173521
2005-06-30,9.4474458694458,6993040
2005-07-01,9.503713607788086,4209742
2005-07-04,9.498085021972656,2656760
2005-07-05,9.441818237304688,5791162
2005-07-06,9.484021186828613,4846313
2005-07-07,9.30114459991455,13569035
2005-07-08,9.433377265930176,5394125
2005-07-11,9.540287971496582,6317148
2005-07-12,9.4783935546875,4791082
2005-07-13,9.582489013671875,6326873
2005-07-14,9.7456693649292,10206337
2005-07-15,9.813188552856445,7191050
2005-07-18,9.824441909790039,5190030
2005-07-19,9.987621307373047,10963766
2005-07-20,10.010127067565918,9572416
2005-07-21,10.063582420349121,11413634
2005-07-22,10.057955741882324,4396518
2005-07-25,10.114224433898926,3937357
2005-07-26,10.074836730957031,5229812
2005-07-27,10.221134185791016,8172498
2005-07-28,11.110173225402832,73967595
2005-07-29,11.287420272827148,26008842
2005-08-01,11.37463092803955,12484588
2005-08-02,11.681296348571777,12748807
2005-08-03,11.633468627929688,9049250
2005-08-04,11.349312782287598,12407743
2005-08-05,11.270535469055176,8520809
2005-08-08,11.399955749511719,7029592
2005-08-09,11.675668716430664,11674331
2005-08-10,11.86417007446289,9452082
2005-08-11,11.760071754455566,10811514
2005-08-12,11.681296348571777,5733422
2005-08-15,11.675668716430664,3744706
2005-08-16,11.619400978088379,7516429
2005-08-17,11.4927978515625,8584859
2005-08-18,11.501236915588379,6630077
2005-08-19,11.86417007446289,9826667
2005-08-22,12.01046371459961,6246737
2005-08-23,11.855728149414062,5848592
2005-08-24,11.993585586547852,7218219
2005-08-25,11.914812088012695,5892168
2005-08-26,11.79946231842041,9087561
2005-08-29,11.861353874206543,4886661
2005-08-30,11.73475170135498,6174176
2005-08-31,11.731938362121582,10535042
2005-09-01,11.591268539428711,7475320
2005-09-02,11.391512870788574,8469134
2005-09-05,11.667226791381836,4212475
2005-09-06,11.723495483398438,5683483
2005-09-07,11.748821258544922,4887167
2005-09-08,11.737564086914062,5906076
2005-09-09,11.774139404296875,5758651
2005-09-12,11.796647071838379,6352945
2005-09-13,11.478730201721191,8691757
2005-09-14,11.509675979614258,7131245
2005-09-15,11.557507514953613,5379227
2005-09-16,11.816341400146484,17074188
2005-09-19,11.565946578979492,9575394
2005-09-20,11.80227279663086,6938893
2005-09-21,11.619400978088379,6497011
2005-09-22,11.613773345947266,5810810
2005-09-23,11.81915283203125,5118227
2005-09-26,12.300248146057129,11978915
2005-09-27,12.359328269958496,7990140
2005-09-28,12.843235969543457,14757153
2005-09-29,12.519692420959473,8663090
2005-09-30,12.418411254882812,10041455
2005-10-03,12.660364151000977,4896860
2005-10-04,12.79540729522705,6554779
2005-10-05,12.505624771118164,6276361
2005-10-06,12.210219383239746,10178137
2005-10-07,12.182083129882812,6256337
2005-10-10,11.99077033996582,4701654
2005-10-11,11.987958908081055,7060223
2005-10-12,11.883862495422363,7358745
2005-10-13,11.866981506347656,7757072
2005-10-14,11.81915283203125,6375314
2005-10-17,12.00765323638916,15314178
2005-10-18,11.85010051727295,6909796
2005-10-19,11.501236915588379,12110964
2005-10-20,11.343685150146484,8840749
2005-10-21,11.188948631286621,12019602
2005-10-24,11.489985466003418,7435200
2005-10-25,11.47591781616211,8175047
2005-10-26,11.678483963012695,11084758
2005-10-27,11.436529159545898,8121017
2005-10-28,11.414021492004395,8768223
2005-10-31,11.757256507873535,6888136
2005-11-01,11.577198028564453,5250687
2005-11-02,11.743191719055176,6335811
2005-11-03,11.866981506347656,9802961
2005-11-04,11.703803062438965,5618912
2005-11-07,11.903556823730469,5464637
2005-11-08,11.96545124053955,5092753
2005-11-09,11.934502601623535,4138294
2005-11-10,11.805086135864258,5546431
2005-11-11,11.999211311340332,5398024
2005-11-14,12.02453327178955,3179615
2005-11-15,12.080799102783203,5021504
2005-11-16,12.047041893005371,4626043
2005-11-17,12.106120109558105,9317674
2005-11-18,12.168015480041504,7520272
2005-11-21,12.401533126831055,6260598
2005-11-22,12.058294296264648,16988821
2005-11-23,12.153948783874512,4661953
2005-11-24,12.044227600097656,4554388
2005-11-25,12.038599014282227,3256490
2005-11-28,12.00765323638916,5166367
2005-11-29,12.063920021057129,4885986
2005-11-30,12.080799102783203,4357856
2005-12-01,12.229911804199219,5651386
2005-12-02,12.229911804199219,4580309
2005-12-05,12.083612442016602,4299011
2005-12-06,12.201776504516602,4025237
2005-12-07,12.094870567321777,5280918
2005-12-08,12.12018871307373,4781337
2005-12-09,12.148323059082031,4103487
2005-12-12,12.016093254089355,5077586
2005-12-13,12.02453327178955,5525071
2005-12-14,11.84447193145752,8079726
2005-12-15,11.892303466796875,6158705
2005-12-16,11.971078872680664,17599840
2005-12-19,12.047041893005371,5628388
2005-12-20,11.985145568847656,4776809
2005-12-21,11.957014083862305,4996616
2005-12-22,12.02734661102295,2836632
2005-12-23,12.041412353515625,2429313
2005-12-26,12.041412353515625,0
2005-12-27,12.041412353515625,1665416
2005-12-28,12.201776504516602,3651448
2005-12-29,12.266488075256348,2751133
2005-12-30,12.137069702148438,2123104
2006-01-02,12.339634895324707,2742148
2006-01-03,12.36495590209961,6083389
2006-01-04,12.421221733093262,6800586
2006-01-05,12.407156944274902,5612583
2006-01-06,12.401533126831055,3952571
2006-01-09,12.668804168701172,10671884
2006-01-10,12.730701446533203,7140759
2006-01-11,12.857305526733398,5290038
2006-01-12,12.865743637084961,5825224
2006-01-13,12.688496589660645,7781492
2006-01-16,12.688496589660645,2191145
2006-01-17,12.452173233032227,5675808
2006-01-18,12.1736421585083,7068650
2006-01-19,12.303060531616211,6623851
2006-01-20,12.052668571472168,8087085
2006-01-23,12.00202465057373,7525947
2006-01-24,12.457796096801758,16570305
2006-01-25,12.750391006469727,13308817
2006-01-26,13.172404289245605,13842788
2006-01-27,13.194914817810059,9254394
2006-01-30,13.313074111938477,5883420
2006-01-31,13.29619312286377,8427707
2006-02-01,13.524084091186523,6595160
2006-02-02,13.307449340820312,7996017
2006-02-03,13.36371898651123,6197817
2006-02-06,13.484695434570312,5564687
2006-02-07,13.4199857711792,6662037
2006-02-08,13.2708740234375,5398203
2006-02-09,13.467815399169922,5878888
2006-02-10,13.515640258789062,8176105
2006-02-13,14.067070960998535,11193891
2006-02-14,14.038934707641602,7378299
2006-02-15,14.092390060424805,9066221
2006-02-16,13.597230911254883,21277113
2006-02-17,13.600045204162598,10823830
2006-02-20,13.504387855529785,6253087
2006-02-21,13.299007415771484,7256487
2006-02-22,13.372159004211426,9645182
2006-02-23,13.211793899536133,7621318
2006-02-24,13.2708740234375,4100537
2006-02-27,13.459376335144043,4726049
2006-02-28,13.082378387451172,7814579
2006-03-01,13.344025611877441,6721082
2006-03-02,13.01766586303711,8807957
2006-03-03,12.685688018798828,10107361
2006-03-06,12.919201850891113,7114756
2006-03-07,12.922009468078613,6075325
2006-03-08,12.741950988769531,6263219
2006-03-09,13.082378387451172,7310628
2006-03-10,13.287752151489258,6041785
2006-03-13,13.332770347595215,6098824
2006-03-14,13.397479057312012,5743597
2006-03-15,13.45374584197998,5752030
2006-03-16,13.445305824279785,5321615
2006-03-17,13.121766090393066,20482868
2006-03-20,12.992349624633789,6974721
2006-03-21,12.958587646484375,7085824
2006-03-22,13.214606285095215,9224107
2006-03-23,13.107698440551758,6180788
2006-03-24,13.180848121643066,8976242
2006-03-27,13.009227752685547,7883485
2006-03-28,13.020483016967773,5737204
2006-03-29,13.279314041137695,5924074
2006-03-30,13.380596160888672,5436213
2006-03-31,13.33558464050293,5366565
2006-04-03,13.538152694702148,6355814
2006-04-04,13.512825965881348,7381212
2006-04-05,13.763222694396973,10206844
2006-04-06,13.490321159362793,9686931
2006-04-07,13.192100524902344,8782855
2006-04-10,13.549405097961426,6848405
2006-04-11,13.313074111938477,10167214
2006-04-12,13.346837043762207,9042582
2006-04-13,13.441429138183594,7791643
2006-04-18,13.347841262817383,6606914
2006-04-19,13.435578346252441,5840204
2006-04-20,13.555484771728516,8976820
2006-04-21,13.573034286499023,9428714
2006-04-24,13.306897163391113,7214598
2006-04-25,13.394635200500488,7797443
2006-04-26,13.649075508117676,9681841
2006-04-27,13.11095142364502,21738358
2006-04-28,12.71027946472168,14024791
2006-05-02,12.604994773864746,8477910
2006-05-03,12.452914237976074,9218289
2006-05-04,12.657638549804688,7420753
2006-05-05,12.68980884552002,5909605
2006-05-08,12.739524841308594,5555854
2006-05-09,12.833113670349121,5652555
2006-05-10,12.985191345214844,12219022
2006-05-11,12.809717178344727,7943051
2006-05-12,12.28329086303711,15864873
2006-05-15,12.069793701171875,14817832
2006-05-16,12.172154426574707,7789300
2006-05-17,11.663274765014648,14515230
2006-05-18,11.91771411895752,13348222
2006-05-19,11.838751792907715,8325472
2006-05-22,11.590160369873047,11621652
2006-05-23,11.903092384338379,10292139
2006-05-24,11.827052116394043,9937618
2006-05-25,12.061019897460938,5216718
2006-05-26,12.142909049987793,6976454
2006-05-29,12.078566551208496,2627155
2006-05-30,11.809504508972168,8158853
2006-05-31,11.990829467773438,8619921
2006-06-01,11.929413795471191,6661090
2006-06-02,11.88554573059082,9032241
2006-06-05,11.70129680633545,5570622
2006-06-06,11.20996379852295,17070198
2006-06-07,11.221664428710938,13809972
2006-06-08,10.967223167419434,13429691
2006-06-09,11.157320976257324,7974811
2006-06-12,11.078357696533203,5880473
2006-06-13,10.864862442016602,11366177
2006-06-14,10.838539123535156,13416395
2006-06-15,10.838539123535156,0
2006-06-16,10.838539123535156,0
2006-06-19,10.937978744506836,7426564
2006-06-20,11.110527038574219,7642901
2006-06-21,11.087130546569824,8210315
2006-06-22,11.119301795959473,8177561
2006-06-23,11.063733100891113,6991943
2006-06-26,11.0344877243042,6069332
2006-06-27,10.914580345153809,6817207
2006-06-28,10.823917388916016,6867464
2006-06-29,11.11345100402832,6407080
2006-06-30,11.297701835632324,8577692
2006-07-03,11.338645935058594,3755639
2006-07-04,11.259683609008789,4098873
2006-07-05,11.107603073120117,8094434
2006-07-06,11.265532493591309,6648876
2006-07-07,11.245058059692383,4970280
2006-07-10,11.329870223999023,4998353
2006-07-11,11.12222671508789,6262909
2006-07-12,11.291855812072754,8083327
2006-07-13,11.1427001953125,6691407
2006-07-14,10.981844902038574,5987271
2006-07-17,10.987693786621094,6462801
2006-07-18,10.841465950012207,7195610
2006-07-19,11.218737602233887,10457870
2006-07-20,11.160246849060059,6438495
2006-07-21,11.014017105102539,8880134
2006-07-24,11.277229309082031,5980891
2006-07-25,11.332797050476074,7242990
2006-07-26,11.36496639251709,7889317
2006-07-27,11.569690704345703,18721028
2006-07-28,11.832903861999512,7265189
2006-07-31,11.818281173706055,5274265
2006-08-01,11.587235450744629,7546022
2006-08-02,11.616480827331543,6872516
2006-08-03,11.522895812988281,6448576
2006-08-04,11.62525463104248,5973957
2006-08-07,11.461481094360352,5272696
2006-08-08,11.528743743896484,4090132
2006-08-09,11.733467102050781,6581316
2006-08-10,11.66034984588623,5341722
2006-08-11,11.6691255569458,3714408
2006-08-14,11.818281173706055,4190152
2006-08-15,11.91771411895752,5173581
2006-08-16,11.938187599182129,5044332
2006-08-17,12.087340354919434,5815367
2006-08-18,12.110736846923828,8072681
2006-08-21,12.008378028869629,7364348
2006-08-22,12.03762435913086,4901627
2006-08-23,11.96743392944336,3867553
2006-08-24,11.976210594177246,6084325
2006-08-25,11.92648696899414,4479360
2006-08-28,11.976210594177246,3175041
2006-08-29,11.976210594177246,3920132
2006-08-30,11.973281860351562,4313401
2006-08-31,12.049323081970215,5022645
2006-09-01,12.058095932006836,4864692
2006-09-04,12.087340354919434,2024388
2006-09-05,12.078566551208496,3271239
2006-09-06,11.870922088623047,5945095
2006-09-07,11.753937721252441,7920238
2006-09-08,11.7393159866333,4496922
2006-09-11,11.69544792175293,6128797
2006-09-12,11.88554573059082,7915426
2006-09-13,12.122435569763184,9707435
2006-09-14,12.134133338928223,8238369
2006-09-15,11.458552360534668,46920409
2006-09-18,11.362042427062988,10592847
2006-09-19,11.353267669677734,11582709
2006-09-20,11.514120101928711,7762998
2006-09-21,11.54629135131836,6680265
2006-09-22,11.446854591369629,7453888
2006-09-25,11.490727424621582,6775037
2006-09-26,11.552142143249512,5811177
2006-09-27,11.639880180358887,6219161
2006-09-28,11.557990074157715,5479534
2006-09-29,11.52581787109375,4778918
2006-10-02,11.51119613647461,6981978
2006-10-03,11.461481094360352,4360020
2006-10-04,11.596010208129883,7980489
2006-10-05,11.628177642822266,6610733
2006-10-06,11.645727157592773,3976676
2006-10-09,11.663274765014648,3948946
2006-10-10,11.648652076721191,5874979
2006-10-11,11.613556861877441,5070267
2006-10-12,11.841673851013184,13127323
2006-10-13,11.91771411895752,8764121
2006-10-16,11.903092384338379,4724752
2006-10-17,11.84752368927002,6147860
2006-10-18,12.014229774475098,8575862
2006-10-19,12.137059211730957,7608787
2006-10-20,12.110736846923828,8451402
2006-10-23,12.186777114868164,6318738
2006-10-24,12.134133338928223,6200508
2006-10-25,12.64301586151123,33273125
2006-10-26,12.678110122680664,12649880
2006-10-27,12.654712677001953,7208068
2006-10-30,12.678110122680664,7849107
2006-10-31,13.072933197021484,23514660
2006-11-01,13.362462997436523,15173123
2006-11-02,13.146044731140137,14259460
2006-11-03,13.347841262817383,10082483
2006-11-06,13.570112228393555,8798293
2006-11-07,13.435578346252441,10080394
2006-11-08,13.561333656311035,8009077
2006-11-09,13.473597526550293,11323065
2006-11-10,13.444354057312012,8098145
2006-11-13,13.567187309265137,8046295
2006-11-14,13.602279663085938,8683059
2006-11-15,13.891816139221191,12923307
2006-11-16,14.157954216003418,17201465
2006-11-17,13.789453506469727,12254065
2006-11-20,13.821623802185059,7807251
2006-11-21,13.698790550231934,6038974
2006-11-22,13.707565307617188,7012749
2006-11-23,13.567187309265137,5578761
2006-11-24,13.318594932556152,13683534
2006-11-27,12.941322326660156,11385276
2006-11-28,12.856511116027832,12163878
2006-11-29,12.985191345214844,8516362
2006-11-30,12.821414947509766,9511543
2006-12-01,12.695657730102539,11763788
2006-12-04,12.853585243225098,7316835
2006-12-05,12.970568656921387,7593569
2006-12-06,12.944249153137207,5382907
2006-12-07,12.973491668701172,5924230
2006-12-08,13.002737045288086,9131646
2006-12-11,13.204535484313965,9653913
2006-12-12,13.233784675598145,5422038
2006-12-13,13.330291748046875,7985328
2006-12-14,13.429732322692871,7833028
2006-12-15,13.511617660522461,17385571
2006-12-18,13.511617660522461,5611497
2006-12-19,13.535016059875488,7558058
2006-12-20,13.69294261932373,7694467
2006-12-21,13.605205535888672,4456502
2006-12-22,13.482373237609863,3488296
2006-12-27,13.719265937805176,3642979
2006-12-28,13.730963706970215,2697886
2006-12-29,13.687092781066895,2031074
2007-01-02,13.921062469482422,4680909
2007-01-03,13.891816139221191,5474435
2007-01-04,13.789453506469727,6357571
2007-01-05,13.783604621887207,7139019
2007-01-08,13.698790550231934,4940122
2007-01-09,13.736811637878418,4608603
2007-01-10,13.540863037109375,7188039
2007-01-11,13.757283210754395,8914895
2007-01-12,13.684172630310059,5369774
2007-01-15,13.757283210754395,4258083
2007-01-16,13.660772323608398,5561947
2007-01-17,13.62275218963623,6003996
2007-01-18,13.745584487915039,7883948
2007-01-19,14.277863502502441,19665518
2007-01-22,14.187198638916016,11577130
2007-01-23,14.2573881149292,8544324
2007-01-24,14.55277156829834,10354327
2007-01-25,14.225218772888184,9297580
2007-01-26,14.125782012939453,7433839
2007-01-29,14.2573881149292,5123963
2007-01-30,14.17549991607666,6001672
2007-01-31,13.938607215881348,8469585
2007-02-01,14.108233451843262,7660264
2007-02-02,14.190123558044434,6938329
2007-02-05,14.111162185668945,4770654
2007-02-06,14.178427696228027,6873383
2007-02-07,14.125782012939453,6535065
2007-02-08,14.038043975830078,6056181
2007-02-09,14.491358757019043,16969180
2007-02-12,14.38314437866211,11805405
2007-02-13,14.400693893432617,10169003
2007-02-14,15.061650276184082,41784620
2007-02-15,15.623172760009766,36496492
2007-02-16,15.827898025512695,18219699
2007-02-19,16.40111541748047,20325491
2007-02-20,16.228561401367188,14204657
2007-02-21,15.775252342224121,13027422
2007-02-22,15.573454856872559,10269704
2007-02-23,15.734305381774902,10761792
2007-02-26,15.699212074279785,10381754
2007-02-27,15.143540382385254,13738867
2007-02-28,15.035333633422852,21830493
2007-03-01,14.892026901245117,19240188
2007-03-02,14.871554374694824,12110773
2007-03-05,14.757497787475586,15949113
2007-03-06,15.207881927490234,14618952
2007-03-07,15.310247421264648,10452210
2007-03-08,15.295621871948242,10469712
2007-03-09,15.450624465942383,8377677
2007-03-12,15.538359642028809,7524675
2007-03-13,15.368738174438477,9457264
2007-03-14,15.061650276184082,16049611
2007-03-15,15.792802810668945,18582052
2007-03-16,15.79572582244873,25219708
2007-03-19,16.485929489135742,13638554
2007-03-20,16.61168670654297,10702475
2007-03-21,16.67017936706543,12212693
2007-03-22,17.07084846496582,17007227
2007-03-23,18.132476806640625,31398598
2007-03-26,17.61482048034668,16467606
2007-03-27,18.10907745361328,16250484
2007-03-28,17.737653732299805,12115048
2007-03-29,17.898508071899414,9190810
2007-03-30,17.956998825073242,7395108
2007-04-02,18.190967559814453,11152399
2007-04-03,18.132476806640625,14104715
2007-04-04,17.8692626953125,14257597
2007-04-05,18.138500213623047,7714483
2007-04-10,18.78339958190918,12012810
2007-04-11,18.680944442749023,8742137
2007-04-12,18.463966369628906,17111038
2007-04-13,18.322330474853516,9810662
2007-04-16,18.370542526245117,9955228
2007-04-17,18.424789428710938,8813247
2007-04-18,18.216848373413086,7642003
2007-04-19,17.900432586669922,15868986
2007-04-20,18.08124351501465,13720294
2007-04-23,17.86427116394043,7206805
2007-04-24,17.626195907592773,11478434
2007-04-25,17.86728286743164,8661458
2007-04-26,18.201786041259766,9357812
2007-04-27,17.960704803466797,8851352
2007-04-30,18.04206657409668,6081116
2007-05-02,18.078231811523438,8108207
2007-05-03,17.921527862548828,8904996
2007-05-04,18.41876220703125,11114484
2007-05-07,18.150556564331055,6061108
2007-05-08,17.81906509399414,9410945
2007-05-09,17.674419403076172,7441919
2007-05-10,17.797969818115234,10584635
2007-05-11,18.26506805419922,13341822
2007-05-14,18.59354591369629,55382111
2007-05-15,19.148038864135742,33493648
2007-05-16,19.23844337463379,16780869
2007-05-17,19.310766220092773,8419559
2007-05-18,19.407203674316406,19013377
2007-05-21,19.60308074951172,15902195
2007-05-22,19.705543518066406,9763721
2007-05-23,20.44386100769043,20484968
2007-05-24,19.886354446411133,12582959
2007-05-25,20.250993728637695,15916258
2007-05-29,20.287158966064453,8585091
2007-05-30,20.365507125854492,9960814
2007-05-31,20.53727912902832,13956722
2007-06-01,20.627683639526367,11075232
2007-06-04,20.39564323425293,9012126
2007-06-05,20.169626235961914,8574531
2007-06-06,19.518707275390625,14614503
2007-06-07,19.434322357177734,12873517
2007-06-08,19.54281234741211,15568289
2007-06-11,19.982786178588867,11181433
2007-06-12,20.003881454467773,10803741
2007-06-13,20.091279983520508,9151551
2007-06-14,20.510156631469727,11676835
2007-06-15,20.78740692138672,38618038
2007-06-18,20.70905303955078,8761890
2007-06-19,20.721105575561523,5808416
2007-06-20,20.847675323486328,7207786
2007-06-21,20.377567291259766,11789559
2007-06-22,20.401668548583984,7954880
2007-06-25,20.190723419189453,8231724
2007-06-26,20.175657272338867,8917245
2007-06-27,19.892383575439453,12514582
2007-06-28,20.371536254882812,7939402
2007-06-29,20.66987419128418,8259234
2007-07-02,20.6186466217041,7678566
2007-07-03,20.6759033203125,6856326
2007-07-04,20.55535888671875,4675407
2007-07-05,20.335371017456055,7213137
2007-07-06,20.57645606994629,7606925
2007-07-09,20.7723331451416,7006596
2007-07-10,20.6186466217041,15365263
2007-07-11,20.299209594726562,18474934
2007-07-12,20.895891189575195,8815418
2007-07-13,20.71809196472168,7537589
2007-07-16,20.85370445251465,6486791
2007-07-17,20.58248519897461,6521900
2007-07-18,19.946622848510742,14845551
2007-07-19,20.118398666381836,9539518
2007-07-20,19.62116241455078,17321432
2007-07-23,20.157575607299805,11276962
2007-07-24,19.811016082763672,11707180
2007-07-25,20.169626235961914,33203959
2007-07-26,19.71759605407715,21529374
2007-07-27,19.65732765197754,17715955
2007-07-30,19.48555564880371,12444916
2007-07-31,20.157575607299805,14234628
2007-08-01,19.79594612121582,12539227
2007-08-02,20.03401756286621,8377499
2007-08-03,19.804994583129883,11647443
2007-08-06,19.34391975402832,13440476
2007-08-07,19.319812774658203,11617989
2007-08-08,19.45541763305664,18817703
2007-08-09,18.882843017578125,12296787
2007-08-10,18.105350494384766,26159834
2007-08-13,18.819562911987305,11019478
2007-08-14,18.84366798400879,10929269
2007-08-15,18.867774963378906,9206694
2007-08-16,17.9908390045166,23091942
2007-08-17,18.12343406677246,27538423
2007-08-20,17.900432586669922,10029808
2007-08-21,18.268083572387695,11173604
2007-08-22,18.92804718017578,13465428
2007-08-23,19.009414672851562,9856537
2007-08-24,19.003385543823242,5612227
2007-08-27,19.021472930908203,4435953
2007-08-28,18.885860443115234,9691472
2007-08-29,19.06365966796875,25124369
2007-08-30,19.21433448791504,10774059
2007-08-31,19.64225959777832,12682009
2007-09-03,20.199764251708984,9581523
2007-09-04,20.44989013671875,10157690
2007-09-05,20.199764251708984,10872196
2007-09-06,20.464956283569336,10465703
2007-09-07,19.780881881713867,14527925
2007-09-10,19.25049591064453,12630554
2007-09-11,19.4433650970459,8088871
2007-09-12,19.4433650970459,8356580
2007-09-13,19.627193450927734,9373534
2007-09-14,19.67540740966797,8873974
2007-09-17,19.63321876525879,8530469
2007-09-18,19.856220245361328,11888004
2007-09-19,20.217844009399414,13888505
2007-09-20,20.127443313598633,7533002
2007-09-21,20.48906135559082,24405220
2007-09-24,20.75124168395996,9543810
2007-09-25,20.799463272094727,10710591
2007-09-26,20.877811431884766,8710052
2007-09-27,21.206283569335938,12483361
2007-09-28,21.287656784057617,9865528
2007-10-01,21.751737594604492,9744846
2007-10-02,21.92652130126953,10242367
2007-10-03,21.947620391845703,6253698
2007-10-04,22.013916015625,6986050
2007-10-05,21.995838165283203,7727231
2007-10-08,21.821044921875,6041667
2007-10-09,22.122404098510742,7689920
2007-10-10,22.414714813232422,10021366
2007-10-11,22.601558685302734,10493224
2007-10-12,22.61662483215332,7721320
2007-10-15,22.49005126953125,7235898
2007-10-16,22.664838790893555,9660485
2007-10-17,22.375537872314453,9496525
2007-10-18,22.21883773803711,9065108
2007-10-19,22.27006721496582,8896599
2007-10-22,21.63421058654785,13966669
2007-10-23,22.071170806884766,9292857
2007-10-24,22.390605926513672,12928935
2007-10-25,23.43329429626465,28165842
2007-10-26,23.143993377685547,13068905
2007-10-29,23.24042320251465,8308194
2007-10-30,22.812501907348633,8203479
2007-10-31,22.88784408569336,7671151
2007-11-01,22.589502334594727,8366680
2007-11-02,22.33334732055664,8307269
2007-11-05,22.15555191040039,5370942
2007-11-06,22.381567001342773,5498105
2007-11-07,22.29718589782715,9988982
2007-11-08,21.848169326782227,10609848
2007-11-09,21.754749298095703,10274507
2007-11-12,21.73063850402832,7355474
2007-11-13,21.136972427368164,14682484
2007-11-14,21.124921798706055,10200269
2007-11-15,20.579471588134766,13465690
2007-11-16,20.055112838745117,15648248
2007-11-19,19.47048568725586,13031308
2007-11-20,20.067167282104492,11590567
2007-11-21,19.358983993530273,16125143
2007-11-22,19.422271728515625,7731933
2007-11-23,19.747730255126953,8767308
2007-11-26,19.844165802001953,7332713
2007-11-27,19.524728775024414,10025322
2007-11-28,20.53125,12410912
2007-11-29,20.6186466217041,8385779
2007-11-30,20.95917510986328,9724359
2007-12-03,20.93506622314453,6177353
2007-12-04,20.55535888671875,9609690
2007-12-05,20.920001983642578,7275719
2007-12-06,20.55234718322754,9609254
2007-12-07,20.856714248657227,6685792
2007-12-10,21.170122146606445,8224701
2007-12-11,21.058616638183594,8767378
2007-12-12,20.971229553222656,11994260
2007-12-13,20.0882625579834,13497114
2007-12-14,19.883338928222656,11876199
2007-12-17,19.395145416259766,12069541
2007-12-18,19.479524612426758,10894911
2007-12-19,19.33186149597168,8645536
2007-12-20,19.45240592956543,8230582
2007-12-21,19.895395278930664,18720536
2007-12-27,20.0400447845459,5135567
2007-12-28,20.0400447845459,2268259
2008-01-02,19.4915828704834,6711175
2008-01-03,18.95818519592285,12051191
2008-01-04,17.831117630004883,22846911
2008-01-07,17.66838836669922,13663237
2008-01-08,17.44237518310547,13670905
2008-01-09,17.086774826049805,14467112
2008-01-10,17.291698455810547,11210522
2008-01-11,17.45442771911621,11070225
2008-01-14,17.64729118347168,8788437
2008-01-15,17.05965232849121,13651688
2008-01-16,17.056638717651367,14943817
2008-01-17,16.450916290283203,17115449
2008-01-18,16.077238082885742,18710870
2008-01-21,15.134000778198242,30352786
2008-01-22,15.007431983947754,32430351
2008-01-23,14.53731918334961,25885003
2008-01-24,15.56493854522705,25387501
2008-01-25,15.483574867248535,16650202
2008-01-28,15.700546264648438,12416182
2008-01-29,15.724655151367188,12256069
2008-01-30,15.682464599609375,11490964
2008-01-31,15.727668762207031,15143465
2008-02-01,16.13449478149414,16670803
2008-02-04,16.327360153198242,11146118
2008-02-05,15.441380500793457,18638591
2008-02-06,15.498639106750488,12968883
2008-02-07,15.278651237487793,11419247
2008-02-08,15.381112098693848,8051572
2008-02-11,15.152084350585938,10077012
2008-02-12,15.95067024230957,17642870
2008-02-13,16.200796127319336,14790128
2008-02-14,16.258052825927734,24418430
2008-02-15,16.276134490966797,17728035
2008-02-18,16.94212532043457,12208468
2008-02-19,17.107873916625977,12347197
2008-02-20,16.80350112915039,12534548
2008-02-21,16.936094284057617,8938750
2008-02-22,16.604610443115234,14267349
2008-02-25,16.740215301513672,8803084
2008-02-26,17.21937370300293,11154194
2008-02-27,17.400182723999023,9839886
2008-02-28,17.116912841796875,9891555
2008-02-29,16.812541961669922,12463352
2008-03-03,16.755287170410156,9142723
2008-03-04,16.242984771728516,14086436
2008-03-05,16.541324615478516,10005125
2008-03-06,16.35448455810547,8868153
2008-03-07,16.227916717529297,11812347
2008-03-10,16.119430541992188,10496829
2008-03-11,16.029020309448242,15681521
2008-03-12,16.321338653564453,8955369
2008-03-13,15.983819007873535,16067674
2008-03-14,15.827117919921875,14831921
2008-03-17,15.326871871948242,16941410
2008-03-18,15.87533187866211,11846874
2008-03-19,15.983819007873535,14558038
2008-03-20,15.938616752624512,21200183
2008-03-25,16.48708152770996,11255751
2008-03-26,16.387632369995117,9252141
2008-03-27,16.580501556396484,9399027
2008-03-28,16.55036735534668,8135287
2008-03-31,16.318323135375977,9108550
2008-04-01,16.67693328857422,10815143
2008-04-02,16.375577926635742,15334642
2008-04-03,16.14956283569336,10444238
2008-04-04,16.05011558532715,9055455
2008-04-07,16.13148307800293,7623935
2008-04-08,15.962723731994629,8983806
2008-04-09,15.851224899291992,11050997
2008-04-10,16.07372283935547,11834179
2008-04-11,15.821089744567871,10161072
2008-04-14,15.511614799499512,11289973
2008-04-15,15.574776649475098,9189306
2008-04-16,15.729512214660645,10053353
2008-04-17,15.694772720336914,9420653
2008-04-18,15.997932434082031,8460911
2008-04-21,15.675826072692871,8806641
2008-04-22,15.54635238647461,8516177
2008-04-23,15.577933311462402,10344841
2008-04-24,15.527406692504883,12532573
2008-04-25,15.836877822875977,14114357
2008-04-28,16.06740379333496,0
2008-04-29,15.849512100219727,0
2008-04-30,15.76740837097168,0
2008-05-02,15.893722534179688,11581396
2008-05-05,15.978986740112305,3911230
2008-05-06,15.91267204284668,6016435
2008-05-07,16.367406845092773,13346103
2008-05-08,16.471616744995117,7316883
2008-05-09,16.329513549804688,7150997
2008-05-12,16.376876831054688,4173336
2008-05-13,16.398983001708984,6514504
2008-05-14,16.26951026916504,6374658
2008-05-15,16.278987884521484,6194203
2008-05-16,16.440038681030273,9546527
2008-05-19,16.689510345458984,5992740
2008-05-20,16.537931442260742,8484715
2008-05-21,16.08319664001465,12351143
2008-05-22,15.944245338439941,7676195
2008-05-23,15.615827560424805,7247912
2008-05-26,15.438981056213379,4887244
2008-05-27,15.43266773223877,8212398
2008-05-28,15.505295753479004,9873306
2008-05-29,15.489511489868164,6711040
2008-05-30,15.448460578918457,7356367
2008-06-02,15.32845687866211,7018042
2008-06-03,15.15477466583252,10131097
2008-06-04,15.000035285949707,11299799
2008-06-05,14.924242973327637,10182434
2008-06-06,14.229509353637695,22411362
2008-06-09,14.068456649780273,13790935
2008-06-10,14.137931823730469,13096273
2008-06-11,13.781086921691895,15552389
2008-06-12,13.809504508972168,11657125
2008-06-13,13.856877326965332,9657757
2008-06-16,13.793719291687012,8594061
2008-06-17,14.235821723937988,20670309
2008-06-18,14.153719902038574,10659099
2008-06-19,14.002138137817383,10277997
2008-06-20,14.014765739440918,25431546
2008-06-23,13.746346473693848,10399975
2008-06-24,13.218979835510254,23057410
2008-06-25,13.41476821899414,11465846
2008-06-26,12.972662925720215,16475041
2008-06-27,12.59371566772461,18541323
2008-06-30,12.404237747192383,17038428
2008-07-01,12.063186645507812,17929479
2008-07-02,12.05371379852295,13384775
2008-07-03,12.192660331726074,13534211
2008-07-04,12.126344680786133,9692067
2008-07-07,12.284239768981934,7511006
2008-07-08,12.227397918701172,13413025
2008-07-09,12.426346778869629,12205067
2008-07-10,12.236869812011719,11818120
2008-07-11,11.848450660705566,12324636
2008-07-14,11.854764938354492,9027609
2008-07-15,11.488448143005371,19204609
2008-07-16,11.845293998718262,19909543
2008-07-17,12.505290985107422,18321598
2008-07-18,12.975820541381836,17337930
2008-07-21,13.149504661560059,7512212
2008-07-22,12.94739818572998,10817484
2008-07-23,13.440032005310059,13796409
2008-07-24,12.148449897766113,56110996
2008-07-25,12.277924537658691,16779140
2008-07-28,12.082137107849121,7742895
2008-07-29,12.113712310791016,11402931
2008-07-30,12.022133827209473,11397664
2008-07-31,11.788450241088867,12156680
2008-08-01,11.570554733276367,11863841
2008-08-04,11.674762725830078,14523483
2008-08-05,12.246343612670898,15356451
2008-08-06,12.63476848602295,12415716
2008-08-07,12.697924613952637,8976389
2008-08-08,13.190555572509766,14494089
2008-08-11,13.509504318237305,14984718
2008-08-12,13.695820808410645,13736263
2008-08-13,13.053190231323242,11838527
2008-08-14,13.073715209960938,8370582
2008-08-15,13.108453750610352,7606776
2008-08-18,12.958451271057129,5782335
2008-08-19,12.511606216430664,9799826
2008-08-20,12.615818977355957,6881045
2008-08-21,12.551082611083984,13944397
2008-08-22,12.802136421203613,7211926
2008-08-25,12.855819702148438,5205961
2008-08-26,12.855819702148438,5517388
2008-08-27,12.666346549987793,9171694
2008-08-28,12.76266098022461,10816679
2008-08-29,12.600031852722168,10038795
2008-09-01,12.811609268188477,6207927
2008-09-02,13.443191528320312,16927013
2008-09-03,13.458975791931152,8077825
2008-09-04,13.086345672607422,11307206
2008-09-05,12.532134056091309,16075014
2008-09-08,12.753183364868164,11984329
2008-09-09,12.821084022521973,9181286
2008-09-10,12.88424015045166,8576701
2008-09-11,12.759503364562988,9012427
2008-09-12,12.836874961853027,7693535
2008-09-15,12.284239768981934,17659458
2008-09-16,12.202136039733887,16681917
2008-09-17,11.845293998718262,15372515
2008-09-18,11.687395095825195,15432990
2008-09-19,12.462660789489746,24667760
2008-09-22,12.333187103271484,9277770
2008-09-23,12.22581958770752,9489910
2008-09-24,12.096344947814941,7927439
2008-09-25,12.476872444152832,9320069
2008-09-26,12.17686939239502,11209254
2008-09-29,11.655816078186035,13279285
2008-09-30,11.178973197937012,20889049
2008-10-01,10.22370719909668,27667119
2008-10-02,9.855813026428223,20003374
2008-10-03,10.051603317260742,11635461
2008-10-06,8.589494705200195,28657425
2008-10-07,8.6526517868042,23733315
2008-10-08,7.841068744659424,34129212
2008-10-09,7.770018577575684,20416956
2008-10-10,7.1258063316345215,33767006
2008-10-13,8.273702621459961,24699512
2008-10-14,8.90528392791748,20461719
2008-10-15,8.011597633361816,17756385
2008-10-16,7.436859607696533,19609389
2008-10-17,8.117388725280762,21510839
2008-10-20,8.376335144042969,11761358
2008-10-21,8.259493827819824,11848358
2008-10-22,7.618439197540283,15092796
2008-10-23,7.522123336791992,21068311
2008-10-24,7.076859951019287,24467153
2008-10-27,6.427909851074219,19803008
2008-10-28,6.110542297363281,29801499
2008-10-29,7.421069145202637,26562040
2008-10-30,8.20738697052002,25280835
2008-10-31,8.46633529663086,16106356
2008-11-03,8.469493865966797,9759436
2008-11-04,8.868968963623047,13910415
2008-11-05,8.730020523071289,8178095
2008-11-06,7.8742289543151855,13717593
2008-11-07,8.05264949798584,10048355
2008-11-10,8.160017967224121,5558112
2008-11-11,7.4715962409973145,9815728
2008-11-12,7.1163330078125,11942576
2008-11-13,7.2615966796875,9212906
2008-11-14,7.334227085113525,9807819
2008-11-17,7.165280342102051,9812123
2008-11-18,7.332649230957031,7453251
2008-11-19,6.735804080963135,11071110
2008-11-20,6.468962669372559,11772000
2008-11-21,6.391594409942627,12068120
2008-11-24,7.493701457977295,14586887
2008-11-25,7.63580846786499,11678948
2008-11-26,7.7984395027160645,12724309
2008-11-27,8.07791519165039,8859947
2008-11-28,7.785808086395264,9233126
2008-12-01,7.2158074378967285,8922443
2008-12-02,7.441595077514648,8577209
2008-12-03,7.446331977844238,8250792
2008-12-04,7.509490489959717,8320810
2008-12-05,7.083173751831055,10092036
2008-12-08,7.768439292907715,11993713
2008-12-09,8.106335639953613,10716109
2008-12-10,8.177387237548828,7712701
2008-12-11,7.929491996765137,7801775
2008-12-12,7.596334457397461,14813098
2008-12-15,7.5473856925964355,6326758
2008-12-16,7.683177471160889,6961961
2008-12-17,7.894755840301514,10755137
2008-12-18,8.114232063293457,9398585
2008-12-19,8.226335525512695,19945337
2008-12-22,7.85212516784668,7942301
2008-12-23,7.866332530975342,5389932
2008-12-29,8.092124938964844,5396630
2008-12-30,8.431599617004395,4648471
2009-01-02,8.763176918029785,4978363
2009-01-05,8.41580867767334,6968870
2009-01-06,8.696863174438477,5698373
2009-01-07,8.668442726135254,6762446
2009-01-08,8.573704719543457,5037988
2009-01-09,8.600546836853027,6344418
2009-01-12,8.504229545593262,4511707
2009-01-13,8.235808372497559,7379542
2009-01-14,7.8426513671875,11260633
2009-01-15,7.506333827972412,8582507
2009-01-16,7.556859016418457,7222157
2009-01-19,7.351596832275391,5463728
2009-01-20,7.200016975402832,7584790
2009-01-21,7.171596050262451,8320140
2009-01-22,6.768963813781738,9440574
2009-01-23,6.6000165939331055,9585280
2009-01-26,6.750016689300537,7783824
2009-01-27,6.956860065460205,8669454
2009-01-28,7.414754390716553,9936577
2009-01-29,7.121068954467773,8368045
2009-01-30,6.947384834289551,8606537
2009-02-02,6.74370002746582,6043022
2009-02-03,6.819489002227783,9616426
2009-02-04,7.278965950012207,10358020
2009-02-05,7.165280342102051,8011103
2009-02-06,7.776334762573242,11731828
2009-02-09,8.130019187927246,8549985
2009-02-10,7.578964710235596,10724524
2009-02-11,7.806332588195801,7719298
2009-02-12,7.51107120513916,8924236
2009-02-13,7.621595859527588,6322125
2009-02-16,7.438438415527344,5086539
2009-02-17,7.155804634094238,16254616
2009-02-18,6.909489154815674,10263374
2009-02-19,6.931595325469971,6601345
2009-02-20,6.461069583892822,10589264
2009-02-23,6.090013027191162,9601206
2009-02-24,5.883171081542969,12861171
2009-02-25,5.813697338104248,9423414
2009-02-26,5.9684343338012695,8905849
2009-02-27,5.687381744384766,10186333
2009-03-02,5.507380962371826,10330785
2009-03-03,5.643171310424805,9621621
2009-03-04,6.200540542602539,12847072
2009-03-05,5.731592655181885,9659459
2009-03-06,5.856329441070557,10705086
2009-03-09,5.861067295074463,9395587
2009-03-10,6.606332302093506,15099020
2009-03-11,6.751594066619873,13564092
2009-03-12,6.915804862976074,10376950
2009-03-13,6.808436870574951,8578098
2009-03-16,6.952121734619141,6805137
2009-03-17,6.7373857498168945,10749947
2009-03-18,6.663174152374268,7044647
2009-03-19,6.860541820526123,11663149
2009-03-20,6.7389631271362305,14938430
2009-03-23,6.8352789878845215,17275783
2009-03-24,6.577910423278809,15113714
2009-03-25,6.516330718994141,10611196
2009-03-26,6.431068420410156,13382167
2009-03-27,6.577910423278809,19379703
2009-03-30,5.9700140953063965,14289890
2009-03-31,6.025278568267822,14475018
2009-04-01,6.08843469619751,19899600
2009-04-02,7.040543079376221,31430004
2009-04-03,7.4526472091674805,25697480
2009-04-06,7.245808124542236,14326323
2009-04-07,7.140018463134766,12081631
2009-04-08,7.70212459564209,17557553
2009-04-09,7.959650039672852,10134473
2009-04-14,8.03123950958252,9269813
2009-04-15,8.112592697143555,6167226
2009-04-16,8.252521514892578,8021669
2009-04-17,8.672307014465332,14117080
2009-04-20,8.019850730895996,10539147
2009-04-21,8.037747383117676,9911081
2009-04-22,8.519360542297363,9018333
2009-04-23,8.573055267333984,11047727
2009-04-24,8.872435569763184,9668756
2009-04-27,8.91148567199707,8592945
2009-04-28,8.584444046020508,19698383
2009-04-29,8.848031044006348,10119287
2009-04-30,8.83338737487793,10094776
2009-05-04,8.997720718383789,5937474
2009-05-05,9.09046459197998,7986282
2009-05-06,9.162056922912598,8392116
2009-05-07,9.000974655151367,9740207
2009-05-08,9.000974655151367,7401889
2009-05-11,8.719491004943848,7387568
2009-05-12,8.493328094482422,9101053
2009-05-13,8.17604923248291,9138084
2009-05-14,8.190691947937012,7122464
2009-05-15,8.150016784667969,7781679
2009-05-18,8.263911247253418,10986481
2009-05-19,8.438008308410645,15882729
2009-05-20,8.649526596069336,9684370
2009-05-21,8.226489067077637,7449701
2009-05-22,8.13537311553955,7049285
2009-05-25,8.083305358886719,3807353
2009-05-26,8.408719062805176,9384939
2009-05-27,8.5681734085083,8798020
2009-05-28,8.301331520080566,7727766
2009-05-29,8.411975860595703,8224771
2009-06-01,9.119752883911133,10212839
2009-06-02,9.092092514038086,8341001
2009-06-03,8.76993179321289,6304239
2009-06-04,8.901724815368652,7546473
2009-06-05,9.023754119873047,7788337
2009-06-08,8.72111988067627,7635081
2009-06-09,8.595833778381348,7451594
2009-06-10,8.82687759399414,6996844
2009-06-11,9.062803268432617,5856603
2009-06-12,9.048161506652832,7445842
2009-06-15,8.459160804748535,10923424
2009-06-16,8.410347938537598,7126224
2009-06-17,8.123982429504395,10020925
2009-06-18,8.166284561157227,9163252
2009-06-19,7.949884414672852,19327279
2009-06-22,7.923852443695068,11622603
2009-06-23,8.166284561157227,10771946
2009-06-24,8.364789962768555,6549932
2009-06-25,8.260658264160156,5485810
2009-06-26,8.392451286315918,7799883
2009-06-29,8.564920425415039,4623808
2009-06-30,8.389195442199707,4869844
2009-07-01,8.605597496032715,4789165
2009-07-02,8.128864288330078,7616356
2009-07-03,8.133747100830078,4979576
2009-07-06,7.9938178062438965,5602989
2009-07-07,7.875040054321289,6733930
2009-07-08,7.696063041687012,7853661
2009-07-09,7.901073932647705,6695855
2009-07-10,7.8864288330078125,5883102
2009-07-13,8.363162994384766,8172862
2009-07-14,8.607223510742188,7161177
2009-07-15,9.069314956665039,11160643
2009-07-16,9.235275268554688,8892039
2009-07-17,9.420761108398438,8516362
2009-07-20,9.698991775512695,8428781
2009-07-21,9.882850646972656,9237175
2009-07-22,9.775463104248047,7713270
2009-07-23,10.084607124328613,8585935
2009-07-24,10.187113761901855,9056201
2009-07-27,9.938170433044434,8547303
2009-07-28,9.79173469543457,6567997
2009-07-29,10.237552642822266,14347209
2009-07-30,10.393750190734863,7784681
2009-07-31,10.566221237182617,8315419
2009-08-03,10.925806045532227,10898601
2009-08-04,11.008784294128418,7798947
2009-08-05,10.652456283569336,7174398
2009-08-06,10.608526229858398,4456114
2009-08-07,10.927431106567383,6904625
2009-08-10,10.523918151855469,6566344
2009-08-11,10.27985668182373,6969307
2009-08-12,10.348193168640137,4488773
2009-08-13,10.54018783569336,5380151
2009-08-14,10.41653060913086,4605265
2009-08-17,10.068337440490723,6635800
2009-08-18,10.1236572265625,4175022
2009-08-19,10.042303085327148,4334235
2009-08-20,10.408394813537598,4911728
2009-08-21,10.725676536560059,8205821
2009-08-24,10.637812614440918,4299470
2009-08-25,10.706151008605957,4933660
2009-08-26,10.54018783569336,4765482
2009-08-27,10.253824234008789,5798574
2009-08-28,10.401887893676758,5606436
2009-08-31,10.26032829284668,3658315
2009-09-01,9.973967552185059,6292724
2009-09-02,9.8096342086792,7895127
2009-09-03,9.856817245483398,7110441
2009-09-04,10.357955932617188,10691467
2009-09-07,10.59388256072998,5302409
2009-09-08,10.476731300354004,5529430
2009-09-09,10.839570999145508,9117691
2009-09-10,10.865602493286133,7214596
2009-09-11,10.90302562713623,4942431
2009-09-14,10.868857383728027,5875160
2009-09-15,10.774486541748047,6098467
2009-09-16,11.086885452270508,8334232
2009-09-17,10.994142532348633,7258976
2009-09-18,10.881875038146973,21621421
2009-09-21,10.75821590423584,5549122
2009-09-22,11.129189491271973,6323282
2009-09-23,11.041325569152832,6217467
2009-09-24,10.966482162475586,7385692
2009-09-25,10.95346450805664,5317765
2009-09-28,11.197526931762695,6269659
2009-09-29,11.161728858947754,4229840
2009-09-30,11.195898056030273,9407005
2009-10-01,10.868857383728027,8897434
2009-10-02,10.668726921081543,8171339
2009-10-05,10.624796867370605,6042460
2009-10-06,10.982751846313477,7540889
2009-10-07,10.90953254699707,4800781
2009-10-08,11.231693267822266,8146524
2009-10-09,11.300028800964355,8735417
2009-10-12,11.32443618774414,8292175
2009-10-13,11.218674659729004,5611150
2009-10-14,11.422065734863281,13183903
2009-10-15,11.420435905456543,9074664
2009-10-16,11.441585540771484,12222105
2009-10-19,12.242106437683105,16861307
2009-10-20,12.03547191619873,10709243
2009-10-21,12.097299575805664,8686399
2009-10-22,11.952488899230957,6553402
2009-10-23,11.999672889709473,5714931
2009-10-26,11.659616470336914,6525795
2009-10-27,11.410673141479492,10455644
2009-10-28,10.808655738830566,17587846
2009-10-29,11.254473686218262,11222324
2009-10-30,10.764724731445312,9643307
2009-11-02,10.75170612335205,7019788
2009-11-03,10.274974822998047,11893114
2009-11-04,10.59713363647461,9589479
2009-11-05,10.62804889678955,8239969
2009-11-06,10.807029724121094,8710288
2009-11-09,11.0462064743042,5108756
2009-11-10,11.01041316986084,7422492
2009-11-11,11.200780868530273,5431712
2009-11-12,11.09013843536377,5380912
2009-11-13,11.161728858947754,6126264
2009-11-16,11.653107643127441,11255505
2009-11-17,11.521316528320312,5424896
2009-11-18,11.708425521850586,6687457
2009-11-19,11.490398406982422,5295095
2009-11-20,11.38138198852539,7424503
2009-11-23,11.607550621032715,4638216
2009-11-24,11.532703399658203,5046678
2009-11-25,11.627074241638184,5073509
2009-11-26,11.098275184631348,10331260
2009-11-27,11.267491340637207,8569282
2009-11-30,10.972990036010742,8950686
2009-12-01,11.423688888549805,6169744
2009-12-02,11.44809627532959,6186865
2009-12-03,11.540839195251465,5158610
2009-12-04,11.685649871826172,5527480
2009-12-07,11.840216636657715,5607402
2009-12-08,11.50504207611084,6334914
2009-12-09,11.343962669372559,4556128
2009-12-10,11.397656440734863,4760152
2009-12-11,11.44972038269043,5152521
2009-12-14,11.706795692443848,5884778
2009-12-15,11.832084655761719,5273082
2009-12-16,12.079399108886719,5885419
2009-12-17,11.95899772644043,5959308
2009-12-18,11.957369804382324,13673531
2009-12-21,12.038724899291992,4722369
2009-12-22,12.13797378540039,3541738
2009-12-23,12.17702579498291,2565789
2009-12-28,12.251873016357422,1906180
2009-12-29,12.251873016357422,2524989
2009-12-30,12.115196228027344,1678546
2010-01-04,12.219328880310059,4417005
2010-01-05,12.118450164794922,4685893
2010-01-06,12.121705055236816,4346902
2010-01-07,11.949234008789062,7727686
2010-01-08,12.019198417663574,5816450
2010-01-11,12.10543441772461,5026976
2010-01-12,11.806050300598145,6020881
2010-01-13,11.77513599395752,5987956
2010-01-14,12.07288932800293,7185287
2010-01-15,11.874387741088867,7483027
2010-01-18,12.077775001525879,3943211
2010-01-19,11.9459810256958,8553798
2010-01-20,11.58314323425293,6975881
2010-01-21,11.311422348022461,7031873
2010-01-22,11.122681617736816,10772837
2010-01-25,10.901398658752441,7048017
2010-01-26,11.018548011779785,7909179
2010-01-27,10.714286804199219,10121164
2010-01-28,10.517409324645996,8530357
2010-01-29,10.876994132995605,9381738
2010-02-01,10.924178123474121,5937804
2010-02-02,10.98763370513916,6480997
2010-02-03,11.1747465133667,11225516
2010-02-04,10.771232604980469,8040789
2010-02-05,10.517409324645996,11479798
2010-02-08,10.839570999145508,9627443
2010-02-09,10.844451904296875,6327449
2010-02-10,10.943704605102539,6096862
2010-02-11,10.663844108581543,8505875
2010-02-12,10.562966346740723,9953549
2010-02-15,10.41653060913086,4809511
2010-02-16,10.613407135009766,6837162
2010-02-17,10.75170612335205,7466415
2010-02-18,10.248942375183105,37633309
2010-02-19,10.510902404785156,15616289
2010-02-22,10.218027114868164,8884034
2010-02-23,10.169214248657227,8211088
2010-02-24,10.069961547851562,10291275
2010-02-25,9.876338958740234,8526172
2010-02-26,9.97722053527832,6665114
2010-03-01,10.200130462646484,5954218
2010-03-02,10.333548545837402,5875083
2010-03-03,10.397004127502441,6303886
2010-03-04,10.383990287780762,6137694
2010-03-05,10.733810424804688,8307973
2010-03-08,10.741944313049316,5850737
2010-03-09,10.66221809387207,5701795
2010-03-10,10.776114463806152,4605151
2010-03-11,10.800519943237305,4644075
2010-03-12,10.912787437438965,6619016
2010-03-15,10.846077919006348,5215917
2010-03-16,11.09990406036377,6022912
2010-03-17,11.177999496459961,6498048
2010-03-18,11.272371292114258,6127508
2010-03-19,11.186136245727539,15091837
2010-03-22,11.194271087646484,6183317
2010-03-23,11.210542678833008,5526158
2010-03-24,11.223559379577637,6514359
2010-03-25,11.394400596618652,7286396
2010-03-26,11.383012771606445,5594493
2010-03-29,11.373248100280762,5265106
2010-03-30,11.246335983276367,5555404
2010-03-31,11.342336654663086,5794333
2010-04-01,11.521316528320312,5326645
2010-04-06,11.553855895996094,6540119
2010-04-07,11.526193618774414,5915008
2010-04-08,11.44809627532959,4877122
2010-04-09,11.506671905517578,4141127
2010-04-12,11.522940635681152,3313919
2010-04-13,11.714935302734375,8406294
2010-04-14,11.932962417602539,8556837
2010-04-15,11.947607040405273,6065674
2010-04-16,11.89065933227539,13006659
2010-04-19,11.814186096191406,5485820
2010-04-20,12.691181182861328,21536473
2010-04-21,12.512202262878418,9103037
2010-04-22,12.316953659057617,10289186
2010-04-23,12.64887523651123,8818560
2010-04-26,12.844122886657715,6109069
2010-04-27,12.342988014221191,11270719
2010-04-28,12.289291381835938,11253951
2010-04-29,12.624467849731445,10026080
2010-04-30,12.63097858428955,8254337
2010-05-03,12.565895080566406,4379169
2010-05-04,12.160752296447754,10424839
2010-05-05,12.046859741210938,10267829
2010-05-06,12.017570495605469,11110267
2010-05-07,11.666123390197754,17436644
2010-05-10,12.36902141571045,13173302
2010-05-11,12.578911781311035,8821219
2010-05-12,12.948258399963379,11948347
2010-05-13,13.462414741516113,9549715
2010-05-14,13.20370864868164,12817235
2010-05-17,13.369670867919922,8664919
2010-05-18,13.639762878417969,8505891
2010-05-19,13.081679344177246,14015849
2010-05-20,12.495930671691895,15908368
2010-05-21,12.635859489440918,14423365
2010-05-24,12.52359390258789,5490735
2010-05-25,12.102179527282715,8500915
2010-05-26,12.443864822387695,8830980
2010-05-27,12.995445251464844,8877496
2010-05-28,13.114221572875977,7249439
2010-05-31,13.342009544372559,3132623
2010-06-01,13.33875560760498,7219108
2010-06-02,13.268791198730469,5713537
2010-06-03,13.426621437072754,6360351
2010-06-04,13.140253067016602,7038857
2010-06-07,13.042627334594727,5935657
2010-06-08,13.094693183898926,6349429
2010-06-09,13.647900581359863,9033239
2010-06-10,14.075820922851562,10855201
2010-06-11,13.906606674194336,8890262
2010-06-14,13.836644172668457,6557404
2010-06-15,13.774813652038574,6531202
2010-06-16,13.387568473815918,10230184
2010-06-17,13.769929885864258,7392947
2010-06-18,14.031889915466309,13821534
2010-06-21,14.480960845947266,5985920
2010-06-22,14.471198081970215,5449291
2010-06-23,14.301987648010254,5509631
2010-06-24,14.131143569946289,6649589
2010-06-25,13.6723051071167,8182101
2010-06-28,14.070938110351562,5067052
2010-06-29,13.433124542236328,6484192
2010-06-30,13.64139175415039,6239649
2010-07-01,13.153266906738281,7379863
2010-07-02,13.107711791992188,4938626
2010-07-05,13.000325202941895,3506490
2010-07-06,13.41034984588623,5579925
2010-07-07,13.649524688720703,5764301
2010-07-08,13.53075122833252,6059834
2010-07-09,13.548646926879883,4421733
2010-07-12,13.525870323181152,3148241
2010-07-13,14.254796028137207,8815193
2010-07-14,14.170188903808594,5923823
2010-07-15,14.082329750061035,6070065
2010-07-16,14.009110450744629,10522984
2010-07-19,13.872435569763184,4530628
2010-07-20,13.478684425354004,6952137
2010-07-21,13.327366828918457,5811481
2010-07-22,13.752033233642578,5652579
2010-07-23,13.8252534866333,4096581
2010-07-26,14.043280601501465,3389795
2010-07-27,13.452651023864746,11492625
2010-07-28,13.493326187133789,5644618
2010-07-29,13.483563423156738,5068424
2010-07-30,13.464040756225586,4912610
2010-08-02,13.47217845916748,6583415
2010-08-03,13.667425155639648,6129507
2010-08-04,13.563291549682617,5520009
2010-08-05,13.708101272583008,5557866
2010-08-06,13.330622673034668,5899648
2010-08-09,13.657661437988281,3959843
2010-08-10,13.415227890014648,4564541
2010-08-11,13.078425407409668,5556654
2010-08-12,12.713959693908691,9909706
2010-08-13,12.73836612701416,5568117
2010-08-16,13.001951217651367,5360984
2010-08-17,13.358281135559082,6413934
2010-08-18,13.219979286193848,4301525
2010-08-19,12.977545738220215,6071705
2010-08-20,12.766024589538574,5876405
2010-08-23,12.739994049072266,3294132
2010-08-24,12.580538749694824,4542114
2010-08-25,12.461759567260742,5270721
2010-08-26,12.393424987792969,4882664
2010-08-27,12.49755859375,5166814
2010-08-30,12.406442642211914,2770409
2010-08-31,12.48291301727295,6868875
2010-09-01,13.16465950012207,9098171
2010-09-02,13.342009544372559,6816507
2010-09-03,13.555159568786621,7092217
2010-09-06,13.423361778259277,3806245
2010-09-07,13.457531929016113,4067634
2010-09-08,13.667425155639648,4967590
2010-09-09,14.018875122070312,6592535
2010-09-10,14.246662139892578,6580038
2010-09-13,14.209239959716797,6334045
2010-09-14,14.367066383361816,6018372
2010-09-15,14.357305526733398,6574465
2010-09-16,14.336153030395508,5204381
2010-09-17,14.472824096679688,14225428
2010-09-20,14.806379318237305,6886076
2010-09-21,14.850305557250977,7236709
2010-09-22,14.594855308532715,6236356
2010-09-23,14.430522918701172,4695856
2010-09-24,15.011391639709473,6589421
2010-09-27,15.102503776550293,4758063
2010-09-28,15.043930053710938,5073940
2010-09-29,15.058573722839355,4749011
2010-09-30,15.11877727508545,6491424
2010-10-01,14.811256408691406,6336607
2010-10-04,14.24828815460205,7824735
2010-10-05,14.542792320251465,5274350
2010-10-06,14.396353721618652,6155594
2010-10-07,14.764073371887207,5996178
2010-10-08,14.785225868225098,4331620
2010-10-11,14.944680213928223,3739226
2010-10-12,15.432802200317383,8780082
2010-10-13,15.598763465881348,6770291
2010-10-14,15.424664497375488,4735338
2010-10-15,15.53042221069336,6110098
2010-10-18,15.546697616577148,3600660
2010-10-19,15.30751895904541,4166646
2010-10-20,15.554831504821777,3587662
2010-10-21,15.955094337463379,5618874
2010-10-22,16.04458236694336,4543327
2010-10-25,16.173120498657227,4677337
2010-10-26,15.860721588134766,5495757
2010-10-27,15.496259689331055,5989998
2010-10-28,15.287989616394043,11524472
2010-10-29,15.434430122375488,5613119
2010-11-01,15.507649421691895,3713888
2010-11-02,15.753335952758789,4104408
2010-11-03,15.73055648803711,4315066
2010-11-04,16.2707462310791,5336149
2010-11-05,15.925804138183594,6503797
2010-11-08,15.924178123474121,3193238
2010-11-09,16.28376007080078,4397499
2010-11-10,16.002277374267578,4708668
2010-11-11,16.1275634765625,3816826
2010-11-12,16.231693267822266,5869066
2010-11-15,16.560365676879883,5579863
2010-11-16,16.09827423095703,4302803
2010-11-17,16.03318977355957,3582603
2010-11-18,16.534332275390625,5811873
2010-11-19,16.511550903320312,5597008
2010-11-22,16.452978134155273,4665085
2010-11-23,16.112918853759766,5433397
2010-11-24,16.93459129333496,6881056
2010-11-25,16.89879035949707,4376577
2010-11-26,16.771881103515625,3911556
2010-11-29,16.202404022216797,6381864
2010-11-30,16.22844123840332,7143920
2010-12-01,16.902048110961914,6268872
2010-12-02,17.40644645690918,7971313
2010-12-03,17.556129455566406,7266075
2010-12-06,17.448745727539062,3522333
2010-12-07,17.621217727661133,5206593
2010-12-08,17.331600189208984,4884305
2010-12-09,17.344614028930664,8973685
2010-12-10,17.855514526367188,5664462
2010-12-13,17.819719314575195,3538548
2010-12-14,17.608200073242188,3934889
2010-12-15,17.53986358642578,4056119
2010-12-16,17.70582389831543,3929597
2010-12-17,17.468271255493164,11345075
2010-12-20,17.533353805541992,3085739
2010-12-21,17.787181854248047,3492047
2010-12-22,17.679790496826172,2679040
2010-12-23,17.59518051147461,2258696
2010-12-27,16.781644821166992,4584610
2010-12-28,16.758867263793945,2927497
2010-12-29,16.700294494628906,2468956
2010-12-30,16.50829315185547,2353810
2011-01-03,16.827205657958984,3724212
2011-01-04,16.91832160949707,3643353
2011-01-05,17.44223976135254,8332321
2011-01-06,17.767654418945312,6521668
2011-01-07,17.744871139526367,5984000
2011-01-10,17.54311752319336,4748752
2011-01-11,17.888057708740234,5441098
2011-01-12,17.858768463134766,5725522
2011-01-13,17.888057708740234,4621765
2011-01-14,18.20696449279785,8499418
2011-01-17,18.512849807739258,4462929
2011-01-18,19.023754119873047,8173727
2011-01-19,18.574682235717773,5605016
2011-01-20,18.01822280883789,7603365
2011-01-21,17.826229095458984,8421551
2011-01-24,17.741619110107422,5531627
2011-01-25,17.966154098510742,5196841
2011-01-26,18.311094284057617,4828435
2011-01-27,18.19069480895996,5652323
2011-01-28,17.83273696899414,5140113
2011-01-31,17.383665084838867,7219804
2011-02-01,17.344614028930664,6068769
2011-02-02,17.08428192138672,9050340
2011-02-03,17.250242233276367,8019800
2011-02-04,17.14611053466797,5145336
2011-02-07,17.448745727539062,4887559
2011-02-08,17.98893165588379,7363744
2011-02-09,17.907581329345703,4280895
2011-02-10,18.05401611328125,4667408
2011-02-11,18.389192581176758,5658914
2011-02-14,18.40871810913086,3748761
2011-02-15,18.216724395751953,3835527
2011-02-16,17.422710418701172,18172685
2011-02-17,17.237228393554688,13371104
2011-02-18,17.126585006713867,7424255
2011-02-21,16.9931640625,5691410
2011-02-22,17.263259887695312,6908726
2011-02-23,16.69053077697754,6995963
2011-02-24,16.43019676208496,9488128
2011-02-25,16.618940353393555,6393147
2011-02-28,16.6124324798584,5593606
2011-03-01,16.6026668548584,8330288
2011-03-02,16.140579223632812,10521081
2011-03-03,16.00390625,7522792
2011-03-04,15.696386337280273,10067846
2011-03-07,15.81353759765625,8110144
2011-03-08,16.026681900024414,7956400
2011-03-09,16.21217155456543,5986954
2011-03-10,15.849332809448242,6586478
2011-03-11,15.5515775680542,6901870
2011-03-14,15.351449012756348,6842288
2011-03-15,14.734786033630371,17510334
2011-03-16,14.440284729003906,10544303
2011-03-17,14.602991104125977,10029730
2011-03-18,14.936542510986328,16320347
2011-03-21,15.248942375183105,8021659
2011-03-22,15.120399475097656,5630775
2011-03-23,15.408394813537598,6436034
2011-03-24,15.95020866394043,8168054
2011-03-25,15.943702697753906,4972385
2011-03-28,15.707776069641113,6699143
2011-03-29,15.733808517456055,4411726
2011-03-30,16.21704864501953,7999135
2011-03-31,16.221933364868164,6309845
2011-04-01,16.788156509399414,8175251
2011-04-04,16.778390884399414,4846749
2011-04-05,17.05824851989746,6289572
2011-04-06,17.116819381713867,6711993
2011-04-07,16.9736385345459,7358625
2011-04-08,16.93459129333496,7220298
2011-04-11,16.482267379760742,9988333
2011-04-12,16.423688888549805,33571148
2011-04-13,16.628700256347656,35904104
2011-04-14,16.939741134643555,9021743
2011-04-15,16.83087158203125,17065134
2011-04-18,16.543386459350586,6361463
2011-04-19,16.698184967041016,5156910
2011-04-20,17.392242431640625,7292039
2011-04-21,17.45348358154297,4526191
2011-04-26,17.678030014038086,3836065
2011-04-27,17.957015991210938,6003902
2011-04-28,18.062484741210938,5639776
2011-04-29,17.756282806396484,6802820
2011-05-02,17.865154266357422,4596268
2011-05-03,17.57256317138672,7121857
2011-05-04,17.262958526611328,8060843
2011-05-05,17.23233985900879,6144489
2011-05-06,17.46369171142578,7911709
2011-05-09,17.24934959411621,5625118
2011-05-10,17.361621856689453,3929418
2011-05-11,17.28337287902832,3468591
2011-05-12,17.31058692932129,4509385
2011-05-13,17.201717376708984,4173071
2011-05-16,17.041812896728516,4957000
2011-05-17,16.711793899536133,5096681
2011-05-18,16.76793098449707,3249733
2011-05-19,16.912525177001953,4629635
2011-05-20,16.61993408203125,7439090
2011-05-23,16.12320899963379,6703051
2011-05-24,16.296720504760742,7531487
2011-05-25,16.398788452148438,5680872
2011-05-26,16.28821563720703,5346551
2011-05-27,16.35796546936035,4387035
2011-05-30,16.351158142089844,1827127
2011-05-31,16.70669174194336,6278029
2011-06-01,16.504257202148438,4429176
2011-06-02,16.101093292236328,4885246
2011-06-03,16.1844482421875,5785830
2011-06-06,16.058565139770508,3856573
2011-06-07,16.0245418548584,4497102
2011-06-08,16.1061954498291,6147406
2011-06-09,16.136817932128906,7425342
2011-06-10,15.849329948425293,6511669
2011-06-13,15.86463737487793,3006131
2011-06-14,16.041553497314453,5069090
2011-06-15,15.86463737487793,5995651
2011-06-16,15.98031234741211,7215092
2011-06-17,16.1061954498291,12573696
2011-06-20,16.181039810180664,4642959
2011-06-21,16.521270751953125,7765026
2011-06-22,16.64034652709961,5682570
2011-06-23,16.587610244750977,5326916
2011-06-24,16.677772521972656,8387878
2011-06-27,16.752622604370117,3913418
2011-06-28,17.143878936767578,7145599
2011-06-29,17.46709442138672,7528133
2011-06-30,17.65761375427246,4968722
2011-07-01,17.55215072631836,4994773
2011-07-04,17.810720443725586,3695776
2011-07-05,17.967220306396484,6199771
2011-07-06,18.021657943725586,4905912
2011-07-07,17.90597915649414,5499878
2011-07-08,17.824329376220703,6242756
2011-07-11,17.351415634155273,6117330
2011-07-12,17.582767486572266,10353203
2011-07-13,18.089702606201172,6799771
2011-07-14,18.120325088500977,5147071
2011-07-15,18.123720169067383,7551782
2011-07-18,17.521526336669922,5787456
2011-07-19,17.827730178833008,4099262
2011-07-20,17.84473991394043,4118146
2011-07-21,17.77669334411621,5771302
2011-07-22,17.85154151916504,4082575
2011-07-25,18.04547119140625,4573794
2011-07-26,17.626996994018555,5402371
2011-07-27,17.361621856689453,7167019
2011-07-28,17.375232696533203,5084506
2011-07-29,17.23573875427246,5397668
2011-08-01,16.67266845703125,6951267
2011-08-02,16.131715774536133,8986005
2011-08-03,15.422348976135254,13189111
2011-08-04,14.92221736907959,11816712
2011-08-05,14.279192924499512,17302890
2011-08-08,13.27213191986084,17694147
2011-08-09,13.227903366088867,21629661
2011-08-10,12.476006507873535,18373532
2011-08-11,12.807726860046387,15314189
2011-08-12,13.226202011108398,9544745
2011-08-15,13.069698333740234,7392979
2011-08-16,12.952320098876953,9216091
2011-08-17,12.928506851196289,6277601
2011-08-18,12.132383346557617,12782436
2011-08-19,11.817675590515137,16586235
2011-08-22,11.554001808166504,8342261
2011-08-23,11.657770156860352,8259978
2011-08-24,12.265068054199219,11516067
2011-08-25,12.163002014160156,10911380
2011-08-26,12.108566284179688,8334942
2011-08-29,12.317804336547852,3957700
2011-08-30,12.307596206665039,5500170
2011-08-31,12.816231727600098,9890057
2011-09-01,12.559362411499023,9878230
2011-09-02,12.064338684082031,8155796
2011-09-05,11.276717185974121,9572452
2011-09-06,11.007943153381348,10300954
2011-09-07,11.657770156860352,8295012
2011-09-08,11.436623573303223,8432099
2011-09-09,11.009641647338867,9358501
2011-09-12,10.810611724853516,10738270
2011-09-13,11.031757354736328,9860947
2011-09-14,11.652665138244629,10592223
2011-09-15,11.980982780456543,9843713
2011-09-16,12.382448196411133,22528105
2011-09-19,12.043923377990723,6901341
2011-09-20,12.515134811401367,6502219
2011-09-21,12.043923377990723,7219920
2011-09-22,11.137228012084961,13015121
2011-09-23,11.02495288848877,10781302
2011-09-26,10.936494827270508,10776393
2011-09-27,11.720710754394531,10567239
2011-09-28,11.712203979492188,6833743
2011-09-29,11.848294258117676,6300622
2011-09-30,11.441728591918945,9690330
2011-10-04,10.535030364990234,11576902
2011-10-05,11.092999458312988,8476575
2011-10-06,11.414510726928711,9639934
2011-10-07,11.560805320739746,7055639
2011-10-10,12.033716201782227,7330517
2011-10-11,12.197023391723633,6113208
2011-10-12,12.877472877502441,11162572
2011-10-13,12.644418716430664,8826082
2011-10-14,12.867263793945312,7203052
2011-10-17,12.421573638916016,8133003
2011-10-18,12.414766311645508,8343074
2011-10-19,12.288886070251465,5240983
2011-10-20,11.902730941772461,9099053
2011-10-21,12.493019104003906,7977731
2011-10-24,12.692049980163574,6007057
2011-10-25,12.843451499938965,8906420
2011-10-26,12.892782211303711,7650487
2011-10-27,13.2925443649292,14083126
2011-10-28,13.336776733398438,9008576
2011-10-31,12.58828353881836,8115101
2011-11-01,11.84319019317627,12695302
2011-11-02,12.050726890563965,7223530
2011-11-03,12.379039764404297,10875832
2011-11-04,11.90443229675293,7432269
2011-11-07,11.764941215515137,6665815
2011-11-08,11.65947151184082,6185170
2011-11-09,11.433219909667969,10235913
2011-11-10,11.309037208557129,9355310
2011-11-11,11.582917213439941,7929607
2011-11-14,11.451932907104492,5340643
2011-11-15,11.058976173400879,9155049
2011-11-16,10.965413093566895,8820976
2011-11-17,10.76978588104248,9317021
2011-11-18,10.757877349853516,6839777
2011-11-21,10.341102600097656,7778328
2011-11-22,10.155680656433105,7815529
2011-11-23,9.919225692749023,10425736
2011-11-24,10.016190528869629,6761832
2011-11-25,10.135269165039062,5295151
2011-11-28,10.934794425964355,10530755
2011-11-29,10.846334457397461,7569908
2011-11-30,11.43492317199707,12900594
2011-12-01,11.346463203430176,7016314
2011-12-02,11.543794631958008,8129176
2011-12-05,11.826181411743164,7295425
2011-12-06,11.671379089355469,5444942
2011-12-07,11.574414253234863,6009429
2011-12-08,11.164444923400879,8337187
2011-12-09,11.62204647064209,8094401
2011-12-12,11.247800827026367,6852844
2011-12-13,11.110010147094727,7098272
2011-12-14,10.76978588104248,7502737
2011-12-15,10.941596984863281,7000532
2011-12-16,10.810611724853516,15495492
2011-12-19,10.664315223693848,5839230
2011-12-20,11.29202938079834,8070070
2011-12-21,11.475748062133789,7105587
2011-12-22,11.61353588104248,4625746
2011-12-23,11.700296401977539,3091618
2011-12-27,11.7088041305542,1784428
2011-12-28,11.251203536987305,4419756
2011-12-29,11.404302597045898,3267008
2011-12-30,11.54039192199707,2854902
2012-01-02,12.032015800476074,5342994
2012-01-03,12.476006507873535,7669522
2012-01-04,12.372239112854004,4823739
2012-01-05,12.550857543945312,7406550
2012-01-06,12.407959938049316,5826257
2012-01-09,12.496419906616211,6208823
2012-01-10,13.01696491241455,8360416
2012-01-11,13.001652717590332,5815166
2012-01-12,12.986346244812012,5941531
2012-01-13,12.91829776763916,7147662
2012-01-16,13.386109352111816,7589303
2012-01-17,13.896440505981445,10961021
2012-01-18,14.073358535766602,8416215
2012-01-19,14.098878860473633,7932381
2012-01-20,14.274089813232422,10555309
2012-01-23,14.182228088378906,7591189
2012-01-24,14.081864356994629,5972834
2012-01-25,14.279192924499512,6429581
2012-01-26,14.758910179138184,7707398
2012-01-27,14.52756118774414,6765967
2012-01-30,14.406777381896973,5539089
2012-01-31,14.37275505065918,6145183
2012-02-01,14.918816566467285,7857212
2012-02-02,15.00217056274414,6276079
2012-02-03,15.464873313903809,7724363
2012-02-06,15.469978332519531,5285975
2012-02-07,15.18588638305664,5831734
2012-02-08,15.180787086486816,6837351
2012-02-09,15.881648063659668,12545214
2012-02-10,15.771076202392578,7761451
2012-02-13,16.00752830505371,5384347
2012-02-14,15.976913452148438,5342595
2012-02-15,15.854429244995117,6628862
2012-02-16,15.760871887207031,7668385
2012-02-17,16.257593154907227,7568293
2012-02-20,16.466833114624023,4955662
2012-02-21,16.322235107421875,5191222
2012-02-22,16.279708862304688,5321933
2012-02-23,15.966705322265625,7792026
2012-02-24,16.14192008972168,4663046
2012-02-27,15.679217338562012,8990968
2012-02-28,15.670706748962402,6476643
2012-02-29,15.44446086883545,7882908
2012-03-01,15.645191192626953,8156048
2012-03-02,15.731948852539062,4789777
2012-03-05,15.65029239654541,6040334
2012-03-06,14.825252532958984,9693505
2012-03-07,14.981755256652832,5695520
2012-03-08,15.709834098815918,9428371
2012-03-09,15.970108032226562,5768338
2012-03-12,16.218467712402344,5215791
2012-03-13,16.235483169555664,6625382
2012-03-14,16.41920280456543,8110070
2012-03-15,16.482145309448242,5983165
2012-03-16,16.068769454956055,17243763
2012-03-19,16.029645919799805,4604369
2012-03-20,15.325380325317383,11227364
2012-03-21,15.384922981262207,6992137
2012-03-22,15.24031925201416,8098642
2012-03-23,15.476785659790039,5834043
2012-03-26,15.871440887451172,6137884
2012-03-27,15.91737174987793,6071372
2012-03-28,15.575447082519531,4974826
2012-03-29,15.060007095336914,10001431
2012-03-30,15.38152027130127,7280983
2012-04-02,15.699627876281738,7585522
2012-04-03,15.570342063903809,6479760
2012-04-04,15.20970630645752,12318167
2012-04-05,15.497206687927246,8203053
2012-04-10,14.759502410888672,8840321
2012-04-11,14.936697006225586,7035627
2012-04-12,15.104846000671387,7407715
2012-04-13,14.571457862854004,8097852
2012-04-16,14.770350456237793,5780741
2012-04-17,15.352555274963379,7127282
2012-04-18,15.198870658874512,4844790
2012-04-19,14.772159576416016,11297823
2012-04-20,14.909574508666992,8110049
2012-04-23,14.28396987915039,7158919
2012-04-24,14.564228057861328,5802291
2012-04-25,14.942119598388672,5748488
2012-04-26,15.426691055297852,10513460
2012-04-27,15.215140342712402,9008163
2012-04-30,15.103041648864746,4332532
2012-05-02,14.96020221710205,5409096
2012-05-03,14.72153091430664,6641626
2012-05-04,14.20622444152832,7321017
2012-05-07,14.233345031738281,5448783
2012-05-08,13.831948280334473,5718949
2012-05-09,13.868109703063965,6539726
2012-05-10,13.87353515625,7480478
2012-05-11,14.186334609985352,5744553
2012-05-14,13.927777290344238,4970823
2012-05-15,13.716231346130371,5743306
2012-05-16,13.793978691101074,7351365
2012-05-17,13.605935096740723,3666957
2012-05-18,13.39438533782959,8642749
2012-05-21,13.448630332946777,5547443
2012-05-22,13.871724128723145,6127449
2012-05-23,13.708996772766113,7408365
2012-05-24,13.775897026062012,7360511
2012-05-25,13.759622573852539,5724803
2012-05-28,13.687297821044922,3019950
2012-05-29,14.079658508300781,5965163
2012-05-30,13.721654891967773,7722083
2012-05-31,13.535417556762695,7539576
2012-06-01,12.8447265625,12852224
2012-06-04,12.602442741394043,6175066
2012-06-05,12.562662124633789,4816585
2012-06-06,12.783249855041504,7737831
2012-06-07,12.824837684631348,7512710
2012-06-08,12.772401809692383,4947273
2012-06-11,12.738045692443848,6706207
2012-06-12,12.656684875488281,6028196
2012-06-13,12.390893936157227,8286623
2012-06-14,12.148608207702637,9688076
2012-06-15,12.30591106414795,15874688
2012-06-18,12.562662124633789,7732034
2012-06-19,12.799524307250977,5756423
2012-06-20,12.851958274841309,4071523
2012-06-21,12.681997299194336,6622906
2012-06-22,12.604251861572266,7164649
2012-06-25,12.249861717224121,5348363
2012-06-26,12.078092575073242,6243625
2012-06-27,12.24262809753418,5814579
2012-06-28,12.228164672851562,7481870
2012-06-29,12.781441688537598,8496297
2012-07-02,13.105093002319336,6903370
2012-07-03,13.401618957519531,5571757
2012-07-04,13.385345458984375,4482056
2012-07-05,13.21538257598877,7534818
2012-07-06,12.777825355529785,6092537
2012-07-09,12.76517105102539,4243461
2012-07-10,12.877272605895996,4659363
2012-07-11,12.772401809692383,5512332
2012-07-12,12.73985767364502,5993963
2012-07-13,13.161144256591797,6552270
2012-07-16,13.222617149353027,3570257
2012-07-17,13.224428176879883,4005322
2012-07-18,13.560734748840332,4407236
2012-07-19,13.761433601379395,6826080
2012-07-20,13.569772720336914,10339360
2012-07-23,13.177416801452637,6006838
2012-07-24,13.065314292907715,5598210
2012-07-25,13.602319717407227,10030206
2012-07-26,13.83013916015625,10480125
2012-07-27,14.220688819885254,6404291
2012-07-30,14.497325897216797,6069542
2012-07-31,14.72153091430664,7012721
2012-08-01,14.5226411819458,4491636
2012-08-02,14.108586311340332,8760330
2012-08-03,14.622084617614746,6957003
2012-08-06,14.869795799255371,4719232
2012-08-07,15.11750602722168,5883676
2012-08-08,15.02890682220459,4396586
2012-08-09,14.95116138458252,4413917
2012-08-10,14.958395004272461,3356519
2012-08-13,14.764927864074707,3377834
2012-08-14,14.878833770751953,3440701
2012-08-15,14.734186172485352,3717788
2012-08-16,14.73599624633789,4170347
2012-08-17,15.121119499206543,7391767
2012-08-20,15.15185832977295,3546660
2012-08-21,15.251304626464844,3261493
2012-08-22,15.083148956298828,3112997
2012-08-23,14.895111083984375,4608759
2012-08-24,14.819169044494629,4208302
2012-08-27,15.02890682220459,1931172
2012-08-28,14.98370361328125,2725246
2012-08-29,14.94935131072998,3137891
2012-08-30,14.123052597045898,9151223
2012-08-31,14.10316276550293,7044682
2012-09-03,13.960326194763184,4849881
2012-09-04,13.658368110656738,4909986
2012-09-05,13.640289306640625,5515319
2012-09-06,14.20803165435791,8577472
2012-09-07,14.139320373535156,7274192
2012-09-10,14.019989013671875,5298228
2012-09-11,14.231539726257324,6548604
2012-09-12,14.170062065124512,7389491
2012-09-13,14.088699340820312,5626317
2012-09-14,14.5081787109375,10683655
2012-09-17,14.39245891571045,6022106
2012-09-18,14.171869277954102,6929647
2012-09-19,14.477437019348145,6021388
2012-09-20,14.184523582458496,12355762
2012-09-21,14.538914680480957,20413843
2012-09-24,14.500945091247559,5701387
2012-09-25,14.269508361816406,7226463
2012-09-26,13.79759407043457,8729143
2012-09-27,13.745160102844238,7770307
2012-09-28,13.620401382446289,5855821
2012-10-01,13.721654891967773,6049499
2012-10-02,13.611360549926758,4469158
2012-10-04,13.924159049987793,5898549
2012-10-05,14.202608108520508,5683531
2012-10-08,13.84099006652832,4708913
2012-10-09,13.661986351013184,4948652
2012-10-10,13.69091510772705,4950725
2012-10-11,13.795785903930664,5702657
2012-10-12,13.756007194519043,4225803
2012-10-15,13.801210403442383,4293988
2012-10-16,13.862686157226562,5565905
2012-10-17,13.972980499267578,4300324
2012-10-18,14.305669784545898,7780592
2012-10-19,14.14294147491455,7838195
2012-10-22,13.956707954406738,4233313
2012-10-23,13.669219970703125,5879870
2012-10-24,13.676453590393066,7919309
2012-10-25,13.303982734680176,14890423
2012-10-26,13.267821311950684,6521704
2012-10-29,13.027344703674316,4542990
2012-10-30,13.148487091064453,4528184
2012-10-31,13.027344703674316,6935941
2012-11-01,13.200922012329102,4954568
2012-11-02,13.410662651062012,5626999
2012-11-05,13.352800369262695,3813423
2012-11-06,13.517338752746582,5181786
2012-11-07,13.238889694213867,6856470
2012-11-08,13.018304824829102,7007380
2012-11-09,13.077973365783691,6433308
2012-11-12,13.021920204162598,3040784
2012-11-13,13.068929672241211,5571323
2012-11-14,12.92428207397461,4728174
2012-11-15,12.882697105407715,4653767
2012-11-16,12.795902252197266,7159941
2012-11-19,13.126789093017578,7894426
2012-11-20,13.130404472351074,4399199
2012-11-21,13.228042602539062,5262792
2012-11-22,13.267821311950684,4676548
2012-11-23,13.39077091217041,4349974
2012-11-26,13.378113746643066,3630155
2012-11-27,13.387155532836914,2902879
2012-11-28,13.435975074768066,4160345
2012-11-29,13.622206687927246,6282381
2012-11-30,13.734309196472168,5949427
2012-12-03,13.757811546325684,4777656
2012-12-04,13.806632995605469,3895304
2012-12-05,13.813864707946777,4552790
2012-12-06,13.976598739624023,6660013
2012-12-07,14.030838966369629,4529719
2012-12-10,14.059767723083496,3375869
2012-12-11,14.264081001281738,4604277
2012-12-12,14.41235065460205,5397680
2012-12-13,14.345446586608887,5558451
2012-12-14,14.707066535949707,6870045
2012-12-17,14.947543144226074,5547679
2012-12-18,15.095809936523438,4813417
2012-12-19,14.913191795349121,6671771
2012-12-20,14.924041748046875,3307160
2012-12-21,15.02890682220459,9031654
2012-12-27,15.101232528686523,2943314
2012-12-28,14.942119598388672,2068171
2013-01-02,15.40499210357666,5675972
2013-01-03,15.352555274963379,2816535
2013-01-04,15.415839195251465,3893348
2013-01-07,15.571338653564453,6215239
2013-01-08,15.368831634521484,4050047
2013-01-09,15.442964553833008,4427094
2013-01-10,15.509862899780273,4216595
2013-01-11,15.582183837890625,3726435
2013-01-14,15.786499977111816,4603933
2013-01-15,15.83350944519043,5522565
2013-01-16,15.808197021484375,3308635
2013-01-17,15.869670867919922,4219505
2013-01-18,15.674399375915527,5493772
2013-01-21,15.620157241821289,3371459
2013-01-22,15.553255081176758,4002649
2013-01-23,15.605691909790039,3300397
2013-01-24,15.641852378845215,3208318
2013-01-25,15.840744018554688,4258566
2013-01-28,15.89317798614502,3494906
2013-01-29,15.929341316223145,4448977
2013-01-30,15.746721267700195,3874950
2013-01-31,15.504436492919922,6211390
2013-02-01,15.71236801147461,4344224
2013-02-04,15.3109712600708,7369871
2013-02-05,15.262152671813965,5644328
2013-02-06,15.553255081176758,7342000
2013-02-07,15.985393524169922,11916067
2013-02-08,16.475385665893555,7191008
2013-02-11,16.267457962036133,4364460
2013-02-12,16.048673629760742,4804143
2013-02-13,16.345205307006836,4119900
2013-02-14,15.99624252319336,4177007
2013-02-15,15.894991874694824,4810664
2013-02-18,16.073986053466797,3151811
2013-02-19,16.356054306030273,4355380
2013-02-20,16.31989097595215,4278682
2013-02-21,15.943806648254395,5339132
2013-02-22,16.124616622924805,5575070
2013-02-25,16.40667724609375,6539809
2013-02-26,15.970929145812988,6621322
2013-02-27,16.415719985961914,4501371
2013-02-28,16.513357162475586,3750733
2013-03-01,16.5169734954834,5106693
2013-03-04,16.267457962036133,3737927
2013-03-05,16.8731689453125,6421532
2013-03-06,16.81892204284668,4717693
2013-03-07,16.498891830444336,6125781
2013-03-08,16.464540481567383,4738910
2013-03-11,16.601953506469727,3241126
2013-03-12,16.527820587158203,2980544
2013-03-13,16.48804473876953,2945700
2013-03-14,16.621843338012695,4852887
2013-03-15,16.634498596191406,10758745
2013-03-18,16.560365676879883,4595143
2013-03-19,16.164396286010742,6162038
2013-03-20,16.254796981811523,3906810
2013-03-21,15.894991874694824,6072496
2013-03-22,15.918489456176758,3395481
2013-03-25,15.927526473999023,4365373
2013-03-26,15.943806648254395,3348844
2013-03-27,15.665361404418945,5063407
2013-03-28,15.348943710327148,7739773
2013-04-02,15.596650123596191,5167116
2013-04-03,15.414031982421875,4006175
2013-04-04,15.175363540649414,6543468
2013-04-05,14.826400756835938,7878121
2013-04-08,14.844482421875,6060535
2013-04-09,14.777585983276367,6196010
2013-04-10,15.424881935119629,12093770
2013-04-11,15.904871940612793,7416956
2013-04-12,15.467304229736328,5104152
2013-04-15,15.203216552734375,5082545
2013-04-16,15.224421501159668,5592990
2013-04-17,14.929486274719238,7293070
2013-04-18,14.898652076721191,4038123
2013-04-19,14.973832130432129,6944397
2013-04-22,15.2379150390625,4745036
2013-04-23,15.768013000488281,6665335
2013-04-24,15.644644737243652,9904452
2013-04-25,15.933788299560547,5440718
2013-04-26,16.024389266967773,4510786
2013-04-29,16.124624252319336,4058953
2013-04-30,16.197874069213867,3871946
2013-05-02,16.384855270385742,5316785
2013-05-03,16.818572998046875,5806549
2013-05-06,16.710628509521484,2986781
2013-05-07,16.63351821899414,4737133
2013-05-08,16.79158592224121,3529627
2013-05-09,16.941940307617188,3106113
2013-05-10,16.936155319213867,4724234
2013-05-13,17.194456100463867,4263885
2013-05-14,17.72262954711914,6710631
2013-05-15,17.93467140197754,5408228
2013-05-16,18.191041946411133,5664091
2013-05-17,18.89077377319336,12368969
2013-05-20,19.418941497802734,5276673
2013-05-21,19.14136505126953,7524227
2013-05-22,19.158714294433594,5307465
2013-05-23,18.524524688720703,8684270
2013-05-24,18.275859832763672,5826012
2013-05-27,18.642108917236328,2401685
2013-05-28,18.886917114257812,4945359
2013-05-29,18.505245208740234,4077408
2013-05-30,18.761621475219727,3122409
2013-05-31,19.048837661743164,7925077
2013-06-03,18.919687271118164,4693906
2013-06-04,18.732709884643555,4137632
2013-06-05,18.484041213989258,5269593
2013-06-06,18.233449935913086,5076234
2013-06-07,18.742347717285156,6806712
2013-06-10,18.83679962158203,3555460
2013-06-11,18.574642181396484,4831964
2013-06-12,18.183332443237305,4980464
2013-06-13,17.996353149414062,6074887
2013-06-14,18.21803092956543,4263176
2013-06-17,18.3568172454834,3303939
2013-06-18,18.189117431640625,3741414
2013-06-19,18.01177406311035,3707969
2013-06-20,17.186750411987305,10253996
2013-06-21,16.639299392700195,14998682
2013-06-24,16.772308349609375,8605378
2013-06-25,17.589624404907227,7742444
2013-06-26,17.647451400756836,5140459
2013-06-27,17.942380905151367,4109616
2013-06-28,17.92117691040039,4894213
2013-07-01,18.03490447998047,4102901
2013-07-02,18.04646873474121,3592132
2013-07-03,18.102375030517578,5564478
2013-07-04,18.921615600585938,6186149
2013-07-05,18.3201961517334,7278199
2013-07-08,18.688371658325195,3851954
2013-07-09,18.85993194580078,3842045
2013-07-10,18.79631805419922,3465492
2013-07-11,19.010284423828125,4008530
2013-07-12,20.182287216186523,13485910
2013-07-15,19.816036224365234,6131923
2013-07-16,20.151445388793945,4597314
2013-07-17,20.224695205688477,4021827
2013-07-18,20.560102462768555,4279559
2013-07-19,20.544681549072266,7036082
2013-07-22,20.37119483947754,3133824
2013-07-23,20.301795959472656,2747152
2013-07-24,20.59480094909668,6362304
2013-07-25,20.62949562072754,4803415
2013-07-26,20.16301155090332,4505836
2013-07-29,20.297943115234375,3254228
2013-07-30,20.432878494262695,3002270
2013-07-31,20.132165908813477,3929674
2013-08-01,20.571664810180664,4637195
2013-08-02,20.64105987548828,2650827
2013-08-05,20.73744010925293,1930124
2013-08-06,20.829967498779297,5125799
2013-08-07,20.722023010253906,3163028
2013-08-08,20.89936637878418,3124344
2013-08-09,20.918638229370117,2595553
2013-08-12,20.860811233520508,2757020
2013-08-13,21.08827018737793,2881039
2013-08-14,21.388978958129883,3792027
2013-08-15,21.169231414794922,2530542
2013-08-16,21.34272003173828,3387252
2013-08-19,21.265613555908203,2148361
2013-08-20,21.045866012573242,4040928
2013-08-21,21.08827018737793,2057058
2013-08-22,21.450664520263672,3036479
2013-08-23,21.493070602416992,2404102
2013-08-26,21.41211700439453,1489644
2013-08-27,20.39046859741211,6649228
2013-08-28,19.96639060974121,6267981
2013-08-29,20.34035301208496,2927342
2013-08-30,20.016510009765625,3461347
2013-09-02,20.463720321655273,2517595
2013-09-03,20.328786849975586,3493380
2013-09-04,20.54853630065918,3562601
2013-09-05,20.84539222717285,3552982
2013-09-06,21.034297943115234,4009254
2013-09-09,21.10369110107422,2238790
2013-09-10,21.65499496459961,4561614
2013-09-11,21.901731491088867,4006576
2013-09-12,21.805349349975586,3059683
2013-09-13,22.048233032226562,3253638
2013-09-16,22.21786117553711,3288537
2013-09-17,21.96341896057129,3087832
2013-09-18,22.071361541748047,2595512
2013-09-19,22.526281356811523,5116579
2013-09-20,22.29111099243164,11833504
2013-09-23,22.144609451293945,5022730
2013-09-24,22.360509872436523,3602684
2013-09-25,22.294965744018555,2895125
2013-09-26,22.256420135498047,2914883
2013-09-27,22.360509872436523,2678807
2013-09-30,22.214008331298828,3562658
2013-10-01,22.360509872436523,4562536
2013-10-02,22.140758514404297,3255532
2013-10-04,22.360509872436523,4370266
2013-10-07,22.202444076538086,2484853
2013-10-08,22.260265350341797,2938325
2013-10-09,22.106056213378906,2746877
2013-10-10,22.43761444091797,4567797
2013-10-11,22.483875274658203,2753899
2013-10-14,22.43761444091797,2054151
2013-10-15,22.919517517089844,4388860
2013-10-16,22.80385971069336,4220042
2013-10-17,22.5378475189209,3555950
2013-10-18,22.476163864135742,8931551
2013-10-21,22.433752059936523,2616355
2013-10-22,22.40677261352539,4129929
2013-10-23,22.50314712524414,3256387
2013-10-24,23.254928588867188,8173759
2013-10-25,23.12770652770996,3462621
2013-10-28,22.780731201171875,3501191
2013-10-29,23.04288673400879,3089979
2013-10-30,22.900243759155273,3400111
2013-10-31,23.30118751525879,4522495
2013-11-01,23.150835037231445,2539751
2013-11-04,23.066017150878906,2749199
2013-11-05,22.88096809387207,3714323
2013-11-06,22.946508407592773,2777215
2013-11-07,23.243364334106445,5477919
2013-11-08,22.927227020263672,4516257
2013-11-11,22.765308380126953,3045075
2013-11-12,22.738323211669922,2748941
2013-11-13,22.387493133544922,3910803
2013-11-14,22.738323211669922,3098753
2013-11-15,22.618810653686523,4480980
2013-11-18,23.039031982421875,3263578
2013-11-19,22.965782165527344,2736780
2013-11-20,22.99277114868164,2735005
2013-11-21,22.988914489746094,1775956
2013-11-22,23.18167495727539,2571915
2013-11-25,23.37058448791504,3261564
2013-11-26,23.343597412109375,3275830
2013-11-27,23.559492111206055,2388477
2013-11-28,23.532506942749023,1848313
2013-11-29,23.517086029052734,2628476
2013-12-02,23.601900100708008,2727385
2013-12-03,23.10071563720703,4142518
2013-12-04,22.877113342285156,4518171
2013-12-05,22.476163864135742,3825181
2013-12-06,22.8616886138916,3675672
2013-12-09,22.99277114868164,2695615
2013-12-10,22.738323211669922,3316477
2013-12-11,22.80385971069336,3340816
2013-12-12,22.699769973754883,3900399
2013-12-13,22.634231567382812,2668692
2013-12-16,22.973493576049805,4156173
2013-12-17,22.80385971069336,3296662
2013-12-18,22.9812068939209,3550011
2013-12-19,23.46311378479004,5715127
2013-12-20,23.798524856567383,9348687
2013-12-23,24.018274307250977,2576196
2013-12-27,24.34596824645996,2563810
2013-12-30,24.24958610534668,1794015
2014-01-02,23.767677307128906,4223204
2014-01-03,23.798524856567383,2951003
2014-01-06,23.72526741027832,2615652
2014-01-07,24.056821823120117,2917977
2014-01-08,23.98357582092285,2885136
2014-01-09,23.9604434967041,4521219
2014-01-10,23.945018768310547,3570333
2014-01-13,24.238018035888672,3109802
2014-01-14,24.531017303466797,3515046
2014-01-15,25.251953125,5679255
2014-01-16,25.267372131347656,3255976
2014-01-17,25.479412078857422,6048790
2014-01-20,25.43315315246582,2081982
2014-01-21,25.27893829345703,3315596
2014-01-22,25.44086265563965,3076602
2014-01-23,25.1594295501709,4460600
2014-01-24,24.22259521484375,6789132
2014-01-27,24.029834747314453,5167990
2014-01-28,24.22259521484375,4092720
2014-01-29,23.821653366088867,7210630
2014-01-30,24.095373153686523,4220704
2014-01-31,23.952730178833008,6561068
2014-02-03,23.397567749023438,4966892
2014-02-04,23.397567749023438,6165513
2014-02-05,23.470821380615234,6076501
2014-02-06,24.087665557861328,10204050
2014-02-07,24.49632453918457,5957447
2014-02-10,24.3652400970459,3161333
2014-02-11,25.263519287109375,5821283
2014-02-12,25.618202209472656,5439262
2014-02-13,25.695308685302734,4301915
2014-02-14,25.834096908569336,3972125
2014-02-17,25.733856201171875,2225996
2014-02-18,25.699161529541016,2956022
2014-02-19,25.521820068359375,3064525
2014-02-20,25.548803329467773,4034353
2014-02-21,25.880359649658203,3951003
2014-02-24,26.09625816345215,4610259
2014-02-25,25.895782470703125,3648568
2014-02-26,25.965177536010742,2791733
2014-02-27,25.845659255981445,3950494
2014-02-28,26.030712127685547,3664049
2014-03-03,25.20182991027832,5617619
2014-03-04,26.2311954498291,5499767
2014-03-05,26.57430648803711,5367486
2014-03-06,26.65141487121582,3343365
2014-03-07,25.9998722076416,4928269
2014-03-10,25.65289878845215,3953054
2014-03-11,26.01144027709961,3521951
2014-03-12,25.50640296936035,4525237
2014-03-13,24.951242446899414,4587452
2014-03-14,24.831724166870117,7007517
2014-03-17,25.24810028076172,3697439
2014-03-18,25.43315315246582,4906590
2014-03-19,25.42158317565918,4519548
2014-03-20,25.390737533569336,4705869
2014-03-21,25.410015106201172,12185945
2014-03-24,24.89341163635254,3716833
2014-03-25,25.232675552368164,3810683
2014-03-26,25.94975471496582,4468653
2014-03-27,25.872648239135742,4837210
2014-03-28,26.53575325012207,4811592
2014-03-31,26.443227767944336,3438699
2014-04-01,26.89043617248535,3536831
2014-04-02,26.790205001831055,3099175
2014-04-03,26.90971565246582,3849268
2014-04-04,27.42632293701172,4871235
2014-04-07,26.96368980407715,4765005
2014-04-08,26.948272705078125,5028042
2014-04-09,27.15260124206543,6657800
2014-04-10,26.97825050354004,6727504
2014-04-11,26.52120018005371,5489158
2014-04-14,26.549264907836914,4500512
2014-04-15,25.655202865600586,5334331
2014-04-16,26.188426971435547,4437479
2014-04-17,26.97825050354004,5435261
2014-04-22,27.55157470703125,3869499
2014-04-23,27.20277214050293,3160056
2014-04-24,27.162677764892578,3919115
2014-04-25,26.57732391357422,3249745
2014-04-28,26.857975006103516,2720810
2014-04-29,27.1787166595459,3480005
2014-04-30,26.75373649597168,5895110
2014-05-02,26.557281494140625,4318070
2014-05-05,26.420969009399414,2687303
2014-05-06,26.124284744262695,3835386
2014-05-07,25.979955673217773,4090118
2014-05-08,26.060136795043945,4967168
2014-05-09,25.867691040039062,3944512
2014-05-12,26.172395706176758,3998966
2014-05-13,26.653501510620117,5023492
2014-05-14,26.757747650146484,3079188
2014-05-15,26.461057662963867,4972437
2014-05-16,26.144330978393555,4897612
2014-05-19,26.469078063964844,3430075
2014-05-20,26.64548683166504,2583044
2014-05-21,26.9221248626709,2747559
2014-05-22,27.070465087890625,2763760
2014-05-23,27.319040298461914,2492058
2014-05-26,27.908397674560547,2965937
2014-05-27,27.888351440429688,3153161
2014-05-28,27.78010368347168,2693940
2014-05-29,27.9244384765625,1714275
2014-05-30,27.944482803344727,3592922
2014-06-02,27.79212760925293,2759788
2014-06-03,27.93646240234375,2880702
2014-06-04,27.788127899169922,3117640
2014-06-05,28.189044952392578,5463058
2014-06-06,28.16098403930664,3453495
2014-06-09,28.100847244262695,1844545
2014-06-10,28.096832275390625,2787457
2014-06-11,27.92844581604004,2822267
2014-06-12,27.86029052734375,2456871
2014-06-13,27.711944580078125,4359747
2014-06-16,27.683883666992188,2483025
2014-06-17,27.9244384765625,3331620
2014-06-18,27.91240692138672,3071618
2014-06-19,28.10485076904297,3909778
2014-06-20,28.096832275390625,8815292
2014-06-23,27.8482608795166,2445721
2014-06-24,27.67987632751465,2809594
2014-06-25,27.54756736755371,2998377
2014-06-26,27.319040298461914,3232790
2014-06-27,27.395221710205078,2079781
2014-06-30,27.42327880859375,2842321
2014-07-01,27.740009307861328,2754672
2014-07-02,27.952503204345703,3148764
2014-07-03,28.241168975830078,3274265
2014-07-04,28.241168975830078,2038032
2014-07-07,27.77609634399414,2612724
2014-07-08,27.323047637939453,3545168
2014-07-09,27.327056884765625,3076291
2014-07-10,26.882028579711914,3755583
2014-07-11,26.733688354492188,3526642
2014-07-14,27.106552124023438,2858777
2014-07-15,26.974246978759766,2662589
2014-07-16,27.170692443847656,3454410
2014-07-17,26.68558120727539,3100049
2014-07-18,26.22050666809082,8333212
2014-07-21,25.995986938476562,3371370
2014-07-22,26.49713897705078,4394740
2014-07-23,26.292673110961914,5857561
2014-07-24,26.58133316040039,3564472
2014-07-25,26.120271682739258,3708145
2014-07-28,25.290355682373047,7564232
2014-07-29,25.615108489990234,5131563
2014-07-30,25.28635025024414,3203136
2014-07-31,24.809249877929688,6111786
2014-08-01,24.396291732788086,7902296
2014-08-04,24.524585723876953,4933424
2014-08-05,24.227909088134766,4034843
2014-08-06,23.98334312438965,5660386
2014-08-07,23.634538650512695,4468900
2014-08-08,23.76283073425293,5849414
2014-08-11,24.340167999267578,4535238
2014-08-12,23.995370864868164,3328962
2014-08-13,24.320117950439453,3203427
2014-08-14,24.4844970703125,3078554
2014-08-15,23.93924331665039,5508748
2014-08-18,24.45242691040039,3185262
2014-08-19,24.69698715209961,2630168
2014-08-20,24.58873748779297,2593483
2014-08-21,24.93754005432129,2722553
2014-08-22,24.717037200927734,3433239
2014-08-25,25.210174560546875,2781804
2014-08-26,25.454736709594727,2933237
2014-08-27,25.31842041015625,2952249
2014-08-28,24.9215087890625,3932200
2014-08-29,24.953584671020508,3480813
2014-09-01,24.809249877929688,1807685
2014-09-02,24.785194396972656,2333815
2014-09-03,25.21819305419922,4604476
2014-09-04,25.7153377532959,6264843
2014-09-05,26.128293991088867,5302167
2014-09-08,26.03607940673828,2469223
2014-09-09,25.8436336517334,2747890
2014-09-10,25.53491973876953,4662078
2014-09-11,25.342477798461914,4283161
2014-09-12,25.238237380981445,2636767
2014-09-15,25.282337188720703,2531546
2014-09-16,25.26630401611328,2515143
2014-09-17,25.342477798461914,2927380
2014-09-18,25.607086181640625,3497996
2014-09-19,25.558979034423828,8065944
2014-09-22,25.15003776550293,3165367
2014-09-23,24.516572952270508,6011022
2014-09-24,24.66892433166504,3911121
2014-09-25,24.38426399230957,4526948
2014-09-26,24.468460083007812,3851029
2014-09-29,24.27201271057129,3217881
2014-09-30,24.348182678222656,5894644
2014-10-01,24.15574073791504,4074768
2014-10-02,23.73877716064453,6101256
2014-10-06,23.65458106994629,5876045
2014-10-07,23.41402816772461,6584455
2014-10-08,23.189512252807617,5823446
2014-10-09,23.137388229370117,5149695
2014-10-10,22.4558162689209,8013823
2014-10-13,22.732458114624023,5196570
2014-10-14,23.570384979248047,10977779
2014-10-15,22.880796432495117,8374234
2014-10-16,23.245637893676758,10064952
2014-10-17,23.794906616210938,9755783
2014-10-20,23.40199851989746,5054964
2014-10-21,23.794906616210938,5398734
2014-10-22,23.967304229736328,5107228
2014-10-23,24.207862854003906,5879689
2014-10-24,24.127674102783203,4814464
2014-10-27,23.85103988647461,4103533
2014-10-28,24.215879440307617,3529061
2014-10-29,24.25597381591797,3426208
2014-10-30,24.300071716308594,4991541
2014-10-31,24.8693904876709,6223532
2014-11-03,24.76113510131836,3005706
2014-11-04,24.520584106445312,3608042
2014-11-05,25.05782127380371,4031471
2014-11-06,25.246253967285156,5017123
2014-11-07,25.001691818237305,4301999
2014-11-10,25.206161499023438,2682335
2014-11-11,25.02174186706543,3246817
2014-11-12,24.45643424987793,4638703
2014-11-13,24.520584106445312,2872211
2014-11-14,24.504545211791992,3435257
2014-11-17,24.600767135620117,3325254
2014-11-18,25.07786750793457,3796791
2014-11-19,25.154041290283203,2952528
2014-11-20,25.222204208374023,3467658
2014-11-21,25.883724212646484,8809006
2014-11-24,26.216495513916016,4616580
2014-11-25,26.545255661010742,4775631
2014-11-26,26.61741828918457,3804179
2014-11-27,26.90608787536621,3138127
2014-11-28,27.18272590637207,4122976
2014-12-01,27.2548885345459,3359185
2014-12-02,27.198759078979492,3360316
2014-12-03,27.34709930419922,3468504
2014-12-04,27.09051513671875,6972440
2014-12-05,28.064760208129883,5703464
2014-12-08,27.687891006469727,2963192
2014-12-09,27.250885009765625,5473747
2014-12-10,27.27895164489746,3801264
2014-12-11,27.387197494506836,5847807
2014-12-12,26.69359588623047,4576617
2014-12-15,25.89175033569336,5919281
2014-12-16,26.91811752319336,9760437
2014-12-17,26.93014144897461,4927665
2014-12-18,27.647794723510742,7399721
2014-12-19,27.67987632751465,9748372
2014-12-22,27.828208923339844,3819767
2014-12-23,28.088815689086914,2596337
2014-12-29,28.08079719543457,2411136
2014-12-30,27.65180778503418,1758688
2015-01-02,27.563602447509766,3340677
2015-01-05,26.529218673706055,5442930
2015-01-06,26.70562744140625,5207271
2015-01-07,26.91411018371582,4080666
2015-01-08,28.09282684326172,6023382
2015-01-09,27.832225799560547,6455253
2015-01-12,28.465688705444336,5307722
2015-01-13,28.97486114501953,5790045
2015-01-14,28.585960388183594,5842125
2015-01-15,29.239471435546875,7425872
2015-01-16,29.820812225341797,7600995
2015-01-19,29.961139678955078,4503751
2015-01-20,30.04132652282715,5512611
2015-01-21,30.03731346130371,7078382
2015-01-22,30.9794864654541,8518271
2015-01-23,31.93769645690918,10994212
2015-01-26,32.4949836730957,5754913
2015-01-27,31.52474021911621,7378619
2015-01-28,32.03792953491211,5372473
2015-01-29,32.19028091430664,4813045
2015-01-30,32.26645278930664,5804450
2015-02-02,32.55912780761719,4903039
2015-02-03,32.936004638671875,7305549
2015-02-04,33.128448486328125,5373657
2015-02-05,33.18857955932617,7238995
2015-02-06,33.01618576049805,4076757
2015-02-09,32.330604553222656,6021755
2015-02-10,32.940006256103516,5017272
2015-02-11,33.052268981933594,2929755
2015-02-12,33.332916259765625,5344879
2015-02-13,33.352962493896484,4774465
2015-02-16,33.2086296081543,2089851
2015-02-17,33.052268981933594,3544043
2015-02-18,33.52936935424805,3027995
2015-02-19,33.70978546142578,3906769
2015-02-20,33.99043273925781,7803325
2015-02-23,34.066612243652344,3166671
2015-02-24,34.166839599609375,3541597
2015-02-25,34.0866584777832,4038765
2015-02-26,34.29914855957031,3596870
2015-02-27,34.68403625488281,5353306
2015-03-02,34.74818801879883,3969374
2015-03-03,34.31919479370117,3725742
2015-03-04,35.27740478515625,4626227
2015-03-05,35.74247360229492,4791539
2015-03-06,36.05118942260742,4000835
2015-03-09,36.13938903808594,3299946
2015-03-10,35.56206130981445,5049587
2015-03-11,36.91317367553711,5603827
2015-03-12,37.14571762084961,4950014
2015-03-13,37.326133728027344,4394639
2015-03-16,38.404624938964844,5786383
2015-03-17,36.76884078979492,8374499
2015-03-18,36.047176361083984,8207737
2015-03-19,36.18349075317383,6153251
2015-03-20,36.688663482666016,10283070
2015-03-23,35.56206130981445,5879944
2015-03-24,35.45381164550781,8973340
2015-03-25,35.12104415893555,5398178
2015-03-26,35.570072174072266,8189061
2015-03-27,35.4698486328125,5724744
2015-03-30,36.42805099487305,4685613
2015-03-31,35.97500991821289,5955255
2015-04-01,36.143402099609375,8700626
2015-04-02,36.348812103271484,5153429
2015-04-07,36.09598922729492,5217183
2015-04-08,35.61520767211914,5050906
2015-04-09,36.17887878417969,4373067
2015-04-10,36.742549896240234,4583227
2015-04-13,36.543617248535156,3086463
2015-04-14,36.02967834472656,4221923
2015-04-15,36.2037467956543,3764803
2015-04-16,35.99651336669922,4644214
2015-04-17,35.151004791259766,6846700
2015-04-20,35.90119171142578,4093327
2015-04-21,36.174739837646484,5331211
2015-04-22,36.26177978515625,5066785
2015-04-23,35.72296905517578,5220223
2015-04-24,36.12500762939453,3974045
2015-04-27,37.11558151245117,6596947
2015-04-28,36.858612060546875,7835465
2015-04-29,35.70225143432617,6930185
2015-04-30,35.7809944152832,6304400
2015-05-04,36.286643981933594,3633804
2015-05-05,35.3333740234375,5645838
2015-05-06,35.092979431152344,6205263
2015-05-07,35.3333740234375,5112929
2015-05-08,36.50216293334961,5057402
2015-05-11,36.498023986816406,2878022
2015-05-12,35.51158905029297,4737746
2015-05-13,34.96449279785156,4256240
2015-05-14,35.880462646484375,3694564
2015-05-15,35.242191314697266,5446624
2015-05-18,35.83902359008789,3605772
2015-05-19,37.04096984863281,6970958
2015-05-20,37.18190383911133,3294705
2015-05-21,37.28965759277344,2884317
2015-05-22,37.1777458190918,2952423
2015-05-26,36.66381072998047,4498138
2015-05-27,36.97465896606445,4281845
2015-05-28,36.299076080322266,3931315
2015-05-29,35.34580612182617,5393062
2015-06-01,35.53645706176758,3914611
2015-06-02,34.67436218261719,5590116
2015-06-03,34.73239517211914,5477386
2015-06-04,34.37594985961914,5698377
2015-06-05,33.92417907714844,4713631
2015-06-08,33.273460388183594,4644978
2015-06-09,33.509708404541016,5473614
2015-06-10,34.6121940612793,5612132
2015-06-11,35.07225799560547,6216041
2015-06-12,34.87745666503906,5143782
2015-06-15,34.0899658203125,4312728
2015-06-16,34.31792068481445,4781083
2015-06-17,33.808128356933594,4318204
2015-06-18,33.84543228149414,6100864
2015-06-19,33.820560455322266,12231533
2015-06-22,35.42869567871094,7096403
2015-06-23,35.950927734375,5375703
2015-06-24,35.58205032348633,5053824
2015-06-25,35.772705078125,3016040
2015-06-26,35.89704895019531,3515770
2015-06-29,34.32207107543945,7477207
2015-06-30,33.83713912963867,8439987
2015-07-01,34.85672378540039,6856501
2015-07-02,34.39252471923828,3451404
2015-07-03,34.29719543457031,3203117
2015-07-06,33.998783111572266,5511371
2015-07-07,33.02063751220703,6338575
2015-07-08,32.79682922363281,7826409
2015-07-09,33.5677375793457,4429878
2015-07-10,34.36766052246094,5683395
2015-07-13,34.620487213134766,5859292
2015-07-14,34.53759002685547,4416250
2015-07-15,34.52101135253906,3462894
2015-07-16,35.26290512084961,5311786
2015-07-17,34.99765396118164,4587643
2015-07-20,35.24633026123047,3396918
2015-07-21,35.25876998901367,3811237
2015-07-22,34.92304611206055,3777919
2015-07-23,34.6992301940918,7641047
2015-07-24,33.94075393676758,5273530
2015-07-27,33.06623077392578,5251176
2015-07-28,33.509708404541016,5392595
2015-07-29,33.605037689208984,4083922
2015-07-30,33.43510437011719,4018292
2015-07-31,33.7335205078125,5550961
2015-08-03,34.03608322143555,3670967
2015-08-04,34.15213394165039,3132298
2015-08-05,35.05982208251953,4713913
2015-08-06,34.7987060546875,2910485
2015-08-07,34.73239517211914,3606921
2015-08-10,34.927188873291016,2110546
2015-08-11,33.12839889526367,8367561
2015-08-12,31.516124725341797,10275748
2015-08-13,31.914012908935547,5543769
2015-08-14,31.89743423461914,3717681
2015-08-17,31.640466690063477,4335806
2015-08-18,31.41665267944336,3316726
2015-08-19,30.600147247314453,5341980
2015-08-20,30.024032592773438,6522783
2015-08-21,29.166086196899414,10312413
2015-08-24,27.802490234375,16656425
2015-08-25,29.410625457763672,11831847
2015-08-26,29.070764541625977,6580743
2015-08-27,30.135942459106445,6347636
2015-08-28,30.028186798095703,4549055
2015-08-31,29.70075225830078,3312369
2015-09-01,28.975433349609375,5895461
2015-09-02,28.880104064941406,3627313
2015-09-03,29.874834060668945,5855153
2015-09-04,29.248985290527344,6521980
2015-09-07,29.61785888671875,2737695
2015-09-08,30.3680419921875,5068590
2015-09-09,30.753496170043945,6689925
2015-09-10,30.62915802001953,4627543
2015-09-11,30.48824119567871,3363286
2015-09-14,30.728628158569336,3992342
2015-09-15,31.138954162597656,5283809
2015-09-16,31.209421157836914,5011043
2015-09-17,31.29231071472168,4516676
2015-09-18,29.95772361755371,13542755
2015-09-21,29.530824661254883,9266282
2015-09-22,27.45848274230957,15264449
2015-09-23,27.528947830200195,10223176
2015-09-24,26.310405731201172,16623279
2015-09-25,27.238813400268555,8279782
2015-09-28,26.356000900268555,6336880
2015-09-29,26.219226837158203,5939111
2015-09-30,26.878232955932617,6213360
2015-10-01,26.71244239807129,5256239
2015-10-02,26.766324996948242,5393985
2015-10-05,27.5330867767334,4425295
2015-10-06,28.221105575561523,5163063
2015-10-07,28.884248733520508,6195612
2015-10-08,29.240690231323242,4196967
2015-10-09,29.928709030151367,4352765
2015-10-12,30.4550838470459,4579831
2015-10-13,30.069631576538086,4809213
2015-10-14,29.642730712890625,3755257
2015-10-15,30.214693069458008,3431034
2015-10-16,29.99917221069336,4405403
2015-10-19,30.181537628173828,2650663
2015-10-20,29.97844886779785,3086400
2015-10-21,30.554555892944336,4104182
2015-10-22,31.520267486572266,7812513
2015-10-23,32.62274932861328,8355735
2015-10-26,32.4859733581543,4270890
2015-10-27,32.36992645263672,3373971
2015-10-28,32.69735336303711,3305327
2015-10-29,32.556434631347656,4288782
2015-10-30,32.73051452636719,3600027
2015-11-02,33.057945251464844,3480224
2015-11-03,32.86728286743164,3884618
2015-11-04,32.183414459228516,6509889
2015-11-05,32.36577606201172,3482078
2015-11-06,33.070377349853516,4869761
2015-11-09,32.3284797668457,3568930
2015-11-10,32.77610778808594,3125163
2015-11-11,32.46525192260742,3966473
2015-11-12,31.909866333007812,3859534
2015-11-13,31.66947364807129,3837476
2015-11-16,31.503684997558594,3068887
2015-11-17,32.22486114501953,3434602
2015-11-18,32.345054626464844,3181403
2015-11-19,32.57301712036133,4110424
2015-11-20,32.846561431884766,3699400
2015-11-23,32.72222900390625,2535410
2015-11-24,32.51498794555664,4676603
2015-11-25,32.941890716552734,3993250
2015-11-26,33.98634719848633,5931519
2015-11-27,34.1728630065918,4281413
2015-11-30,35.11784362792969,5993048
2015-12-01,34.487857818603516,4847633
2015-12-02,34.33449935913086,3558265
2015-12-03,32.50255584716797,11252125
2015-12-04,32.581302642822266,6403123
2015-12-07,33.04550552368164,3859165
2015-12-08,32.13367462158203,4895726
2015-12-09,31.951313018798828,3509749
2015-12-10,32.013484954833984,3266808
2015-12-11,30.931724548339844,5517983
2015-12-14,30.23542022705078,5060765
2015-12-15,31.29231071472168,4996576
2015-12-16,31.536848068237305,4445412
2015-12-17,32.56057357788086,6053352
2015-12-18,31.826974868774414,9938704
2015-12-21,31.29231071472168,4553104
2015-12-22,31.65289878845215,4442342
2015-12-23,32.26216506958008,2856247
2015-12-25,32.26216506958008,0
2015-12-28,32.03835678100586,1570043
2015-12-29,32.4859733581543,2297349
2015-12-30,32.1544075012207,1758494
2016-01-04,30.52139663696289,8088122
2016-01-05,30.51725196838379,4552219
2016-01-06,29.74220085144043,6214588
2016-01-07,28.598268508911133,9932350
2016-01-08,28.26254653930664,6873682
2016-01-11,28.23767852783203,5542206
2016-01-12,28.656291961669922,5288678
2016-01-13,28.283273696899414,5530010
2016-01-14,27.276119232177734,13166218
2016-01-15,26.745601654052734,9851493
2016-01-18,26.90723991394043,5581911
2016-01-19,27.16006851196289,5637857
2016-01-20,26.44718360900879,7824436
2016-01-21,27.197368621826172,7692518
2016-01-22,27.450197219848633,6438027
2016-01-25,26.981843948364258,5632904
2016-01-26,26.977703094482422,6584846
2016-01-27,27.325851440429688,4133188
2016-01-28,26.4803409576416,6187534
2016-01-29,26.59224510192871,6188018
2016-02-01,26.418167114257812,4861678
2016-02-02,26.04100227355957,6672835
2016-02-03,26.099027633666992,10061187
2016-02-04,25.257658004760742,15844597
2016-02-05,25.402725219726562,9210017
2016-02-08,24.602798461914062,8408419
2016-02-09,24.515762329101562,9033710
2016-02-10,24.577930450439453,7668881
2016-02-11,24.38313102722168,8793610
2016-02-12,25.245223999023438,7447613
2016-02-15,26.02857208251953,5828136
2016-02-16,25.833772659301758,4366303
2016-02-17,26.882369995117188,6411455
2016-02-18,26.82434844970703,6169563
2016-02-19,26.264814376831055,6952556
2016-02-22,26.687570571899414,4100329
2016-02-23,26.049297332763672,5181154
2016-02-24,24.98410987854004,7172971
2016-02-25,25.187198638916016,5703304
2016-02-26,25.96639633178711,6399597
2016-02-29,26.15290641784668,5055821
2016-03-01,26.81191635131836,4854410
2016-03-02,27.516508102416992,5558758
2016-03-03,27.624271392822266,4142623
2016-03-04,27.893674850463867,5255197
2016-03-07,27.761043548583984,3197767
2016-03-08,26.961122512817383,6467576
2016-03-09,27.05645179748535,6570023
2016-03-10,25.929096221923828,11149380
2016-03-11,26.977703094482422,4951052
2016-03-14,27.47092056274414,5601604
2016-03-15,27.5330867767334,4626121
2016-03-16,28.038738250732422,6191136
2016-03-17,27.61598014831543,6218706
2016-03-18,27.881237030029297,14664235
2016-03-21,27.63670539855957,4321138
2016-03-22,27.74860954284668,4690836
2016-03-23,27.88538932800293,5954212
2016-03-24,27.296838760375977,5100005
2016-03-29,27.49993324279785,4251309
2016-03-30,28.154787063598633,5191364
2016-03-31,27.922683715820312,5814953
2016-04-01,27.305130004882812,7411075
2016-04-04,27.106185913085938,5687138
2016-04-05,26.15290641784668,9355291
2016-04-06,25.90422821044922,11903764
2016-04-07,26.314254760742188,9314086
2016-04-08,26.35846710205078,5842920
2016-04-11,26.747516632080078,4565327
2016-04-12,27.101211547851562,4121814
2016-04-13,28.07384490966797,6098439
2016-04-14,28.23300552368164,3862587
2016-04-15,27.63615608215332,5830736
2016-04-18,28.078262329101562,4728791
2016-04-19,29.019956588745117,7770703
2016-04-20,29.236589431762695,5229632
2016-04-21,29.470901489257812,6117076
2016-04-22,27.96331787109375,14041602
2016-04-25,27.76879119873047,5274080
2016-04-26,27.82184600830078,4137440
2016-04-27,27.75110626220703,4307077
2016-04-28,27.843942642211914,3940926
2016-04-29,26.831518173217773,5974523
2016-05-02,27.008359909057617,2879533
2016-05-03,26.336362838745117,5725540
2016-05-04,25.942886352539062,4488637
2016-05-05,26.115306854248047,3865064
2016-05-06,26.26120376586914,4259124
2016-05-09,26.407093048095703,3855522
2016-05-10,26.570680618286133,4062336
2016-05-11,26.25235939025879,3535885
2016-05-12,25.978252410888672,3946420
2016-05-13,26.009199142456055,4264373
2016-05-17,25.531726837158203,6704333
2016-05-18,25.46540641784668,4440981
2016-05-19,25.376989364624023,4125998
2016-05-20,25.567092895507812,5412035
2016-05-23,25.164772033691406,5596871
2016-05-24,25.7174129486084,5616909
2016-05-25,26.575103759765625,5872156
2016-05-26,26.919940948486328,4475826
2016-05-27,26.827098846435547,3805692
2016-05-30,27.23383903503418,4389836
2016-05-31,27.140995025634766,4643091
2016-06-01,26.681203842163086,3757878
2016-06-02,26.796152114868164,2827346
2016-06-03,26.20815086364746,5884938
2016-06-06,26.243515014648438,2394938
2016-06-07,26.579519271850586,4088292
2016-06-08,26.354047775268555,3050459
2016-06-09,25.987098693847656,4085279
2016-06-10,25.425621032714844,5320543
2016-06-13,24.921613693237305,4607364
2016-06-14,24.33803367614746,6919701
2016-06-15,24.541400909423828,6795197
2016-06-16,24.45298194885254,5526060
2016-06-17,24.700557708740234,8046442
2016-06-20,25.7969913482666,5428145
2016-06-21,25.934043884277344,3965896
2016-06-22,26.084354400634766,4023781
2016-06-23,26.52204704284668,5083904
2016-06-24,24.34245491027832,21792458
2016-06-27,23.59528923034668,10274855
2016-06-28,23.73234748840332,6537705
2016-06-29,23.754451751708984,6037818
2016-06-30,23.661609649658203,6411863
2016-07-01,24.200979232788086,5696536
2016-07-04,23.979923248291016,3112973
2016-07-05,23.108972549438477,7053731
2016-07-06,22.97633934020996,6834585
2016-07-07,23.11339569091797,4547459
2016-07-08,23.94013786315918,5642133
2016-07-11,24.413192749023438,4371384
2016-07-12,25.48751449584961,8600147
2016-07-13,25.315092086791992,5347078
2016-07-14,25.858882904052734,5118545
2016-07-15,25.814672470092773,4263582
2016-07-18,25.7793025970459,3892398
2016-07-19,25.491933822631836,4735543
2016-07-20,25.942886352539062,4705427
2016-07-21,26.283306121826172,5721826
2016-07-22,26.309833526611328,3512417
2016-07-25,26.504358291625977,4087689
2016-07-26,26.862472534179688,4461409
2016-07-27,27.37531089782715,5644340
2016-07-28,26.66352081298828,7055687
2016-07-29,26.889001846313477,4345905
2016-08-01,26.84036636352539,3139036
2016-08-02,26.044570922851562,5559859
2016-08-03,26.239097595214844,3710752
2016-08-04,26.23467445373535,3039301
2016-08-05,26.981836318969727,4517811
2016-08-08,27.043733596801758,3387104
2016-08-09,27.795316696166992,5097255
2016-08-10,27.711315155029297,3385501
2016-08-11,27.888158798217773,3293720
2016-08-12,27.804157257080078,2813599
2016-08-15,27.985422134399414,2348604
2016-08-16,27.64057731628418,3388194
2016-08-17,27.30900001525879,3138429
2016-08-18,27.41510581970215,2078249
2016-08-19,27.149845123291016,3339096
2016-08-22,27.149845123291016,2970664
2016-08-23,27.34878921508789,2295266
2016-08-24,27.4637393951416,2372218
2016-08-25,27.043733596801758,4184955
2016-08-26,27.27804946899414,2759949
2016-08-29,27.070261001586914,2288621
2016-08-30,27.54773712158203,3436241
2016-08-31,27.4460506439209,2884387
2016-09-01,27.27804946899414,3569650
2016-09-02,27.790891647338867,3607641
2016-09-05,27.755523681640625,2158005
2016-09-06,27.981002807617188,3769284
2016-09-07,28.370054244995117,3937161
2016-09-08,28.184371948242188,4871767
2016-09-09,28.056161880493164,2915526
2016-09-12,27.587526321411133,5189464
2016-09-13,27.36204719543457,3571747
2016-09-14,27.202890396118164,4242778
2016-09-15,27.33552360534668,3932156
2016-09-16,26.70772933959961,9750556
2016-09-19,27.114471435546875,3210732
2016-09-20,27.012784957885742,2591339
2016-09-21,27.238262176513672,2709054
2016-09-22,28.03847312927246,6503564
2016-09-23,28.082687377929688,3161668
2016-09-26,27.357633590698242,4230437
2016-09-27,27.189632415771484,4187599
2016-09-28,27.43720817565918,3388514
2016-09-29,27.45488929748535,3098632
2016-09-30,27.724580764770508,5655282
2016-10-04,28.458480834960938,7438722
2016-10-05,28.595531463623047,4951266
2016-10-06,28.449636459350586,3482276
2016-10-07,28.2374267578125,4882472
2016-10-10,28.569002151489258,4144266
2016-10-11,28.476160049438477,4147264
2016-10-12,28.347949981689453,3575618
2016-10-13,27.94120979309082,4493050
2016-10-14,28.365633010864258,4478127
2016-10-17,28.2374267578125,3295464
2016-10-18,28.445219039916992,3399943
2016-10-19,28.825429916381836,4987148
2016-10-20,29.179113388061523,5918832
2016-10-21,28.569002151489258,8543730
2016-10-24,28.688371658325195,4413305
2016-10-25,28.683948516845703,3207753
2016-10-26,28.834270477294922,3646457
2016-10-27,28.935956954956055,3132706
2016-10-28,28.88732147216797,3658880
2016-10-31,28.69721794128418,3750179
2016-11-01,28.347949981689453,3467612
2016-11-02,27.60521125793457,4611827
2016-11-03,27.494686126708984,3167520
2016-11-04,27.34436798095703,3575562
2016-11-07,27.994264602661133,3489191
2016-11-08,28.179950714111328,3623570
2016-11-09,28.24626922607422,10074390
2016-11-10,28.1578426361084,6047091
2016-11-11,28.63532066345215,6473928
2016-11-14,28.683948516845703,6170880
2016-11-15,28.803321838378906,3454394
2016-11-16,28.64858627319336,3258850
2016-11-17,28.905006408691406,3819426
2016-11-18,28.851953506469727,4220326
2016-11-21,28.97574806213379,3915544
2016-11-22,28.96690559387207,3628422
2016-11-23,28.51595115661621,5398199
2016-11-24,28.55574607849121,2172610
2016-11-25,28.613216400146484,1946646
2016-11-28,28.290477752685547,2764648
2016-11-29,28.091533660888672,4245325
2016-11-30,27.746681213378906,4647574
2016-12-01,27.58310317993164,3878826
2016-12-02,27.61847496032715,3737207
2016-12-05,28.32584571838379,5271814
2016-12-06,28.511531829833984,3866720
2016-12-07,29.444381713867188,7643089
2016-12-08,30.16943359375,9309598
2016-12-09,30.195960998535156,5570254
2016-12-12,30.142906188964844,4392081
2016-12-13,30.487754821777344,5160513
2016-12-14,30.527544021606445,4587124
2016-12-15,30.996177673339844,8403311
2016-12-16,31.221647262573242,12577711
2016-12-19,31.380807876586914,3458143
2016-12-20,31.438282012939453,4287714
2016-12-21,31.500185012817383,3126733
2016-12-22,31.349864959716797,3080663
2016-12-23,31.402915954589844,2250437
2016-12-27,31.371963500976562,1304115
2016-12-28,31.332176208496094,2214651
2016-12-29,31.124387741088867,2358634
2016-12-30,31.26586151123047,2308385
2017-01-02,31.46923065185547,2399347
2017-01-03,31.875967025756836,4980484
2017-01-04,31.862707138061523,3501079
2017-01-05,31.853866577148438,3824521
2017-01-06,31.849443435668945,2558777
2017-01-09,31.822919845581055,3275069
2017-01-10,31.933448791503906,3455695
2017-01-11,32.198707580566406,4257393
2017-01-12,31.296810150146484,8285049
2017-01-13,31.53554916381836,4630368
2017-01-16,31.058073043823242,3703981
2017-01-17,31.102285385131836,4017529
2017-01-18,31.243757247924805,2483163
2017-01-19,31.24818229675293,3277998
2017-01-20,31.230497360229492,4940487
2017-01-23,31.022705078125,3198249
2017-01-24,31.46923065185547,3637717
2017-01-25,31.986495971679688,5088128
2017-01-26,31.637231826782227,4097379
2017-01-27,31.26586151123047,4131140
2017-01-30,31.14649200439453,3726508
2017-01-31,30.660173416137695,5001716
2017-02-01,30.95638656616211,4828162
2017-02-02,30.107542037963867,11046507
2017-02-03,29.908594131469727,5193876
2017-02-06,29.714061737060547,4899104
2017-02-07,29.51511001586914,4529395
2017-02-08,29.470901489257812,4465350
2017-02-09,29.74943733215332,4788317
2017-02-10,29.67427635192871,3971245
2017-02-13,30.01469612121582,3763276
2017-02-14,30.111963272094727,3445716
2017-02-15,30.08985137939453,4017262
2017-02-16,29.97048568725586,3230850
2017-02-17,29.890907287597656,4311235
2017-02-20,29.97048568725586,2240812
2017-02-21,30.381649017333984,4850973
2017-02-22,30.6778564453125,4464759
2017-02-23,30.62923240661621,3902595
2017-02-24,30.399330139160156,4874549
2017-02-27,30.39048957824707,2624666
2017-02-28,30.346275329589844,3561785
2017-03-01,30.87238883972168,5419467
2017-03-02,30.894493103027344,2545585
2017-03-03,30.934280395507812,3424541
2017-03-06,30.74417495727539,2855622
2017-03-07,30.99175453186035,4332051
2017-03-08,30.947547912597656,3269007
2017-03-09,30.934280395507812,5134634
2017-03-10,30.947547912597656,4545264
2017-03-13,31.310073852539062,5215952
2017-03-14,31.28354263305664,4320569
2017-03-15,31.380807876586914,4482287
2017-03-16,31.51786231994629,4571959
2017-03-17,31.460390090942383,7343832
2017-03-20,31.376388549804688,2631850
2017-03-21,31.19070053100586,5120402
2017-03-22,30.903331756591797,7101885
2017-03-23,31.203969955444336,4023752
2017-03-24,31.195127487182617,3692820
2017-03-27,31.15975570678711,4530182
2017-03-28,31.66817855834961,5111919
2017-03-29,31.990917205810547,8684193
2017-03-30,32.40098571777344,5968387
2017-03-31,32.340232849121094,5102842
2017-04-03,31.989721298217773,4636817
2017-04-04,31.65790557861328,5742858
2017-04-05,31.340110778808594,4359107
2017-04-06,31.368148803710938,4229139
2017-04-07,31.312068939208984,3998906
2017-04-10,31.27936363220215,2580200
2017-04-11,31.143831253051758,3821721
2017-04-12,31.227949142456055,5849430
2017-04-13,31.041015625,3664413
2017-04-18,30.634424209594727,6017185
2017-04-19,30.788652420043945,3430421
2017-04-20,30.980253219604492,3962765
2017-04-21,30.92417335510254,4856674
2017-04-24,31.67660140991211,6572865
2017-04-25,32.1065559387207,5754704
2017-04-26,32.1719856262207,5469533
2017-04-27,31.914947509765625,4562185
2017-04-28,31.966354370117188,4701459
2017-05-02,31.760723114013672,4864442
2017-05-03,31.690622329711914,3862649
2017-05-04,31.78409194946289,4358221
2017-05-05,32.022438049316406,4558991
2017-05-08,32.12992477416992,3647948
2017-05-09,32.055152893066406,3716719
2017-05-10,32.176658630371094,2857684
2017-05-11,32.12525177001953,3182915
2017-05-12,32.27946853637695,3576144
2017-05-15,32.31686019897461,2694701
2017-05-16,32.143943786621094,3389385
2017-05-17,31.896255493164062,4119671
2017-05-18,31.6485595703125,6266335
2017-05-19,31.72800636291504,4612268
2017-05-22,31.65790557861328,3681185
2017-05-23,31.400863647460938,7923032
2017-05-24,30.89146614074707,7285773
2017-05-25,30.746585845947266,3597767
2017-05-26,30.554977416992188,4027515
2017-05-29,30.58301544189453,2153825
2017-05-30,30.470853805541992,3595378
2017-05-31,30.195119857788086,5149222
2017-06-01,30.41009521484375,4840233
2017-06-02,30.76995277404785,4992511
2017-06-05,30.76995277404785,0
2017-06-06,30.62507438659668,4152477
2017-06-07,30.456829071044922,3109227
2017-06-08,30.452157974243164,3080034
2017-06-09,30.592361450195312,3175419
2017-06-12,30.67647933959961,5463482
2017-06-13,30.797990798950195,2729715
2017-06-14,30.709197998046875,4422520
2017-06-15,30.494220733642578,5058688
2017-06-16,30.470853805541992,11072329
2017-06-19,30.709197998046875,2975979
2017-06-20,30.643770217895508,2797344
2017-06-21,30.587690353393555,2966056
2017-06-22,30.606386184692383,3468074
2017-06-23,30.53628158569336,3129893
2017-06-26,30.550302505493164,3064402
2017-06-27,30.414770126342773,4218931
2017-06-28,30.330650329589844,3774001
2017-06-29,30.054912567138672,5045533
2017-06-30,29.615612030029297,6092593
2017-07-03,29.947429656982422,3615312
2017-07-04,29.956775665283203,2461259
2017-07-05,29.78852653503418,4466097
2017-07-06,29.61094093322754,5071013
2017-07-07,29.66701889038086,2765934
2017-07-10,29.61094093322754,3009181
2017-07-11,29.98014259338379,4506625
2017-07-12,30.592361450195312,5003032
2017-07-13,30.447486877441406,7141872
2017-07-14,30.31662940979004,5575121
2017-07-17,30.227832794189453,2466668
2017-07-18,29.989486694335938,4845994
2017-07-19,29.9754638671875,3185566
2017-07-20,29.863304138183594,4313608
2017-07-21,29.246408462524414,10527775
2017-07-24,28.470619201660156,12808296
2017-07-25,28.53604507446289,6733115
2017-07-26,28.321067810058594,7713604
2017-07-27,28.176189422607422,5620415
2017-07-28,27.970561981201172,6242254
2017-07-31,27.708850860595703,4975175
2017-08-01,27.970561981201172,5018144
2017-08-02,27.947193145751953,5488020
2017-08-03,27.93317222595215,3226202
2017-08-04,28.288354873657227,4871925
2017-08-07,28.232275009155273,3260819
2017-08-08,28.274333953857422,2939514
2017-08-09,28.05000877380371,4133754
2017-08-10,27.97990608215332,3917654
2017-08-11,27.947193145751953,3346426
2017-08-14,28.110761642456055,2362905
2017-08-15,28.157499313354492,2210014
2017-08-16,28.283681869506836,2352234
2017-08-17,28.23694610595703,3318650
2017-08-18,28.1855411529541,4727244
2017-08-21,28.09207534790039,3258796
2017-08-22,28.428556442260742,4776378
2017-08-23,28.4005184173584,3159699
2017-08-24,28.81178092956543,5654088
2017-08-25,29.054800033569336,5262935
2017-08-28,28.92861557006836,1877977
2017-08-29,28.751026153564453,4182176
2017-08-30,28.78373908996582,2678978
2017-08-31,28.61549949645996,3816177
2017-09-01,28.881881713867188,3658422
2017-09-04,28.900575637817383,2167549
2017-09-05,29.1716365814209,3743703
2017-09-06,30.096975326538086,9880755
2017-09-07,30.3353214263916,6843612
2017-09-08,30.29793357849121,3286362
2017-09-11,30.21381187438965,6694893
2017-09-12,30.4988956451416,4859277
2017-09-13,30.690507888793945,4047520
2017-09-14,30.765277862548828,4268884
2017-09-15,30.961565017700195,11079409
2017-09-18,31.078397750854492,2667832
2017-09-19,31.08306884765625,2258983
2017-09-20,31.11578941345215,2254354
2017-09-21,31.251317977905273,2360875
2017-09-22,31.125139236450195,3122631
2017-09-25,31.1718692779541,2219470
2017-09-26,31.19056510925293,3074725
2017-09-27,31.232622146606445,2637175
2017-09-28,31.148502349853516,2632300
2017-09-29,31.531723022460938,4969964
2017-10-02,31.601831436157227,2584111
2017-10-03,31.601831436157227,0
2017-10-04,31.98505210876465,5210689
2017-10-05,31.98505210876465,3835204
2017-10-06,32.1065559387207,2976114
2017-10-09,32.06917190551758,1914521
2017-10-10,31.770069122314453,4307123
2017-10-11,31.82147979736328,2733074
2017-10-12,31.78409194946289,2369531
2017-10-13,31.737356185913086,2174699
2017-10-16,31.957008361816406,4264966
2017-10-17,32.115901947021484,3822503
2017-10-18,32.39631271362305,3197958
2017-10-19,32.218719482421875,4015609
2017-10-20,31.94765853881836,5693807
2017-10-23,32.13459396362305,3125625
2017-10-24,32.433692932128906,4082584
2017-10-25,32.36359405517578,3485235
2017-10-26,32.69073486328125,4680724
2017-10-27,33.23285675048828,6799629
2017-10-30,33.31698226928711,2902441
2017-10-31,33.31698226928711,0
2017-11-01,34.11613464355469,6158393
2017-11-02,34.158199310302734,3294799
2017-11-03,34.23297882080078,3347425
2017-11-06,34.01799774169922,2869933
2017-11-07,33.75160598754883,3369622
2017-11-08,33.47119903564453,4099661
2017-11-09,33.15340805053711,4320687
2017-11-10,32.980491638183594,4203739
2017-11-13,32.8449592590332,3496688
2017-11-14,32.57390213012695,2998792
2017-11-15,32.39163589477539,4353768
2017-11-16,32.40565872192383,2800925
2017-11-17,32.23274230957031,3298582
2017-11-20,32.46173858642578,3411792
2017-11-21,32.994510650634766,5313644
2017-11-22,32.70475769042969,2947210
2017-11-23,32.66737365722656,2236734
2017-11-24,32.714107513427734,1795071
2017-11-27,32.662696838378906,2137347
2017-11-28,32.69073486328125,2313854
2017-11-29,32.77486038208008,3502836
2017-11-30,32.489776611328125,4493481
2017-12-01,31.914947509765625,6026277
2017-12-04,32.50847244262695,3316931
2017-12-05,32.723453521728516,4003758
2017-12-06,32.54119110107422,3328054
2017-12-07,32.52716827392578,2157091
2017-12-08,32.85430908203125,4201346
2017-12-11,32.812252044677734,2666561
2017-12-12,33.059940338134766,3447664
2017-12-13,33.18144989013672,3946140
2017-12-14,33.130043029785156,4112196
2017-12-15,33.186119079589844,8399302
2017-12-18,33.415122985839844,4133008
2017-12-19,33.260902404785156,2197688
2017-12-20,33.20481872558594,3245231
2017-12-21,33.38240432739258,2417811
2017-12-22,33.326324462890625,2299374
2017-12-27,33.29361343383789,2108404
2017-12-28,33.13471984863281,1959689
2017-12-29,33.08797836303711,2092948
2018-01-02,33.00386047363281,4792431
2018-01-03,33.27024459838867,3507533
2018-01-04,33.65814208984375,4368709
2018-01-05,34.106788635253906,4198945
2018-01-08,34.46664810180664,4754655
2018-01-09,34.658260345458984,4000960
2018-01-10,34.65358352661133,3413353
2018-01-11,34.40121841430664,3991073
2018-01-12,34.6676025390625,3868963
2018-01-15,34.588157653808594,2597992
2018-01-16,34.74705123901367,4106222
2018-01-17,34.5507698059082,3372856
2018-01-18,34.826499938964844,3880581
2018-01-19,35.055503845214844,4530497
2018-01-22,35.303192138671875,3510303
2018-01-23,35.373291015625,3939308
2018-01-24,35.24710464477539,4267546
2018-01-25,34.7657470703125,5330385
2018-01-26,34.962032318115234,3363119
2018-01-29,34.99942398071289,3614576
2018-01-30,34.60684585571289,4563148
2018-01-31,34.45730209350586,4717339
2018-02-01,33.71421813964844,8607338
2018-02-02,33.260902404785156,6271656
2018-02-05,33.04124450683594,5031850
2018-02-06,32.457069396972656,10180486
2018-02-07,33.01788330078125,6317393
2018-02-08,32.86833190917969,6596018
2018-02-09,32.77486038208008,9038408
2018-02-12,33.16743087768555,4971679
2018-02-13,33.00386047363281,3378637
2018-02-14,33.466529846191406,6494869
2018-02-15,33.6160774230957,5595875
2018-02-16,33.88246154785156,5784512
2018-02-19,33.186119079589844,5680266
2018-02-20,33.00386047363281,4696971
2018-02-21,32.87300109863281,3732140
2018-02-22,32.7327995300293,3946851
2018-02-23,32.90571594238281,5478674
2018-02-26,32.821598052978516,6649328
2018-02-27,32.88702392578125,5528662
2018-02-28,32.93376159667969,4389436
2018-03-01,32.25611114501953,6297380
2018-03-02,31.475643157958984,6340402
2018-03-05,31.456947326660156,5263574
2018-03-06,31.57845687866211,3926440
2018-03-07,31.709314346313477,4374464
2018-03-08,31.72333526611328,4222969
2018-03-09,31.74202537536621,3523556
2018-03-12,31.928964614868164,2279639
2018-03-13,31.643884658813477,4582880
2018-03-14,31.545743942260742,4076173
2018-03-15,31.891576766967773,5028048
2018-03-16,32.32621383666992,17697759
2018-03-19,32.0271110534668,4633388
2018-03-20,32.09720993041992,3276513
2018-03-21,32.0738410949707,2522057
2018-03-22,31.32608985900879,6726878
2018-03-23,30.73723602294922,6156805
2018-03-26,30.62507438659668,4071055
2018-03-27,31.064382553100586,4816108
2018-03-28,30.984928131103516,5066374
2018-03-29,32.23274230957031,9651035
2018-04-03,32.04113006591797,5020599
2018-04-04,31.830825805664062,5910915
2018-04-05,32.53184127807617,8007385
2018-04-06,32.58589172363281,6719957
2018-04-09,32.39634323120117,4625003
2018-04-10,32.79039001464844,4996603
2018-04-11,32.54598617553711,3508102
2018-04-12,32.65571594238281,3373140
2018-04-13,32.74549865722656,3440194
2018-04-16,32.57590866088867,2582185
2018-04-17,32.920074462890625,3487587
2018-04-18,32.5360107421875,5782087
2018-04-19,32.52104568481445,3233334
2018-04-20,32.48114013671875,4428728
2018-04-23,32.595863342285156,2967257
2018-04-24,32.50109100341797,3858165
2018-04-25,32.426273345947266,6009177
2018-04-26,32.43624496459961,4720598
2018-04-27,32.740509033203125,3991724
2018-04-30,32.670677185058594,3152823
2018-05-02,33.19440841674805,5461430
2018-05-03,33.08467102050781,3448166
2018-05-04,33.15949249267578,3354390
2018-05-07,33.33406448364258,2690401
2018-05-08,33.428836822509766,3245213
2018-05-09,33.4687385559082,3102020
2018-05-10,33.51362991333008,2308568
2018-05-11,33.44380187988281,2719532
2018-05-14,33.33906173706055,2669217
2018-05-15,33.36898422241211,3366697
2018-05-16,33.35401916503906,2389148
2018-05-17,33.817893981933594,4077664
2018-05-18,33.61838150024414,5632065
2018-05-21,33.61838150024414,0
2018-05-22,34.10719299316406,4804882
2018-05-23,33.45876693725586,5032478
2018-05-24,32.53102493286133,8225937
2018-05-25,32.45619583129883,5402348
2018-05-28,32.03223419189453,3802876
2018-05-29,31.518474578857422,6749448
2018-05-30,31.358867645263672,5563140
2018-05-31,30.76530647277832,11917337
2018-06-01,30.939882278442383,5644672
2018-06-04,31.004732131958008,2697139
2018-06-05,31.024677276611328,3889656
2018-06-06,31.099496841430664,4556981
2018-06-07,31.109472274780273,3420675
2018-06-08,30.90496826171875,4284531
2018-06-11,30.6356201171875,6225168
2018-06-12,31.079544067382812,6487717
2018-06-13,30.79024887084961,4031527
2018-06-14,31.518474578857422,6436250
2018-06-15,31.084529876708984,23837094
2018-06-18,30.79024887084961,3830538
2018-06-19,30.376249313354492,4227489
2018-06-20,30.151796340942383,5589429
2018-06-21,28.849956512451172,15115590
2018-06-22,28.760169982910156,7037240
2018-06-25,27.96710205078125,6570842
2018-06-26,27.747638702392578,6311920
2018-06-27,27.747638702392578,7611711
2018-06-28,27.548118591308594,5900182
2018-06-29,27.498239517211914,5030311
2018-07-02,27.722694396972656,7251870
2018-07-03,27.96710205078125,5434548
2018-07-04,28.121723175048828,3446422
2018-07-05,29.179157257080078,7635157
2018-07-06,28.949716567993164,5301472
2018-07-09,28.97964096069336,3152064
2018-07-10,29.104337692260742,2786135
2018-07-11,28.5207576751709,4370066
2018-07-12,28.510778427124023,3433219
2018-07-13,28.5556697845459,2763168
2018-07-16,28.470876693725586,2843005
2018-07-17,28.670392990112305,3442011
2018-07-18,29.0594482421875,3958713
2018-07-19,29.248985290527344,3545385
2018-07-20,28.560659408569336,6490409
2018-07-23,28.800073623657227,2815121
2018-07-24,29.513343811035156,5579130
2018-07-25,28.869909286499023,4963923
2018-07-26,29.682931900024414,8129837
2018-07-27,29.573200225830078,4389517
2018-07-30,29.603130340576172,2300675
2018-07-31,29.503368377685547,4599787
2018-08-01,29.04947280883789,4864284
2018-08-02,28.63547706604004,4605085
2018-08-03,29.00956916809082,2880189
2018-08-06,29.05446434020996,2721529
2018-08-07,29.37368392944336,3383316
2018-08-08,29.458478927612305,2157601
2018-08-09,29.44849967956543,2484662
2018-08-10,28.530731201171875,5391938
2018-08-13,28.54569435119629,3016379
2018-08-14,28.15663719177246,3838257
2018-08-15,27.45833396911621,6172160
2018-08-16,27.57804298400879,3331031
2018-08-17,27.393491744995117,4523685
2018-08-20,27.57804298400879,2354096
2018-08-21,27.867341995239258,3541027
2018-08-22,27.583030700683594,5149935
2018-08-23,27.13911247253418,3302386
2018-08-24,27.308698654174805,2425566
2018-08-27,27.987049102783203,3110483
2018-08-28,28.081819534301758,3206714
2018-08-29,28.266372680664062,2302138
2018-08-30,28.256393432617188,3881901
2018-08-31,27.782550811767578,4022097
2018-09-03,27.433393478393555,2927588
2018-09-04,27.034360885620117,4032324
2018-09-05,27.074264526367188,4697548
2018-09-06,27.09421730041504,3291963
2018-09-07,27.174026489257812,3114952
2018-09-10,27.184005737304688,3001949
2018-09-11,26.959543228149414,3389029
2018-09-12,27.198965072631836,2922573
2018-09-13,27.478286743164062,4237137
2018-09-14,27.702741622924805,4208237
2018-09-17,27.637895584106445,3178821
2018-09-18,27.817462921142578,5192009
2018-09-19,28.091798782348633,3601149
2018-09-20,28.535722732543945,5154051
2018-09-21,28.735233306884766,11080038
2018-09-24,27.99703025817871,4757286
2018-09-25,27.3037109375,7456840
2018-09-26,27.348604202270508,6050544
2018-09-27,27.727678298950195,4670763
2018-09-28,27.109182357788086,5255563
2018-10-01,27.373538970947266,3027652
2018-10-02,27.93218231201172,5960577
2018-10-04,28.151653289794922,5169767
2018-10-05,27.73765754699707,3581115
2018-10-08,27.23387908935547,3550160
2018-10-09,27.144100189208984,3722677
2018-10-10,26.73509407043457,4994282
2018-10-11,26.28618049621582,6573419
2018-10-12,26.380950927734375,4034557
2018-10-15,26.395915985107422,3786767
2018-10-16,26.5505428314209,4572486
2018-10-17,26.31610679626465,3967350
2018-10-18,26.14153480529785,3048194
2018-10-19,25.632770538330078,11434400
2018-10-22,25.343467712402344,5223704
2018-10-23,25.178865432739258,6627823
2018-10-24,24.939453125,5910554
2018-10-25,25.612815856933594,6983246
2018-10-26,25.622793197631836,5303968
2018-10-29,26.151508331298828,7575994
2018-10-30,25.99688148498535,5082442
2018-10-31,26.11659049987793,5162553
2018-11-01,26.221338272094727,3478404
2018-11-02,26.505645751953125,6376907
2018-11-05,26.281192779541016,3094873
2018-11-06,26.071701049804688,3105295
2018-11-07,26.086666107177734,4015320
2018-11-08,25.58787727355957,5282772
2018-11-09,25.318527221679688,3962948
2018-11-12,25.143953323364258,4090694
2018-11-13,25.882160186767578,5555128
2018-11-14,26.081676483154297,5275236
2018-11-15,25.46816635131836,6077505
2018-11-16,25.183855056762695,5884139
2018-11-19,25.163904190063477,5362090
2018-11-20,24.829715728759766,5838024
2018-11-21,25.35843276977539,3711428
2018-11-22,25.148942947387695,2200753
2018-11-23,25.273639678955078,2409263
2018-11-26,25.907100677490234,4191432
2018-11-27,25.283615112304688,4428988
2018-11-28,25.248701095581055,3709604
2018-11-29,25.273639678955078,4413709
2018-11-30,24.787322998046875,8826948
2018-12-03,25.912086486816406,9224854
2018-12-04,25.163904190063477,4442153
2018-12-05,24.939453125,3426005
2018-12-06,23.398193359375,11225670
2018-12-07,23.310903549194336,6095624
2018-12-10,22.6799373626709,7456465
2018-12-11,23.29095458984375,8334824
2018-12-12,23.65257453918457,5898077
2018-12-13,23.712432861328125,4449350
2018-12-14,23.62763786315918,6168706
2018-12-17,23.65257453918457,4334638
2018-12-18,23.492961883544922,5564751
2018-12-19,23.55531120300293,5042530
2018-12-20,23.201171875,5717366
2018-12-21,23.35080337524414,13395029
2018-12-27,22.58017921447754,6172050
2018-12-28,22.899404525756836,2823188
2019-01-02,22.570201873779297,5495385
2019-01-03,22.33327865600586,4087461
2019-01-04,23.477996826171875,6123613
2019-01-07,23.522886276245117,3781141
2019-01-08,23.692476272583008,5145897
2019-01-09,24.398263931274414,7240874
2019-01-10,24.585308074951172,4595212
2019-01-11,24.39327621459961,5137097
2019-01-14,24.57782745361328,4100296
2019-01-15,24.660125732421875,4203925
2019-01-16,24.864633560180664,3439649
2019-01-17,24.408239364624023,4098807
2019-01-18,25.383377075195312,7010909
2019-01-21,25.29857635498047,2278056
2019-01-22,25.223758697509766,3278128
2019-01-23,25.079111099243164,3523902
2019-01-24,25.483129501342773,4167685
2019-01-25,26.221338272094727,5152211
2019-01-28,26.031801223754883,3242674
2019-01-29,25.937028884887695,3354289
2019-01-30,25.82230567932129,2446026
2019-01-31,25.767440795898438,4699285
2019-02-01,26.450780868530273,5938372
2019-02-04,26.02182388305664,3979945
2019-02-05,26.390926361083984,3846696
2019-02-06,25.912086486816406,7495222
2019-02-07,24.552888870239258,8647255
2019-02-08,23.946857452392578,7046827
2019-02-11,24.021678924560547,4083378
2019-02-12,24.632694244384766,4105462
2019-02-13,25.049184799194336,4093592
2019-02-14,24.590295791625977,4270125
2019-02-15,25.243709564208984,6667582
2019-02-18,25.138965606689453,2915008
2019-02-19,25.168893814086914,2781821
2019-02-20,25.817319869995117,5281927
2019-02-21,25.99189567565918,3285294
2019-02-22,26.036787033081055,3284897
2019-02-25,26.65528678894043,5245777
2019-02-26,26.51063346862793,3363892
2019-02-27,26.375961303710938,2897120
2019-02-28,26.266223907470703,3766616
2019-03-01,26.575483322143555,3815945
2019-03-04,26.67523765563965,3335476
2019-03-05,26.390926361083984,3113042
2019-03-06,26.036787033081055,3613209
2019-03-07,25.158918380737305,6377289
2019-03-08,24.979354858398438,5004932
2019-03-11,25.313541412353516,2799635
2019-03-12,25.21877098083496,3838020
2019-03-13,25.378387451171875,3161106
2019-03-14,25.423276901245117,3396755
2019-03-15,25.772424697875977,10984891
2019-03-18,25.48811912536621,3486583
2019-03-19,26.365985870361328,6359114
2019-03-20,25.7973690032959,5799430
2019-03-21,25.687633514404297,4130929
2019-03-22,25.1888427734375,7978498
2019-03-25,25.313541412353516,3965066
2019-03-26,25.13397979736328,4435739
2019-03-27,25.612815856933594,4751485
2019-03-28,25.483129501342773,3881674
2019-03-29,26.06172752380371,5257470
2019-04-01,27.134122848510742,9531438
2019-04-02,27.408458709716797,5890941
2019-04-03,27.677799224853516,5406529
2019-04-04,28.04191780090332,4651219
2019-04-05,27.93717384338379,3691114
2019-04-08,27.91722297668457,2984571
2019-04-09,27.548118591308594,3785475
2019-04-10,27.46332359313965,4839541
2019-04-11,27.657848358154297,3232207
2019-04-12,28.266372680664062,6015461
2019-04-15,28.176589965820312,4050229
2019-04-16,28.406034469604492,4577867
2019-04-17,28.96966552734375,6891490
2019-04-18,29.583175659179688,9774145
2019-04-23,29.48341941833496,5529441
2019-04-24,29.14923095703125,5368441
2019-04-25,28.78012466430664,6302109
2019-04-26,29.079397201538086,5636341
2019-04-29,28.999591827392578,3586350
2019-04-30,29.099353790283203,4157251
2019-05-02,29.234024047851562,4670392
2019-05-03,29.19910430908203,3778506
2019-05-06,28.600557327270508,7688969
2019-05-07,28.241430282592773,6431663
2019-05-08,28.580608367919922,5969448
2019-05-09,27.757606506347656,8904113
2019-05-10,26.87973976135254,9771605
2019-05-13,25.99688148498535,8608353
2019-05-14,26.31112289428711,6358110
2019-05-15,27.08424186706543,8015141
2019-05-16,26.93460464477539,6036731
2019-05-17,26.615385055541992,6455844
2019-05-20,25.947004318237305,5902707
2019-05-21,25.99688148498535,5243845
2019-05-22,25.35344696044922,8654218
2019-05-23,25.573596954345703,10379191
2019-05-24,25.62762451171875,4875293
2019-05-27,25.773513793945312,3453650
2019-05-28,25.762706756591797,4783300
2019-05-29,25.519559860229492,4878996
2019-05-30,25.557384490966797,2426146
2019-05-31,25.090002059936523,7603553
2019-06-03,25.20887565612793,4649021
2019-06-04,26.24900245666504,6893639
2019-06-05,25.962627410888672,3793627
2019-06-06,25.565486907958984,5061179
2019-06-07,25.722183227539062,3415827
2019-06-11,26.189563751220703,4293513
2019-06-12,25.984241485595703,3486683
2019-06-13,26.030168533325195,3432408
2019-06-14,25.622220993041992,3525423
2019-06-17,25.565486907958984,2406116
2019-06-18,26.29222869873047,5856365
2019-06-19,26.584001541137695,4491864
2019-06-20,26.67585563659668,4420207
2019-06-21,26.810937881469727,11834480
2019-06-24,25.80593490600586,7525355
2019-06-25,25.71407699584961,4291975
2019-06-26,25.997745513916016,4234354
2019-06-27,26.095006942749023,3676474
2019-06-28,26.435413360595703,4708268
2019-07-01,26.373275756835938,4391668
2019-07-02,26.284122467041016,3402622
2019-07-03,26.48674201965332,3367864
2019-07-04,26.494848251342773,2196698
2019-07-05,26.540775299072266,2233919
2019-07-08,26.24900245666504,3077194
2019-07-09,25.811336517333984,4359533
2019-07-10,25.406091690063477,3891737
2019-07-11,25.206174850463867,3791196
2019-07-12,25.038671493530273,7918520
2019-07-15,25.135927200317383,3429090
2019-07-16,25.29802894592285,3160191
2019-07-17,24.925203323364258,3108396
2019-07-18,24.519960403442383,4794735
2019-07-19,24.55238151550293,4527383
2019-07-22,24.876569747924805,3180127
2019-07-23,25.95992660522461,8938799
2019-07-24,26.59210968017578,6815425
2019-07-25,26.073392868041992,7401015
2019-07-26,26.138235092163086,4264948
2019-07-29,26.189563751220703,3655514
2019-07-30,25.524967193603516,5215455
2019-07-31,25.338552474975586,3177619
2019-08-01,25.287220001220703,3684358
2019-08-02,24.43621063232422,8702319
2019-08-05,23.73918914794922,7186158
2019-08-06,23.385276794433594,4830895
2019-08-07,23.401487350463867,6270309
2019-08-08,23.693262100219727,3728010
2019-08-09,23.007047653198242,5992497
2019-08-12,22.882774353027344,4112436
2019-08-13,23.152938842773438,8725309
2019-08-14,22.442407608032227,5863081
2019-08-15,21.899381637573242,6709192
2019-08-16,22.28571319580078,5103707
2019-08-19,22.67745018005371,4361886
2019-08-20,22.3343448638916,3540581
2019-08-21,22.669347763061523,3399450
2019-08-22,22.704465866088867,3509264
2019-08-23,22.002042770385742,6636046
2019-08-26,22.331642150878906,3395957
2019-08-27,22.44510841369629,4040763
2019-08-28,22.534265518188477,2733419
2019-08-29,22.68555450439453,3234928
2019-08-30,23.074588775634766,5286717
2019-09-02,23.01785659790039,2332925
2019-09-03,23.247493743896484,4655596
2019-09-04,23.758102416992188,4304437
2019-09-05,24.50374984741211,6145849
2019-09-06,24.53346824645996,4482552
2019-09-09,25.09811019897461,3804666
2019-09-10,25.314237594604492,5163596
2019-09-11,25.4925479888916,4477360
2019-09-12,25.80593490600586,5700252
2019-09-13,26.227386474609375,4959885
2019-09-16,25.962627410888672,4503381
2019-09-17,25.514158248901367,4468286
2019-09-18,25.589805603027344,2994874
2019-09-19,25.624923706054688,4043157
2019-09-20,25.581697463989258,11114925
2019-09-23,24.98464012145996,5321381
2019-09-24,24.565885543823242,3621067
2019-09-25,24.530765533447266,4346545
2019-09-26,24.241689682006836,3806145
2019-09-27,24.519960403442383,3018081
2019-09-30,24.64963722229004,3181028
2019-10-01,24.40378761291504,3670508
2019-10-02,23.80402946472168,4642698
2019-10-04,23.671648025512695,5020692
2019-10-07,23.668947219848633,2962120
2019-10-08,23.533864974975586,5111047
2019-10-09,23.990440368652344,4821250
2019-10-10,24.606407165527344,5246760
2019-10-11,25.427705764770508,6475004
2019-10-14,25.430408477783203,3439747
2019-10-15,25.962627410888672,5468080
2019-10-16,26.36787223815918,6180320
2019-10-17,26.543476104736328,6890967
2019-10-18,26.165252685546875,7465333
2019-10-21,26.584001541137695,5600194
2019-10-22,26.824445724487305,6176252
2019-10-23,27.24319839477539,5377275
2019-10-24,28.129335403442383,11681106
2019-10-25,28.572397232055664,6910137
2019-10-28,28.934415817260742,6492124
2019-10-29,28.88038444519043,4987974
2019-10-30,28.691268920898438,7848911
2019-10-31,28.318443298339844,6632705
2019-11-01,28.47513771057129,3852254
2019-11-04,28.718286514282227,9478289
2019-11-05,28.810142517089844,6833517
2019-11-06,28.4265079498291,5518134
2019-11-07,29.0640926361084,6203156
2019-11-08,28.88038444519043,5008154
2019-11-11,28.869577407836914,3812284
2019-11-12,29.13433837890625,4222413
2019-11-13,28.92901039123535,4955884
2019-11-14,27.632232666015625,12965253
2019-11-15,27.38368797302246,9322020
2019-11-18,27.14053726196289,7441560
2019-11-19,27.102712631225586,5752832
2019-11-20,27.07029151916504,4569152
2019-11-21,27.572795867919922,7450238
2019-11-22,28.113121032714844,6510711
2019-11-25,28.50215721130371,4901167
2019-11-26,28.37788200378418,4721270
2019-11-27,28.329252243041992,3819088
2019-11-28,28.075294494628906,1837109
2019-11-29,27.664648056030273,3765609
2019-12-02,26.93791389465332,5888388
2019-12-03,26.608314514160156,4909140
2019-12-04,26.800128936767578,3710136
2019-12-05,26.616422653198242,2946118
2019-12-06,26.721784591674805,3830661
2019-12-09,26.505653381347656,2296653
2019-12-10,26.343557357788086,4484393
2019-12-11,26.74339485168457,3454083
2019-12-12,26.973037719726562,3730265
2019-12-13,27.35666847229004,6705703
2019-12-16,27.48094367980957,3189880
2019-12-17,27.58360481262207,4268220
2019-12-18,27.183759689331055,3606623
2019-12-19,26.967632293701172,4174679
2019-12-20,27.00005340576172,10456047
2019-12-23,26.90009117126465,3001240
2019-12-27,26.929811477661133,2365038
2019-12-30,26.67585563659668,1557965
2020-01-02,27.002750396728516,2973654
2020-01-03,26.51375389099121,4014262
2020-01-06,26.370569229125977,3441396
2020-01-07,26.581298828125,2816618
2020-01-08,26.729887008666992,2659070
2020-01-09,26.843358993530273,3098476
2020-01-10,26.708274841308594,3130777
2020-01-13,26.41920280456543,3089806
2020-01-14,26.181459426879883,4170529
2020-01-15,25.524967193603516,5857810
2020-01-16,25.327743530273438,4517609
2020-01-17,25.227787017822266,4582967
2020-01-20,25.160245895385742,2802010
2020-01-21,25.071090698242188,3320743
2020-01-22,24.53886604309082,8999759
2020-01-23,24.006650924682617,5682839
2020-01-24,23.74188995361328,5996104
2020-01-27,23.00434684753418,6571183
2020-01-28,23.387981414794922,6708750
2020-01-29,23.458223342895508,3965600
2020-01-30,23.120513916015625,3977028
2020-01-31,22.588298797607422,6017511
2020-02-03,22.48833656311035,4874196
2020-02-04,22.882774353027344,4197249
2020-02-05,23.80402946472168,7289595
2020-02-06,23.814830780029297,4471882
2020-02-07,23.171846389770508,5351345
2020-02-10,23.258302688598633,4438165
2020-02-11,23.03676414489746,9279666
2020-02-12,23.771608352661133,5981323
2020-02-13,23.366363525390625,5057287
2020-02-14,23.269105911254883,3901916
2020-02-17,23.598703384399414,3431491
2020-02-18,22.947612762451172,4942339
2020-02-19,23.109708786010742,3754859
2020-02-20,23.63652992248535,7037589
2020-02-21,23.015151977539062,7961935
2020-02-24,21.464420318603516,12125682
2020-02-25,21.342844009399414,8358050
2020-02-26,21.712966918945312,9711085
2020-02-27,20.98623275756836,9454676
2020-02-28,20.2838077545166,14626473
2020-03-02,20.062274932861328,9081850
2020-03-03,19.8137264251709,10495161
2020-03-04,20.33243751525879,7911854
2020-03-05,19.55707359313965,7427867
2020-03-06,18.835739135742188,12228943
2020-03-09,16.3043155670166,18649227
2020-03-10,16.57447624206543,14755257
2020-03-11,16.709556579589844,10554718
2020-03-12,13.559460639953613,24436875
2020-03-13,13.859342575073242,24212379
2020-03-16,12.384252548217773,17741977
2020-03-17,13.156919479370117,16269640
2020-03-18,11.930381774902344,12449752
2020-03-19,11.800703048706055,13842283
2020-03-20,12.251874923706055,20035159
2020-03-23,12.430180549621582,14638267
2020-03-24,15.820723533630371,16260714
2020-03-25,16.082782745361328,18199555
2020-03-26,15.985523223876953,13358554
2020-03-27,14.69684886932373,10618328
2020-03-30,14.69955062866211,7997146
2020-03-31,14.869751930236816,8429481
2020-04-01,13.791802406311035,7825365
2020-04-02,13.602686882019043,9921058
2020-04-03,13.248775482177734,6968859
2020-04-06,14.775195121765137,8107113
2020-04-07,15.204751968383789,10192549
2020-04-08,15.196647644042969,6569412
2020-04-09,16.123306274414062,10697452
2020-04-14,15.8855619430542,6978347
2020-04-15,14.923783302307129,7779054
2020-04-16,14.96160888671875,6308863
2020-04-17,15.691044807434082,10118608
2020-04-20,15.493823051452637,7918320
2020-04-21,14.821121215820312,7198188
2020-04-22,15.048057556152344,4837077
2020-04-23,15.52624797821045,6004027
2020-04-24,14.891363143920898,6514340
2020-04-27,15.842336654663086,5891797
2020-04-28,16.431289672851562,8683937
2020-04-29,17.528152465820312,8450763
2020-04-30,17.039155960083008,10580592
2020-05-04,16.015241622924805,9100726
2020-05-05,16.612300872802734,7872577
2020-05-06,16.15842628479004,5996377
2020-05-07,16.261089324951172,5548954
2020-05-08,17.103994369506836,5645279
2020-05-11,16.72846794128418,5237633
2020-05-12,16.531251907348633,3918265
2020-05-13,15.464107513427734,7068142
2020-05-14,14.92108154296875,11696290
2020-05-15,15.131807327270508,7111325
2020-05-18,16.847341537475586,8870910
2020-05-19,16.752782821655273,8388974
2020-05-20,17.29581069946289,7726392
2020-05-21,16.990528106689453,5300838
2020-05-22,16.933792114257812,6863960
2020-05-25,17.222869873046875,3677630
2020-05-26,17.64702033996582,5861078
2020-05-27,19.208560943603516,14275247
2020-05-28,18.938400268554688,8377335
2020-05-29,18.036054611206055,15373255
2020-06-02,19.43009376525879,12494951
2020-06-03,20.497238159179688,9798008
2020-06-04,19.992034912109375,9932286
2020-06-05,21.518451690673828,12036934
2020-06-08,21.669742584228516,9245022
2020-06-09,21.053773880004883,9873436
2020-06-10,20.964618682861328,7435652
2020-06-11,19.081586837768555,11823022
2020-06-12,19.462514877319336,10247112
2020-06-15,19.27610206604004,7047660
2020-06-16,19.9974365234375,9042642
2020-06-17,19.994735717773438,8553003
2020-06-18,19.846147537231445,7705463
2020-06-19,19.862356185913086,12050712
2020-06-22,19.83534049987793,5155905
2020-06-23,20.037961959838867,6796963
2020-06-24,18.827632904052734,8168944
2020-06-25,19.362552642822266,6455162
2020-06-26,18.916786193847656,4823917
2020-06-29,19.403079986572266,6242603
2020-06-30,19.53005599975586,4908588
2020-07-01,19.26799964904785,4648924
2020-07-02,20.081186294555664,6432417
2020-07-03,19.81102180480957,3418845
2020-07-06,20.43239974975586,4515714
2020-07-07,20.335140228271484,4076492
2020-07-08,20.094694137573242,5718621
2020-07-09,20.11810302734375,4013637
2020-07-10,20.4102725982666,4842496
2020-07-13,20.752532958984375,3527896
2020-07-14,20.588359832763672,3479791
2020-07-15,20.975139617919922,4541513
2020-07-16,20.964008331298828,3967443
2020-07-17,21.890609741210938,8121118
2020-07-20,21.642961502075195,4038023
2020-07-21,21.96573829650879,5415184
2020-07-22,21.79322052001953,4148213
2020-07-23,22.722604751586914,8814796
2020-07-24,22.232866287231445,4339681
2020-07-27,22.29964828491211,3089948
2020-07-28,22.163305282592773,4205789
2020-07-29,22.20225715637207,3676900
2020-07-30,21.4815731048584,6798579
2020-07-31,20.81374740600586,5056579
2020-08-03,21.73756980895996,5391213
2020-08-04,22.346954345703125,4250561
2020-08-05,22.711471557617188,4305103
2020-08-06,22.600168228149414,3829846
2020-08-07,22.5946044921875,2738346
2020-08-10,22.747644424438477,2378791
2020-08-11,23.53790283203125,6751343
2020-08-12,23.71877098083496,4489728
2020-08-13,23.546247482299805,3202723
2020-08-14,23.52120590209961,3206637
2020-08-17,23.560163497924805,2023020
2020-08-18,23.49338150024414,3879006
2020-08-19,23.885725021362305,3161845
2020-08-20,23.354248046875,4027348
2020-08-21,22.8923397064209,5343143
2020-08-24,23.813379287719727,4014473
2020-08-25,23.5573787689209,3605914
2020-08-26,23.946941375732422,2816466
2020-08-27,23.93024444580078,3866228
2020-08-28,23.863466262817383,3527202
2020-08-31,23.732681274414062,4001433
2020-09-01,23.749378204345703,3906351
2020-09-02,23.974769592285156,4085780
2020-09-03,24.119462966918945,5521259
2020-09-04,24.19737434387207,4608689
2020-09-07,25.09893226623535,5535746
2020-09-08,25.36328125,5028187
2020-09-09,25.81683921813965,6241044
2020-09-10,25.886402130126953,5342798
2020-09-11,25.903099060058594,4393928
2020-09-14,25.694406509399414,3509867
2020-09-15,25.599796295166016,3009799
2020-09-16,25.761186599731445,3529469
2020-09-17,25.822406768798828,3397845
2020-09-18,25.310409545898438,9651601
2020-09-21,24.20015525817871,6862417
2020-09-22,24.336502075195312,3847402
2020-09-23,24.648155212402344,4037118
2020-09-24,24.75667381286621,4108358
2020-09-25,24.589717864990234,3499040
2020-09-28,25.530235290527344,4827811
2020-09-29,25.427276611328125,2717708
2020-09-30,25.619274139404297,4949454
2020-10-01,26.014406204223633,5115105
2020-10-02,26.01718521118164,3478227
2020-10-05,26.618227005004883,4727135
2020-10-06,26.785179138183594,5294777
2020-10-07,27.319433212280273,5003822
2020-10-08,27.169178009033203,3734561
2020-10-09,26.813007354736328,3786496
2020-10-12,27.27491569519043,3919185
2020-10-13,27.199785232543945,3154118
2020-10-14,26.865875244140625,3245489
2020-10-15,26.06448745727539,5663919
2020-10-16,27.491954803466797,8921510
2020-10-19,27.163610458374023,3579178
2020-10-20,27.091266632080078,2921369
2020-10-21,26.696136474609375,3885125
2020-10-22,26.65996551513672,4168759
2020-10-23,26.93543815612793,4365387
2020-10-26,26.693355560302734,4158894
2020-10-27,26.189706802368164,4769278
2020-10-28,24.623109817504883,8618670
2020-10-29,24.611982345581055,6074338
2020-10-30,24.709367752075195,5065743
2020-11-02,25.499624252319336,4899435
2020-11-03,26.26761817932129,5831319
2020-11-04,26.723962783813477,7047548
2020-11-05,27.50030517578125,6368329
2020-11-06,26.810222625732422,4811946
2020-11-09,28.21543312072754,10645357
2020-11-10,29.495420455932617,8873856
2020-11-11,29.48985481262207,4889605
2020-11-12,29.05020523071289,3996900
2020-11-13,29.217161178588867,3809625
2020-11-16,29.92949867248535,5403726
2020-11-17,30.35245704650879,4469566
2020-11-18,30.99801254272461,5577389
2020-11-19,30.64740753173828,4972964
2020-11-20,30.89784049987793,3836717
2020-11-23,31.16497230529785,5309820
2020-11-24,32.250179290771484,6230582
2020-11-25,31.949661254882812,4382945
2020-11-26,31.215057373046875,2904844
2020-11-27,31.493316650390625,4272640
2020-11-30,31.415403366088867,6484002
2020-12-01,32.02200698852539,3631730
2020-12-02,31.994182586669922,2975166
2020-12-03,31.593486785888672,3248055
2020-12-04,32.394874572753906,4602535
2020-12-07,32.111053466796875,2986533
2020-12-08,31.9997501373291,2600464
2020-12-09,32.01087951660156,3755374
2020-12-10,31.343059539794922,3510454
2020-12-11,30.89227294921875,4336351
2020-12-14,31.370885848999023,3706525
2020-12-15,32.266876220703125,3548371
2020-12-16,32.70652389526367,5732974
2020-12-17,32.578521728515625,3609234
2020-12-18,32.65087127685547,11369619
2020-12-21,31.382015228271484,5216571
2020-12-22,31.52113914489746,2338352
2020-12-23,32.5673942565918,3255794
2020-12-28,32.63974380493164,2408904
2020-12-29,32.38374710083008,1819857
2020-12-30,32.161136627197266,1573574
2021-01-04,31.665836334228516,3411046
2021-01-05,31.660268783569336,3197549
2021-01-06,31.404273986816406,4720132
2021-01-07,32.161136627197266,4242888
2021-01-08,32.10548400878906,3767088
2021-01-11,31.80496597290039,3505621
2021-01-12,32.35034942626953,3762004
2021-01-13,31.849485397338867,3248270
2021-01-14,32.17226791381836,3576618
2021-01-15,31.30966567993164,4984440
2021-01-18,31.537837982177734,2509291
2021-01-19,30.942363739013672,4079222
2021-01-20,32.22792053222656,4588877
2021-01-21,32.85678482055664,5297545
2021-01-22,32.87347412109375,5545268
2021-01-25,31.96635627746582,5638051
2021-01-26,32.77330780029297,3747273
2021-01-27,31.86062240600586,5210223
2021-01-28,32.04983139038086,4641073
2021-01-29,32.34478759765625,6759841
2021-02-01,32.495052337646484,2798378
2021-02-02,32.99034881591797,4051668
2021-02-03,35.928768157958984,11768996
2021-02-04,36.67449188232422,8708660
2021-02-05,37.281097412109375,7242587
2021-02-08,36.952754974365234,3676520
2021-02-09,36.61884307861328,2645331
2021-02-10,36.22371292114258,3520241
2021-02-11,36.201454162597656,2635636
2021-02-12,35.98440933227539,2662184
2021-02-15,36.08457946777344,2109912
2021-02-16,36.179195404052734,2161188
2021-02-17,36.418495178222656,3993418
2021-02-18,37.22544860839844,5312667
2021-02-19,37.409095764160156,4013656
2021-02-22,37.175357818603516,2456148
2021-02-23,36.357276916503906,4210291
2021-02-24,36.6411018371582,3152312
2021-02-25,36.69118881225586,2699528
2021-02-26,36.869266510009766,4312311
2021-03-01,37.069618225097656,3268149
2021-03-02,37.993438720703125,4590781
2021-03-03,38.611167907714844,4398045
2021-03-04,39.27899169921875,5103476
2021-03-05,39.07864761352539,3820475
2021-03-08,40.34193801879883,5521466
2021-03-09,40.019161224365234,5141375
2021-03-10,40.425418853759766,4061957
2021-03-11,40.11933898925781,3355909
2021-03-12,39.35690689086914,7116120
2021-03-15,39.000736236572266,5023687
2021-03-16,39.65742492675781,5353445
2021-03-17,39.696380615234375,5980056
2021-03-18,41.36593246459961,10132093
2021-03-19,41.05984878540039,11213761
2021-03-22,41.271324157714844,3262039
2021-03-23,40.408721923828125,4903824
2021-03-24,39.87446594238281,5087933
2021-03-25,40.347511291503906,4110168
2021-03-26,40.776023864746094,3764427
2021-03-29,41.02089309692383,3271288
2021-03-30,42.26192855834961,4971367
2021-03-31,42.30088806152344,5496840
2021-04-01,42.842864990234375,3848462
2021-04-06,42.9224739074707,3178288
2021-04-07,42.99641036987305,3250076
2021-04-08,42.200279235839844,4869807
2021-04-09,42.59833908081055,3542684
2021-04-12,43.20111846923828,4384526
2021-04-13,43.01914978027344,3228301
2021-04-14,42.88267517089844,2899395
2021-04-15,42.85424041748047,2952164
2021-04-16,44.00861740112305,6387041
2021-04-19,43.195438385009766,3900859
2021-04-20,41.90457534790039,5086949
2021-04-21,41.836334228515625,4196339
2021-04-22,41.955753326416016,2620658
2021-04-23,41.9102668762207,3346698
2021-04-26,42.47323989868164,3126765
2021-04-27,42.4277458190918,2848591
2021-04-28,42.74619674682617,2291550
2021-04-29,41.90457534790039,4471508
2021-04-30,42.10929489135742,3190805
2021-05-03,42.31401062011719,1924216
2021-05-04,41.17668914794922,3812963
2021-05-05,41.00609588623047,7753312
2021-05-06,41.364349365234375,3901662
2021-05-07,41.7453498840332,4426854
2021-05-10,41.94438552856445,3149611
2021-05-11,41.14825439453125,3944906
2021-05-12,41.48945617675781,3031059
2021-05-13,41.09708023071289,3398568
2021-05-14,42.05242919921875,2976788
2021-05-17,42.26283264160156,1805798
2021-05-18,42.53010177612305,2840478
2021-05-19,41.20512390136719,3370417
2021-05-20,42.7291374206543,4009132
2021-05-21,42.95091247558594,3472403
2021-05-25,43.58212661743164,3455045
2021-05-26,44.09391784667969,2908400
2021-05-27,44.28157424926758,5962306
2021-05-28,43.58212661743164,3067572
2021-05-31,43.31485366821289,1478106
2021-06-01,44.423744201660156,2922270
2021-06-02,44.77062225341797,2311774
2021-06-03,45.46438980102539,3301122
2021-06-04,45.23124313354492,2102502
2021-06-07,45.57243728637695,2124393
2021-06-08,44.91847610473633,2439652
2021-06-09,44.57159423828125,2375938
2021-06-10,44.452178955078125,2353825
2021-06-11,45.33928298950195,2133294
2021-06-14,44.87866973876953,2120560
2021-06-15,45.04927062988281,1970364
2021-06-16,44.9469108581543,3688010
2021-06-17,45.18574905395508,2867920
2021-06-18,43.832332611083984,6970919
2021-06-21,45.128883361816406,3436962
2021-06-22,45.11182403564453,2399406
2021-06-23,44.526100158691406,2109991
2021-06-24,44.8388671875,2585061
2021-06-25,44.224708557128906,2531395
2021-06-28,43.195438385009766,2891713
2021-06-29,43.377403259277344,2056317
2021-06-30,42.82012176513672,3197163
2021-07-01,43.21249771118164,2198580
2021-07-02,43.348968505859375,2028429
2021-07-05,43.16699981689453,1690180
2021-07-06,41.461021423339844,3693164
2021-07-07,41.17100524902344,4490687
2021-07-08,40.221343994140625,4375992
2021-07-09,41.44964599609375,3932627
2021-07-12,41.66005325317383,3248098
2021-07-13,41.51789093017578,2395746
2021-07-14,41.79653549194336,1989477
2021-07-15,41.614559173583984,3016690
2021-07-16,40.78431701660156,2596183
2021-07-19,39.5958137512207,4067435
2021-07-20,39.84602355957031,3350883
2021-07-21,40.28389358520508,4678216
2021-07-22,40.590972900390625,2923648
2021-07-23,42.803062438964844,5627327
2021-07-26,42.905418395996094,2823587
2021-07-27,42.0865478515625,2845684
2021-07-28,42.1149787902832,1960085
2021-07-29,43.30348205566406,3186973
2021-07-30,42.80874252319336,3331215
2021-08-02,43.46839141845703,2728019
2021-08-03,43.076019287109375,2069037
2021-08-04,43.18406295776367,2209851
2021-08-05,42.88267517089844,2020044
2021-08-06,43.2352409362793,2009769
2021-08-09,42.41068649291992,2253593
2021-08-10,42.33106994628906,1566928
2021-08-11,42.5812873840332,2025237
2021-08-12,42.99641036987305,2323510
2021-08-13,43.013465881347656,1598599
2021-08-16,42.223026275634766,2181997
2021-08-17,41.3757209777832,2568863
2021-08-18,40.83549118041992,2943011
2021-08-19,39.590126037597656,3930087
2021-08-20,39.74366760253906,2710244
2021-08-23,39.732295989990234,2649217
2021-08-24,40.22702407836914,2442814
2021-08-25,40.443115234375,2219826
2021-08-26,40.204280853271484,1839595
2021-08-27,40.494300842285156,1469640
2021-08-30,40.71607971191406,1655412
2021-08-31,40.61371994018555,3451643
2021-09-01,40.41468811035156,1953107
2021-09-02,40.15879440307617,2276351
2021-09-03,39.902889251708984,2062360
2021-09-06,39.857398986816406,2398664
2021-09-07,40.02231216430664,2132096
2021-09-08,39.07264709472656,3945920
2021-09-09,38.95322799682617,3170969
2021-09-10,39.317169189453125,2724702
2021-09-13,40.7729377746582,4162981
2021-09-14,41.23924255371094,3736886
2021-09-15,41.233558654785156,3156383
2021-09-16,41.01746368408203,2955286
2021-09-17,40.5796012878418,7890973
2021-09-20,39.32286071777344,5583554
2021-09-21,39.40815734863281,3127718
2021-09-22,40.90373229980469,3347861
2021-09-23,41.52357864379883,3250192
2021-09-24,42.24008560180664,3152656
2021-09-27,43.104454040527344,4125421
2021-09-28,43.348968505859375,6220865
2021-09-29,44.01430130004883,2698406
2021-09-30,43.62761688232422,3510584
2021-10-01,43.997249603271484,4364989
2021-10-04,43.79253005981445,3119630
2021-10-05,43.89488220214844,2591501
2021-10-06,42.97365951538086,4142643
2021-10-07,44.71944808959961,4517811
2021-10-08,45.879512786865234,5255271
2021-10-11,47.19880676269531,4688160
2021-10-12,46.806427001953125,3397974
2021-10-13,46.37993621826172,3272879
2021-10-14,47.323909759521484,3875226
2021-10-15,47.56843566894531,3223187
2021-10-18,46.60171127319336,3159249
2021-10-19,46.840545654296875,2164070
2021-10-20,46.60171127319336,3012913
2021-10-21,46.47660446166992,2341119
2021-10-22,46.69269561767578,2162956
2021-10-25,47.13624954223633,3560301
2021-10-26,47.255672454833984,2595040
2021-10-27,47.528629302978516,2858244
2021-10-28,47.68216323852539,2372841
2021-10-29,48.75693130493164,5260178
2021-11-01,49.46207046508789,2778156
2021-11-02,49.524627685546875,2883037
2021-11-03,49.490509033203125,2530050
2021-11-04,49.47344207763672,5210652
2021-11-05,49.80895233154297,3141992
2021-11-08,49.6042366027832,1759762
2021-11-09,49.712284088134766,2130057
2021-11-10,50.09328079223633,3088772
2021-11-11,49.678165435791016,3433829
2021-11-12,49.979557037353516,2291844
2021-11-15,50.51409149169922,2203615
2021-11-16,50.73018264770508,2856047
2021-11-17,50.84960174560547,2439189
2021-11-18,51.69121551513672,3773730
2021-11-19,51.06000518798828,5416901
2021-11-22,51.73102569580078,3033320
2021-11-23,51.20217514038086,2865450
2021-11-24,50.25251388549805,3682508
2021-11-25,50.25819778442383,1530625
2021-11-26,47.28978729248047,7674920
2021-11-29,47.0850715637207,4625902
2021-11-30,47.19880676269531,7133155
2021-12-01,49.24029541015625,5023572
2021-12-02,48.96733856201172,4551161
2021-12-03,48.69438171386719,4076334
2021-12-06,48.6033935546875,3377348
2021-12-07,49.36539840698242,4490188
2021-12-08,48.80242919921875,3998665
2021-12-09,49.007144927978516,4156361
2021-12-10,50.76424026489258,7213204
2021-12-13,50.59331130981445,4680761
2021-12-14,48.86357116699219,4265644
2021-12-15,48.62427520751953,2931838
2021-12-16,49.04816818237305,3421998
2021-12-17,47.00392532348633,7737176
2021-12-20,46.012569427490234,4786790
2021-12-21,46.915042877197266,2264407
2021-12-22,47.64659881591797,1839788
2021-12-23,47.92007064819336,1620249
2021-12-27,47.78333282470703,1243078
2021-12-28,47.585060119628906,1494742
2021-12-29,46.648406982421875,2470115
2021-12-30,46.210838317871094,2237979
2022-01-03,46.96974182128906,2654611
2022-01-04,49.3011360168457,4936145
2022-01-05,51.27700424194336,5106683
2022-01-06,51.215476989746094,3602804
2022-01-07,50.29248809814453,2755179
2022-01-10,49.943809509277344,2384947
2022-01-11,49.595123291015625,2488494
2022-01-12,50.196773529052734,2946446
2022-01-13,51.57100296020508,3906108
2022-01-14,51.13343048095703,2448641
2022-01-17,50.77107620239258,1926199
2022-01-18,51.030879974365234,2955090
2022-01-19,50.93516159057617,3104068
2022-01-20,50.046363830566406,3532959
2022-01-21,49.17806625366211,4055043
2022-01-24,46.696266174316406,5020505
2022-01-25,47.051780700683594,3132631
2022-01-26,48.20722579956055,2931917
2022-01-27,48.6447868347168,2960980
2022-01-28,47.7696647644043,3281757
2022-01-31,47.81068801879883,2650761
2022-02-01,47.96793746948242,2186518
2022-02-02,47.44832229614258,2056085
2022-02-03,47.64659881591797,2636950
2022-02-04,46.37493133544922,3544933
2022-02-07,46.19032669067383,2619261
2022-02-08,46.19032669067383,2866739
2022-02-09,48.22773361206055,4477504
2022-02-10,47.687618255615234,2499973
2022-02-11,50.89413833618164,7685106
2022-02-14,50.805259704589844,6449171
2022-02-15,51.536808013916016,4255754
2022-02-16,51.83763885498047,3338076
2022-02-17,52.0017204284668,3129408
2022-02-18,51.68038558959961,2876383
2022-02-21,50.61381912231445,3466863
2022-02-22,50.060035705566406,3938250
2022-02-23,50.29932403564453,3345429
2022-02-24,47.031272888183594,8297015
2022-02-25,49.26694869995117,6292551
2022-02-28,47.974769592285156,5868911
2022-03-01,45.42459487915039,6811103
2022-03-02,43.797401428222656,8133642
2022-03-03,41.16518020629883,6123312
2022-03-04,39.65422058105469,9611532
2022-03-07,39.23716735839844,8645172
2022-03-08,38.97052764892578,6732058
2022-03-09,41.95143127441406,6946066
2022-03-10,40.39944839477539,6757062
2022-03-11,40.05759811401367,6157828
2022-03-14,41.54121017456055,4719598
2022-03-15,42.484710693359375,5067779
2022-03-16,44.61783981323242,6129054
2022-03-17,43.756378173828125,4486444
2022-03-18,42.81972122192383,8469566
2022-03-21,43.29146957397461,2621597
2022-03-22,43.86577224731445,3027640
2022-03-23,43.29146957397461,2832496
2022-03-24,43.154727935791016,2963436
2022-03-25,43.21626281738281,2499241
2022-03-28,43.69485092163086,2760387
2022-03-29,45.70490264892578,4830793
2022-03-30,44.67936706542969,3326372
2022-03-31,43.62648010253906,4179264
2022-04-01,43.40769958496094,2848350
2022-04-04,43.93414306640625,2538008
2022-04-05,43.04533767700195,3425810
2022-04-06,42.54624557495117,4539402
2022-04-07,42.58042526245117,2920342
2022-04-08,43.22309875488281,2477629
2022-04-11,42.655635833740234,3274607
2022-04-12,42.73084259033203,2791096
2022-04-13,42.97697067260742,2297064
2022-04-14,43.29146957397461,3459542
2022-04-19,43.94781494140625,2834276
2022-04-20,44.67936706542969,3107995
2022-04-21,45.02121353149414,3029738
2022-04-22,44.2554817199707,3535982
2022-04-25,43.64015579223633,4119685
2022-04-26,43.01115798950195,4784384
2022-04-27,43.674339294433594,5329559
2022-04-28,45.47245407104492,5497785
2022-04-29,45.87582778930664,6141085
2022-05-02,45.964481353759766,4880723
2022-05-03,46.452049255371094,3449636
2022-05-04,46.04574203491211,2525642
2022-05-05,45.063209533691406,3077742
2022-05-06,45.86105728149414,3781433
2022-05-09,44.73817443847656,2550726
2022-05-10,45.15925216674805,2562459
2022-05-11,47.17601776123047,4564813
2022-05-12,46.91745376586914,3339970
2022-05-13,47.35331344604492,3062818
2022-05-16,46.95439147949219,2472225
2022-05-17,48.12160110473633,2785107
2022-05-18,47.840885162353516,2660096
2022-05-19,46.74754333496094,3904945
2022-05-20,46.76232147216797,4037406
2022-05-23,47.69313049316406,2226726
2022-05-24,47.06520080566406,2312803
2022-05-25,47.27943801879883,2180008
2022-05-26,48.165924072265625,2741419
2022-05-27,48.771690368652344,2659850
2022-05-30,48.95637893676758,1714484
2022-05-31,48.90467071533203,8549353
2022-06-01,49.71728515625,2800907
2022-06-02,50.08665466308594,2123752
2022-06-03,49.75422286987305,2015728
2022-06-06,50.40431594848633,1860110
2022-06-07,50.06448745727539,1824079
2022-06-08,50.19746398925781,2396213
2022-06-09,49.45872116088867,2377373
2022-06-10,47.95169448852539,3222045
2022-06-13,45.91276550292969,4698245
2022-06-14,46.01618957519531,3057644
2022-06-15,46.86574172973633,3421889
2022-06-16,45.5803337097168,3319069
2022-06-17,45.750240325927734,8659417
2022-06-20,46.52592468261719,1856646
2022-06-21,47.40502166748047,2127892
2022-06-22,46.11222457885742,3001216
2022-06-23,43.27545928955078,4503913
2022-06-24,43.260684967041016,4012939
2022-06-27,43.763031005859375,2602482
2022-06-28,43.53402328491211,2304696
2022-06-29,42.551490783691406,3125816
2022-06-30,40.79329299926758,5239689
2022-07-01,40.63076400756836,3058854
2022-07-04,39.485721588134766,2788226
2022-07-05,37.697967529296875,4302723
2022-07-06,37.395076751708984,3383302
2022-07-07,39.78121566772461,3913441
2022-07-08,41.27347183227539,3874127
2022-07-11,39.58175277709961,3197596
2022-07-12,39.892024993896484,2414937
2022-07-13,38.05995178222656,4001175
2022-07-14,37.43940353393555,3820841
2022-07-15,39.057247161865234,4988165
2022-07-18,39.86986541748047,2724224
2022-07-19,41.69455337524414,3477506
2022-07-20,40.91887283325195,2748669
2022-07-21,40.68986892700195,2404588
2022-07-22,40.401756286621094,1977983
2022-07-25,40.963199615478516,2161496
2022-07-26,40.091487884521484,2622172
2022-07-27,41.55419158935547,3433910
2022-07-28,41.91617965698242,3058351
2022-07-29,42.270774841308594,3086825
2022-08-01,42.4406852722168,2240864
2022-08-02,42.69924545288086,2267997
2022-08-03,43.38627243041992,3019430
2022-08-04,43.681766510009766,3128523
2022-08-05,43.51924514770508,2081223
2022-08-08,44.67168045043945,2157053
2022-08-09,44.05113983154297,1540043
2022-08-10,44.708614349365234,1477512
2022-08-11,44.708614349365234,1334795
2022-08-12,45.01150131225586,1661009
2022-08-15,44.73817443847656,1231335
2022-08-16,45.225738525390625,1399574
2022-08-17,44.39096450805664,1939799
2022-08-18,44.575645446777344,1451857
2022-08-19,42.913475036621094,3083542
2022-08-22,41.30302047729492,2742003
2022-08-23,41.91617965698242,2197419
2022-08-24,41.24392318725586,2228760
2022-08-25,41.598514556884766,1778662
2022-08-26,40.63076400756836,2788422
2022-08-29,41.50248336791992,1969692
2022-08-30,41.93095016479492,2416581
2022-08-31,41.45815658569336,2579501
2022-09-01,40.63076400756836,1943324
2022-09-02,42.536720275878906,3231350
2022-09-05,39.62607955932617,3874435
2022-09-06,40.808067321777344,2218159
2022-09-07,41.43599319458008,1848813
2022-09-08,40.66770553588867,2837453
2022-09-09,41.64284133911133,2197430
2022-09-12,43.792579650878906,3448989
2022-09-13,43.0390625,3070445
2022-09-14,42.66230392456055,2925812
2022-09-15,42.514556884765625,2127022
2022-09-16,42.123023986816406,5775034
2022-09-19,42.49239730834961,1470842
2022-09-20,42.108253479003906,1811591
2022-09-21,42.35203552246094,1367175
2022-09-22,41.443382263183594,1930789
2022-09-23,39.825538635253906,2821988
2022-09-26,40.46085739135742,2205489
2022-09-27,40.27616882324219,2423870
2022-09-28,40.217071533203125,2749282
2022-09-29,38.732200622558594,4101909
2022-09-30,38.67310333251953,3648879
2022-10-03,39.14590072631836,2511294
2022-10-04,40.63076400756836,2920928
2022-10-05,39.16067123413086,2697461
2022-10-06,39.77383041381836,2066809
2022-10-07,38.86517333984375,2278524
2022-10-10,38.451480865478516,2177491
2022-10-11,39.04247283935547,2670358
2022-10-12,38.983375549316406,1939609
2022-10-13,39.611305236816406,2368282
2022-10-14,39.788604736328125,2157075
2022-10-17,40.81545639038086,1776863
2022-10-18,42.211669921875,2913706
2022-10-19,42.45545959472656,1794682
2022-10-20,42.108253479003906,2004413
2022-10-21,42.05653762817383,3061172
2022-10-24,43.17203903198242,2501917
2022-10-25,43.0686149597168,2382138
2022-10-26,43.54140853881836,2716922
2022-10-27,43.44537353515625,2247948
2022-10-28,42.99473571777344,2818548
2022-10-31,43.29023361206055,1472138
2022-11-01,43.68915557861328,1617080
2022-11-02,42.87654113769531,1935690
2022-11-03,42.15996170043945,2531028
2022-11-04,44.13240432739258,2986616
2022-11-07,44.19888687133789,1982248
2022-11-08,44.82681655883789,2214419
2022-11-09,44.26537322998047,1656985
2022-11-10,46.7918701171875,4408393
2022-11-11,47.8630485534668,3448590
2022-11-14,47.97385787963867,1863787
2022-11-15,48.15854263305664,1814287
2022-11-16,45.17402648925781,5855377
2022-11-17,44.486995697021484,2955510
2022-11-18,45.964481353759766,4348709
2022-11-21,45.73546600341797,1389921
2022-11-22,45.9201545715332,1597248
2022-11-23,45.86105728149414,1565578
2022-11-24,46.171329498291016,1181204
2022-11-25,46.07529067993164,1251984
2022-11-28,45.439971923828125,1822227
2022-11-29,46.20087814331055,2166881
2022-11-30,47.57493591308594,4058987
2022-12-01,47.397640228271484,1819216
2022-12-02,47.345924377441406,1784916
2022-12-05,47.47151184082031,2148286
2022-12-06,47.11691665649414,1529196
2022-12-07,46.62934494018555,1582496
2022-12-08,46.62934494018555,1804621
2022-12-09,47.8630485534668,2692302
2022-12-12,47.316375732421875,1797201
2022-12-13,47.730072021484375,2463128
2022-12-14,47.69313049316406,2312355
2022-12-15,45.87582778930664,3837595
2022-12-16,45.824119567871094,5172715
2022-12-19,46.26736068725586,1503334
2022-12-20,45.80195617675781,1788337
2022-12-21,46.43727493286133,1292377
2022-12-22,45.063209533691406,1950310
2022-12-23,45.321773529052734,961726
2022-12-27,45.71331024169922,744145
2022-12-28,45.30699920654297,1293906
2022-12-29,45.80195617675781,1006366
2022-12-30,45.35871124267578,867268
2023-01-02,47.11691665649414,1836012
2023-01-03,47.316375732421875,1630673
2023-01-04,48.65349578857422,2715145
2023-01-05,49.059810638427734,1793620
2023-01-06,49.096736907958984,2127422
2023-01-09,49.7320556640625,2399636
2023-01-10,50.04971694946289,2376716
2023-01-11,50.337825775146484,2116073
2023-01-12,50.899269104003906,2712212
2023-01-13,49.52521514892578,3072434
2023-01-16,49.613861083984375,1466111
2023-01-17,49.66557693481445,1582531
2023-01-18,49.71728515625,1245010
2023-01-19,48.402320861816406,2152459
2023-01-20,48.60178756713867,2128467
2023-01-23,49.69511795043945,1724442
2023-01-24,50.04971694946289,2031321
2023-01-25,49.938907623291016,1309779
2023-01-26,50.45602798461914,1733510
2023-01-27,50.877113342285156,1970350
2023-01-30,50.027557373046875,2593538
2023-01-31,50.345218658447266,2386354
2023-02-01,51.41638946533203,2608230
2023-02-02,53.33711242675781,4335198
2023-02-03,53.18936538696289,3214000
2023-02-06,53.078556060791016,1925947
2023-02-07,53.152427673339844,1661559
2023-02-08,53.03423309326172,1721447
2023-02-09,53.920719146728516,2361035
2023-02-10,53.15981674194336,2045968
2023-02-13,52.79783630371094,1207531
2023-02-14,52.80522537231445,1602344
2023-02-15,53.455318450927734,1530975
2023-02-16,53.61784362792969,2101550
2023-02-17,55.1396484375,5170528
2023-02-20,55.30955505371094,1619956
2023-02-21,55.10270309448242,1779722
2023-02-22,54.65208053588867,1935831
2023-02-23,54.74810791015625,2167050
2023-02-24,53.145042419433594,5234674
2023-02-27,53.62522506713867,1552245
2023-02-28,53.66954803466797,2395280
2023-03-01,54.171897888183594,2058806
2023-03-02,54.386131286621094,1635655
2023-03-03,55.84144592285156,2941485
2023-03-06,55.97441864013672,1543597
2023-03-07,55.65676498413086,1336673
2023-03-08,55.49424362182617,1804184
2023-03-09,55.23568344116211,1935647
2023-03-10,54.68900680541992,2665376
2023-03-13,52.95296859741211,4137051
2023-03-14,53.795135498046875,2859137
2023-03-15,51.822696685791016,4519645
2023-03-16,51.97782897949219,4593018
2023-03-17,51.16521453857422,9158469
2023-03-20,51.076568603515625,2625711
2023-03-21,52.066490173339844,2673789
2023-03-22,52.576210021972656,1921978
2023-03-23,52.24378204345703,1650894
2023-03-24,51.453330993652344,3513012
2023-03-27,52.80522537231445,2052688
2023-03-28,53.10810852050781,1355205
2023-03-29,51.97782897949219,3853734
2023-03-30,52.3841438293457,2582982
2023-03-31,52.28810501098633,3241795
2023-04-03,52.0147705078125,3464723
2023-04-04,52.036930084228516,2396840
2023-04-05,50.552059173583984,3362207
2023-04-06,50.10143280029297,2319896
2023-04-11,50.88449478149414,2427777
2023-04-12,51.22431182861328,1983591
2023-04-13,51.55675506591797,1779787
2023-04-14,52.0147705078125,2400954
2023-04-17,51.1578254699707,2327453
2023-04-18,51.83747100830078,2710343
2023-04-19,52.16252136230469,2085092
2023-04-20,50.40431594848633,4028108
2023-04-21,51.12827682495117,4229716
2023-04-24,51.63062286376953,1951192
2023-04-25,51.53458786010742,2010841
2023-04-26,51.756202697753906,2143895
2023-04-27,51.756202697753906,2705371
2023-04-28,52.14036178588867,4484728
2023-05-02,51.3868408203125,3619970
2023-05-03,51.89657211303711,4057074
2023-05-04,51.904544830322266,4895234
2023-05-05,53.19697570800781,3347560
2023-05-08,53.19697570800781,2022023
2023-05-09,53.57194137573242,2778602
2023-05-10,53.978816986083984,2685946
2023-05-11,54.06657028198242,2752091
2023-05-12,54.13837432861328,2180549
2023-05-15,54.250064849853516,1655858
2023-05-16,53.77138900756836,2505551
2023-05-17,54.553226470947266,2414124
2023-05-18,56.24455642700195,3489030
2023-05-19,56.787052154541016,4060785
2023-05-22,56.96257400512695,1878847
2023-05-23,56.85087585449219,1754573
2023-05-24,55.78183364868164,2779971
2023-05-25,56.04510498046875,1966352
2023-05-26,56.994483947753906,2199584
2023-05-29,56.77109909057617,1509671
2023-05-30,56.80300521850586,1836543
2023-05-31,55.66216278076172,9349162
2023-06-01,56.29241943359375,1760173
2023-06-02,57.632713317871094,3128986
2023-06-05,57.4731559753418,1675542
2023-06-06,57.465179443359375,1293109
2023-06-07,57.81621551513672,2140621
2023-06-08,58.23904037475586,2603334
2023-06-09,57.919925689697266,1472053
2023-06-12,58.717716217041016,1922110
2023-06-13,59.339996337890625,2562255
2023-06-14,60.113861083984375,3412044
2023-06-15,59.97823715209961,2180019
2023-06-16,60.71220397949219,9064187
2023-06-19,60.26544189453125,1454192
2023-06-20,59.87451934814453,1844673
2023-06-21,59.076725006103516,2441517
2023-06-22,57.72047805786133,2615289
2023-06-23,57.465179443359375,2021890
2023-06-26,57.42529296875,2108434
2023-06-27,57.30562210083008,2047053
2023-06-28,57.8720588684082,1666174
2023-06-29,58.22308349609375,1359574
2023-06-30,58.7735595703125,2983542
2023-07-03,58.73367691040039,1667671
2023-07-04,58.03959274291992,1704565
2023-07-05,58.693782806396484,2170925
2023-07-06,56.9785270690918,2696415
2023-07-07,57.40135192871094,2193616
2023-07-10,57.36944580078125,1165077
2023-07-11,57.74441146850586,1577401
2023-07-12,57.92790222167969,2075037
2023-07-13,58.07948303222656,2193914
2023-07-14,57.7843017578125,1403461
2023-07-17,57.85609817504883,1318088
2023-07-18,57.81621551513672,1476416
2023-07-19,57.35348892211914,1739005
2023-07-20,57.09021759033203,1984640
2023-07-21,56.80300521850586,2682292
2023-07-24,56.96257400512695,1834338
2023-07-25,56.81896209716797,1363722
2023-07-26,55.813743591308594,3825392
2023-07-27,58.015663146972656,4881783
2023-07-28,58.6858024597168,2522824
2023-07-31,57.95183563232422,1939953
2023-08-01,56.57962417602539,3075871
2023-08-02,56.68334197998047,1997851
2023-08-03,56.77109909057617,2051658
2023-08-04,57.04235076904297,1571767
2023-08-07,56.96257400512695,1545919
2023-08-08,56.06903839111328,2394838
2023-08-09,55.446754455566406,1733233
2023-08-10,56.10892868041992,1903057
2023-08-11,55.1356201171875,2450747
2023-08-14,54.92021179199219,1957208
2023-08-15,54.35377502441406,1639229
2023-08-16,54.473445892333984,1558031
2023-08-17,53.867122650146484,1978472
2023-08-18,53.46822738647461,2654962
2023-08-21,53.88308334350586,1734287
2023-08-22,54.08252716064453,1279950
2023-08-23,53.88308334350586,1797299
2023-08-24,53.44429397583008,1921427
2023-08-25,53.452274322509766,1411722
2023-08-28,53.79532241821289,1847514
2023-08-29,54.11444091796875,2263590
2023-08-30,53.85914993286133,1981494
2023-08-31,53.88308334350586,7356061
2023-09-01,52.542781829833984,3407902
2023-09-04,53.05337142944336,1721615
2023-09-05,53.380470275878906,1915375
2023-09-06,52.845943450927734,1868524
2023-09-07,52.09601974487305,2146909
2023-09-08,52.51885223388672,2258116
2023-09-11,52.83797073364258,2417449
2023-09-12,53.380470275878906,2676363
2023-09-13,53.33259963989258,3529751
2023-09-14,53.02145767211914,3030009
2023-09-15,53.619808197021484,4884518
2023-09-18,53.0055046081543,2471988
2023-09-19,53.32461929321289,1749962
2023-09-20,54.417598724365234,2661750
2023-09-21,53.79532241821289,1703195
2023-09-22,53.715545654296875,2017943
2023-09-25,52.95763397216797,2525595
2023-09-26,52.223663330078125,2379936
2023-09-27,52.064109802246094,1770969
2023-09-28,52.566715240478516,2121972
2023-09-29,52.566715240478516,2242431
2023-10-02,52.34333419799805,1800099
2023-10-03,51.80083465576172,1708507
2023-10-04,51.80083465576172,2371506
2023-10-05,51.393959045410156,1629229
2023-10-06,50.93921661376953,3411439
2023-10-09,50.62009811401367,1704444
2023-10-10,51.54553985595703,2336447
2023-10-11,51.73701095581055,2216892
2023-10-12,52.008262634277344,1425955
2023-10-13,51.31418228149414,2178624
2023-10-16,51.617340087890625,1684499
2023-10-17,51.75297164916992,1555144
2023-10-18,51.20248794555664,1671117
2023-10-19,50.62009811401367,2859429
2023-10-20,49.471275329589844,4497505
2023-10-23,49.22395706176758,3481693
2023-10-24,49.08833312988281,2104956
2023-10-25,48.96866226196289,2615103
2023-10-26,46.144466400146484,8028344
2023-10-27,44.844058990478516,5563262
2023-10-30,44.341453552246094,3801648
2023-10-31,44.221778869628906,4005904
2023-11-01,44.652591705322266,3838016
2023-11-02,45.88917541503906,3882307
2023-11-03,46.19233703613281,4028205
2023-11-06,45.897151947021484,2340378
2023-11-07,45.370609283447266,2498745
2023-11-08,45.83332824707031,2257548
2023-11-09,45.70568084716797,2046433
2023-11-10,45.067447662353516,2751051
2023-11-13,45.15520095825195,2480912
2023-11-14,46.264137268066406,3412347
2023-11-15,46.82258987426758,2511199
2023-11-16,46.23222351074219,2201153
2023-11-17,46.750789642333984,2603266
2023-11-20,47.01406478881836,2028002
2023-11-21,46.39976119995117,2239459
2023-11-22,46.49549865722656,1687437
2023-11-23,46.463584899902344,1324102
2023-11-24,46.71887969970703,2059372
2023-11-27,46.559322357177734,1800473
2023-11-28,46.24020004272461,2082850
2023-11-29,47.301273345947266,3050584
2023-11-30,47.532630920410156,3589967
2023-12-01,47.97939682006836,1957079
2023-12-04,48.282554626464844,2116842
2023-12-05,49.024505615234375,3039437
2023-12-06,49.758480072021484,2600586
2023-12-07,49.73454666137695,2073491
2023-12-08,50.15737533569336,2934602
2023-12-11,50.30097961425781,2199996
2023-12-12,50.0377082824707,2164014
2023-12-13,49.2558708190918,2621757
2023-12-14,50.65998840332031,4322932
2023-12-15,51.35407257080078,6512480
2023-12-18,50.691898345947266,2444623
2023-12-19,50.42862319946289,1758153
2023-12-20,50.372779846191406,1880142
2023-12-21,50.029727935791016,1594417
2023-12-22,50.14141845703125,1656994
2023-12-27,49.99781799316406,1234302
2023-12-28,49.670719146728516,1318193
2023-12-29,49.90208435058594,748677
2024-01-02,50.52436447143555,1724329
2024-01-03,49.62285614013672,2310818
2024-01-04,49.718589782714844,2207718
2024-01-05,49.90208435058594,2345812
2024-01-08,50.707855224609375,1681104
2024-01-09,50.89932632446289,2111832
2024-01-10,50.22917556762695,2266784
2024-01-11,49.63881301879883,2415628
2024-01-12,48.95270538330078,2974285
2024-01-15,49.000572204589844,1911584
2024-01-16,48.88888168334961,2225382
2024-01-17,47.3252067565918,3506283
2024-01-18,47.74005889892578,2416672
2024-01-19,47.15766525268555,3089578
2024-01-22,47.301273345947266,2169356
2024-01-23,48.04322052001953,2735630
2024-01-24,48.450096130371094,1859667
2024-01-25,47.66825866699219,2851011
2024-01-26,48.8729248046875,3214963
2024-01-29,49.36756134033203,2159220
2024-01-30,49.670719146728516,2006522
2024-01-31,50.14141845703125,3123530
2024-02-01,50.324913024902344,2449579
2024-02-02,51.330135345458984,3770724
2024-02-05,50.404693603515625,2387817
2024-02-06,51.026973724365234,1844561
2024-02-07,51.042930603027344,2028234
2024-02-08,51.88859558105469,1836118
2024-02-09,51.7928581237793,1751091
2024-02-12,52.375247955322266,1431014
2024-02-13,52.20771026611328,2324829
2024-02-14,52.27950668334961,1247134
2024-02-15,53.33259963989258,2872026
2024-02-16,53.75543212890625,2853188
2024-02-19,53.95487976074219,1774036
2024-02-20,53.276756286621094,2526297
2024-02-21,54.305912017822266,3552731
2024-02-22,56.858848571777344,7352263
2024-02-23,57.185951232910156,4349780
2024-02-26,56.9306526184082,2730537
2024-02-27,57.56889343261719,2467850
2024-02-28,58.558162689208984,3369399
2024-02-29,58.749629974365234,4241706
2024-03-01,59.1086311340332,4126828
2024-03-04,58.82940673828125,1924498
2024-03-05,58.845367431640625,1782226
2024-03-06,58.1193733215332,2513190
2024-03-07,57.76036834716797,2665450
2024-03-08,57.88003921508789,2024985
2024-03-11,57.76036834716797,1915139
2024-03-12,58.49433517456055,3658094
2024-03-13,57.83216857910156,2930477
2024-03-14,57.8720588684082,3021335
2024-03-15,58.318817138671875,7718621
2024-03-18,58.526248931884766,1790934
2024-03-19,59.15650939941406,2524749
2024-03-20,58.87727737426758,1631620
2024-03-21,58.51028823852539,2452128
2024-03-22,58.637939453125,1735721
2024-03-25,58.813453674316406,1377705
2024-03-26,58.598045349121094,2053627
2024-03-27,58.653892517089844,2007814
2024-03-28,58.885250091552734,2523071
2024-04-02,58.61400604248047,2459790
2024-04-03,58.96503448486328,2693400
2024-04-04,60.05003356933594,3037790
2024-04-05,59.603271484375,2919782
2024-04-08,61.119083404541016,4060772
2024-04-09,60.776031494140625,1879793
2024-04-10,60.63243103027344,2440713
2024-04-11,60.42499542236328,2083716
2024-04-12,60.129817962646484,2761599
2024-04-15,60.82389831542969,2436821
2024-04-16,59.52349090576172,3364354
2024-04-17,59.35595703125,1863829
2024-04-18,59.68304443359375,1799323
2024-04-19,59.148529052734375,2620156
2024-04-22,59.18842315673828,2146207
2024-04-23,59.076725006103516,2305021
2024-04-24,59.05278778076172,2223226
2024-04-25,58.41455841064453,2689932
2024-04-26,59.32404327392578,2632815
2024-04-29,59.667091369628906,2456200
2024-04-30,56.595584869384766,8393648
2024-05-02,56.571651458740234,3280527
2024-05-03,57.10617446899414,2609686
2024-05-06,57.864078521728516,2735872
2024-05-07,58.4783821105957,3251924
2024-05-08,57.895992279052734,4055379
2024-05-09,58.77936553955078,3430145
2024-05-10,58.64177322387695,4129482
2024-05-13,58.787967681884766,3638292
2024-05-14,59.62214660644531,3616857
2024-05-15,59.338356018066406,3804493
2024-05-16,58.75356674194336,3444772
2024-05-17,58.52997589111328,3298305
2024-05-20,57.73019790649414,3137023
2024-05-21,57.45500183105469,3152633
2024-05-22,56.552032470703125,4205029
2024-05-23,56.509033203125,3251540
2024-05-24,56.78422164916992,3457306
2024-05-27,57.00782012939453,2876501
2024-05-28,57.08521270751953,2770712
2024-05-29,56.30263900756836,3414908
2024-05-30,56.69822692871094,3371431
2024-05-31,57.1024169921875,4258600
2024-06-03,57.04221725463867,3259641
2024-06-04,56.35423278808594,3371598
2024-06-05,56.39723587036133,2829994
2024-06-06,56.56922912597656,2822962
2024-06-07,55.993045806884766,2832694
2024-06-10,56.34563446044922,3433214
2024-06-11,56.251041412353516,2618452
2024-06-12,55.74365234375,4045755
2024-06-13,54.73748016357422,4129584
2024-06-14,54.35049057006836,4296952
2024-06-17,54.685882568359375,3286072
2024-06-18,54.62568664550781,3348931
2024-06-19,54.89228057861328,3502734
2024-06-20,55.33086395263672,3434677
2024-06-21,54.74607849121094,7796754
2024-06-24,55.50286102294922,5794098
2024-06-25,55.73505401611328,3803385
2024-06-26,55.25346755981445,3783208
2024-06-27,54.54828643798828,2913012
2024-06-28,55.52865982055664,4116238
2024-07-01,55.72645950317383,3180533
2024-07-02,55.666259765625,2190700
2024-07-03,56.15644454956055,2660206
2024-07-04,56.70682907104492,1860262
2024-07-05,56.30263900756836,1852800
2024-07-08,56.23384094238281,1568407
2024-07-09,54.3074951171875,5259368
2024-07-10,54.99547576904297,2319816
2024-07-11,55.03847122192383,1896878
2024-07-12,55.70925521850586,2221246
2024-07-15,55.43406295776367,1287932
2024-07-16,54.65148162841797,2288680
2024-07-17,54.479488372802734,1859231
2024-07-18,55.38246536254883,2303093
2024-07-19,54.63428497314453,2626148
2024-07-22,55.25346755981445,1922287
2024-07-23,55.01267623901367,1924445
2024-07-24,54.5740852355957,2087885
2024-07-25,54.14409637451172,3069525
2024-07-26,54.19569778442383,3428669
2024-07-29,53.232521057128906,3162545
2024-07-30,53.00033187866211,2366200
2024-07-31,52.59614181518555,3191732
2024-08-01,51.10838317871094,5011332
2024-08-02,50.1366081237793,4403507
2024-08-05,48.9498405456543,5512461
2024-08-06,48.65745162963867,4381209
2024-08-07,49.74102020263672,3979891
2024-08-08,49.91301727294922,3170892
2024-08-09,49.71522521972656,2833651
2024-08-12,49.431427001953125,1827038
2024-08-13,49.397029876708984,1468641
2024-08-14,50.11081314086914,2321824
2024-08-15,51.245975494384766,3524580
2024-08-16,51.675968170166016,2706255
2024-08-19,52.20055389404297,1919994
2024-08-20,52.42414474487305,1534133
2024-08-21,53.198123931884766,2094335
2024-08-22,52.983131408691406,1466942
2024-08-23,53.39591979980469,1568220
2024-08-26,53.585113525390625,1134116
2024-08-27,53.80010986328125,1456113
2024-08-28,53.43891525268555,1525711
2024-08-29,53.64530944824219,1589038
2024-08-30,53.61091232299805,5031257
2024-09-02,53.284122467041016,1814966
2024-09-03,52.3725471496582,2112431
2024-09-04,51.503971099853516,2125959
2024-09-05,51.632965087890625,2087484
2024-09-06,50.26560592651367,3629612
2024-09-09,50.08501052856445,2115513
2024-09-10,47.642677307128906,6553320
2024-09-11,47.88347244262695,2739115
2024-09-12,47.87487030029297,2145779
2024-09-13,48.795047760009766,2445525
2024-09-16,48.623050689697266,1736912
2024-09-17,49.164833068847656,2265617
2024-09-18,49.5432243347168,1880169
2024-09-19,50.747188568115234,3205218
2024-09-20,47.29008865356445,12974515
2024-09-23,48.236061096191406,3480241
2024-09-24,48.87244415283203,3628476
2024-09-25,48.05546569824219,3152780
2024-09-26,49.62922286987305,3640198
2024-09-27,51.15998077392578,4089075
2024-09-30,49.91301727294922,4211463
2024-10-01,49.44862747192383,2462388
2024-10-02,49.31963348388672,1687377
2024-10-03,48.77784729003906,2392141
2024-10-04,49.29383087158203,2500725
2024-10-07,49.59482192993164,1294709
2024-10-08,48.537052154541016,2938069
2024-10-09,49.01864242553711,1986078
2024-10-10,49.190635681152344,1750213
2024-10-11,49.72382354736328,2454087
2024-10-14,49.672218322753906,1484578
2024-10-15,49.250831604003906,2866690
2024-10-16,48.82084655761719,2841983
2024-10-17,48.93264389038086,1716231
2024-10-18,49.27663040161133,2523894
2024-10-21,49.01864242553711,1158864
2024-10-22,49.34543228149414,1487786
2024-10-23,49.47442626953125,1907256
2024-10-24,50.188209533691406,3311420
2024-10-25,49.698020935058594,3687573
2024-10-28,49.388431549072266,2070594
2024-10-29,48.975643157958984,2382145
2024-10-30,48.502655029296875,3051700
2024-10-31,47.900672912597656,2542253
2024-11-01,48.11566925048828,1876036
2024-11-04,48.31346130371094,1396147
2024-11-05,48.07266616821289,1790790
2024-11-06,44.97675323486328,8329078
2024-11-07,46.24091720581055,4287603
2024-11-08,45.028350830078125,4468599
2024-11-11,45.449737548828125,3562640
2024-11-12,44.77035903930664,3689097
2024-11-13,44.2371711730957,4424408
2024-11-14,45.122947692871094,3244383
2024-11-15,45.535736083984375,2563264
2024-11-18,46.0173225402832,2090824
2024-11-19,45.46693801879883,3136359
2024-11-20,44.62416076660156,2007152
2024-11-21,44.58976364135742,2658294
2024-11-22,44.95095443725586,2463554
2024-11-25,45.43254089355469,3843923
2024-11-26,44.95955276489258,2307727
2024-11-27,45.00255584716797,1536542
2024-11-28,45.28634262084961,1722608
2024-11-29,45.544334411621094,2202011
2024-12-02,45.87972640991211,2624190
2024-12-03,44.71875762939453,3639208
2024-12-04,45.613136291503906,2577322
2024-12-05,45.9055290222168,2540821
2024-12-06,46.249515533447266,2344966
2024-12-09,47.74587631225586,3067587
2024-12-10,48.21886444091797,2769672
2024-12-11,47.89207077026367,2306885
2024-12-12,48.38225555419922,3000150
2024-12-13,48.61445236206055,2466855
2024-12-16,46.73970031738281,4845517
2024-12-17,46.48170852661133,2274637
2024-12-18,46.38711166381836,2496036
2024-12-19,45.98292541503906,2145399
2024-12-20,45.96572494506836,5432634
2024-12-23,45.33794021606445,1754633
2024-12-27,46.051719665527344,1997845
2024-12-30,46.26671600341797,809960
2025-01-02,45.47554016113281,2393516
2025-01-03,45.105751037597656,1477736
2025-01-06,46.731101989746094,4114191
2025-01-07,46.713905334472656,2438201
2025-01-08,45.84532928466797,2450937
2025-01-09,45.630332946777344,1767039
2025-01-10,47.33308792114258,4544291
2025-01-13,47.68567657470703,2274840
2025-01-14,47.77167510986328,1945433
2025-01-15,48.416656494140625,2285596
2025-01-16,47.436283111572266,2714974
2025-01-17,47.3760871887207,2591836
2025-01-20,48.47685241699219,3039528
2025-01-21,48.201663970947266,1996392
2025-01-22,48.3736572265625,1779763
2025-01-23,48.003868103027344,1806095
2025-01-24,48.838043212890625,2946290
2025-01-27,49.551822662353516,2550047
2025-01-28,50.25700378417969,2746931
2025-01-29,50.5150032043457,2181761
2025-01-30,51.02238845825195,1686811
2025-01-31,50.66979217529297,2123543
2025-02-03,49.19923400878906,4036531
2025-02-04,49.31103515625,2029163
2025-02-05,48.7176513671875,2447225
2025-02-06,49.46582794189453,2167318
2025-02-07,48.91544723510742,1998129
2025-02-10,49.49162673950195,1881145
2025-02-11,49.17343521118164,1978418
2025-02-12,49.87861633300781,2687822
2025-02-13,52.570343017578125,5139254
2025-02-14,52.733734130859375,2945013
2025-02-17,52.88853454589844,1824490
2025-02-18,53.499114990234375,2093787
2025-02-19,52.61334228515625,2745015
2025-02-20,51.28037643432617,3990432
2025-02-21,50.56659698486328,4007361
2025-02-24,51.29758071899414,2407404
2025-02-25,52.20055389404297,2098724
2025-02-26,52.82833480834961,1974930
2025-02-27,51.58136749267578,2725518
2025-02-28,51.40077590942383,4157028
2025-03-03,52.22635269165039,3357936
2025-03-04,49.71522521972656,5040808
2025-03-05,51.245975494384766,4451123
2025-03-06,53.57651138305664,4775007
2025-03-07,52.20055389404297,2864015
2025-03-10,53.284122467041016,3613491
2025-03-11,52.25214767456055,4046164
2025-03-12,52.02855682373047,1824873
2025-03-13,51.3577766418457,2758884
2025-03-14,51.57276916503906,2933762
2025-03-17,51.4953727722168,1872862
2025-03-18,52.699337005615234,2910571
2025-03-19,51.55556869506836,2214608
2025-03-20,50.30000686645508,3393659
2025-03-21,50.188209533691406,7410891
2025-03-24,50.437599182128906,2365705
2025-03-25,50.95358657836914,2203636
2025-03-26,49.904415130615234,2140217
2025-03-27,48.5628547668457,4804005
2025-03-28,47.943668365478516,2572723
2025-03-31,46.602108001708984,3831087
2025-04-01,46.636505126953125,2580527
2025-04-02,46.41291427612305,2147529
2025-04-03,44.51236343383789,4681619
2025-04-04,42.19472885131836,7911418
2025-04-07,42.177528381347656,9597233
2025-04-08,41.549747467041016,5421050
2025-04-09,40.09208679199219,5711669
2025-04-10,40.930564880371094,5310883
2025-04-11,41.44655227661133,4095267
2025-04-14,42.362422943115234,3063537
2025-04-15,43.11920166015625,2536682
2025-04-16,43.33419418334961,2300494
2025-04-17,43.19660186767578,1993456
2025-04-22,44.219970703125,2481265
2025-04-23,45.58733367919922,3151849
2025-04-24,46.27531814575195,1649627
2025-04-25,46.94609832763672,3250409
2025-04-28,47.27288818359375,2364594
2025-04-29,46.38711166381836,4119468
2025-04-30,45.122947692871094,4467210
2025-05-02,45.836727142333984,3648200
2025-05-05,46.37851333618164,2565587
2025-05-06,46.541908264160156,3213196
2025-05-07,46.430110931396484,4351646
2025-05-08,47.53269958496094,5007933
2025-05-09,47.71957778930664,3084685
2025-05-12,49.392147064208984,6323066
2025-05-13,50.40129089355469,2144270
2025-05-14,50.167694091796875,2286988
2025-05-15,49.73787307739258,2198848
2025-05-16,49.055763244628906,2190499
2025-05-19,49.27067565917969,1071382
2025-05-20,49.756561279296875,2372821
2025-05-21,49.73787307739258,1568501
2025-05-22,49.18657684326172,1532043
2025-05-23,47.22434997558594,4321619
2025-05-26,48.20546340942383,1592755
2025-05-27,48.214805603027344,1826319
2025-05-28,49.5229606628418,3367146
2025-05-29,49.3173942565918,1289091
2025-05-30,49.13985824584961,2502038
2025-06-02,47.82236099243164,2558685
2025-06-03,48.39234161376953,2064919
2025-06-04,48.15874481201172,1818432
2025-06-05,48.177433013916016,1833987
2025-06-06,47.98120880126953,1316652
2025-06-09,48.19612121582031,1290297
2025-06-10,48.70069122314453,1666335
2025-06-11,48.61659622192383,1739025
2025-06-12,48.270870208740234,1551066
2025-06-13,47.48597717285156,2464333
2025-06-16,47.112220764160156,1799945
2025-06-17,46.27593994140625,2321616
2025-06-18,45.733985900878906,2127140
2025-06-19,45.28080368041992,1636369
2025-06-20,45.43965530395508,5131471
2025-06-23,45.28080368041992,1509735
2025-06-24,46.126434326171875,1935645
2025-06-25,45.654563903808594,1704020
2025-06-26,44.99581527709961,2588111
2025-06-27,47.17763137817383,2838557
2025-06-30,46.430110931396484,2203688
2025-07-01,46.117088317871094,2781810
2025-07-02,47.392539978027344,2503470
2025-07-03,47.27106857299805,1846917
2025-07-04,46.79452896118164,1387929
2025-07-07,46.62633514404297,1143862
2025-07-08,47.551387786865234,1909233
2025-07-09,48.83150863647461,2918340
2025-07-10,49.6257438659668,2352634
2025-07-11,49.6257438659668,1550557
2025-07-14,48.42037582397461,1792125
2025-07-15,49.13985824584961,1199900
2025-07-16,48.20546340942383,2646446
2025-07-17,48.50447082519531,1510207
2025-07-18,47.962520599365234,1632052
2025-07-21,48.15874481201172,1300486
2025-07-22,47.654170989990234,1114969
2025-07-23,50.40129089355469,4558973
2025-07-24,50.532108306884766,2210987
2025-07-25,51.849605560302734,2960086
2025-07-28,50.18638229370117,3866767
2025-07-29,49.71918487548828,2119676
2025-07-30,48.018585205078125,3162137
2025-07-31,46.81321334838867,3387684
2025-08-01,45.87881851196289,2446923
2025-08-04,45.57046890258789,2149116
2025-08-05,46.168479919433594,1626576
2025-08-06,46.64501953125,1276549
2025-08-07,47.69154739379883,2196770
2025-08-08,48.70069122314453,1546558
2025-08-11,48.326934814453125,1221518
2025-08-12,48.81282043457031,1368167
2025-08-13,49.261329650878906,1318840
2025-08-14,49.63508605957031,1310434
2025-08-15,49.9995002746582,1819924
2025-08-18,49.336082458496094,1135805
2025-08-19,50.62554931640625,2197961
2025-08-20,50.522762298583984,1426301
2025-08-21,50.634891510009766,1334954
2025-08-22,51.52256774902344,1679161
2025-08-25,51.01799392700195,1111919
2025-08-26,50.476043701171875,1951865
2025-08-27,49.77524948120117,1470449
2025-08-28,50.19572830200195,1419606
2025-08-29,49.849998474121094,1340058
2025-09-01,50.21441650390625,725791
2025-09-02,49.541648864746094,1429724
2025-09-03,49.66312026977539,1398248
2025-09-04,49.6257438659668,1132221
2025-09-05,49.44820785522461,1328530
2025-09-08,49.055763244628906,1776629
2025-09-09,48.35496520996094,2008197
2025-09-10,48.485782623291016,1928223
2025-09-11,48.644630432128906,2340276
2025-09-12,48.29890060424805,1939546
2025-09-15,47.962520599365234,1782622
2025-09-16,47.934486389160156,2433147
2025-09-17,47.66351318359375,2400245
2025-09-18,48.177433013916016,2116327
2025-09-19,48.10268020629883,5666829
2025-09-22,47.45794677734375,2755126
2025-09-23,48.5605354309082,2391707
2025-09-24,49.102481842041016,2701334
2025-09-25,48.75675582885742,1968379
2025-09-26,49.82196807861328,2561440
2025-09-29,50.35457229614258,1742881
2025-09-30,49.962127685546875,1681461
2025-10-01,50.59751892089844,1849085
2025-10-02,51.40109634399414,2368968
2025-10-03,51.77485275268555,1584446
2025-10-06,51.76551055908203,1801001
2025-10-07,51.55059814453125,1967963
2025-10-08,50.04622268676758,2823319
2025-10-09,49.68180847167969,1711262
2025-10-10,49.709842681884766,2902505
2025-10-13,49.9340934753418,1222077
2025-10-14,48.85954284667969,1425624
2025-10-15,48.924949645996094,1607016
2025-10-16,49.27067565917969,1652645
2025-10-17,49.86868667602539,2238171
2025-10-20,50.29851150512695,1778475
2025-10-21,50.61620330810547,1457931
2025-10-22,49.4855842590332,2535227
2025-10-23,49.709842681884766,1484645
2025-10-24,50.223758697509766,1270305
2025-10-27,50.44801330566406,1423938
2025-10-28,51.06471633911133,2531811
2025-10-29,53.29792022705078,6427763
2025-10-30,52.72793960571289,2579469
2025-10-31,52.522369384765625,1784290
2025-11-03,53.55020523071289,2430952
2025-11-04,52.5504035949707,2269077
2025-11-05,54.409847259521484,3137536
2025-11-06,54.37247085571289,2003544
2025-11-07,54.53132247924805,1927167
2025-11-10,54.61541748046875,1868272
2025-11-11,54.914424896240234,1469834
2025-11-12,55.54046630859375,2543056
2025-11-13,55.86750793457031,1602634
2025-11-14,55.65259552001953,2110910
2025-11-17,54.680824279785156,1742217
2025-11-18,52.82137680053711,2687862
2025-11-19,53.223167419433594,1500603
2025-11-20,52.8961296081543,1817694
2025-11-21,53.279232025146484,2142627
2025-11-24,53.71839904785156,3141781
2025-11-25,54.40050506591797,1645576
2025-11-26,53.72774124145508,1189659
2025-11-27,54.316410064697266,1080720
2025-11-28,54.34444046020508,1444715
2025-12-01,55.194740295410156,2441415
2025-12-02,55.34424591064453,1436814
2025-12-03,53.86790084838867,2745791
2025-12-04,56.456172943115234,3357541
2025-12-05,57.55876159667969,2967929
2025-12-08,57.46532440185547,1684872
2025-12-09,57.072879791259766,1531183
2025-12-10,56.755184173583984,1842747
2025-12-11,57.13828659057617,1701350
2025-12-12,57.64285659790039,1408111
2025-12-15,56.9514045715332,1850860
2025-12-16,56.558956146240234,1992178
2025-12-17,56.13848114013672,1573543
2025-12-18,55.76472473144531,2421555
2025-12-19,55.91422653198242,4074725
2025-12-22,55.54046630859375,923597
2025-12-23,55.40965270996094,885825
2025-12-29,55.85816192626953,1643067
2025-12-30,56.12913513183594,1017759
2026-01-02,57.86711120605469,2229208
2026-01-05,56.47486114501953,2373348
2026-01-06,57.418601989746094,2073180
2026-01-07,56.40011215209961,1742440
2026-01-08,56.02635192871094,2211632
2026-01-09,56.409454345703125,2050862
2026-01-12,55.85816192626953,2175520
2026-01-13,55.93291473388672,1820861
2026-01-14,56.71780776977539,3140493
2026-01-15,55.44702911376953,2247947
2026-01-16,54.961143493652344,2284965
2026-01-19,53.76511764526367,2827641
2026-01-20,53.12038040161133,2336944
2026-01-21,53.970680236816406,2169093
2026-01-22,54.95180130004883,3303292
2026-01-23,54.475257873535156,1773861
2026-01-26,54.12018585205078,1364803
2026-01-27,53.19513702392578,2587541
2026-01-28,53.643646240234375,1761238
2026-01-29,53.54085922241211,1954651
2026-01-30,53.998714447021484,2511343
2026-02-02,54.58738327026367,2220583
2026-02-03,54.69016647338867,2550300
2026-02-04,56.9514045715332,3834681
2026-02-05,55.119991302490234,3044391
2026-02-06,54.92376708984375,2153755
2026-02-09,54.48460388183594,2162150
2026-02-10,54.53132247924805,2717061
2026-02-11,54.14822006225586,2892756
2026-02-12,53.36332702636719,5847985
2026-02-13,53.839866638183594,2501721
2026-02-16,53.86790084838867,1475201
2026-02-17,54.99851989746094,2032377
2026-02-18,55.50309371948242,1784592
2026-02-19,54.89573669433594,2098591
2026-02-20,55.35359191894531,2979441
2026-02-23,54.475257873535156,1960011
2026-02-24,55.063926696777344,1982969
2026-02-25,55.119991302490234,1548145
2026-02-26,55.12933349609375,1471648
2026-02-27,55.12933349609375,4004431
2026-03-02,52.914817810058594,3150830
2026-03-03,52.08320617675781,3303930
2026-03-04,52.812034606933594,2163310
2026-03-05,51.99911117553711,2170711
2026-03-06,51.18618392944336,2682889
2026-03-09,50.690956115722656,2395578
2026-03-10,51.438472747802734,2853448
2026-03-11,51.28896713256836,1757638
2026-03-12,51.62535095214844,2211335
2026-03-13,51.251590728759766,1900477
2026-03-16,50.223758697509766,2068811
2026-03-17,50.18638229370117,2284348
2026-03-18,49.962127685546875,2416300
2026-03-19,48.25218200683594,3413562
2026-03-20,47.523353576660156,8238286
2026-03-23,48.52315902709961,3872494
2026-03-24,48.270870208740234,1912937
2026-03-25,48.850196838378906,1890763
2026-03-26,48.56987762451172,1590161
2026-03-27,48.24283981323242,1573971
2026-03-30,48.25218200683594,1927038
2026-03-31,48.952980041503906,2644924
2026-04-01,49.41083526611328,2105663
2026-04-02,49.251983642578125,1575087
2026-04-07,48.56987762451172,4189414
2026-04-08,50.82176971435547,2946382
2026-04-09,49.756561279296875,3180898
2026-04-10,50.34523010253906,2289496
2026-04-13,50.64423751831055,2362179
2026-04-14,51.232906341552734,3222174
2026-04-15,50.887176513671875,3229787
2026-04-16,49.849998474121094,3445437
2026-04-17,52.65999984741211,5531027
2026-04-20,52.0099983215332,3104692
2026-04-21,51.150001525878906,3114704
2026-04-22,50.5,3211339
2026-04-23,50.58000183105469,2320957
2026-04-24,49.775001525878906,3152174
2026-04-27,49.525001525878906,3233285
2026-04-28,49.029998779296875,3727909
2026-04-29,48.755001068115234,4687631
2026-04-30,49.584999084472656,4135878
2026-05-04,47.92499923706055,3965353
2026-05-05,48.189998626708984,4674033
2026-05-06,50.18000030517578,5894294
2026-05-07,50.31999969482422,3015028
2026-05-08,50.130001068115234,2694063
2026-05-11,50.2599983215332,2554988
2026-05-12,50.220001220703125,2257990
2026-05-13,50.7599983215332,2633111
2026-05-14,51.02000045776367,2570544
2026-05-15,50.349998474121094,2669249
2026-05-18,49.970001220703125,2509247
2026-05-19,49.540000915527344,2081408
2026-05-20,50.0099983215332,2354228
2026-05-21,49.7599983215332,2618011
2026-05-22,50.119998931884766,1984999
2026-05-25,50.7599983215332,1793674
2026-05-26,50.91999816894531,1544606
2026-05-27,52.5099983215332,3676337
2026-05-28,52.709999084472656,1866991
2026-05-29,52.189998626708984,5540821
2026-06-01,51.439998626708984,3442319
2026-06-02,51.66999816894531,1460842
2026-06-03,49.95500183105469,1957678
2026-06-04,49.07500076293945,1850490
2026-06-05,47.994998931884766,2316429
2026-06-08,48.35499954223633,1989934
2026-06-09,47.70500183105469,2104399
2026-06-10,47.11000061035156,1820905
2026-06-11,47.435001373291016,1876571
2026-06-12,48.01499938964844,1940877
2026-06-15,49.375,2284326
2026-06-16,48.880001068115234,1786505
2026-06-17,46.75,3919697
2026-06-18,44.599998474121094,5410661
2026-06-19,45.275001525878906,6573313
2026-06-22,45.529998779296875,2680448
2026-06-23,45.2400016784668,2496738
2026-06-24,44.404998779296875,2661930
2026-06-25,44.6349983215332,1722955
2026-06-26,43.334999084472656,2677704
2026-06-29,43.08000183105469,2623400
2026-06-30,43.91999816894531,3600910
2026-07-01,43.790000915527344,1921937
2026-07-02,44.82500076293945,2199310
2026-07-03,45.2400016784668,1167470
2026-07-06,45.404998779296875,1162457
2026-07-07,45.970001220703125,2243076
2026-07-08,44.125,3334118
2026-07-09,43.900001525878906,1657207
2026-07-10,43.9900016784668,1559460
2026-07-13,44.290000915527344,2149072
2026-07-14,45.11000061035156,2276226
2026-07-15,46.28499984741211,2415376
2026-07-16,45.86000061035156,1550507
2026-07-17,45.5099983215332,2622020
2026-07-20,45.1349983215332,1838222
2026-07-21,44.904998779296875,1370343
2026-07-22,44.849998474121094,1538500
2026-07-23,44.31999969482422,1606107
2026-07-24,44.775001525878906,1605991
2026-07-27,45.314998626708984,2925562
2026-07-28,46.619998931884766,2991266
2026-07-29,46.85499954223633,2275850
2026-07-30,47.099998474121094,2579632
2026-07-31,46.72999954223633,2002197
2026-08-03,47.63999938964844,66877
