Date,Close
1996-10-31,0.6163802054609244
1996-11-01,0.2108020852787815
1996-11-04,0.35593751990031347
1996-11-05,0.8672629612207516
1996-11-06,0.7054619469264245
1996-11-07,-0.2677567659198001
1996-11-08,0.16679858884042506
1996-11-11,0.20122390726681752
1996-11-12,1.04777772276189
1996-11-13,-0.010159891452358622
1996-11-14,-0.010159891452358622
1996-11-15,0.7352795067705818
1996-11-18,-0.5351771591155987
1996-11-19,0.28225035455734726
1996-11-20,-0.3514624626777382
1996-11-21,0.16570394490697776
1996-11-22,0.27655581847319843
1996-11-25,0.8779251466012308
1996-11-26,0.22706545983485507
1996-11-27,-0.5574720748378054
1996-11-28,0.5844279044160091
1996-11-29,0.43675532025582425
1996-12-02,0.40940017253790817
1996-12-03,1.6316439237054599
1996-12-04,-0.505782438084186
1996-12-05,-0.7634908605606928
1996-12-06,-1.1043905888522043
1996-12-09,0.968879248855169
1996-12-10,0.08197805958621163
1996-12-11,-1.1048412272909072
1996-12-12,-0.19902613715909684
1996-12-13,-0.1523320757421488
1996-12-16,0.9993649067379
1996-12-17,-0.7830301073699392
1996-12-18,0.013481734602100916
1996-12-19,0.6227181328764999
1996-12-20,0.29161616969616344
1996-12-23,0.08224882156524703
1996-12-24,-0.010159891452358622
1996-12-25,-0.010159891452358622
1996-12-26,-0.010159891452358622
1996-12-27,0.813948019648382
1996-12-30,0.9555656528156695
1996-12-31,-0.010159891452358622
1997-01-01,-0.010159891452358622
1997-01-02,-1.066775997234385
1997-01-03,0.8906144531076374
1997-01-06,1.5259335052908867
1997-01-07,-0.5530473549009154
1997-01-08,1.1760270708702723
1997-01-09,0.329455644949609
1997-01-10,-0.22214709542326033
1997-01-13,1.7616875580491462
1997-01-14,1.420515413119426
1997-01-15,-1.1959407189996847
1997-01-16,-0.3984476748061487
1997-01-17,0.8439318941083389
1997-01-20,-1.3179581242873675
1997-01-21,-0.2593715131289395
1997-01-22,0.487063358321782
1997-01-23,0.5838227110781782
1997-01-24,-0.9765575796225336
1997-01-27,-0.15583383023043978
1997-01-28,1.1629252837157202
1997-01-29,-0.5416428516994868
1997-01-30,0.05147570662296342
1997-01-31,0.7029928465126934
1997-02-03,1.0891092091976802
1997-02-04,0.5983505638517053
1997-02-05,0.2233312338526198
1997-02-06,-0.010159891452358622
1997-02-07,-0.24365101675734205
1997-02-10,0.609877131469638
1997-02-11,0.2968079663174031
1997-02-12,-0.010159891452358622
1997-02-13,0.5601491636962495
1997-02-14,-0.5804689466009655
1997-02-17,-0.14418214646229996
1997-02-18,0.0664499044015526
1997-02-19,-0.35602461396064367
1997-02-20,0.3548675238183825
1997-02-21,-0.010159891452358622
1997-02-24,-1.0943176973044375
1997-02-25,0.6317193067906555
1997-02-26,-0.3592393572957813
1997-02-27,0.4547103527541477
1997-02-28,-0.029459141231061896
1997-03-03,0.45034627044858505
1997-03-04,1.9714835953899732
1997-03-05,0.2819076917757843
1997-03-06,0.26193369169383895
1997-03-07,0.6544911042540373
1997-03-10,-0.11730053599920681
1997-03-11,-0.22513757041716853
1997-03-12,-1.2475252878793146
1997-03-13,-0.028602000157676655
1997-03-14,1.3532180177773083
1997-03-17,-1.1894904228080558
1997-03-18,-0.8442462444294914
1997-03-19,0.17651287757512277
1997-03-20,-0.8369473188920209
1997-03-21,0.7420340783507414
1997-03-24,0.3059305613961196
1997-03-25,0.9618792417736477
1997-03-26,2.0499945585357504
1997-03-27,-1.0111904256134587
1997-03-28,-0.010159891452358622
1997-03-31,-0.010159891452358622
1997-04-01,-2.376026607775359
1997-04-02,-0.952703992560609
1997-04-03,-0.777937679407326
1997-04-04,0.719555279055431
1997-04-07,2.259067698272834
1997-04-08,-0.6869098791361795
1997-04-09,0.24704872320794463
1997-04-10,0.9869879093817785
1997-04-11,1.3861782746493874
1997-04-14,0.12895917072107435
1997-04-15,1.1561324752907565
1997-04-16,-0.010159891452358622
1997-04-17,-2.425769712008055
1997-04-18,-0.710725457956166
1997-04-21,-1.2757385329337538
1997-04-22,0.34171053092112375
1997-04-23,-0.0839923522597332
1997-04-24,0.0636725693550112
1997-04-25,-0.5296399648621136
1997-04-28,0.3614889699626598
1997-04-29,0.1376713205423755
1997-04-30,0.11885770648975023
1997-05-01,-0.010159891452358622
1997-05-02,2.2005172725774917
1997-05-05,0.963029334120707
1997-05-06,-1.2298096143879986
1997-05-07,-0.2579141187965619
1997-05-08,-0.010159891452358622
1997-05-09,0.5016472604484838
1997-05-12,0.357025096632496
1997-05-13,-0.8891520314380507
1997-05-14,0.5192043455422322
1997-05-15,-0.16835471126426876
1997-05-16,-0.3458842910373682
1997-05-19,-0.010159891452358622
1997-05-20,-0.4733575995366832
1997-05-21,-0.04602973869873065
1997-05-22,-0.028024981134516996
1997-05-23,0.43584313142840186
1997-05-26,0.41406510138075536
1997-05-27,0.6885885336799433
1997-05-28,-0.7793214446971533
1997-05-29,0.02506301393301133
1997-05-30,-0.6663066912264981
1997-06-02,0.45187196482871517
1997-06-03,0.34221203836998804
1997-06-04,-0.1684168777816332
1997-06-05,0.35826947159075156
1997-06-06,0.5629794424478093
1997-06-09,-0.8110640292604181
1997-06-10,0.20009703765282716
1997-06-11,-0.04512178707309531
1997-06-12,0.7877343006362586
1997-06-13,0.05862039771526913
1997-06-16,0.09278392033753592
1997-06-17,-0.2506987143567541
1997-06-18,-0.3906379176262085
1997-06-19,0.11120303110224633
1997-06-20,0.0936581754324743
1997-06-23,-0.20064249112245397
1997-06-24,-0.3584978295688652
1997-06-25,2.0757373048909002
1997-06-26,0.3729601333363956
1997-06-27,-0.30973898736339855
1997-06-30,-0.2612887898750056
1997-07-01,0.8217446961447737
1997-07-02,0.8396579132985945
1997-07-03,0.038398989278543356
1997-07-04,-0.28601551188561597
1997-07-07,0.3142312220742414
1997-07-08,-0.04248676841771243
1997-07-09,-0.3673374784210476
1997-07-10,-0.026491654585347975
1997-07-11,0.18509409699531165
1997-07-14,1.128762191888032
1997-07-15,0.44719552067496887
1997-07-16,0.9069851348970621
1997-07-17,-0.5053649517326146
1997-07-18,-0.5420822986061571
1997-07-21,-0.2942169946164392
1997-07-22,-0.6475478920023785
1997-07-23,0.7694588491795096
1997-07-24,-0.8218871039816885
1997-07-25,1.3350871854750856
1997-07-28,1.2218334364736045
1997-07-29,0.48881882991608244
1997-07-30,0.9132898527938488
1997-07-31,-2.167905248157368
1997-08-01,-1.5002049913516857
1997-08-04,-0.5067401073799648
1997-08-05,0.6455124505042104
1997-08-06,-0.041970209566206895
1997-08-07,0.053387243478557285
1997-08-08,-0.7297598824349872
1997-08-11,0.16673274282053546
1997-08-12,0.7857773811034107
1997-08-13,-1.1443920199722712
1997-08-14,-0.9409364542155844
1997-08-15,-2.1179661037742905
1997-08-18,-0.04465526927939129
1997-08-19,2.2309892718335043
1997-08-20,-0.07605429324347288
1997-08-21,0.5631699899714185
1997-08-22,-1.9545662885330215
1997-08-25,0.07458115221238938
1997-08-26,-1.5069914052014741
1997-08-27,0.37285726816667336
1997-08-28,-1.0798970012169273
1997-08-29,-0.3841268579843743
1997-09-01,1.5547889779594835
1997-09-02,0.7276759613590502
1997-09-03,-0.07827902561264956
1997-09-04,0.19401779487951332
1997-09-05,-0.11213987749573294
1997-09-08,0.7325794264007729
1997-09-09,-0.3631586097725915
1997-09-10,-1.2237207947551725
1997-09-11,-1.184694221941737
1997-09-12,-2.059811892840733
1997-09-15,0.4693151869800927
1997-09-16,0.7363345430593455
1997-09-17,0.8666742233629731
1997-09-18,-0.09886773162229832
1997-09-19,0.6075265992006409
1997-09-22,1.694430196624769
1997-09-23,-0.28154052061911233
1997-09-24,1.8083060308381924
1997-09-25,-0.05927764521367802
1997-09-26,-0.1578655298336797
1997-09-29,-0.27382920656341403
1997-09-30,0.5320823195565221
1997-10-01,0.7836649700221433
1997-10-02,-0.6408647849867075
1997-10-03,-0.010159891452358622
1997-10-06,-0.28775989570816046
1997-10-07,-0.8862758556942534
1997-10-08,-1.62229358141681
1997-10-09,-0.32195482857954166
1997-10-10,-0.2715042882253406
1997-10-13,0.6147398358184524
1997-10-14,-0.8979488774055306
1997-10-15,-0.13334509751860574
1997-10-16,0.48064448402652404
1997-10-17,-0.9968611778499465
1997-10-20,-0.15276467860230336
1997-10-21,0.961946500941445
1997-10-22,-0.8218268169271199
1997-10-23,-2.588721610216388
1997-10-24,1.0308571717596169
1997-10-27,-2.1156983567735357
1997-10-28,-3.5005248587790256
1997-10-29,1.6575056635480696
1997-10-30,-1.7399749860342293
1997-10-31,0.7913808606498246
1997-11-03,1.5531951944345448
1997-11-04,-0.9660970651172901
1997-11-05,0.07028639550789678
1997-11-06,-0.7387778397545042
1997-11-07,-1.5441943465154147
1997-11-10,-0.9895280811106306
1997-11-11,0.6732779372989193
1997-11-12,-0.13755463414144367
1997-11-13,1.31059986346059
1997-11-14,-1.0764499625620658
1997-11-17,2.40122448619119
1997-11-18,0.0902510280878349
1997-11-19,0.289594100256309
1997-11-20,0.1688263697576084
1997-11-21,0.26689943810077515
1997-11-24,-1.6157282956841648
1997-11-25,0.8996465113858929
1997-11-26,2.390812377830782
1997-11-27,0.3500462543947543
1997-11-28,0.19712782655540662
1997-12-01,1.8337981691683278
1997-12-02,-0.6290531234847211
1997-12-03,-0.5074411352508889
1997-12-04,0.19305684103900128
1997-12-05,-0.010159891452358622
1997-12-08,-0.010159891452358622
1997-12-09,-0.4547512641089438
1997-12-10,-0.6095422971681876
1997-12-11,-0.9044575008113556
1997-12-12,-0.31850298726569165
1997-12-15,0.5472216898083656
1997-12-16,0.8607695479200568
1997-12-17,-0.12285674582191368
1997-12-18,-0.4635814989083349
1997-12-19,-3.3329947069299264
1997-12-22,1.2361930655702416
1997-12-23,1.1073856532879196
1997-12-24,-0.010159891452358622
1997-12-25,-0.010159891452358622
1997-12-26,-0.010159891452358622
1997-12-29,0.8727346262582247
1997-12-30,0.7070017332166083
1997-12-31,-0.010159891452358622
1998-01-01,-0.010159891452358622
1998-01-02,2.0960212343473263
1998-01-05,1.034989268336249
1998-01-06,-0.5386726418273738
1998-01-07,-0.08111699233600367
1998-01-08,-1.5980434231817235
1998-01-09,-1.2748084763527745
1998-01-12,-1.2321595848777267
1998-01-13,-0.2817425973277364
1998-01-14,0.0676286492735246
1998-01-15,-0.08794843217824615
1998-01-16,1.59639596893965
1998-01-19,-0.19855934988048107
1998-01-20,-0.35122383648431654
1998-01-21,-0.7770265480735311
1998-01-22,-0.554459358573054
1998-01-23,-0.44223449599487036
1998-01-26,0.16709774841063044
1998-01-27,-0.06916465853956644
1998-01-28,1.0600942282310961
1998-01-29,1.4486357926964484
1998-01-30,0.546241880965213
1998-02-02,0.5761284090573566
1998-02-03,0.9630355279765489
1998-02-04,-0.5303110159530223
1998-02-05,-0.3358866025596304
1998-02-06,0.11676234902561503
1998-02-09,-0.5932756796937303
1998-02-10,0.09975470991749336
1998-02-11,0.1906402068662153
1998-02-12,0.044452213377955595
1998-02-13,-0.119457338803169
1998-02-16,0.5698107681717038
1998-02-17,1.5316955327906734
1998-02-18,0.04212280918837963
1998-02-19,-0.6061318580100624
1998-02-20,0.14833015921962966
1998-02-23,0.49690111003908477
1998-02-24,0.2500024895024642
1998-02-25,0.9655100709036284
1998-02-26,1.588805056366587
1998-02-27,1.2023709200001922
1998-03-02,0.6554972108727833
1998-03-03,0.7237664086701149
1998-03-04,0.5750423165526454
1998-03-05,0.3253188922247678
1998-03-06,1.2493954856863412
1998-03-09,1.7897351629820195
1998-03-10,-0.5113033971997338
1998-03-11,0.0042385807087628605
1998-03-12,-0.3712662843155892
1998-03-13,-0.5204310308156
1998-03-16,0.39847514658375127
1998-03-17,1.3364152917188077
1998-03-18,-0.3503446872396755
1998-03-19,-0.010159891452358622
1998-03-20,1.072639198384121
1998-03-23,0.6113398408740738
1998-03-24,0.3996363950349807
1998-03-25,0.1527952117212929
1998-03-26,-1.0378472968570545
1998-03-27,0.11430649272198913
1998-03-30,-0.20400066356400634
1998-03-31,0.03145170722562174
1998-04-01,0.2525199771837523
1998-04-02,0.8097100644524948
1998-04-03,2.277169358957225
1998-04-06,1.9738662736122083
1998-04-07,-0.5828776752979111
1998-04-08,-0.9335388649737669
1998-04-09,1.2004375816905213
1998-04-10,-0.010159891452358622
1998-04-13,-0.010159891452358622
1998-04-14,1.3277487591241777
1998-04-15,-0.889643118893556
1998-04-16,-0.35664807119631275
1998-04-17,-0.48452974422812173
1998-04-20,-0.33751060544365685
1998-04-21,-0.7229848499070805
1998-04-22,-0.6038593857724015
1998-04-23,-0.19234983163445366
1998-04-24,-0.10148592850035856
1998-04-27,-1.3080937772312593
1998-04-28,0.297679341747066
1998-04-29,-0.22407558979175418
1998-04-30,0.4565777266107517
1998-05-01,-0.010159891452358622
1998-05-04,1.1820993218260782
1998-05-05,-1.0434961888743137
1998-05-06,3.787030071120614
1998-05-07,1.5735089219167988
1998-05-08,-0.6753065144162195
1998-05-11,0.5371598109934668
1998-05-12,-1.2811285355424664
1998-05-13,-1.0421122890151542
1998-05-14,0.6680484561557589
1998-05-15,-0.31722475488061086
1998-05-18,-0.9310302969818337
1998-05-19,1.033753882639589
1998-05-20,0.5276056533680995
1998-05-21,-0.010159891452358622
1998-05-22,-0.44965767077346036
1998-05-25,1.248387033354616
1998-05-26,0.20424869316398883
1998-05-27,-0.8495986119322214
1998-05-28,-4.47475423683278
1998-05-29,0.10942931711523499
1998-06-01,-0.010159891452358622
1998-06-02,-0.3698209071170762
1998-06-03,0.4819844731205708
1998-06-04,-0.5959610102814027
1998-06-05,1.1412156106981097
1998-06-08,0.40640321202657953
1998-06-09,-0.5314144954319308
1998-06-10,0.2902768541858711
1998-06-11,-0.010159891452358622
1998-06-12,-2.2499043581997893
1998-06-15,-0.7532311485772266
1998-06-16,-0.6103672704995801
1998-06-17,0.9079740866103129
1998-06-18,-1.0407996353097055
1998-06-19,-0.6623728030522361
1998-06-22,-0.16745738882284064
1998-06-23,0.37505306274316796
1998-06-24,1.5136008099915323
1998-06-25,1.5192481026233586
1998-06-26,-0.33083045390321864
1998-06-29,0.5363733332473282
1998-06-30,-0.6910066983166596
1998-07-01,0.45817537589722535
1998-07-02,0.3479366935173224
1998-07-03,1.1256668598924178
1998-07-06,-0.6203877186230768
1998-07-07,-0.010159891452358622
1998-07-08,0.35428860818195623
1998-07-09,0.24847575678372225
1998-07-10,-1.2117020989872072
1998-07-13,-0.8644849629066518
1998-07-14,0.2584758069016999
1998-07-15,-0.33268112884027534
1998-07-16,-0.3077637221070791
1998-07-17,0.09828455359004767
1998-07-20,-0.7745210610935256
1998-07-21,0.1957653067138746
1998-07-22,1.0733689394478176
1998-07-23,1.7378680394987107
1998-07-24,0.34975101915909856
1998-07-27,-0.9934977857212562
1998-07-28,0.3025710864038546
1998-07-29,0.6091675265110297
1998-07-30,0.04111960699693121
1998-07-31,-0.6937198611273246
1998-08-03,-0.994765773170701
1998-08-04,-0.7858663554345128
1998-08-05,-0.6209210865154128
1998-08-06,-0.13327429513215727
1998-08-07,2.184250128397065
1998-08-10,-0.6419318804323407
1998-08-11,-1.109405273286594
1998-08-12,0.4487420541270048
1998-08-13,0.417727062124064
1998-08-14,0.886322615447187
1998-08-17,-0.6677189072380094
1998-08-18,0.9338614367309078
1998-08-19,0.2616356340750934
1998-08-20,-0.5945375155724927
1998-08-21,-1.5373052710889448
1998-08-24,0.19182352376292122
1998-08-25,1.2888678239229125
1998-08-26,-1.4841925286589799
1998-08-27,-2.573997332797224
1998-08-28,-1.6623482879260818
1998-08-31,-0.24674860395073211
1998-09-01,-0.5468868092113361
1998-09-02,2.215524806021369
1998-09-03,-1.462528958668739
1998-09-04,0.371763199414401
1998-09-07,0.629219715911556
1998-09-08,-0.7667188927346645
1998-09-09,0.16547364551969632
1998-09-10,-1.979506132691477
1998-09-11,-0.13218151295606215
1998-09-14,0.7474394690239334
1998-09-15,-0.966725975271007
1998-09-16,0.11237095794224332
1998-09-17,-2.6045614993024238
1998-09-18,0.2959354540896327
1998-09-21,-1.6440055068167558
1998-09-22,0.7484798545371762
1998-09-23,1.3920804124253587
1998-09-24,-0.6658322334089306
1998-09-25,-0.23615282263397583
1998-09-28,-0.28601551188561597
1998-09-29,-0.4352432894327506
1998-09-30,-1.5796550151987567
1998-10-01,-4.067558229153211
1998-10-02,-4.08498226984924
1998-10-05,0.9877116710660273
1998-10-06,1.1985938091034913
1998-10-07,-2.3784932511743384
1998-10-08,-5.40760897223988
1998-10-09,2.29263882847735
1998-10-12,6.930831159946764
1998-10-13,-0.3847584363159421
1998-10-14,0.6805291062597046
1998-10-15,-0.4383296556917573
1998-10-16,1.805751409935808
1998-10-19,0.47321613237391713
1998-10-20,2.7568164236333943
1998-10-21,-1.1147655010584308
1998-10-22,-1.5657808863365745
1998-10-23,0.379169754989774
1998-10-26,-0.5062392484899623
1998-10-27,-0.3856918479801999
1998-10-28,-1.3023558753382924
1998-10-29,-0.39920326557599906
1998-10-30,1.3287629250186308
1998-11-02,1.4849105547241377
1998-11-03,-1.5414015608682887
1998-11-04,1.9397231288640244
1998-11-05,0.6108569576258919
1998-11-06,0.4163545707275897
1998-11-09,-1.3014463733808732
1998-11-10,-2.2257473232613827
1998-11-11,3.1729193302707177
1998-11-12,-0.9079151080136472
1998-11-13,-1.7498530912117585
1998-11-16,3.6088280468044496
1998-11-17,-0.5491436658891072
1998-11-18,0.3610740923140124
1998-11-19,2.334229485893352
1998-11-20,2.0858124331660104
1998-11-23,-0.010159891452358622
1998-11-24,0.9739795811100945
1998-11-25,-1.3783297404107533
1998-11-26,2.0126875274943967
1998-11-27,0.372515399427975
1998-11-30,-0.7339330796491028
1998-12-01,-0.010159891452358622
1998-12-02,-3.228242990520945
1998-12-03,-0.2337702922682243
1998-12-04,-0.23483766566008182
1998-12-07,0.24656840999528176
1998-12-08,-0.010159891452358622
1998-12-09,1.5632128675980854
1998-12-10,-0.16512868868587682
1998-12-11,-0.010159891452358622
1998-12-14,-1.0302741371709958
1998-12-15,0.2902799717771316
1998-12-16,0.39797650870041973
1998-12-17,0.021047029543820955
1998-12-18,-0.010159891452358622
1998-12-21,1.3294362761817509
1998-12-22,-0.2689495704698912
1998-12-23,0.9568372353145844
1998-12-24,-0.010159891452358622
1998-12-25,-0.010159891452358622
1998-12-28,2.4802626288791494
1998-12-29,-0.38047437913836707
1998-12-30,-0.45549141154717204
1998-12-31,-0.010159891452358622
1999-01-01,-0.010159891452358622
1999-01-04,2.1439981924962237
1999-01-05,-0.40013258491933534
1999-01-06,3.0077257392217636
1999-01-07,-0.6315833351021835
1999-01-08,0.6826266816400761
1999-01-11,-0.4451654652268184
1999-01-12,-0.4232686697363236
1999-01-13,-2.513089642421519
1999-01-14,-0.010159891452358622
1999-01-15,2.0236517526237914
1999-01-18,0.5884375213746759
1999-01-19,-0.6611868233028665
1999-01-20,1.2830265887403296
1999-01-21,-0.27623812850713764
1999-01-22,-0.010159891452358622
1999-01-25,-1.9907929467789478
1999-01-26,0.3363949335666326
1999-01-27,0.596810095717335
1999-01-28,0.1991415140528463
1999-01-29,0.7871289023568301
1999-02-01,0.0872560932171673
1999-02-02,-0.5926184495197786
1999-02-03,-0.40077200659682854
1999-02-04,-0.9877128560418464
1999-02-05,-0.17061187363773295
1999-02-08,-1.0063515721465788
1999-02-09,-1.9423642611703877
1999-02-10,-0.010159891452358622
1999-02-11,0.38719311986776445
1999-02-12,-0.010159891452358622
1999-02-15,0.8301744162261819
1999-02-16,-0.06571632908164775
1999-02-17,-0.4233477786031242
1999-02-18,0.9282333345245833
1999-02-19,-0.4798087926492448
1999-02-22,0.8154944929051158
1999-02-23,1.599032504586679
1999-02-24,1.0844843879945656
1999-02-25,-2.441952141044148
1999-02-26,-0.010159891452358622
1999-03-01,-2.118082988786778
1999-03-02,-0.010159891452358622
1999-03-03,-1.943970239910659
1999-03-04,0.6879590357813437
1999-03-05,1.5646916630270418
1999-03-08,-0.6338112027697281
1999-03-09,-0.12444464662958261
1999-03-10,-1.4625259849401298
1999-03-11,0.2193729809748923
1999-03-12,-0.010159891452358622
1999-03-15,2.482659647886208
1999-03-16,0.5214621212947089
1999-03-17,-0.7874703016336704
1999-03-18,0.17422100376091426
1999-03-19,0.5221595098157954
1999-03-22,-0.9569263014316151
1999-03-23,-1.7871281938681858
1999-03-24,-1.5237156550045308
1999-03-25,0.8860449041023907
1999-03-26,0.13756147812716088
1999-03-29,0.5645047028309512
1999-03-30,-0.7148032417117949
1999-03-31,0.4431973849727191
1999-04-01,0.6877970488640158
1999-04-02,-0.010159891452358622
1999-04-05,-0.010159891452358622
1999-04-06,1.5011240804067154
1999-04-07,-0.5500321825799438
1999-04-08,-0.010159891452358622
1999-04-09,0.8529158961005748
1999-04-12,2.0383574430090983
1999-04-13,-0.010159891452358622
1999-04-14,0.7755798370352115
1999-04-15,-0.010159891452358622
1999-04-16,-0.010159891452358622
1999-04-19,0.3545088466728901
1999-04-20,0.4288922638508285
1999-04-21,-0.06160358123426558
1999-04-22,0.8315378484146345
1999-04-23,-0.010159891452358622
1999-04-26,0.5377675211137081
1999-04-27,-0.010159891452358622
1999-04-28,0.4919327843995452
1999-04-29,-0.7326685172875431
1999-04-30,-0.7438865559617026
1999-05-03,0.4213460094007393
1999-05-04,-0.21272877084398226
1999-05-05,0.39411687131278755
1999-05-06,-0.9760296310354228
1999-05-07,0.5768094743838642
1999-05-10,-0.8494503008225585
1999-05-11,-0.3729815956265799
1999-05-12,0.14049118516978643
1999-05-13,-0.010159891452358622
1999-05-14,-0.45310458260278474
1999-05-17,-0.6744914560386822
1999-05-18,-1.2638237513206156
1999-05-19,2.9476524574807166
1999-05-20,-1.021530544945748
1999-05-21,-0.04804488186162244
1999-05-24,-0.010159891452358622
1999-05-25,-0.3306320859500383
1999-05-26,-0.7738716321613185
1999-05-27,0.02860007025080803
1999-05-28,-1.147265793228434
1999-05-31,-0.09526796840428811
1999-06-01,0.023903804588064247
1999-06-02,-0.79419948456985
1999-06-03,-0.010159891452358622
1999-06-04,0.7341312102990327
1999-06-07,0.3914436408764142
1999-06-08,0.4382796204159169
1999-06-09,-0.8545181403237331
1999-06-10,0.28990929155906814
1999-06-11,-0.9967535645115266
1999-06-14,1.3474524367950027
1999-06-15,0.10728614636193544
1999-06-16,0.3681362335689759
1999-06-17,0.05629109169999217
1999-06-18,0.37009113140562605
1999-06-21,-0.5456006501478862
1999-06-22,0.9079520591881328
1999-06-23,-0.2503365977362157
1999-06-24,-0.25705540621581285
1999-06-25,-0.3635434679998735
1999-06-28,0.27717511378580123
1999-06-29,-0.004666797416740171
1999-06-30,-0.3750883890645158
1999-07-01,-0.36114836986391197
1999-07-02,1.3458396203099414
1999-07-05,-0.6998275925887867
1999-07-06,1.0313938160957499
1999-07-07,0.8397174447456377
1999-07-08,-0.10561458679670827
1999-07-09,-0.1536976806227139
1999-07-12,-0.010159891452358622
1999-07-13,-0.2771213110100795
1999-07-14,-0.26247940346780946
1999-07-15,0.08125689655513305
1999-07-16,-0.010159891452358622
1999-07-19,0.12397021610303419
1999-07-20,-0.27880722831462373
1999-07-21,-1.6102361516162684
1999-07-22,-0.6724773598169208
1999-07-23,-0.7507673141379073
1999-07-26,-1.1080438183893726
1999-07-27,-0.6789835952169384
1999-07-28,-0.34515546240351797
1999-07-29,0.8111153145944099
1999-07-30,-3.6898031804686258
1999-08-02,-1.83070494331387
1999-08-03,-0.46979920913368556
1999-08-04,0.3831384065727019
1999-08-05,-0.14312233117708925
1999-08-06,-0.9718410491184171
1999-08-09,0.3485657171287668
1999-08-10,0.4527997519864454
1999-08-11,-0.8794213658675445
1999-08-12,0.2610931986086466
1999-08-13,0.5945273986839202
1999-08-16,1.1047768351987572
1999-08-17,0.41821787852311204
1999-08-18,0.407949996941117
1999-08-19,-0.2927756714467739
1999-08-20,-1.1512942694024737
1999-08-23,-0.34798907765144355
1999-08-24,0.7743479228642879
1999-08-25,0.4064319602743361
1999-08-26,0.2805691392778369
1999-08-27,0.3427626067932336
1999-08-30,-0.05491653548113337
1999-08-31,-0.18324468072661032
1999-09-01,-1.6038362727538138
1999-09-02,0.4788727322330703
1999-09-03,-0.7456176512001774
1999-09-06,0.9286641714872751
1999-09-07,0.5171351650806192
1999-09-08,0.144953518270301
1999-09-09,-0.4900716163744697
1999-09-10,-0.27816306920239514
1999-09-13,0.41402603199993415
1999-09-14,0.05475500807523154
1999-09-15,-0.4992607144322452
1999-09-16,-0.7700965041964771
1999-09-17,-2.296314653443479
1999-09-20,0.47677382543855357
1999-09-21,0.38953509400953484
1999-09-22,-0.6874810055853119
1999-09-23,-0.7326965410834863
1999-09-24,-1.5111496221684322
1999-09-27,0.040889597410132573
1999-09-28,1.3477929028865059
1999-09-29,-1.2443516356237732
1999-09-30,0.33753073059250127
1999-10-01,-0.2271727314543358
1999-10-04,0.02607446757198284
1999-10-05,0.5372499672269074
1999-10-06,1.636451141330306
1999-10-07,-0.6016743247052219
1999-10-08,0.8915261700231086
1999-10-11,-0.41724482882397385
1999-10-12,0.9093988183878474
1999-10-13,-0.7913394210530913
1999-10-14,-0.224825760602472
1999-10-15,0.8154804840250997
1999-10-18,-0.586595898582036
1999-10-19,-1.1562857536593973
1999-10-20,1.705584437936346
1999-10-21,0.030749020747172884
1999-10-22,-0.38652001289909294
1999-10-25,1.4109712377041426
1999-10-26,-0.1436835218378329
1999-10-27,1.1063495604554232
1999-10-28,-0.26547639480589624
1999-10-29,1.060717409575405
1999-11-01,0.15641048855443263
1999-11-02,-0.20880760399000306
1999-11-03,-0.8328341683505467
1999-11-04,-0.3906866728579649
1999-11-05,0.2525958709654043
1999-11-08,0.12067736585539653
1999-11-09,-0.010159891452358622
1999-11-10,-0.5621072097689497
1999-11-11,-0.4951276098218958
1999-11-12,-0.6962595324088956
1999-11-15,-0.4321294691344665
1999-11-16,0.20129493211127464
1999-11-17,0.9331725553288789
1999-11-18,-0.07691714173186008
1999-11-19,-0.48688294055173775
1999-11-22,-0.30123313517482103
1999-11-23,-0.5977537464796093
1999-11-24,0.4890728937569161
1999-11-25,0.07140486169460458
1999-11-26,-0.43309291194611294
1999-11-29,-0.6170440297325052
1999-11-30,-0.28862068583111833
1999-12-01,0.26830090292639636
1999-12-02,-0.5336316447355628
1999-12-03,-0.6531823102970431
1999-12-06,-0.010159891452358622
1999-12-07,0.632862527392327
1999-12-08,-0.20003359270937085
1999-12-09,-0.13717123352621385
1999-12-10,-0.90172997395546
1999-12-13,0.8814101910507486
1999-12-14,-0.010159891452358622
1999-12-15,0.8301969051617173
1999-12-16,1.9942270327855887
1999-12-17,1.4891597778135996
1999-12-20,-0.6655687197500153
1999-12-21,-0.9539549012198492
1999-12-22,1.051107124222073
1999-12-23,-0.16031037933345982
1999-12-24,-0.010159891452358622
1999-12-27,0.17908989982848622
1999-12-28,0.33376093850720767
1999-12-29,1.006822845628874
1999-12-30,1.2448784559029629
1999-12-31,-0.010159891452358622
2000-01-03,0.23566582086928933
2000-01-04,-1.8539632389508807
2000-01-05,-0.6195994644574173
2000-01-06,-1.186895597251168
2000-01-07,1.1019719380918294
2000-01-10,1.3472911548721795
2000-01-11,-0.6680777799301972
2000-01-12,-0.0037874609708132834
2000-01-13,0.8732505916370991
2000-01-14,-0.13535759378232495
2000-01-17,-1.5778334206585127
2000-01-18,-0.0036781124536550643
2000-01-19,-0.07500899846210513
2000-01-20,-1.1593865853076089
2000-01-21,0.04963916487345063
2000-01-24,-0.8069186063235136
2000-01-25,-1.6591657367668824
2000-01-26,-0.29069582331525773
2000-01-27,1.885598503427506
2000-01-28,-1.1730650701204475
2000-01-31,-1.2379745689680348
2000-02-01,0.41441659382336
2000-02-02,-0.010159891452358622
2000-02-03,0.584860524625652
2000-02-04,-0.031041378075533678
2000-02-07,-0.5490947993289885
2000-02-08,-0.5054987855968243
2000-02-09,-0.43890504946473347
2000-02-10,0.8082205019797571
2000-02-11,-0.6708882424202709
2000-02-14,0.6858219064750974
2000-02-15,-0.4777527464815879
2000-02-16,-0.396200876814792
2000-02-17,-0.05325716997961429
2000-02-18,-0.5085476960573823
2000-02-21,-0.37461687734842136
2000-02-22,-0.04676943858640857
2000-02-23,-0.8972290315398463
2000-02-24,-0.8762199653291906
2000-02-25,2.721384281189064
2000-02-28,1.12378805068151
2000-02-29,1.7763116761312856
2000-03-01,-1.2397080883239637
2000-03-02,-0.6652200568982332
2000-03-03,-0.9384861497606312
2000-03-06,-0.1535081230588391
2000-03-07,-1.4459415573862744
2000-03-08,0.8114628756800656
2000-03-09,-0.6323959726059615
2000-03-10,-0.7903146280634203
2000-03-13,-0.010159891452358622
2000-03-14,1.9417275207523
2000-03-15,-0.7053176599247719
2000-03-16,3.6046835828682324
2000-03-17,-0.5606778248958535
2000-03-20,-0.9701056100283328
2000-03-21,0.2680957114860946
2000-03-22,0.5757238842018974
2000-03-23,-0.41606743052037126
2000-03-24,1.277994798734247
2000-03-27,-0.11113964995985506
2000-03-28,-1.3842406922022656
2000-03-29,-0.030976796331755072
2000-03-30,0.12150594886656095
2000-03-31,-0.1348961707447441
2000-04-03,1.1414185016576752
2000-04-04,0.6287988274779122
2000-04-05,0.05659735882714676
2000-04-06,-0.5064280812193374
2000-04-07,-0.35524156145773034
2000-04-10,0.12547399911021836
2000-04-11,-0.04403413174053917
2000-04-12,0.3610838588360587
2000-04-13,-0.1448233183986398
2000-04-14,-0.6619372756414059
2000-04-17,-0.3807697938129366
2000-04-18,0.13431114901076247
2000-04-19,-0.7090977036768511
2000-04-20,-1.1326038570582109
2000-04-21,-0.010159891452358622
2000-04-24,-0.010159891452358622
2000-04-25,1.4207582462619721
2000-04-26,0.098137015266172
2000-04-27,-1.2967366431264746
2000-04-28,0.3294996217661444
2000-05-01,-0.010159891452358622
2000-05-02,0.2832232384927203
2000-05-03,-0.04672490764600211
2000-05-04,0.17241721261844273
2000-05-05,0.02628288770872507
2000-05-08,-0.5301619600249257
2000-05-09,-0.010159891452358622
2000-05-10,-2.0339531581944152
2000-05-11,-0.629163785539895
2000-05-12,0.6703068546432317
2000-05-15,0.0051866926704330785
2000-05-16,0.41767553223932136
2000-05-17,-0.6225510553089414
2000-05-18,-0.1567639093302232
2000-05-19,-0.6090372042877809
2000-05-22,0.4648947154662936
2000-05-23,-0.002410820560080208
2000-05-24,-0.10322946304613248
2000-05-25,-0.07229383448623715
2000-05-26,-0.8809622881952486
2000-05-29,0.18737696013264793
2000-05-30,0.021365339240201845
2000-05-31,-1.2880209911252607
2000-06-01,-0.03447008712308401
2000-06-02,-0.27006192011096564
2000-06-05,1.0687972751176176
2000-06-06,0.7557668487753049
2000-06-07,0.333216007245003
2000-06-08,-0.2987446538564258
2000-06-09,-0.26903713571762966
2000-06-12,-0.010159891452358622
2000-06-13,-0.40513280345788166
2000-06-14,-0.3285209303011565
2000-06-15,-0.9783620342796798
2000-06-16,-1.1988346055660304
2000-06-19,0.8513222030780078
2000-06-20,-0.48037471105689117
2000-06-21,-0.7875533948517478
2000-06-22,-0.561199575615035
2000-06-23,0.7511115150736187
2000-06-26,-0.18668325142478345
2000-06-27,0.6006817703748668
2000-06-28,-0.4109232108896857
2000-06-29,-0.9330678427932595
2000-06-30,-0.5000690600119667
2000-07-03,0.6078308395047047
2000-07-04,1.0688959667675366
2000-07-05,-0.3615123154755152
2000-07-06,-0.610135744816654
2000-07-07,-0.010159891452358622
2000-07-10,2.110066215526025
2000-07-11,-0.23019138624021507
2000-07-12,-0.17381242933780755
2000-07-13,-0.010159891452358622
2000-07-14,-0.7370689995199307
2000-07-17,-0.35269404957886
2000-07-18,1.1166266853191962
2000-07-19,1.8126307081149566
2000-07-20,0.25689937166883786
2000-07-21,-0.9595389690860147
2000-07-24,-0.864954526828986
2000-07-25,-1.4729459104511184
2000-07-26,0.7970862669978555
2000-07-27,-0.7922503817421646
2000-07-28,0.656266735001156
2000-07-31,0.0311850027011534
2000-08-01,-0.35022962954432196
2000-08-02,0.9048933599952034
2000-08-03,-0.5934237706491381
2000-08-04,0.08894126626495351
2000-08-07,0.9128251023402599
2000-08-08,0.39258509374709044
2000-08-09,1.837880865682272
2000-08-10,0.8987671415123861
2000-08-11,-0.04041346859765304
2000-08-14,-0.19979208744004112
2000-08-15,-0.46839349668051616
2000-08-16,-0.1562041909178202
2000-08-17,-0.21072332777147898
2000-08-18,-0.8211417113772015
2000-08-21,0.021303550419268503
2000-08-22,0.5368521359833323
2000-08-23,0.2609702762114844
2000-08-24,-0.671366409711402
2000-08-25,0.2943609784259591
2000-08-28,0.2692097205263766
2000-08-29,-0.9478999809864894
2000-08-30,-0.8061040643215074
2000-08-31,-0.7381645149272843
2000-09-01,0.014277449247596054
2000-09-04,0.41164005223582717
2000-09-05,-0.1557568523259192
2000-09-06,0.2564094793887039
2000-09-07,-0.6263139855894494
2000-09-08,0.04693286817106213
2000-09-11,0.2418280934288845
2000-09-12,-1.283751108741064
2000-09-13,-0.010159891452358622
2000-09-14,-0.5546505909290339
2000-09-15,-0.8860351520798487
2000-09-18,-0.4759501141270092
2000-09-19,-0.40183954859253324
2000-09-20,-1.035099270131543
2000-09-21,-0.7846533769274442
2000-09-22,0.8714037406115749
2000-09-25,-1.4672638305510854
2000-09-26,0.08167566637805285
2000-09-27,1.2212270202064
2000-09-28,-2.5814014147021833
2000-09-29,0.7667501039051853
2000-10-02,0.045507508102993456
2000-10-03,-0.010159891452358622
2000-10-04,-0.6543457882148898
2000-10-05,0.4575108136714959
2000-10-06,0.5450126447128196
2000-10-09,0.39286784650364615
2000-10-10,1.382740867761953
2000-10-11,-0.32112171969865255
2000-10-12,-1.2291033316222049
2000-10-13,-0.010159891452358622
2000-10-16,-0.010159891452358622
2000-10-17,-0.010159891452358622
2000-10-18,-0.010159891452358622
2000-10-19,-0.010159891452358622
2000-10-20,-0.010159891452358622
2000-10-23,2.10934292905638
2000-10-24,-0.010159891452358622
2000-10-25,-1.2416910700767911
2000-10-26,-0.5336675483117725
2000-10-27,-0.6498397155336962
2000-10-30,0.6567291689685206
2000-10-31,-0.010159891452358622
2000-11-01,3.494099276227499
2000-11-02,-0.2381279287682309
2000-11-03,-0.15423389034123275
2000-11-06,-0.8322243111561023
2000-11-07,-0.4353276843355239
2000-11-08,-0.05376210231625589
2000-11-09,0.6396738130174309
2000-11-10,-0.9224485661339763
2000-11-13,0.16497340612689113
2000-11-14,-0.010159891452358622
2000-11-15,-1.3937434685645649
2000-11-16,-0.6353060618944799
2000-11-17,-1.8230260331057944
2000-11-20,-2.09312977838269
2000-11-21,-1.021347406019487
2000-11-22,-0.1013220814896793
2000-11-23,1.9072437704537017
2000-11-24,-0.4110152790080538
2000-11-27,-0.7823002042257384
2000-11-28,-0.653264079711859
2000-11-29,-0.8780971924405143
2000-11-30,-1.8918123420791193
2000-12-01,1.71666016925602
2000-12-04,0.7080834304710525
2000-12-05,2.1201978453347303
2000-12-06,-0.26390884629029915
2000-12-07,-0.7797219704037871
2000-12-08,0.8766768986740349
2000-12-11,1.346560940097298
2000-12-12,1.179352290672091
2000-12-13,-1.2186360488848282
2000-12-14,-0.7754272460185268
2000-12-15,-0.8960573072927601
2000-12-18,-0.4346163393544159
2000-12-19,-1.6341905444511404
2000-12-20,-1.121257640885264
2000-12-21,-0.5597126100319186
2000-12-22,-0.43728812432715647
2000-12-25,-0.010159891452358622
2000-12-26,-0.010159891452358622
2000-12-27,-0.7126063451311199
2000-12-28,-0.0755292388182422
2000-12-29,1.5448294450312008
2001-01-01,-0.010159891452358622
2001-01-02,-0.35956579659655025
2001-01-03,1.3413059665542995
2001-01-04,1.9124159741322935
2001-01-05,-0.010159891452358622
2001-01-08,-1.1136636577072863
2001-01-09,0.19239538116592103
2001-01-10,-2.1394532462602043
2001-01-11,0.37944307307642733
2001-01-12,-0.8993325053144395
2001-01-15,0.5528081130723886
2001-01-16,0.04260633739842446
2001-01-17,2.5056078797225942
2001-01-18,0.7831130968461016
2001-01-19,0.9244918814259578
2001-01-22,1.1703368540246657
2001-01-23,0.25236646608548013
2001-01-24,-0.17876114582750788
2001-01-25,1.3311921897551857
2001-01-26,0.6869311383733016
2001-01-29,-0.8442554304798496
2001-01-30,-1.6481386781481926
2001-01-31,1.1220322330522468
2001-02-01,-0.7556539021825217
2001-02-02,-0.9589026597020652
2001-02-05,0.985515977713018
2001-02-06,1.6221403016518525
2001-02-07,-0.2373168040481544
2001-02-08,1.5398175772429974
2001-02-09,-1.124951357400857
2001-02-12,0.43892591710494583
2001-02-13,1.6584077822833114
2001-02-14,0.6751168383282847
2001-02-15,-0.010159891452358622
2001-02-16,-0.6954366212330018
2001-02-19,0.3765426477046506
2001-02-20,1.1646821753978636
2001-02-21,0.5788305258109596
2001-02-22,-2.1606949147229058
2001-02-23,-1.848883243882026
2001-02-26,-0.1899252695218348
2001-02-27,0.4201299638154982
2001-02-28,0.40742010147963337
2001-03-01,-0.5259921669018757
2001-03-02,0.1415995129237564
2001-03-05,1.0039525977665296
2001-03-06,1.7116310747297516
2001-03-07,-0.3732575947888595
2001-03-08,-0.2651360937075395
2001-03-09,0.3295092882562886
2001-03-12,-0.734926384109289
2001-03-13,-1.894651532689502
2001-03-14,-2.141147315155793
2001-03-15,1.381775304705905
2001-03-16,-0.6595372514508259
2001-03-19,-0.6032790960965174
2001-03-20,1.0776692323856534
2001-03-21,-1.2942251773931739
2001-03-22,-2.312980166479218
2001-03-23,1.251123437577164
2001-03-26,1.320782208122499
2001-03-27,0.9389101781826124
2001-03-28,-0.9220025499638187
2001-03-29,0.7738084623434888
2001-03-30,-0.8872237065472847
2001-04-02,0.6376650092096589
2001-04-03,-1.0134341660891262
2001-04-04,-0.5009169861977515
2001-04-05,1.3365738480999159
2001-04-06,0.366376652810436
2001-04-09,1.0391300169596267
2001-04-10,1.780383175911571
2001-04-11,0.37584362816790523
2001-04-12,0.1923150802869554
2001-04-13,-0.010159891452358622
2001-04-16,-0.010159891452358622
2001-04-17,-0.5964952207334999
2001-04-18,2.3445073285068045
2001-04-19,-0.1485279043630449
2001-04-20,0.4551882403546184
2001-04-23,0.12684555211767246
2001-04-24,0.7363496334963113
2001-04-25,-0.7481250230606475
2001-04-26,0.1349669338336394
2001-04-27,-0.5501824352968417
2001-04-30,1.4247107733491104
2001-05-01,-0.010159891452358622
2001-05-02,0.9500571912319227
2001-05-03,-0.8367651666544244
2001-05-04,0.32221396797082535
2001-05-07,-0.010159891452358622
2001-05-08,-0.5096042630984114
2001-05-09,-0.010159891452358622
2001-05-10,-0.010159891452358622
2001-05-11,0.5968123494430009
2001-05-14,-0.45006162012485795
2001-05-15,-0.19397723387909566
2001-05-16,0.09018413334852197
2001-05-17,0.2979308952590952
2001-05-18,0.08103616416169028
2001-05-21,0.16347509761057416
2001-05-22,-0.21694318527157075
2001-05-23,-0.6275733976251726
2001-05-24,0.1323868278297885
2001-05-25,0.006596775419626833
2001-05-28,-0.3377285081064384
2001-05-29,-1.6829581845058712
2001-05-30,-0.3607418776378415
2001-05-31,0.2617636683791365
2001-06-01,-0.6264499223533693
2001-06-04,0.8330144292560873
2001-06-05,0.29352592791392784
2001-06-06,0.03304650898223683
2001-06-07,-0.4267575660597487
2001-06-08,-0.38652508080814324
2001-06-11,-0.0013496719071721462
2001-06-12,-0.7540284266263141
2001-06-13,-0.17109395787794895
2001-06-14,-0.6412948483973107
2001-06-15,-0.010159891452358622
2001-06-18,-1.842433589766954
2001-06-19,0.5339734357884318
2001-06-20,0.07371708416753533
2001-06-21,-0.08470431683239392
2001-06-22,1.3593416823383413
2001-06-25,0.24281801847181012
2001-06-26,-0.7731981343359147
2001-06-27,0.6175323805262534
2001-06-28,0.8583404976024698
2001-06-29,0.9123072065760219
2001-07-02,1.4883173422501035
2001-07-03,-0.6038471366250289
2001-07-04,-0.4819416018339724
2001-07-05,0.10178521920446394
2001-07-06,-0.8430898029993897
2001-07-09,0.31259730128511015
2001-07-10,0.04197734351553492
2001-07-11,1.8126040440385196
2001-07-12,0.3560362676860104
2001-07-13,-0.010159891452358622
2001-07-16,0.1388353328118236
2001-07-17,0.047647450990704866
2001-07-18,-1.061823802742058
2001-07-19,0.26754382054791964
2001-07-20,1.27281504365421
2001-07-23,-0.8754476650109878
2001-07-24,-0.46982495580829214
2001-07-25,-0.36420197482238464
2001-07-26,0.09126577810368076
2001-07-27,0.4603220300608235
2001-07-30,-0.36258610662820656
2001-07-31,0.5590966797176921
2001-08-01,-0.11010746891630822
2001-08-02,-1.4924998579670816
2001-08-03,-0.616396085260789
2001-08-06,-0.18478913886946105
2001-08-07,0.4598979780530833
2001-08-08,-0.7170301806722016
2001-08-09,-0.6831755549567043
2001-08-10,-0.3772494964971228
2001-08-13,-0.019139982630873024
2001-08-14,0.9156691527103207
2001-08-15,-1.0259873284697327
2001-08-16,-1.2513211617319702
2001-08-17,-3.2242583458360814
2001-08-20,0.48221205114377164
2001-08-21,0.4189189298856392
2001-08-22,0.7696794599179366
2001-08-23,1.0099683576884053
2001-08-24,0.942632539309072
2001-08-27,-0.48878567104012877
2001-08-28,-0.5872131200881396
2001-08-29,-0.8796772215155658
2001-08-30,-1.7888786112243509
2001-08-31,0.28606500140805735
2001-09-03,-1.4594324882474587
2001-09-04,2.191031044682052
2001-09-05,-0.8507445863135128
2001-09-06,0.12769501517351065
2001-09-07,-3.2664923266876533
2001-09-10,-1.454298810768116
2001-09-11,-4.033081061990218
2001-09-12,-0.9661132868896157
2001-09-13,-1.0598589208714397
2001-09-14,-5.1836419721452796
2001-09-17,3.158863943320519
2001-09-18,-1.1308748387079204
2001-09-19,-4.127721212940352
2001-09-20,-3.5965590637294587
2001-09-21,-0.29046396383618367
2001-09-24,-0.010159891452358622
2001-09-25,0.6720945535559334
2001-09-26,1.1154649061786133
2001-09-27,-0.6152720462320898
2001-09-28,2.4952172265171426
2001-10-01,1.5658645099330892
2001-10-02,1.8248775987535626
2001-10-03,-0.010159891452358622
2001-10-04,3.371370503008223
2001-10-05,-0.9700789131143831
2001-10-08,0.13000221900274994
2001-10-09,-0.7151119922090383
2001-10-10,2.086210401391059
2001-10-11,1.533069618915301
2001-10-12,-1.0985535263876227
2001-10-15,-1.2873740988957092
2001-10-16,-0.010159891452358622
2001-10-17,2.0676571945904914
2001-10-18,-0.9700743831038842
2001-10-19,-0.8523411890377522
2001-10-22,1.259724031680975
2001-10-23,2.3967946100777304
2001-10-24,0.803504893457788
2001-10-25,-1.2651604788985742
2001-10-26,2.3120890970204777
2001-10-29,-1.69497761578808
2001-10-30,-2.0689787950937863
2001-10-31,-0.6152652445768481
2001-11-01,1.002046510136847
2001-11-02,-0.7188414228732228
2001-11-05,1.5959757875716758
2001-11-06,-0.6579206860934421
2001-11-07,0.964006662920848
2001-11-08,0.8759333520847857
2001-11-09,-0.04436697736474706
2001-11-12,-0.6649968075194767
2001-11-13,2.3036828913409737
2001-11-14,1.0786620556282667
2001-11-15,0.3650461261796496
2001-11-16,0.8364873459810004
2001-11-19,2.7894738197740225
2001-11-20,-0.9082568948819738
2001-11-21,-0.36405894035427766
2001-11-22,0.2933508214565857
2001-11-23,2.8274741525521683
2001-11-26,0.2738792983727611
2001-11-27,-1.447776286055455
2001-11-28,-1.3625778498632692
2001-11-29,-0.9712546873537576
2001-11-30,0.37663465158274634
2001-12-03,0.4438172167577315
2001-12-04,-0.7794400085550408
2001-12-05,1.6049000178551993
2001-12-06,1.0623502040236512
2001-12-07,-0.5141305344046633
2001-12-10,-1.1941227903339429
2001-12-11,-0.8569746076114729
2001-12-12,-1.340934834798996
2001-12-13,-0.9079893414863909
2001-12-14,-0.2882383761100917
2001-12-17,1.4161930744754485
2001-12-18,0.1560512020320892
2001-12-19,-0.7733644709252944
2001-12-20,-0.48685486801358246
2001-12-21,1.570757900950396
2001-12-24,-0.010159891452358622
2001-12-25,-0.010159891452358622
2001-12-26,-0.010159891452358622
2001-12-27,1.4496991291591013
2001-12-28,1.0460746777341758
2001-12-31,-0.010159891452358622
2002-01-01,-0.010159891452358622
2002-01-02,-0.22540175566147863
2002-01-03,1.0276324782729274
2002-01-04,1.6857675574829856
2002-01-07,-1.7732695502190838
2002-01-08,-0.03900689801551541
2002-01-09,-0.2994174887659303
2002-01-10,-1.4936826156484238
2002-01-11,0.2883251562019421
2002-01-14,-1.1545397633910974
2002-01-15,-0.010159891452358622
2002-01-16,-0.8611598160143236
2002-01-17,1.2253912357031613
2002-01-18,0.3612746189943917
2002-01-21,-0.9800147441328806
2002-01-22,-0.2045035588360925
2002-01-23,0.7624342372897974
2002-01-24,-0.06060785441160595
2002-01-25,0.38187797029504267
2002-01-28,1.293027320686909
2002-01-29,-0.9642802290060698
2002-01-30,0.03949440181229159
2002-01-31,-0.6095119170531552
2002-02-01,-0.41400672239592146
2002-02-04,-1.4514342839172258
2002-02-05,-0.4301744892950457
2002-02-06,-2.101968746913824
2002-02-07,-0.48662366455203276
2002-02-08,0.8287429519213828
2002-02-11,0.09911638767653619
2002-02-12,-0.5370350929107276
2002-02-13,1.317623577899312
2002-02-14,-0.5172610729501347
2002-02-15,-1.2855755914389757
2002-02-18,0.2233053824328849
2002-02-19,-2.061355185272658
2002-02-20,1.1001735705375966
2002-02-21,2.167503718909496
2002-02-22,-0.6518778561041911
2002-02-25,2.547486142874567
2002-02-26,0.09344615049559674
2002-02-27,0.40205533303155383
2002-02-28,0.40865936189075974
2002-03-01,1.3826853366995737
2002-03-04,1.8295943439630276
2002-03-05,-0.38199197979186283
2002-03-06,-0.41389568996272785
2002-03-07,-0.14550167881243725
2002-03-08,0.9007497827575884
2002-03-11,0.1604709890683456
2002-03-12,0.10324841785206046
2002-03-13,0.12182238975865807
2002-03-14,0.7462078446111142
2002-03-15,1.940655754915932
2002-03-18,0.3705006248510224
2002-03-19,0.6639279002705811
2002-03-20,-1.243022679824967
2002-03-21,-0.41336268230521955
2002-03-22,1.1014850120216055
2002-03-25,-1.4831372730136887
2002-03-26,1.2160706874104772
2002-03-27,-1.3362483451288365
2002-03-28,0.31585427985220993
2002-03-29,-0.010159891452358622
2002-04-01,-0.010159891452358622
2002-04-02,-1.198177008289921
2002-04-03,-0.5687151784306982
2002-04-04,-0.3862596984836531
2002-04-05,0.4594831266838135
2002-04-08,-0.5742902541900169
2002-04-09,0.16921390609582757
2002-04-10,1.756099050858405
2002-04-11,-0.5688021021220292
2002-04-12,-0.05718535796265086
2002-04-15,1.1334770380595505
2002-04-16,2.091873072983513
2002-04-17,-0.3363703757589078
2002-04-18,-1.1291766401458294
2002-04-19,-0.05548048154320014
2002-04-22,-0.6032817793704521
2002-04-23,0.6735415797361186
2002-04-24,0.43126315334654736
2002-04-25,-1.5688527827395562
2002-04-26,-0.3916500613811996
2002-04-29,0.14839214813897267
2002-04-30,0.7197466227545656
2002-05-01,-0.010159891452358622
2002-05-02,0.5910910688805308
2002-05-03,-0.8596081096025635
2002-05-06,0.293009810105244
2002-05-07,-0.23965008820637196
2002-05-08,1.3146023778059888
2002-05-09,-0.06387780054248439
2002-05-10,-0.3247291367460479
2002-05-13,0.11592814833039754
2002-05-14,0.3035657451684702
2002-05-15,-0.27895409662774173
2002-05-16,-0.06409210974404034
2002-05-17,1.2501945115437951
2002-05-20,-0.5474700016654716
2002-05-21,0.01640928332208191
2002-05-22,1.1615525210981388
2002-05-23,-0.7851331544793859
2002-05-24,0.11259150610727024
2002-05-27,0.9090245751225307
2002-05-28,-0.010159891452358622
2002-05-29,-1.0872232850258061
2002-05-30,-1.5914832951141347
2002-05-31,0.5228539569880783
2002-06-03,-0.4796143231722581
2002-06-04,-1.8039968702639888
2002-06-05,0.3840184075536029
2002-06-06,0.8969930728551881
2002-06-07,-1.1233701388767283
2002-06-10,-0.9296134569345971
2002-06-11,1.0498808870499265
2002-06-12,-0.3200320501162397
2002-06-13,-1.299408726608327
2002-06-14,-2.5356801270005453
2002-06-17,2.2142705049728124
2002-06-18,0.19401489841428748
2002-06-19,-1.5383860297979275
2002-06-20,-1.4033797114918714
2002-06-21,-0.8116533244961248
2002-06-24,-0.32614178762053125
2002-06-25,1.4876598674070103
2002-06-26,0.24510095764302098
2002-06-27,1.797894326693335
2002-06-28,0.9406286883253192
2002-07-01,-0.745833375661384
2002-07-02,-1.7692988860666208
2002-07-03,-1.168526617375381
2002-07-04,0.9350675132478163
2002-07-05,2.2247897903126828
2002-07-08,-0.842088698146666
2002-07-09,-0.7565995126964902
2002-07-10,-1.6638937299980496
2002-07-11,-0.9863857322215401
2002-07-12,1.080211092663838
2002-07-15,-1.956755590063635
2002-07-16,1.7391072083554424
2002-07-17,0.6101983904427745
2002-07-18,1.3265894484253424
2002-07-19,-3.126204144039346
2002-07-22,-2.226659277737802
2002-07-23,-1.9150039465135538
2002-07-24,2.769680681182925
2002-07-25,-1.9821836358906184
2002-07-26,0.297761520158106
2002-07-29,4.620423710774972
2002-07-30,-0.11332823307968219
2002-07-31,-1.9498066190581795
2002-08-01,-1.2752486493448218
2002-08-02,-0.8803046673694596
2002-08-05,-3.2970690598082464
2002-08-06,4.202132668687399
2002-08-07,-0.12069298471204472
2002-08-08,2.0575605145175495
2002-08-09,0.8192762372222268
2002-08-12,-1.7054560081826164
2002-08-13,0.739028737604
2002-08-14,-1.0298227171542287
2002-08-15,1.8305617964679115
2002-08-16,-0.04148538239984336
2002-08-19,2.5801754096744474
2002-08-20,-1.3231100812221683
2002-08-21,0.5555588340070952
2002-08-22,-0.08048085760398264
2002-08-23,-0.010159891452358622
2002-08-26,-0.010159891452358622
2002-08-27,-0.010159891452358622
2002-08-28,-0.010159891452358622
2002-08-29,-3.7009684843038992
2002-08-30,0.7129112008124283
2002-09-02,-1.4785979611563724
2002-09-03,-3.0562543393087984
2002-09-04,1.3488982651081425
2002-09-05,-0.8884991486854921
2002-09-06,1.809122108718415
2002-09-09,-0.06631410714061053
2002-09-10,2.346123248605453
2002-09-11,0.6796645246406556
2002-09-12,-3.0562674476031937
2002-09-13,-0.7463148352556439
2002-09-16,-0.49202303512836787
2002-09-17,-0.16030259844614245
2002-09-18,-2.9822956110463865
2002-09-19,-1.0817503339150905
2002-09-20,1.1721808000701508
2002-09-23,-3.016937820557671
2002-09-24,-1.7717926598730576
2002-09-25,1.6728059689608374
2002-09-26,1.5768120001727277
2002-09-27,-1.1660930208700808
2002-09-30,-3.2386484943680114
2002-10-01,2.3655289713968544
2002-10-02,1.4369826153426366
2002-10-03,-2.8410411376577773
2002-10-04,-0.6276800276333736
2002-10-07,0.017449462431904345
2002-10-08,-1.9115789740182418
2002-10-09,-2.579597328421541
2002-10-10,2.429750920781513
2002-10-11,3.0854574283543346
2002-10-14,-2.1075945649220045
2002-10-15,3.2997827181940234
2002-10-16,-1.0609718553638976
2002-10-17,3.5010429209080574
2002-10-18,0.0023185998709544585
2002-10-21,2.0775823415185997
2002-10-22,-0.9997824754328805
2002-10-23,-2.2581098943948867
2002-10-24,-0.022961525425586857
2002-10-25,-0.9143614727666973
2002-10-28,1.3397361277619138
2002-10-29,-3.617255434447252
2002-10-30,-0.1883386076643224
2002-10-31,0.5088082371346915
2002-11-01,-0.35094930382744605
2002-11-04,2.7271273466281274
2002-11-05,-0.8043003872387456
2002-11-06,-1.1798774102435226
2002-11-07,-1.7510815948928613
2002-11-08,-1.2696163421878521
2002-11-11,-1.0395469351547522
2002-11-12,0.4420758682373205
2002-11-13,-0.7417228581480168
2002-11-14,1.712649295213843
2002-11-15,-0.4816479376399893
2002-11-18,0.6316092841325303
2002-11-19,0.4269392971921726
2002-11-20,-0.7599190842453812
2002-11-21,2.0816907152081554
2002-11-22,1.2018497320408967
2002-11-25,-0.6661802014716371
2002-11-26,-1.2393559754424297
2002-11-27,2.390728504018057
2002-11-28,1.2485417410088562
2002-11-29,-0.29271251676395027
2002-12-02,-1.5019809000630477
2002-12-03,-1.9507407819120604
2002-12-04,0.5681122817656715
2002-12-05,-1.4693597930207505
2002-12-06,0.4253694333808546
2002-12-09,-2.5527222777280043
2002-12-10,1.6572874680100185
2002-12-11,0.3305257051344496
2002-12-12,-1.9150899121072318
2002-12-13,-1.2485546845175457
2002-12-16,1.4486103114082762
2002-12-17,-1.3180002658065622
2002-12-18,-2.516851520771396
2002-12-19,-0.4572370399128077
2002-12-20,0.8955478517530215
2002-12-23,-0.16781331236686642
2002-12-24,-0.010159891452358622
2002-12-25,-0.010159891452358622
2002-12-26,-0.010159891452358622
2002-12-27,-2.3904090516750878
2002-12-30,1.5095919596281278
2002-12-31,-0.010159891452358622
2003-01-01,-0.010159891452358622
2003-01-02,3.9220839349838514
2003-01-03,-1.6510724544427222
2003-01-06,1.005226325088479
2003-01-07,-0.2356148201346577
2003-01-08,-2.930886156575792
2003-01-09,0.42059044212878693
2003-01-10,0.053331236666326005
2003-01-13,0.4318207439385732
2003-01-14,-0.07303364696452246
2003-01-15,-1.5127096403218354
2003-01-16,0.7790400132052143
2003-01-17,-1.9501969603103457
2003-01-20,-0.613123851839327
2003-01-21,-0.6721812350035028
2003-01-22,-0.6123088773902278
2003-01-23,-0.6376137584792853
2003-01-24,-0.48628125366411773
2003-01-27,-1.0676184367831365
2003-01-28,0.7271795046776246
2003-01-29,1.569121361813566
2003-01-30,0.7261233529958377
2003-01-31,1.1643980941581855
2003-02-03,1.554569909523756
2003-02-04,-2.0244841556355104
2003-02-05,1.617819839282311
2003-02-06,-1.63813962218703
2003-02-07,-1.696290868756661
2003-02-10,0.30091967380799056
2003-02-11,0.8771787767591016
2003-02-12,-1.5741211790605
2003-02-13,-0.5903569103047053
2003-02-14,2.604982073146117
2003-02-17,0.4727349346782962
2003-02-18,0.5006259308357786
2003-02-19,-2.0531133296128816
2003-02-20,-0.4744877332999536
2003-02-21,1.503440740136956
2003-02-24,-0.34609411794699296
2003-02-25,-0.5867831645455776
2003-02-26,-0.8016928796927402
2003-02-27,1.5262589966645588
2003-02-28,0.4910684776519658
2003-03-03,-0.010159891452358622
2003-03-04,-2.1868414346371403
2003-03-05,0.04203772029452595
2003-03-06,-1.2965936004861691
2003-03-07,-0.29686067280163625
2003-03-10,-1.3592882475517676
2003-03-11,-0.831025074415287
2003-03-12,-2.2058301605197688
2003-03-13,3.867700364398978
2003-03-14,-0.8529917353567711
2003-03-17,2.1930655396323315
2003-03-18,2.044132589010506
2003-03-19,0.443748331305401
2003-03-20,0.14018239907239247
2003-03-21,1.981895471332945
2003-03-24,-2.4883520552866507
2003-03-25,1.4661927499909946
2003-03-26,-1.000375731846727
2003-03-27,0.3553425097136297
2003-03-28,-1.3189911868716158
2003-03-31,-1.6548600136205627
2003-04-01,-0.11597924066158785
2003-04-02,2.4328557546788407
2003-04-03,-0.29605470115322563
2003-04-04,1.9233050156977542
2003-04-07,2.894061683138129
2003-04-08,-0.7776176053051768
2003-04-09,0.11347132408661378
2003-04-10,-0.1194879843608288
2003-04-11,0.006294025370664923
2003-04-14,0.8528992770506982
2003-04-15,-0.04244341016122903
2003-04-16,-0.6114151513345554
2003-04-17,1.5817480485932893
2003-04-18,-0.010159891452358622
2003-04-21,-0.010159891452358622
2003-04-22,0.8515750741384144
2003-04-23,0.7292544913893918
2003-04-24,-2.47296619349086
2003-04-25,-1.4655448958795199
2003-04-28,1.7181752594846926
2003-04-29,-1.0624633113252595
2003-04-30,0.10430505576865219
2003-05-01,-0.010159891452358622
2003-05-02,0.34777908534422075
2003-05-05,-0.15625874218053193
2003-05-06,0.5875906017986835
2003-05-07,-1.0489463118234699
2003-05-08,-1.8678695977936481
2003-05-09,1.2363985665610582
2003-05-12,-0.5619888494198098
2003-05-13,-1.116357334900211
2003-05-14,0.3158728203445423
2003-05-15,-0.1128673520397685
2003-05-16,-0.4925008658497881
2003-05-19,-1.9722354580725658
2003-05-20,-0.6827494797717583
2003-05-21,0.1178323576403119
2003-05-22,0.6786135555927066
2003-05-23,-1.3238517666940701
2003-05-26,0.22977047403655526
2003-05-27,0.9194255104821075
2003-05-28,0.2956875297614722
2003-05-29,-0.27991942734217706
2003-05-30,1.0244702851568857
2003-06-02,0.8811976132345968
2003-06-03,-0.9015173961393165
2003-06-04,-0.9007307629718083
2003-06-05,-0.8262910403317487
2003-06-06,1.5551562522071283
2003-06-09,-0.6515823138536868
2003-06-10,0.9663327383715999
2003-06-11,1.3238510677707709
2003-06-12,1.1373437655303442
2003-06-13,-1.0041739757694579
2003-06-16,1.7282061235937158
2003-06-17,0.8839242357413134
2003-06-18,0.7723787602171596
2003-06-19,-0.6961719882294566
2003-06-20,-0.6899885491125279
2003-06-23,-0.8324450180071691
2003-06-24,0.9748819327710869
2003-06-25,-0.5329624423206847
2003-06-26,1.8738338903065026
2003-06-27,0.14743127162606878
2003-06-30,0.6149950388745403
2003-07-01,-1.1892029370921464
2003-07-02,1.4629543314563664
2003-07-03,1.2233533495344056
2003-07-04,0.04992450021543393
2003-07-07,1.2781519805038286
2003-07-08,-0.09788121724891556
2003-07-09,-0.3332457325445028
2003-07-10,-0.7677135084622738
2003-07-11,1.0997381274788613
2003-07-14,0.10669881018764496
2003-07-15,-0.7305332069395052
2003-07-16,-0.5914720495470605
2003-07-17,-0.9493167343810865
2003-07-18,0.2796406462260795
2003-07-21,-1.6029090752581938
2003-07-22,0.614779185885151
2003-07-23,-0.3841348153928302
2003-07-24,1.9959727591160406
2003-07-25,-0.14528461571854223
2003-07-28,-0.10048587609608918
2003-07-29,-0.2972556077394882
2003-07-30,0.4873952188353688
2003-07-31,0.9106568640564884
2003-08-01,-0.8860141563924201
2003-08-04,-0.6133296732289737
2003-08-05,0.2923899394156652
2003-08-06,-0.23689596105065697
2003-08-07,-0.025321471801990035
2003-08-08,0.15627623410450722
2003-08-11,-0.025270101002737775
2003-08-12,0.4858052286483839
2003-08-13,0.7903198014723037
2003-08-14,0.9213242182916375
2003-08-15,0.4915794197723211
2003-08-18,0.5708736259685169
2003-08-19,-0.3068748943579533
2003-08-20,0.5674264140981323
2003-08-21,1.6137258133831178
2003-08-22,-0.47235833881881656
2003-08-25,-0.47693451059575176
2003-08-26,-0.1621667963455285
2003-08-27,0.7722533359395276
2003-08-28,0.36950141059377245
2003-08-29,-0.3625940577652757
2003-09-01,1.6080764992687928
2003-09-02,0.13423219291682162
2003-09-03,1.078187662317024
2003-09-04,-0.3830753094748189
2003-09-05,-1.478656517984065
2003-09-08,-0.4651557475370566
2003-09-09,-1.236161493991729
2003-09-10,-1.0003087557612218
2003-09-11,0.6753999273108056
2003-09-12,-0.8934529529662791
2003-09-15,0.2298224192385138
2003-09-16,0.6192521872433009
2003-09-17,-0.05184903971694825
2003-09-18,0.2533089302017808
2003-09-19,-0.245831856543275
2003-09-22,-1.4208491413837874
2003-09-23,-1.0379789030514033
2003-09-24,-1.64812163250315
2003-09-25,-0.3141713433493651
2003-09-26,-0.3929690482872146
2003-09-29,0.29633081348071644
2003-09-30,-1.1855410741421435
2003-10-01,0.9815750472537768
2003-10-02,-1.600736850011633
2003-10-03,1.825125067626873
2003-10-06,-0.28553459026138167
2003-10-07,-1.3485607538185262
2003-10-08,-0.5658993977938117
2003-10-09,2.4786233233267523
2003-10-10,-0.37521047527254403
2003-10-13,0.8672677400392823
2003-10-14,0.4076607479328793
2003-10-15,0.7853254883383001
2003-10-16,0.25206840839496897
2003-10-17,-0.830774717984818
2003-10-20,-0.024951039706211292
2003-10-21,-1.2536678626129036
2003-10-22,-0.7137094082958321
2003-10-23,0.005259896088708931
2003-10-24,-0.6928705694372472
2003-10-27,0.9643169191209353
2003-10-28,0.37103574914211873
2003-10-29,0.17171707331048683
2003-10-30,0.6209547415625738
2003-10-31,0.6862293315885082
2003-11-03,0.9507230815269375
2003-11-04,0.2915276027712288
2003-11-05,-0.9502575772548456
2003-11-06,-0.18578798385426104
2003-11-07,0.7750542202831636
2003-11-10,-0.5321763300684822
2003-11-11,-0.8486683464235495
2003-11-12,0.5064755724612191
2003-11-13,0.3554397826001933
2003-11-14,0.03352083426121619
2003-11-17,-1.6087456472558919
2003-11-18,-0.23652776253103558
2003-11-19,0.3364944821759965
2003-11-20,-0.3719458393669089
2003-11-21,0.08053979864993284
2003-11-24,0.7836074301410255
2003-11-25,0.35967414170566064
2003-11-26,-0.05438637885613677
2003-11-27,0.10768913584003481
2003-11-28,-0.4536164644989957
2003-12-01,0.82887724526697
2003-12-02,-0.4793629950136641
2003-12-03,0.9380739872347763
2003-12-04,1.7336512473108185
2003-12-05,0.031592337156733846
2003-12-08,-0.24715968184484008
2003-12-09,0.3934125606248169
2003-12-10,0.8004180659866783
2003-12-11,0.7733505216805916
2003-12-12,0.24370764961508629
2003-12-15,0.08301946530724688
2003-12-16,-0.023467132034178162
2003-12-17,-0.023455842194484048
2003-12-18,0.6898690141841136
2003-12-19,0.3815287362219404
2003-12-22,0.27503074942203737
2003-12-23,0.503985252998738
2003-12-24,-0.010159891452358622
2003-12-25,-0.010159891452358622
2003-12-26,-0.010159891452358622
2003-12-29,0.5237343617613996
2003-12-30,-0.4418928432324828
2003-12-31,-0.010159891452358622
2004-01-01,-0.010159891452358622
2004-01-02,0.30767275650583564
2004-01-05,0.15426462950248557
2004-01-06,-0.3650280111004685
2004-01-07,-0.0610800184587157
2004-01-08,-0.29117785384180167
2004-01-09,-0.7851840884757678
2004-01-12,-0.10141882801205657
2004-01-13,0.8176783561176161
2004-01-14,0.6392774331562657
2004-01-15,-0.41660328991696927
2004-01-16,2.3047983789501605
2004-01-19,0.15956861877684964
2004-01-20,-0.9143151151024298
2004-01-21,0.08842709033947589
2004-01-22,0.47969579483498476
2004-01-23,0.03855317280196771
2004-01-26,0.13566007821977596
2004-01-27,-0.010159891452358622
2004-01-28,0.6046156242907205
2004-01-29,-0.8560316671054927
2004-01-30,-0.5743876602400294
2004-02-02,-0.07189416026898347
2004-02-03,-1.1228105474103152
2004-02-04,-0.2129961449126788
2004-02-05,-0.5468147499907136
2004-02-06,-0.16460413399779864
2004-02-09,0.5791860605564394
2004-02-10,0.28176672465841335
2004-02-11,-0.13686499358721552
2004-02-12,-0.07362825635327488
2004-02-13,-0.688381865468792
2004-02-16,-0.6851678730355488
2004-02-17,0.7163797123837767
2004-02-18,0.38728022106577603
2004-02-19,0.015354592846248011
2004-02-20,-1.2905719029937035
2004-02-23,0.4075287095492803
2004-02-24,-0.6907934947486045
2004-02-25,-0.0893323844982209
2004-02-26,-0.11592191702930292
2004-02-27,0.6339751802014031
2004-03-01,-0.03628216548048452
2004-03-02,0.8185722758476409
2004-03-03,-0.3450730691161328
2004-03-04,-0.08779146499878923
2004-03-05,-0.010159891452358622
2004-03-08,0.26097683047422965
2004-03-09,-0.8021130084942633
2004-03-10,-0.8156235089695667
2004-03-11,-1.7463925923571144
2004-03-12,0.5939065283514586
2004-03-15,-1.6761571255568426
2004-03-16,0.899541160719657
2004-03-17,1.0181693960908513
2004-03-18,-1.0246283788392045
2004-03-19,-0.23239641237887318
2004-03-22,-1.437744023602639
2004-03-23,0.1760291231874461
2004-03-24,0.2037619781629579
2004-03-25,0.9057988240726768
2004-03-26,0.5309953821838455
2004-03-29,0.5248712699841686
2004-03-30,-0.4211876992671755
2004-03-31,-0.4525523067063711
2004-04-01,0.7066432384309593
2004-04-02,1.191970826947484
2004-04-05,0.5730460632216742
2004-04-06,-0.049698872699870326
2004-04-07,-0.5671516067513597
2004-04-08,0.6090800627455544
2004-04-09,-0.010159891452358622
2004-04-12,-0.010159891452358622
2004-04-13,0.1698615381429783
2004-04-14,-0.678272825789314
2004-04-15,0.1437857416990824
2004-04-16,0.017783620266220504
2004-04-19,-0.346493405261562
2004-04-20,1.3073504120941435
2004-04-21,1.0580960195364206
2004-04-22,1.0344846667571272
2004-04-23,2.6098087846524116
2004-04-26,0.7385408080750541
2004-04-27,0.5226039450933256
2004-04-28,-0.7870934927872915
2004-04-29,-0.2679126314862843
2004-04-30,-1.2066763841274948
2004-05-03,0.6292611204879995
2004-05-04,-0.07245733903927012
2004-05-05,0.05213755613455067
2004-05-06,-1.2722203316354326
2004-05-07,-1.0054684736076243
2004-05-10,-1.2275691148705619
2004-05-11,0.8137149317689192
2004-05-12,-0.3937317523544835
2004-05-13,0.3997430204028412
2004-05-14,-0.31394991174302495
2004-05-17,-0.5833903412471926
2004-05-18,0.030056291790173613
2004-05-19,0.43001864895426245
2004-05-20,-0.8676108926089932
2004-05-21,0.09788026070640107
2004-05-24,0.5929820221006117
2004-05-25,-0.17024338298096617
2004-05-26,0.8636622408765339
2004-05-27,0.7833183652448216
2004-05-28,-0.11345201997944156
2004-05-31,0.18333642017884413
2004-06-01,-0.7366951308053764
2004-06-02,0.06822260220959081
2004-06-03,0.9075893503191614
2004-06-04,0.7013205919487908
2004-06-07,0.901504173186402
2004-06-08,-0.08442660895871487
2004-06-09,-0.047352636266290944
2004-06-10,0.532213494548447
2004-06-11,-0.34223884244653285
2004-06-14,-0.693943744514814
2004-06-15,0.46332952660347376
2004-06-16,0.08892178563995319
2004-06-17,-0.13403675877738244
2004-06-18,0.1137169758726686
2004-06-21,0.014570323473173568
2004-06-22,-0.2829831681132459
2004-06-23,0.2008068933138511
2004-06-24,0.5559690298313439
2004-06-25,0.038754236780108815
2004-06-28,0.39143088097967876
2004-06-29,-0.43619701865205585
2004-06-30,-0.25535315368288186
2004-07-01,-0.44231391432622236
2004-07-02,-0.9497789225056551
2004-07-05,-0.45513234227747956
2004-07-06,-0.3048686530162739
2004-07-07,0.13102256595108508
2004-07-08,0.14336641270811207
2004-07-09,-0.523892955194651
2004-07-12,-0.5034156026483454
2004-07-13,0.6635474266960941
2004-07-14,-0.3976538100050583
2004-07-15,-0.9401627123986741
2004-07-16,0.34566522248755693
2004-07-19,-0.2074950954510286
2004-07-20,0.4098464405042886
2004-07-21,0.6773566548232769
2004-07-22,-0.5802304522395073
2004-07-23,-0.07537157792991649
2004-07-26,-0.6408904323611851
2004-07-27,1.1010632297443341
2004-07-28,0.733333781471263
2004-07-29,-0.0228742986568123
2004-07-30,0.002554515752093693
2004-08-02,-0.5216567157015485
2004-08-03,-0.07449657472359215
2004-08-04,-0.8282999523125608
2004-08-05,-0.5106006056470243
2004-08-06,-1.7359638129699604
2004-08-09,-0.4932555111562264
2004-08-10,0.37671530792797475
2004-08-11,-0.7731122706445238
2004-08-12,-0.6720703450238198
2004-08-13,0.08902169600620337
2004-08-16,0.6782562960318644
2004-08-17,-0.13584721282368392
2004-08-18,-0.10815975831978233
2004-08-19,-0.6592269661245239
2004-08-20,0.07499659651576532
2004-08-23,0.7774378834904304
2004-08-24,0.15692247030780468
2004-08-25,0.18401087676886022
2004-08-26,0.8946321721165703
2004-08-27,-0.010159891452358622
2004-08-30,-0.5152654513253246
2004-08-31,-0.3545147306824602
2004-09-01,0.5942599536836073
2004-09-02,0.05802434855154247
2004-09-03,0.5453442828120361
2004-09-06,0.5389060117860284
2004-09-07,-0.17020294684847048
2004-09-08,-0.22438712516631215
2004-09-09,-0.495762251429498
2004-09-10,0.28719086583286674
2004-09-13,0.7516414507718746
2004-09-14,-0.22274920484922658
2004-09-15,-0.5324300684425134
2004-09-16,0.3787427217822978
2004-09-17,0.08324601486510594
2004-09-20,-0.4655515553223672
2004-09-21,0.07051791379987266
2004-09-22,-1.1937467471498313
2004-09-23,-0.36970958610098276
2004-09-24,-0.149179314578708
2004-09-27,-0.5563034456209525
2004-09-28,-0.08062979641498338
2004-09-29,0.13068994785155622
2004-09-30,-0.5191996747698723
2004-10-01,1.34906815760998
2004-10-04,0.8385468062678728
2004-10-05,-0.1868488549041629
2004-10-06,0.017069485286158776
2004-10-07,-0.37906161341618205
2004-10-08,-0.4926959639811011
2004-10-11,0.36251775370910855
2004-10-12,-0.9544321560780781
2004-10-13,-0.15063246022125526
2004-10-14,-0.847558947824624
2004-10-15,-0.06747368769925943
2004-10-18,-0.4711983182542022
2004-10-19,0.4078410537009373
2004-10-20,-0.4861079365384495
2004-10-21,0.33646547558644563
2004-10-22,-0.03894530428275249
2004-10-25,-1.695733767248379
2004-10-26,0.8181491118280673
2004-10-27,0.8038784563309093
2004-10-28,0.13374400357967076
2004-10-29,-0.6903257974546104
2004-11-01,0.7848079104783182
2004-11-02,0.09005937955837727
2004-11-03,-0.15340357002849553
2004-11-04,-0.15382933728469497
2004-11-05,0.4338192502247629
2004-11-08,0.4861537458555377
2004-11-09,0.4670234616607653
2004-11-10,0.4069057399601169
2004-11-11,0.649591618149464
2004-11-12,-0.13316868260980916
2004-11-15,-0.1472161062007705
2004-11-16,-0.3821798750084072
2004-11-17,0.7854234966929943
2004-11-18,-0.2282952618660783
2004-11-19,-0.8650752834066942
2004-11-22,-0.2472994887222647
2004-11-23,-0.5304496935212073
2004-11-24,0.4121300437490654
2004-11-25,0.15771479535529465
2004-11-26,0.003810655224780216
2004-11-29,-0.09400525806972519
2004-11-30,-0.15021562252638138
2004-12-01,0.39485370266737124
2004-12-02,0.30861181737777826
2004-12-03,-0.023983233028569747
2004-12-06,-0.30120527185322765
2004-12-07,0.3085083716560689
2004-12-08,0.42967547655245575
2004-12-09,-0.422383598273275
2004-12-10,0.22387213387225124
2004-12-13,1.0758432983830692
2004-12-14,0.19071704315449148
2004-12-15,-0.3723465769139085
2004-12-16,0.21820068057608152
2004-12-17,-0.8893590413429223
2004-12-20,0.1941910794913076
2004-12-21,0.3689466394992221
2004-12-22,0.7257602969495622
2004-12-23,-0.023437056871206716
2004-12-24,-0.010159891452358622
2004-12-27,-0.34334220313692115
2004-12-28,0.40261996360302754
2004-12-29,-0.31607120967553504
2004-12-30,-0.1571743756775653
2004-12-31,-0.010159891452358622
2005-01-03,0.5487143916008493
2005-01-04,0.4767682675939122
2005-01-05,-0.1806574493974871
2005-01-06,0.23884281146339398
2005-01-07,-0.24602587038422477
2005-01-10,-0.14170137961090698
2005-01-11,-0.46018317355240523
2005-01-12,-0.6933318462350413
2005-01-13,-0.3622860694064137
2005-01-14,0.3689466394992221
2005-01-17,-0.14521131528245668
2005-01-18,0.46081991416597773
2005-01-19,0.08347948818782296
2005-01-20,-0.4532183134767256
2005-01-21,-0.11820004361111597
2005-01-24,-0.2269704016265483
2005-01-25,0.3281814314765395
2005-01-26,-0.5526705027180978
2005-01-27,-0.11941923089925009
2005-01-28,-0.037510622257277526
2005-01-31,0.5068613581778234
2005-02-01,0.46108376264843465
2005-02-02,0.5756608786455417
2005-02-03,-0.12939559411685167
2005-02-04,0.3334907096942326
2005-02-07,0.3048439794032509
2005-02-08,0.2767560342147808
2005-02-09,-0.24477428991192446
2005-02-10,-0.5754263241210325
2005-02-11,0.18780114315312518
2005-02-14,-0.340543507570534
2005-02-15,0.18834199981234387
2005-02-16,-0.26173786899038354
2005-02-17,-0.10319760842424801
2005-02-18,-0.036770376276077245
2005-02-21,0.1758086882952194
2005-02-22,-0.28939780339098437
2005-02-23,-0.4927233217379688
2005-02-24,-0.2533069101518429
2005-02-25,0.40781808778700407
2005-02-28,-0.2389207367178493
2005-03-01,0.0572259818368423
2005-03-02,-0.064055104145614
2005-03-03,-0.06413602929246605
2005-03-04,-0.06419299373484036
2005-03-07,0.043873210830125825
2005-03-08,-0.14535638679197632
2005-03-09,-0.02369505284245508
2005-03-10,-0.3772452984575706
2005-03-11,0.12612483047590803
2005-03-14,0.017053785302816517
2005-03-15,0.22050808090093835
2005-03-16,-1.3835160410614067
2005-03-17,-0.10778725389435287
2005-03-18,-0.16401927014950937
2005-03-21,0.04583974358491236
2005-03-22,0.24104436819469835
2005-03-23,0.05939045575171298
2005-03-24,0.5974233786892044
2005-03-25,-0.010159891452358622
2005-03-28,-0.010159891452358622
2005-03-29,-0.010159891452358622
2005-03-30,0.08579579952124407
2005-03-31,0.07192098851340249
2005-04-01,-0.24310968478908448
2005-04-04,-0.24426019116313955
2005-04-05,0.415865158394742
2005-04-06,0.1128035353565629
2005-04-07,0.05232276594033699
2005-04-08,-0.16856818216857683
2005-04-11,-0.3430998719457353
2005-04-12,-0.4626668729024129
2005-04-13,-0.2454200781524447
2005-04-14,0.04876268798950222
2005-04-15,-1.2783907024456649
2005-04-18,-1.065342936258666
2005-04-19,-0.13404703170966698
2005-04-20,-0.3837632465176256
2005-04-21,0.2547840404384712
2005-04-22,-0.025692567659907167
2005-04-25,0.28428415321140965
2005-04-26,-0.3201680831726266
2005-04-27,0.19158582188021078
2005-04-28,-0.4144961933014153
2005-04-29,0.19243069706412488
2005-05-02,0.3616147095494496
2005-05-03,-0.056479736470177365
2005-05-04,1.1944568756119158
2005-05-05,0.06504422684195815
2005-05-06,0.1399152088532363
2005-05-09,-0.4618090108846654
2005-05-10,-0.37463250936934567
2005-05-11,0.17243080525066062
2005-05-12,0.2774838205297937
2005-05-13,0.8127950225986066
2005-05-16,-0.33762805465858436
2005-05-17,-0.23472958436081692
2005-05-18,0.9553659919436795
2005-05-19,0.5016834728100429
2005-05-20,0.17855100308839472
2005-05-23,-0.1552524487817522
2005-05-24,-0.24324171846980971
2005-05-25,-0.4650486047379723
2005-05-26,0.3570292459482795
2005-05-27,0.092135501936197
2005-05-30,0.16470778085014912
2005-05-31,0.22200027718017118
2005-06-01,0.7222539302954297
2005-06-02,0.07526936674873423
2005-06-03,-0.15261511669230038
2005-06-06,-0.2676863228089926
2005-06-07,0.20454454213043333
2005-06-08,0.20356263639679661
2005-06-09,-0.30963829633291023
2005-06-10,1.2602036082034973
2005-06-13,0.1566678567689766
2005-06-14,0.1699021360162066
2005-06-15,-0.5664205706805862
2005-06-16,0.35215934019808637
2005-06-17,0.0037195286568527377
2005-06-20,-0.12131441715999816
2005-06-21,0.4604390280399421
2005-06-22,-0.20338288377061284
2005-06-23,0.017507933231399084
2005-06-24,-0.31520364331016293
2005-06-27,-0.598053876620155
2005-06-28,0.14452004737860044
2005-06-29,0.3116277830044814
2005-06-30,-0.3881296846495945
2005-07-01,0.2701127379693101
2005-07-04,-0.03812138285934779
2005-07-05,-0.29059433817790675
2005-07-06,0.20033623682022328
2005-07-07,-0.9291535926735164
2005-07-08,0.65612365905848
2005-07-11,0.5217404841960335
2005-07-12,-0.3173649348044058
2005-07-13,0.505364045281279
2005-07-14,0.786812809686215
2005-07-15,0.3157077088223749
2005-07-18,0.04393407123241467
2005-07-19,0.7673415091595834
2005-07-20,0.09607532563159087
2005-07-21,0.24121409402237456
2005-07-22,-0.03655641124889029
2005-07-25,0.2531522266660135
2005-07-26,-0.1943222294867614
2005-07-27,0.6702806782345418
2005-07-28,3.92634455663931
2005-07-29,0.7368776999985586
2005-08-01,0.3531090058892108
2005-08-02,1.245475551603347
2005-08-03,-0.20380431279276484
2005-08-04,-1.1773238761921359
2005-08-05,-0.33891232200096666
2005-08-08,0.528732265568509
2005-08-09,1.1177648829059277
2005-08-10,0.7457604307092406
2005-08-11,-0.42611301579917105
2005-08-12,-0.3273831840175175
2005-08-15,-0.032903796701987176
2005-08-16,-0.2381689117611891
2005-08-17,-0.5272464499968936
2005-08-18,0.02448465311046713
2005-08-19,1.4562114649997897
2005-08-22,0.5682689001497587
2005-08-23,-0.6221844397893624
2005-08-24,0.5354910256950933
2005-08-25,-0.32117892924893743
2005-08-26,-0.4693220135922444
2005-08-29,0.23676132475139322
2005-08-30,-0.5166380658383912
2005-08-31,-0.021476753091129914
2005-09-01,-0.5795024911969311
2005-09-02,-0.8306308269655401
2005-09-05,1.1185947912139975
2005-09-06,0.2169205679012485
2005-09-07,0.09169049871448473
2005-09-08,-0.0554047127763716
2005-09-09,0.13668542395190478
2005-09-12,0.07997901578246266
2005-09-13,-1.2995953066022266
2005-09-14,0.11691172170022798
2005-09-15,0.18557854387906628
2005-09-16,1.0351965278221844
2005-09-19,-1.021065667733239
2005-09-20,0.9445179194850819
2005-09-21,-0.7472039000871961
2005-09-22,-0.03302498052965796
2005-09-23,0.817205590817509
2005-09-26,1.8729599267056172
2005-09-27,0.21599831685313417
2005-09-28,1.80254421870472
2005-09-29,-1.2143987777304084
2005-09-30,-0.3935345422107933
2005-10-03,0.900578643255304
2005-10-04,0.4906190884109518
2005-10-05,-1.0913664814765782
2005-10-06,-1.1384463712505777
2005-10-07,-0.11904522853530977
2005-10-10,-0.7572636002433504
2005-10-11,-0.021227585440428853
2005-10-12,-0.4217914829504838
2005-10-13,-0.07725249630773018
2005-10-14,-0.200771999569446
2005-10-17,0.7366520536814017
2005-10-18,-0.6335478416935008
2005-10-19,-1.4205262935192637
2005-10-20,-0.6611827198822973
2005-10-21,-0.6584112414271439
2005-10-24,1.2429185191339818
2005-10-25,-0.06798198491570315
2005-10-26,0.8156881080935218
2005-10-27,-0.9982844771610023
2005-10-28,-0.1031399254731095
2005-10-31,1.3882326723489589
2005-11-01,-0.7385772445668041
2005-11-02,0.6617620912245942
2005-11-03,0.48477191194042096
2005-11-04,-0.6636686700779807
2005-11-07,0.7885952171719232
2005-11-08,0.23461891694054984
2005-11-09,-0.13239626962459752
2005-11-10,-0.5247677163476938
2005-11-11,0.7596648407925944
2005-11-14,0.08933768993311413
2005-11-15,0.2101774681752226
2005-11-16,-0.14222986857369052
2005-11-17,0.22073269409508922
2005-11-18,0.23053732804386048
2005-11-21,0.8870444040974441
2005-11-22,-1.3348895915948504
2005-11-23,0.3627709684677314
2005-11-24,-0.4381823543569603
2005-11-25,-0.0322220285820813
2005-11-28,-0.13164134623308196
2005-11-29,0.2104902207195963
2005-11-30,0.055830767940998456
2005-12-01,0.5688395762735913
2005-12-02,-0.010159891452358622
2005-12-05,-0.5781692597917163
2005-12-06,0.4491433563597822
2005-12-07,-0.42550970649516173
2005-12-08,0.08853672315842312
2005-12-09,0.09927343808752187
2005-12-12,-0.5267107905942199
2005-12-13,0.022980171755328654
2005-12-14,-0.7222748962062245
2005-12-15,0.18005693324379823
2005-12-16,0.30145339474321053
2005-12-19,0.28839238491602504
2005-12-20,-0.25328412771668446
2005-12-21,-0.12107361212540844
2005-12-22,0.2666522018039576
2005-12-23,0.045005252130764874
2005-12-26,-0.010159891452358622
2005-12-27,-0.010159891452358622
2005-12-28,0.6142641529656477
2005-12-29,0.23949238182102364
2005-12-30,-0.5107734409827875
2006-01-02,0.7710676220612058
2006-01-03,0.08659194021096536
2006-01-04,0.20412505574220322
2006-01-05,-0.06363364134060705
2006-01-06,-0.031558381405108006
2006-01-09,0.9962245692368454
2006-01-10,0.2198798574080451
2006-01-11,0.4568977961059812
2006-01-12,0.020805637805635654
2006-01-13,-0.6649147652701682
2006-01-16,-0.010159891452358622
2006-01-17,-0.8975167961408519
2006-01-18,-1.0778796867051357
2006-01-19,0.4889576225067592
2006-01-20,-0.9806481487621476
2006-01-23,-0.20889924815957928
2006-01-24,1.748977877610988
2006-01-25,1.0855621455450488
2006-01-26,1.5267145909244628
2006-01-27,0.07042907050975193
2006-01-30,0.4106149088612639
2006-01-31,-0.07004526608437199
2006-02-01,0.7919429268493151
2006-02-02,-0.7723227929363301
2006-02-03,0.1889938745940673
2006-02-06,0.4151846506803026
2006-02-07,-0.23719753289441284
2006-02-08,-0.5375227669155738
2006-02-09,0.6851212388422465
2006-02-10,0.15714642221837344
2006-02-13,1.877255959926689
2006-02-14,-0.1046579792261414
2006-02-15,0.16921319334023427
2006-02-16,-1.698382980653076
2006-02-17,-0.00039202695730560216
2006-02-20,-0.3433066204701512
2006-02-21,-0.7334849438390405
2006-02-22,0.24874400084234496
2006-02-23,-0.5796042831962892
2006-02-24,0.20042932174381164
2006-02-27,0.6555370972672977
2006-02-28,-1.3510534440597897
2006-03-01,0.9244879183946569
2006-03-02,-1.1788550506305238
2006-03-03,-1.229427944139969
2006-03-06,0.8507495653211465
2006-03-07,9.617356534857597e-05
2006-03-08,-0.6724568573445583
2006-03-09,1.2342869546673785
2006-03-10,0.7250260655913353
2006-03-13,0.14947494296344296
2006-03-14,0.2183559522417235
2006-03-15,0.1876483448640159
2006-03-16,-0.03977832878308971
2006-03-17,-1.1597979768650633
2006-03-20,-0.4779742049423335
2006-03-21,-0.13296906829718194
2006-03-22,0.9132285873972521
2006-03-23,-0.3935525458780021
2006-03-24,0.25250541950994715
2006-03-27,-0.6287372644770225
2006-03-28,0.030657206200911186
2006-03-29,0.9188785711043278
2006-03-30,0.34845797969154824
2006-03-31,-0.16919955874769516
2006-04-03,0.7013924509443574
2006-04-04,-0.09853948180382699
2006-04-05,0.8564330216208454
2006-04-06,-0.9554241794357575
2006-04-07,-1.0652420276323045
2006-04-10,1.2511863121421665
2006-04-11,-0.8406634903855899
2006-04-12,0.10938676252079205
2006-04-13,0.32316502564151856
2006-04-18,-0.3399337363224022
2006-04-19,0.2990650104293757
2006-04-20,0.40919437081785315
2006-04-21,0.05090545510726181
2006-04-24,-0.9448060636570637
2006-04-25,0.30001670793691193
2006-04-26,0.8779939207284312
2006-04-27,-1.90865801890462
2006-04-28,-1.4750417731698113
2006-05-02,-0.40275133739432417
2006-05-03,-0.5830744752500917
2006-05-04,0.7594639416391096
2006-05-05,0.10964561920899392
2006-05-08,0.17439155526159825
2006-05-09,0.3353067768831406
2006-05-10,0.5458704596373875
2006-05-11,-0.6523175037856251
2006-05-12,-1.990794346790305
2006-05-15,-0.837730378661937
2006-05-16,0.38842805134157177
2006-05-17,-2.025804004546067
2006-05-18,1.008419451839654
2006-05-19,-0.32391834608032244
2006-05-22,-1.0117869625743587
2006-05-23,1.247283000893953
2006-05-24,-0.3126425497202681
2006-05-25,0.9144202967602801
2006-05-26,0.30921289187323403
2006-05-29,-0.2609174807425968
2006-05-30,-1.0734345356862198
2006-05-31,0.7090218909692569
2006-06-01,-0.25252511915959575
2006-06-02,-0.18404198456684265
2006-06-05,-0.7475541056976012
2006-06-06,-2.0348067493009423
2006-06-07,0.03907854264773644
2006-06-08,-1.0926571001417984
2006-06-09,0.8009304060457126
2006-06-12,-0.3453817683927103
2006-06-13,-0.9286136785067702
2006-06-14,-0.12465021536395286
2006-06-15,-0.010159891452358622
2006-06-16,-0.010159891452358622
2006-06-19,0.42089222495798606
2006-06-20,0.7285877580398851
2006-06-21,-0.10965448848608432
2006-06-22,0.12659572736479419
2006-06-23,-0.2466243549774724
2006-06-26,-0.13508677362277077
2006-06-27,-0.5258512862377326
2006-06-28,-0.40385371780149626
2006-06-29,1.235775212717257
2006-06-30,0.7659277777424177
2006-07-03,0.16058242849701826
2006-07-04,-0.3399982055192861
2006-07-05,-0.6519939536701697
2006-07-06,0.6561851032551479
2006-07-07,-0.09601791220846713
2006-07-10,0.34448160335375094
2006-07-11,-0.8831907038399223
2006-07-12,0.7042433457438532
2006-07-13,-0.6377618224059033
2006-07-14,-0.6964763251071789
2006-07-17,0.014970998170147576
2006-07-18,-0.6425066125331244
2006-07-19,1.6043575572006994
2006-07-20,-0.2568794429735261
2006-07-21,-0.6326730576079748
2006-07-24,1.1045133944278895
2006-07-25,0.2218349292655043
2006-07-26,0.12362748658736354
2006-07-27,0.8324847103074448
2006-07-28,1.051578787361391
2006-07-31,-0.06852188399233754
2006-08-01,-0.942017483385872
2006-08-02,0.10881508851224145
2006-08-03,-0.3919395303801865
2006-08-04,0.4072546126414319
2006-08-07,-0.679804258600194
2006-08-08,0.26601724987629355
2006-08-09,0.8206149965738513
2006-08-10,-0.30519652988232293
2006-08-11,0.025348671928522946
2006-08-14,0.5893082681926342
2006-08-15,0.38528059866441766
2006-08-16,0.07085254277972154
2006-08-17,0.5758698536469387
2006-08-18,0.08110962754589683
2006-08-21,-0.41077031266826997
2006-08-22,0.1046513589893919
2006-08-23,-0.28617452814284444
2006-08-24,0.024441615293457425
2006-08-25,-0.2065285769387936
2006-08-28,0.18620879403407492
2006-08-29,-0.010159891452358622
2006-08-30,-0.021703439900759604
2006-08-31,0.28864394921047903
2006-09-01,0.024191611814319322
2006-09-04,0.10417109478710337
2006-09-05,-0.04443198020731507
2006-09-06,-0.8286072100917701
2006-09-07,-0.4775912873323896
2006-09-08,-0.06891038555714463
2006-09-11,-0.18686298004415475
2006-09-12,0.7508322231296951
2006-09-13,0.9212924155754849
2006-09-14,0.03536295917648062
2006-09-15,-2.713959590920808
2006-09-18,-0.409371705160431
2006-09-19,-0.0466245547608824
2006-09-20,0.6538491267382895
2006-09-21,0.12153135128349618
2006-09-22,-0.41839186375700677
2006-09-25,0.17039294498756036
2006-09-26,0.24142970127133478
2006-09-27,0.3469542961525158
2006-09-28,-0.34338741229558
2006-09-29,-0.1417215587972973
2006-10-02,-0.07007391807676817
2006-10-03,-0.21444307521177955
2006-10-04,0.5406032832811137
2006-10-05,0.12058716155298767
2006-10-06,0.06101907550786172
2006-10-09,0.06090417462415989
2006-10-10,-0.06937122559659568
2006-10-11,-0.1525740019090737
2006-10-12,0.9079345416496826
2006-10-13,0.291950463338562
2006-10-16,-0.06810252485601556
2006-10-17,-0.23101723803400095
2006-10-18,0.6493357101701088
2006-10-19,0.4699289709452257
2006-10-20,-0.1126326771574711
2006-10-23,0.2852594698442476
2006-10-24,-0.2144858854794694
2006-10-25,1.9288633508171846
2006-10-26,0.12067064031472367
2006-10-27,-0.09734468122679121
2006-10-30,0.07702489832207297
2006-10-31,1.4372697761999993
2006-11-01,1.0237449098849747
2006-11-02,-0.780839772136206
2006-11-03,0.7088455414350592
2006-11-06,0.7693224974286315
2006-11-07,-0.4804173784516147
2006-11-08,0.42955494699773805
2006-11-09,-0.31650465969200686
2006-11-10,-0.11271157514653458
2006-11-13,0.419104945676674
2006-11-14,0.11176359180039176
2006-11-15,0.9839528420740984
2006-11-16,0.8855069072126487
2006-11-17,-1.2548971996408242
2006-11-20,0.09982363395733254
2006-11-21,-0.43148719518944795
2006-11-22,0.020063248246525764
2006-11-23,-0.4960049600796078
2006-11-24,-0.8829970872931922
2006-11-27,-1.366434216458375
2006-11-28,-0.32049244249471204
2006-11-29,0.4598965759693488
2006-11-30,-0.6092359828898269
2006-12-01,-0.4753830480759697
2006-12-04,0.5733403368464548
2006-12-05,0.41745901512283506
2006-12-06,-0.10603048700435659
2006-12-07,0.09634597020195532
2006-12-08,0.09611655900126775
2006-12-11,0.7167160589543452
2006-12-12,0.09427266784646683
2006-12-13,0.3327832090890724
2006-12-14,0.340620140613206
2006-12-15,0.2767489076110791
2006-12-18,-0.010159891452358622
2006-12-19,0.07150375658245477
2006-12-20,0.5373610066580876
2006-12-21,-0.3135540684826313
2006-12-22,-0.43821640136968054
2006-12-27,0.8119375967332245
2006-12-28,0.030066662522890614
2006-12-29,-0.1612013751070344
2007-01-02,0.7898370827058152
2007-01-03,-0.10942150681248358
2007-01-04,-0.3592304009758151
2007-01-05,-0.030183569802035168
2007-01-08,-0.3014799914300801
2007-01-09,0.1206576720699286
2007-01-10,-0.6882665834849595
2007-01-11,0.7382326025057616
2007-01-12,-0.26165517808447647
2007-01-15,0.24133539517976227
2007-01-16,-0.34243452562159604
2007-01-17,-0.14170333014179967
2007-01-18,0.41350534426278274
2007-01-19,1.7830277993109762
2007-01-22,-0.31082572794638413
2007-01-23,0.2227720207325644
2007-01-24,0.9576976875225062
2007-01-25,-1.0846324838744685
2007-01-26,-0.34124228818498875
2007-01-29,0.42753751872751633
2007-01-30,-0.282027385227546
2007-01-31,-0.805574201843507
2007-02-01,0.5607533447335632
2007-02-02,0.2630064361635846
2007-02-05,-0.27352933576048416
2007-02-06,0.21429152411037702
2007-02-07,-0.18573703252238158
2007-02-08,-0.3042317088063816
2007-02-09,1.4898685462862769
2007-02-12,-0.3639357726289125
2007-02-13,0.04739366955868383
2007-02-14,2.1078798982683007
2007-02-15,1.7174582344141234
2007-02-16,0.6043061404264061
2007-02-19,1.6689297648946602
2007-02-20,-0.5093570293946522
2007-02-21,-1.3473016406820884
2007-02-22,-0.6178159777871152
2007-02-23,0.474827047995157
2007-02-26,-0.11554693933038113
2007-02-27,-1.7110171923895945
2007-02-28,-0.34862111246974714
2007-03-01,-0.4621794590957905
2007-03-02,-0.07508939230374034
2007-03-05,-0.37353945424584173
2007-03-06,1.408739977340872
2007-03-07,0.30647082515069607
2007-03-08,-0.05526889558026653
2007-03-09,0.46572978305546
2007-03-12,0.25709355345365037
2007-03-13,-0.5282230260303761
2007-03-14,-0.9627930364686011
2007-03-15,2.227155379062152
2007-03-16,-0.0014250121497273794
2007-03-19,2.008408158420411
2007-03-20,0.34850926598532656
2007-03-21,0.15574144817291338
2007-03-22,1.1108351556065317
2007-03-23,2.8374222619399516
2007-03-26,-1.377209933172356
2007-03-27,1.2959430799461176
2007-03-28,-0.9882781348361698
2007-03-29,0.41592932994461396
2007-03-30,0.1438283187390982
2007-04-02,0.6008324413299237
2007-04-03,-0.16216434211774472
2007-04-04,-0.7003188993707562
2007-04-05,0.6956752407022312
2007-04-10,1.6387913802181864
2007-04-11,-0.2683100738526298
2007-04-12,-0.5615731530403434
2007-04-13,-0.37361028577184785
2007-04-16,0.11387100477104183
2007-04-17,0.12900775185454402
2007-04-18,-0.5458649746825618
2007-04-19,-0.8371683392675537
2007-04-20,0.46419423246131314
2007-04-23,-0.5799576047769289
2007-04-24,-0.6433947280308512
2007-04-25,0.6310313348420498
2007-04-26,0.8652944509775048
2007-04-27,-0.6394736819006941
2007-04-30,0.2031647070036164
2007-05-02,0.08435405013370671
2007-05-03,-0.42106242707038205
2007-05-04,1.2815220030134078
2007-05-07,-0.7024921479662775
2007-05-08,-0.880130384261906
2007-05-09,-0.3948535311497865
2007-05-10,0.3186245535281745
2007-05-11,1.2125570955622114
2007-05-14,0.8311080484286062
2007-05-15,1.376796754687302
2007-05-16,0.21215488307440244
2007-05-17,0.16693917635356786
2007-05-18,0.22496022945895205
2007-05-21,0.4638243277161681
2007-05-22,0.23589667773895878
2007-05-23,1.7259161681357345
2007-05-24,-1.3151368546242723
2007-05-25,0.8474355509383127
2007-05-29,0.07405389999249083
2007-05-30,0.17176664191870514
2007-05-31,0.3862621371124565
2007-06-01,0.19714941995751442
2007-06-04,-0.5441006919926403
2007-06-05,-0.5361129323893656
2007-06-06,-1.5584728252322178
2007-06-07,-0.21465362811661773
2007-06-08,0.2525864155033271
2007-06-11,1.0406449579766672
2007-06-12,0.039639699508903586
2007-06-13,0.19560372463483006
2007-06-14,0.9637435412191968
2007-06-15,0.623578244927842
2007-06-18,-0.18840011713888127
2007-06-19,0.017301187251235722
2007-06-20,0.27726191070177114
2007-06-21,-1.0866474531961208
2007-06-22,0.04563011423980038
2007-06-25,-0.5007112773248283
2007-06-26,-0.04539196010304102
2007-06-27,-0.6775367099083985
2007-06-28,1.113239307045137
2007-06-29,0.6760383368880295
2007-07-02,-0.1272797095700669
2007-07-03,0.12072501988437537
2007-07-04,-0.28613982572753965
2007-07-05,-0.5180079532562586
2007-07-06,0.5461056722537538
2007-07-09,0.43701746181954926
2007-07-10,-0.36065972368802796
2007-07-11,-0.7471080621742562
2007-07-12,1.357201095559
2007-07-13,-0.41347914780445694
2007-07-16,0.2977744823694464
2007-07-17,-0.628037767982848
2007-07-18,-1.4912703237149578
2007-07-19,0.39456046103107184
2007-07-20,-1.1913454341030987
2007-07-23,1.2628462969384142
2007-07-24,-0.8286729567778558
2007-07-25,0.8365608537822223
2007-07-26,-1.0799731403174322
2007-07-27,-0.15464597853542242
2007-07-30,-0.4244056725001986
2007-07-31,1.5901775456345353
2007-08-01,-0.8645896520530365
2007-08-02,0.55407287390966
2007-08-03,-0.5528239053266297
2007-08-06,-1.1219620458243196
2007-08-07,-0.06901644310175209
2007-08-08,0.31996507629942733
2007-08-09,-1.420057961138525
2007-08-10,-1.9946677104385637
2007-08-13,1.8159117788889343
2007-08-14,0.05025536993734876
2007-08-15,0.05018290658876807
2007-08-16,-2.2564538154899147
2007-08-17,0.33642223683654987
2007-08-20,-0.5945175034070225
2007-08-21,0.949408072736792
2007-08-22,1.6648737751136862
2007-08-23,0.19230003117132957
2007-08-24,-0.02513191348584336
2007-08-27,0.0347419340938676
2007-08-28,-0.3478622081969416
2007-08-29,0.4321050269593911
2007-08-30,0.3614176794473652
2007-08-31,1.029464206883022
2007-09-03,1.3108047481812155
2007-09-04,0.5706887806158821
2007-09-05,-0.5910085635205982
2007-09-06,0.6054485614381219
2007-09-07,-1.6148084530911726
2007-09-10,-1.2929648161712908
2007-09-11,0.46036230613650786
2007-09-12,-0.010159891452358622
2007-09-13,0.4339820861025638
2007-09-14,0.10563981479253226
2007-09-17,-0.11147252647099003
2007-09-18,0.5229136616764399
2007-09-19,0.8416861305389489
2007-09-20,-0.2216720932329078
2007-09-21,0.8302956752835603
2007-09-24,0.5899625189832276
2007-09-25,0.09939178974353718
2007-09-26,0.1672940860984659
2007-09-27,0.7266324490639703
2007-09-28,0.1706036075315047
2007-10-01,1.007728192749949
2007-10-02,0.36758072439775896
2007-10-03,0.035235406960557235
2007-10-04,0.13219358157558023
2007-10-05,-0.04893505222658918
2007-10-08,-0.386725976141511
2007-10-09,0.6372104924424622
2007-10-10,0.6094018481812121
2007-10-11,0.38164292256424787
2007-10-12,0.0212918602913455
2007-10-15,-0.27504592349663615
2007-10-16,0.355235901255037
2007-10-17,-0.6164905246193676
2007-10-18,-0.34186091177645056
2007-10-19,0.09853875501075628
2007-10-22,-1.3773801078057648
2007-10-23,0.9336340759918184
2007-10-24,0.6680420986363398
2007-10-25,2.138131495372087
2007-10-26,-0.5964829061039332
2007-10-29,0.18608377257059427
2007-10-30,-0.8873120117306926
2007-10-31,0.14546347898274836
2007-11-01,-0.6294310980720912
2007-11-02,-0.5484247279719312
2007-11-05,-0.38740788268240234
2007-11-06,0.4688834252447839
2007-11-07,-0.1884389834751705
2007-11-08,-0.9703297520072057
2007-11-09,-0.2124063098065416
2007-11-12,-0.06249871416621259
2007-11-13,-1.3175237000207012
2007-11-14,-0.03707626183816874
2007-11-15,-1.2448381742658765
2007-11-16,-1.2283429157384993
2007-11-19,-1.406489474183453
2007-11-20,1.4145304148497624
2007-11-21,-1.7059173778449783
2007-11-22,0.14388730895315102
2007-11-23,0.7741863030470784
2007-11-26,0.2197657701002222
2007-11-27,-0.7761043958239753
2007-11-28,2.3623211954411008
2007-11-29,0.19032529498407602
2007-11-30,0.7629783713658377
2007-12-03,-0.06448224940484934
2007-12-04,-0.8740708192565092
2007-12-05,0.819776392299863
2007-12-06,-0.8470120115779515
2007-12-07,0.6836904880453224
2007-12-10,0.6937985593617406
2007-12-11,-0.25941551167544113
2007-12-12,-0.20642622813483955
2007-12-13,-2.0404289476061095
2007-12-14,-0.49410937944960864
2007-12-17,-1.1834769531565714
2007-12-18,0.19473214968664415
2007-12-19,-0.36930562448377957
2007-12-20,0.28323240417200063
2007-12-21,1.0526287514795913
2007-12-27,0.3317535051062342
2007-12-28,-0.010159891452358622
2008-01-02,-1.3199007787672639
2008-01-03,-1.319766911741089
2008-01-04,-2.9029708714813593
2008-01-07,-0.442875070171672
2008-01-08,-0.6178123175192104
2008-01-09,-0.9823414846015565
2008-01-10,0.5525264020335726
2008-01-11,0.4319377317751151
2008-01-14,0.5084988342869559
2008-01-15,-1.608581636837067
2008-01-16,-0.01849826022997093
2008-01-17,-1.7167686388313266
2008-01-18,-1.0946190307004346
2008-01-21,-2.8637919024871934
2008-01-22,-0.4065483873969163
2008-01-23,-1.5123127745074554
2008-01-24,3.2135632613138903
2008-01-25,-0.25752958670864384
2008-01-28,0.6466379614610553
2008-01-29,0.062259506564493285
2008-01-30,-0.13696685247948603
2008-01-31,0.12569168634074562
2008-02-01,1.1951890761279949
2008-02-04,0.5506837170396831
2008-02-05,-2.643410045117229
2008-02-06,0.16453347753132264
2008-02-07,-0.6848921698140467
2008-02-08,0.30530175037483526
2008-02-11,-0.7182356317663421
2008-02-12,2.414070999922344
2008-02-13,0.7242226668747148
2008-02-14,0.1563535809743636
2008-02-15,0.042303243743793524
2008-02-18,1.8826426489535075
2008-02-19,0.4493468861042313
2008-02-20,-0.8574415851138298
2008-02-21,0.3608104659343143
2008-02-22,-0.9431135203017366
2008-02-25,0.37372845655834624
2008-02-26,1.3218309641546715
2008-02-27,0.4828530088140267
2008-02-28,-0.7848564842641054
2008-02-29,-0.8569847687168449
2008-03-03,-0.17116688469966407
2008-03-04,-1.4757948898706346
2008-03-05,0.8488792367034604
2008-03-06,-0.5463142332263543
2008-03-07,-0.37684916472853885
2008-03-10,-0.326746904644997
2008-03-11,-0.27562926182845593
2008-03-12,0.8428312582278975
2008-03-13,-0.9964365005297157
2008-03-14,-0.47516187217900696
2008-03-17,-1.5260337422718466
2008-03-18,1.6492748163066373
2008-03-19,0.3112812323347866
2008-03-20,-0.14382563258745218
2008-03-25,1.5866623180989026
2008-03-26,-0.29571911399846496
2008-03-27,0.5420817816078874
2008-03-28,-0.0960182762202643
2008-03-31,-0.6765849321221642
2008-04-01,1.0158319648811
2008-04-02,-0.8708409299642761
2008-04-03,-0.6661253669260765
2008-04-04,-0.3017000361667434
2008-04-07,0.2285112902177435
2008-04-08,-0.5065246374152388
2008-04-09,-0.34099398769524686
2008-04-10,0.6477381145803838
2008-04-11,-0.7578730253083839
2008-04-14,-0.9425496041432414
2008-04-15,0.18163669205058383
2008-04-16,0.4564410159303467
2008-04-17,-0.114515069691677
2008-04-18,0.8928264130261607
2008-04-21,-0.970158075841235
2008-04-22,-0.40161010960758753
2008-04-23,0.08562154386696212
2008-04-24,-0.16349492970764906
2008-04-25,0.9212794765348151
2008-04-28,0.6719183346336587
2008-04-29,-0.6545995223304047
2008-04-30,-0.255291904656875
2008-05-02,0.3664430163887273
2008-05-05,0.24236520478880744
2008-05-06,-0.20644576600469813
2008-05-07,1.3197066989410644
2008-05-08,0.2893946717561136
2008-05-09,-0.4191129773813843
2008-05-12,0.12653906783859104
2008-05-13,0.05350723213723558
2008-05-14,-0.3842767010912947
2008-05-15,0.017326889153250803
2008-05-16,0.4544856230306263
2008-05-19,0.700676491288063
2008-05-20,-0.4407862465819344
2008-05-21,-1.3261211072525518
2008-05-22,-0.41970225263488253
2008-05-23,-0.9924959286278382
2008-05-26,-0.547721265970893
2008-05-27,-0.029464188699491186
2008-05-28,0.21143973602772478
2008-05-29,-0.05823177754686593
2008-05-30,-0.13541254907685304
2008-06-02,-0.37822737969832854
2008-06-03,-0.5480019706815273
2008-06-04,-0.4945595264741712
2008-06-05,-0.2492480910918859
2008-06-06,-2.260052672995615
2008-06-09,-0.5474059375155509
2008-06-10,0.22234857782308387
2008-06-11,-1.2167471541883295
2008-06-12,0.08706603380802821
2008-06-13,0.15147421862566898
2008-06-16,-0.22577569987098706
2008-06-17,1.4788537452949047
2008-06-18,-0.28315279870849724
2008-06-19,-0.5183639456124287
2008-06-20,0.03238588956077608
2008-06-23,-0.9228978150670163
2008-06-24,-1.8565271515455222
2008-06-25,0.6837741545597418
2008-06-26,-1.5918630514195404
2008-06-27,-1.409415637583909
2008-06-30,-0.7256740163637656
2008-07-01,-1.326036206961004
2008-07-02,-0.047237762762547576
2008-07-03,0.5307954408951576
2008-07-04,-0.2675708607624937
2008-07-07,0.6004336950739635
2008-07-08,-0.22906323501951112
2008-07-09,0.7516098663644772
2008-07-10,-0.7353819252126094
2008-07-11,-1.5326048426209244
2008-07-14,0.014986296477606138
2008-07-15,-1.4916119067925016
2008-07-16,1.433569716189571
2008-07-17,2.548983815183742
2008-07-18,1.7331462056062645
2008-07-21,0.6174077537048761
2008-07-22,-0.7412243690242097
2008-07-23,1.7523571657589683
2008-07-24,-4.778886979109439
2008-07-25,0.49020347738875475
2008-07-28,-0.7688623873003722
2008-07-29,0.1130260828788256
2008-07-30,-0.36832950824454197
2008-07-31,-0.9366223870284278
2008-08-01,-0.8907266230569111
2008-08-04,0.41301919463677095
2008-08-05,2.2458180456591967
2008-08-06,1.4636052097218326
2008-08-07,0.22517741184070286
2008-08-08,1.7863239366822943
2008-08-11,1.1175179865277414
2008-08-12,0.636327267051968
2008-08-13,-2.2784206021097226
2008-08-14,0.06399683811787862
2008-08-15,0.1150855542256475
2008-08-18,-0.5533720739621917
2008-08-19,-1.6664153878780998
2008-08-20,0.38133954572714285
2008-08-21,-0.25297475287966653
2008-08-22,0.92460769090881
2008-08-25,0.187342957677634
2008-08-26,-0.010159891452358622
2008-08-27,-0.7109595224864317
2008-08-28,0.34737609863122826
2008-08-29,-0.6154515110632885
2008-09-01,0.7758035922092067
2008-09-02,2.2610680827636855
2008-09-03,0.045225195844035566
2008-09-04,-1.3353379422285214
2008-09-05,-2.05258326974839
2008-09-08,0.8150939493617043
2008-09-09,0.24046692548848056
2008-09-10,0.2217658871791428
2008-09-11,-0.469328605140973
2008-09-12,0.2751784310058261
2008-09-15,-2.087107031072871
2008-09-16,-0.32667594310673453
2008-09-17,-1.4110206302453596
2008-09-18,-0.6435478632994597
2008-09-19,3.021199425425265
2008-09-22,-0.503063769638794
2008-09-23,-0.4228467239171169
2008-09-24,-0.5126671401895582
2008-09-25,1.451729376657476
2008-09-26,-1.158895292484897
2008-09-29,-2.0742760344420725
2008-09-30,-1.981661668044762
2008-10-01,-4.2261591769211435
2008-10-02,-1.7398723726681269
2008-10-03,0.9182633299838664
2008-10-06,-7.429356161214546
2008-10-07,0.3356109798141817
2008-10-08,-4.658746667610521
2008-10-09,-0.43978602209634393
2008-10-10,-4.09515123409803
2008-10-13,7.039332228602581
2008-10-14,3.4618683749456842
2008-10-15,-5.001590383252117
2008-10-16,-3.523668692333443
2008-10-17,4.122510478329815
2008-10-20,1.4719575358368975
2008-10-21,-0.6731619455581084
2008-10-22,-3.823389494856591
2008-10-23,-0.6106659538047257
2008-10-24,-2.890109111060085
2008-10-27,-4.549727331636145
2008-10-28,-2.399990444490402
2008-10-29,9.160816098929931
2008-10-30,4.7432432107691875
2008-10-31,1.4559657970662914
2008-11-03,0.007445257121874399
2008-11-04,2.1651028559160124
2008-11-05,-0.7554591824703654
2008-11-06,-4.8797173267176905
2008-11-07,1.0473589160316665
2008-11-10,0.6149903083238899
2008-11-11,-4.170103984210281
2008-11-12,-2.3094736265390163
2008-11-13,0.9435827028571634
2008-11-14,0.4595710636829152
2008-11-17,-1.1101074225104686
2008-11-18,1.0796325217248033
2008-11-19,-4.017274918032995
2008-11-20,-1.9179797317214446
2008-11-21,-0.5780496328000126
2008-11-24,7.498092989685621
2008-11-25,0.8765042636188022
2008-11-26,0.9845347188039384
2008-11-27,1.6516978569190295
2008-11-28,-1.7485283166816097
2008-12-01,-3.598570935066108
2008-12-02,1.4440705892025525
2008-12-03,0.019874287765985925
2008-12-04,0.3884792232479858
2008-12-05,-2.76868621979899
2008-12-08,4.348464978802374
2008-12-09,1.9993828986139124
2008-12-10,0.4017276346866195
2008-12-11,-1.4630970124337386
2008-12-12,-2.036056739180082
2008-12-15,-0.315276896581305
2008-12-16,0.831476995292719
2008-12-17,1.2720049696827733
2008-12-18,1.2840554725949378
2008-12-19,0.6374514418564518
2008-12-22,-2.2075416211091783
2008-12-23,0.07516179032853529
2008-12-29,1.3255223322940173
2008-12-30,1.9294584899150498
2009-01-02,1.8103700898369643
2009-01-05,-1.9191669422918685
2009-01-06,1.540324890493467
2009-01-07,-0.16465139957105188
2009-01-08,-0.5288321224902075
2009-01-09,0.13737510231002323
2009-01-12,-0.5417136442956937
2009-01-13,-1.5239068943262104
2009-01-14,-2.31884071140808
2009-01-15,-2.078848417590815
2009-01-16,0.3064673472164704
2009-01-19,-1.3099088119075124
2009-01-20,-0.9934955315860375
2009-01-21,-0.19683611259097272
2009-01-22,-2.737283790275431
2009-01-23,-1.2031356590153435
2009-01-26,1.0505172330265111
2009-01-27,1.4144364291143094
2009-01-28,2.9984263228678114
2009-01-29,-1.9176294609213973
2009-01-30,-1.1756042641805786
2009-02-02,-1.4146172435982327
2009-02-03,0.5173182613645377
2009-02-04,3.0673664408431947
2009-02-05,-0.7531367896295547
2009-02-06,3.8524458193424027
2009-02-09,2.089131000731059
2009-02-10,-3.3228469628522337
2009-02-11,1.3849569253219198
2009-02-12,-1.829990756328147
2009-02-13,0.6792970519981566
2009-02-16,-1.1582494476091465
2009-02-17,-1.8384812622285933
2009-02-18,-1.663427049094327
2009-02-19,0.1406047527207161
2009-02-20,-3.327965277105465
2009-02-23,-2.801683050056364
2009-02-24,-1.6410620285418547
2009-02-25,-0.5708358599704202
2009-02-26,1.2296382999372666
2009-02-27,-2.286749945612515
2009-03-02,-1.5280931243766562
2009-03-03,1.1394479899466536
2009-03-04,4.43545473386617
2009-03-05,-3.7219719799447692
2009-03-06,1.0059987068419127
2009-03-09,0.028008714784334192
2009-03-10,5.639322775390636
2009-03-11,1.0164019788378107
2009-03-12,1.1240475019675158
2009-03-13,-0.7486608660433305
2009-03-16,0.9755440213586877
2009-03-17,-1.4910006780569116
2009-03-18,-0.5329279142141684
2009-03-19,1.3675778139857127
2009-03-20,-0.8540806730013962
2009-03-23,0.6596402675734799
2009-03-24,-1.821635489813414
2009-03-25,-0.4540916395088485
2009-03-26,-0.6317964062101624
2009-03-27,1.0554083713619349
2009-03-30,-4.586870708607902
2009-03-31,0.424744703178405
2009-04-01,0.48199055119166756
2009-04-02,6.847473866380386
2009-04-03,2.674663952933899
2009-04-06,-1.3386102140552263
2009-04-07,-0.7043396944454318
2009-04-08,3.5665623550661416
2009-04-09,1.5421343905355358
2009-04-14,0.4124456265719784
2009-04-15,0.46553375853892404
2009-04-16,0.7969904728796681
2009-04-17,2.3316302606855794
2009-04-20,-3.701771480162091
2009-04-21,0.09504771327239189
2009-04-22,2.7364193667251047
2009-04-23,0.2863815134860809
2009-04-24,1.6099273681606676
2009-04-27,0.19711709487487217
2009-04-28,-1.774865785704332
2009-04-29,1.4172666576238873
2009-04-30,-0.08833862738435103
2009-05-04,0.8598323784447756
2009-05-05,0.473845029229383
2009-05-06,0.3600956776386444
2009-05-07,-0.8473546922550715
2009-05-08,-0.010159891452358622
2009-05-11,-1.5097422213501288
2009-05-12,-1.250526632539549
2009-05-13,-1.807084904880804
2009-05-14,0.07429314385203516
2009-05-15,-0.24513131702148333
2009-05-18,0.644857443895755
2009-05-19,0.9738433328620104
2009-05-20,1.1583877671638967
2009-05-21,-2.3769279905785705
2009-05-22,-0.5358404467780775
2009-05-25,-0.31320734077892787
2009-05-26,1.8526733506459465
2009-05-27,0.8764787852798749
2009-05-28,-1.5034480878121788
2009-05-29,0.6147665310894103
2009-06-01,3.8028116663849874
2009-06-02,-0.15353049089619786
2009-06-03,-1.7128858214061824
2009-06-04,0.6938502963922052
2009-06-05,0.6324624436028888
2009-06-08,-1.620223346021659
2009-06-09,-0.6931190291907582
2009-06-10,1.241711759009491
2009-06-11,1.2347947539078756
2009-06-12,-0.08647448301243438
2009-06-15,-3.1871492319578327
2009-06-16,-0.28330210503715764
2009-06-17,-1.6452182811656748
2009-06-18,0.23496689133029228
2009-06-19,-1.2777463174136436
2009-06-22,-0.1649645418445283
2009-06-23,1.4122311849010958
2009-06-24,1.1234088443384986
2009-06-25,-0.6014096929460223
2009-06-26,0.7369111183348669
2009-06-29,0.9499558052830231
2009-06-30,-0.9885896541173019
2009-07-01,1.1918961440650548
2009-07-02,-2.700064771127226
2009-07-03,0.018182436261169117
2009-07-06,-0.8292024774365845
2009-07-07,-0.7167267784631101
2009-07-08,-1.0952173594521972
2009-07-09,1.2306715752404789
2009-07-10,-0.09772573880101369
2009-07-13,2.7600597605629327
2009-07-14,1.3475015229619822
2009-07-15,2.458068841780641
2009-07-16,0.8457181234040918
2009-07-17,0.9283987886089232
2009-07-20,1.3635945809917527
2009-07-21,0.8761784573576971
2009-07-22,-0.5258249462196929
2009-07-23,1.459344505328968
2009-07-24,0.4671723947189473
2009-07-27,-1.1778735533541353
2009-07-28,-0.7107851589887889
2009-07-29,2.091292359314343
2009-07-30,0.7045200525010332
2009-07-31,0.7666076207882677
2009-08-03,1.569342253097138
2009-08-04,0.34694232590220103
2009-08-05,-1.5631244861828044
2009-08-06,-0.20520486416535463
2009-08-07,1.3877670145552046
2009-08-10,-1.7860244439359676
2009-08-11,-1.1176318592603158
2009-08-12,0.3025573332959107
2009-08-13,0.8575056589847343
2009-08-14,-0.5671622091357774
2009-08-17,-1.6148258685176997
2009-08-18,0.24845771893562443
2009-08-19,-0.390979105030057
2009-08-20,1.6798292663650465
2009-08-21,1.407102477052145
2009-08-24,-0.3983965931673964
2009-08-25,0.2920766147300022
2009-08-26,-0.7475413243031125
2009-08-27,-1.3102178685780665
2009-08-28,0.6665016358090399
2009-08-31,-0.6568928026836941
2009-09-01,-1.3461711478543046
2009-09-02,-0.7942862589629794
2009-09-03,0.21631312118224044
2009-09-04,2.3304756229697374
2009-09-07,1.052829471547443
2009-09-08,-0.5350035944959574
2009-09-09,1.5967836376755538
2009-09-10,0.10305193102573264
2009-09-11,0.15212020581994296
2009-09-14,-0.15830344421028367
2009-09-15,-0.42175666362789277
2009-09-16,1.3388570363601513
2009-09-17,-0.4066385082908921
2009-09-18,-0.4946058279457807
2009-09-21,-0.5495805624380813
2009-09-22,1.5899361055019026
2009-09-23,-0.38426429091369285
2009-09-24,-0.33118143386482013
2009-09-25,-0.06621936755247826
2009-09-28,1.0299544020928222
2009-09-29,-0.1612925815481977
2009-09-30,0.13410649238576594
2009-10-01,-1.4093933890394654
2009-10-02,-0.8873312604477276
2009-10-05,-0.20490679090207123
2009-10-06,1.55377395778703
2009-10-07,-0.325872441019503
2009-10-08,1.3634307300123245
2009-10-09,0.27613214774792566
2009-10-12,0.09167553177847715
2009-10-13,-0.45302635625658316
2009-10-14,0.8378651739127565
2009-10-15,-0.01689514926357381
2009-10-16,0.07716621924205427
2009-10-19,3.1817048546031974
2009-10-20,-0.8136189299741495
2009-10-21,0.23168242588415727
2009-10-22,-0.5785549702719623
2009-10-23,0.17579441977994803
2009-10-26,-1.3670195470430275
2009-10-27,-1.028798286914939
2009-10-28,-2.568393223541784
2009-10-29,1.8975190794669874
2009-10-30,-2.1100636096281797
2009-11-02,-0.06727488249217987
2009-11-03,-2.150748026964425
2009-11-04,1.4469554300575427
2009-11-05,0.12733213719660458
2009-11-06,0.7780597681533414
2009-11-09,1.023020800166739
2009-11-10,-0.16334585067288845
2009-11-11,0.7989131433828816
2009-11-12,-0.4787067642791491
2009-11-13,0.29354074922603424
2009-11-16,2.023236016513845
2009-11-17,-0.5469909085555837
2009-11-18,0.7501933585523035
2009-11-19,-0.8973425922865088
2009-11-20,-0.4600961216053796
2009-11-23,0.9185569391117041
2009-11-24,-0.31548661232379627
2009-11-25,0.37448643312415625
2009-11-26,-2.2070798928016053
2009-11-27,0.7040437560806869
2009-11-30,-1.260200622519121
2009-12-01,1.889680866565079
2009-12-02,0.09057435083623783
2009-12-03,0.37066032786186465
2009-12-04,0.5783833574277145
2009-12-07,0.6100411289726311
2009-12-08,-1.3655301128401993
2009-12-09,-0.6756409016034043
2009-12-10,0.21271393712843498
2009-12-11,0.20494842092249138
2009-12-14,1.0378387735876577
2009-12-15,0.492283171636012
2009-12-16,0.9662095926697387
2009-12-17,-0.4829684656684615
2009-12-18,-0.01658520208564977
2009-12-21,0.3098781409007138
2009-12-22,0.3773535951717539
2009-12-23,0.14144919577419654
2009-12-28,0.2790604865882887
2009-12-29,-0.010159891452358622
2009-12-30,-0.5396425747240965
2010-01-04,0.39378530170552706
2010-01-05,-0.40143013959241114
2010-01-06,0.0025153639784798753
2010-01-07,-0.6865330055350095
2010-01-08,0.2653863618014075
2010-01-11,0.32727149815573436
2010-01-12,-1.1921140892243576
2010-01-13,-0.1339112139293804
2010-01-14,1.1684837461667046
2010-01-15,-0.7926404031233478
2010-01-18,0.7914170027477071
2010-01-19,-0.5280227288705304
2010-01-20,-1.465943814924369
2010-01-21,-1.1305435000839925
2010-01-22,-0.804347101313424
2010-01-25,-0.958623215903361
2010-01-26,0.4943390682641706
2010-01-27,-1.3318033809703245
2010-01-28,-0.8855054608126924
2010-01-29,1.576550961760257
2010-02-01,0.19414145934513546
2010-02-02,0.2632086229533836
2010-02-03,0.7868306615147063
2010-02-04,-1.7459940634170636
2010-02-05,-1.1356969908705747
2010-02-08,1.4138818156923727
2010-02-09,0.011088020454037341
2010-02-10,0.4198521231605326
2010-02-11,-1.2328492290204587
2010-02-12,-0.4587706706099916
2010-02-15,-0.6690527500619188
2010-02-16,0.8735798324514379
2010-02-17,0.6008885048634101
2010-02-18,-2.270480161317989
2010-02-19,1.1810539195277752
2010-02-22,-1.3439592260048852
2010-02-23,-0.23617236774098843
2010-02-24,-0.4730828616960078
2010-02-25,-0.9265133977774166
2010-02-26,0.4694995038350071
2010-03-01,1.0327305079970661
2010-03-02,0.6031920987693346
2010-03-03,0.27878568103794216
2010-03-04,-0.06927451436825846
2010-03-05,1.5536774756996414
2010-03-08,0.025592535273142772
2010-03-09,-0.3617694549039654
2010-03-10,0.4913490771069609
2010-03-11,0.09661264618039402
2010-03-12,0.47791633906047043
2010-03-15,-0.29956664419417833
2010-03-16,1.0816736574266328
2010-03-17,0.32074931695628134
2010-03-18,0.386644981922886
2010-03-19,-0.3726204725138195
2010-03-22,0.02415138612141366
2010-03-23,0.05839595560145525
2010-03-24,0.0446107739048459
2010-03-25,0.7028625906458549
2010-03-26,-0.05735447482666787
2010-03-29,-0.050665250988945115
2010-03-30,-0.5397974434813776
2010-03-31,0.3910225457342385
2010-04-01,0.7288039421909219
2010-04-06,0.12295301956473689
2010-04-07,-0.12329753786875737
2010-04-08,-0.33104648734337305
2010-04-09,0.23072010712965438
2010-04-12,0.05652429170747971
2010-04-13,0.7697750153913544
2010-04-14,0.860174237824429
2010-04-15,0.04772820977721916
2010-04-16,-0.23566591512916582
2010-04-19,-0.31468954339452465
2010-04-20,3.36953267782142
2010-04-21,-0.6805167786545818
2010-04-22,-0.7524790547656992
2010-04-23,1.244918421287529
2010-04-26,0.7128248513609693
2010-04-27,-1.8885652881928103
2010-04-28,-0.2159378594241328
2010-04-29,1.2598766003676107
2010-04-30,0.014175071432091813
2010-05-03,-0.2539864287340479
2010-05-04,-1.556971704791212
2010-05-05,-0.454281934953071
2010-05-06,-0.12505156500769676
2010-05-07,-1.4110309110376067
2010-05-10,2.7512137479421033
2010-05-11,0.7840291995360434
2010-05-12,1.3557356931988416
2010-05-13,1.8277589883836685
2010-05-14,-0.9259925737391358
2010-05-17,0.5793944325768089
2010-05-18,0.9338281096203399
2010-05-19,-1.9819387737058278
2010-05-20,-2.1722959984043673
2010-05-21,0.5154263241414291
2010-05-24,-0.43137512626337055
2010-05-25,-1.625699479834526
2010-05-26,1.303940566489079
2010-05-27,2.036884820692008
2010-05-28,0.41926506022424365
2010-05-31,0.8026131348795346
2010-06-01,-0.021672309988263666
2010-06-02,-0.2583754921976945
2010-06-03,0.5479431294535743
2010-06-04,-1.0277131356982827
2010-06-07,-0.3621290700220793
2010-06-08,0.17787922709833306
2010-06-09,1.942839691821975
2010-06-10,1.4469813014871125
2010-06-11,-0.5809974945634329
2010-06-14,-0.24820794798731086
2010-06-15,-0.2215428787384569
2010-06-16,-1.3560305633905425
2010-06-17,1.3189740018223772
2010-06-18,0.8793082524031393
2010-06-21,1.4766859907045964
2010-06-22,-0.04199069419158181
2010-06-23,-0.5652965866709629
2010-06-24,-0.5773598698993466
2010-06-25,-1.5681199436945412
2010-06-28,1.3462834302044144
2010-06-29,-2.1995871042720503
2010-06-30,0.7159870323437557
2010-07-01,-1.7299936724318938
2010-07-02,-0.17391030743989797
2010-07-05,-0.39843005312598667
2010-07-06,1.455459125974601
2010-07-07,0.8242064328954279
2010-07-08,-0.42265998526409
2010-07-09,0.05222299270416966
2010-07-12,-0.08957151679033097
2010-07-13,2.467239581666922
2010-07-14,-0.29113232470381983
2010-07-15,-0.30371320324482026
2010-07-16,-0.25620134582560516
2010-07-19,-0.47289352841083215
2010-07-20,-1.3692005762370116
2010-07-21,-0.5430245808585935
2010-07-22,1.4703121565313695
2010-07-23,0.24047206831019657
2010-07-26,0.728357934190056
2010-07-27,-2.0381662008230066
2010-07-28,0.1323324212887423
2010-07-29,-0.044321371086396666
2010-07-30,-0.078547087926203
2010-08-02,0.01835823212308141
2010-08-03,0.6689552688183124
2010-08-04,-0.37114533638542146
2010-08-05,0.4910853053731333
2010-08-06,-1.328083079540834
2010-08-09,1.1337740821001872
2010-08-10,-0.8554882862300902
2010-08-11,-1.210246449113322
2010-08-12,-1.344141439023455
2010-08-13,0.08035764209486436
2010-08-16,0.9565092702069333
2010-08-17,1.2659416912939356
2010-08-18,-0.5013629855290568
2010-08-19,-0.883735682393462
2010-08-20,-0.7857826258718514
2010-08-23,-0.10649761999186157
2010-08-24,-0.604626681011255
2010-08-25,-0.4578991158145733
2010-08-26,-0.2696855889738477
2010-08-27,0.3847582838536888
2010-08-30,-0.35552858071992477
2010-08-31,0.27986593430466744
2010-09-01,2.499614570424801
2010-09-02,0.6214346458272578
2010-09-03,0.7379125285490344
2010-09-06,-0.47131729003553335
2010-09-07,0.10983400722346495
2010-09-08,0.7202956216212234
2010-09-09,1.188173466390875
2010-09-10,0.7505811816965902
2010-09-13,-0.13430017030796754
2010-09-14,0.5111953898070306
2010-09-15,-0.04223684743095671
2010-09-16,-0.0797479222633241
2010-09-17,0.4376644963606609
2010-09-20,1.0652722560814307
2010-09-21,0.1296563020463105
2010-09-22,-0.8291129953449071
2010-09-23,-0.5446081455355883
2010-09-24,1.85245915829304
2010-09-27,0.27544547170634137
2010-09-28,-0.19356995803456378
2010-09-29,0.03576023348895033
2010-09-30,0.1781604868142023
2010-10-01,-0.980085455593092
2010-10-04,-1.8391239933549575
2010-10-05,0.9554559128986696
2010-10-06,-0.4878313565625758
2010-10-07,1.1802642303580304
2010-10-08,0.05741265032850462
2010-10-11,0.4961340445983725
2010-10-12,1.506784682523365
2010-10-13,0.4946907698357233
2010-10-14,-0.5399047033265354
2010-10-15,0.31234585377949214
2010-10-18,0.03927650930603215
2010-10-19,-0.741926079352596
2010-10-20,0.7462935176270648
2010-10-21,1.1889996935613556
2010-10-22,0.2538232698511024
2010-10-25,0.36645323647266637
2010-10-26,-0.9307578074955637
2010-10-27,-1.107378548205286
2010-10-28,-0.6488065830263239
2010-10-29,0.43979070351024285
2010-11-01,0.213214107747956
2010-11-02,0.7317366831829786
2010-11-03,-0.07845835113583484
2010-11-04,1.583426708365582
2010-11-05,-1.021527889557907
2010-11-08,-0.014979047779326732
2010-11-09,1.043762762395612
2010-11-10,-0.8331672144816663
2010-11-11,0.35792862107832313
2010-11-12,0.2936022864182573
2010-11-15,0.9360006764820198
2010-11-16,-1.3458772125360672
2010-11-17,-0.2013665920808998
2010-11-18,1.4425086822264914
2010-11-19,-0.07523551250146877
2010-11-22,-0.17788770176596083
2010-11-23,-0.9959015513701859
2010-11-24,2.3373381042218515
2010-11-25,-0.11004594349708305
2010-11-26,-0.3659544618435838
2010-11-29,-1.640580980676494
2010-11-30,0.06562665433033824
2010-12-01,1.9093672283049006
2010-12-02,1.3777428182348381
2010-12-03,0.39397602127772335
2010-12-06,-0.2997388787455836
2010-12-07,0.4540800755263128
2010-12-08,-0.7923428355471295
2010-12-09,0.025266713598418106
2010-12-10,1.360022285075482
2010-12-13,-0.10487385092776344
2010-12-14,-0.5737522958692243
2010-12-15,-0.19369008798303988
2010-12-16,0.4343252060686698
2010-12-17,-0.6476879070053914
2010-12-20,0.16536252611656554
2010-12-21,0.6682240285985356
2010-12-22,-0.2959862534210555
2010-12-23,-0.23657819185780612
2010-12-27,-2.244491739826682
2010-12-28,-0.07426509239386485
2010-12-29,-0.17540814670237156
2010-12-30,-0.5559358970459023
2011-01-03,0.8929354063204564
2011-01-04,0.24471965806917442
2011-01-05,1.4292768825295055
2011-01-06,0.8622900055734739
2011-01-07,-0.07072053416963937
2011-01-10,-0.5498629679598089
2011-01-11,0.9088658902864605
2011-01-12,-0.08750387447446697
2011-01-13,0.067184091569751
2011-01-14,0.8238735882793107
2011-01-17,0.7762046755907952
2011-01-18,1.2747336605785116
2011-01-19,-1.1376752676997164
2011-01-20,-1.4457347167634422
2011-01-21,-0.5157807207649541
2011-01-24,-0.23471378307889249
2011-01-25,0.5834248386652324
2011-01-26,0.8874306794239286
2011-01-27,-0.32152343124721217
2011-01-28,-0.9481901085674105
2011-01-31,-1.2139483141621858
2011-02-01,-0.11630633310994623
2011-02-02,-0.7239469244870317
2011-02-03,0.4461210517496271
2011-02-04,-0.2959371224887487
2011-02-07,0.8156398014820379
2011-02-08,1.4288619842371093
2011-02-09,-0.22408586639930372
2011-02-10,0.37422243832028185
2011-02-11,0.8580503345471322
2011-02-14,0.03992830616440281
2011-02-15,-0.5049988052088002
2011-02-16,-2.1135748040567863
2011-02-17,-0.5153256694915289
2011-02-18,-0.3140953352052438
2011-02-21,-0.3792871639980653
2011-02-22,0.7341273685803104
2011-02-23,-1.6025809953348067
2011-02-24,-0.7521459257376714
2011-02-25,0.5289441031912432
2011-02-28,-0.028646045438995175
2011-03-01,-0.037913549886739076
2011-03-02,-1.3424143573227807
2011-03-03,-0.41152029157113323
2011-03-04,-0.9259149677176965
2011-03-07,0.34079988959713287
2011-03-08,0.62175690779745
2011-03-09,0.5329661611224439
2011-03-10,-1.078486488103953
2011-03-11,-0.9052895185682832
2011-03-14,-0.6214816518072368
2011-03-15,-1.9452295317451462
2011-03-16,-0.9630565305356543
2011-03-17,0.5186739664285559
2011-03-18,1.0557815337004592
2011-03-21,0.9668161757069147
2011-03-22,-0.40970980963089393
2011-03-23,0.8803616471134038
2011-03-24,1.620984285563808
2011-03-25,-0.029415611521035945
2011-03-28,-0.7137937636756648
2011-03-29,0.06799684547430124
2011-03-30,1.417646539284022
2011-03-31,0.004054497209252333
2011-04-01,1.6091846007033974
2011-04-04,-0.03762296385094369
2011-04-05,0.7705965561340438
2011-04-06,0.15162143512679616
2011-04-07,-0.40662994126237395
2011-04-08,-0.11886280083943572
2011-04-11,-1.2879696227874518
2011-04-12,-0.17820267348693297
2011-04-13,0.5753529092858741
2011-04-14,0.8645307114420565
2011-04-15,-0.3144758595314949
2011-04-18,-0.8233090862008953
2011-04-19,0.42942636090819786
2011-04-20,1.911952321323163
2011-04-21,0.15574149105980595
2011-04-26,0.5931923789135272
2011-04-27,0.7288830321535514
2011-04-28,0.26624332345702023
2011-04-29,-0.8171414505951659
2011-05-02,0.2783493319569205
2011-05-03,-0.7895609134229277
2011-05-04,-0.8491412720325339
2011-05-05,-0.09394797073970276
2011-05-06,0.6192815783418456
2011-05-09,-0.5930358057427444
2011-05-10,0.2960476960674111
2011-05-11,-0.2233635484724688
2011-05-12,0.06409904671903412
2011-05-13,-0.30793587003006484
2011-05-16,-0.4509592925609133
2011-05-17,-0.9331314782129522
2011-05-18,0.14811940912018454
2011-05-19,0.39509782449054665
2011-05-20,-0.8338473617120901
2011-05-23,-1.4422976095285442
2011-05-24,0.4950549457181582
2011-05-25,0.28452537891821417
2011-05-26,-0.3294832173237828
2011-05-27,0.19152212783209935
2011-05-30,-0.029805408678716172
2011-05-31,1.0051030433795995
2011-06-01,-0.5855527233498047
2011-06-02,-1.177428077674484
2011-06-03,0.23355385369004666
2011-06-06,-0.3787042431512143
2011-06-07,-0.11026488085203863
2011-06-08,0.22972963798303717
2011-06-09,0.07949224390945751
2011-06-10,-0.8586078124743226
2011-06-13,0.03540259113046316
2011-06-14,0.5132629165666177
2011-06-15,-0.5335826994713359
2011-06-16,0.3327314246068756
2011-06-17,0.36018209556573144
2011-06-20,0.20865896275810172
2011-06-21,0.9719651348063428
2011-06-22,0.32879766481621114
2011-06-23,-0.15997719545465192
2011-06-24,0.2456923048534553
2011-06-27,0.2011925347296766
2011-06-28,1.0794763262855314
2011-06-29,0.8713896212748747
2011-06-30,0.5018594013080633
2011-07-01,-0.29290438369012145
2011-07-04,0.6800697734913445
2011-07-05,0.4027517515602421
2011-07-06,0.13262656895103347
2011-07-07,-0.3140960087224274
2011-07-08,-0.22587211164567841
2011-07-11,-1.2793320504580892
2011-07-12,0.6149904558201221
2011-07-13,1.3313817979063807
2011-07-14,0.06967033802329008
2011-07-15,-0.0013175117363994529
2011-07-18,-1.6050535896788911
2011-07-19,0.8075456735783753
2011-07-20,0.03485126172456285
2011-07-21,-0.19048288772289995
2011-07-22,0.18814950236909417
2011-07-25,0.4998116233232855
2011-07-26,-1.1175768959288483
2011-07-27,-0.7261343000114363
2011-07-28,0.026827201147545165
2011-07-29,-0.3906116968539208
2011-08-01,-1.5778163293093312
2011-08-02,-1.5669228798716945
2011-08-03,-2.1326440795650217
2011-08-04,-1.5661199158146917
2011-08-05,-2.0891365139084734
2011-08-08,-3.462094482433971
2011-08-09,-0.16770772244260176
2011-08-10,-2.7722557039567586
2011-08-11,1.2283844952515601
2011-08-12,1.5073205711947308
2011-08-15,-0.5719801149611394
2011-08-16,-0.4359595202265769
2011-08-17,-0.09701519482788308
2011-08-18,-3.0099153257323366
2011-08-19,-1.2506165544627807
2011-08-22,-1.0751638727297195
2011-08-23,0.4118428209487322
2011-08-24,2.3866750677255757
2011-08-25,-0.40457212257349273
2011-08-26,-0.2218705285910372
2011-08-29,0.7984668290305746
2011-08-30,-0.04929068431734244
2011-08-31,1.9011713532915675
2011-09-01,-0.9657388612075177
2011-09-02,-1.9081193939417918
2011-09-05,-3.1966877646126735
2011-09-06,-1.148725566956435
2011-09-07,2.6969328661766356
2011-09-08,-0.9141062973683728
2011-09-09,-1.8060242533335134
2011-09-12,-0.871205920430007
2011-09-13,0.9456008758025453
2011-09-14,2.574263176733787
2011-09-15,1.3012762187245626
2011-09-16,1.5454644962008792
2011-09-19,-1.3184832668353912
2011-09-20,1.8012350555952337
2011-09-21,-1.8215548384999476
2011-09-22,-3.704218224298998
2011-09-23,-0.48838293662036825
2011-09-26,-0.39037952436141465
2011-09-27,3.258415984641079
2011-09-28,-0.04442833557437398
2011-09-29,0.535099559402825
2011-09-30,-1.6581729371672231
2011-10-04,-3.906900111462732
2011-10-05,2.425660712852514
2011-10-06,1.3383496525365635
2011-10-07,0.5909147299872843
2011-10-10,1.8821054616860498
2011-10-11,0.6260507811427417
2011-10-12,2.5521169666177834
2011-10-13,-0.8721689154822369
2011-10-14,0.8144161815639948
2011-10-17,-1.67397431892871
2011-10-18,-0.036032772056377727
2011-10-19,-0.4911718762306837
2011-10-20,-1.5170776022126224
2011-10-21,2.274336170348864
2011-10-24,0.7358457100243396
2011-10-25,0.5495289795927459
2011-10-26,0.17077763842901506
2011-10-27,1.431069678654847
2011-10-28,0.14663656319382293
2011-10-31,-2.7362771592890747
2011-11-01,-2.8898878074248002
2011-11-02,0.8097652617566197
2011-11-03,1.258515396486151
2011-11-04,-1.8553232891680604
2011-11-07,-0.5664744742423266
2011-11-08,-0.43518803486247587
2011-11-09,-0.9350427844705264
2011-11-10,-0.5256111353388848
2011-11-11,1.1192560563275147
2011-11-14,-0.5469373793616088
2011-11-15,-1.6581384579111045
2011-11-16,-0.4111733849310695
2011-11-17,-0.8597962968978775
2011-11-18,-0.06237751352196725
2011-11-21,-1.875045401917489
2011-11-22,-0.8641306637264348
2011-11-23,-1.1220726957835605
2011-11-24,0.44898327395853954
2011-11-25,0.547652471697687
2011-11-28,3.5735319624817756
2011-11-29,-0.39353553897202914
2011-11-30,2.4840271585964615
2011-12-01,-0.3767025727714901
2011-12-02,0.8036295916514403
2011-12-05,1.130517859073063
2011-12-06,-0.6320543934390316
2011-12-07,-0.403916769431357
2011-12-08,-1.7122615654563886
2011-12-09,1.8857782215718493
2011-12-12,-1.5550158706179404
2011-12-13,-0.591930532066301
2011-12-14,-1.4781149589216294
2011-12-15,0.7368537740529286
2011-12-16,-0.5785938998913899
2011-12-19,-0.6532394453961659
2011-12-20,2.6892944629650546
2011-12-21,0.751564473096181
2011-12-22,0.5531680010816461
2011-12-23,0.34113046417871956
2011-12-27,0.024147259803940613
2011-12-28,-1.8917620486983948
2011-12-29,0.6277525982460292
2011-12-30,0.5497299805090142
2012-01-02,1.9588492990857744
2012-01-03,1.700126618401264
2012-01-04,-0.4043660877763244
2012-01-05,0.6663707058839071
2012-01-06,-0.550617246797565
2012-01-09,0.32513629532399874
2012-01-10,1.9160615651748254
2012-01-11,-0.0657130832645309
2012-01-12,-0.06575775095928968
2012-01-13,-0.2581289653559687
2012-01-16,1.668814171777563
2012-01-17,1.7557702622343765
2012-01-18,0.5869362698907634
2012-01-19,0.07535085825344472
2012-01-20,0.5727718877886747
2012-01-23,-0.3148884372972006
2012-01-24,-0.3453562706306636
2012-01-25,0.6466357969925206
2012-01-26,1.549436958318595
2012-01-27,-0.7558619382147337
2012-01-30,-0.40421177924820595
2012-01-31,-0.12175271742293159
2012-02-01,1.749808845879888
2012-02-02,0.252810813878117
2012-02-03,1.42354872447211
2012-02-06,0.005417869504998528
2012-02-07,-0.8849694662589958
2012-02-08,-0.02601133411752395
2012-02-09,2.1200668564987595
2012-02-10,-0.33991461937689116
2012-02-13,0.6922200682724491
2012-02-14,-0.10051428461928025
2012-02-15,-0.37339098598065923
2012-02-16,-0.2895027878807159
2012-02-17,1.4543854790318724
2012-02-20,0.5934192791875436
2012-02-21,-0.42644587328694844
2012-02-22,-0.13329149250357075
2012-02-23,-0.9264588656691064
2012-02-24,0.5049608565687633
2012-02-27,-1.382850720783662
2012-02-28,-0.035785778307271095
2012-02-29,-0.6965514401472662
2012-03-01,0.5993193202005241
2012-03-02,0.25084660610171033
2012-03-05,-0.2557796438623822
2012-03-06,-2.566303939328528
2012-03-07,0.4854765713368294
2012-03-08,2.2295731527836007
2012-03-09,0.7653936874952946
2012-03-12,0.7181960855877368
2012-03-13,0.03933174633881244
2012-03-14,0.5209328714847502
2012-03-15,0.17042715606733047
2012-03-16,-1.2089992566078753
2012-03-19,-0.12521620403956546
2012-03-20,-2.1307566435205
2012-03-21,0.17286087935066152
2012-03-22,-0.4558766127410349
2012-03-23,0.7165373156184306
2012-03-26,1.1782973681488853
2012-03-27,0.12623130354992904
2012-03-28,-1.035083985596147
2012-03-29,-1.5985256204460718
2012-03-30,0.9868609220255662
2012-04-02,0.9559975475696272
2012-04-03,-0.4004446742060232
2012-04-04,-1.1162107578389415
2012-04-05,0.8736740922383812
2012-04-10,-2.3121445726704275
2012-04-11,0.5531021610557526
2012-04-12,0.518203006343969
2012-04-13,-1.7069809880694211
2012-04-16,0.629713610090043
2012-04-17,1.8145287078395513
2012-04-18,-0.48501193752876764
2012-04-19,-1.3542158067766665
2012-04-20,0.4268623093387588
2012-04-23,-2.033343788933072
2012-04-24,0.9069238802029591
2012-04-25,1.1988537469100617
2012-04-26,1.4961788482731386
2012-04-27,-0.66188193875697
2012-04-30,-0.35918374934438774
2012-05-02,-0.45866901408582283
2012-05-03,-0.7692197881202084
2012-05-04,-1.6918754577066588
2012-05-07,0.0798586536393065
2012-05-08,-1.3603335214985577
2012-05-09,0.11307134792429156
2012-05-10,0.00830129281416381
2012-05-11,1.0421752283126111
2012-05-14,-0.8783212491942939
2012-05-15,-0.7325435284150907
2012-05-16,0.2566172138735116
2012-05-17,-0.6580060753719514
2012-05-18,-0.7497792034627041
2012-05-21,0.18059896027280184
2012-05-22,1.4518179436208098
2012-05-23,-0.5671092815094457
2012-05-24,0.219608506103581
2012-05-25,-0.06595150125149699
2012-05-28,-0.25890243978114996
2012-05-29,1.32379718720415
2012-05-30,-1.2257911137987634
2012-05-31,-0.6551455196393644
2012-06-01,-2.4822348508093364
2012-06-04,-0.9089407145422597
2012-06-05,-0.15938052111761125
2012-06-06,0.8114017126870051
2012-06-07,0.1431411942577559
2012-06-08,-0.20353106524442355
2012-06-11,-0.1372881215096431
2012-06-12,-0.3125927094380916
2012-06-13,-1.0118801588283994
2012-06-14,-0.9421942814513106
2012-06-15,0.5970505178126518
2012-06-18,0.9644538886432373
2012-06-19,0.8714519239635524
2012-06-20,0.18279535602853128
2012-06-21,-0.6384978112843709
2012-06-22,-0.3003934367069145
2012-06-25,-1.3562326370419462
2012-06-26,-0.6766635094889738
2012-06-27,0.6284646434331055
2012-06-28,-0.06595278538895043
2012-06-29,2.078474264547547
2012-07-02,1.170111353538641
2012-07-03,1.0458809420812698
2012-07-04,-0.06750722382894823
2012-07-05,-0.6133055624812137
2012-07-06,-1.5993349466190958
2012-07-09,-0.05692502865979713
2012-07-10,0.40251755259983474
2012-07-11,-0.3961097333249482
2012-07-12,-0.13057467178144674
2012-07-13,1.525358794468482
2012-07-16,0.2097797254410143
2012-07-17,-0.0036958574624510305
2012-07-18,1.1751164716529858
2012-07-19,0.6832551799071147
2012-07-20,-0.6721287169923257
2012-07-23,-1.3949659214143042
2012-07-24,-0.4134008897218544
2012-07-25,1.8909561984242496
2012-07-26,0.7737962591456128
2012-07-27,1.3042002558780934
2012-07-30,0.899177702962671
2012-07-31,0.714186614030931
2012-08-01,-0.6521605406540536
2012-08-02,-1.37538399584094
2012-08-03,1.6771514906938394
2012-08-06,0.7827230947396101
2012-08-07,0.7696202401011878
2012-08-08,-0.28758845414145073
2012-08-09,-0.2549528990945522
2012-08-10,0.01266987388105927
2012-08-13,-0.6245889192238551
2012-08-14,0.3525595292239705
2012-08-15,-0.47125203321138864
2012-08-16,-0.004362011617249981
2012-08-17,1.207516023766729
2012-08-20,0.0856892189304845
2012-08-21,0.2986044475514987
2012-08-22,-0.5334415675857913
2012-08-23,-0.6022670892231037
2012-08-24,-0.251413449672652
2012-08-27,0.6531602873941891
2012-08-28,-0.1523343431589859
2012-08-29,-0.11849288372946953
2012-08-30,-2.693828313737498
2012-08-31,-0.07667713819628783
2012-09-03,-0.4906198958105496
2012-09-04,-1.0422474953421657
2012-09-05,-0.07267488788288547
2012-09-06,1.9145629113967106
2012-09-07,-0.23896838225031955
2012-09-10,-0.41018838700506755
2012-09-11,0.6967049738079694
2012-09-12,-0.2144893197335464
2012-09-13,-0.2819472783472955
2012-09-14,1.3746140255785868
2012-09-17,-0.3881307278365749
2012-09-18,-0.7391564292095683
2012-09-19,0.9966920260481548
2012-09-20,-0.974886503414459
2012-09-21,1.154567145661548
2012-09-24,-0.13358325288678832
2012-09-25,-0.7695250789045102
2012-09-26,-1.597471598623024
2012-09-27,-0.18986549476690873
2012-09-28,-0.44051334847017976
2012-10-01,0.3394121062617368
2012-10-02,-0.39107112749616524
2012-10-04,1.0622129505267217
2012-10-05,0.9243757367887121
2012-10-08,-1.2274558112705356
2012-10-09,-0.6245500075430115
2012-10-10,0.0896749813654972
2012-10-11,0.3499953943207292
2012-10-12,-0.14644765372233798
2012-10-15,0.1446825565696672
2012-10-16,0.1996118406518402
2012-10-17,0.36387284872887615
2012-10-18,1.1004356190231175
2012-10-19,-0.5501210466724704
2012-10-22,-0.6357920285711509
2012-10-23,-0.9925279641565501
2012-10-24,0.01481035309738208
2012-10-25,-1.3134066664765105
2012-10-26,-0.13862360578200497
2012-10-29,-0.8734659081201027
2012-10-30,0.42671237579776883
2012-10-31,-0.44703215870248514
2012-11-01,0.6145601493074607
2012-11-02,0.7338463542266838
2012-11-05,-0.21424422328121348
2012-11-06,0.5678808884975688
2012-11-07,-0.9925687650322669
2012-11-08,-0.8031967156223428
2012-11-09,0.20567583862413866
2012-11-12,-0.21288978097949163
2012-11-13,0.15992013704760144
2012-11-14,-0.5354648547355099
2012-11-15,-0.16226903492685643
2012-11-16,-0.329225528926265
2012-11-19,1.1948170434071634
2012-11-20,0.0028376528668344306
2012-11-21,0.33950929185362966
2012-11-22,0.13155930110287067
2012-11-23,0.4252003119989052
2012-11-26,-0.05479349530408219
2012-11-27,0.021728922854832463
2012-11-28,0.1616469502180719
2012-11-29,0.639546878218348
2012-11-30,0.37666348890373863
2012-12-03,0.07053738711738934
2012-12-04,0.1570329255082147
2012-12-05,0.014555380380363964
2012-12-06,0.5426086227538344
2012-12-07,0.172651982068084
2012-12-10,0.08705315259994117
2012-12-11,0.6707781505716617
2012-12-12,0.4779153434822097
2012-12-13,-0.22977055802815458
2012-12-14,1.1648643970246273
2012-12-17,0.7553413240145086
2012-12-18,0.45569939234651563
2012-12-19,-0.5846115256329024
2012-12-20,0.024166254847992473
2012-12-21,0.3203228622745514
2012-12-27,0.21643395792055037
2012-12-28,-0.5100987396651568
2013-01-02,1.42974378854988
2013-01-03,-0.17109132338202596
2013-01-04,0.18399345978746395
2013-01-07,0.46354322301193956
2013-01-08,-0.6280045858290063
2013-01-09,0.2169576420550975
2013-01-10,0.19385950964031895
2013-01-11,0.2094092284759878
2013-01-14,0.6046888059347705
2013-01-15,0.13017943921558287
2013-01-16,-0.08567427225843194
2013-01-17,0.1730254543356659
2013-01-18,-0.5945224742429343
2013-01-21,-0.17377527656562233
2013-01-22,-0.21274718637898976
2013-01-23,0.14869836588693935
2013-01-24,0.09907819796866751
2013-01-25,0.5861987311892926
2013-01-28,0.14581155701178133
2013-01-29,0.09711294955044202
2013-01-30,-0.5543840443924927
2013-01-31,-0.7420138949463457
2013-02-01,0.6186133372626393
2013-02-04,-1.2315806199941308
2013-02-05,-0.16089051905240162
2013-02-06,0.8815971335396654
2013-02-07,1.2833291146434591
2013-02-08,1.414853357673301
2013-02-11,-0.609616207587781
2013-02-12,-0.6492457740415294
2013-02-13,0.8539639926126738
2013-02-14,-1.0287330990454469
2013-02-15,-0.30985777911848716
2013-02-18,0.518371068780433
2013-02-19,0.8108973006192469
2013-02-20,-0.11463099238651651
2013-02-21,-1.1105495670507657
2013-02-22,0.5220771778907344
2013-02-25,0.8083194954412922
2013-02-26,-1.2806542029458439
2013-02-27,1.2863411345573001
2013-02-28,0.26973351251495503
2013-03-01,0.00017512648287576333
2013-03-04,-0.7286057660963009
2013-03-05,1.7153157530833791
2013-03-06,-0.16214571950819479
2013-03-07,-0.9169015684760204
2013-03-08,-0.10853093194090446
2013-03-11,0.38212175491050615
2013-03-12,-0.2213867265648978
2013-03-13,-0.1238840458206361
2013-03-14,0.371302701872178
2013-03-15,0.025761428981182756
2013-03-18,-0.2209725408569163
2013-03-19,-1.1524122262823007
2013-03-20,0.2530646841721018
2013-03-21,-1.066644246233483
2013-03-22,0.05956177932174932
2013-03-25,0.016627213622472423
2013-03-26,0.03805870847053778
2013-03-27,-0.8417201227033001
2013-03-28,-0.9732557466980672
2013-04-02,0.745460108581818
2013-04-03,-0.5660556469991298
2013-04-04,-0.7466868616805261
2013-04-05,-1.1081732989013466
2013-04-08,0.04736605049475866
2013-04-09,-0.22333873123748685
2013-04-10,2.0132445809182156
2013-04-11,1.4361619105600727
2013-04-12,-1.3268528864425206
2013-04-15,-0.8229781639145691
2013-04-16,0.05562479182366542
2013-04-17,-0.9334807216270888
2013-04-18,-0.10774024820796951
2013-04-19,0.22740811164478306
2013-04-22,0.8149869721391987
2013-04-23,1.6038621367515724
2013-04-24,-0.3808890454808997
2013-04-25,0.8541924794343508
2013-04-26,0.25745343219799854
2013-04-29,0.2841526886706625
2013-04-30,0.20376341578996607
2013-05-02,0.5315552702005828
2013-05-03,1.2229582529662597
2013-05-06,-0.31406255133467603
2013-05-07,-0.22845763372157968
2013-05-08,0.43624541682696566
2013-05-09,0.41057930503037876
2013-05-10,-0.0262789341685726
2013-05-13,0.7042470765127697
2013-05-14,1.417837589983355
2013-05-15,0.5511904437217859
2013-05-16,0.6597474292514605
2013-05-17,1.771307718241963
2013-05-20,1.2913461603559575
2013-05-21,-0.6896847899975275
2013-05-22,0.03260000343071221
2013-05-23,-1.598954074045269
2013-05-24,-0.6480184726469832
2013-05-27,0.9263421682640917
2013-05-28,0.6056129928873981
2013-05-29,-0.9737236014265886
2013-05-30,0.639247951406071
2013-05-31,0.7069092821812392
2013-06-03,-0.3312518377549855
2013-06-04,-0.4789255227725443
2013-06-05,-0.6408918206532931
2013-06-06,-0.6544113852092451
2013-06-07,1.2891004086180688
2013-06-10,0.22709788170144316
2013-06-11,-0.6716457885051424
2013-06-12,-1.0151024250676994
2013-06-13,-0.49801216374836516
2013-06-14,0.5676729529486123
2013-06-17,0.3480371041458122
2013-06-18,-0.44332383011129506
2013-06-19,-0.47259936775777406
2013-06-20,-2.223138578120093
2013-06-21,-1.5380342637835094
2013-06-24,0.3656269307973122
2013-06-25,2.235531666247644
2013-06-26,0.1447527641621298
2013-06-27,0.7721124222032324
2013-06-28,-0.0659709302846295
2013-07-01,0.2884131488111053
2013-07-02,0.020094634074082993
2013-07-03,0.13582986772430272
2013-07-04,2.0789190771530657
2013-07-05,-1.5347045978100455
2013-07-08,0.9289635502598244
2013-07-09,0.42114581633324993
2013-07-10,-0.16962697363359627
2013-07-11,0.5240823734351281
2013-07-12,2.813485324542831
2013-07-15,-0.8745402673694964
2013-07-16,0.7820387171891952
2013-07-17,0.1610930164836511
2013-07-18,0.7661581383523589
2013-07-19,-0.04557377014540308
2013-07-22,-0.4104111385132174
2013-07-23,-0.1712253871285655
2013-07-24,0.6661582156528234
2013-07-25,0.06928488896722651
2013-07-26,-1.0896808784012357
2013-07-29,0.3046401483322745
2013-07-30,0.30256322852330747
2013-07-31,-0.7099428197271395
2013-08-01,1.0091239219180979
2013-08-02,0.14878750193735846
2013-08-05,0.20971202233970163
2013-08-06,0.19996322119388707
2013-08-07,-0.25538523722081513
2013-08-08,0.392053704478353
2013-08-09,0.03334277559633627
2013-08-12,-0.14081425968265704
2013-08-13,0.5016875976536395
2013-08-14,0.6581112478515144
2013-08-15,-0.49757643997072654
2013-08-16,0.37506832816102287
2013-08-19,-0.18098531952225577
2013-08-20,-0.5004187615974429
2013-08-21,0.08484159636373566
2013-08-22,0.7940344877324237
2013-08-23,0.0830547674979406
2013-08-26,-0.18826755431277636
2013-08-27,-2.317653715656481
2013-08-28,-1.0021334490083351
2013-08-29,0.8656673085673432
2013-08-30,-0.7676590892321975
2013-09-02,1.0327390878589262
2013-09-03,-0.32240570094716997
2013-09-04,0.4973041482056286
2013-09-05,0.6668145343106553
2013-09-06,0.4156348790847252
2013-09-09,0.14529306193962727
2013-09-10,1.2069967996560116
2013-09-11,0.5245750929820989
2013-09-12,-0.2183217761585221
2013-09-13,0.5126616118033752
2013-09-16,0.35157014249899116
2013-09-17,-0.5537999024194075
2013-09-18,0.22123489611578462
2013-09-19,0.952767965147911
2013-09-20,-0.5054911469901142
2013-09-23,-0.3213797348651269
2013-09-24,0.44777387217903347
2013-09-25,-0.1487126331731241
2013-09-26,-0.09183120397562101
2013-09-27,0.21006416279167345
2013-09-30,-0.3204106401795571
2013-10-01,0.3000908572748344
2013-10-02,-0.476302118816346
2013-10-04,0.45598233591163245
2013-10-07,-0.34498767762994836
2013-10-08,0.11259751796058615
2013-10-09,-0.33826589107218424
2013-10-10,0.692487707348787
2013-10-11,0.08705106089156274
2013-10-14,-0.1073708437962738
2013-10-15,0.992806070456959
2013-10-16,-0.24893734445139737
2013-10-17,-0.5639744839330686
2013-10-18,-0.1395134534060262
2013-10-21,-0.09930558614135308
2013-10-22,-0.06695594236685694
2013-10-23,0.1924106632310903
2013-10-24,1.5408646877606322
2013-10-25,-0.26907884135677945
2013-10-28,-0.723620644191289
2013-10-29,0.5298853326057194
2013-10-30,-0.30324040096477667
2013-10-31,0.8090490169230358
2013-11-01,-0.3156964745888912
2013-11-04,-0.18339795063046788
2013-11-05,-0.39033873241919037
2013-11-06,0.12484161272766463
2013-11-07,0.5965215031013567
2013-11-08,-0.6565174738592201
2013-11-11,-0.34466992397488483
2013-11-12,-0.06614014545607877
2013-11-13,-0.7440587929388998
2013-11-14,0.7237390100341822
2013-11-15,-0.2588878940550487
2013-11-18,0.8586619031809795
2013-11-19,-0.16046002576217297
2013-11-20,0.04527407587396885
2013-11-21,-0.01807728231415269
2013-11-22,0.383944082434853
2013-11-25,0.3729040096086273
2013-11-26,-0.06469332825336013
2013-11-27,0.42434966682312397
2013-11-28,-0.06425198535300287
2013-11-29,-0.04109915631281848
2013-12-02,0.15975372503192412
2013-12-03,-1.0232050501645722
2013-12-04,-0.4692383965760934
2013-12-05,-0.8447015710374578
2013-12-06,0.7925479872181177
2013-12-09,0.2596887100141417
2013-12-10,-0.5353875164995249
2013-12-11,0.12567940789220644
2013-12-12,-0.22609256747043843
2013-12-13,-0.14662696021176275
2013-12-16,0.6920396925405028
2013-12-17,-0.3599597306677395
2013-12-18,0.35548402797792733
2013-12-19,0.9693342586098339
2013-12-20,0.6597735377378608
2013-12-23,0.4236566355021936
2013-12-27,0.6294370868808944
2013-12-30,-0.19738165744290292
2014-01-02,-0.9575694692461612
2014-01-03,0.05105794704419505
2014-01-06,-0.15567120773260035
2014-01-07,0.644856829627148
2014-01-08,-0.1540839533866116
2014-01-09,-0.055704880663017195
2014-01-10,-0.04055391839257325
2014-01-13,0.5638686124660062
2014-01-14,0.5569710389554884
2014-01-15,1.3569451972064894
2014-01-16,0.018650860814083646
2014-01-17,0.3842678273609441
2014-01-20,-0.09592811756834341
2014-01-21,-0.2972192941247715
2014-01-22,0.2912044536101473
2014-01-23,-0.535187782758421
2014-01-24,-1.8011853328395355
2014-01-27,-0.3872601507788199
2014-01-28,0.36694036787410317
2014-01-29,-0.7979414395791102
2014-01-30,0.5290735239741778
2014-01-31,-0.2904005555306923
2014-02-03,-1.116969682154394
2014-02-04,-0.010159891452358622
2014-02-05,0.13737856154817146
2014-02-06,1.21425198716367
2014-02-07,0.7838645116076275
2014-02-10,-0.2634047058008519
2014-02-11,1.6986001972001472
2014-02-12,0.6478633828293348
2014-02-13,0.13168548670163566
2014-02-14,0.2440861924403371
2014-02-17,-0.1936533199593251
2014-02-18,-0.07383600957546649
2014-02-19,-0.33698834547013395
2014-02-20,0.039714666102631274
2014-02-21,0.5984088065034894
2014-02-24,0.38194284512480536
2014-02-25,-0.374144274733673
2014-02-26,0.11615194082240651
2014-02-27,-0.22791594507345805
2014-02-28,0.3265716661418923
2014-03-03,-1.5375168693784478
2014-03-04,1.8793157108287266
2014-03-05,0.603202813681415
2014-03-06,0.1265928632719899
2014-03-07,-1.178345294758886
2014-03-10,-0.6442702565556486
2014-03-11,0.6449456158489947
2014-03-12,-0.9355725576231001
2014-03-13,-1.048799450211169
2014-03-14,-0.23678610088953378
2014-03-17,0.774693891647247
2014-03-18,0.33451222477815823
2014-03-19,-0.03163606118977424
2014-03-20,-0.06746331597183214
2014-03-21,0.025661129615713076
2014-03-24,-0.9796218129975952
2014-03-25,0.6287450336447533
2014-03-26,1.3124457048642815
2014-03-27,-0.15061235670489145
2014-03-28,1.184269033932504
2014-03-31,-0.17501937554544786
2014-04-01,0.7813830023182484
2014-04-02,-0.18641485325163595
2014-04-03,0.19992238879077068
2014-04-04,0.8873544118520769
2014-04-07,-0.8131011699515073
2014-04-08,-0.03715426606607766
2014-04-09,0.34635900081082555
2014-04-10,-0.31420370507631473
2014-04-11,-0.8166164952374543
2014-04-14,0.03975886061701741
2014-04-15,-1.6269669226503463
2014-04-16,0.9607645350189614
2014-04-17,1.3922605649900324
2014-04-22,0.9823570147750261
2014-04-23,-0.6115034769894295
2014-04-24,-0.07977704877234834
2014-04-25,-1.038398056462165
2014-04-28,0.48563063754037766
2014-04-29,0.5501489182656256
2014-04-30,-0.7540062002636675
2014-05-02,-0.3580193524922439
2014-05-05,-0.253041549518473
2014-05-06,-0.5431527304907051
2014-05-07,-0.27163936197643956
2014-05-08,0.13528221342721936
2014-05-09,-0.35999702566075925
2014-05-12,0.542555800937189
2014-05-13,0.8495688806448031
2014-05-14,0.17407994359556986
2014-05-15,-0.5364170383977621
2014-05-16,-0.5785092941225181
2014-05-19,0.57249322518915
2014-05-20,0.30335911471084637
2014-05-21,0.4773340253245793
2014-05-22,0.24918733337043264
2014-05-23,0.4212612953667286
2014-05-26,0.9972264360704776
2014-05-27,-0.044073941720024365
2014-05-28,-0.19371480854826897
2014-05-29,0.23442922918051654
2014-05-30,0.02370712555292017
2014-06-02,-0.2681918693785434
2014-06-03,0.23432368426767144
2014-06-04,-0.26143650000226026
2014-06-05,0.6659335671489471
2014-06-06,-0.05716698824333967
2014-06-09,-0.11105783600738345
2014-06-10,-0.01690392215554259
2014-06-11,-0.29387351516510374
2014-06-12,-0.12548104878699004
2014-06-13,-0.2621448351539605
2014-06-16,-0.05797669207462582
2014-06-17,0.39819024111755413
2014-06-18,-0.030500157940037863
2014-06-19,0.3141346469689283
2014-06-20,-0.02362777058462271
2014-06-23,-0.4295785496541268
2014-06-24,-0.29641036334909404
2014-06-25,-0.2363069189687941
2014-06-26,-0.4033366074308888
2014-06-27,0.12127312949676605
2014-06-30,0.03815392888730439
2014-07-01,0.5318413127918635
2014-07-02,0.35001007502252257
2014-07-03,0.4747571378693423
2014-07-04,-0.010159891452358622
2014-07-07,-0.7938865100241886
2014-07-08,-0.7863454695209573
2014-07-09,-0.0032347677302288374
2014-07-10,-0.7851230365438872
2014-07-11,-0.2713301165732976
2014-07-14,0.6435813400980863
2014-07-15,-0.24109514692287903
2014-07-16,0.33232528575320847
2014-07-17,-0.8604605550842065
2014-07-18,-0.8399797833704876
2014-07-21,-0.41604696529131807
2014-07-22,0.8910708554270962
2014-07-23,-0.3757787689390756
2014-07-24,0.5051927626779984
2014-07-25,-0.836011114914286
2014-07-28,-1.534123869887643
2014-07-29,0.5920531318268126
2014-07-30,-0.6198486614106244
2014-07-31,-0.9091999472586918
2014-08-01,-0.8024020613800067
2014-08-04,0.23739346105981107
2014-08-05,-0.5846037630742891
2014-08-06,-0.48901824560829094
2014-08-07,-0.7016332959307183
2014-08-08,0.24534688338818514
2014-08-11,1.1228508652702043
2014-08-12,-0.6835398530543932
2014-08-13,0.6243248224758159
2014-08-14,0.30777862288772295
2014-08-15,-1.0731137821415038
2014-08-18,0.9909325259416621
2014-08-19,0.4595468931428878
2014-08-20,-0.21748974891816755
2014-08-21,0.6546644379881922
2014-08-22,-0.42935240572516076
2014-08-25,0.922236222429149
2014-08-26,0.4455002782485049
2014-08-27,-0.26359711439168426
2014-08-28,-0.7559378962762242
2014-08-29,0.05054877355274101
2014-09-01,-0.28395323183631477
2014-09-02,-0.05594632214408705
2014-09-03,0.8072760283263954
2014-09-04,0.9112408574519353
2014-09-05,0.7417633999515721
2014-09-08,-0.17703125292978053
2014-09-09,-0.36032147791599517
2014-09-10,-0.5773586815335676
2014-09-11,-0.36721286046205065
2014-09-12,-0.20469927260982354
2014-09-15,0.0722395492915269
2014-09-16,-0.04010085245566544
2014-09-17,0.13192100996451903
2014-09-18,0.48009594320871124
2014-09-19,-0.09891297496254935
2014-09-22,-0.7714337278711569
2014-09-23,-1.2141897629355165
2014-09-24,0.2822327588579938
2014-09-25,-0.5579577575426674
2014-09-26,0.15252952848467627
2014-09-29,-0.39062477422664743
2014-09-30,0.13772478158863422
2014-10-01,-0.3846849453629248
2014-10-02,-0.8319842798252913
2014-10-06,-0.1778589558566955
2014-10-07,-0.49259483262818404
2014-10-08,-0.4649251916837553
2014-10-09,-0.11636871760694602
2014-10-10,-1.4213960352507535
2014-10-13,0.5677408888335538
2014-10-14,1.698287501870634
2014-10-15,-1.4116205856533823
2014-10-16,0.7364935964854695
2014-10-17,1.0921101564577331
2014-10-20,-0.796016353123697
2014-10-21,0.7756965702189782
2014-10-22,0.33056546385900243
2014-10-23,0.4612048028450791
2014-10-24,-0.1667639597302988
2014-10-27,-0.5544342122242473
2014-10-28,0.706345902527865
2014-10-29,0.06792188181585868
2014-10-30,0.07556964202061427
2014-10-31,1.0828779390582823
2014-11-03,-0.21606023321548848
2014-11-04,-0.4709259662671703
2014-11-05,1.0127708598842164
2014-11-06,0.3434389688413147
2014-11-07,-0.4696012615329006
2014-11-10,0.37426845680677767
2014-11-11,-0.35675289478008654
2014-11-12,-1.0887235741697843
2014-11-13,0.11348020478393792
2014-11-14,-0.04104231971547717
2014-11-17,0.1748103453843886
2014-11-18,0.8964264995340743
2014-11-19,0.13298699652466264
2014-11-20,0.11756583505992253
2014-11-21,1.211785211519164
2014-11-24,0.5927715817886505
2014-11-25,0.578035102775735
2014-11-26,0.11797326675456733
2014-11-27,0.49895573175090613
2014-11-28,0.4726364310934897
2014-12-01,0.11497235742100524
2014-12-02,-0.10746143859719837
2014-12-03,0.24655671487886505
2014-12-04,-0.4550878780245063
2014-12-05,1.6574024265590446
2014-12-08,-0.6482580291125777
2014-12-09,-0.761044696035481
2014-12-10,0.038426196191467595
2014-12-11,0.176757227366199
2014-12-12,-1.2208879014882605
2014-12-15,-1.449672218578746
2014-12-16,1.824679721233118
2014-12-17,0.010918155457413122
2014-12-18,1.231144615584861
2014-12-19,0.0445756567156508
2014-12-22,0.24209356335084026
2014-12-23,0.42978726555197394
2014-12-29,-0.023635460098952312
2014-12-30,-0.736770183466443
2015-01-02,-0.160956186456072
2015-01-05,-1.815465577520388
2015-01-06,0.302650730493943
2015-01-07,0.35687162139219425
2015-01-08,2.012925361809261
2015-01-09,-0.45003423470443904
2015-01-12,1.0520319212479063
2015-01-13,0.8266241980074462
2015-01-14,-0.647944672477038
2015-01-15,1.0567021872525666
2015-01-16,0.9190311910817249
2015-01-19,0.21141935965683226
2015-01-20,0.11599091073360848
2015-01-21,-0.016465274350095604
2015-01-22,1.4475513003369371
2015-01-23,1.4275813990364892
2015-01-26,0.8063086440741023
2015-01-27,-1.4408840717464135
2015-01-28,0.7519904554966437
2015-01-29,0.2137519813158439
2015-01-30,0.1013933753191197
2015-02-02,0.4160248813830287
2015-02-03,0.53302908419484
2015-02-04,0.26481507287758443
2015-02-05,0.0754314348397346
2015-02-06,-0.25596398417595567
2015-02-09,-1.0005500530097973
2015-02-10,0.8712021557070762
2015-02-11,0.15042276532221927
2015-02-12,0.38890910488463176
2015-02-13,0.018216336996698227
2015-02-16,-0.21485054515264446
2015-02-17,-0.23291446253812445
2015-02-18,0.6662632393994494
2015-02-19,0.24312532567293982
2015-02-20,0.3811573580084724
2015-02-23,0.0955026311546132
2015-02-24,0.12849812480251796
2015-02-25,-0.12105264116344056
2015-02-26,0.2831521034597724
2015-02-27,0.5165252076902748
2015-03-02,0.07705755885395005
2015-03-03,-0.5964853582408747
2015-03-04,1.2895782290735294
2015-03-05,0.6079977518313154
2015-03-06,0.3957514528547113
2015-03-09,0.1051700641553463
2015-03-10,-0.7702404085908379
2015-03-11,1.749820764501929
2015-03-12,0.28624474750699325
2015-03-13,0.21852619684815625
2015-03-16,1.3342428944061364
2015-03-17,-2.0645632766711364
2015-03-18,-0.9457343081637148
2015-03-19,0.16798621692062485
2015-03-20,0.6442366356685774
2015-03-23,-1.4821988940887996
2015-03-24,-0.15404876195761452
2015-03-25,-0.45525194867829905
2015-03-26,0.5894519178145008
2015-03-27,-0.14333507444351368
2015-03-30,1.247961327520727
2015-03-31,-0.6008260112750401
2015-04-01,0.21025061660683558
2015-04-02,0.2573175291293882
2015-04-07,-0.339592544264193
2015-04-08,-0.6430423706453734
2015-04-09,0.7309826917445559
2015-04-10,0.7195244017993049
2015-04-13,-0.26639631247096285
2015-04-14,-0.678654097798272
2015-04-15,0.21731760263736652
2015-04-16,-0.2811029206653568
2015-04-17,-1.1320089976771157
2015-04-20,0.9865387287971191
2015-04-21,0.34810256895744457
2015-04-22,0.1032672514430695
2015-04-23,-0.7167370463896346
2015-04-24,0.5180584210238782
2015-04-27,1.266623622033969
2015-04-28,-0.33807297454710544
2015-04-29,-1.5146293024977944
2015-04-30,0.09382338601215848
2015-05-04,0.6521667342770131
2015-05-05,-1.2666609769855457
2015-05-06,-0.3323757545331959
2015-05-07,0.31205597162848153
2015-05-08,1.5258386585543615
2015-05-11,-0.015511958968178566
2015-05-12,-1.3033455354330028
2015-05-13,-0.7429615633892397
2015-05-14,1.2103805858936827
2015-05-15,-0.8573186054593702
2015-05-18,0.7824571470869903
2015-05-19,1.5467799892572105
2015-05-20,0.1690798235887003
2015-05-21,0.12642353077450116
2015-05-22,-0.15202174627776122
2015-05-26,-0.6671671672307541
2015-05-27,0.3883159267192886
2015-05-28,-0.8805187519915475
2015-05-29,-1.2662248595996435
2015-06-01,0.24373745460266838
2015-06-02,-1.169280401792805
2015-06-03,0.06876773241490991
2015-06-04,-0.497039969878021
2015-06-05,-0.6345538456883656
2015-06-08,-0.9242911865562863
2015-06-09,0.32377261642221633
2015-06-10,1.5176870183607838
2015-06-11,0.6130643655978888
2015-06-12,-0.2730430918125206
2015-06-15,-1.0880540838570896
2015-06-16,0.30439760367889884
2015-06-17,-0.7165489077967659
2015-06-18,0.04188997845343929
2015-06-19,-0.04485697520275099
2015-06-22,2.182348568682768
2015-06-23,0.6804817526484452
2015-06-24,-0.4969428248555036
2015-06-25,0.2420612524231595
2015-06-26,0.15361399220269095
2015-06-29,-2.127778076147918
2015-06-30,-0.6817732293926921
2015-07-01,1.391017061060849
2015-07-02,-0.6429379934977308
2015-07-03,-0.14116571596430394
2015-07-06,-0.4226182642690381
2015-07-07,-1.3879701524199637
2015-07-08,-0.3311505667238566
2015-07-09,1.086423750867646
2015-07-10,1.1013871305894862
2015-07-13,0.3357843601244255
2015-07-14,-0.12330944021346506
2015-07-15,-0.03282134530529391
2015-07-16,0.9934350996757406
2015-07-17,-0.3665318239744509
2015-07-20,0.3240219236384309
2015-07-21,0.006495164105532519
2015-07-22,-0.4617211543271526
2015-07-23,-0.31361886681809503
2015-07-24,-1.0532894027401318
2015-07-27,-1.2422192746607672
2015-07-28,0.6186459670367406
2015-07-29,0.1239202358271237
2015-07-30,-0.2494365212768652
2015-07-31,0.4092266063578874
2015-08-03,0.41128334147503687
2015-08-04,0.15049526247904407
2015-08-05,1.227884386933709
2015-08-06,-0.36299505525340914
2015-08-07,-0.10018456827037599
2015-08-10,0.25380787851853215
2015-08-11,-2.5057518258166858
2015-08-12,-2.364954152229585
2015-08-13,0.5819834133943954
2015-08-14,-0.034684775050972574
2015-08-17,-0.39193140367552715
2015-08-18,-0.345210726893335
2015-08-19,-1.2530437843987383
2015-08-20,-0.9072413055103915
2015-08-21,-1.3785095841553419
2015-08-24,-2.2700589377537232
2015-08-25,2.6438168633415984
2015-08-26,-0.5587451905924298
2015-08-27,1.6882943423284593
2015-08-28,-0.17922682002802384
2015-08-31,-0.5276472896343296
2015-09-01,-1.1770903794883847
2015-09-02,-0.16569825809373598
2015-09-03,1.588139296538307
2015-09-04,-1.0094207640485129
2015-09-07,0.5813584817560257
2015-09-08,1.1704229730302373
2015-09-09,0.5851457230140745
2015-09-10,-0.20137185919417575
2015-09-11,-0.22780779631582035
2015-09-14,0.3605189233086459
2015-09-15,0.61591747366981
2015-09-16,0.09652834490584494
2015-09-17,0.11502841373659935
2015-09-18,-2.0673056657267592
2015-09-21,-0.6875750586624634
2015-09-22,-3.4442786255266675
2015-09-23,0.11080700762390203
2015-09-24,-2.1469930402567003
2015-09-25,1.6265994794941063
2015-09-28,-1.5651968854666956
2015-09-29,-0.25573215005059347
2015-09-30,1.1614788995932066
2015-10-01,-0.30219003849332243
2015-10-02,0.08494941865640077
2015-10-05,1.3229008531300397
2015-10-06,1.1547720698754589
2015-10-07,1.0860803102292131
2015-10-08,0.5687179595970348
2015-10-09,1.0875269502750926
2015-10-12,0.8127294824296079
2015-10-13,-0.6113328847329906
2015-10-14,-0.6850388983162387
2015-10-15,0.8918647108418861
2015-10-16,-0.3480304857767642
2015-10-19,0.2758903030265451
2015-10-20,-0.328825758084877
2015-10-21,0.8882608936165725
2015-10-22,1.4585050645229645
2015-10-23,1.612474118390355
2015-10-26,-0.20846185165655923
2015-10-27,-0.17906402471276125
2015-10-28,0.4648592645161348
2015-10-29,-0.214013973383267
2015-10-30,0.24153767093187006
2015-11-02,0.45965744213303145
2015-11-03,-0.2831647195125381
2015-11-04,-1.0025726163016655
2015-11-05,0.2565256645807518
2015-11-06,1.0063186038890048
2015-11-09,-1.0810580385859523
2015-11-10,0.6388753154651342
2015-11-11,-0.4599346593103625
2015-11-12,-0.8245698609423371
2015-11-13,-0.36707344582642654
2015-11-16,-0.2578900840392765
2015-11-17,1.0581115584327403
2015-11-18,0.1655543392253099
2015-11-19,0.32131856805031306
2015-11-20,0.3845501870617216
2015-11-23,-0.18915596393898373
2015-11-24,-0.31003303730283643
2015-11-25,0.605492510728934
2015-11-26,1.4630748655948915
2015-11-27,0.24815409378436318
2015-11-30,1.2772907216761844
2015-12-01,-0.8645447642499574
2015-12-02,-0.22050608226941135
2015-12-03,-2.598130270294337
2015-12-04,0.10405311119492039
2015-12-07,0.6575526460264289
2015-12-08,-1.3308152140930771
2015-12-09,-0.27877720832138875
2015-12-10,0.08159077648451532
2015-12-11,-1.6325933688358925
2015-12-14,-1.0847810355996443
2015-12-15,1.6114916876935006
2015-12-16,0.357242428724239
2015-12-17,1.4976119750695482
2015-12-18,-1.0857113680027553
2015-12-21,-0.8097826016004648
2015-12-22,0.5306058430294079
2015-12-23,0.8896956802078995
2015-12-25,-0.010159891452358622
2015-12-28,-0.3387232743241211
2015-12-29,0.6446954330428067
2015-12-30,-0.49436062574936745
2016-01-04,-2.470205742699531
2016-01-05,-0.016569634772394547
2016-01-06,-1.2243448583298249
2016-01-07,-1.8613108057623489
2016-01-08,-0.5675092006965758
2016-01-11,-0.05170755902643658
2016-01-12,0.6844012692661454
2016-01-13,-0.6285718787524085
2016-01-14,-1.7215219799968278
2016-01-15,-0.9372054218110089
2016-01-18,0.2742262908063159
2016-01-19,0.4312584256774627
2016-01-20,-1.2655456950242845
2016-01-21,1.3100008411335162
2016-01-22,0.42657130150760436
2016-01-25,-0.8224018018062415
2016-01-26,-0.01740387324623138
2016-01-27,0.5950385031947023
2016-01-28,-1.4936280384873366
2016-01-29,0.18887641466646413
2016-02-01,-0.32014438975671405
2016-02-02,-0.6888523340349515
2016-02-03,0.09489166384656637
2016-02-04,-1.5567828078052515
2016-02-05,0.26014737994801096
2016-02-08,-1.5203270876846078
2016-02-09,-0.177426844726085
2016-02-10,0.10937591449307721
2016-02-11,-0.3857333317134759
2016-02-12,1.629763843693875
2016-02-15,1.4321176640317048
2016-02-16,-0.3647227990330171
2016-02-17,1.867764716045708
2016-02-18,-0.11214026130772824
2016-02-19,-1.005089788691075
2016-02-22,0.7434896192219035
2016-02-23,-1.1526941963753614
2016-02-24,-1.9807227654666968
2016-02-25,0.3719502564458816
2016-02-26,1.4278465432909366
2016-02-29,0.32764140968995725
2016-03-01,1.1644200753547813
2016-03-02,1.2141476755016862
2016-03-03,0.1743222087217659
2016-03-04,0.44790701938918315
2016-03-07,-0.235117457212276
2016-03-08,-1.3901326502581772
2016-03-09,0.15642953992915798
2016-03-10,-2.018904724843929
2016-03-11,1.8610126120034807
2016-03-14,0.8449445481617442
2016-03-15,0.09652821605085106
2016-03-16,0.8487831045346841
2016-03-17,-0.7272174899112379
2016-03-18,0.4410249490652864
2016-03-21,-0.4259366704945073
2016-03-22,0.18056521711806242
2016-03-23,0.2219203960215101
2016-03-24,-1.0169913072840666
2016-03-29,0.33970541327259274
2016-03-30,1.1005947676744563
2016-03-31,-0.40086690359061306
2016-04-01,-1.0657388510075705
2016-04-04,-0.3553032262174964
2016-04-05,-1.6999338568359794
2016-04-06,-0.46109755557771737
2016-04-07,0.7310690929904013
2016-04-08,0.0690744757336597
2016-04-11,0.6813922735760335
2016-04-12,0.6098738888475443
2016-04-13,1.6540461969285825
2016-04-14,0.2566680256101315
2016-04-15,-1.0186343391560169
2016-04-18,0.7389126968718147
2016-04-19,1.546818128858129
2016-04-20,0.34086451027279463
2016-04-21,0.36659522844631526
2016-04-22,-2.488530209482316
2016-04-25,-0.33964150319973735
2016-04-26,0.07993060467649549
2016-04-27,-0.13031880727668457
2016-04-28,0.14746987186320387
2016-04-29,-1.7582972897717122
2016-05-02,0.2998945822434596
2016-05-03,-1.199359152466232
2016-05-04,-0.7206423864456086
2016-05-05,0.3024891780296838
2016-05-06,0.2527860058373174
2016-05-09,0.2513155848393778
2016-05-10,0.28132343513689995
2016-05-11,-0.5790170216532045
2016-05-12,-0.5055584136910951
2016-05-13,0.04603179277183013
2016-05-17,-0.884668588066958
2016-05-18,-0.13292006214383895
2016-05-19,-0.17431946156444605
2016-05-20,0.34209269852986085
2016-05-23,-0.7587715197669623
2016-05-24,1.0151380827973566
2016-05-25,1.5382498726677134
2016-05-26,0.5983425084106031
2016-05-27,-0.17321957150281725
2016-05-30,0.7000675420667785
2016-05-31,-0.17134024466895909
2016-06-01,-0.8165877211089313
2016-06-02,0.19274332458905846
2016-06-03,-1.0573865221684866
2016-06-06,0.05348444381719658
2016-06-07,0.5902986566153634
2016-06-08,-0.41224579895332886
2016-06-09,-0.6719578573429645
2016-06-10,-1.041103496630954
2016-06-13,-0.9551591879214324
2016-06-14,-1.128529024118441
2016-06-15,0.3825872669592094
2016-06-16,-0.18051506366687733
2016-06-17,0.4652987382044233
2016-06-20,2.039756047031606
2016-06-21,0.23992799803259388
2016-06-22,0.2626055456237126
2016-06-23,0.7752500817535517
2016-06-24,-4.057616518506004
2016-06-27,-1.4815581302828502
2016-06-28,0.26320789868314326
2016-06-29,0.033779993724666814
2016-06-30,-0.19499130377887536
2016-07-01,1.0536508952516284
2016-07-04,-0.4432578457541922
2016-07-05,-1.7563050140621828
2016-07-06,-0.28183302057002396
2016-07-07,0.2705462869140239
2016-07-08,1.6485799812260282
2016-07-11,0.913378031988395
2016-07-12,2.0224335396769737
2016-07-13,-0.33053968664622313
2016-07-14,0.9929645293074589
2016-07-15,-0.0909228609386678
2016-07-18,-0.07487271038880469
2016-07-19,-0.539245649957118
2016-07-20,0.8174781969408186
2016-07-21,0.6051420672748523
2016-07-22,0.03745265862279697
2016-07-25,0.33752191353809524
2016-07-26,0.6232902511552841
2016-07-27,0.8824203215276916
2016-07-28,-1.253605634235319
2016-07-29,0.38729549587437173
2016-08-01,-0.0956069968051863
2016-08-02,-1.4307146343211143
2016-08-03,0.3410533230005647
2016-08-04,-0.01811679853409376
2016-08-05,1.3152572390935255
2016-08-08,0.09799050644430382
2016-08-09,1.283648648539006
2016-08-10,-0.15301587948193557
2016-08-11,0.2900852401081584
2016-08-12,-0.15253958144628826
2016-08-15,0.29654297949770536
2016-08-16,-0.595363748255799
2016-08-17,-0.5797749290759517
2016-08-18,0.17286777863560365
2016-08-19,-0.4690601437727483
2016-08-22,-0.010159891452358622
2016-08-23,0.33443044525832405
2016-08-24,0.18780409648525972
2016-08-25,-0.7375436039196402
2016-08-26,0.39701981368663647
2016-08-29,-0.3710651808522106
2016-08-30,0.8150846885301474
2016-08-31,-0.18470424515408085
2016-09-01,-0.29995482833328724
2016-09-02,0.8689543280352453
2016-09-05,-0.07026478621697599
2016-09-06,0.371718030665861
2016-09-07,0.6415699342085974
2016-09-08,-0.3200881659695974
2016-09-09,-0.22535340996911732
2016-09-12,-0.8051932253496213
2016-09-13,-0.3975068881474293
2016-09-14,-0.28549938196121527
2016-09-15,0.21940547511623035
2016-09-16,-1.1067672040734526
2016-09-19,0.7032213362036789
2016-09-20,-0.1874985584344263
2016-09-21,0.38217125129569507
2016-09-22,1.3564614098992278
2016-09-23,0.06420902175923326
2016-09-26,-1.2447562457550698
2016-09-27,-0.3008943062580366
2016-09-28,0.4176597798996929
2016-09-29,0.020245860239678767
2016-09-30,0.4512096052301757
2016-10-04,1.2229789287485067
2016-10-05,0.21659225915764452
2016-10-06,-0.2515826699852378
2016-10-07,-0.3635375135536187
2016-10-10,0.5408323408796116
2016-10-11,-0.16379209785990637
2016-10-12,-0.22314339304740893
2016-10-13,-0.6922717775408062
2016-10-14,0.7013843711654153
2016-10-17,-0.22396879231105107
2016-10-18,0.3358886183118337
2016-10-19,0.6165326865966644
2016-10-20,0.565430949097242
2016-10-21,-1.0074995874832011
2016-10-24,0.1866370493386297
2016-10-25,-0.017437424014840556
2016-10-26,0.23654270975004457
2016-10-27,0.15599583518306206
2016-10-28,-0.08955730611956635
2016-10-31,-0.3217915724559963
2016-11-01,-0.5881242398504485
2016-11-02,-1.2632799683544893
2016-11-03,-0.1995104412543009
2016-11-04,-0.2689086538160084
2016-11-07,1.0984827074836592
2016-11-08,0.30187253447267715
2016-11-09,0.1007856245879713
2016-11-10,-0.1581484727655546
2016-11-11,0.7834796610335273
2016-11-14,0.06992310177239748
2016-11-15,0.185856303073044
2016-11-16,-0.2643990703849457
2016-11-17,0.41041011670736055
2016-11-18,-0.09686819352377248
2016-11-21,0.1919194958857234
2016-11-22,-0.024565475503745646
2016-11-23,-0.7507177072687589
2016-11-24,0.05566083596389426
2016-11-25,0.08473420662671466
2016-11-28,-0.5455506972623901
2016-11-29,-0.34323948201984117
2016-11-30,-0.5931524986098275
2016-12-01,-0.28923622522415515
2016-12-02,0.050326994251563346
2016-12-05,1.183470815316586
2016-12-06,0.29823180349830347
2016-12-07,1.5093630249551315
2016-12-08,1.1379919319015317
2016-12-09,0.031322376010168504
2016-12-12,-0.09316091698767098
2016-12-13,0.5267440936779738
2016-12-14,0.05139779130581109
2016-12-15,0.7088833535863772
2016-12-16,0.33192255462792963
2016-12-19,0.22983440175174713
2016-12-20,0.0762048891002524
2016-12-21,0.08268358929566767
2016-12-22,-0.23593073732514738
2016-12-23,0.06964259047194851
2016-12-27,-0.05670402692969219
2016-12-28,-0.0700567395976214
2016-12-29,-0.3242112621052376
2016-12-30,0.20389033407257542
2017-01-02,0.2958473988560398
2017-01-03,0.5959634714955638
2017-01-04,-0.029797679371823507
2017-01-05,-0.023257232860501555
2017-01-06,-0.016714165131704904
2017-01-09,-0.049482027534914694
2017-01-10,0.1534873274843042
2017-01-11,0.38027817671784325
2017-01-12,-1.3510680388105605
2017-01-13,0.3485124241522955
2017-01-16,-0.7302481583569098
2017-01-17,0.056980801006214256
2017-01-18,0.2040392195671995
2017-01-19,-0.0034756858068560087
2017-01-20,-0.036879335198507925
2017-01-23,-0.325242960561871
2017-01-24,0.6643455999724943
2017-01-25,0.7593388236594513
2017-01-26,-0.5283570098859532
2017-01-27,-0.5674687784389695
2017-01-30,-0.19070224858840737
2017-01-31,-0.7529228853095747
2017-02-01,0.4436416542761267
2017-02-02,-1.3224417551594794
2017-02-03,-0.32307654054999374
2017-02-06,-0.31815079838561505
2017-02-07,-0.32724030308464547
2017-02-08,-0.0809076736052678
2017-02-09,0.4338259726823431
2017-02-10,-0.1295555722583064
2017-02-13,0.5282104390299924
2017-02-14,0.1425458046927742
2017-02-15,-0.04483134860305577
2017-02-16,-0.19776647127281524
2017-02-17,-0.13564852120493856
2017-02-20,0.11532873830021682
2017-02-21,0.6329485301331689
2017-02-22,0.44777296839152947
2017-02-23,-0.08502787978113145
2017-02-24,-0.3657649309913779
2017-02-27,-0.023887810431442495
2017-02-28,-0.07887724238751773
2017-03-01,0.8011037947550399
2017-03-02,0.02362139034104337
2017-03-03,0.05058497111104067
2017-03-06,-0.3011097603514771
2017-03-07,0.368400252562288
2017-03-08,-0.07753148279336393
2017-03-09,-0.030398575226876345
2017-03-10,0.010078792322159339
2017-03-13,0.5395166564471597
2017-03-14,-0.05017121636550898
2017-03-15,0.13635886477645273
2017-03-16,0.19552769519001098
2017-03-17,-0.09630354660913391
2017-03-20,-0.1363511695043042
2017-03-21,-0.2903126779429051
2017-03-22,-0.44702619916826053
2017-03-23,0.4467816372947095
2017-03-24,-0.023536651705612036
2017-03-27,-0.06370776577718638
2017-03-28,0.7537418507683081
2017-03-29,0.4684150654450622
2017-03-30,0.5909955362184318
2017-03-31,-0.09874113773890834
2017-04-03,-0.5244985042946932
2017-04-04,-0.5022837433264329
2017-04-05,-0.48634886438319136
2017-04-06,0.0320465208825521
2017-04-07,-0.0946162425282684
2017-04-10,-0.059483985474887924
2017-04-11,-0.21511251914126803
2017-04-12,0.1171482647507929
2017-04-13,-0.29354209691417943
2017-04-18,-0.6324716113168304
2017-04-19,0.22686224303859218
2017-04-20,0.28264918972924197
2017-04-21,-0.09567465677285614
2017-04-24,1.1244901306620483
2017-04-25,0.6261648815497879
2017-04-26,0.08592712765075196
2017-04-27,-0.3887646852994594
2017-04-28,0.06580329161765955
2017-05-02,-0.3147546125122927
2017-05-03,-0.11444876031500319
2017-05-04,0.12884362084468973
2017-05-05,0.3424550263237294
2017-05-08,0.14800071390399072
2017-05-09,-0.12012633279674906
2017-05-10,0.16840779480841422
2017-05-11,-0.085626187641356
2017-05-12,0.21587238700697214
2017-05-15,0.044481622965638845
2017-05-16,-0.2633794683964706
2017-05-17,-0.37525894795320214
2017-05-18,-0.3781165584995665
2017-05-19,0.10817249736034182
2017-05-22,-0.1145564181727506
2017-05-23,-0.39494355886711113
2017-05-24,-0.7821072057802162
2017-05-25,-0.23203927717164882
2017-05-26,-0.30521301287318886
2017-05-29,0.033130549501918
2017-05-30,-0.1835751755889419
2017-05-31,-0.4392058307624653
2017-06-01,0.3246792675636836
2017-06-02,0.5450811549563315
2017-06-05,-0.010159891452358622
2017-06-06,-0.23291463065578885
2017-06-07,-0.27016821788422946
2017-06-08,-0.017399135708602756
2017-06-09,0.20664476434078957
2017-06-12,0.1194400231827146
2017-06-13,0.1764259764710341
2017-06-14,-0.14643229572404315
2017-06-15,-0.34172923939083333
2017-06-16,-0.04634053381688999
2017-06-19,0.35759009885065063
2017-06-20,-0.11082582159358813
2017-06-21,-0.09661450960864754
2017-06-22,0.018679835717490944
2017-06-23,-0.11839248232591333
2017-06-26,0.011506491307313165
2017-06-27,-0.22001445639122288
2017-06-28,-0.1408794849659741
2017-06-29,-0.4412041705129908
2017-06-30,-0.7051289408461902
2017-07-03,0.5157154621488081
2017-07-04,0.004567458052899375
2017-07-05,-0.27599109193800286
2017-07-06,-0.29237628175628827
2017-07-07,0.07914079653733959
2017-07-10,-0.09946057944205909
2017-07-11,0.5746889835281676
2017-07-12,0.9439572591119805
2017-07-13,-0.2342049020241862
2017-07-14,-0.2134460155618218
2017-07-17,-0.14860513439599368
2017-07-18,-0.38379238401550314
2017-07-19,-0.03223454252543286
2017-07-20,-0.18709358974087217
2017-07-21,-0.9953598512730978
2017-07-24,-1.2790432483513767
2017-07-25,0.09817786193511507
2017-07-26,-0.3670754972246076
2017-07-27,-0.2522254097718359
2017-07-28,-0.35587162409918466
2017-07-31,-0.4538568659550797
2017-08-01,0.43353708305035954
2017-08-02,-0.04960953711505995
2017-08-03,-0.03384487110718343
2017-08-04,0.5862030103072858
2017-08-07,-0.10382025601010518
2017-08-08,0.06010120861315783
2017-08-09,-0.38611840833354855
2017-08-10,-0.12826554749079633
2017-08-11,-0.06537437614532514
2017-08-14,0.26527527259387146
2017-08-15,0.06824793446701166
2017-08-16,0.20087763569444256
2017-08-17,-0.08821443740660215
2017-08-18,-0.09616190081643448
2017-08-21,-0.1669335861458819
2017-08-22,0.5518119170594175
2017-08-23,-0.05673271892954264
2017-08-24,0.6684074302483252
2017-08-25,0.38627409940091145
2017-08-28,-0.21558736046718813
2017-08-29,-0.30079738354004215
2017-08-30,0.04351176136076427
2017-08-31,-0.2868407161111952
2017-09-01,0.42717689677542947
2017-09-04,0.02037948870438438
2017-09-05,0.43045327252239246
2017-09-06,1.4637367205970915
2017-09-07,0.36214345544005544
2017-09-08,-0.06836691310732575
2017-09-11,-0.14138725395826016
2017-09-12,0.4330932521289062
2017-09-13,0.2854399486782487
2017-09-14,0.10468730698215906
2017-09-15,0.2900154536220587
2017-09-18,0.167606337784471
2017-09-19,-0.0030665093506325493
2017-09-20,0.03949867417469338
2017-09-21,0.1949712793861724
2017-09-22,-0.20111083906503205
2017-09-25,0.060648510745936406
2017-09-26,0.018139524487258408
2017-09-27,0.0534388528890615
2017-09-28,-0.1374518643241835
2017-09-29,0.5669779218586682
2017-10-02,0.09466533685667873
2017-10-03,-0.010159891452358622
2017-10-04,0.5587485599438179
2017-10-05,-0.010159891452358622
2017-10-06,0.16879561192467585
2017-10-09,-0.06514829849560301
2017-10-10,-0.4524341425497505
2017-10-11,0.06615507831396722
2017-10-12,-0.0656468723775443
2017-10-13,-0.07961189347307394
2017-10-16,0.3153708152679418
2017-10-17,0.22393317067899876
2017-10-18,0.40014926373699194
2017-10-19,-0.26960750264877104
2017-10-20,-0.40892554306839207
2017-10-23,0.2652064224570427
2017-10-24,0.4271149555785569
2017-10-25,-0.11227973618548658
2017-10-26,0.46453867553265205
2017-10-27,0.7661258515245788
2017-10-30,0.10916655744308286
2017-10-31,-0.010159891452358622
2017-11-01,1.1085885201595207
2017-11-02,0.047998953708353644
2017-11-03,0.09305406946294846
2017-11-06,-0.30749660975817894
2017-11-07,-0.38121960683459627
2017-11-08,-0.403918810240798
2017-11-09,-0.4604225641599933
2017-11-10,-0.2569733356255794
2017-11-13,-0.20451930140158275
2017-11-14,-0.4012853425484522
2017-11-15,-0.2749977467844631
2017-11-16,0.010268513230658855
2017-11-17,-0.26268373237948867
2017-11-20,0.32397262503790863
2017-11-21,0.7581840276071952
2017-11-22,-0.42647857644804293
2017-11-23,-0.06414193177702675
2017-11-24,0.05731352110355521
2017-11-27,-0.08439091458602456
2017-11-28,0.03033822131452565
2017-11-29,0.1111428489611365
2017-11-30,-0.42249761483938825
2017-12-01,-0.8526955563233636
2017-12-04,0.8595275889093146
2017-12-05,0.30093820121417403
2017-12-06,-0.2737784762292213
2017-12-07,-0.030503194546792945
2017-12-08,0.46216339281794444
2017-12-11,-0.07061739373769689
2017-12-12,0.34478517860924923
2017-12-13,0.1629959738789007
2017-12-14,-0.08333916612112222
2017-12-15,0.06966050318440081
2017-12-18,0.3144173106458774
2017-12-19,-0.22849779959430166
2017-12-20,-0.08981151221353025
2017-12-21,0.2415925067631425
2017-12-22,-0.08951595782863773
2017-12-27,-0.056509466530556295
2017-12-28,-0.23595242441048941
2017-12-29,-0.0767870742910942
2018-01-02,-0.13030234737931423
2018-01-03,0.3692621400598018
2018-01-04,0.5369407401625537
2018-01-05,0.6148133363549044
2018-01-08,0.485218138432894
2018-01-09,0.25150504978536825
2018-01-10,-0.016529296025653895
2018-01-11,-0.3551392456776318
2018-01-12,0.35390951785324687
2018-01-15,-0.11844431046504018
2018-01-16,0.20616626553566364
2018-01-17,-0.27753227107449724
2018-01-18,0.36500747194188665
2018-01-19,0.2991792205348557
2018-01-22,0.32215150244679386
2018-01-23,0.08346514730661685
2018-01-24,-0.17883014769979014
2018-01-25,-0.6591717387231235
2018-01-26,0.25556896102993804
2018-01-29,0.04029133350101053
2018-01-30,-0.5425599314763335
2018-01-31,-0.21455573577820497
2018-02-01,-1.0391420490522978
2018-02-02,-0.6490845666532282
2018-02-05,-0.32289494272021246
2018-02-06,-0.8520980312913338
2018-02-07,0.7983958003462417
2018-02-08,-0.2244254576088419
2018-02-09,-0.14457425418864134
2018-02-12,0.5518118690903695
2018-02-13,-0.2435012595180509
2018-02-14,0.646900480279032
2018-02-15,0.20027895142662944
2018-02-16,0.36237929380932526
2018-02-19,-0.9902705495567387
2018-02-20,-0.2700876332200393
2018-02-21,-0.19767153952998762
2018-02-22,-0.21188828625666742
2018-02-23,0.23851630125052592
2018-02-26,-0.13096866028194795
2018-02-27,0.08383041117678391
2018-02-28,0.05686865738147249
2018-03-01,-0.9914490059904063
2018-03-02,-1.1662100328872678
2018-03-05,-0.03820292059174424
2018-03-06,0.17180271721539736
2018-03-07,0.18501999801629762
2018-03-08,0.010705157048687408
2018-03-09,0.017639215164458398
2018-03-12,0.2669907293730071
2018-03-13,-0.43346514318893753
2018-03-14,-0.1567685127905781
2018-03-15,0.5044539000640211
2018-03-16,0.628741412829339
2018-03-19,-0.4489010019816802
2018-03-20,0.09303167204818394
2018-03-21,-0.04453575969595801
2018-03-22,-1.1235419840263297
2018-03-23,-0.9058158815099215
2018-03-26,-0.18270349180047224
2018-03-27,0.6620755568445118
2018-03-28,-0.13103505860316442
2018-03-29,1.853315136199554
2018-04-03,-0.2915739668054828
2018-04-04,-0.32097002042956063
2018-04-05,1.018013793118513
2018-04-06,0.06819314728729546
2018-04-09,-0.2855083573123508
2018-04-10,0.5604635360213702
2018-04-11,-0.3632704834104056
2018-04-12,0.1487027106862334
2018-04-13,0.11942755472917156
2018-04-16,-0.255236246511344
2018-04-17,0.48587563856334726
2018-04-18,-0.5640377191681802
2018-04-19,-0.031873885946779326
2018-04-20,-0.06811091522304505
2018-04-23,0.1562502979374334
2018-04-24,-0.14758844462582163
2018-04-25,-0.11893568590697899
2018-04-26,0.00435211949197516
2018-04-27,0.43051350675107164
2018-04-30,-0.11093596071930406
2018-05-02,0.7404566047108273
2018-05-03,-0.16645101717104452
2018-05-04,0.09645909557585128
2018-05-07,0.23766888693342972
2018-05-08,0.12383937708154681
2018-05-09,0.046143839645155484
2018-05-10,0.05310431161844904
2018-05-11,-0.10860336289339026
2018-05-14,-0.15820846224719243
2018-05-15,0.032182483312968996
2018-05-16,-0.031331728631920755
2018-05-17,0.6417322129073428
2018-05-18,-0.28943581751494774
2018-05-21,-0.010159891452358622
2018-05-22,0.6711614470972682
2018-05-23,-0.9161043627863159
2018-05-24,-1.3373551327557711
2018-05-25,-0.118852120992181
2018-05-28,-0.6307527225994403
2018-05-29,-0.7733008492735371
2018-05-30,-0.24977502817254427
2018-05-31,-0.912091921799275
2018-06-01,0.25690651788094643
2018-06-04,0.08866386156281848
2018-06-05,0.020192666570960402
2018-06-06,0.10352702792996883
2018-06-07,0.00497692376216815
2018-06-08,-0.32145071455403984
2018-06-11,-0.42331283946962694
2018-06-12,0.6688559662243302
2018-06-13,-0.45154884908697174
2018-06-14,1.0931376917229674
2018-06-15,-0.6644975398154077
2018-06-18,-0.45911982626463127
2018-06-19,-0.6490830502798801
2018-06-20,-0.3602069552225257
2018-06-21,-2.093301871366637
2018-06-22,-0.15727878399700954
2018-06-25,-1.3299428789046903
2018-06-26,-0.3819945536754901
2018-06-27,-0.010159891452358622
2018-06-28,-0.350766046107485
2018-06-29,-0.09569524398140705
2018-07-02,0.373532718755955
2018-07-03,0.40412366774663905
2018-07-04,0.2500652910979031
2018-07-05,1.7320362804216187
2018-07-06,-0.38275446317284567
2018-07-09,0.038602209685497546
2018-07-10,0.1924940800430266
2018-07-11,-0.9661630822678938
2018-07-12,-0.02667716996288594
2018-07-13,0.06409716384793293
2018-07-16,-0.15051862906040933
2018-07-17,0.3194391894207362
2018-07-18,0.6260101788920753
2018-07-19,0.2966857843313547
2018-07-20,-1.1341696021673646
2018-07-23,0.3838376401038599
2018-07-24,1.1445236548237723
2018-07-25,-1.0505336579708522
2018-07-26,1.300645756138607
2018-07-27,-0.18496533013220456
2018-07-30,0.03758381442122767
2018-07-31,-0.16948561630311854
2018-08-01,-0.7419261961025693
2018-08-02,-0.687640004033689
2018-08-03,0.6024420701928199
2018-08-06,0.0628275709915142
2018-08-07,0.5055761372521725
2018-08-08,0.12589415408915947
2018-08-09,-0.026151303460841338
2018-08-10,-1.5045111829904672
2018-08-13,0.014587077403528489
2018-08-14,-0.6578616093154956
2018-08-15,-1.1954670112190784
2018-08-16,0.19516114320556532
2018-08-17,-0.32707027837530395
2018-08-20,0.30675049547058686
2018-08-21,0.48237979102004236
2018-08-22,-0.494164155723177
2018-08-23,-0.775941877830483
2018-08-24,0.2838535460980838
2018-08-27,1.1479236992187598
2018-08-28,0.14939393263999
2018-08-29,0.2990111137882437
2018-08-30,-0.026825844494548147
2018-08-31,-0.808357213585653
2018-09-03,-0.6070827248718148
2018-09-04,-0.701723940666993
2018-09-05,0.059454949983236506
2018-09-06,0.024610724095485523
2018-09-07,0.12866366986305147
2018-09-10,0.007169760267325986
2018-09-11,-0.4015008649725549
2018-09-12,0.40714708601784694
2018-09-13,0.4720737115825356
2018-09-14,0.37381019877390487
2018-09-17,-0.12077010584841817
2018-09-18,0.29550184895255904
2018-09-19,0.45302890835291626
2018-09-20,0.7298638589864562
2018-09-21,0.3186833962525118
2018-09-24,-1.2385207629147172
2018-09-25,-1.193694182734295
2018-09-26,0.06738058447860032
2018-09-27,0.6395539014473314
2018-09-28,-1.0748872795990312
2018-10-01,0.4478665334790461
2018-10-02,0.943371676753482
2018-10-04,0.35924049601633795
2018-10-05,-0.7094071993838479
2018-10-08,-0.8752664663998155
2018-10-09,-0.16601008618115587
2018-10-10,-0.7267532750893334
2018-10-11,-0.8094026146629345
2018-10-12,0.1596994363253039
2018-10-15,0.016606543553269914
2018-10-16,0.2655199136602779
2018-10-17,-0.4287617624832929
2018-10-18,-0.3242998234944995
2018-10-19,-0.9377840241312732
2018-10-22,-0.5458890608757999
2018-10-23,-0.3177056365185461
2018-10-24,-0.4610897808169337
2018-10-25,1.2472875710207996
2018-10-26,0.008222357502687376
2018-10-29,0.9538429832797571
2018-10-30,-0.2900586722051191
2018-10-31,0.20667708916907393
2018-11-01,0.1787629992154358
2018-11-02,0.49883720283813615
2018-11-05,-0.4115420507234795
2018-11-06,-0.3878922992720354
2018-11-07,0.016923942952864954
2018-11-08,-0.9213506405740715
2018-11-09,-0.5096241677304544
2018-11-12,-0.33672380080622305
2018-11-13,1.355591428318301
2018-11-14,0.35227920439271376
2018-11-15,-1.1336535837346722
2018-11-16,-0.5400156161618443
2018-11-19,-0.0475655565902182
2018-11-20,-0.6411740068341308
2018-11-21,0.9843152680764113
2018-11-22,-0.4016910721191345
2018-11-23,0.22328620063783836
2018-11-26,1.1582392623502842
2018-11-27,-1.1599337128821374
2018-11-28,-0.07538073603678991
2018-11-29,0.036435620759207706
2018-11-30,-0.9272021953878099
2018-12-03,2.0843639701461534
2018-12-04,-1.3930174046858401
2018-12-05,-0.4330363284864643
2018-12-06,-3.021039027051594
2018-12-07,-0.18656791041880263
2018-12-10,-1.3053028971356209
2018-12-11,1.2445746097740824
2018-12-12,0.7170185158779697
2018-12-13,0.10913528935502732
2018-12-14,-0.17924195364225523
2018-12-17,0.039626989930152304
2018-12-18,-0.329743237897441
2018-12-19,0.11493628143696448
2018-12-20,-0.72514396130514
2018-12-21,0.29325867457128435
2018-12-27,-1.5940803901768872
2018-12-28,0.6524283267982123
2019-01-02,-0.6936078610877194
2019-01-03,-0.508226453718582
2019-01-04,2.3490813156307895
2019-01-07,0.0799960053795058
2019-01-08,0.32889850871168624
2019-01-09,1.3753177479618601
2019-01-10,0.35029548931005444
2019-01-11,-0.38026495392796283
2019-01-14,0.34558188395932066
2019-01-15,0.14761827493826996
2019-01-16,0.37964364037370757
2019-01-17,-0.8845402365592234
2019-01-18,1.8387723624946823
2019-01-21,-0.16810360299621366
2019-01-22,-0.1499500984634392
2019-01-23,-0.28160086260060824
2019-01-24,0.744132657768125
2019-01-25,1.337674022931116
2019-01-28,-0.3525643156747323
2019-01-29,-0.18230507597435733
2019-01-30,-0.219387523159485
2019-01-31,-0.11054908597359794
2019-02-01,1.2252052528888626
2019-02-04,-0.7818563993029464
2019-02-05,0.6546124322192187
2019-02-06,-0.8743941430710366
2019-02-07,-2.5532006733695543
2019-02-08,-1.1897578605989396
2019-02-11,0.13708013020145246
2019-02-12,1.175359846097171
2019-02-13,0.7811982169102523
2019-02-14,-0.8828268581629556
2019-02-15,1.2276191314869105
2019-02-18,-0.2064073854707799
2019-02-19,0.04599668923221063
2019-02-20,1.1904083498787013
2019-02-21,0.3079186863558717
2019-02-22,0.07128723266253031
2019-02-25,1.097917073595243
2019-02-26,-0.26699351652157927
2019-02-27,-0.2505346795242477
2019-02-28,-0.20693814893894297
2019-03-01,0.5423076742452118
2019-03-04,0.16667278730296156
2019-03-05,-0.5159103813576451
2019-03-06,-0.6477999404198775
2019-03-07,-1.6289640792689908
2019-03-08,-0.348229661975933
2019-03-11,0.6170955771388982
2019-03-12,-0.18719521695063504
2019-03-13,0.28762917967978613
2019-03-14,0.07325089117508037
2019-03-15,0.6336212916767787
2019-03-18,-0.533714943732046
2019-03-19,1.588082662710753
2019-03-20,-1.0391878257696592
2019-03-21,-0.21135747529000104
2019-03-22,-0.9356483614551524
2019-03-25,0.22292088343150007
2019-03-26,-0.3461536764178803
2019-03-27,0.8805716928165217
2019-03-28,-0.24974759161219376
2019-03-29,1.0494977795415743
2019-04-01,1.8930721381528766
2019-04-02,0.4646352801878627
2019-04-03,0.45138889646524205
2019-04-04,0.6067132399428238
2019-04-05,-0.18678782070145009
2019-04-08,-0.043877763483394686
2019-04-09,-0.6383479307300589
2019-04-10,-0.15566334025245382
2019-04-11,0.32297030308683183
2019-04-12,1.0170303337428785
2019-04-15,-0.16031462826736442
2019-04-16,0.3726231518386428
2019-04-17,0.9171750591974311
2019-04-18,0.978951944263329
2019-04-23,-0.16958410760957288
2019-04-24,-0.5481971689278956
2019-04-25,-0.6116304416222008
2019-04-26,0.47810065970512206
2019-04-29,-0.1398685900919722
2019-04-30,0.15192886875511633
2019-05-02,0.2077671263485011
2019-05-03,-0.06657139026217666
2019-05-06,-0.9877216701263454
2019-05-07,-0.6065636524912114
2019-05-08,0.5533114987474502
2019-05-09,-1.3892237287481488
2019-05-10,-1.5269731443665364
2019-05-13,-1.5864037113190599
2019-05-14,0.556935640957354
2019-05-15,1.3567153101978773
2019-05-16,-0.27164754094274035
2019-05-17,-0.5728781746167548
2019-05-20,-1.2105653849205416
2019-05-21,0.08048080061065539
2019-05-22,-1.1930369362537945
2019-05-23,0.39790445750659664
2019-05-24,0.08944734970224252
2019-05-27,0.25776160225098377
2019-05-28,-0.0299546328178571
2019-05-29,-0.45772942018827195
2019-05-30,0.05974468475805603
2019-05-31,-0.8812907739205238
2019-06-03,0.21293193220593679
2019-06-04,1.898151791332865
2019-06-05,-0.5279193185061799
2019-06-06,-0.737712278830782
2019-06-07,0.2782451950026348
2019-06-11,0.8397491325718908
2019-06-12,-0.38164509135394886
2019-06-13,0.0731891681116253
2019-06-14,-0.7557131462749481
2019-06-17,-0.11478460677141794
2019-06-18,1.3128129398824417
2019-06-19,0.5107283191612051
2019-06-20,0.15264021956055202
2019-06-21,0.2282412708419794
2019-06-24,-1.8133888605619506
2019-06-25,-0.17846480883286867
2019-06-26,0.5076631733174078
2019-06-27,0.16608623617068347
2019-06-28,0.6015544771500324
2019-07-01,-0.1212320095056011
2019-07-02,-0.1699809968929164
2019-07-03,0.35228753161236515
2019-07-04,0.004282854261634997
2019-07-05,0.0715842613577026
2019-07-08,-0.5319011648757979
2019-07-09,-0.8037600184057464
2019-07-10,-0.7570634258463803
2019-07-11,-0.3830248653209705
2019-07-12,-0.3248545275037796
2019-07-15,0.17281330265494868
2019-07-16,0.2932445188984611
2019-07-17,-0.7109126379733836
2019-07-18,-0.783832248128275
2019-07-19,0.052205969866167885
2019-07-22,0.6089643609589718
2019-07-23,2.0017912073456916
2019-07-24,1.125452192810539
2019-07-25,-0.9399263485881162
2019-07-26,0.10707223167359058
2019-07-29,0.08243421181991745
2019-07-30,-1.2233396248072295
2019-07-31,-0.3561243407343209
2019-08-01,-0.10587410130374857
2019-08-02,-1.6258996245376889
2019-08-05,-1.3760220821831806
2019-08-06,-0.7191059378603443
2019-08-07,0.022546351475527252
2019-08-08,0.5746793566494489
2019-08-09,-1.3973216078560842
2019-08-12,-0.26579368141232534
2019-08-13,0.543820144280849
2019-08-14,-1.4812983595193407
2019-08-15,-1.1662317726826796
2019-08-16,0.8152149000333508
2019-08-19,0.8122805262354094
2019-08-20,-0.7297169948759425
2019-08-21,0.6925307610039213
2019-08-22,0.06290043211781982
2019-08-23,-1.4934274824641052
2019-08-26,0.691644847980662
2019-08-27,0.2290454347966746
2019-08-28,0.17695090918972162
2019-08-29,0.3056573547862614
2019-08-30,0.7923801094456746
2019-09-02,-0.12634638986824479
2019-09-03,0.45837894079221947
2019-09-04,1.0152829178346134
2019-09-05,1.4483851259473888
2019-09-06,0.0470479257721144
2019-09-09,1.0638036343101849
2019-09-10,0.39453833022903523
2019-09-11,0.3211332638383539
2019-09-12,0.5665235511249218
2019-09-13,0.754434947690662
2019-09-16,-0.48903568936296765
2019-09-17,-0.8325689614116716
2019-09-18,0.12957189494982432
2019-09-19,0.05456807660888308
2019-09-20,-0.08984500631093424
2019-09-23,-1.124789220276625
2019-09-24,-0.8079293019011455
2019-09-25,-0.07768395639571755
2019-09-26,-0.5696572226956063
2019-09-27,0.5285433314093162
2019-09-30,0.23879601801109826
2019-10-01,-0.48326709778160265
2019-10-02,-1.1846161259614583
2019-10-04,-0.27337619857183865
2019-10-07,-0.015545259146182492
2019-10-08,-0.2802989117354608
2019-10-09,0.8967535227100225
2019-10-10,1.1863828121188478
2019-10-11,1.5394758592882896
2019-10-14,-0.005143453800747297
2019-10-15,0.9674313718455283
2019-10-16,0.7208563382287325
2019-10-17,0.3031272563231818
2019-10-18,-0.6875347405885335
2019-10-21,0.7392202347971304
2019-10-22,0.4148147306220036
2019-10-23,0.7209532085799152
2019-10-24,1.500613389526217
2019-10-25,0.7274599386602474
2019-10-28,0.5840953794313694
2019-10-29,-0.09837903390022863
2019-10-30,-0.320241337088697
2019-10-31,-0.627491953371422
2019-11-01,0.2502821538839782
2019-11-04,0.39115418526196777
2019-11-05,0.1405636660318919
2019-11-06,-0.6428714438735856
2019-11-07,1.0367627127261687
2019-11-08,-0.30943711518916606
2019-11-11,-0.027824771583446505
2019-11-12,0.42071918676647535
2019-11-13,-0.34397317913949366
2019-11-14,-2.1747638470640624
2019-11-15,-0.4366164549737505
2019-11-18,-0.43112360178600323
2019-11-19,-0.07598397245874638
2019-11-20,-0.06665369014017072
2019-11-21,0.8579457469102834
2019-11-22,0.9058057612553496
2019-11-25,0.6385027990771878
2019-11-26,-0.21640375693575647
2019-11-27,-0.0911105298048616
2019-11-28,-0.4351766236813249
2019-11-29,-0.7056086562625697
2019-12-02,-1.2666062155857005
2019-12-03,-0.5912168740138797
2019-12-04,0.3288629378837857
2019-12-05,-0.3348025711914957
2019-12-06,0.17630696163822993
2019-12-09,-0.3934609765250857
2019-12-10,-0.2996881485444356
2019-12-11,0.7008238592823623
2019-12-12,0.3933964576003589
2019-12-13,0.6563997494277258
2019-12-16,0.20376555337584296
2019-12-17,0.16583100831317568
2019-12-18,-0.6993410824705542
2019-12-19,-0.3869142109649081
2019-12-20,0.046548836259535785
2019-12-23,-0.18522607418062564
2019-12-27,0.04195783606426826
2019-12-30,-0.4573647250963136
2020-01-02,0.5647077159257183
2020-01-03,-0.8727129987551971
2020-01-06,-0.26573958685653415
2020-01-07,0.3655064508762514
2020-01-08,0.25294128213407785
2020-01-09,0.18977890746591572
2020-01-10,-0.24827575854126438
2020-01-13,-0.5237857851360693
2020-01-14,-0.4368139810889904
2020-01-15,-1.2087319363843987
2020-01-16,-0.37626250524795163
2020-01-17,-0.19679731357146543
2020-01-20,-0.13669087044900566
2020-01-21,-0.17770360037066166
2020-01-22,-1.02290124058299
2020-01-23,-1.0450904633990628
2020-01-24,-0.5335843956685377
2020-01-27,-1.4996325400167583
2020-01-28,0.770455665195459
2020-01-29,0.13137974513353876
2020-01-30,-0.6945737925308815
2020-01-31,-1.109324238072409
2020-02-03,-0.21949444213285135
2020-02-04,0.8105048666890798
2020-02-05,1.8527758891658452
2020-02-06,0.011251919185924025
2020-02-07,-1.3019993518993205
2020-02-10,0.16561336641698518
2020-02-11,-0.46188438021518297
2020-02-12,1.4718911307164633
2020-02-13,-0.8217056747529827
2020-02-14,-0.20702267756895057
2020-02-17,0.6536934076413604
2020-02-18,-1.3306653221338862
2020-02-19,0.32206427084104194
2020-02-20,1.053715209263595
2020-02-21,-1.2675497471055897
2020-02-24,-3.3025238804597143
2020-02-25,-0.2782546894167257
2020-02-26,0.801325360133914
2020-02-27,-1.6169291697066501
2020-02-28,-1.6169633117979292
2020-03-02,-0.5284785086259884
2020-03-03,-0.5985439816446027
2020-03-04,1.209563597479096
2020-03-05,-1.8452496847184445
2020-03-06,-1.7839147435139346
2020-03-09,-6.822103992183188
2020-03-10,0.7655008227283817
2020-03-11,0.3729420199125923
2020-03-12,-9.869696211673501
2020-03-13,1.0223039871074469
2020-03-16,-5.321558787039465
2020-03-17,2.846376620763537
2020-03-18,-4.628959162434278
2020-03-19,-0.5259953662416076
2020-03-20,1.7607116967883663
2020-03-23,0.6717814446714131
2020-03-24,11.373736158316724
2020-03-25,0.7652414021569434
2020-03-26,-0.2964545071157955
2020-03-27,-3.97719056658374
2020-03-30,-0.001484116849908548
2020-03-31,0.533193436063417
2020-04-01,-3.56204834125184
2020-04-02,-0.6618282143393959
2020-04-03,-1.2544094590541683
2020-04-06,5.136554364650856
2020-04-07,1.3424583640781163
2020-04-08,-0.03532385136007651
2020-04-09,2.7835491403324992
2020-04-14,-0.7112980077029908
2020-04-15,-2.9579023165904497
2020-04-16,0.10931665427489957
2020-04-17,2.236600738537924
2020-04-20,-0.6071572947762048
2020-04-21,-2.105202582609526
2020-04-22,0.7070476711079275
2020-04-23,1.4663468240402804
2020-04-24,-1.9807153753848796
2020-04-27,2.911623214623836
2020-04-28,1.712647951895137
2020-04-29,3.0398313267972457
2020-04-30,-1.3456014958369793
2020-05-04,-2.935181533185299
2020-05-05,1.7174166140212377
2020-05-06,-1.317634609347363
2020-05-07,0.2887668650097945
2020-05-08,2.3750938794697665
2020-05-11,-1.0579649113757505
2020-05-12,-0.5698974676076262
2020-05-13,-3.159742844328739
2020-05-14,-1.6973368620156257
2020-05-15,0.6517430482908958
2020-05-18,5.058642377038973
2020-05-19,-0.27581462949605046
2020-05-20,1.4954605903715295
2020-05-21,-0.8506800722650207
2020-05-22,-0.16803135886561918
2020-05-25,0.7887639200383103
2020-05-26,1.1381167456718253
2020-05-27,3.991736415750783
2020-05-28,-0.6786964861413538
2020-05-29,-2.314322545574019
2020-06-02,3.503762775439891
2020-06-03,2.51339106972546
2020-06-04,-1.188049070033327
2020-06-05,3.462537227853754
2020-06-08,0.32051807401920596
2020-06-09,-1.371220576663779
2020-06-10,-0.21045189968685188
2020-06-11,-4.452097115994283
2020-06-12,0.9227826387590996
2020-06-15,-0.46440549824208466
2020-06-16,1.7238087001711977
2020-06-17,-0.016534801792652414
2020-06-18,-0.3622169525742723
2020-06-19,0.0283718865611049
2020-06-22,-0.07440003418410018
2020-06-23,0.4695323677699994
2020-06-24,-2.950748895687468
2020-06-25,1.3121127063455957
2020-06-26,-1.1094651895917975
2020-06-29,1.1878317736957487
2020-06-30,0.2977045842855906
2020-07-01,-0.6477580742870063
2020-07-02,1.9409065638677512
2020-07-03,-0.6494567461489529
2020-07-06,1.4474831779469717
2020-07-07,-0.2353628986833072
2020-07-08,-0.5715653326799319
2020-07-09,0.0447906936694486
2020-07-10,0.670357216315029
2020-07-13,0.7747456292425142
2020-07-14,-0.385029505179657
2020-07-15,0.8682959545924918
2020-07-16,-0.03521414751256598
2020-07-17,2.0311961537965626
2020-07-20,-0.5471562891325799
2020-07-21,0.6885434750899105
2020-07-22,-0.38231575072328794
2020-07-23,1.9608995462689882
2020-07-24,-1.03854216601358
2020-07-27,0.13139935817083342
2020-07-28,-0.2996219489072971
2020-07-29,0.07271790833712038
2020-07-30,-1.5676286552210605
2020-07-31,-1.5007651230246934
2020-08-03,2.0395833827202647
2020-08-04,1.294774493131582
2020-08-05,0.7535127590801245
2020-08-06,-0.242035458453888
2020-08-07,-0.021780638445121462
2020-08-10,0.308449883631045
2020-08-11,1.6016791318546824
2020-08-12,0.35113082535239476
2020-08-13,-0.35472087002694
2020-08-14,-0.06038221590072224
2020-08-17,0.06794871676487556
2020-08-18,-0.1441346823867876
2020-08-19,0.7715494198824553
2020-08-20,-1.0722194604525892
2020-08-21,-0.9530178925248906
2020-08-24,1.8515854540442918
2020-08-25,-0.5203011832594325
2020-08-26,0.763962501954214
2020-08-27,-0.04308019007357783
2020-08-28,-0.14205232113936914
2020-08-31,-0.26954373898830897
2020-09-01,0.023034356496410818
2020-09-02,0.43565862642656383
2020-09-03,0.27383641755924887
2020-09-04,0.14205547455312154
2020-09-07,1.7164070346735305
2020-09-08,0.484345532982556
2020-09-09,0.8264030182938926
2020-09-10,0.11684369472045707
2020-09-11,0.020273520897202538
2020-09-14,-0.39196026374172727
2020-09-15,-0.1842707963494486
2020-09-16,0.28646069086600073
2020-09-17,0.10187127945675796
2020-09-18,-0.9553913031362983
2020-09-21,-2.1273172087603847
2020-09-22,0.2550147690344508
2020-09-23,0.590423098701249
2020-09-24,0.1971839883435344
2020-09-25,-0.3295370774213573
2020-09-28,1.76142885849019
2020-09-29,-0.20088640843514644
2020-09-30,0.34488806902938934
2020-10-01,0.7122329089046215
2020-10-02,-0.005118176776359895
2020-10-05,1.0677966682814128
2020-10-06,0.28494755510576386
2020-10-07,0.921984965360242
2020-10-08,-0.27046375908574
2020-10-09,-0.6329901635642451
2020-10-12,0.7960011304597785
2020-10-13,-0.14034977028059326
2020-10-14,-0.5931607018036303
2020-10-15,-1.4394710243082551
2020-10-16,2.506433640186586
2020-10-19,-0.5772552781461463
2020-10-20,-0.1360288640514477
2020-10-21,-0.7036226648862804
2020-10-22,-0.07415278387774239
2020-10-23,0.47502859854787627
2020-10-26,-0.4362723457907577
2020-10-27,-0.9092020155310352
2020-10-28,-2.921395916753831
2020-10-29,-0.03149414726029284
2020-10-30,0.17622694124522667
2020-11-02,1.4757010925275755
2020-11-03,1.390363471738547
2020-11-04,0.8027689249526775
2020-11-05,1.3414302631679742
2020-11-06,-1.2096485191524462
2020-11-09,2.4010017884876356
2020-11-10,2.083832704629836
2020-11-11,-0.019066810385327728
2020-11-12,-0.7191128271905157
2020-11-13,0.26031903489197056
2020-11-16,1.1267664217361772
2020-11-17,0.652168176464192
2020-11-18,0.9831561747277942
2020-11-19,-0.5470405075132727
2020-11-20,0.37394966323823614
2020-11-23,0.3961454814678463
2020-11-24,1.6053799904269779
2020-11-25,-0.45203089498335536
2020-11-26,-1.1080376156304552
2020-11-27,0.4087134316137313
2020-11-30,-0.12707122753789848
2020-12-01,0.8925091122531363
2020-12-02,-0.051188971851687214
2020-12-03,-0.6050042827316413
2020-12-04,1.1721196581652085
2020-12-07,-0.4254997413973012
2020-12-08,-0.17404259140886544
2020-12-09,0.006252602789419054
2020-12-10,-1.0052390008162375
2020-12-11,-0.6939098432147706
2020-12-14,0.7154739734748605
2020-12-15,1.3189867026677868
2020-12-16,0.6285910500024412
2020-12-17,-0.19524006778162672
2020-12-18,0.09454052376660814
2020-12-21,-1.8809362233222933
2020-12-22,0.19861863022064966
2020-12-23,1.5310137906668435
2020-12-28,0.09457625764241827
2020-12-29,-0.38179956926995795
2020-12-30,-0.33572753168425107
2021-01-04,-0.7426955887745892
2021-01-05,-0.018459108826378367
2021-01-06,-0.3933409306924019
2021-01-07,1.1138560624839284
2021-01-08,-0.09190391038792074
2021-01-11,-0.4540317442908703
2021-01-12,0.7923225043911237
2021-01-13,-0.7466221274828424
2021-01-14,0.46576876829806896
2021-01-15,-1.292912487058281
2021-01-18,0.33255465587790195
2021-01-19,-0.9098427515412064
2021-01-20,1.9111354963587905
2021-01-21,0.9019501654961407
2021-01-22,0.013807928876123787
2021-01-25,-1.3308651737854218
2021-01-26,1.166511611488175
2021-01-27,-1.3432059120885593
2021-01-28,0.26930474564491147
2021-01-29,0.4222212447434997
2021-02-01,0.20860199837062546
2021-02-02,0.7038180070053851
2021-02-03,4.016947125369447
2021-02-04,0.9594406513120297
2021-02-05,0.7641251008743274
2021-02-08,-0.4276859543167406
2021-02-09,-0.4385904327918309
2021-02-10,-0.5222129912613317
2021-02-11,-0.03917119112624715
2021-02-12,-0.2939873037832921
2021-02-15,0.1210437386754703
2021-02-16,0.11343474775659648
2021-02-17,0.3009951163421763
2021-02-18,1.024230685023414
2021-02-19,0.2221142888028014
2021-02-22,-0.30598706949025384
2021-02-23,-1.060402865666649
2021-02-24,0.3568647622642562
2021-02-25,0.05431421907765322
2021-02-26,0.21835879066458097
2021-03-01,0.24562622650108418
2021-03-02,1.1516605508598545
2021-03-03,0.7510569488046704
2021-03-04,0.7992074462078222
2021-03-05,-0.2515124282577097
2021-03-08,1.4914685400922816
2021-03-09,-0.3893129029345123
2021-03-10,0.4665609861811286
2021-03-11,-0.3688796591390176
2021-03-12,-0.9157525416718807
2021-03-15,-0.43923715212447223
2021-03-16,0.7779405603743552
2021-03-17,0.03618041473482646
2021-03-18,1.9342959156433004
2021-03-19,-0.3606976747412393
2021-03-22,0.23230685755440797
2021-03-23,-1.0070940794015557
2021-03-24,-0.6383439829786008
2021-03-25,0.5464746949383875
2021-03-26,0.4884678988088777
2021-03-29,0.2724285022554051
2021-03-30,1.3965892146677592
2021-03-31,0.03333014177600715
2021-04-01,0.5907226898555462
2021-04-06,0.07746061772664405
2021-04-07,0.07107187259448165
2021-04-08,-0.8922851715387343
2021-04-09,0.43295722118919616
2021-04-12,0.6530282249602822
2021-04-13,-0.20938482015201756
2021-04-14,-0.16013029973165271
2021-04-15,-0.04146659679024455
2021-04-16,1.2444099800926163
2021-04-19,-0.8904337536764391
2021-04-20,-1.442148576779277
2021-04-21,-0.0870843243601034
2021-04-22,0.12437248339259904
2021-04-23,-0.06135774956432324
2021-04-26,0.6196249408124163
2021-04-27,-0.06074211666841012
2021-04-28,0.34277413468361095
2021-04-29,-0.9487066084623029
2021-04-30,0.2198597441453811
2021-05-03,0.21873992755328808
2021-05-04,-1.2961207246561892
2021-05-05,-0.20610633295621023
2021-05-06,0.400400907894001
2021-05-07,0.42258568535033686
2021-05-10,0.21433952802646342
2021-05-11,-0.9146234630314037
2021-05-12,0.3795946828567848
2021-05-13,-0.4586492365155917
2021-05-14,1.0744590835351402
2021-05-17,0.22540105372496763
2021-05-18,0.2873807667021052
2021-05-19,-1.5039597713314583
2021-05-20,1.7040066712788908
2021-05-21,0.23417736523008945
2021-05-25,0.6784261354184918
2021-05-26,0.5408667060895512
2021-05-27,0.19028174189466482
2021-05-28,-0.7616281223412836
2021-05-31,-0.30050026381858996
2021-06-01,1.1829401214264856
2021-06-02,0.3569510466843566
2021-06-03,0.7156171010276011
2021-06-04,-0.25282063930228044
2021-06-07,0.34453579840565457
2021-06-08,-0.6923576648788734
2021-06-09,-0.37606178906531795
2021-06-10,-0.13678210889326178
2021-06-11,0.9224701082123986
2021-06-14,-0.4921109874088785
2021-06-15,0.16891838602503587
2021-06-16,-0.1175245017216029
2021-06-17,0.2399773461600992
2021-06-18,-1.4454590260819498
2021-06-21,1.3657034576259586
2021-06-22,-0.028004832840158932
2021-06-23,-0.6269864399129045
2021-06-24,0.32021815097364903
2021-06-25,-0.6611030314017728
2021-06-28,-1.1216194443034428
2021-06-29,0.18824951922872002
2021-06-30,-0.6204574255762968
2021-07-01,0.4203647161931482
2021-07-02,0.1386635061106886
2021-07-05,-0.20870389383065846
2021-07-06,-1.9133138251737334
2021-07-07,-0.3414674444440759
2021-07-08,-1.1115992297991486
2021-07-09,1.4096357093039715
2021-07-12,0.22882237238077568
2021-07-13,-0.17149633934468608
2021-07-14,0.3055496597245944
2021-07-15,-0.21610310322148193
2021-07-16,-0.9613206611128748
2021-07-19,-1.406010891923524
2021-07-20,0.2871519626611716
2021-07-21,0.5056748453718669
2021-07-22,0.34826223543747203
2021-07-23,2.494364936037702
2021-07-26,0.10257160477650214
2021-07-27,-0.9196679477231638
2021-07-28,0.021713405500522552
2021-07-29,1.3033471484872436
2021-07-30,-0.5525007483373229
2021-08-02,0.7115810324597605
2021-08-03,-0.438134341945156
2021-08-04,0.10807493778133348
2021-08-05,-0.34071800367239896
2021-08-06,0.37630032472394814
2021-08-09,-0.9189880556835912
2021-08-10,-0.09884725434048457
2021-08-11,0.2680058684282116
2021-08-12,0.447745047621267
2021-08-13,0.008558657073100854
2021-08-16,-0.8855695082223435
2021-08-17,-0.9669369713147091
2021-08-18,-0.6304708780468674
2021-08-19,-1.4719760454566724
2021-08-20,0.17253399794226235
2021-08-23,-0.0236663656646088
2021-08-24,0.5739018468304734
2021-08-25,0.2427005917139533
2021-08-26,-0.2897124710592853
2021-08-27,0.3290899383460409
2021-08-30,0.24762973575954272
2021-08-31,-0.12896512554594758
2021-09-01,-0.24202843900838736
2021-09-02,-0.30995508810198324
2021-09-03,-0.31188505218645307
2021-09-06,-0.06399772022786845
2021-09-07,0.1847236798847532
2021-09-08,-1.1435991911101322
2021-09-09,-0.15463439671742443
2021-09-10,0.42876735950404765
2021-09-13,1.7058391626857745
2021-09-14,0.5265652355227745
2021-09-15,-0.016665551121143447
2021-09-16,-0.25816469507227074
2021-09-17,-0.5167107075310672
2021-09-20,-1.4949909015369045
2021-09-21,0.09210861622785274
2021-09-22,1.7479025115928442
2021-09-23,0.6997068634624386
2021-09-24,0.7973188108479223
2021-09-27,0.945919043523336
2021-09-28,0.256820436816699
2021-09-29,0.7087495466937108
2021-09-30,-0.42664871757256073
2021-10-01,0.3880401994864907
2021-10-04,-0.23028615982118925
2021-10-05,0.10002336901090407
2021-10-06,-1.0112521750260317
2021-10-07,1.8693270342505264
2021-10-08,1.1985956251981624
2021-10-11,1.327907140769251
2021-10-12,-0.4041749547341182
2021-10-13,-0.4421920341045251
2021-10-14,0.9408232897213263
2021-10-15,0.23308873789162374
2021-10-18,-0.9792416658684929
2021-10-19,0.23111393414040016
2021-10-20,-0.25143371704511275
2021-10-21,-0.13703850961428285
2021-10-22,0.20877787210049592
2021-10-25,0.43608017974051877
2021-10-26,0.10926883475750863
2021-10-27,0.2616808330043349
2021-10-28,0.14206101976673924
2021-10-29,1.0418876108782456
2021-11-01,0.6675479622088949
2021-11-02,0.04949642071041204
2021-11-03,-0.04268704300146495
2021-11-04,-0.026439155779346274
2021-11-05,0.3088403025393069
2021-11-08,-0.2045452541744867
2021-11-09,0.09253505604660804
2021-11-10,0.3501899291127149
2021-11-11,-0.402914036297799
2021-11-12,0.2753211361693161
2021-11-15,0.4919478580278403
2021-11-16,0.19131592298480293
2021-11-17,0.1008144147088192
2021-11-18,0.7646257237914852
2021-11-19,-0.5900534806830239
2021-11-22,0.6060696013080641
2021-11-23,-0.49515465225530325
2021-11-24,-0.8937788369561065
2021-11-25,-0.0048217541792137
2021-11-26,-2.8835560033662544
2021-11-29,-0.21492281262570875
2021-11-30,0.10371117879086766
2021-12-01,1.9883874170696014
2021-12-02,-0.27252471316370286
2021-12-03,-0.2739912989766377
2021-12-06,-0.09843491335519235
2021-12-07,0.724074090971065
2021-12-08,-0.5515071735578365
2021-12-09,0.18741248186407639
2021-12-10,1.6524485022716877
2021-12-13,-0.16934985276503473
2021-12-14,-1.652055551909539
2021-12-15,-0.24186814309530785
2021-12-16,0.3995180988509099
2021-12-17,-2.019470038434061
2021-12-20,-1.0162614177569973
2021-12-21,0.9066072698353529
2021-12-22,0.7201327759197121
2021-12-23,0.2599640473640032
2021-12-27,-0.14503049916033478
2021-12-28,-0.20641222614074453
2021-12-29,-0.9484640987821908
2021-12-30,-0.454975498852598
2022-01-03,0.7586633248351479
2022-01-04,2.276288687564419
2022-01-05,1.8445073169124548
2022-01-06,-0.06682703270817633
2022-01-07,-0.8685091983247077
2022-01-10,-0.33852556687914753
2022-01-11,-0.3408333345325386
2022-01-12,0.5589679298556637
2022-01-13,1.264607946743443
2022-01-14,-0.41233869243745724
2022-01-17,-0.3458183315936954
2022-01-18,0.23074521760958905
2022-01-19,-0.09877252899797873
2022-01-20,-0.8410201346651526
2022-01-21,-0.8362297972242283
2022-01-24,-2.4542499957769928
2022-01-25,0.34781531066257115
2022-01-26,1.1348791790329795
2022-01-27,0.41631030350872683
2022-01-28,-0.8669889115010052
2022-01-31,0.030355239460116624
2022-02-01,0.144820468711866
2022-02-02,-0.5242265864111025
2022-02-03,0.18666060960866576
2022-02-04,-1.2869763548942905
2022-02-07,-0.19841679992994202
2022-02-08,-0.010159891452358622
2022-02-09,2.027097316292619
2022-02-10,-0.5417277707846224
2022-02-11,3.0613108174985437
2022-02-14,-0.09265625904220785
2022-02-15,0.6646041946639037
2022-02-16,0.2645448300561069
2022-02-17,0.13900063676842486
2022-02-18,-0.30271732208596636
2022-02-21,-0.9944165743663921
2022-02-22,-0.5294180962674236
2022-02-23,0.2149114496478068
2022-02-24,-3.1808842197139984
2022-02-25,2.181758321555861
2022-02-28,-1.26460422438671
2022-03-01,-2.5882002446930814
2022-03-02,-1.7319140768364913
2022-03-03,-2.9355880053640964
2022-03-04,-1.7751552937414756
2022-03-07,-0.5091841628834592
2022-03-08,-0.3319945137539708
2022-03-09,3.4686751865917373
2022-03-10,-1.7893643019147145
2022-03-11,-0.4112391534336183
2022-03-14,1.7063256147620256
2022-03-15,1.0498327608655784
2022-03-16,2.302058530172814
2022-03-17,-0.930354860557897
2022-03-18,-1.031464354592235
2022-03-21,0.5069833823325703
2022-03-22,0.6118529978663162
2022-03-23,-0.6321727807710384
2022-03-24,-0.15947748591698083
2022-03-25,0.057092739714298436
2022-03-28,0.5096526014690226
2022-03-29,2.1125949943163578
2022-03-30,-1.081265411545189
2022-03-31,-1.135719778093506
2022-04-01,-0.2474477181238366
2022-04-04,0.5588114614163884
2022-04-05,-0.974789802741077
2022-04-06,-0.5606002874067098
2022-04-07,0.027741765865799538
2022-04-08,0.696888474502536
2022-04-11,-0.633914708404989
2022-04-12,0.0729827098352662
2022-04-13,0.26092023891581934
2022-04-14,0.3339719429590537
2022-04-19,0.7000459864814462
2022-04-20,0.7690311259131398
2022-04-21,0.3495842101067134
2022-04-22,-0.819824158708763
2022-04-25,-0.6710065957454555
2022-04-26,-0.6953914299356342
2022-04-27,0.712027733061426
2022-04-28,1.8941004781465738
2022-04-29,0.4066766432399562
2022-05-02,0.08096116337874011
2022-05-03,0.4878583084370321
2022-05-04,-0.42480992968239656
2022-05-05,-1.0281849114809425
2022-05-06,0.8181771862949481
2022-05-09,-1.1801654065399971
2022-05-10,0.4319944832912338
2022-05-11,2.0519538471387033
2022-05-12,-0.26955715484185383
2022-05-13,0.4262840686660662
2022-05-16,-0.4094597022756076
2022-05-17,1.1487656934188335
2022-05-18,-0.2862955953762072
2022-05-19,-1.101331442911847
2022-05-20,0.004758362909627494
2022-05-23,0.9200979742063793
2022-05-24,-0.635700787756683
2022-05-25,0.20419538056635653
2022-05-26,0.8666093488447792
2022-05-27,0.5797343689842775
2022-05-30,0.1682327561345972
2022-05-31,-0.06003748703400916
2022-06-01,0.767655427453859
2022-06-02,0.3391984165801424
2022-06-03,-0.32446504824681704
2022-06-06,0.6025422521558496
2022-06-07,-0.3294503588123079
2022-06-08,0.1150373738498231
2022-06-09,-0.7099256920604928
2022-06-10,-1.4706745966777506
2022-06-13,-2.060967753339731
2022-06-14,0.09604028351546817
2022-06-15,0.853269163308731
2022-06-16,-1.3227715435094243
2022-06-17,0.16545055349840546
2022-06-20,0.7833666634248324
2022-06-21,0.8733196802512344
2022-06-22,-1.3151945999115295
2022-06-23,-3.0068878614370234
2022-06-24,-0.026276207571155133
2022-06-27,0.5347515423754613
2022-06-28,-0.25779217953052624
2022-06-29,-1.0875958012451445
2022-06-30,-2.001793647793913
2022-07-01,-0.19858311052146918
2022-07-04,-1.3593868120960722
2022-07-05,-2.1969931108113805
2022-07-06,-0.39091385524455763
2022-07-07,2.9093233939653005
2022-07-08,1.7279212980348475
2022-07-11,-1.9854881513179374
2022-07-12,0.358373612449605
2022-07-13,-2.2291298042588052
2022-07-14,-0.7860457379217227
2022-07-15,1.9865484179437602
2022-07-18,0.961762179859411
2022-07-19,2.1019478318276748
2022-07-20,-0.8965007398699432
2022-07-21,-0.27504838118248826
2022-07-22,-0.345545076224659
2022-07-25,0.6412152257288918
2022-07-26,-1.0253964264095259
2022-07-27,1.6811584642224444
2022-07-28,0.39921421680341473
2022-07-29,0.3874400770897997
2022-08-01,0.1791765433389782
2022-08-02,0.27651220603266774
2022-08-03,0.7432106840133156
2022-08-04,0.3102068525496091
2022-08-05,-0.18609202616609427
2022-08-08,1.2234365660769735
2022-08-09,-0.6703936044191663
2022-08-10,0.6890805149556823
2022-08-11,-0.010159891452358622
2022-08-12,0.3085152185460804
2022-08-15,-0.29763915745003633
2022-08-16,0.5014316589146522
2022-08-17,-0.8894825432637928
2022-08-18,0.1857928725562417
2022-08-19,-1.8037759992186053
2022-08-22,-1.8155040081086409
2022-08-23,0.6853659898622431
2022-08-24,-0.7732664253920164
2022-08-25,0.3938887791155118
2022-08-26,-1.1211565111736363
2022-08-29,0.9917524910878699
2022-08-30,0.4746110879474178
2022-08-31,-0.5453679458728048
2022-09-01,-0.961635198971916
2022-09-02,2.153510750931799
2022-09-05,-3.3555816763436814
2022-09-06,1.3771054089605064
2022-09-07,0.710562494426584
2022-09-08,-0.8935032540003195
2022-09-09,1.108210532395253
2022-09-12,2.365559004573
2022-09-13,-0.8293444704918413
2022-09-14,-0.42514636044094367
2022-09-15,-0.17389934344782282
2022-09-16,-0.4468404467296124
2022-09-19,0.40191343274890967
2022-09-20,-0.43878625634452983
2022-09-21,0.2623022055590054
2022-09-22,-1.0338079807528837
2022-09-23,-1.8895856230098202
2022-09-26,0.7368296435172124
2022-09-27,-0.22609524972869613
2022-09-28,-0.07946479643078622
2022-09-29,-1.7857696540430454
2022-09-30,-0.08222958397776295
2022-10-03,0.5633626451572601
2022-10-04,1.7470210740679586
2022-10-05,-1.749535406795559
2022-10-06,0.7231217928466984
2022-10-07,-1.1009396669747362
2022-10-10,-0.5152448690759077
2022-10-11,0.7097496382908159
2022-10-12,-0.08165640900276146
2022-10-13,0.7440337065269863
2022-10-14,0.2006271752703079
2022-10-17,1.1924645285513913
2022-10-18,1.5773941500339717
2022-10-19,0.2616450872792144
2022-10-20,-0.39774001926074354
2022-10-21,-0.06816269929578787
2022-10-24,1.2254046180569234
2022-10-25,-0.12336487336421482
2022-10-26,0.5051440522720032
2022-10-27,-0.1143753652680061
2022-10-28,-0.5022810083701783
2022-10-31,0.3131185011747488
2022-11-01,0.42278276919113605
2022-11-02,-0.8963098126554375
2022-11-03,-0.8056320228293941
2022-11-04,2.14789950855018
2022-11-07,0.06088762009587658
2022-11-08,0.6556627255130545
2022-11-09,-0.6050377165333292
2022-11-10,2.609660347875707
2022-11-11,1.0581393356056912
2022-11-14,0.09898400644573173
2022-11-15,0.17119009599647142
2022-11-16,-3.0297260155804597
2022-11-17,-0.7334903537644799
2022-11-18,1.5319026206126365
2022-11-21,-0.24591013411080406
2022-11-22,0.18005181361079864
2022-11-23,-0.07094113447898777
2022-11-24,0.3080836418744822
2022-11-25,-0.10843697063761207
2022-11-28,-0.6654911178386156
2022-11-29,0.7736445938179601
2022-11-30,1.3730910414968975
2022-12-01,-0.1863802945567407
2022-12-02,-0.06168628373606214
2022-12-05,0.11487006307692904
2022-12-06,-0.3640371029741494
2022-12-07,-0.5011177334556949
2022-12-08,-0.010159891452358622
2022-12-09,1.2223613266068813
2022-12-12,-0.5523416771363302
2022-12-13,0.40070990445685617
2022-12-14,-0.04670393766653674
2022-12-15,-1.8437650993228216
2022-12-16,-0.06338864524674737
2022-12-19,0.44417875686022973
2022-12-20,-0.48733205997477197
2022-12-21,0.6400275991475116
2022-12-22,-1.4278209115861598
2022-12-23,0.25988047736495207
2022-12-27,0.39583644126223116
2022-12-28,-0.43154475711567514
2022-12-29,0.5026618022129922
2022-12-30,-0.469141671410773
2023-01-02,1.784782030313756
2023-01-03,0.18922169891957819
2023-01-04,1.3051234893851988
2023-01-05,0.3823650231805027
2023-01-06,0.02535184591195457
2023-01-09,0.5966741129991481
2023-01-10,0.2903579633813365
2023-01-11,0.26075549411361304
2023-01-12,0.5133518699053572
2023-01-13,-1.3018163472413726
2023-01-16,0.07424542687406989
2023-01-17,0.039012365465680744
2023-01-18,0.038953947103283086
2023-01-19,-1.2753037336027697
2023-01-20,0.18394507020359757
2023-01-23,1.0398302478922095
2023-01-24,0.32542674476274563
2023-01-25,-0.11477192303345808
2023-01-26,0.4760674903312482
2023-01-27,0.3821026815065198
2023-01-30,-0.8049395204791315
2023-01-31,0.2885884769143854
2023-02-01,0.9835201035516157
2023-02-02,1.7208541597504312
2023-02-03,-0.14108328019980898
2023-02-06,-0.10859046690677915
2023-02-07,0.05548216601366263
2023-02-08,-0.11523104889445193
2023-02-09,0.7722542539128859
2023-02-10,-0.680941998515294
2023-02-13,-0.3326453971003529
2023-02-14,-0.0035549506624339786
2023-02-15,0.567356965615124
2023-02-16,0.13312357889043513
2023-02-17,1.3107824260916277
2023-02-20,0.13505253549014634
2023-02-21,-0.18700725655095224
2023-02-22,-0.3977276580970774
2023-02-23,0.0726978009820269
2023-02-24,-1.4127962451956888
2023-02-27,0.41437637684200634
2023-02-28,0.028834848421817733
2023-03-01,0.42956338761129187
2023-03-02,0.17612667132560567
2023-03-03,1.2362118983075625
2023-03-06,0.10209752968466262
2023-03-07,-0.27877178577220546
2023-03-08,-0.14818341001736027
2023-03-09,-0.23058098712625513
2023-03-10,-0.4796155540160606
2023-03-13,-1.5327079777665846
2023-03-14,0.7345767937691542
2023-03-15,-1.773241948830794
2023-03-16,0.1309179230136815
2023-03-17,-0.7538796478124253
2023-03-20,-0.09200378049231843
2023-03-21,0.8958435658246762
2023-03-22,0.4496536759467099
2023-03-23,-0.3095315208154465
2023-03-24,-0.7297289254341873
2023-03-27,1.2139238679924358
2023-03-28,0.259788904467342
2023-03-29,-1.0255051627480154
2023-03-30,0.3573578830909286
2023-03-31,-0.09677050472151334
2023-04-03,-0.2575343791298727
2023-04-04,0.009943439269147066
2023-04-05,-1.3765478230304333
2023-04-06,-0.43277634337018983
2023-04-11,0.7218209653270823
2023-04-12,0.3039917284464514
2023-04-13,0.29516459455435323
2023-04-14,0.4072841986370784
2023-04-17,-0.7942289872315338
2023-04-18,0.6127527158423686
2023-04-19,0.2848757536013279
2023-04-20,-1.6284669644356373
2023-04-21,0.6629294595185834
2023-04-24,0.4513093246496939
2023-04-25,-0.0980322234267281
2023-04-26,0.19237210227294743
2023-04-27,-0.010159891452358622
2023-04-28,0.33887403489600587
2023-05-02,-0.6972350857653911
2023-05-03,0.45571572500419294
2023-05-04,-0.0029095230029964106
2023-05-05,1.150689711269624
2023-05-08,-0.010159891452358622
2023-05-09,0.32135587791544046
2023-05-10,0.34695338067589154
2023-05-11,0.06650791553186974
2023-05-12,0.052480954739198775
2023-05-15,0.08711242266200062
2023-05-16,-0.4284620190563901
2023-05-17,0.6711624038797511
2023-05-18,1.4309156470020323
2023-05-19,0.44289986540211834
2023-05-22,0.1354990986963642
2023-05-23,-0.10280196632521163
2023-05-24,-0.9061415111272579
2023-05-25,0.212075731975393
2023-05-26,0.7826608199078982
2023-05-29,-0.1955126824441735
2023-05-30,0.016358704847284265
2023-05-31,-0.9677469484924512
2023-06-01,0.5212576573541429
2023-06-02,1.1004365286619753
2023-06-05,-0.14101037815835415
2023-06-06,-0.016710851445161427
2023-06-07,0.27728169696418226
2023-06-08,0.33375688405076037
2023-06-09,-0.2694887710823382
2023-06-12,0.6355131535460106
2023-06-13,0.4874068278847725
2023-06-14,0.601382684870152
2023-06-15,-0.11676495208752803
2023-06-16,0.563909841639719
2023-06-19,-0.3587611036178873
2023-06-20,-0.3173169522039099
2023-06-21,-0.6432772387079596
2023-06-22,-1.1063391767707267
2023-06-23,-0.2193814833658985
2023-06-26,-0.042931472462989596
2023-06-27,-0.10862080924365505
2023-06-28,0.45407988231218216
2023-06-29,0.2752576108172448
2023-06-30,0.43398430366335844
2023-07-03,-0.04219861890531424
2023-07-04,-0.5712460441945608
2023-07-05,0.5188565680972145
2023-07-06,-1.4100277633203093
2023-07-07,0.3387944434094556
2023-07-10,-0.03640198334511166
2023-07-11,0.29732315357374045
2023-07-12,0.13958115504232332
2023-07-13,0.11318312717461364
2023-07-14,-0.2506503059466933
2023-07-17,0.048447039900861404
2023-07-18,-0.04270685284592084
2023-07-19,-0.38942621574102726
2023-07-20,-0.22731405487384548
2023-07-21,-0.24820645734068725
2023-07-24,0.12224166299956515
2023-07-25,-0.1293045642382783
2023-07-26,-0.8526469302559893
2023-07-27,1.8160760829078577
2023-07-28,0.531902526708795
2023-07-31,-0.6041773188502346
2023-08-01,-1.1411863514018743
2023-08-02,0.07628139908989773
2023-08-03,0.06285587366937952
2023-08-04,0.21481570281198703
2023-08-07,-0.07621533496514052
2023-08-08,-0.7563968079758402
2023-08-09,-0.536919492359244
2023-08-10,0.5501669296823153
2023-08-11,-0.8360811152261964
2023-08-14,-0.19491893976108524
2023-08-15,-0.4994813663275218
2023-08-16,0.09364237013407888
2023-08-17,-0.5384510945209875
2023-08-18,-0.3609714071197048
2023-08-21,0.3546342709907406
2023-08-22,0.16421797732455237
2023-08-23,-0.18453776022927282
2023-08-24,-0.39608562398819086
2023-08-25,-0.0031127378992214507
2023-08-28,0.29178289860587375
2023-08-29,0.268996931097196
2023-08-30,-0.2333497631057458
2023-08-31,0.010808946575936262
2023-09-01,-1.1990289360344852
2023-09-04,0.4462793659024748
2023-09-05,0.2799458877365547
2023-09-06,-0.485162932084823
2023-09-07,-0.6847361147034358
2023-09-08,0.3713739150490517
2023-09-11,0.27576132479058596
2023-09-12,0.4719643496868206
2023-09-13,-0.052505399861615745
2023-09-14,-0.2863203590301867
2023-09-15,0.5194921872147924
2023-09-18,-0.5540150827098695
2023-09-19,0.2731407206519426
2023-09-20,0.9474678403152631
2023-09-21,-0.5529909276329193
2023-09-22,-0.08020533110502208
2023-09-25,-0.6808569591741256
2023-09-26,-0.6688830835211754
2023-09-27,-0.15458047478445397
2023-09-28,0.44328719189461996
2023-09-29,-0.010159891452358622
2023-10-02,-0.21115505941272272
2023-10-03,-0.5018869247092359
2023-10-04,-0.010159891452358622
2023-10-05,-0.3823474568926044
2023-10-06,-0.4296363817464284
2023-10-09,-0.3067723495146969
2023-10-10,0.8449301539727674
2023-10-11,0.16483787794234897
2023-10-12,0.23664902328441442
2023-10-13,-0.6442885024969476
2023-10-16,0.2678609506298314
2023-10-17,0.11369721308334112
2023-10-18,-0.5148850609939027
2023-10-19,-0.5500807870407263
2023-10-20,-1.093665597221163
2023-10-23,-0.24670646960810363
2023-10-24,-0.1403819427132008
2023-10-25,-0.12536342857226518
2023-10-26,-2.813900086950344
2023-10-27,-1.3593654445940215
2023-10-30,-0.5421373218115366
2023-10-31,-0.1377170476337564
2023-11-01,0.44742453668988974
2023-11-02,1.2791499525215497
2023-11-03,0.3006244181332166
2023-11-06,-0.3127408393903518
2023-11-07,-0.5547587486862902
2023-11-08,0.46876033063929895
2023-11-09,-0.14179198431810422
2023-11-10,-0.6738799966771609
2023-11-13,0.08165301599321136
2023-11-14,1.1349457962863705
2023-11-15,0.556156993044967
2023-11-16,-0.6090461227336776
2023-11-17,0.5162945267551786
2023-11-20,0.25488940727489595
2023-11-21,-0.6309344245487255
2023-11-22,0.08712473762663636
2023-11-23,-0.04256711766413761
2023-11-24,0.24846159352232164
2023-11-27,-0.17163024283957923
2023-11-28,-0.3347751146777854
2023-11-29,1.0606578263992485
2023-11-30,0.22013096362226728
2023-12-01,0.43139109387631863
2023-12-04,0.28712392587524177
2023-12-05,0.7096122296367288
2023-12-06,0.6912348876823697
2023-12-07,-0.03286730642377021
2023-12-08,0.3894096679594398
2023-12-11,0.12477906650173691
2023-12-12,-0.2578404328186356
2023-12-13,-0.7534528622846598
2023-12-14,1.3164810049873414
2023-12-15,0.6321055316941631
2023-12-18,-0.6227052370244169
2023-12-19,-0.2559289932758845
2023-12-20,-0.062454954995182464
2023-12-21,-0.33269181792256247
2023-12-22,0.09509192325840017
2023-12-27,-0.1455252704936783
2023-12-28,-0.3199576181069678
2023-12-29,0.20917808339914412
2024-01-02,0.5747636740926056
2024-01-03,-0.8599238628508339
2024-01-04,0.08080838788372775
2024-01-05,0.16371223506505964
2024-01-08,0.7458643157146427
2024-01-09,0.167723368592387
2024-01-10,-0.6357084602304758
2024-01-11,-0.5681844259497222
2024-01-12,-0.6670843731413871
2024-01-15,0.03596882698741304
2024-01-16,-0.11786500908050575
2024-01-17,-1.5444298537087144
2024-01-18,0.4017763163707507
2024-01-19,-0.5894845606624343
2024-01-22,0.13335333493752985
2024-01-23,0.7244247987296096
2024-01-24,0.38787645937421605
2024-01-25,-0.7780082591743289
2024-01-26,1.167805051241739
2024-01-29,0.4651261913937477
2024-01-30,0.2787901490639366
2024-01-31,0.4350032142435633
2024-02-01,0.16224869431739583
2024-02-02,0.9233159162204672
2024-02-05,-0.8688711233446874
2024-02-06,0.5689667584365352
2024-02-07,0.004597376986923964
2024-02-08,0.76540018318549
2024-02-09,-0.09732379535593867
2024-02-12,0.5176035212776406
2024-02-13,-0.16137936066577901
2024-02-14,0.054702867593361605
2024-02-15,0.9311294408877674
2024-02-16,0.3625624355910812
2024-02-19,0.16463463775686876
2024-02-20,-0.6071228368827318
2024-02-21,0.8928817400263526
2024-02-22,2.158068320813847
2024-02-23,0.2605882723187388
2024-02-26,-0.22134149480828988
2024-02-27,0.516028236420975
2024-02-28,0.7940091337537291
2024-02-29,0.14391215141032443
2024-03-01,0.27737655707475695
2024-03-04,-0.23364881921766886
2024-03-05,0.002643473408723352
2024-03-06,-0.5960814137041968
2024-03-07,-0.30260884799730714
2024-03-08,0.08752664710914451
2024-03-11,-0.10784643001386601
2024-03-12,0.5858142382230801
2024-03-13,-0.5474997073948
2024-03-14,0.02238431716419248
2024-03-15,0.35279984745756676
2024-03-18,0.15741970426262653
2024-03-19,0.49539360600956234
2024-03-20,-0.23347362609867234
2024-03-21,-0.3052728399001574
2024-03-22,0.09269978159858161
2024-03-25,0.13090216179112188
2024-03-26,-0.18334401551166316
2024-03-27,0.03480120536815397
2024-03-28,0.17564515439401104
2024-04-02,-0.22807212489378617
2024-04-03,0.27165855999252486
2024-04-04,0.850427924562759
2024-04-05,-0.36261951005691523
2024-04-08,1.1751616665341236
2024-04-09,-0.27582249625133803
2024-04-10,-0.12181094481991009
2024-04-11,-0.17191128660048288
2024-04-12,-0.241289318392918
2024-04-15,0.5315303856813931
2024-04-16,-1.0301956676710589
2024-04-17,-0.14319059232249132
2024-04-18,0.24921705570350527
2024-04-19,-0.4347667713587141
2024-04-22,0.021663326342055783
2024-04-23,-0.09931476131190849
2024-04-24,-0.029287960914279012
2024-04-25,-0.5230444698943769
2024-04-26,0.7190305698163524
2024-04-29,0.2619832220686994
2024-04-30,-2.504570417871429
2024-05-02,-0.03012352676065098
2024-05-03,0.43370376445308634
2024-05-06,0.6121271715087928
2024-05-07,0.48827057727189305
2024-05-08,-0.4825663089955375
2024-05-09,0.7045489342571071
2024-05-10,-0.12077229504328857
2024-05-13,0.10735929331395057
2024-05-14,0.6548580106652707
2024-05-15,-0.23535127058205477
2024-05-16,-0.4776134765735845
2024-05-17,-0.1901187450415989
2024-05-20,-0.6595431186177257
2024-05-21,-0.23568874985909674
2024-05-22,-0.7578234026952164
2024-05-23,-0.04606065978584564
2024-05-24,0.2191288522466192
2024-05-27,0.17532701370448922
2024-05-28,0.05387195048935566
2024-05-29,-0.6616702964669602
2024-05-30,0.3203000060658433
2024-05-31,0.3251130296411135
2024-06-03,-0.05994447472243745
2024-06-04,-0.5828771116942247
2024-06-05,0.02584264820113192
2024-06-06,0.1335603548520995
2024-06-07,-0.49336036498081554
2024-06-10,0.28611590875189213
2024-06-11,-0.08946286862511903
2024-06-12,-0.4378235727582282
2024-06-13,-0.8698698036310228
2024-06-14,-0.34503277687830003
2024-06-17,0.2802011921195074
2024-06-18,-0.06214233981465347
2024-06-19,0.21962500756270187
2024-06-20,0.3654503267253211
2024-06-21,-0.5116473005526554
2024-06-24,0.637816582770031
2024-06-25,0.18687931029220034
2024-06-26,-0.41975490676061517
2024-06-27,-0.6164117872164142
2024-06-28,0.830581367599773
2024-07-01,0.15766708983575392
2024-07-02,-0.06117438424999985
2024-07-03,0.403638078377882
2024-07-04,0.4501737878732172
2024-07-05,-0.34778006799765654
2024-07-08,-0.06786824595305849
2024-07-09,-1.6553241042814224
2024-07-10,0.5840032847537817
2024-07-11,0.02672526221339319
2024-07-12,0.5615937288096094
2024-07-15,-0.2438872139100035
2024-07-16,-0.6812212658353866
2024-07-17,-0.1589313086819497
2024-07-18,0.7657206928051169
2024-07-19,-0.6521228089818883
2024-07-22,0.5217398486968066
2024-07-23,-0.21629647377945183
2024-07-24,-0.3879579169895916
2024-07-25,-0.383507203325935
2024-07-26,0.03480042233841076
2024-07-29,-0.8565196020526666
2024-07-30,-0.21647905122152744
2024-07-31,-0.37148161815005043
2024-08-01,-1.3644768266561391
2024-08-02,-0.9162288987772581
2024-08-05,-1.140809187284215
2024-08-06,-0.29293141927392186
2024-08-07,1.0293804354000404
2024-08-08,0.1527630794103865
2024-08-09,-0.19756554100341672
2024-08-12,-0.2803618759147559
2024-08-13,-0.043014469190077925
2024-08-14,0.6669703905219672
2024-08-15,1.0470933754662832
2024-08-16,0.38421689566093564
2024-08-19,0.4665547579421276
2024-08-20,0.19157276549684585
2024-08-21,0.6815712106150127
2024-08-22,-0.2012912001542657
2024-08-23,0.3561336668297134
2024-08-26,0.15677846465369752
2024-08-27,0.17883186299402168
2024-08-28,-0.3281003420425561
2024-08-29,0.17178013744008871
2024-08-30,-0.04043288770193133
2024-09-02,-0.298741151763356
2024-09-03,-0.824605629815561
2024-09-04,-0.7994857416996062
2024-09-05,0.10790240026444292
2024-09-06,-1.2769256599688346
2024-09-09,-0.1800401221600037
2024-09-10,-2.3697331784812916
2024-09-11,0.22778812796694992
2024-09-12,-0.018639694061817404
2024-09-13,0.8884042766311057
2024-09-16,-0.17682227606985654
2024-09-17,0.5128380879353185
2024-09-18,0.3517049293081739
2024-09-19,1.1231032630973097
2024-09-20,-3.3402542494598753
2024-09-23,0.9246561305313018
2024-09-24,0.6084591661231319
2024-09-25,-0.805820356791227
2024-09-26,1.5107537067108552
2024-09-27,1.423617181421066
2024-09-30,-1.1748124050692148
2024-10-01,-0.4513469883206576
2024-10-02,-0.13344426948256122
2024-10-03,-0.5315109192040651
2024-10-04,0.48649191794194563
2024-10-07,0.2771590208466857
2024-10-08,-1.0277048809284834
2024-10-09,0.4558384233741186
2024-10-10,0.155156181934574
2024-10-11,0.49867914526700446
2024-10-14,-0.05916940141944334
2024-10-15,-0.4122669635051996
2024-10-16,-0.4240340084464099
2024-10-17,0.09779817483785601
2024-10-18,0.32047328223070704
2024-10-21,-0.2579155425179601
2024-10-22,0.3034497403660165
2024-10-23,0.11306011505622346
2024-10-24,0.6659186576538297
2024-10-25,-0.47341136247602195
2024-10-28,-0.305096671739197
2024-10-29,-0.4063003978350756
2024-10-30,-0.46819782791675224
2024-10-31,-0.5996180010122945
2024-11-01,0.20120963288498678
2024-11-04,0.18346310447500513
2024-11-05,-0.24598487868477262
2024-11-06,-3.1520510939803033
2024-11-07,1.298142024068041
2024-11-08,-1.2643467513511775
2024-11-11,0.42947920445254806
2024-11-12,-0.7210008847019039
2024-11-13,-0.5756362347693258
2024-11-14,0.9255697553827299
2024-11-15,0.4196503956294078
2024-11-18,0.4863880105878291
2024-11-19,-0.5780715811112255
2024-11-20,-0.8932384272305305
2024-11-21,-0.046555188156863714
2024-11-22,0.370620167090301
2024-11-25,0.49281346602388615
2024-11-26,-0.5041059196845273
2024-11-27,0.03496287630338346
2024-11-28,0.286538345044652
2024-11-29,0.2579607455108939
2024-12-02,0.3361380234085943
2024-12-03,-1.2198639086599452
2024-12-04,0.9244927642185213
2024-12-05,0.2914281451331426
2024-12-06,0.342194797553907
2024-12-09,1.4927127702404757
2024-12-10,0.4551023428013411
2024-12-11,-0.3311253119534969
2024-12-12,0.47046784450445256
2024-12-13,0.21581272745069321
2024-12-16,-1.8663221247895352
2024-12-17,-0.2714043412801436
2024-12-18,-0.10631285947496072
2024-12-19,-0.42321588339408495
2024-12-20,-0.027818264942413497
2024-12-23,-0.6592202996426839
2024-12-27,0.727118573268938
2024-12-30,0.2096762788237804
2025-01-02,-0.8242455562971411
2025-01-03,-0.39552623089328065
2025-01-06,1.660666190288261
2025-01-07,-0.027531643693500245
2025-01-08,-0.8960025339292128
2025-01-09,-0.23202143940351516
2025-01-10,1.7190367139099596
2025-01-13,0.34012119293233084
2025-01-14,0.07488290424868552
2025-01-15,0.622815806087049
2025-01-16,-0.9756702967714752
2025-01-17,-0.07009176714719292
2025-01-20,1.073927011090743
2025-01-21,-0.27885337283398937
2025-01-22,0.15795316881865068
2025-01-23,-0.37234970560006503
2025-01-24,0.8029708028524183
2025-01-27,0.6746610451547502
2025-01-28,0.6567922843798114
2025-01-29,0.23151721330790037
2025-01-30,0.46154588221674153
2025-01-31,-0.33746112996839933
2025-02-03,-1.4002358175011815
2025-02-04,0.09697247063862684
2025-02-05,-0.5815642345885049
2025-02-06,0.7091728586037498
2025-02-07,-0.5382536367705336
2025-02-10,0.5425435753120913
2025-02-11,-0.3145863981355239
2025-02-12,0.661888086543119
2025-02-13,2.4705678915673714
2025-02-14,0.13630695561587633
2025-02-17,0.12818804285143368
2025-02-18,0.5316066545099404
2025-02-19,-0.7981517821737554
2025-02-20,-1.2213415970765822
2025-02-21,-0.6717343982924837
2025-02-24,0.6672467078301041
2025-02-25,0.8134263535236607
2025-02-26,0.5540754028713043
2025-02-27,-1.137592525672105
2025-02-28,-0.17569562695240057
2025-03-03,0.7418939493359183
2025-03-04,-2.335899080045144
2025-03-05,1.4211670952404936
2025-03-06,2.088918459855585
2025-03-07,-1.2381468062525263
2025-03-10,0.9595415494385167
2025-03-11,-0.9332347644504336
2025-03-12,-0.21255801249325007
2025-03-13,-0.6226215727307295
2025-03-14,0.1870076637489377
2025-03-17,-0.08104452422660373
2025-03-18,1.080634721705412
2025-03-19,-1.0458139790305956
2025-03-20,-1.1738330964165382
2025-03-21,-0.11517994189125436
2025-03-24,0.22379151870952563
2025-03-25,0.47023499889431114
2025-03-26,-0.9921508940521732
2025-03-27,-1.2963374709652442
2025-03-28,-0.6158164695613629
2025-03-31,-1.3496915275511083
2025-04-01,0.024664384954779843
2025-04-02,-0.2369880335927947
2025-04-03,-1.9835541283494755
2025-04-04,-2.5339285358316608
2025-04-07,-0.029403937620781827
2025-04-08,-0.7179508727440752
2025-04-09,-1.6957251715203137
2025-04-10,0.966754502433064
2025-04-11,0.5811211070572968
2025-04-14,1.0214527307943801
2025-04-15,0.8255647891700828
2025-04-16,0.22458596434927336
2025-04-17,-0.16025950899480634
2025-04-22,1.0949716966322072
2025-04-23,1.4271865446186136
2025-04-24,0.6968142242775915
2025-04-25,0.6690871565726065
2025-04-28,0.31724685108541967
2025-04-29,-0.9029280624756131
2025-04-30,-1.3142810454692022
2025-05-02,0.7306039825989026
2025-05-05,0.5444479002101491
2025-05-06,0.1558307434558803
2025-05-07,-0.12367015377249614
2025-05-08,1.0975682622942058
2025-05-09,0.1750395107670059
2025-05-12,1.6158048863196126
2025-05-13,0.9444405421945656
2025-05-14,-0.2294198589304722
2025-05-15,-0.41628175796963024
2025-05-16,-0.6619203053761861
2025-05-19,0.1961630987638411
2025-05-20,0.45300817478944916
2025-05-21,-0.02789053398653412
2025-05-22,-0.536227566423846
2025-05-23,-1.931652314468499
2025-05-26,0.9603639057979542
2025-05-27,-0.0010137847332350625
2025-05-28,1.253349546106811
2025-05-29,-0.20648426138208512
2025-05-30,-0.18037376463898003
2025-06-02,-1.2928733160852333
2025-06-03,0.5490559530294087
2025-06-04,-0.23854422727580674
2025-06-05,0.008152027194536882
2025-06-06,-0.20278842403608993
2025-06-09,0.20077345789550854
2025-06-10,0.4813945282971199
2025-06-11,-0.09173093774550319
2025-06-12,-0.3469986365758608
2025-06-13,-0.7839195831397742
2025-06-16,-0.38312120304854697
2025-06-17,-0.8554925810869873
2025-06-18,-0.5661774919817661
2025-06-19,-0.4801840943600852
2025-06-20,0.15512859458576228
2025-06-23,-0.17544837749048264
2025-06-24,0.8631497526778205
2025-06-25,-0.4954814061888163
2025-06-26,-0.6961430942461063
2025-06-27,2.2246942600365163
2025-06-30,-0.7639948547691744
2025-07-01,-0.32943850426038185
2025-07-02,1.2774679138688343
2025-07-03,-0.13128856920236148
2025-07-04,-0.4883797892673201
2025-07-07,-0.18011035559440355
2025-07-08,0.9170711639522452
2025-07-09,1.243651684945755
2025-07-10,0.7513342982329332
2025-07-11,-0.010159891452358622
2025-07-14,-1.1707179786210908
2025-07-15,0.6860031552362666
2025-07-16,-0.9162771926142891
2025-07-17,0.2816956839904974
2025-07-18,-0.5404835174026275
2025-07-21,0.18254354424242344
2025-07-22,-0.5072789480533876
2025-07-23,2.6351419146939956
2025-07-24,0.11218522537858662
2025-07-25,1.2046464111908763
2025-07-28,-1.5489925181499329
2025-07-29,-0.4515978240128472
2025-07-30,-1.6527879463284412
2025-07-31,-1.210063028006206
2025-08-01,-0.961768753747057
2025-08-04,-0.32844803527549155
2025-08-05,0.6051831810037785
2025-08-06,0.474511531997896
2025-08-07,1.0370754340923078
2025-08-08,0.9781260300434054
2025-08-11,-0.37378271043322187
2025-08-12,0.4620079471776087
2025-08-13,0.42153368348073106
2025-08-14,0.34659168657485634
2025-08-15,0.3350974030475897
2025-08-18,-0.640600939662897
2025-08-19,1.2075860107749494
2025-08-20,-0.10608571059150967
2025-08-21,0.0944748574802913
2025-08-22,0.81009944311787
2025-08-25,-0.4746626175093201
2025-08-26,-0.5142158328143143
2025-08-27,-0.6700374223154357
2025-08-28,0.3868748275146958
2025-08-29,-0.33636876766534446
2025-09-01,0.3336179291412203
2025-09-02,-0.6467913652387729
2025-09-03,0.10542403935938911
2025-09-04,-0.045694597739047056
2025-09-05,-0.1793142430774621
2025-09-08,-0.3862419946558072
2025-09-09,-0.6892842624103609
2025-09-10,0.11735574003960077
2025-09-11,0.1442169385812759
2025-09-12,-0.3468075480846415
2025-09-15,-0.3400242627085628
2025-09-16,-0.03775543951916776
2025-09-17,-0.27772806021979884
2025-09-18,0.496019179723576
2025-09-19,-0.08345023249759888
2025-09-22,-0.6470485669332843
2025-09-23,1.0738506639193293
2025-09-24,0.5136653281450522
2025-09-25,-0.34365370000919365
2025-09-26,1.0098998391374283
2025-09-29,0.4917183908761566
2025-09-30,-0.3794460981576522
2025-10-01,0.5862969164070299
2025-10-02,0.7335407824743212
2025-10-03,0.3317942076300894
2025-10-06,-0.018677053665247162
2025-10-07,-0.20651844677757314
2025-10-08,-1.4080196544386987
2025-10-09,-0.3550936781667483
2025-10-10,0.01646538773250254
2025-10-13,0.2022817192930721
2025-10-14,-1.036924232596003
2025-10-15,0.0529807100667388
2025-10-16,0.32219146170852764
2025-10-17,0.5592487710850023
2025-10-20,0.3949047898556009
2025-10-21,0.2870126549997863
2025-10-22,-1.0763844288908138
2025-10-23,0.20324953140686502
2025-10-24,0.4752852746223171
2025-10-27,0.20011630858590693
2025-10-28,0.5633179744961573
2025-10-29,2.0100913024848057
2025-10-30,-0.5176273635814543
2025-10-31,-0.19453110499569887
2025-11-03,0.9045639136792893
2025-11-04,-0.8996980050087476
2025-11-05,1.6310348148804303
2025-11-06,-0.04259347678050432
2025-11-07,0.12753083693011413
2025-11-10,0.06257038484488177
2025-11-11,0.24753529985976225
2025-11-12,0.5248705587158097
2025-11-13,0.2669447130181228
2025-11-14,-0.192073260178203
2025-11-17,-0.8415865235230511
2025-11-18,-1.643082548197048
2025-11-19,0.34749920882873575
2025-11-20,-0.30107127575296444
2025-11-21,0.33044334207768294
2025-11-24,0.3772883877520861
2025-11-25,0.585381219795039
2025-11-26,-0.5974934480369106
2025-11-27,0.5041558412073586
2025-11-28,0.014190832312423738
2025-12-01,0.7226090754833586
2025-12-02,0.11751280504748458
2025-12-03,-1.2863022582669958
2025-12-04,2.204846973265155
2025-12-05,0.9027355837237901
2025-12-08,-0.08684072672624868
2025-12-09,-0.333593717304844
2025-12-10,-0.27362235074608116
2025-12-11,0.30736183038984105
2025-12-12,0.4048031537179984
2025-12-15,-0.5797470563637541
2025-12-16,-0.3365256266128849
2025-12-17,-0.3623554696988966
2025-12-18,-0.32544501051630115
2025-12-19,0.11620635758792558
2025-12-22,-0.32671701294885264
2025-12-23,-0.12145627707108372
2025-12-29,0.3703447023600113
2025-12-30,0.21824961365651213
2026-01-02,1.4291113023651845
2026-01-05,-1.159606410109763
2026-01-06,0.7720433866163777
2026-01-07,-0.8548751830109139
2026-01-08,-0.3239807943407608
2026-01-09,0.31147834552311066
2026-01-12,-0.47369939231861957
2026-01-13,0.05296144325906242
2026-01-14,0.647557402006597
2026-01-15,-1.0796764293454115
2026-01-16,-0.42558368466227
2026-01-19,-1.0485950153328185
2026-01-20,-0.579569746276737
2026-01-21,0.7393609966582769
2026-01-22,0.8401408487412769
2026-01-23,-0.42124925469159713
2026-01-26,-0.31880694468391946
2026-01-27,-0.8238694476549067
2026-01-28,0.3861188073976249
2026-01-29,-0.10068355659168114
2026-01-30,0.39174031274600657
2026-02-02,0.5015888731846884
2026-02-03,0.0786266351148748
2026-02-04,1.9020497021744156
2026-02-05,-1.552875867981783
2026-02-06,-0.178482859149402
2026-02-09,-0.389067624234447
2026-02-10,0.030293562851434277
2026-02-11,-0.34291492058377243
2026-02-12,-0.6993179185289468
2026-02-13,0.40945402450584467
2026-02-16,0.014409649927461146
2026-02-17,0.9702184472474629
2026-02-18,0.4208774072127335
2026-02-19,-0.5294854623383954
2026-02-20,0.3818621233859785
2026-02-23,-0.7650926645008023
2026-02-24,0.4971361245746094
2026-02-25,0.037871629297220995
2026-02-26,-0.002161020971867444
2026-02-27,-0.010159891452358622
2026-03-02,-1.945218237157426
2026-03-03,-0.75782007033056
2026-03-04,0.6457319802539615
2026-03-05,-0.7423209404092902
2026-03-06,-0.7538612817844149
2026-03-09,-0.469027543487209
2026-03-10,0.6807691558799185
2026-03-11,-0.14754102167651023
2026-03-12,0.29838373687700936
2026-03-13,-0.3531113744666138
2026-03-16,-0.9663234415445066
2026-03-17,-0.04529778276564538
2026-03-18,-0.22153475902830158
2026-03-19,-1.6538016681331345
2026-03-20,-0.7285078107273478
2026-03-23,0.9725047416705456
2026-03-24,-0.25620013962163113
2026-03-25,0.5529211906289252
2026-03-26,-0.2817796424742121
2026-03-27,-0.32903670959937514
2026-03-30,-0.0010208700434203761
2026-03-31,0.6704007199888136
2026-04-01,0.42923164167363576
2026-04-02,-0.16214262533382848
2026-04-07,-0.6683915053999798
2026-04-08,2.1289236880676286
2026-04-09,-1.00993460769153
2026-04-10,0.5449640158222491
2026-04-13,0.2693279275361461
2026-04-14,0.5352899839544988
2026-04-15,-0.32974246487803044
2026-04-16,-0.9820890926583422
2026-04-17,2.578081979452816
2026-04-20,-0.5963702404633379
2026-04-21,-0.7971174303984881
2026-04-22,-0.6137868742508609
2026-04-23,0.06455213488496461
2026-04-24,-0.767379879199674
2026-04-27,-0.2478151363006162
2026-04-28,-0.484279957078081
2026-04-29,-0.2756288362311576
2026-04-30,0.7865732840169326
2026-05-04,-1.6173105773746324
2026-05-05,0.25010198239716536
2026-05-06,1.89971873885758
2026-05-07,0.12133718589118149
2026-05-08,-0.1887086250922375
2026-05-11,0.11207627089950008
2026-05-12,-0.04773538123851913
2026-05-13,0.494636152148
2026-05-14,0.23098116455057785
2026-05-15,-0.6340796073765944
2026-05-18,-0.3677213921264818
2026-05-19,-0.41806624526892544
2026-05-20,0.4355098672031627
2026-05-21,-0.24669559220482926
2026-05-22,0.330077730956701
2026-05-25,0.588714942647514
2026-05-26,0.1383789879476303
2026-05-27,1.441084683523865
2026-05-28,0.16926786528327442
2026-05-29,-0.4780970605866559
2026-06-01,-0.6933461119635643
2026-06-02,0.20040339839944823
2026-06-03,-1.6033206840368917
2026-06-04,-0.8490084824441679
2026-06-05,-1.0604593062268584
2026-06-08,0.34254321504090246
2026-06-09,-0.6489109106654081
2026-06-10,-0.6025424129688514
2026-06-11,0.3143315559791306
2026-06-12,0.5634434282951964
2026-06-15,1.3081232902094868
2026-06-16,-0.4857239340404141
2026-06-17,-2.113033802536098
2026-06-18,-2.2322730565804334
2026-06-19,0.6988148088937858
2026-06-22,0.2549235614065084
2026-06-23,-0.3117440566669112
2026-06-24,-0.8894459936050143
2026-06-25,0.23367650936004455
2026-06-26,-1.4052294883699363
2026-06-29,-0.28871001995829665
2026-06-30,0.9012786190627301
2026-07-01,-0.1500674335626445
2026-07-02,1.0924160809411942
2026-07-03,0.42480259451306324
2026-07-06,0.16166602789661597
2026-07-07,0.5735327366096665
2026-07-08,-1.9435185220846154
2026-07-09,-0.2514448316394195
2026-07-10,0.08650297198650002
2026-07-13,0.3106259736873466
2026-07-14,0.855692942870636
2026-07-15,1.203493889160081
2026-07-16,-0.44554662562854624
2026-07-17,-0.37175714867890347
2026-07-20,-0.4006820192988586
2026-07-21,-0.25128819058416646
2026-07-22,-0.06800441582891249
2026-07-23,-0.5712297839214682
2026-07-24,0.47192033763444197
2026-07-27,0.5556568333540398
2026-07-28,1.3298705205869512
2026-07-29,0.22715783404231343
2026-07-30,0.23599078094965079
2026-07-31,-0.38239450328366725
2026-08-03,0.9001233969971617
