Date,Close,Volume
1996-11-08,9.641242027282715,5188363
1996-11-11,9.580028533935547,2376533
1996-11-12,9.660755157470703,2703650
1996-11-13,9.695953369140625,3363893
1996-11-14,9.695953369140625,0
1996-11-15,9.641242027282715,3638637
1996-11-18,9.461424827575684,3111472
1996-11-19,9.526464462280273,2138708
1996-11-20,9.382996559143066,2959505
1996-11-21,9.337469100952148,2391129
1996-11-22,9.298063278198242,1528262
1996-11-25,9.20050048828125,2907990
1996-11-26,9.227664947509766,2282090
1996-11-27,9.386820793151855,3003292
1996-11-28,9.598010063171387,2833294
1996-11-29,9.647747039794922,2424613
1996-12-02,9.647747039794922,1415788
1996-12-03,9.728472709655762,2628954
1996-12-04,9.648893356323242,1892297
1996-12-05,9.630912780761719,1845934
1996-12-06,9.417044639587402,3308086
1996-12-09,9.564342498779297,1364274
1996-12-10,9.672616004943848,1705986
1996-12-11,9.474434852600098,2440926
1996-12-12,9.487442016601562,2067446
1996-12-13,9.324459075927734,2143001
1996-12-16,9.410540580749512,1675936
1996-12-17,9.302270889282227,1684522
1996-12-18,9.298063278198242,960744
1996-12-19,9.254061698913574,1783258
1996-12-20,9.268219947814941,3020464
1996-12-23,9.322928428649902,716909
1996-12-24,9.322928428649902,0
1996-12-25,9.322928428649902,0
1996-12-26,9.322928428649902,0
1996-12-27,9.368456840515137,758121
1996-12-30,9.390646934509277,1105843
1996-12-31,9.390646934509277,0
1997-01-01,9.390646934509277,0
1997-01-02,9.31795597076416,1589220
1997-01-03,9.500449180603027,2702791
1997-01-06,9.531822204589844,2041689
1997-01-07,9.634740829467773,4832055
1997-01-08,10.002408027648926,5833153
1997-01-09,10.170747756958008,8462965
1997-01-10,9.989402770996094,9370478
1997-01-13,10.057117462158203,2010780
1997-01-14,10.067830085754395,4535847
1997-01-15,10.085810661315918,4071358
1997-01-16,10.055970191955566,2525925
1997-01-17,10.058646202087402,1996185
1997-01-20,10.165389060974121,4965993
1997-01-21,10.218955039978027,1609826
1997-01-22,10.302355766296387,5620226
1997-01-23,10.349414825439453,4765086
1997-01-24,10.024596214294434,5310281
1997-01-27,10.242288589477539,4805439
1997-01-28,10.269835472106934,4885287
1997-01-29,10.195613861083984,3752827
1997-01-30,10.282844543457031,3766565
1997-01-31,10.423641204833984,9157552
1997-02-03,10.876241683959961,6909805
1997-02-04,10.799341201782227,4765945
1997-02-05,10.873560905456543,4188124
1997-02-06,10.873560905456543,0
1997-02-07,11.225542068481445,1754925
1997-02-10,11.341849327087402,5509470
1997-02-11,11.319662094116211,4462010
1997-02-12,11.319662094116211,0
1997-02-13,11.284462928771973,6488245
1997-02-14,11.124153137207031,4001814
1997-02-17,11.104264259338379,4278275
1997-02-18,11.091256141662598,3487528
1997-02-19,11.00019645690918,5140283
1997-02-20,10.98298168182373,2979252
1997-02-21,11.004026412963867,2197949
1997-02-24,10.906084060668945,2011639
1997-02-25,11.091256141662598,2750871
1997-02-26,11.10311508178711,1467303
1997-02-27,11.150174140930176,2379967
1997-02-28,11.091256141662598,2877940
1997-03-03,11.008996963500977,1659623
1997-03-04,11.193022727966309,3373338
1997-03-05,11.274131774902344,3606011
1997-03-06,11.254239082336426,3451468
1997-03-07,11.361361503601074,3097735
1997-03-10,11.345675468444824,2066588
1997-03-11,11.346824645996094,5524066
1997-03-12,11.168153762817383,2722538
1997-03-13,11.088580131530762,2479562
1997-03-14,11.30129623413086,3199047
1997-03-17,11.208707809448242,2472693
1997-03-18,11.099288940429688,2740568
1997-03-19,11.137164115905762,1711996
1997-03-20,11.006701469421387,3086574
1997-03-21,11.086282730102539,3102887
1997-03-24,11.215215682983398,2270928
1997-03-25,11.369016647338867,2540521
1997-03-26,11.655954360961914,4765945
1997-03-27,11.60009765625,1657048
1997-03-28,11.60009765625,0
1997-03-31,11.60009765625,0
1997-04-01,11.238548278808594,3206774
1997-04-02,11.13066291809082,2693347
1997-04-03,11.19570255279541,2884809
1997-04-04,11.169686317443848,2573146
1997-04-07,11.489147186279297,2319008
1997-04-08,11.328842163085938,1851085
1997-04-09,11.498330116271973,2752588
1997-04-10,11.392736434936523,1800430
1997-04-11,11.215215682983398,2158455
1997-04-14,11.204885482788086,2444360
1997-04-15,11.351036071777344,2143001
1997-04-16,11.351036071777344,0
1997-04-17,11.46580982208252,3129502
1997-04-18,11.623438835144043,3876462
1997-04-21,11.704161643981934,4812308
1997-04-22,11.85413932800293,5460531
1997-04-23,11.476140975952148,2367089
1997-04-24,11.795602798461914,3818938
1997-04-25,11.701865196228027,518578
1997-04-28,11.795602798461914,1160792
1997-04-29,12.134573936462402,5286241
1997-04-30,12.23366641998291,6359459
1997-05-01,12.23366641998291,0
1997-05-02,12.443703651428223,1403768
1997-05-05,12.86876392364502,5071597
1997-05-06,12.721468925476074,3490104
1997-05-07,12.841602325439453,3513285
1997-05-08,12.841602325439453,0
1997-05-09,13.15838623046875,5022659
1997-05-12,13.314866065979004,3084857
1997-05-13,13.053935050964355,3838685
1997-05-14,13.037102699279785,2349917
1997-05-15,12.793010711669922,2223707
1997-05-16,12.753988265991211,2549106
1997-05-19,12.753988265991211,0
1997-05-20,12.70195198059082,2615217
1997-05-21,12.903963088989258,2246888
1997-05-22,12.823236465454102,1535130
1997-05-23,12.88444995880127,306510
1997-05-26,13.001904487609863,1378011
1997-05-27,12.975887298583984,2064870
1997-05-28,12.704634666442871,1087813
1997-05-29,12.753988265991211,69544
1997-05-30,12.551980018615723,2721680
1997-06-02,12.667903900146484,2027952
1997-06-03,12.832418441772461,1497353
1997-06-04,12.832418441772461,1960983
1997-06-05,12.923474311828613,990794
1997-06-06,12.96938705444336,2474410
1997-06-09,12.871443748474121,2125829
1997-06-10,12.87679672241211,326258
1997-06-11,12.887126922607422,2165324
1997-06-12,13.02906608581543,3374196
1997-06-13,13.047430992126465,2161889
1997-06-16,12.982393264770508,1698259
1997-06-17,12.956371307373047,1906034
1997-06-18,13.01223373413086,2434916
1997-06-19,13.15838623046875,2749154
1997-06-20,13.2498197555542,2726831
1997-06-23,13.536380767822266,4239639
1997-06-24,14.019206047058105,7060914
1997-06-25,13.960289001464844,3017029
1997-06-26,13.76478385925293,2014215
1997-06-27,13.660340309143066,2297544
1997-06-30,13.360387802124023,1815025
1997-07-01,13.601801872253418,2297544
1997-07-02,14.058236122131348,4181256
1997-07-03,14.25373649597168,5457097
1997-07-04,14.01270866394043,1497353
1997-07-07,14.214715003967285,508275
1997-07-08,14.30615234375,3755403
1997-07-09,14.292762756347656,3312379
1997-07-10,14.488641738891602,5494874
1997-07-11,14.860140800476074,5039830
1997-07-14,14.971094131469727,2731983
1997-07-15,14.892658233642578,1909469
1997-07-16,15.21900749206543,3523588
1997-07-17,15.40150260925293,4974578
1997-07-18,15.421015739440918,3994087
1997-07-21,15.010115623474121,3525305
1997-07-22,15.32307243347168,2920869
1997-07-23,15.538472175598145,3583688
1997-07-24,15.84492301940918,5144576
1997-07-25,16.235925674438477,3860149
1997-07-28,17.011817932128906,5558409
1997-07-29,16.881738662719727,1401193
1997-07-30,16.953285217285156,2319867
1997-07-31,16.529373168945312,1765228
1997-08-01,16.222919464111328,2524208
1997-08-04,16.157882690429688,2359361
1997-08-05,15.922967910766602,2577439
1997-08-06,16.229429244995117,3001575
1997-08-07,16.848838806152344,3326116
1997-08-08,16.353391647338867,2125829
1997-08-11,16.379404067993164,1602099
1997-08-12,16.366392135620117,1074934
1997-08-13,15.779496192932129,3164704
1997-08-14,15.740480422973633,2598045
1997-08-15,15.003606796264648,2762891
1997-08-18,15.11456298828125,4186407
1997-08-19,15.7534818649292,2737134
1997-08-20,16.0599365234375,712616
1997-08-21,16.09246063232422,1461293
1997-08-22,15.355592727661133,3484094
1997-08-25,15.668550491333008,5151
1997-08-26,14.971094131469727,13192851
1997-08-27,14.77558708190918,8738568
1997-08-28,14.475637435913086,9772291
1997-08-29,14.358184814453125,9186744
1997-09-01,15.03612995147705,7768379
1997-09-02,15.264533996582031,6188602
1997-09-03,15.153587341308594,10275416
1997-09-04,15.14708137512207,5151445
1997-09-05,15.192609786987305,4426808
1997-09-08,15.486055374145508,4165802
1997-09-09,15.440522193908691,5014073
1997-09-10,14.853638648986816,8480996
1997-09-11,14.423224449157715,7589796
1997-09-12,14.123273849487305,9715625
1997-09-15,14.540678024291992,7108994
1997-09-16,15.192609786987305,10965709
1997-09-17,15.029629707336426,8432915
1997-09-18,15.17309856414795,5352351
1997-09-19,15.492559432983398,10993184
1997-09-22,15.909966468811035,9294924
1997-09-23,15.909966468811035,7371718
1997-09-24,16.04042625427246,7613836
1997-09-25,15.935973167419434,9243409
1997-09-26,15.525078773498535,10951972
1997-09-29,15.36247730255127,7076368
1997-09-30,15.466544151306152,8958363
1997-10-01,15.720963478088379,12535183
1997-10-02,15.64903736114502,7392323
1997-10-03,15.64903736114502,0
1997-10-06,15.616519927978516,6872027
1997-10-07,15.583995819091797,11953070
1997-10-08,15.512072563171387,11939332
1997-10-09,15.394996643066406,9123209
1997-10-10,15.636033058166504,9581688
1997-10-13,15.988391876220703,5834870
1997-10-14,16.00790786743164,9595425
1997-10-15,15.909966468811035,9525022
1997-10-16,15.988391876220703,5905273
1997-10-17,15.36898422241211,9159269
1997-10-20,15.342582702636719,5637398
1997-10-21,15.779496192932129,6573244
1997-10-22,15.40150260925293,6566375
1997-10-23,14.710164070129395,17720971
1997-10-24,14.814614295959473,7776965
1997-10-27,14.371190071105957,8146152
1997-10-28,13.340877532958984,25106427
1997-10-29,14.155792236328125,10648037
1997-10-30,13.849723815917969,11911858
1997-10-31,13.771292686462402,8529076
1997-11-03,14.26024055480957,6817079
1997-11-04,13.999312400817871,9892492
1997-11-05,14.142786979675293,10347536
1997-11-06,14.051729202270508,7436969
1997-11-07,13.477845191955566,10404202
1997-11-10,13.301856994628906,6234965
1997-11-11,13.451828002929688,4923064
1997-11-12,13.301856994628906,7842216
1997-11-13,13.001904487609863,9533608
1997-11-14,12.80639934539795,12590132
1997-11-17,12.98086166381836,14806970
1997-11-18,13.164886474609375,12519729
1997-11-19,13.106350898742676,6911522
1997-11-20,13.686351776123047,9873603
1997-11-21,13.842833518981934,9430579
1997-11-24,13.26933479309082,7512524
1997-11-25,13.275838851928711,2029669
1997-11-26,13.393295288085938,2628954
1997-11-27,13.823323249816895,2057143
1997-11-28,13.627819061279297,1629573
1997-12-01,14.116764068603516,2793800
1997-12-02,14.142786979675293,2220272
1997-12-03,13.888747215270996,1942094
1997-12-04,14.33216667175293,2321584
1997-12-05,14.605718612670898,3071978
1997-12-08,14.423224449157715,2271787
1997-12-09,14.214715003967285,707465
1997-12-10,13.81031608581543,1057763
1997-12-11,13.066946029663086,4540140
1997-12-12,13.334373474121094,2819557
1997-12-15,13.171390533447266,2419462
1997-12-16,13.406304359436035,3942572
1997-12-17,13.327871322631836,2325018
1997-12-18,13.327871322631836,2294110
1997-12-19,13.04092788696289,4744481
1997-12-22,13.393295288085938,1753208
1997-12-23,13.516868591308594,983926
1997-12-24,13.516868591308594,0
1997-12-25,13.516868591308594,0
1997-12-26,13.516868591308594,0
1997-12-29,14.18869686126709,2045123
1997-12-30,13.888747215270996,1677654
1997-12-31,13.888747215270996,0
1998-01-01,13.888747215270996,0
1998-01-02,14.599217414855957,1785834
1998-01-05,14.866643905639648,4347819
1998-01-06,14.384199142456055,3209350
1998-01-07,14.299263000488281,2883092
1998-01-08,14.501649856567383,3214501
1998-01-09,14.240723609924316,2433199
1998-01-12,13.627819061279297,3217936
1998-01-13,13.686351776123047,2395422
1998-01-14,13.510364532470703,2857334
1998-01-15,13.451828002929688,1966134
1998-01-16,13.575786590576172,2333604
1998-01-19,14.077744483947754,3290056
1998-01-20,14.429727554321289,4339234
1998-01-21,13.992809295654297,5438209
1998-01-22,13.771292686462402,2963798
1998-01-23,13.653838157653809,3709040
1998-01-26,13.81031608581543,2271787
1998-01-27,14.142786979675293,3573385
1998-01-28,14.410215377807617,4931650
1998-01-29,14.371190071105957,3135513
1998-01-30,14.527669906616211,4260245
1998-02-02,14.795096397399902,4909327
1998-02-03,14.80810832977295,4890438
1998-02-04,14.579700469970703,3856715
1998-02-05,14.605718612670898,3178441
1998-02-06,14.723175048828125,2474410
1998-02-09,14.690650939941406,4704986
1998-02-10,14.847129821777344,2956929
1998-02-11,14.886154174804688,4919630
1998-02-12,14.684150695800781,2307847
1998-02-13,14.788595199584961,1626139
1998-02-16,14.853638648986816,1751491
1998-02-17,15.238521575927734,4691249
1998-02-18,15.10155200958252,2663297
1998-02-19,14.990602493286133,2185929
1998-02-20,14.697159767150879,2419462
1998-02-23,14.33216667175293,2711377
1998-02-24,14.469134330749512,1840783
1998-02-25,14.821118354797363,2204818
1998-02-26,14.677642822265625,1835631
1998-02-27,14.586207389831543,1863106
1998-03-02,14.84062671661377,2024517
1998-03-03,14.76908016204834,1069783
1998-03-04,14.632115364074707,2318150
1998-03-05,14.423224449157715,3171573
1998-03-06,14.390701293945312,2616934
1998-03-09,14.43622875213623,3320965
1998-03-10,14.801604270935059,3120058
1998-03-11,14.958085060119629,2328453
1998-03-12,14.860140800476074,2469259
1998-03-13,14.834121704101562,1521393
1998-03-16,14.73617935180664,1516242
1998-03-17,14.90567398071289,1131600
1998-03-18,14.605718612670898,1983306
1998-03-19,14.632115364074707,1859671
1998-03-20,15.473051071166992,7210306
1998-03-23,15.7990140914917,6265874
1998-03-24,16.392412185668945,5759315
1998-03-25,16.372900009155273,4110853
1998-03-26,15.975384712219238,3157835
1998-03-27,16.170886993408203,3090867
1998-03-30,16.07295036315918,2328453
1998-03-31,15.975384712219238,1959266
1998-04-01,16.229429244995117,2704508
1998-04-02,15.590503692626953,5484572
1998-04-03,15.720963478088379,2182495
1998-04-06,16.07295036315918,2692488
1998-04-07,15.94248104095459,2709660
1998-04-08,15.623022079467773,2070880
1998-04-09,15.70145034790039,1851085
1998-04-10,15.70145034790039,0
1998-04-13,15.70145034790039,0
1998-04-14,15.740480422973633,1706845
1998-04-15,15.51895809173584,2905415
1998-04-16,15.40150260925293,2419462
1998-04-17,15.50556755065918,2070880
1998-04-20,15.51895809173584,2864203
1998-04-21,15.583995819091797,2884809
1998-04-22,14.866643905639648,9293207
1998-04-23,14.514665603637695,5589318
1998-04-24,14.110264778137207,4965993
1998-04-27,13.679853439331055,3241976
1998-04-28,13.679853439331055,5070739
1998-04-29,13.855843544006348,3964895
1998-04-30,13.86923599243164,3602577
1998-05-01,13.86923599243164,0
1998-05-04,14.006200790405273,2366230
1998-05-05,13.953786849975586,2182495
1998-05-06,14.214715003967285,3322682
1998-05-07,13.940775871276855,2333604
1998-05-08,14.051729202270508,2105223
1998-05-11,14.384199142456055,2625519
1998-05-12,14.605718612670898,3951158
1998-05-13,15.25803279876709,9233107
1998-05-14,15.50556755065918,4031864
1998-05-15,15.531967163085938,3022181
1998-05-18,15.38199234008789,2884809
1998-05-19,15.460041046142578,2273504
1998-05-20,15.36247730255127,2654711
1998-05-21,15.36247730255127,0
1998-05-22,15.890449523925781,5027810
1998-05-25,16.06644630432129,2934606
1998-05-26,15.9815092086792,2495016
1998-05-27,15.388495445251465,3339853
1998-05-28,15.127569198608398,2601479
1998-05-29,15.11456298828125,1315335
1998-06-01,15.11456298828125,0
1998-06-02,15.225512504577637,1560029
1998-06-03,15.212501525878906,1352254
1998-06-04,15.023122787475586,2143859
1998-06-05,15.140576362609863,1471596
1998-06-08,15.023122787475586,1956690
1998-06-09,14.879652976989746,2128405
1998-06-10,14.821118354797363,1720582
1998-06-11,14.821118354797363,0
1998-06-12,14.39720630645752,2932889
1998-06-15,14.214715003967285,2612641
1998-06-16,14.247233390808105,1620129
1998-06-17,14.573202133178711,1515383
1998-06-18,14.371190071105957,1807298
1998-06-19,14.279751777648926,2489865
1998-06-22,14.058236122131348,1445838
1998-06-23,14.638623237609863,2140425
1998-06-24,14.312650680541992,3114907
1998-06-25,14.377694129943848,2030528
1998-06-26,14.175688743591309,1669926
1998-06-29,14.456123352050781,1668209
1998-06-30,14.299263000488281,1661341
1998-07-01,14.33216667175293,1566039
1998-07-02,14.077744483947754,1815025
1998-07-03,14.390701293945312,1668209
1998-07-06,14.019206047058105,2457239
1998-07-07,13.953786849975586,3053948
1998-07-08,13.829827308654785,1576342
1998-07-09,13.706249237060547,2358503
1998-07-10,14.032215118408203,3369045
1998-07-13,14.019206047058105,2458956
1998-07-14,14.30615234375,3121775
1998-07-15,14.423609733581543,385328
1998-07-16,16.95366859436035,4037616
1998-07-17,17.343908309936523,16992042
1998-07-20,17.305261611938477,5906131
1998-07-21,18.06163787841797,9654666
1998-07-22,17.6966552734375,8817618
1998-07-23,17.670637130737305,7573312
1998-07-24,17.416215896606445,6266873
1998-07-27,16.627317428588867,5818520
1998-07-28,16.340370178222656,5598541
1998-07-29,16.340370178222656,7533011
1998-07-30,16.718372344970703,3167021
1998-07-31,16.718372344970703,9957814
1998-08-03,16.82282066345215,5180414
1998-08-04,16.594799041748047,3600261
1998-08-05,16.301349639892578,7732839
1998-08-06,15.779496192932129,7576671
1998-08-07,15.779496192932129,3711090
1998-08-10,15.779496192932129,3358453
1998-08-11,15.64903736114502,6392816
1998-08-12,15.714465141296387,3685902
1998-08-13,15.629526138305664,4585967
1998-08-14,15.903460502624512,3197247
1998-08-17,15.759987831115723,3222436
1998-08-18,16.235925674438477,4834493
1998-08-19,16.170886993408203,2804308
1998-08-20,16.222919464111328,3838711
1998-08-21,15.518573760986328,7260976
1998-08-24,15.453534126281738,8785714
1998-08-25,15.47955322265625,4315612
1998-08-26,15.642535209655762,7806725
1998-08-27,15.7534818649292,7603538
1998-08-28,15.7534818649292,8461624
1998-08-31,14.873149871826172,5089735
1998-09-01,14.866643905639648,7272731
1998-09-02,15.03612995147705,5319789
1998-09-03,14.73617935180664,4434838
1998-09-04,14.73617935180664,2159484
1998-09-07,15.460041046142578,5289564
1998-09-08,15.623022079467773,4565817
1998-09-09,15.518573760986328,5069585
1998-09-10,14.938572883605957,5271092
1998-09-11,14.938572883605957,7732839
1998-09-14,14.677642822265625,3450811
1998-09-15,14.723175048828125,3902523
1998-09-16,14.638623237609863,5835313
1998-09-17,13.236429214477539,18582323
1998-09-18,13.236429214477539,10261755
1998-09-21,11.593596458435059,9475876
1998-09-22,11.668962478637695,8886468
1998-09-23,12.089045524597168,6774000
1998-09-24,12.141077041625977,67167
1998-09-25,12.141077041625977,6033461
1998-09-28,12.193492889404297,3269454
1998-09-29,12.102055549621582,4547345
1998-09-30,11.677000999450684,6569134
1998-10-01,10.308860778808594,7610255
1998-10-02,10.63482666015625,7402031
1998-10-05,10.745777130126953,3731241
1998-10-06,11.08475112915039,5207282
1998-10-07,10.302355766296387,6710190
1998-10-08,10.561753273010254,5595182
1998-10-09,10.433967590332031,3244265
1998-10-12,11.011676788330078,3755909
1998-10-13,10.954289436340332,4411211
1998-10-14,11.463130950927734,3589873
1998-10-15,11.64562702178955,4511978
1998-10-16,11.85413932800293,6085843
1998-10-19,11.606602668762207,2761823
1998-10-20,12.258535385131836,5260201
1998-10-21,11.96509075164795,4876978
1998-10-22,11.873651504516602,3249108
1998-10-23,11.958584785461426,2010578
1998-10-26,12.454034805297852,4925460
1998-10-27,13.282346725463867,6262719
1998-10-28,13.242937088012695,5207728
1998-10-29,13.106350898742676,4437971
1998-10-30,13.106350898742676,5740373
1998-11-02,13.549772262573242,3237334
1998-11-03,13.549772262573242,5414891
1998-11-04,14.951580047607422,25443217
1998-11-05,14.66463565826416,14944000
1998-11-06,14.66463565826416,6420076
1998-11-09,14.247233390808105,4361253
1998-11-10,14.214715003967285,4117134
1998-11-11,14.573202133178711,4701955
1998-11-12,14.25373649597168,4043517
1998-11-13,14.495148658752441,3481389
1998-11-16,15.062145233154297,4499749
1998-11-17,14.938572883605957,4187074
1998-11-18,14.80810832977295,4870815
1998-11-19,15.245024681091309,5522700
1998-11-20,15.25803279876709,5057954
1998-11-23,15.25803279876709,3077609
1998-11-24,15.277543067932129,3757877
1998-11-25,15.225512504577637,3511028
1998-11-26,15.518573760986328,5132348
1998-11-27,15.779496192932129,3241162
1998-11-30,15.388495445251465,3485852
1998-12-01,15.388495445251465,7044755
1998-12-02,14.677642822265625,5588782
1998-12-03,14.475637435913086,9893363
1998-12-04,13.406304359436035,10276610
1998-12-07,13.04092788696289,11893896
1998-12-08,13.04092788696289,7111471
1998-12-09,13.497360229492188,6473173
1998-12-10,13.59529972076416,6588533
1998-12-11,13.59529972076416,4952213
1998-12-14,13.490854263305664,3564359
1998-12-15,13.679853439331055,4297217
1998-12-16,14.01270866394043,3582492
1998-12-17,14.084247589111328,3385724
1998-12-18,14.084247589111328,3957413
1998-12-21,14.064740180969238,3582612
1998-12-22,14.279751777648926,1956620
1998-12-23,14.66463565826416,2255308
1998-12-24,14.66463565826416,0
1998-12-25,14.66463565826416,0
1998-12-28,14.67113971710205,1653281
1998-12-29,14.70366096496582,1616016
1998-12-30,14.038723945617676,1834759
1998-12-31,14.038723945617676,0
1999-01-01,14.038723945617676,0
1999-01-04,14.43622875213623,2435609
1999-01-05,14.793571472167969,3053542
1999-01-06,15.482231140136719,2829309
1999-01-07,15.290934562683105,3710218
1999-01-08,15.558751106262207,2744709
1999-01-11,15.737039566040039,2586546
1999-01-12,15.750041007995605,3739841
1999-01-13,15.17616081237793,4453755
1999-01-14,15.17616081237793,3400867
1999-01-15,14.232312202453613,5442010
1999-01-18,14.143165588378906,2233512
1999-01-19,13.926238059997559,2349866
1999-01-20,15.571369171142578,4850742
1999-01-21,15.512833595275879,3209944
1999-01-22,15.512833595275879,3877887
1999-01-25,15.201408386230469,2460793
1999-01-26,15.023122787475586,2979648
1999-01-27,15.329192161560059,3861642
1999-01-28,15.635261535644531,2976122
1999-01-29,15.941339492797852,3848754
1999-02-01,16.32392120361328,4253583
1999-02-02,16.221776962280273,2866062
1999-02-03,15.941339492797852,4580679
1999-02-04,15.686149597167969,5499681
1999-02-05,16.142580032348633,5435130
1999-02-08,15.880121231079102,3997686
1999-02-09,15.38007640838623,4554974
1999-02-10,15.38007640838623,3167603
1999-02-11,15.507479667663574,3264453
1999-02-12,15.507479667663574,4548861
1999-02-15,15.38007640838623,1946011
1999-02-16,15.27793025970459,2079254
1999-02-17,15.214414596557617,3523840
1999-02-18,15.673526763916016,4748542
1999-02-19,15.494854927062988,2781403
1999-02-22,14.94660472869873,3123291
1999-02-23,14.831827163696289,3025099
1999-02-24,15.099639892578125,1835666
1999-02-25,14.56401252746582,1963886
1999-02-26,14.56401252746582,1559207
1999-03-01,14.183720588684082,2279270
1999-03-02,14.183720588684082,1886494
1999-03-03,13.60983657836914,2495832
1999-03-04,14.449239730834961,5141794
1999-03-05,15.137898445129395,4834210
1999-03-08,14.717050552368164,3149551
1999-03-09,14.895339965820312,2272328
1999-03-10,14.586971282958984,1894629
1999-03-11,14.607246398925781,1789800
1999-03-12,14.607246398925781,5209997
1999-03-15,15.048375129699707,1413337
1999-03-16,15.45391845703125,2844266
1999-03-17,15.632587432861328,4636246
1999-03-18,15.839179992675781,2828650
1999-03-19,15.923355102539062,13151189
1999-03-22,15.941339492797852,1684396
1999-03-23,15.507479667663574,2302842
1999-03-24,15.076684951782227,2481666
1999-03-25,15.17616081237793,1543536
1999-03-26,15.1401948928833,1871025
1999-03-29,15.211738586425781,1508976
1999-03-30,15.390410423278809,1893868
1999-03-31,15.62225341796875,2149179
1999-04-01,15.456599235534668,1522776
1999-04-02,15.456599235534668,0
1999-04-05,15.456599235534668,0
1999-04-06,15.609631538391113,1442587
1999-04-07,15.87744140625,3117257
1999-04-08,15.87744140625,2000279
1999-04-09,16.152908325195312,2984852
1999-04-12,16.10202407836914,1733001
1999-04-13,16.10202407836914,3812346
1999-04-14,16.451332092285156,2667355
1999-04-15,16.4589786529541,1999251
1999-04-16,16.4589786529541,2748518
1999-04-19,16.40044403076172,4472444
1999-04-20,16.632295608520508,3188696
1999-04-21,17.343908309936523,5520157
1999-04-22,17.85428237915039,6439680
1999-04-23,17.85428237915039,2521596
1999-04-26,18.109086990356445,2558378
1999-04-27,18.109086990356445,4123179
1999-04-28,18.03256607055664,2103896
1999-04-29,17.739501953125,2128232
1999-04-30,17.77240753173828,2463560
1999-05-03,17.777761459350586,1717080
1999-05-04,17.91779136657715,3710567
1999-05-05,18.323331832885742,2946081
1999-05-06,18.08880615234375,2891507
1999-05-07,18.300378799438477,2007965
1999-05-10,18.262123107910156,2366720
1999-05-11,18.21123504638672,2261527
1999-05-12,18.351646423339844,2417496
1999-05-13,18.351646423339844,0
1999-05-14,18.019939422607422,3088653
1999-05-17,18.262123107910156,3039052
1999-05-18,17.841272354125977,4140562
1999-05-19,17.451032638549805,4590186
1999-05-20,17.15260887145996,3390269
1999-05-21,16.85955238342285,2869933
1999-05-24,16.85955238342285,0
1999-05-25,16.991928100585938,2592392
1999-05-26,16.566104888916016,3145763
1999-05-27,16.97432518005371,1992565
1999-05-28,16.680879592895508,2248451
1999-05-31,16.454008102416992,1076038
1999-06-01,16.57872772216797,2784358
1999-06-02,16.62999725341797,2880260
1999-06-03,16.62999725341797,0
1999-06-04,16.627317428588867,2676483
1999-06-07,16.566104888916016,2812467
1999-06-08,17.139989852905273,2597268
1999-06-09,17.466337203979492,1925644
1999-06-10,17.433427810668945,3482306
1999-06-11,17.03783416748047,2607824
1999-06-14,17.53520393371582,1502705
1999-06-15,17.647686004638672,1819580
1999-06-16,17.649980545043945,3315415
1999-06-17,17.938451766967773,5403871
1999-06-18,18.223861694335938,14229719
1999-06-21,18.18560218811035,5496841
1999-06-22,18.956144332885742,2947776
1999-06-23,19.180334091186523,2323250
1999-06-24,18.8742618560791,1786229
1999-06-25,18.662691116333008,2165155
1999-06-28,18.721229553222656,2538834
1999-06-29,19.080860137939453,2599563
1999-06-30,19.23160171508789,2536314
1999-07-01,19.126766204833984,4263443
1999-07-02,19.606538772583008,2914300
1999-07-05,19.843746185302734,2813027
1999-07-06,20.085920333862305,2613378
1999-07-07,20.177745819091797,4362420
1999-07-08,20.14982032775879,2497551
1999-07-09,20.200700759887695,2905152
1999-07-12,20.200700759887695,1997762
1999-07-13,19.830734252929688,2184490
1999-07-14,19.774879455566406,2952184
1999-07-15,20.504093170166016,3401853
1999-07-16,20.685441970825195,2396162
1999-07-19,20.60892105102539,1541303
1999-07-20,20.532405853271484,3222631
1999-07-21,20.04766082763672,3139288
1999-07-22,19.841066360473633,4082386
1999-07-23,19.8181095123291,4222044
1999-07-26,20.557653427124023,3999286
1999-07-27,19.792482376098633,2624141
1999-07-28,19.843746185302734,2666924
1999-07-29,19.665071487426758,3921419
1999-07-30,19.256853103637695,2468287
1999-08-02,19.5502986907959,2773721
1999-08-03,19.843746185302734,2567665
1999-08-04,19.89462661743164,3300616
1999-08-05,20.23895835876465,3004383
1999-08-06,19.792482376098633,1757440
1999-08-09,19.767223358154297,1644775
1999-08-10,19.767223358154297,3065001
1999-08-11,19.310415267944336,1528140
1999-08-12,19.386932373046875,2318657
1999-08-13,19.69070816040039,2119614
1999-08-16,19.922557830810547,2111389
1999-08-17,20.289836883544922,2483999
1999-08-18,20.21332359313965,1783516
1999-08-19,19.787506103515625,1368245
1999-08-20,19.71098518371582,1630380
1999-08-23,19.897310256958008,1907193
1999-08-24,20.289836883544922,2289965
1999-08-25,20.430252075195312,3128073
1999-08-26,20.593624114990234,2081355
1999-08-27,20.4941463470459,2539877
1999-08-30,20.787208557128906,2495781
1999-08-31,20.718339920043945,2219173
1999-09-01,20.05034065246582,1247540
1999-09-02,20.32809829711914,1823592
1999-09-03,19.89462661743164,1488522
1999-09-06,20.175065994262695,1612132
1999-09-07,20.36635971069336,1710092
1999-09-08,20.53469467163086,2412339
1999-09-09,20.86372947692871,6395523
1999-09-10,21.547414779663086,5067326
1999-09-13,22.011489868164062,1914721
1999-09-14,21.552387237548828,1962388
1999-09-15,21.27194595336914,2275932
1999-09-16,21.014467239379883,2528177
1999-09-17,20.741296768188477,6644723
1999-09-20,20.455886840820312,2445956
1999-09-21,20.953250885009766,3572676
1999-09-22,21.00681495666504,2146080
1999-09-23,20.532405853271484,2771366
1999-09-24,21.10628890991211,3200305
1999-09-27,20.32809829711914,1422088
1999-09-28,20.710691452026367,2753352
1999-09-29,20.21600914001465,4243917
1999-09-30,20.02203369140625,3033733
1999-10-01,19.741596221923828,2583620
1999-10-04,19.746564865112305,1858881
1999-10-05,20.32809829711914,3255620
1999-10-06,20.787208557128906,2395578
1999-10-07,20.488792419433594,3187532
1999-10-08,20.73134994506836,2026926
1999-10-11,20.647184371948242,1970308
1999-10-12,20.81016731262207,2655143
1999-10-13,20.769607543945312,2743043
1999-10-14,20.200700759887695,2381302
1999-10-15,19.94550895690918,4121972
1999-10-18,19.8181095123291,2343584
1999-10-19,19.379281997680664,1992352
1999-10-20,19.89462661743164,2175406
1999-10-21,20.11155128479004,1424540
1999-10-22,20.188074111938477,2316754
1999-10-25,20.601268768310547,2482742
1999-10-26,20.759273529052734,3204957
1999-10-27,21.15717124938965,2888423
1999-10-28,21.374101638793945,3343298
1999-10-29,21.616283416748047,2484654
1999-11-01,21.820205688476562,1084618
1999-11-02,21.769315719604492,3465768
1999-11-03,22.304943084716797,10563778
1999-11-04,23.006229400634766,6037245
1999-11-05,23.12635612487793,3343494
1999-11-08,23.14663314819336,1894819
1999-11-09,23.210525512695312,3480879
1999-11-10,23.593111038208008,3166615
1999-11-11,24.179622650146484,3334994
1999-11-12,24.434812545776367,3485351
1999-11-15,24.077470779418945,2231121
1999-11-16,23.975704193115234,2332013
1999-11-17,24.179622650146484,4072034
1999-11-18,24.628406524658203,4873093
1999-11-19,25.148723602294922,3917437
1999-11-22,25.296781539916992,3513630
1999-11-23,24.230512619018555,2226061
1999-11-24,24.473073959350586,1794523
1999-11-25,24.64905548095703,2809826
1999-11-26,25.391281127929688,3140580
1999-11-29,25.83738136291504,2708068
1999-11-30,26.054311752319336,3040838
1999-12-01,25.480422973632812,3050570
1999-12-02,25.327396392822266,4688283
1999-12-03,26.528722763061523,3818474
1999-12-06,26.528722763061523,4452784
1999-12-07,29.255435943603516,3435883
1999-12-08,28.84453010559082,3597846
1999-12-09,28.798620223999023,2381082
1999-12-10,29.171260833740234,2904751
1999-12-13,28.796335220336914,2854562
1999-12-14,28.796335220336914,3988646
1999-12-15,29.54849624633789,4492147
1999-12-16,29.791059494018555,2966230
1999-12-17,30.351930618286133,14068345
1999-12-20,30.479711532592773,1820472
1999-12-21,29.867576599121094,1614631
1999-12-22,30.035911560058594,1706574
1999-12-23,30.020610809326172,2035536
1999-12-24,30.020610809326172,0
1999-12-27,30.79343605041504,2591097
1999-12-28,30.53060531616211,1599002
1999-12-29,31.321409225463867,1796440
1999-12-30,31.627485275268555,976075
1999-12-31,31.627485275268555,0
2000-01-03,47.24973678588867,2408533
2000-01-04,45.34061813354492,3421112
2000-01-05,43.80644226074219,3938401
2000-01-06,43.27082824707031,3326886
2000-01-07,45.0116081237793,3914176
2000-01-10,47.689720153808594,3109941
2000-01-11,48.018741607666016,3290906
2000-01-12,47.50990295410156,2975461
2000-01-13,49.353981018066406,6194023
2000-01-14,51.917335510253906,3828295
2000-01-17,53.06891632080078,3484209
2000-01-18,50.884334564208984,3286878
2000-01-19,50.21480941772461,2594500
2000-01-20,52.57920837402344,3464073
2000-01-21,52.414695739746094,3451326
2000-01-24,53.81114959716797,7551123
2000-01-25,54.32764434814453,5009212
2000-01-26,54.32764434814453,3066517
2000-01-27,57.35009765625,2602162
2000-01-28,57.8091926574707,4587343
2000-01-31,53.22196960449219,3697262
2000-02-01,55.15021896362305,3331336
2000-02-02,55.20759582519531,2932653
2000-02-03,58.256832122802734,3288063
2000-02-04,61.78811264038086,2926407
2000-02-07,62.36201477050781,4031442
2000-02-08,65.42272186279297,3438282
2000-02-09,68.71299743652344,3877754
2000-02-10,66.18790435791016,4799626
2000-02-11,65.61399841308594,4429095
2000-02-14,67.49635314941406,2609937
2000-02-15,62.1745491027832,3797358
2000-02-16,62.24724197387695,6412588
2000-02-17,63.28021240234375,3739234
2000-02-18,61.2257080078125,3542943
2000-02-21,62.36201477050781,2602195
2000-02-22,63.16545104980469,3458689
2000-02-23,69.0955810546875,4522829
2000-02-24,68.67089080810547,4111964
2000-02-25,72.38841247558594,3046213
2000-02-28,68.9615249633789,2923844
2000-02-29,71.00225067138672,3054236
2000-03-01,72.1188735961914,3800748
2000-03-02,73.73991394042969,2380273
2000-03-03,73.36258697509766,2458515
2000-03-06,71.61833190917969,1901243
2000-03-07,70.46318054199219,2437769
2000-03-08,67.91419982910156,2525751
2000-03-09,70.27066802978516,2029435
2000-03-10,71.81085205078125,1902536
2000-03-13,71.81085205078125,0
2000-03-14,65.76564025878906,2857474
2000-03-15,58.94650650024414,5417820
2000-03-16,58.719322204589844,5098210
2000-03-17,61.60330581665039,24648511
2000-03-20,67.47523498535156,3252402
2000-03-21,65.4576187133789,2978880
2000-03-22,60.95259094238281,3929198
2000-03-23,60.937191009521484,2562720
2000-03-24,63.64789581298828,2587070
2000-03-27,61.60715103149414,1832478
2000-03-28,60.41351318359375,2820118
2000-03-29,59.393165588378906,2693418
2000-03-30,57.17914962768555,4363904
2000-03-31,57.752864837646484,3108108
2000-04-03,54.67636489868164,2797192
2000-04-04,52.962921142578125,3432826
2000-04-05,51.39961624145508,5497225
2000-04-06,55.85075378417969,4122764
2000-04-07,57.756710052490234,2532353
2000-04-10,58.87334442138672,2152001
2000-04-11,55.8853874206543,3000543
2000-04-12,54.50308609008789,2717367
2000-04-13,55.35018539428711,2694142
2000-04-14,51.865516662597656,2920737
2000-04-17,54.48768615722656,3873512
2000-04-18,56.197288513183594,3787491
2000-04-19,56.197288513183594,0
2000-04-20,57.6989631652832,1981456
2000-04-21,57.6989631652832,0
2000-04-24,57.6989631652832,0
2000-04-25,58.37278747558594,1842487
2000-04-26,60.066993713378906,2766690
2000-04-27,58.37278747558594,3590867
2000-04-28,62.762298583984375,3651560
2000-05-01,62.762298583984375,0
2000-05-02,65.26509094238281,2299620
2000-05-03,62.80080032348633,2626347
2000-05-04,63.12808609008789,1990884
2000-05-05,65.4576187133789,1720997
2000-05-08,65.4576187133789,0
2000-05-09,65.4576187133789,0
2000-05-10,65.4576187133789,0
2000-05-11,59.10437774658203,3872169
2000-05-12,59.489418029785156,1797050
2000-05-15,59.2814826965332,1486380
2000-05-16,61.05656051635742,2749354
2000-05-17,58.56147003173828,2575698
2000-05-18,57.710514068603516,2394752
2000-05-19,56.794105529785156,2793283
2000-05-22,54.71486282348633,3156820
2000-05-23,56.4860725402832,2236293
2000-05-24,55.83149719238281,2381384
2000-05-25,57.275413513183594,2439321
2000-05-26,57.833740234375,1996185
2000-05-29,60.066993713378906,1377345
2000-05-30,59.897560119628906,1691416
2000-05-31,60.53288650512695,1902402
2000-06-01,63.147335052490234,1555800
2000-06-02,65.07257080078125,2841465
2000-06-05,64.3024673461914,1831075
2000-06-06,63.61326217651367,1959451
2000-06-07,62.95481491088867,2073035
2000-06-08,63.69411087036133,3512732
2000-06-09,63.91743850708008,1456180
2000-06-12,62.28099822998047,540226
2000-06-13,63.339881896972656,1957525
2000-06-14,63.18584442138672,1835623
2000-06-15,62.33490753173828,1541108
2000-06-16,57.949241638183594,11560957
2000-06-19,61.31837844848633,1616575
2000-06-20,62.673744201660156,2217764
2000-06-21,61.664920806884766,1982478
2000-06-22,60.87556838989258,1301778
2000-06-23,61.414642333984375,1664292
2000-06-26,61.60715103149414,1191443
2000-06-27,61.08735656738281,1827562
2000-06-28,60.4520263671875,1625175
2000-06-29,59.5356330871582,1636956
2000-06-30,61.12586975097656,1532835
2000-07-03,62.83546829223633,1332602
2000-07-04,64.6875228881836,2604159
2000-07-05,64.4949951171875,4135275
2000-07-06,62.62753677368164,4842222
2000-07-07,62.62753677368164,0
2000-07-10,64.4949951171875,1530954
2000-07-11,63.95594024658203,2589328
2000-07-12,67.29428100585938,2905213
2000-07-13,67.29428100585938,0
2000-07-14,69.23104858398438,2854285
2000-07-17,69.88562774658203,2031240
2000-07-18,69.30805969238281,1266438
2000-07-19,67.76788330078125,1697048
2000-07-20,68.73048400878906,1894555
2000-07-21,67.37899017333984,1485232
2000-07-24,69.68156433105469,1698615
2000-07-25,68.76901245117188,1475946
2000-07-26,66.98624420166016,4925444
2000-07-27,64.6875228881836,3317968
2000-07-28,62.55436706542969,4563399
2000-07-31,63.72490310668945,2181928
2000-08-01,64.78378295898438,1701467
2000-08-02,63.90972137451172,1882572
2000-08-03,61.22211837768555,4380320
2000-08-04,60.394283294677734,2488897
2000-08-07,62.261749267578125,1844853
2000-08-08,63.921295166015625,2235807
2000-08-09,65.26509094238281,2402821
2000-08-10,65.07257080078125,1667019
2000-08-11,62.95481491088867,1892330
2000-08-14,63.78266525268555,1728657
2000-08-15,63.6864013671875,1335531
2000-08-16,63.53239440917969,1323471
2000-08-17,63.87892532348633,898809
2000-08-18,65.26509094238281,3293702
2000-08-21,67.0555419921875,1810557
2000-08-22,67.30581665039062,1496327
2000-08-23,66.84376525878906,1701908
2000-08-24,69.30805969238281,1072883
2000-08-25,67.6793212890625,2448413
2000-08-28,68.44171142578125,1252746
2000-08-29,68.9615249633789,1207613
2000-08-30,67.77555847167969,1539697
2000-08-31,69.5005874633789,2129071
2000-09-01,71.3873062133789,3146815
2000-09-04,72.8504638671875,1894195
2000-09-05,72.38841247558594,2127889
2000-09-06,70.46318054199219,1862009
2000-09-07,71.15241241455078,2105235
2000-09-08,68.15293884277344,1886967
2000-09-11,69.59683227539062,1607996
2000-09-12,69.10396575927734,1518098
2000-09-13,69.10396575927734,0
2000-09-14,68.5610580444336,2301178
2000-09-15,69.34654998779297,2970452
2000-09-18,67.39825439453125,1893830
2000-09-19,66.26622772216797,2135664
2000-09-20,63.801910400390625,2112891
2000-09-21,61.14511489868164,4098228
2000-09-22,58.0262451171875,10522983
2000-09-25,60.9756965637207,2725409
2000-09-26,60.221004486083984,2857870
2000-09-27,58.98887634277344,2143743
2000-09-28,58.21876907348633,3502165
2000-09-29,56.21652603149414,2867015
2000-10-02,56.37054443359375,2130104
2000-10-03,56.37054443359375,0
2000-10-04,53.65983581542969,5303335
2000-10-05,56.524559020996094,4479530
2000-10-06,55.253929138183594,2929734
2000-10-09,54.32981491088867,2738216
2000-10-10,55.923919677734375,3432361
2000-10-11,54.12189483642578,5482667
2000-10-12,53.960166931152344,3225458
2000-10-13,53.960166931152344,0
2000-10-16,53.960166931152344,0
2000-10-17,53.960166931152344,0
2000-10-18,53.960166931152344,0
2000-10-19,53.960166931152344,0
2000-10-20,53.960166931152344,0
2000-10-23,55.53886413574219,2575553
2000-10-24,55.53886413574219,0
2000-10-25,54.807281494140625,3296426
2000-10-26,54.69560241699219,2703251
2000-10-27,55.60431671142578,2514960
2000-10-30,56.7556037902832,2629388
2000-10-31,56.7556037902832,0
2000-11-01,58.60380172729492,2490879
2000-11-02,59.03120803833008,2677567
2000-11-03,59.747406005859375,2174158
2000-11-06,59.296897888183594,2070127
2000-11-07,57.275413513183594,3130253
2000-11-08,54.19120407104492,7833134
2000-11-09,52.65486526489258,9457492
2000-11-10,51.0184326171875,4421943
2000-11-13,50.09817886352539,4091591
2000-11-14,50.09817886352539,0
2000-11-15,53.13618469238281,3427429
2000-11-16,51.2956657409668,3224278
2000-11-17,50.67190170288086,2766316
2000-11-20,48.70817184448242,4029826
2000-11-21,49.86330032348633,3425865
2000-11-22,48.5156364440918,3665130
2000-11-23,50.825923919677734,2747487
2000-11-24,52.40460205078125,3891084
2000-11-27,53.40571594238281,3251663
2000-11-28,51.63066101074219,2242865
2000-11-29,52.816585540771484,2586805
2000-11-30,50.57948303222656,2560094
2000-12-01,52.616371154785156,2629821
2000-12-04,51.05693054199219,2155945
2000-12-05,54.86886978149414,3176185
2000-12-06,55.90849685668945,4945663
2000-12-07,55.83149719238281,3296525
2000-12-08,57.67971420288086,2732482
2000-12-11,57.641197204589844,2383390
2000-12-12,57.102142333984375,2300662
2000-12-13,54.91893005371094,2818180
2000-12-14,53.75224304199219,4260705
2000-12-15,51.977195739746094,8483349
2000-12-18,52.75114059448242,2551516
2000-12-19,53.698341369628906,2234379
2000-12-20,50.044273376464844,3708313
2000-12-21,50.86441421508789,2609356
2000-12-22,52.481597900390625,1414036
2000-12-25,52.481597900390625,0
2000-12-26,52.481597900390625,0
2000-12-27,52.943668365478516,1182587
2000-12-28,53.675235748291016,1238814
2000-12-29,53.598228454589844,843572
2001-01-01,53.598228454589844,0
2001-01-02,52.63562774658203,1675364
2001-01-03,54.44533157348633,4571567
2001-01-04,53.7137565612793,5457762
2001-01-05,53.7137565612793,0
2001-01-08,54.42993927001953,1963632
2001-01-09,54.67636489868164,5076964
2001-01-10,53.13618469238281,5208897
2001-01-11,54.67636489868164,3963119
2001-01-12,55.75449752807617,4803808
2001-01-15,56.794105529785156,3761911
2001-01-16,55.98551559448242,3858070
2001-01-17,58.52680206298828,5255724
2001-01-18,58.52680206298828,3379887
2001-01-19,60.066993713378906,7402899
2001-01-22,59.489418029785156,5364499
2001-01-23,59.95532989501953,2388483
2001-01-24,60.606048583984375,3567276
2001-01-25,60.95259094238281,3543592
2001-01-26,59.489418029785156,2845108
2001-01-29,59.3161506652832,2453798
2001-01-30,58.2957878112793,3153481
2001-01-31,59.50482177734375,7051519
2001-02-01,58.83099365234375,3160574
2001-02-02,58.68083190917969,2789508
2001-02-05,58.0262451171875,2416334
2001-02-06,58.12250900268555,2716797
2001-02-07,56.27043914794922,4177487
2001-02-08,56.98662185668945,2433134
2001-02-09,55.15767288208008,3379509
2001-02-12,55.44645309448242,3094238
2001-02-13,55.827632904052734,2547650
2001-02-14,55.0613899230957,3599144
2001-02-15,55.0613899230957,0
2001-02-16,54.876583099365234,3413842
2001-02-19,54.09878921508789,2301009
2001-02-20,52.62407684326172,5337303
2001-02-21,51.64223098754883,5963055
2001-02-22,51.133941650390625,5744773
2001-02-23,47.26797866821289,7712101
2001-02-26,49.603477478027344,4355756
2001-02-27,49.894412994384766,3442758
2001-02-28,49.17097091674805,2800912
2001-03-01,48.368873596191406,3570731
2001-03-02,49.57988739013672,2735656
2001-03-05,51.113277435302734,2596597
2001-03-06,53.07918167114258,3306998
2001-03-07,52.70565414428711,6328869
2001-03-08,52.13555908203125,3292618
2001-03-09,49.57988739013672,4477233
2001-03-12,47.18148422241211,6654689
2001-03-13,46.46983337402344,9730298
2001-03-14,30.274789810180664,13580623
2001-03-15,46.815834045410156,5363548
2001-03-16,43.24969482421875,15221112
2001-03-19,44.27196502685547,2830104
2001-03-20,46.10024642944336,3975063
2001-03-21,43.922035217285156,5256594
2001-03-22,41.205162048339844,6387510
2001-03-23,43.17106246948242,5210820
2001-03-26,46.19853591918945,5342917
2001-03-27,49.14738464355469,5585224
2001-03-28,47.18148422241211,3612508
2001-03-29,46.8276252746582,3698982
2001-03-30,45.45150375366211,2393164
2001-04-02,45.30209732055664,2768822
2001-04-03,42.77788543701172,4269709
2001-04-04,42.89189147949219,4947817
2001-04-05,45.274574279785156,4169127
2001-04-06,44.90104675292969,3455271
2001-04-09,44.97968673706055,3244682
2001-04-10,46.94557189941406,3908957
2001-04-11,48.596946716308594,7650381
2001-04-12,49.430477142333984,2819423
2001-04-13,49.430477142333984,0
2001-04-16,49.430477142333984,0
2001-04-17,47.18148422241211,6029899
2001-04-18,50.94814682006836,6140637
2001-04-19,51.309852600097656,4313925
2001-04-20,49.99271774291992,4211604
2001-04-23,49.14738464355469,2600925
2001-04-24,49.320377349853516,3372488
2001-04-25,50.142127990722656,3069421
2001-04-26,47.633644104003906,8611328
2001-04-27,47.319114685058594,5491241
2001-04-30,32.72036361694336,3342039
2001-05-01,32.72036361694336,0
2001-05-02,33.53818130493164,5396437
2001-05-03,32.783267974853516,3760145
2001-05-04,33.14499282836914,3903840
2001-05-07,33.14499282836914,0
2001-05-08,33.0742301940918,4928645
2001-05-09,32.47658920288086,4282082
2001-05-10,32.47658920288086,0
2001-05-11,33.23149490356445,2693359
2001-05-14,32.66138458251953,2557864
2001-05-15,32.65745544433594,2623188
2001-05-16,33.53818130493164,5420500
2001-05-17,34.4424934387207,7028535
2001-05-18,34.599754333496094,5212461
2001-05-21,35.366458892822266,3826755
2001-05-22,35.661338806152344,6846429
2001-05-23,35.37431335449219,3959819
2001-05-24,35.8382682800293,1558185
2001-05-25,35.5355224609375,2998325
2001-05-28,35.40577697753906,2326725
2001-05-29,34.72163772583008,3646482
2001-05-30,33.577491760253906,5468247
2001-05-31,33.31013107299805,4925059
2001-06-01,32.54737854003906,5004696
2001-06-04,32.81079864501953,1163232
2001-06-05,33.56962966918945,4064912
2001-06-06,33.459537506103516,3400409
2001-06-07,33.577491760253906,2641895
2001-06-08,33.59714889526367,3937530
2001-06-11,32.913021087646484,3111879
2001-06-12,31.387483596801758,8980184
2001-06-13,31.434667587280273,4829795
2001-06-14,30.9117431640625,4254870
2001-06-15,30.9117431640625,0
2001-06-18,28.835752487182617,6440355
2001-06-19,29.331157684326172,5797043
2001-06-20,28.09263801574707,9727637
2001-06-21,28.304954528808594,4454049
2001-06-22,28.12803077697754,4096918
2001-06-25,28.544801712036133,4002114
2001-06-26,28.21845817565918,5602767
2001-06-27,27.3023624420166,5383731
2001-06-28,28.171281814575195,9461262
2001-06-29,28.505481719970703,6160630
2001-07-02,28.749252319335938,2868806
2001-07-03,28.812158584594727,3692395
2001-07-04,28.053327560424805,2890119
2001-07-05,26.71257972717285,8079326
2001-07-06,25.17919158935547,7766593
2001-07-09,24.377103805541992,6651182
2001-07-10,24.109745025634766,5906109
2001-07-11,23.78733253479004,6882412
2001-07-12,25.045509338378906,7116162
2001-07-13,25.045509338378906,0
2001-07-16,23.983922958374023,4604902
2001-07-17,24.247356414794922,5100514
2001-07-18,23.630067825317383,3728925
2001-07-19,24.28274154663086,5529236
2001-07-20,23.728361129760742,4273920
2001-07-23,23.944610595703125,4876572
2001-07-24,22.234272003173828,9028499
2001-07-25,22.57241439819336,10931068
2001-07-26,23.567153930664062,8072979
2001-07-27,24.219831466674805,5746968
2001-07-30,24.59335708618164,3709805
2001-07-31,25.301074981689453,4850866
2001-08-01,25.360050201416016,5823926
2001-08-02,25.713912963867188,7028148
2001-08-03,25.183116912841797,4927921
2001-08-06,24.927553176879883,4645723
2001-08-07,24.868576049804688,5605968
2001-08-08,24.290607452392578,3618697
2001-08-09,23.4138126373291,6771052
2001-08-10,23.197568893432617,5548108
2001-08-13,23.55142593383789,3573003
2001-08-14,23.673315048217773,3085997
2001-08-15,23.429540634155273,2027958
2001-08-16,22.450523376464844,5155810
2001-08-17,21.632713317871094,6719859
2001-08-20,21.34962272644043,4849485
2001-08-21,21.428258895874023,3480628
2001-08-22,21.8175106048584,5722292
2001-08-23,21.86075782775879,3627389
2001-08-24,23.42560577392578,4838102
2001-08-27,23.59467315673828,2648001
2001-08-28,23.31551742553711,4689096
2001-08-29,23.059953689575195,5902081
2001-08-30,21.746732711791992,6269324
2001-08-31,22.041616439819336,3923211
2001-09-03,21.326030731201172,3769280
2001-09-04,22.37188720703125,7320747
2001-09-05,20.83849334716797,6843711
2001-09-06,20.032470703125,8321483
2001-09-07,19.010211944580078,8439384
2001-09-10,18.75857162475586,8142829
2001-09-11,17.712717056274414,11306069
2001-09-12,18.086244583129883,8829319
2001-09-13,18.03905487060547,6906636
2001-09-14,16.757291793823242,7824437
2001-09-17,17.0443115234375,8910293
2001-09-18,17.008926391601562,5417091
2001-09-19,16.12427520751953,7065529
2001-09-20,14.74421501159668,9371945
2001-09-21,14.803191184997559,14920048
2001-09-24,14.803191184997559,0
2001-09-25,15.801868438720703,8318211
2001-09-26,16.513521194458008,8534329
2001-09-27,16.710113525390625,6433407
2001-09-28,16.470272064208984,9743182
2001-10-01,16.277616500854492,5409687
2001-10-02,16.277616500854492,6242892
2001-10-03,16.277616500854492,0
2001-10-04,18.164875030517578,11409431
2001-10-05,16.985336303710938,10662914
2001-10-08,17.398174285888672,6630932
2001-10-09,17.598690032958984,6105835
2001-10-10,18.676006317138672,8373346
2001-10-11,19.540998458862305,10388687
2001-10-12,18.93157386779785,6712733
2001-10-15,18.754642486572266,6004750
2001-10-16,18.754642486572266,0
2001-10-17,20.048198699951172,8972572
2001-10-18,19.655019760131836,8001694
2001-10-19,19.383729934692383,7716717
2001-10-22,19.59604263305664,5025808
2001-10-23,20.531818389892578,6567489
2001-10-24,21.69955062866211,9883069
2001-10-25,21.4243221282959,10255154
2001-10-26,22.540958404541016,7398723
2001-10-29,21.56587028503418,5069609
2001-10-30,20.40599822998047,10112983
2001-10-31,21.164827346801758,7988189
2001-11-01,21.38894271850586,4944342
2001-11-02,21.03114891052246,6390437
2001-11-05,22.11239242553711,5946250
2001-11-06,22.120256423950195,7059871
2001-11-07,22.839771270751953,6876697
2001-11-08,23.748018264770508,9739708
2001-11-09,23.331241607666016,5679879
2001-11-12,22.167434692382812,10791918
2001-11-13,22.725751876831055,8015193
2001-11-14,24.432144165039062,15395522
2001-11-15,26.14640235900879,17956509
2001-11-16,26.73617935180664,13281966
2001-11-19,26.854129791259766,9359122
2001-11-20,26.209318161010742,9340595
2001-11-21,26.05990982055664,7805792
2001-11-22,26.523866653442383,6646992
2001-11-23,26.65753936767578,7037185
2001-11-26,26.932764053344727,5724279
2001-11-27,27.129348754882812,10415696
2001-11-28,25.77288818359375,8482819
2001-11-29,25.399368286132812,7061658
2001-11-30,25.949819564819336,5666396
2001-12-03,25.847593307495117,4416865
2001-12-04,26.346927642822266,4889657
2001-12-05,28.957643508911133,15894983
2001-12-06,29.114912033081055,12536232
2001-12-07,28.34821128845215,7934257
2001-12-10,27.56184959411621,7649811
2001-12-11,28.40718650817871,8051870
2001-12-12,27.837080001831055,6946728
2001-12-13,26.932764053344727,8369998
2001-12-14,26.504199981689453,6304338
2001-12-17,28.249921798706055,7326653
2001-12-18,28.014013290405273,7475266
2001-12-19,27.687671661376953,7468706
2001-12-20,27.129348754882812,5882082
2001-12-21,28.21059799194336,9837365
2001-12-24,28.21059799194336,0
2001-12-25,28.21059799194336,0
2001-12-26,28.21059799194336,0
2001-12-27,28.985170364379883,3112092
2001-12-28,29.23285675048828,2149706
2001-12-31,29.23285675048828,0
2002-01-01,29.23285675048828,0
2002-01-02,29.15422821044922,4612305
2002-01-03,30.62865447998047,7706192
2002-01-04,30.569673538208008,8609270
2002-01-07,29.960248947143555,8522263
2002-01-08,30.156835556030273,7914232
2002-01-09,30.872434616088867,8333239
2002-01-10,29.991703033447266,7429516
2002-01-11,29.881614685058594,5884597
2002-01-14,28.568391799926758,8649480
2002-01-15,28.568391799926758,0
2002-01-16,27.227645874023438,10716130
2002-01-17,28.682418823242188,9865729
2002-01-18,28.90001678466797,7880449
2002-01-21,28.157047271728516,5580971
2002-01-22,27.545888900756836,8466065
2002-01-23,28.216962814331055,15156925
2002-01-24,28.300846099853516,9567068
2002-01-25,28.40070915222168,6893297
2002-01-28,28.340797424316406,3664408
2002-01-29,28.066118240356445,6785958
2002-01-30,28.228116989135742,10803617
2002-01-31,27.762374877929688,8349788
2002-02-01,28.058019638061523,6379904
2002-02-04,27.01313591003418,5630254
2002-02-05,26.628387451171875,10898304
2002-02-06,25.76170539855957,10838308
2002-02-07,26.54738426208496,9866939
2002-02-08,26.05734634399414,7395690
2002-02-11,27.12653160095215,4347540
2002-02-12,26.506895065307617,6220185
2002-02-13,26.79039192199707,6175101
2002-02-14,27.175128936767578,5633515
2002-02-15,26.320592880249023,6583619
2002-02-18,26.72963523864746,3402290
2002-02-19,26.045198440551758,5614125
2002-02-20,25.59565544128418,7551987
2002-02-21,26.324644088745117,6368625
2002-02-22,25.036766052246094,9402731
2002-02-25,26.004701614379883,5739671
2002-02-26,26.567644119262695,9135898
2002-02-27,27.361427307128906,8789821
2002-02-28,27.418127059936523,7120469
2002-03-01,27.904129028320312,5230737
2002-03-04,29.34185791015625,9327710
2002-03-05,29.969593048095703,10641908
2002-03-06,30.309783935546875,7426956
2002-03-07,30.820083618164062,10354472
2002-03-08,31.638166427612305,8244445
2002-03-11,31.293928146362305,6074831
2002-03-12,30.354339599609375,8781384
2002-03-13,29.72660255432129,9286908
2002-03-14,30.030344009399414,4748889
2002-03-15,30.694534301757812,12021884
2002-03-18,31.06307601928711,5142814
2002-03-19,30.94968032836914,5334284
2002-03-20,29.888595581054688,5536274
2002-03-21,29.665851593017578,4943824
2002-03-22,30.313840866088867,3620585
2002-03-25,29.807600021362305,3446243
2002-03-26,30.1315975189209,5278223
2002-03-27,30.1315975189209,3641346
2002-03-28,30.779582977294922,3737829
2002-03-29,30.779582977294922,0
2002-04-01,30.779582977294922,0
2002-04-02,29.686098098754883,4994164
2002-04-03,29.28514862060547,5479679
2002-04-04,28.916606903076172,5290465
2002-04-05,28.72220802307129,3482908
2002-04-08,28.110668182373047,6826969
2002-04-09,28.20786476135254,3987848
2002-04-10,28.633113861083984,4630749
2002-04-11,27.624685287475586,6210299
2002-04-12,27.21563148498535,8672293
2002-04-15,27.985124588012695,5088390
2002-04-16,28.95710563659668,4745250
2002-04-17,28.535921096801758,5024304
2002-04-18,27.94462013244629,8980608
2002-04-19,27.491029739379883,7282507
2002-04-22,25.862947463989258,12166425
2002-04-23,25.82244300842285,9375696
2002-04-24,25.75765037536621,8096647
2002-04-25,26.855186462402344,14628918
2002-04-26,26.806591033935547,8159724
2002-04-29,26.648639678955078,4789051
2002-04-30,27.3411808013916,4830450
2002-05-01,27.3411808013916,0
2002-05-02,26.9523868560791,5691457
2002-05-03,26.3610897064209,6328743
2002-05-06,25.919647216796875,2719648
2002-05-07,26.34488868713379,8282090
2002-05-08,27.798812866210938,6651755
2002-05-09,27.296630859375,2288500
2002-05-10,26.539289474487305,3997321
2002-05-13,27.539628982543945,4393557
2002-05-14,28.754610061645508,7661449
2002-05-15,29.151504516601562,7583127
2002-05-16,28.77486228942871,4241018
2002-05-17,29.04215431213379,5714511
2002-05-20,28.896360397338867,2277154
2002-05-21,28.673608779907227,4633599
2002-05-22,28.04587173461914,6077300
2002-05-23,27.640867233276367,5156151
2002-05-24,27.896020889282227,3265422
2002-05-27,28.369861602783203,2294671
2002-05-28,28.369861602783203,0
2002-05-29,27.616575241088867,3935151
2002-05-30,26.851139068603516,5436691
2002-05-31,26.72963523864746,5059734
2002-06-03,26.575740814208984,3560077
2002-06-04,25.79815101623535,7165584
2002-06-05,25.82244300842285,4794858
2002-06-06,26.07354736328125,5552762
2002-06-07,25.59565544128418,7601063
2002-06-10,25.619953155517578,4004665
2002-06-11,25.571359634399414,6410290
2002-06-12,24.647966384887695,6620013
2002-06-13,24.911211013793945,5939288
2002-06-14,24.052629470825195,8924603
2002-06-17,25.044858932495117,5223712
2002-06-18,24.765419006347656,4528743
2002-06-19,23.894678115844727,6726827
2002-06-20,23.76508140563965,9343591
2002-06-21,24.214618682861328,24624588
2002-06-24,23.412731170654297,9924689
2002-06-25,23.684078216552734,6611641
2002-06-26,22.380001068115234,11780282
2002-06-27,23.773174285888672,7694780
2002-06-28,24.615568161010742,7160966
2002-07-01,24.502164840698242,5584383
2002-07-02,23.262887954711914,7071031
2002-07-03,22.720195770263672,8112205
2002-07-04,23.71242904663086,3914255
2002-07-05,25.514663696289062,6568651
2002-07-08,25.312156677246094,6006066
2002-07-09,24.024274826049805,8464412
2002-07-10,22.882192611694336,6935933
2002-07-11,22.963180541992188,9225440
2002-07-12,22.983436584472656,7044506
2002-07-15,22.0843505859375,6781795
2002-07-16,22.679691314697266,10303356
2002-07-17,23.85418128967285,9024871
2002-07-18,23.73267364501953,6751501
2002-07-19,22.477197647094727,7439734
2002-07-22,21.302715301513672,7973295
2002-07-23,20.290224075317383,8286262
2002-07-24,20.452228546142578,17985047
2002-07-25,19.29798698425293,13702380
2002-07-26,19.8447322845459,8166754
2002-07-29,21.36345863342285,7021917
2002-07-30,21.177162170410156,6919178
2002-07-31,20.452228546142578,9233780
2002-08-01,19.391138076782227,7937652
2002-08-02,18.24500274658203,8493141
2002-08-05,16.868019104003906,7534036
2002-08-06,18.180204391479492,10593136
2002-08-07,17.941259384155273,8143314
2002-08-08,19.662487030029297,7895388
2002-08-09,19.783981323242188,6287417
2002-08-12,18.892995834350586,3352253
2002-08-13,19.431638717651367,4947166
2002-08-14,18.95374298095703,5046110
2002-08-15,19.476186752319336,5072503
2002-08-16,19.905481338500977,4808629
2002-08-19,20.735719680786133,4851904
2002-08-20,20.15253257751465,4835263
2002-08-21,21.46470832824707,6866368
2002-08-22,21.35940933227539,5801614
2002-08-23,21.35940933227539,0
2002-08-26,21.35940933227539,0
2002-08-27,21.35940933227539,0
2002-08-28,21.35940933227539,0
2002-08-29,19.27368927001953,6415047
2002-08-30,19.464040756225586,4394133
2002-09-02,18.771499633789062,2370983
2002-09-03,17.49576187133789,7313001
2002-09-04,17.5362606048584,6686822
2002-09-05,17.33376693725586,7718103
2002-09-06,18.159954071044922,6234511
2002-09-09,17.79951286315918,3568853
2002-09-10,18.281455993652344,5011908
2002-09-11,18.95374298095703,5209962
2002-09-12,17.74281120300293,6476979
2002-09-13,17.325664520263672,7554651
2002-09-16,17.224414825439453,4062931
2002-09-17,16.754621505737305,6958031
2002-09-18,15.580141067504883,11761578
2002-09-19,15.005047798156738,9839624
2002-09-20,15.086044311523438,18881814
2002-09-23,14.705353736877441,6350703
2002-09-24,15.18729305267334,10182169
2002-09-25,15.519389152526855,10765830
2002-09-26,15.389791488647461,9208187
2002-09-27,14.725600242614746,5736065
2002-09-30,13.76981258392334,8823319
2002-10-01,14.101910591125488,8902520
2002-10-02,14.288204193115234,9210326
2002-10-03,13.834613800048828,5232105
2002-10-04,13.251419067382812,6824592
2002-10-07,13.008423805236816,7323716
2002-10-08,12.980076789855957,6810025
2002-10-09,13.129922866821289,8512034
2002-10-10,14.174809455871582,9937516
2002-10-11,15.199447631835938,12018659
2002-10-14,14.93619441986084,5504193
2002-10-15,16.60477066040039,13225973
2002-10-16,15.98918342590332,8806816
2002-10-17,17.062421798706055,9985268
2002-10-18,17.070512771606445,8396756
2002-10-21,17.51601219177246,4619492
2002-10-22,17.00166893005371,7977678
2002-10-23,16.19978141784668,8331333
2002-10-24,16.91661834716797,7235723
2002-10-25,17.40667152404785,6089075
2002-10-28,18.232852935791016,8468938
2002-10-29,17.20416831970215,7994358
2002-10-30,18.342195510864258,8765630
2002-10-31,19.354686737060547,11371868
2002-11-01,19.561233520507812,6932440
2002-11-04,20.796466827392578,9204161
2002-11-05,20.290224075317383,7500833
2002-11-06,19.621984481811523,9511810
2002-11-07,18.568998336791992,9671354
2002-11-08,18.21665382385254,6749244
2002-11-11,17.49171257019043,6633913
2002-11-12,18.074907302856445,7095755
2002-11-13,17.779264450073242,13104663
2002-11-14,18.791746139526367,10603239
2002-11-15,19.30204200744629,8801122
2002-11-18,18.94564437866211,5632160
2002-11-19,18.844396591186523,4455526
2002-11-20,19.200790405273438,5710365
2002-11-21,20.128223419189453,8591359
2002-11-22,20.326677322387695,8487679
2002-11-25,20.229480743408203,4793362
2002-11-26,19.57743263244629,6803344
2002-11-27,20.391475677490234,6328893
2002-11-28,20.205181121826172,3271471
2002-11-29,19.994579315185547,4906496
2002-12-02,20.804567337036133,7865433
2002-12-03,20.051279067993164,7038207
2002-12-04,19.92573356628418,6277746
2002-12-05,18.860593795776367,9246405
2002-12-06,18.828197479248047,9122315
2002-12-09,17.941259384155273,5625492
2002-12-10,18.366498947143555,6286203
2002-12-11,18.176158905029297,5703407
2002-12-12,17.73875617980957,5497561
2002-12-13,17.641559600830078,5671685
2002-12-16,18.30575180053711,4754149
2002-12-17,17.921010971069336,4785160
2002-12-18,17.17176628112793,6347032
2002-12-19,16.83967399597168,7546677
2002-12-20,17.017868041992188,12203120
2002-12-23,17.066469192504883,2987048
2002-12-24,17.066469192504883,0
2002-12-25,17.066469192504883,0
2002-12-26,17.066469192504883,0
2002-12-27,16.19978141784668,2522972
2002-12-30,16.402273178100586,2189754
2002-12-31,16.402273178100586,0
2003-01-01,16.402273178100586,0
2003-01-02,17.941259384155273,5710902
2003-01-03,17.51601219177246,5355008
2003-01-06,18.24095344543457,6369632
2003-01-07,18.062755584716797,6143744
2003-01-08,16.920677185058594,6834319
2003-01-09,17.236570358276367,7225962
2003-01-10,17.127214431762695,6881599
2003-01-13,17.455265045166016,6134549
2003-01-14,17.726613998413086,6501579
2003-01-15,17.520063400268555,7041800
2003-01-16,16.91661834716797,7216861
2003-01-17,15.839332580566406,12081400
2003-01-20,15.786685943603516,6553598
2003-01-21,15.952733993530273,9311311
2003-01-22,15.519389152526855,13145036
2003-01-23,16.2767276763916,14794705
2003-01-24,15.511677742004395,9557769
2003-01-27,14.828015327453613,11997712
2003-01-28,14.9238920211792,9400484
2003-01-29,15.67992877960205,10886027
2003-01-30,15.764569282531738,9288188
2003-01-31,16.145458221435547,8538623
2003-02-03,15.908462524414062,5682491
2003-02-04,15.091663360595703,6770917
2003-02-05,15.78572940826416,7288200
2003-02-06,15.235555648803711,8137259
2003-02-07,14.740399360656738,7400621
2003-02-10,14.829277038574219,5955509
2003-02-11,14.990093231201172,5824986
2003-02-12,14.520334243774414,5925286
2003-02-13,14.668456077575684,6937491
2003-02-14,15.455626487731934,6802075
2003-02-17,15.5318021774292,4096334
2003-02-18,16.187780380249023,7162728
2003-02-19,15.442931175231934,5711922
2003-02-20,15.269416809082031,5982097
2003-02-21,15.701086044311523,6088095
2003-02-24,15.299038887023926,3707877
2003-02-25,14.875826835632324,7379377
2003-02-26,15.01125717163086,6400986
2003-02-27,15.434467315673828,7032217
2003-02-28,15.565659523010254,5606910
2003-03-03,15.819587707519531,5571198
2003-03-04,15.705318450927734,5153801
2003-03-05,15.722253799438477,4688726
2003-03-06,15.320199012756348,5758416
2003-03-07,15.214400291442871,6854535
2003-03-10,14.833508491516113,5821678
2003-03-11,14.473782539367676,9361137
2003-03-12,13.775484085083008,11144201
2003-03-13,14.96893310546875,8854165
2003-03-14,15.387913703918457,10917352
2003-03-17,16.035419464111328,11064900
2003-03-18,16.674468994140625,15221799
2003-03-19,17.046892166137695,11667696
2003-03-20,16.97918128967285,7804643
2003-03-21,17.83829689025879,23717560
2003-03-24,16.87761116027832,8538961
2003-03-25,17.49972915649414,9536983
2003-03-26,17.338911056518555,9128427
2003-03-27,17.292362213134766,5876546
2003-03-28,16.479793548583984,7161626
2003-03-31,15.997336387634277,6707283
2003-04-01,15.997336387634277,5939956
2003-04-02,16.96225929260254,7234768
2003-04-03,16.729488372802734,7458756
2003-04-04,17.211950302124023,6290896
2003-04-07,18.32499122619629,9906279
2003-04-08,18.168399810791016,7500039
2003-04-09,17.52935791015625,11877930
2003-04-10,17.292362213134766,8983433
2003-04-11,17.520889282226562,6140345
2003-04-14,17.92293930053711,5582467
2003-04-15,18.2403507232666,6973582
2003-04-16,18.210723876953125,7217964
2003-04-17,18.587379455566406,6879033
2003-04-18,18.587379455566406,0
2003-04-21,18.587379455566406,0
2003-04-22,18.824378967285156,5658551
2003-04-23,18.51120376586914,8199619
2003-04-24,18.451953887939453,8720460
2003-04-25,18.121849060058594,6303972
2003-04-28,19.010589599609375,7062621
2003-04-29,18.773595809936523,8889731
2003-04-30,18.904787063598633,6064166
2003-05-01,18.904787063598633,0
2003-05-02,19.04867935180664,4873797
2003-05-05,19.188337326049805,5353514
2003-05-06,19.53114128112793,5359848
2003-05-07,19.01905059814453,6612290
2003-05-08,18.303829193115234,6681142
2003-05-09,18.61700439453125,5925078
2003-05-12,18.155704498291016,7381037
2003-05-13,17.850994110107422,6888765
2003-05-14,17.68593978881836,8862017
2003-05-15,17.897546768188477,6478596
2003-05-16,17.787511825561523,6954639
2003-05-19,17.051130294799805,8283242
2003-05-20,16.784503936767578,8056466
2003-05-21,16.695632934570312,9184217
2003-05-22,16.44170379638672,31642040
2003-05-23,16.365528106689453,9250215
2003-05-26,16.37398910522461,2674310
2003-05-27,16.733720779418945,8273019
2003-05-28,16.86068344116211,10092902
2003-05-29,16.62792205810547,4854567
2003-05-30,17.055362701416016,8536400
2003-06-02,17.457406997680664,7225339
2003-06-03,17.292362213134766,6789523
2003-06-04,17.677480697631836,7418731
2003-06-05,17.66901397705078,9636320
2003-06-06,18.354618072509766,10914106
2003-06-09,17.95680046081543,4253525
2003-06-10,18.193796157836914,6491924
2003-06-11,18.037208557128906,7368090
2003-06-12,18.079524993896484,6922705
2003-06-13,17.757890701293945,7102220
2003-06-16,18.198030471801758,5564072
2003-06-17,18.3292236328125,7434062
2003-06-18,18.519670486450195,6177103
2003-06-19,18.396940231323242,7920732
2003-06-20,18.409629821777344,16618723
2003-06-23,18.244579315185547,5580558
2003-06-24,18.28689956665039,6442877
2003-06-25,18.265737533569336,5109812
2003-06-26,18.346149444580078,5620397
2003-06-27,18.155704498291016,4091778
2003-06-30,18.079524993896484,6049555
2003-07-01,17.49972915649414,9057392
2003-07-02,18.2403507232666,9849359
2003-07-03,18.405397415161133,7839771
2003-07-04,18.502742767333984,2604651
2003-07-07,19.3406925201416,12048192
2003-07-08,19.721582412719727,11047907
2003-07-09,19.573457717895508,6749162
2003-07-10,19.150249481201172,7210118
2003-07-11,19.53114128112793,6231252
2003-07-14,19.772367477416992,4585676
2003-07-15,19.975507736206055,8985407
2003-07-16,20.144792556762695,7499789
2003-07-17,19.81045913696289,9445623
2003-07-18,20.06438446044922,6450509
2003-07-21,19.645404815673828,6610933
2003-07-22,20.047454833984375,6448118
2003-07-23,20.038991928100586,6459955
2003-07-24,20.779605865478516,16117856
2003-07-25,20.73728370666504,6198253
2003-07-28,21.003908157348633,5716059
2003-07-29,21.03353500366211,6633426
2003-07-30,20.95735740661621,7216033
2003-07-31,21.28746223449707,7674054
2003-08-01,21.01236915588379,5344954
2003-08-04,20.94889259338379,5937572
2003-08-05,21.223976135253906,5345167
2003-08-06,21.03353500366211,7341654
2003-08-07,20.813461303710938,6003549
2003-08-08,20.944656372070312,4040433
2003-08-11,20.961584091186523,4188407
2003-08-12,21.143569946289062,4491495
2003-08-13,21.795312881469727,8680612
2003-08-14,22.328556060791016,6513486
2003-08-15,22.218521118164062,5527101
2003-08-18,22.717912673950195,4855003
2003-08-19,23.158050537109375,9029513
2003-08-20,23.11149787902832,5505516
2003-08-21,23.733613967895508,6224279
2003-08-22,23.970613479614258,8034540
2003-08-25,23.433130264282227,3832558
2003-08-26,22.95914077758789,8073078
2003-08-27,23.158050537109375,4556995
2003-08-28,23.72937774658203,7129665
2003-08-29,23.869041442871094,6185926
2003-09-01,24.482698440551758,4811890
2003-09-02,24.275318145751953,5355908
2003-09-03,24.491165161132812,6863802
2003-09-04,24.68160057067871,5911340
2003-09-05,24.186450958251953,7145221
2003-09-08,24.584257125854492,4526189
2003-09-09,23.96637725830078,7620281
2003-09-10,23.246919631958008,8335415
2003-09-11,23.547399520874023,7243243
2003-09-12,23.10725975036621,5699008
2003-09-15,23.11149787902832,3029508
2003-09-16,23.644733428955078,5623911
2003-09-17,23.814023971557617,6889308
2003-09-18,24.249935150146484,5513277
2003-09-19,23.911359786987305,17755574
2003-09-22,22.755998611450195,9421540
2003-09-23,22.472448348999023,8898979
2003-09-24,21.94343376159668,8193417
2003-09-25,21.86725425720215,8622434
2003-09-26,21.985755920410156,7255187
2003-09-29,22.091554641723633,6387042
2003-09-30,21.64295768737793,9397628
2003-10-01,22.19312858581543,6701583
2003-10-02,22.015384674072266,6959494
2003-10-03,23.043781280517578,7410971
2003-10-06,22.99299430847168,4426784
2003-10-07,22.811010360717773,5536305
2003-10-08,22.895658493041992,6414451
2003-10-09,23.581253051757812,6514676
2003-10-10,23.471229553222656,4794976
2003-10-13,23.932523727416992,4438798
2003-10-14,23.87750244140625,5685323
2003-10-15,24.05948257446289,6863579
2003-10-16,24.017166137695312,5508003
2003-10-17,23.636272430419922,5601709
2003-10-20,23.98753547668457,4177352
2003-10-21,24.2033748626709,4399908
2003-10-22,23.44582748413086,4994145
2003-10-23,23.276548385620117,7721447
2003-10-24,22.916820526123047,4085438
2003-10-27,23.386581420898438,3231329
2003-10-28,23.898664474487305,4766255
2003-10-29,24.2414608001709,5172982
2003-10-30,24.44037628173828,7790655
2003-10-31,24.546175003051758,4469535
2003-11-03,25.392595291137695,8263159
2003-11-04,25.379899978637695,6362496
2003-11-05,25.25294303894043,5641583
2003-11-06,25.48569679260254,6084270
2003-11-07,25.985090255737305,8914106
2003-11-10,25.684616088867188,4013958
2003-11-11,25.722698211669922,5007738
2003-11-12,25.705774307250977,6419587
2003-11-13,26.39560317993164,10012773
2003-11-14,26.67068862915039,5566907
2003-11-17,25.50685691833496,9908106
2003-11-18,25.206378936767578,8539762
2003-11-19,24.918598175048828,11353804
2003-11-20,24.778940200805664,10972823
2003-11-21,24.888978958129883,7113768
2003-11-24,25.71847152709961,7118473
2003-11-25,25.76078224182129,5960068
2003-11-26,25.456079483032227,6011359
2003-11-27,25.709999084472656,2778058
2003-11-28,25.756559371948242,5748210
2003-12-01,26.57758331298828,6817072
2003-12-02,26.569122314453125,6887120
2003-12-03,27.44516944885254,10914673
2003-12-04,27.10659408569336,8010177
2003-12-05,26.810352325439453,6921452
2003-12-08,26.471784591674805,5125754
2003-12-09,26.890764236450195,6413248
2003-12-10,26.839975357055664,5590191
2003-12-11,27.08543586730957,6429019
2003-12-12,26.903457641601562,5082729
2003-12-15,27.1870059967041,5843929
2003-12-16,27.017723083496094,4700373
2003-12-17,26.38714599609375,6343459
2003-12-18,26.365976333618164,6005656
2003-12-19,26.772260665893555,14407852
2003-12-22,26.408292770385742,4170638
2003-12-23,26.41253662109375,3099624
2003-12-24,26.41253662109375,0
2003-12-25,26.41253662109375,0
2003-12-26,26.41253662109375,0
2003-12-29,26.865365982055664,2193750
2003-12-30,26.873828887939453,1843141
2003-12-31,26.873828887939453,0
2004-01-01,26.873828887939453,0
2004-01-02,27.08543586730957,3074413
2004-01-05,27.08543586730957,3913601
2004-01-06,27.292810440063477,5387723
2004-01-07,27.424001693725586,7575521
2004-01-08,28.596296310424805,12179429
2004-01-09,28.587833404541016,8620995
2004-01-12,28.418548583984375,4898656
2004-01-13,28.503189086914062,4929765
2004-01-14,28.90523910522461,5551128
2004-01-15,28.84176254272461,6224355
2004-01-16,28.871379852294922,8722712
2004-01-19,28.786741256713867,3641397
2004-01-20,28.592063903808594,5338353
2004-01-21,28.431243896484375,8390564
2004-01-22,28.727489471435547,11091645
2004-01-23,28.558992385864258,6908157
2004-01-26,28.300262451171875,5739906
2004-01-27,28.507247924804688,5820084
2004-01-28,28.679731369018555,5384377
2004-01-29,28.265766143798828,5722091
2004-01-30,28.02429962158203,5526106
2004-02-02,27.920799255371094,4428792
2004-02-03,28.015670776367188,4922002
2004-02-04,27.683635711669922,6266940
2004-02-05,27.606021881103516,4633022
2004-02-06,27.81300163269043,5359382
2004-02-09,28.364944458007812,4947055
2004-02-10,28.804784774780273,6607970
2004-02-11,29.248924255371094,6059323
2004-02-12,29.188562393188477,4756566
2004-02-13,28.675413131713867,5212694
2004-02-16,28.908267974853516,2756957
2004-02-17,28.86514663696289,4525552
2004-02-18,28.610729217529297,3896546
2004-02-19,28.679731369018555,6231345
2004-02-20,27.91217613220215,9159619
2004-02-23,27.5068416595459,5876095
2004-02-24,26.700475692749023,9835449
2004-02-25,27.058378219604492,7644685
2004-02-26,27.148937225341797,5592672
2004-02-27,26.756542205810547,6511568
2004-03-01,27.174808502197266,4896614
2004-03-02,27.765565872192383,5572369
2004-03-03,27.29985809326172,5046316
2004-03-04,27.549959182739258,4161796
2004-03-05,27.53270721435547,5561389
2004-03-08,27.44647789001465,2468867
2004-03-09,27.11012840270996,5385501
2004-03-10,26.786718368530273,6940257
2004-03-11,26.088159561157227,13229721
2004-03-12,26.18302345275879,9092769
2004-03-15,25.368040084838867,8707940
2004-03-16,25.475841522216797,6987589
2004-03-17,26.092477798461914,8875403
2004-03-18,25.68282127380371,7303731
2004-03-19,25.484466552734375,15817603
2004-03-22,24.915273666381836,8537316
2004-03-23,24.75572395324707,7978991
2004-03-24,24.708297729492188,8290083
2004-03-25,25.549150466918945,9061307
2004-03-26,25.678510665893555,5911044
2004-03-29,26.135597229003906,4403606
2004-03-30,26.195960998535156,3331299
2004-03-31,25.90274429321289,4074368
2004-04-01,26.346887588500977,7166070
2004-04-02,26.950578689575195,7069075
2004-04-05,27.278301239013672,5740690
2004-04-06,26.821216583251953,7204670
2004-04-07,26.84278106689453,7337384
2004-04-08,26.972145080566406,5164169
2004-04-09,26.972145080566406,0
2004-04-12,26.972145080566406,0
2004-04-13,27.32573127746582,4954511
2004-04-14,26.84278106689453,6586302
2004-04-15,26.553871154785156,4516655
2004-04-16,26.84278106689453,6766399
2004-04-19,26.81690788269043,3105702
2004-04-20,27.209306716918945,5631610
2004-04-21,27.174808502197266,6279808
2004-04-22,27.610322952270508,5526794
2004-04-23,28.0501708984375,6662677
2004-04-26,28.019987106323242,4722824
2004-04-27,27.903549194335938,4613575
2004-04-28,26.73497772216797,13404663
2004-04-29,26.21752166748047,9034919
2004-04-30,25.980356216430664,5414007
2004-05-03,26.519372940063477,4288684
2004-05-04,26.519372940063477,5774538
2004-05-05,26.50212860107422,5658712
2004-05-06,25.553462982177734,9004813
2004-05-07,25.43271827697754,7532588
2004-05-10,24.747098922729492,8034735
2004-05-11,25.07912826538086,5840024
2004-05-12,24.367633819580078,7316956
2004-05-13,24.578927993774414,6372388
2004-05-14,24.164968490600586,7688427
2004-05-17,23.6949462890625,7413348
2004-05-18,24.104597091674805,6181236
2004-05-19,24.803159713745117,7003342
2004-05-20,24.600492477416992,3406930
2004-05-21,24.622055053710938,4932741
2004-05-24,24.98426628112793,5144161
2004-05-25,24.544431686401367,5421037
2004-05-26,24.9023380279541,4229799
2004-05-27,25.135183334350586,5116833
2004-05-28,24.854902267456055,3804609
2004-05-31,25.031700134277344,863594
2004-06-01,24.626359939575195,4308238
2004-06-02,24.811777114868164,4541170
2004-06-03,24.876466751098633,4300377
2004-06-04,25.16968536376953,4991251
2004-06-07,25.78200340270996,4822199
2004-06-08,25.885494232177734,5139296
2004-06-09,25.549150466918945,4266133
2004-06-10,25.531902313232422,2666570
2004-06-11,25.57071304321289,3380393
2004-06-14,25.07050323486328,5488044
2004-06-15,25.17399787902832,6236230
2004-06-16,25.06619644165039,4390734
2004-06-17,24.82040023803711,4694388
2004-06-18,24.803159713745117,11581419
2004-06-21,24.613431930541992,5450363
2004-06-22,23.945053100585938,8627621
2004-06-23,24.367633819580078,5985431
2004-06-24,25.05326271057129,7792828
2004-06-25,25.096378326416016,8369747
2004-06-28,25.445663452148438,5575653
2004-06-29,25.44134521484375,4297973
2004-06-30,25.488780975341797,3862367
2004-07-01,25.26886749267578,5167038
2004-07-02,24.867843627929688,5020988
2004-07-05,24.854902267456055,2558741
2004-07-06,24.52287483215332,4940401
2004-07-07,24.501310348510742,5436923
2004-07-08,24.47974967956543,6129619
2004-07-09,24.315889358520508,5372815
2004-07-12,24.190841674804688,4573440
2004-07-13,24.44093894958496,6366077
2004-07-14,24.475435256958008,5246386
2004-07-15,23.906238555908203,7102998
2004-07-16,23.8933048248291,5204640
2004-07-19,23.664770126342773,4882477
2004-07-20,23.858808517456055,5023044
2004-07-21,24.36332130432129,6980947
2004-07-22,23.824310302734375,5474967
2004-07-23,23.71219825744629,3712774
2004-07-26,23.263742446899414,4570268
2004-07-27,23.673389434814453,4832428
2004-07-28,23.56558609008789,6140948
2004-07-29,24.798845291137695,13764975
2004-07-30,25.14381217956543,7954585
2004-08-02,24.9023380279541,4674216
2004-08-03,24.967018127441406,3879350
2004-08-04,24.56599235534668,5864789
2004-08-05,24.58755874633789,3518089
2004-08-06,23.94073486328125,6690716
2004-08-09,23.71651268005371,5460064
2004-08-10,23.888992309570312,3395517
2004-08-11,23.651830673217773,5915915
2004-08-12,23.233558654785156,7097949
2004-08-13,23.026580810546875,6564269
2004-08-16,23.483657836914062,5758196
2004-08-17,23.414661407470703,5339933
2004-08-18,23.548343658447266,4216290
2004-08-19,23.60870933532715,4586024
2004-08-20,23.71219825744629,4653294
2004-08-23,24.177900314331055,4546010
2004-08-24,24.039918899536133,4236809
2004-08-25,24.12615966796875,3568495
2004-08-26,24.320205688476562,3973686
2004-08-27,24.50993537902832,5434290
2004-08-30,24.596174240112305,3734710
2004-08-31,24.246902465820312,6140713
2004-09-01,24.760032653808594,5594717
2004-09-02,25.023069381713867,6741536
2004-09-03,25.26886749267578,6538446
2004-09-06,25.462905883789062,3626399
2004-09-07,25.562088012695312,5310606
2004-09-08,25.592267990112305,4021229
2004-09-09,25.398225784301758,6193201
2004-09-10,25.78631591796875,6314034
2004-09-13,26.282207489013672,6285070
2004-09-14,26.21752166748047,5847337
2004-09-15,26.027793884277344,6452133
2004-09-16,25.99329376220703,4750502
2004-09-17,26.14421844482422,10551790
2004-09-20,26.230464935302734,4449465
2004-09-21,26.329641342163086,5080167
2004-09-22,26.045042037963867,6180762
2004-09-23,25.7259464263916,7494076
2004-09-24,25.7000732421875,3899427
2004-09-27,25.462905883789062,4359508
2004-09-28,25.458595275878906,4459831
2004-09-29,25.73888397216797,7242770
2004-09-30,25.531902313232422,4841174
2004-10-01,26.045042037963867,6427003
2004-10-04,26.3382625579834,6950317
2004-10-05,26.57111930847168,6290435
2004-10-06,26.601303100585938,4215336
2004-10-07,26.67029571533203,5709491
2004-10-08,26.415884017944336,6347505
2004-10-11,26.454692840576172,3386621
2004-10-12,25.73888397216797,12331347
2004-10-13,25.743194580078125,5364844
2004-10-14,25.40253448486328,6941128
2004-10-15,25.31198501586914,6530495
2004-10-18,25.307674407958984,3922391
2004-10-19,25.73888397216797,6478586
2004-10-20,25.18693733215332,6323320
2004-10-21,25.359420776367188,5114823
2004-10-22,25.3809757232666,4187782
2004-10-25,24.794536590576172,6722994
2004-10-26,24.83765983581543,3763269
2004-10-27,25.20418357849121,5427490
2004-10-28,25.40253448486328,7578461
2004-10-29,25.16106414794922,5631783
2004-11-01,25.506025314331055,3424303
2004-11-02,25.70438003540039,4489595
2004-11-03,25.78631591796875,5261229
2004-11-04,25.82512855529785,4201118
2004-11-05,26.13128089904785,7842695
2004-11-08,26.21752166748047,4414480
2004-11-09,26.062284469604492,4660655
2004-11-10,26.10972023010254,5500404
2004-11-11,26.00191879272461,8203415
2004-11-12,26.213218688964844,6622685
2004-11-15,26.17871856689453,4770410
2004-11-16,25.98897933959961,4954349
2004-11-17,26.540931701660156,6730160
2004-11-18,26.454692840576172,4932455
2004-11-19,26.195960998535156,6998918
2004-11-22,26.122661590576172,3796165
2004-11-23,26.17009735107422,4399489
2004-11-24,26.114036560058594,3400812
2004-11-25,26.230464935302734,2621744
2004-11-26,26.135597229003906,2479333
2004-11-29,26.17871856689453,6450271
2004-11-30,25.980356216430664,5657438
2004-12-01,26.527996063232422,6640907
2004-12-02,26.773784637451172,6502866
2004-12-03,26.92470932006836,7952480
2004-12-06,26.791030883789062,3053022
2004-12-07,26.88590431213379,3674703
2004-12-08,26.730661392211914,4087841
2004-12-09,26.39000701904297,5439413
2004-12-10,26.57973861694336,4236310
2004-12-13,26.825531005859375,4350080
2004-12-14,26.950578689575195,4320205
2004-12-15,26.730661392211914,4874549
2004-12-16,26.730661392211914,4679952
2004-12-17,26.454692840576172,14883935
2004-12-20,26.53230857849121,3356613
2004-12-21,26.67029571533203,2947392
2004-12-22,26.756542205810547,4630629
2004-12-23,26.791030883789062,2023631
2004-12-24,26.791030883789062,0
2004-12-27,26.730661392211914,1774601
2004-12-28,26.967830657958984,1580496
2004-12-29,26.838462829589844,1788595
2004-12-30,26.898839950561523,939586
2004-12-31,26.898839950561523,0
2005-01-03,27.144620895385742,4022391
2005-01-04,26.993696212768555,3557259
2005-01-05,26.601303100585938,4400979
2005-01-06,26.851404190063477,3922360
2005-01-07,26.989381790161133,6321226
2005-01-10,26.963523864746094,3570297
2005-01-11,26.683229446411133,5338056
2005-01-12,26.47625160217285,5159513
2005-01-13,26.3382625579834,4572863
2005-01-14,26.30376625061035,3364543
2005-01-17,26.553871154785156,3737344
2005-01-18,26.726346969604492,4723589
2005-01-19,26.71341896057129,4139327
2005-01-20,26.553871154785156,5820994
2005-01-21,26.31239128112793,6510622
2005-01-24,26.355512619018555,5175120
2005-01-25,26.67029571533203,6539420
2005-01-26,26.64873695373535,7290052
2005-01-27,27.424911499023438,16029801
2005-01-28,27.085660934448242,10217052
2005-01-31,26.838626861572266,6571414
2005-02-01,27.06360626220703,5358597
2005-02-02,26.82979965209961,5506920
2005-02-03,26.296022415161133,9266886
2005-02-04,26.54747200012207,9695482
2005-02-07,26.776859283447266,5978575
2005-02-08,26.6445255279541,5782902
2005-02-09,26.706289291381836,9447528
2005-02-10,26.701871871948242,5513461
2005-02-11,27.085660934448242,6395726
2005-02-14,26.99742889404297,4127383
2005-02-15,27.00625228881836,3846481
2005-02-16,26.81215476989746,6162992
2005-02-17,26.543067932128906,5277022
2005-02-18,26.47248649597168,7656314
2005-02-21,26.565114974975586,3203043
2005-02-22,26.30484962463379,4710594
2005-02-23,26.243085861206055,5391237
2005-02-24,26.062225341796875,4924181
2005-02-25,26.33131980895996,5124181
2005-02-28,26.12839698791504,5397437
2005-03-01,26.44601821899414,5015741
2005-03-02,26.798919677734375,6327624
2005-03-03,26.90920639038086,8383742
2005-03-04,27.469446182250977,9853865
2005-03-07,27.482677459716797,5046707
2005-03-08,27.2885799407959,6864154
2005-03-09,27.32828712463379,6805137
2005-03-10,27.2885799407959,4951826
2005-03-11,27.40327262878418,5366427
2005-03-14,27.394451141357422,3041891
2005-03-15,27.513559341430664,4385812
2005-03-16,26.993013381958008,6929086
2005-03-17,27.07684326171875,3363279
2005-03-18,26.988611221313477,10398330
2005-03-21,26.843034744262695,2900023
2005-03-22,26.90920639038086,3752804
2005-03-23,26.904794692993164,4185814
2005-03-24,27.085660934448242,4626108
2005-03-25,27.085660934448242,0
2005-03-28,27.085660934448242,0
2005-03-29,26.895971298217773,4320628
2005-03-30,27.085660934448242,5242570
2005-03-31,26.93126106262207,3597747
2005-04-01,27.019489288330078,4155147
2005-04-04,26.807748794555664,4402116
2005-04-05,26.975378036499023,2505762
2005-04-06,26.93126106262207,2938295
2005-04-07,27.015079498291016,3378112
2005-04-08,27.33269500732422,5440357
2005-04-11,27.34592628479004,2787426
2005-04-12,27.20035743713379,3235180
2005-04-13,27.504743576049805,4769882
2005-04-14,27.52678680419922,4276424
2005-04-15,26.785682678222656,9831109
2005-04-18,25.938711166381836,10607434
2005-04-19,25.806367874145508,8240120
2005-04-20,25.554920196533203,7317418
2005-04-21,25.546098709106445,6818022
2005-04-22,25.82842445373535,6132211
2005-04-25,25.88136100769043,3758437
2005-04-26,25.665203094482422,4705073
2005-04-27,25.175548553466797,12659541
2005-04-28,25.05643653869629,7018954
2005-04-29,24.981449127197266,4951246
2005-05-02,25.065261840820312,2504462
2005-05-03,25.250539779663086,3488816
2005-05-04,25.259361267089844,6449784
2005-05-05,25.42699432373047,3655511
2005-05-06,25.35641098022461,5664362
2005-05-09,25.096141815185547,3920462
2005-05-10,24.82263946533203,5596516
2005-05-11,24.791763305664062,5124053
2005-05-12,25.016738891601562,4759335
2005-05-13,25.28583335876465,5389138
2005-05-16,25.144668579101562,2607687
2005-05-17,25.060850143432617,3959213
2005-05-18,25.629919052124023,7228306
2005-05-19,25.951942443847656,6656942
2005-05-20,25.91665267944336,5288356
2005-05-23,26.026933670043945,4085215
2005-05-24,25.894596099853516,3553417
2005-05-25,25.850486755371094,4190106
2005-05-26,25.92106056213379,4158722
2005-05-27,25.96076011657715,3613561
2005-05-30,26.181331634521484,2131245
2005-05-31,26.181331634521484,5912171
2005-06-01,26.64893913269043,6522118
2005-06-02,26.82097625732422,5102948
2005-06-03,26.675403594970703,4726366
2005-06-06,27.001848220825195,7282621
2005-06-07,27.61501693725586,13432955
2005-06-08,27.5444393157959,6000351
2005-06-09,27.473857879638672,5123728
2005-06-10,27.54002571105957,5362417
2005-06-13,27.681184768676758,5075895
2005-06-14,27.579730987548828,3611955
2005-06-15,27.1915283203125,6965333
2005-06-16,27.398866653442383,4050061
2005-06-17,27.566495895385742,13166687
2005-06-20,27.412099838256836,3783100
2005-06-21,27.447389602661133,3489187
2005-06-22,27.451807022094727,4834321
2005-06-23,27.879703521728516,7986931
2005-06-24,27.292997360229492,5663454
2005-06-27,26.82097625732422,7493040
2005-06-28,26.754806518554688,6351828
2005-06-29,26.869504928588867,5193228
2005-06-30,26.618061065673828,4969208
2005-07-01,26.816572189331055,4309282
2005-07-04,26.85626792907715,2272342
2005-07-05,26.970966339111328,4069672
2005-07-06,27.054779052734375,4218884
2005-07-07,26.591588973999023,14153548
2005-07-08,27.19594383239746,6202389
2005-07-11,27.50914764404297,5380097
2005-07-12,27.32828712463379,4158357
2005-07-13,27.491500854492188,4762068
2005-07-14,27.826772689819336,6078883
2005-07-15,28.179668426513672,11031671
2005-07-18,28.0208683013916,3470188
2005-07-19,28.356128692626953,6434330
2005-07-20,28.409069061279297,5026752
2005-07-21,29.000192642211914,13854728
2005-07-22,29.004592895507812,5695286
2005-07-25,29.079587936401367,3991593
2005-07-26,29.02665138244629,3963866
2005-07-27,29.194278717041016,4187799
2005-07-28,28.387006759643555,15967060
2005-07-29,28.078216552734375,6986855
2005-08-01,28.254663467407227,3718565
2005-08-02,28.33407211303711,4762471
2005-08-03,28.232606887817383,4428469
2005-08-04,27.831172943115234,6614255
2005-08-05,27.623844146728516,4056803
2005-08-08,27.7694149017334,3310069
2005-08-09,28.17527198791504,3590284
2005-08-10,28.466411590576172,4909510
2005-08-11,28.26789665222168,3719475
2005-08-12,28.19731903076172,2819161
2005-08-15,28.064977645874023,2878971
2005-08-16,27.66795539855957,5184749
2005-08-17,27.637067794799805,5665095
2005-08-18,27.36798095703125,6482435
2005-08-19,27.879703521728516,7051395
2005-08-22,27.967933654785156,3201477
2005-08-23,27.875289916992188,3443832
2005-08-24,27.85764503479004,5142358
2005-08-25,27.350341796875,5254383
2005-08-26,26.9665584564209,5235923
2005-08-29,27.12977409362793,3351721
2005-08-30,27.03713607788086,3754202
2005-08-31,27.147415161132812,4963891
2005-09-01,27.262117385864258,3717856
2005-09-02,27.1915283203125,3300859
2005-09-05,27.58414649963379,2455818
2005-09-06,28.012041091918945,5383853
2005-09-07,27.85764503479004,5203719
2005-09-08,27.897342681884766,3944973
2005-09-09,28.228195190429688,6444740
2005-09-12,28.3428955078125,6073789
2005-09-13,27.950279235839844,5946475
2005-09-14,27.870882034301758,3966459
2005-09-15,27.75177001953125,4680445
2005-09-16,28.188495635986328,14517246
2005-09-19,28.100271224975586,7385018
2005-09-20,28.33407211303711,4168607
2005-09-21,27.747365951538086,6916260
2005-09-22,27.354747772216797,6681611
2005-09-23,27.394451141357422,4225951
2005-09-26,28.073806762695312,5843014
2005-09-27,27.79147720336914,5058652
2005-09-28,28.201732635498047,5725009
2005-09-29,28.02968978881836,3935915
2005-09-30,28.276729583740234,4270959
2005-10-03,28.48846435546875,4090660
2005-10-04,28.739913940429688,6135971
2005-10-05,28.254663467407227,5239882
2005-10-06,28.078216552734375,6547393
2005-10-07,27.97233772277832,5337273
2005-10-10,27.888519287109375,3231514
2005-10-11,27.906171798706055,3780080
2005-10-12,27.619430541992188,5730701
2005-10-13,27.535612106323242,5715721
2005-10-14,27.875289916992188,6176850
2005-10-17,27.897342681884766,3893112
2005-10-18,27.742950439453125,4075584
2005-10-19,27.12977409362793,8979939
2005-10-20,27.107717514038086,5731130
2005-10-21,26.843034744262695,7392729
2005-10-24,27.068012237548828,3517886
2005-10-25,26.816572189331055,4610795
2005-10-26,26.93126106262207,4041020
2005-10-27,26.50335693359375,6363060
2005-10-28,26.706289291381836,7491674
2005-10-31,27.376811981201172,6725122
2005-11-01,27.407684326171875,4631667
2005-11-02,27.6061954498291,5285599
2005-11-03,27.734127044677734,4786801
2005-11-04,27.412099838256836,5344108
2005-11-07,27.438566207885742,4290507
2005-11-08,27.34592628479004,5137592
2005-11-09,27.359169006347656,4506001
2005-11-10,27.495922088623047,8271468
2005-11-11,27.923810958862305,4842511
2005-11-14,27.906171798706055,3476827
2005-11-15,28.100271224975586,4980718
2005-11-16,28.19731903076172,6369228
2005-11-17,28.33407211303711,5798340
2005-11-18,28.669340133666992,11845129
2005-11-21,28.77079963684082,4315863
2005-11-22,28.717859268188477,4713966
2005-11-23,28.85019302368164,3015136
2005-11-24,28.6958065032959,3281780
2005-11-25,28.67815589904785,1996816
2005-11-28,28.581100463867188,4496591
2005-11-29,28.629629135131836,4306351
2005-11-30,28.382596969604492,4210523
2005-12-01,28.77519989013672,3940836
2005-12-02,28.898719787597656,2990891
2005-12-05,28.669340133666992,3300710
2005-12-06,29.044296264648438,5965623
2005-12-07,29.32221221923828,11598999
2005-12-08,29.498661041259766,6231236
2005-12-09,29.908918380737305,9961582
2005-12-12,30.288293838500977,8152029
2005-12-13,30.901473999023438,12799526
2005-12-14,30.95882225036621,10245384
2005-12-15,30.967649459838867,6150418
2005-12-16,31.58523178100586,13898337
2005-12-19,31.849912643432617,5540925
2005-12-20,31.805797576904297,4589310
2005-12-21,31.85432243347168,4873772
2005-12-22,31.426424026489258,5309582
2005-12-23,31.735218048095703,2585063
2005-12-26,31.735218048095703,0
2005-12-27,32.05283737182617,2193083
2005-12-28,32.10577392578125,3372842
2005-12-29,32.546905517578125,2912563
2005-12-30,31.938138961791992,2443766
2006-01-02,32.176353454589844,1840305
2006-01-03,32.16752243041992,5824282
2006-01-04,33.2394905090332,9674059
2006-01-05,32.99245071411133,4929090
2006-01-06,33.146846771240234,3829326
2006-01-09,32.96156692504883,4720940
2006-01-10,32.29987335205078,6657152
2006-01-11,32.555728912353516,4517191
2006-01-12,32.42338562011719,5088253
2006-01-13,31.836669921875,9146921
2006-01-16,31.78373908996582,3665933
2006-01-17,31.444072723388672,4516768
2006-01-18,31.254383087158203,7516932
2006-01-19,31.210264205932617,5282490
2006-01-20,30.879419326782227,7485460
2006-01-23,31.122045516967773,5787980
2006-01-24,30.980876922607422,5000652
2006-01-25,31.470531463623047,7604597
2006-01-26,33.526222229003906,21533620
2006-01-27,34.33919143676758,14052084
2006-01-30,34.05100631713867,4988992
2006-01-31,33.79884719848633,7731068
2006-02-01,33.95194625854492,5723294
2006-02-02,33.30352783203125,5917943
2006-02-03,33.35305404663086,4560006
2006-02-06,33.5601921081543,3407652
2006-02-07,33.587215423583984,5374992
2006-02-08,33.46563720703125,4077980
2006-02-09,34.19960403442383,4986348
2006-02-10,33.39358901977539,5331254
2006-02-13,33.771827697753906,4032608
2006-02-14,33.83937454223633,4503323
2006-02-15,34.23113250732422,6970790
2006-02-16,34.514808654785156,4308950
2006-02-17,34.58234405517578,5439366
2006-02-20,34.33919143676758,2052330
2006-02-21,34.2086181640625,4764175
2006-02-22,35.01011657714844,5561930
2006-02-23,35.379364013671875,5566161
2006-02-24,35.167724609375,5968222
2006-02-27,35.68556213378906,4206606
2006-02-28,34.67241287231445,6295463
2006-03-01,34.98311233520508,3660869
2006-03-02,34.33469772338867,6453451
2006-03-03,33.8798942565918,6629634
2006-03-06,34.06001281738281,4017307
2006-03-07,33.915916442871094,5337141
2006-03-08,33.5196647644043,5333712
2006-03-09,34.21760940551758,5234644
2006-03-10,34.40674591064453,5177029
2006-03-13,34.37071990966797,4635000
2006-03-14,34.357208251953125,3863537
2006-03-15,34.388729095458984,4096570
2006-03-16,34.559837341308594,4122980
2006-03-17,34.213111877441406,11393800
2006-03-20,34.39323425292969,4003510
2006-03-21,34.32567596435547,3971424
2006-03-22,34.087039947509766,5064594
2006-03-23,33.93393325805664,3961517
2006-03-24,33.89341354370117,4679847
2006-03-27,33.6457405090332,4770136
2006-03-28,33.84837341308594,4877246
2006-03-29,34.18158721923828,5196672
2006-03-30,34.80299377441406,5769754
2006-03-31,34.6904296875,4872756
2006-04-03,35.23527908325195,4178549
2006-04-04,34.76246643066406,3841431
2006-04-05,34.8074951171875,4497968
2006-04-06,35.01463317871094,5275454
2006-04-07,34.559837341308594,6000742
2006-04-10,34.65440368652344,3378448
2006-04-11,33.8033447265625,7185301
2006-04-12,33.78984451293945,6241968
2006-04-13,33.78984451293945,4438956
2006-04-18,33.54668426513672,4662565
2006-04-19,34.7669677734375,8412472
2006-04-20,34.83001708984375,5846828
2006-04-21,35.1722297668457,6338321
2006-04-24,35.35234451293945,4631086
2006-04-25,35.10469436645508,5910819
2006-04-26,35.91971969604492,8289072
2006-04-27,34.82550811767578,13607613
2006-04-28,33.771827697753906,8382209
2006-05-02,33.59170913696289,6510205
2006-05-03,33.15041732788086,7664997
2006-05-04,33.1999626159668,6890871
2006-05-05,33.74931335449219,5925976
2006-05-08,33.29901885986328,4557450
2006-05-09,33.05585861206055,5112440
2006-05-10,32.69563293457031,7249528
2006-05-11,32.15077590942383,7944589
2006-05-12,31.862592697143555,8567811
2006-05-15,31.51136016845703,11100499
2006-05-16,31.560895919799805,8603224
2006-05-17,30.282072067260742,10735659
2006-05-18,30.52973175048828,12707058
2006-05-19,30.8719539642334,9661087
2006-05-22,30.187511444091797,8754825
2006-05-23,30.84493637084961,10098265
2006-05-24,29.921842575073242,9897851
2006-05-25,30.619787216186523,5975765
2006-05-26,30.826927185058594,5688309
2006-05-29,30.709850311279297,1882539
2006-05-30,29.876808166503906,6737271
2006-05-31,30.223529815673828,8310343
2006-06-01,30.16499137878418,6724980
2006-06-02,29.957866668701172,6415142
2006-06-05,29.372478485107422,5946270
2006-06-06,28.83213233947754,8599068
2006-06-07,29.115821838378906,8003158
2006-06-08,28.206228256225586,12925316
2006-06-09,28.661027908325195,7770215
2006-06-12,28.035114288330078,6808622
2006-06-13,27.73792266845703,10379811
2006-06-14,27.63435935974121,8231002
2006-06-15,27.63435935974121,0
2006-06-16,27.63435935974121,0
2006-06-19,30.16499137878418,23792429
2006-06-20,30.763879776000977,8928332
2006-06-21,30.84493637084961,7669511
2006-06-22,30.610790252685547,6478909
2006-06-23,30.574758529663086,4766571
2006-06-26,30.07493782043457,7389656
2006-06-27,29.854299545288086,5334386
2006-06-28,29.69669532775879,4109404
2006-06-29,30.394638061523438,5293211
2006-06-30,30.633312225341797,7919185
2006-07-03,30.83143424987793,3628560
2006-07-04,30.876461029052734,2598015
2006-07-05,30.331607818603516,5017274
2006-07-06,30.6738224029541,5072598
2006-07-07,30.38113784790039,3805648
2006-07-10,30.484703063964844,2822442
2006-07-11,29.539094924926758,6842166
2006-07-12,29.687685012817383,5110277
2006-07-13,28.953712463378906,6517829
2006-07-14,28.147693634033203,6466234
2006-07-17,28.269271850585938,6128680
2006-07-18,28.24225616455078,4322024
2006-07-19,28.9447078704834,7329005
2006-07-20,29.01225471496582,4408421
2006-07-21,28.435882568359375,7003450
2006-07-24,28.863658905029297,5642403
2006-07-25,28.818626403808594,5397144
2006-07-26,29.04377555847168,5284667
2006-07-27,28.52143669128418,14522980
2006-07-28,28.386348724365234,7365298
2006-07-31,28.41786766052246,4893060
2006-08-01,28.09366226196289,5158428
2006-08-02,28.57097053527832,4996427
2006-08-03,28.224239349365234,7949221
2006-08-04,28.548452377319336,6030179
2006-08-07,27.873018264770508,6279185
2006-08-08,27.940567016601562,4213387
2006-08-09,28.41786766052246,6151729
2006-08-10,28.11617660522461,5794606
2006-08-11,28.13418197631836,4389094
2006-08-14,28.584470748901367,5243673
2006-08-15,29.174354553222656,7462463
2006-08-16,29.530086517333984,6848730
2006-08-17,29.714704513549805,4928455
2006-08-18,29.64266014099121,5622154
2006-08-21,29.584121704101562,3258958
2006-08-22,29.804765701293945,4251226
2006-08-23,29.543594360351562,3719060
2006-08-24,29.64266014099121,5814557
2006-08-25,29.5120792388916,3180704
2006-08-28,29.764245986938477,2812452
2006-08-29,29.728212356567383,4349823
2006-08-30,30.00289535522461,4300064
2006-08-31,29.80025863647461,4069954
2006-09-01,29.97136878967285,3830320
2006-09-04,30.516218185424805,4248480
2006-09-05,30.304590225219727,5059491
2006-09-06,29.908327102661133,4683588
2006-09-07,29.678682327270508,3951269
2006-09-08,29.593128204345703,3682651
2006-09-11,29.507572174072266,3167540
2006-09-12,30.025409698486328,4230698
2006-09-13,30.237041473388672,4418203
2006-09-14,29.944347381591797,3932190
2006-09-15,30.358623504638672,11816200
2006-09-18,30.313589096069336,3198931
2006-09-19,30.169496536254883,4479044
2006-09-20,30.340614318847656,4361221
2006-09-21,30.421661376953125,4602578
2006-09-22,30.110960006713867,5135193
2006-09-25,30.025409698486328,3815747
2006-09-26,30.709850311279297,7091534
2006-09-27,30.889965057373047,4514839
2006-09-28,30.898967742919922,5691789
2006-09-29,30.98002815246582,3546924
2006-10-02,30.678333282470703,4249819
2006-10-03,30.475692749023438,4307055
2006-10-04,30.390146255493164,6094202
2006-10-05,30.507211685180664,5111634
2006-10-06,30.547746658325195,3806311
2006-10-09,30.26406478881836,4786730
2006-10-10,30.241544723510742,4084848
2006-10-11,30.128971099853516,4520080
2006-10-12,30.53423500061035,7416706
2006-10-13,30.313589096069336,4969382
2006-10-16,30.48020362854004,4637906
2006-10-17,30.439664840698242,5938965
2006-10-18,30.9124813079834,6841224
2006-10-19,31.22768783569336,8534511
2006-10-20,32.078731536865234,12402855
2006-10-23,32.20930862426758,6251553
2006-10-24,31.912124633789062,5222779
2006-10-25,32.0427131652832,3878644
2006-10-26,32.218326568603516,5676896
2006-10-27,32.08323669433594,5036044
2006-10-30,31.98866844177246,5161063
2006-10-31,31.745519638061523,4989979
2006-11-01,31.78154182434082,4165226
2006-11-02,31.362762451171875,6303014
2006-11-03,31.677974700927734,7348181
2006-11-06,32.186798095703125,5012614
2006-11-07,32.27685546875,5601290
2006-11-08,32.339908599853516,6455470
2006-11-09,33.34405517578125,17006490
2006-11-10,33.72229766845703,8957591
2006-11-13,33.74931335449219,5825500
2006-11-14,33.636741638183594,6223536
2006-11-15,33.90691375732422,6443680
2006-11-16,34.109554290771484,5120242
2006-11-17,34.109554290771484,6790299
2006-11-20,34.34369659423828,5688830
2006-11-21,34.22211837768555,4159290
2006-11-22,34.09604263305664,4726781
2006-11-23,33.99696731567383,3568669
2006-11-24,33.59170913696289,7171251
2006-11-27,32.61908721923828,7875526
2006-11-28,32.659610748291016,7885630
2006-11-29,32.668609619140625,5756212
2006-11-30,32.36241912841797,6612437
2006-12-01,31.92113494873047,8636361
2006-12-04,32.137271881103516,5012037
2006-12-05,32.73616409301758,6766368
2006-12-06,32.39393615722656,5527869
2006-12-07,32.83070373535156,6933865
2006-12-08,33.14142608642578,6290986
2006-12-11,33.069374084472656,5504599
2006-12-12,33.17744064331055,4792964
2006-12-13,33.163936614990234,5767989
2006-12-14,33.32154083251953,6325429
2006-12-15,33.44761657714844,14189684
2006-12-18,33.07838439941406,5752716
2006-12-19,32.87124252319336,5756734
2006-12-20,32.943302154541016,4405628
2006-12-21,33.172935485839844,3904387
2006-12-22,32.77667999267578,3530599
2006-12-27,33.37556838989258,3336579
2006-12-28,33.69977951049805,4077599
2006-12-29,33.83487319946289,3458963
2007-01-02,34.19059753417969,3562929
2007-01-03,34.00147247314453,4135858
2007-01-04,34.01948165893555,5327201
2007-01-05,33.915916442871094,6480223
2007-01-08,33.97446060180664,5051328
2007-01-09,34.58234405517578,9853121
2007-01-10,34.23113250732422,6033219
2007-01-11,34.58234405517578,6554392
2007-01-12,34.87053680419922,5615461
2007-01-15,34.89305114746094,2814413
2007-01-16,35.001121520996094,4714049
2007-01-17,35.18573760986328,6327038
2007-01-18,35.24427795410156,6854945
2007-01-19,35.2127571105957,7003436
2007-01-22,34.6453971862793,6185568
2007-01-23,34.46977615356445,6362909
2007-01-24,35.10469436645508,8747203
2007-01-25,37.19403839111328,27728446
2007-01-26,37.22156524658203,11380715
2007-01-29,37.40538024902344,6930430
2007-01-30,39.289432525634766,20150057
2007-01-31,38.83450698852539,12660146
2007-02-01,39.12401580810547,7290037
2007-02-02,38.738006591796875,6449168
2007-02-05,38.531219482421875,4619439
2007-02-06,37.77300262451172,7423152
2007-02-07,38.545005798339844,5997591
2007-02-08,37.910858154296875,5975002
2007-02-09,38.23252487182617,5507413
2007-02-12,38.03951644897461,4428481
2007-02-13,38.531219482421875,5563829
2007-02-14,38.66448211669922,5064415
2007-02-15,38.39336013793945,4318110
2007-02-16,38.7196159362793,7757410
2007-02-19,39.0458869934082,5630539
2007-02-20,38.6966438293457,5089597
2007-02-21,38.650699615478516,4461739
2007-02-22,39.174556732177734,7109021
2007-02-23,38.82991409301758,5679921
2007-02-26,38.627716064453125,4695116
2007-02-27,37.57080078125,10715902
2007-02-28,36.64716339111328,15368739
2007-03-01,36.2657470703125,12345439
2007-03-02,36.1370964050293,8606915
2007-03-05,35.59944534301758,12336440
2007-03-06,35.82001876831055,7296940
2007-03-07,36.026798248291016,6629385
2007-03-08,36.803401947021484,10159964
2007-03-09,36.76664733886719,9048451
2007-03-12,37.09749221801758,6980714
2007-03-13,36.40821075439453,6233979
2007-03-14,35.28237533569336,9698380
2007-03-15,36.20143127441406,8763576
2007-03-16,36.3714485168457,18174099
2007-03-19,36.57823181152344,6447338
2007-03-20,36.624176025390625,4550669
2007-03-21,36.624176025390625,3407101
2007-03-22,37.84193801879883,11341253
2007-03-23,37.745426177978516,5629588
2007-03-26,37.386993408203125,6138272
2007-03-27,37.32266616821289,5099897
2007-03-28,36.477134704589844,8738815
2007-03-29,36.688514709472656,5336059
2007-03-30,36.77123260498047,5380591
2007-04-02,36.72987747192383,4252680
2007-04-03,37.22156524658203,7138477
2007-04-04,37.63054275512695,5519195
2007-04-05,38.16819763183594,6059061
2007-04-10,39.39512252807617,12369844
2007-04-11,39.24347686767578,7006217
2007-04-12,38.715030670166016,6721151
2007-04-13,39.3675537109375,5524826
2007-04-16,40.43824768066406,9629231
2007-04-17,40.55773162841797,7394296
2007-04-18,39.9373664855957,6768678
2007-04-19,39.86384201049805,6585195
2007-04-20,41.518131256103516,20815820
2007-04-23,42.21661376953125,8986745
2007-04-24,40.98968505859375,14287769
2007-04-25,40.60367965698242,18466361
2007-04-26,41.141319274902344,25501674
2007-04-27,41.34352111816406,9722828
2007-04-30,40.98968505859375,7444482
2007-05-02,41.71113204956055,7744408
2007-05-03,41.87196731567383,7443689
2007-05-04,41.444602966308594,7408793
2007-05-07,41.25620651245117,3895751
2007-05-08,40.43824768066406,8920339
2007-05-09,40.4933967590332,5390539
2007-05-10,40.08900451660156,9050307
2007-05-11,40.0246696472168,10749349
2007-05-14,39.91438293457031,5496300
2007-05-15,40.23605728149414,7164810
2007-05-16,40.64962387084961,9092525
2007-05-17,40.838035583496094,4080041
2007-05-18,42.52450180053711,17859457
2007-05-21,42.36825942993164,11380635
2007-05-22,42.648563385009766,6045949
2007-05-23,42.979427337646484,6567972
2007-05-24,44.408546447753906,16424881
2007-05-25,44.99214172363281,12726950
2007-05-29,45.22650146484375,8293046
2007-05-30,44.789955139160156,10238034
2007-05-31,45.00593566894531,8574032
2007-06-01,45.36436080932617,7040651
2007-06-04,45.658470153808594,8171040
2007-06-05,45.23109817504883,7678240
2007-06-06,44.34880447387695,9315806
2007-06-07,44.045528411865234,9435689
2007-06-08,43.27811813354492,14394380
2007-06-11,44.28908157348633,7220448
2007-06-12,44.771583557128906,12299769
2007-06-13,45.15298843383789,11244465
2007-06-14,47.23003387451172,18040268
2007-06-15,49.251953125,36032173
2007-06-18,48.60401916503906,11149296
2007-06-19,48.85675048828125,10127978
2007-06-20,49.343849182128906,8238858
2007-06-21,48.44778060913086,12303355
2007-06-22,48.27315902709961,6842237
2007-06-25,48.245582580566406,7311172
2007-06-26,48.1261100769043,7691387
2007-06-27,47.56550216674805,8034807
2007-06-28,48.7097053527832,6077588
2007-06-29,48.97163772583008,6748096
2007-07-02,48.902713775634766,5350189
2007-07-03,50.38239288330078,12232294
2007-07-04,50.616737365722656,5278462
2007-07-05,50.57078552246094,8961995
2007-07-06,50.18019485473633,5351997
2007-07-09,51.08545684814453,5943204
2007-07-10,49.84014892578125,7195486
2007-07-11,49.10030746459961,8959947
2007-07-12,51.00274658203125,9581430
2007-07-13,51.05787658691406,7462496
2007-07-16,50.38697052001953,4787709
2007-07-17,49.47251510620117,6672175
2007-07-18,48.548866271972656,12242713
2007-07-19,49.93205261230469,7239247
2007-07-20,48.6959228515625,8539419
2007-07-23,49.38521194458008,6130732
2007-07-24,48.728092193603516,6231390
2007-07-25,45.814697265625,33264319
2007-07-26,43.24135208129883,25961158
2007-07-27,43.55843734741211,19955407
2007-07-30,43.7100715637207,9223315
2007-07-31,42.997798919677734,13513828
2007-08-01,42.942657470703125,13680670
2007-08-02,42.03739929199219,12459821
2007-08-03,41.79844665527344,7341063
2007-08-06,42.11091613769531,8714330
2007-08-07,42.85535430908203,7831343
2007-08-08,43.425174713134766,8802864
2007-08-09,42.85076141357422,10140008
2007-08-10,42.34068298339844,14248200
2007-08-13,41.87656784057617,12242969
2007-08-14,41.58247375488281,7134081
2007-08-15,41.23781967163086,7880617
2007-08-16,39.85005187988281,16399788
2007-08-17,40.50718307495117,18876541
2007-08-20,40.9069709777832,6408269
2007-08-21,40.92074966430664,5906771
2007-08-22,41.74330520629883,7730969
2007-08-23,42.1201171875,6428733
2007-08-24,42.35906219482422,4332641
2007-08-27,41.70194625854492,3062764
2007-08-28,40.9069709777832,5280357
2007-08-29,40.5025749206543,8472754
2007-08-30,41.34352111816406,5802462
2007-08-31,42.3636589050293,6842689
2007-09-03,42.138492584228516,2988203
2007-09-04,42.726680755615234,5283434
2007-09-05,42.26256561279297,7526141
2007-09-06,42.5061149597168,5353724
2007-09-07,40.62206268310547,8983233
2007-09-10,40.203880310058594,5778590
2007-09-11,40.842628479003906,5177125
2007-09-12,40.842628479003906,4465424
2007-09-13,41.01265335083008,7614220
2007-09-14,40.21767807006836,9629604
2007-09-17,39.65245819091797,6086755
2007-09-18,40.686397552490234,7451575
2007-09-19,42.8829231262207,14078359
2007-09-20,43.39299774169922,7369293
2007-09-21,44.59695816040039,27472338
2007-09-24,44.238529205322266,6043816
2007-09-25,43.737640380859375,6726938
2007-09-26,43.411380767822266,6932629
2007-09-27,44.22013854980469,6406014
2007-09-28,44.30745315551758,7227862
2007-10-01,45.03350067138672,5421842
2007-10-02,45.45166778564453,6234306
2007-10-03,45.37355041503906,3051178
2007-10-04,45.15756607055664,5273589
2007-10-05,45.50221633911133,5531346
2007-10-08,44.75318908691406,4128294
2007-10-09,44.68425369262695,3920402
2007-10-10,44.83591842651367,5520729
2007-10-11,45.28624725341797,5459503
2007-10-12,45.028900146484375,4665124
2007-10-15,43.80198287963867,5932682
2007-10-16,42.6991081237793,11169636
2007-10-17,42.99321365356445,7031074
2007-10-18,41.982261657714844,8897146
2007-10-19,41.982261657714844,8582826
2007-10-22,41.24242401123047,8532004
2007-10-23,42.03280258178711,8177234
2007-10-24,41.357303619384766,6608459
2007-10-25,42.06956481933594,7734544
2007-10-26,42.19363784790039,5268665
2007-10-29,43.20000076293945,7113708
2007-10-30,43.034568786621094,5487484
2007-10-31,43.066734313964844,4607614
2007-11-01,42.27175521850586,6506229
2007-11-02,42.694522857666016,7341835
2007-11-05,43.17241668701172,7872667
2007-11-06,43.73303985595703,6114393
2007-11-07,43.72385787963867,7338576
2007-11-08,47.3403205871582,31478526
2007-11-09,47.684974670410156,17452956
2007-11-12,47.14733123779297,8226710
2007-11-13,46.421268463134766,8947989
2007-11-14,46.32477951049805,7804275
2007-11-15,45.345977783203125,8280294
2007-11-16,44.71183776855469,9864967
2007-11-19,44.14202117919922,6709504
2007-11-20,44.477481842041016,10950286
2007-11-21,44.229331970214844,8973064
2007-11-22,44.29366683959961,5730268
2007-11-23,45.13919448852539,5526176
2007-11-26,45.10243606567383,6330236
2007-11-27,44.932403564453125,6325358
2007-11-28,46.173126220703125,8794888
2007-11-29,46.8486328125,7902511
2007-11-30,47.661991119384766,7201180
2007-12-03,47.10137176513672,4764267
2007-12-04,46.94053268432617,6066944
2007-12-05,48.1904411315918,5695911
2007-12-06,48.31452178955078,5678333
2007-12-07,48.792415618896484,6892456
2007-12-10,49.6241569519043,6702144
2007-12-11,48.92567443847656,9195037
2007-12-12,49.274925231933594,10081687
2007-12-13,48.0250244140625,6533209
2007-12-14,48.438594818115234,5330839
2007-12-17,47.14733123779297,6422526
2007-12-18,47.59305953979492,6271432
2007-12-19,48.03420639038086,5608472
2007-12-20,48.195037841796875,4736961
2007-12-21,49.973411560058594,15382396
2007-12-27,49.835533142089844,4849177
2007-12-28,50.02396011352539,1935525
2008-01-02,49.30249786376953,5038280
2008-01-03,48.76025390625,6561410
2008-01-04,47.46898651123047,7902252
2008-01-07,46.75672149658203,8166854
2008-01-08,47.61603927612305,5944582
2008-01-09,45.09324645996094,20370947
2008-01-10,44.26150131225586,10665578
2008-01-11,44.65668869018555,7328205
2008-01-14,45.2219123840332,5521376
2008-01-15,44.472877502441406,8656965
2008-01-16,43.62736129760742,10999578
2008-01-17,42.55666732788086,9591765
2008-01-18,42.27634811401367,13648671
2008-01-21,38.67826843261719,18321112
2008-01-22,39.38134002685547,22805188
2008-01-23,37.79597091674805,16464916
2008-01-24,38.738006591796875,18808423
2008-01-25,39.39169692993164,13284439
2008-01-28,39.095760345458984,13569136
2008-01-29,40.514347076416016,13069414
2008-01-30,40.57542037963867,7481906
2008-01-31,40.48147201538086,8045425
2008-02-01,41.989315032958984,11170145
2008-02-04,42.6516227722168,7864055
2008-02-05,40.39691162109375,11264049
2008-02-06,40.87135314941406,8243502
2008-02-07,39.79566955566406,7564524
2008-02-08,40.19962692260742,5210501
2008-02-11,40.13856887817383,6033388
2008-02-12,41.79201889038086,8272952
2008-02-13,41.78732681274414,6044178
2008-02-14,42.149017333984375,6784013
2008-02-15,41.139095306396484,8358488
2008-02-18,42.00810241699219,3878476
2008-02-19,42.24296569824219,5781631
2008-02-20,41.496089935302734,6167267
2008-02-21,41.22834014892578,5855513
2008-02-22,41.17668151855469,6880668
2008-02-25,41.665191650390625,5663870
2008-02-26,42.72209167480469,7614719
2008-02-27,43.24818420410156,5914349
2008-02-28,41.538360595703125,8171791
2008-02-29,40.12447738647461,10661298
2008-03-03,39.5514030456543,6328278
2008-03-04,38.8749885559082,7304375
2008-03-05,40.14795684814453,6399307
2008-03-06,39.081668853759766,6082216
2008-03-07,38.28312683105469,9733695
2008-03-10,37.61611557006836,8624730
2008-03-11,38.36298751831055,7259004
2008-03-12,38.80453109741211,6994606
2008-03-13,37.89794921875,10457430
2008-03-14,37.625511169433594,8296003
2008-03-17,31.19957160949707,45989424
2008-03-18,33.2523078918457,20172565
2008-03-19,32.35511779785156,15473784
2008-03-20,31.476713180541992,19720436
2008-03-25,31.683393478393555,15332453
2008-03-26,32.07797622680664,10739502
2008-03-27,32.74968719482422,7927599
2008-03-28,32.35511779785156,7045030
2008-03-31,32.24707794189453,6680622
2008-04-01,33.712646484375,9760228
2008-04-02,33.712646484375,9949544
2008-04-03,33.09259033203125,9789518
2008-04-04,33.412010192871094,6103786
2008-04-07,33.942806243896484,6383230
2008-04-08,33.745521545410156,6619782
2008-04-09,33.416709899902344,4607156
2008-04-10,33.20063018798828,7396371
2008-04-11,32.05918502807617,13797850
2008-04-14,31.894777297973633,7609726
2008-04-15,32.449058532714844,8054699
2008-04-16,33.261695861816406,6666816
2008-04-17,33.0785026550293,4932364
2008-04-18,33.7924919128418,6824290
2008-04-21,33.67975616455078,5718386
2008-04-22,33.39791488647461,4393162
2008-04-23,34.61922073364258,10732928
2008-04-24,34.70377731323242,9714569
2008-04-25,35.03728485107422,6055671
2008-04-28,35.140625,4598398
2008-04-29,34.473602294921875,0
2008-04-30,35.49761962890625,0
2008-05-02,36.21630859375,9100169
2008-05-05,36.00492858886719,2916369
2008-05-06,35.69960403442383,4579808
2008-05-07,36.01432418823242,5240898
2008-05-08,35.9438591003418,4657105
2008-05-09,35.17820358276367,7133958
2008-05-12,35.248661041259766,2125869
2008-05-13,35.20638656616211,4413427
2008-05-14,35.24397277832031,5133568
2008-05-15,35.15001678466797,4223824
2008-05-16,35.95325469970703,10380837
2008-05-19,36.18342208862305,4551688
2008-05-20,35.38957595825195,4869617
2008-05-21,34.73664855957031,6546421
2008-05-22,34.62861251831055,4084791
2008-05-23,33.56703186035156,5973399
2008-05-26,33.76900863647461,2809599
2008-05-27,33.66097640991211,5083351
2008-05-28,33.85356140136719,5338379
2008-05-29,34.074337005615234,4566682
2008-05-30,34.25282669067383,4381594
2008-06-02,33.94750213623047,3662797
2008-06-03,33.64218521118164,4995588
2008-06-04,33.51534652709961,4578559
2008-06-05,33.402618408203125,5436085
2008-06-06,32.862422943115234,9945603
2008-06-09,33.3509407043457,7193703
2008-06-10,33.689151763916016,7761424
2008-06-11,33.24290466308594,8643659
2008-06-12,34.06493377685547,9235175
2008-06-13,34.976219177246094,8794926
2008-06-16,34.976219177246094,7087316
2008-06-17,35.53520202636719,7234428
2008-06-18,35.38957595825195,6463144
2008-06-19,35.27214431762695,6960888
2008-06-20,34.144798278808594,13879226
2008-06-23,34.65679931640625,6865679
2008-06-24,34.24812316894531,7829971
2008-06-25,34.27161407470703,8147829
2008-06-26,33.355648040771484,8561518
2008-06-27,33.299278259277344,9035079
2008-06-30,33.12548065185547,7895295
2008-07-01,32.97517013549805,8781880
2008-07-02,31.96523094177246,9549859
2008-07-03,32.561790466308594,10032714
2008-07-04,32.14842987060547,4109567
2008-07-07,33.261695861816406,8002163
2008-07-08,32.7261962890625,9091530
2008-07-09,33.37443542480469,5877271
2008-07-10,33.144264221191406,6827908
2008-07-11,32.30813980102539,9448959
2008-07-14,32.937583923339844,5889759
2008-07-15,32.47254943847656,8815991
2008-07-16,32.71210479736328,6811720
2008-07-17,33.63278579711914,11643028
2008-07-18,34.727256774902344,10307040
2008-07-21,34.62391662597656,6060703
2008-07-22,34.74604797363281,6821289
2008-07-23,34.6802978515625,5198851
2008-07-24,34.0555419921875,5704247
2008-07-25,34.544063568115234,6169199
2008-07-28,34.0555419921875,4514623
2008-07-29,34.39375305175781,7443775
2008-07-30,36.38071823120117,13234924
2008-07-31,36.99605941772461,8236290
2008-08-01,36.206912994384766,6784866
2008-08-04,35.91567611694336,3730972
2008-08-05,36.671958923339844,6384033
2008-08-06,37.108795166015625,5527282
2008-08-07,37.108795166015625,4271854
2008-08-08,37.23093032836914,4327097
2008-08-11,37.287288665771484,3596646
2008-08-12,36.61558151245117,5299893
2008-08-13,35.57277297973633,5835835
2008-08-14,35.64793014526367,3820594
2008-08-15,35.849918365478516,5243292
2008-08-18,36.0612907409668,3092927
2008-08-19,35.060768127441406,4402751
2008-08-20,35.20638656616211,3405977
2008-08-21,34.61922073364258,3857309
2008-08-22,35.1124382019043,3490625
2008-08-25,34.56284713745117,2645760
2008-08-26,34.61922073364258,3750644
2008-08-27,34.459510803222656,3694304
2008-08-28,35.2110710144043,6444889
2008-08-29,34.88227081298828,4035439
2008-09-01,34.816505432128906,2364873
2008-09-02,35.40367126464844,4814290
2008-09-03,34.901058197021484,4318453
2008-09-04,33.22881317138672,8896760
2008-09-05,32.33633041381836,10904297
2008-09-08,33.026832580566406,7809864
2008-09-09,32.580589294433594,6651799
2008-09-10,32.09206008911133,7348584
2008-09-11,32.12025451660156,5205361
2008-09-12,32.627559661865234,5259293
2008-09-15,32.20949935913086,15342200
2008-09-16,31.21836280822754,13007935
2008-09-17,30.753328323364258,10468097
2008-09-18,30.52785873413086,10564185
2008-09-19,33.02212905883789,20390078
2008-09-22,31.955854415893555,7645689
2008-09-23,31.988727569580078,6309284
2008-09-24,31.73037338256836,5233717
2008-09-25,31.960538864135742,7857678
2008-09-26,31.37337875366211,6232280
2008-09-29,30.490278244018555,9255142
2008-09-30,30.88485336303711,9663869
2008-10-01,29.935993194580078,8802498
2008-10-02,28.564382553100586,10317426
2008-10-03,28.71469497680664,10848672
2008-10-06,26.041921615600586,18494900
2008-10-07,25.619159698486328,18140334
2008-10-08,23.054428100585938,22804396
2008-10-09,23.79190444946289,15151768
2008-10-10,21.98343849182129,21434046
2008-10-13,24.487104415893555,15092331
2008-10-14,25.299745559692383,12901649
2008-10-15,21.74857521057129,17909917
2008-10-16,20.283010482788086,17772037
2008-10-17,21.231870651245117,14339180
2008-10-20,22.866531372070312,10035288
2008-10-21,23.481882095336914,8568680
2008-10-22,22.02102279663086,10022522
2008-10-23,20.442716598510742,15026452
2008-10-24,19.150959014892578,18005721
2008-10-27,16.91033935546875,16699180
2008-10-28,16.684865951538086,25448968
2008-10-29,20.70107078552246,22502054
2008-10-30,20.92654800415039,11181192
2008-10-31,21.823728561401367,10622654
2008-11-03,22.406198501586914,7711688
2008-11-04,23.665081024169922,9524921
2008-11-05,22.979272842407227,8415565
2008-11-06,20.668190002441406,12456547
2008-11-07,20.428625106811523,9653027
2008-11-10,21.222475051879883,7351440
2008-11-11,19.329458236694336,9777167
2008-11-12,18.826839447021484,9279381
2008-11-13,19.705244064331055,15096069
2008-11-14,19.977685928344727,8980342
2008-11-17,19.83206558227539,8241599
2008-11-18,19.92131996154785,6761487
2008-11-19,19.16975212097168,7398157
2008-11-20,18.90200424194336,9784831
2008-11-21,18.77986717224121,9445459
2008-11-24,21.74387550354004,12336808
2008-11-25,22.387413024902344,10767832
2008-11-26,21.97404670715332,6887585
2008-11-27,22.983972549438477,5700258
2008-11-28,22.11026954650879,8108515
2008-12-01,21.020490646362305,7016463
2008-12-02,21.83312225341797,9910721
2008-12-03,22.603487014770508,7254371
2008-12-04,22.424983978271484,8944608
2008-12-05,21.043973922729492,9541168
2008-12-08,23.204744338989258,10522812
2008-12-09,22.91350746154785,8304158
2008-12-10,23.04033851623535,5855763
2008-12-11,22.763198852539062,6404257
2008-12-12,22.25588607788086,6932859
2008-12-15,22.14784812927246,4832695
2008-12-16,22.664552688598633,5769060
2008-12-17,23.092004776000977,6956523
2008-12-18,23.956314086914062,9558371
2008-12-19,24.42605209350586,14319844
2008-12-22,24.214664459228516,6313108
2008-12-23,23.87645721435547,3915697
2008-12-29,24.26163673400879,3769548
2008-12-30,24.745458602905273,3029262
2009-01-02,26.070098876953125,5046227
2009-01-05,25.792964935302734,5935000
2009-01-06,26.394214630126953,5680847
2009-01-07,25.891605377197266,4310447
2009-01-08,24.87698745727539,5722463
2009-01-09,23.843570709228516,6941391
2009-01-12,23.251718521118164,5485458
2009-01-13,22.594093322753906,7870602
2009-01-14,19.874343872070312,21769062
2009-01-15,20.31119728088379,12818827
2009-01-16,20.292404174804688,6940348
2009-01-19,20.56015396118164,5124500
2009-01-20,20.170272827148438,5966915
2009-01-21,20.879575729370117,9201905
2009-01-22,20.400440216064453,6389050
2009-01-23,19.58780860900879,8610916
2009-01-26,20.45211410522461,8836045
2009-01-27,21.02988624572754,12738788
2009-01-28,22.700794219970703,9709357
2009-01-29,22.23061752319336,5722512
2009-01-30,21.5400390625,6274551
2009-02-02,21.19720458984375,5374521
2009-02-03,21.412704467773438,5994478
2009-02-04,22.475502014160156,7319469
2009-02-05,22.852619171142578,5698767
2009-02-06,24.263154983520508,9412046
2009-02-09,23.93501091003418,5555540
2009-02-10,22.784053802490234,6148279
2009-02-11,23.28361701965332,5593722
2009-02-12,22.5832462310791,5847735
2009-02-13,22.66161346435547,3869429
2009-02-16,22.392236709594727,2525418
2009-02-17,21.77023696899414,5840249
2009-02-18,21.882883071899414,5216834
2009-02-19,21.829010009765625,4617729
2009-02-20,20.51642417907715,9915875
2009-02-23,20.109914779663086,5783201
2009-02-24,20.139299392700195,6513390
2009-02-25,19.933597564697266,6567200
2009-02-26,20.403778076171875,5796766
2009-02-27,19.752384185791016,7140936
2009-03-02,18.954059600830078,6308689
2009-03-03,18.787540435791016,5049580
2009-03-04,19.77197265625,9039279
2009-03-05,19.14017105102539,7067216
2009-03-06,18.85120964050293,6985072
2009-03-09,19.11078453063965,5522050
2009-03-10,20.687843322753906,8150321
2009-03-11,20.9376220703125,6457557
2009-03-12,21.544939041137695,6312835
2009-03-13,21.300052642822266,5499958
2009-03-16,21.716354370117188,5694994
2009-03-17,21.789817810058594,5272598
2009-03-18,21.476369857788086,4999946
2009-03-19,21.368621826171875,6142503
2009-03-20,21.6967716217041,9202918
2009-03-23,22.50978660583496,5361099
2009-03-24,22.441213607788086,5192877
2009-03-25,21.549837112426758,10428893
2009-03-26,21.735944747924805,4278508
2009-03-27,21.716354370117188,5716770
2009-03-30,20.305822372436523,5003982
2009-03-31,21.06496810913086,4673062
2009-04-01,21.045372009277344,5346478
2009-04-02,22.19143295288086,7068311
2009-04-03,22.930984497070312,6737511
2009-04-06,21.98573112487793,6880462
2009-04-07,21.525352478027344,4852972
2009-04-08,21.393108367919922,4723163
2009-04-09,22.441213607788086,5242067
2009-04-14,22.82323455810547,4994774
2009-04-15,22.739973068237305,4255755
2009-04-16,23.313003540039062,4865517
2009-04-17,23.5872745513916,9326209
2009-04-20,22.455907821655273,4849402
2009-04-21,22.62732696533203,4797625
2009-04-22,23.445241928100586,4726312
2009-04-23,22.921188354492188,4742845
2009-04-24,24.150510787963867,5850103
2009-04-27,24.072145462036133,3671131
2009-04-28,23.239538192749023,5439334
2009-04-29,25.134946823120117,9583880
2009-04-30,24.9929141998291,7095486
2009-05-04,25.81572723388672,4002528
2009-05-05,25.291669845581055,4783345
2009-05-06,25.825519561767578,4834868
2009-05-07,25.05168914794922,6320787
2009-05-08,25.79613494873047,5373394
2009-05-11,25.36023712158203,3605511
2009-05-12,25.223106384277344,4152450
2009-05-13,24.096637725830078,6789190
2009-05-14,24.605995178222656,4861888
2009-05-15,24.73823356628418,5216031
2009-05-18,25.345542907714844,3898840
2009-05-19,26.68750762939453,8117018
2009-05-20,26.932397842407227,4565425
2009-05-21,25.77164649963379,3493388
2009-05-22,25.903886795043945,3339899
2009-05-25,25.923471450805664,2765648
2009-05-26,26.09979248046875,4655449
2009-05-27,26.33977699279785,3654238
2009-05-28,25.742259979248047,3635279
2009-05-29,25.19371795654297,6811272
2009-06-01,26.6434326171875,4810286
2009-06-02,26.72179412841797,3474038
2009-06-03,26.256521224975586,3926468
2009-06-04,26.232030868530273,3218839
2009-06-05,26.692411422729492,4828706
2009-06-08,26.178150177001953,3978142
2009-06-09,26.02142333984375,3331097
2009-06-10,26.457321166992188,4040706
2009-06-11,26.599349975585938,2907286
2009-06-12,26.496501922607422,2928879
2009-06-15,25.237796783447266,4736087
2009-06-16,25.41901206970215,3605641
2009-06-17,25.169227600097656,5137796
2009-06-18,24.801898956298828,4353248
2009-06-19,24.806798934936523,11342274
2009-06-22,23.964401245117188,5290855
2009-06-23,23.57258415222168,5048598
2009-06-24,24.086837768554688,4318188
2009-06-25,23.993783950805664,4397282
2009-06-26,23.925216674804688,3322307
2009-06-29,24.68925666809082,3706174
2009-06-30,24.077045440673828,4304144
2009-07-01,24.576608657836914,3179790
2009-07-02,23.26403045654297,4649621
2009-07-03,23.200361251831055,2752823
2009-07-06,22.960372924804688,3431757
2009-07-07,22.65181541442871,3790787
2009-07-08,22.529375076293945,3806252
2009-07-09,23.12689208984375,4074379
2009-07-10,22.739973068237305,3490566
2009-07-13,23.748897552490234,4174123
2009-07-14,23.920318603515625,3510106
2009-07-15,24.70884895324707,4721241
2009-07-16,24.953731536865234,4097507
2009-07-17,25.28187370300293,4546506
2009-07-20,25.654096603393555,3318053
2009-07-21,26.30059051513672,3940528
2009-07-22,26.5209903717041,4580288
2009-07-23,27.240951538085938,4311182
2009-07-24,26.986276626586914,4498165
2009-07-27,27.38788604736328,3724674
2009-07-28,27.118505477905273,4553125
2009-07-29,27.94132423400879,4298970
2009-07-30,28.039281845092773,5624023
2009-07-31,27.42706298828125,5078384
2009-08-03,28.039281845092773,3670333
2009-08-04,28.000089645385742,3232535
2009-08-05,27.70623207092285,3359619
2009-08-06,28.342933654785156,4141586
2009-08-07,28.906169891357422,4411982
2009-08-10,28.76412582397461,2829168
2009-08-11,28.039281845092773,3813343
2009-08-12,28.191102981567383,3200710
2009-08-13,28.3282470703125,3185457
2009-08-14,27.97560691833496,2771660
2009-08-17,27.378087997436523,4547223
2009-08-18,27.495634078979492,2254907
2009-08-19,27.525022506713867,2697579
2009-08-20,27.892353057861328,2635437
2009-08-21,28.95514678955078,6325749
2009-08-24,29.111875534057617,3405774
2009-08-25,30.218748092651367,5482671
2009-08-26,29.63102149963379,4558922
2009-08-27,29.513479232788086,2963988
2009-08-28,29.89060401916504,2952794
2009-08-31,29.606534957885742,2939515
2009-09-01,28.631895065307617,4955653
2009-09-02,28.8914737701416,3914837
2009-09-03,28.96983528137207,2988768
2009-09-04,29.50857925415039,3510928
2009-09-07,30.10610008239746,2741982
2009-09-08,30.35098648071289,2727684
2009-09-09,30.91912269592285,4136474
2009-09-10,31.62928009033203,5130051
2009-09-11,31.227672576904297,3980779
2009-09-14,31.692955017089844,3460937
2009-09-15,31.981908798217773,4535507
2009-09-16,32.42271041870117,4630404
2009-09-17,32.530460357666016,4627798
2009-09-18,32.5451545715332,13513431
2009-09-21,32.119049072265625,4651467
2009-09-22,32.158233642578125,3684369
2009-09-23,32.349239349365234,3279840
2009-09-24,31.6243839263916,4449124
2009-09-25,31.115022659301758,4412091
2009-09-28,32.30516052246094,4927035
2009-09-29,31.741926193237305,6730243
2009-09-30,30.992586135864258,6572931
2009-10-01,30.159976959228516,5461630
2009-10-02,29.48409652709961,6552128
2009-10-05,29.655506134033203,4125088
2009-10-06,30.90442657470703,6370316
2009-10-07,30.806472778320312,3423968
2009-10-08,31.59010124206543,4275589
2009-10-09,31.7076473236084,2488576
2009-10-12,32.5451545715332,3893027
2009-10-13,32.138648986816406,3872024
2009-10-14,33.79405975341797,7314763
2009-10-15,33.524688720703125,4697936
2009-10-16,32.599021911621094,6271273
2009-10-19,33.172054290771484,2849681
2009-10-20,32.941871643066406,3085303
2009-10-21,33.01533508300781,3811598
2009-10-22,32.36393737792969,3883212
2009-10-23,32.10435485839844,3100301
2009-10-26,31.67336082458496,3795298
2009-10-27,31.859477996826172,3515429
2009-10-28,30.89952278137207,6178531
2009-10-29,31.599897384643555,4673823
2009-10-30,30.10610008239746,5936610
2009-11-02,30.238332748413086,4509176
2009-11-03,29.68000030517578,4895086
2009-11-04,30.06202507019043,4804343
2009-11-05,30.439144134521484,4876985
2009-11-06,30.346088409423828,3797417
2009-11-09,31.198278427124023,3454282
2009-11-10,31.13951301574707,2964327
2009-11-11,31.203182220458984,3241155
2009-11-12,31.222768783569336,3273267
2009-11-13,31.27174949645996,3341418
2009-11-16,32.22190856933594,4601765
2009-11-17,31.81049346923828,3311615
2009-11-18,32.56963348388672,5387750
2009-11-19,31.981908798217773,3246768
2009-11-20,31.39419937133789,5706955
2009-11-23,32.56963348388672,3701219
2009-11-24,32.349239349365234,3502289
2009-11-25,32.858604431152344,3142704
2009-11-26,31.77621078491211,3596190
2009-11-27,32.1876220703125,3925049
2009-11-30,31.962329864501953,2858209
2009-12-01,33.152462005615234,3986345
2009-12-02,33.09368896484375,3972849
2009-12-03,31.38439178466797,10470541
2009-12-04,31.10032844543457,8735479
2009-12-07,30.590974807739258,4360274
2009-12-08,30.380367279052734,5143017
2009-12-09,29.684904098510742,6591903
2009-12-10,30.12079620361328,4396615
2009-12-11,30.267724990844727,3604240
2009-12-14,30.03263282775879,4527433
2009-12-15,30.047332763671875,3927219
2009-12-16,30.321605682373047,4752732
2009-12-17,30.26282501220703,3796467
2009-12-18,30.22854232788086,12232885
2009-12-21,31.070945739746094,3933698
2009-12-22,31.242366790771484,2767088
2009-12-23,31.3060359954834,2139284
2009-12-28,31.8643741607666,1777467
2009-12-29,31.751720428466797,1909026
2009-12-30,31.44806480407715,1129527
2010-01-04,32.0651741027832,3033854
2010-01-05,32.084774017333984,2867257
2010-01-06,32.20231246948242,2403228
2010-01-07,32.584327697753906,3701624
2010-01-08,32.7900276184082,2922356
2010-01-11,32.873294830322266,3592766
2010-01-12,32.471683502197266,5645038
2010-01-13,32.76554870605469,3175681
2010-01-14,32.91248321533203,3559442
2010-01-15,32.53535842895508,5058663
2010-01-18,32.70677185058594,1711292
2010-01-19,33.074100494384766,4207556
2010-01-20,32.251285552978516,3868948
2010-01-21,31.712543487548828,5027970
2010-01-22,31.727237701416016,5456880
2010-01-25,31.639081954956055,8274136
2010-01-26,33.26511764526367,16765806
2010-01-27,33.713905334472656,7772774
2010-01-28,32.66695022583008,6633868
2010-01-29,32.732383728027344,5320587
2010-02-01,32.742454528808594,4104583
2010-02-02,33.270965576171875,4048977
2010-02-03,32.953853607177734,3893346
2010-02-04,31.735769271850586,7205563
2010-02-05,31.04115104675293,8870676
2010-02-08,31.82614517211914,4149894
2010-02-09,32.039817810058594,4627005
2010-02-10,32.04998779296875,4643463
2010-02-11,32.08559799194336,4379283
2010-02-12,31.612483978271484,3795352
2010-02-15,31.922801971435547,2263502
2010-02-16,32.17716979980469,3524348
2010-02-17,32.711341857910156,4285325
2010-02-18,33.1539306640625,3838020
2010-02-19,33.24041748046875,4970106
2010-02-22,33.067447662353516,2313674
2010-02-23,32.462059020996094,4047910
2010-02-24,32.645198822021484,2976186
2010-02-25,31.704051971435547,5255754
2010-02-26,32.04490280151367,3974315
2010-03-01,32.950439453125,3625456
2010-03-02,33.5303955078125,3647428
2010-03-03,34.18665313720703,4898240
2010-03-04,33.80510711669922,2915582
2010-03-05,34.31892776489258,3539920
2010-03-08,34.12051773071289,2772361
2010-03-09,34.11034393310547,2258077
2010-03-10,34.481712341308594,2860315
2010-03-11,34.19681930541992,2805578
2010-03-12,34.786956787109375,5013620
2010-03-15,34.441017150878906,3885597
2010-03-16,35.44321823120117,5045312
2010-03-17,36.57768630981445,8384598
2010-03-18,36.50137710571289,4545740
2010-03-19,36.262271881103516,14391513
2010-03-22,36.24192428588867,3642477
2010-03-23,36.531898498535156,3217750
2010-03-24,36.603118896484375,4301350
2010-03-25,37.51883316040039,4706078
2010-03-26,37.28989791870117,4735257
2010-03-29,37.859683990478516,4220152
2010-03-30,37.18307113647461,4365104
2010-03-31,37.72233200073242,4444786
2010-04-01,38.53120803833008,4092755
2010-04-06,38.795745849609375,3821853
2010-04-07,38.185272216796875,3979177
2010-04-08,37.696895599365234,3614711
2010-04-09,38.07334899902344,2973620
2010-04-12,38.04283142089844,2960765
2010-04-13,37.44253158569336,3141381
2010-04-14,37.35603713989258,4305004
2010-04-15,37.1932487487793,3834560
2010-04-16,36.18595886230469,9926853
2010-04-19,36.63873291015625,4530255
2010-04-20,37.58498001098633,4763877
2010-04-21,37.177982330322266,4637874
2010-04-22,36.318233489990234,5861440
2010-04-23,37.050804138183594,4921519
2010-04-26,38.52103805541992,5726652
2010-04-27,37.15254211425781,5702108
2010-04-28,36.618377685546875,7573665
2010-04-29,37.091495513916016,6673538
2010-04-30,37.81898498535156,6192461
2010-05-03,37.18307113647461,4100334
2010-05-04,36.05877685546875,6476124
2010-05-05,36.012996673583984,7061717
2010-05-06,35.99773025512695,7379902
2010-05-07,34.720821380615234,12871539
2010-05-10,37.39165115356445,10480959
2010-05-11,38.149662017822266,6502325
2010-05-12,38.79066467285156,7998904
2010-05-13,39.63006591796875,5499609
2010-05-14,37.625667572021484,7531325
2010-05-17,37.70706558227539,5771588
2010-05-18,38.89240264892578,5100819
2010-05-19,37.824066162109375,9024195
2010-05-20,36.536983489990234,9393470
2010-05-21,36.17070007324219,11131198
2010-05-24,35.9722900390625,3471347
2010-05-25,34.93449020385742,8460978
2010-05-26,36.03842544555664,6320784
2010-05-27,37.366214752197266,5519813
2010-05-28,37.366214752197266,3977726
2010-05-31,37.65618896484375,1637850
2010-06-01,37.65110397338867,4705363
2010-06-02,37.58498001098633,3323279
2010-06-03,38.08352279663086,3755759
2010-06-04,36.98467254638672,5159582
2010-06-07,36.618377685546875,3879593
2010-06-08,36.90835952758789,5547728
2010-06-09,38.00212860107422,5451939
2010-06-10,38.73979187011719,5176652
2010-06-11,37.824066162109375,5209084
2010-06-14,39.35026550292969,5045336
2010-06-15,39.747074127197266,4194191
2010-06-16,39.79286193847656,3745748
2010-06-17,39.41130828857422,4418813
2010-06-18,39.30447769165039,11150770
2010-06-21,40.30667495727539,4031989
2010-06-22,39.94038391113281,3107312
2010-06-23,39.32991409301758,3203340
2010-06-24,38.256492614746094,4487576
2010-06-25,38.215797424316406,4345144
2010-06-28,38.917842864990234,2858683
2010-06-29,37.417091369628906,5278224
2010-06-30,37.65618896484375,4256654
2010-07-01,36.98467254638672,5773580
2010-07-02,36.48611831665039,4047700
2010-07-05,36.45050048828125,2409359
2010-07-06,36.69468688964844,5737988
2010-07-07,36.98467254638672,4777259
2010-07-08,37.48830795288086,4190129
2010-07-09,37.249210357666016,2995867
2010-07-12,37.72233200073242,2573469
2010-07-13,38.58207321166992,3647587
2010-07-14,38.80083465576172,2758664
2010-07-15,38.1954460144043,3487198
2010-07-16,37.76302719116211,6287550
2010-07-19,37.254295349121094,2858625
2010-07-20,36.964317321777344,3122596
2010-07-21,37.31025314331055,2414468
2010-07-22,38.66856002807617,3868153
2010-07-23,38.87714767456055,3195499
2010-07-26,39.05519485473633,2042852
2010-07-27,39.09589767456055,3439322
2010-07-28,38.73979187011719,2986772
2010-07-29,37.859683990478516,4743843
2010-07-30,38.04791259765625,4641516
2010-08-02,39.48762512207031,3952217
2010-08-03,39.57410430908203,2721740
2010-08-04,39.11115264892578,3752720
2010-08-05,39.680931091308594,5203675
2010-08-06,38.83644485473633,4196733
2010-08-09,39.90987014770508,2768366
2010-08-10,39.390953063964844,3107847
2010-08-11,38.36841583251953,3445367
2010-08-12,38.23613739013672,3102477
2010-08-13,38.15475082397461,2768904
2010-08-16,38.10386657714844,2303673
2010-08-17,38.68382263183594,2462430
2010-08-18,38.90767288208008,2883282
2010-08-19,37.63584518432617,4551799
2010-08-20,37.33060073852539,4236295
2010-08-23,37.1627197265625,2766566
2010-08-24,36.38436508178711,4688658
2010-08-25,36.08930206298828,4416751
2010-08-26,36.3029670715332,2993739
2010-08-27,36.7557373046875,3179017
2010-08-30,36.3029670715332,1863387
2010-08-31,36.51663589477539,4163536
2010-09-01,37.59006118774414,5234650
2010-09-02,37.467960357666016,2488328
2010-09-03,37.96651077270508,3882257
2010-09-06,38.04283142089844,1867774
2010-09-07,37.915645599365234,2268417
2010-09-08,38.332801818847656,2837544
2010-09-09,38.58716583251953,3232587
2010-09-10,38.556644439697266,2172761
2010-09-13,38.62277603149414,2500874
2010-09-14,38.73979187011719,2918684
2010-09-15,38.556644439697266,2927179
2010-09-16,39.69111251831055,7834018
2010-09-17,39.248512268066406,9151323
2010-09-20,40.133705139160156,3342333
2010-09-21,40.37789535522461,4162461
2010-09-22,39.253604888916016,5307629
2010-09-23,38.89240264892578,3601653
2010-09-24,40.33211135864258,4256456
2010-09-27,39.59953689575195,5390950
2010-09-28,39.543575286865234,3984803
2010-09-29,39.4672737121582,2971521
2010-09-30,39.390953063964844,3444884
2010-10-01,39.02975845336914,3528689
2010-10-04,38.43963623046875,3190079
2010-10-05,38.73469924926758,4359571
2010-10-06,39.5283088684082,4169168
2010-10-07,39.18238067626953,3555550
2010-10-08,39.17220687866211,3306555
2010-10-11,39.31464767456055,1689285
2010-10-12,39.31464767456055,3123438
2010-10-13,40.59156036376953,4984770
2010-10-14,40.952762603759766,4713228
2010-10-15,41.23765563964844,5837662
2010-10-18,41.63954544067383,3300272
2010-10-19,41.481842041015625,3342876
2010-10-20,42.06687927246094,3051103
2010-10-21,42.631561279296875,4125158
2010-10-22,42.46878433227539,2638328
2010-10-25,42.35686111450195,2606271
2010-10-26,41.89391326904297,3766457
2010-10-27,41.39026641845703,4181369
2010-10-28,41.924434661865234,3326995
2010-10-29,41.75655746459961,4349709
2010-11-01,41.822689056396484,2193259
2010-11-02,42.077056884765625,1936921
2010-11-03,41.62937545776367,2299530
2010-11-04,42.44333267211914,4188523
2010-11-05,42.68244552612305,3288035
2010-11-08,43.29292297363281,3406951
2010-11-09,43.23187255859375,4000513
2010-11-10,42.30598831176758,4349032
2010-11-11,43.415008544921875,6597234
2010-11-12,43.75077819824219,4449802
2010-11-15,43.45063018798828,4907297
2010-11-16,42.37720489501953,3857869
2010-11-17,42.74857711791992,2829667
2010-11-18,43.63377380371094,3533236
2010-11-19,43.49131774902344,3661822
2010-11-22,43.46079635620117,2487529
2010-11-23,42.55525588989258,3788780
2010-11-24,43.40483856201172,3463760
2010-11-25,43.989871978759766,3267553
2010-11-26,43.68463897705078,3512675
2010-11-29,42.99784851074219,4375017
2010-11-30,42.8808479309082,3903425
2010-12-01,44.81401824951172,5681116
2010-12-02,45.938316345214844,5273525
2010-12-03,45.63307571411133,3409555
2010-12-06,45.81622314453125,2328195
2010-12-07,46.59457778930664,3460131
2010-12-08,46.289344787597656,2537482
2010-12-09,45.66358947753906,4115913
2010-12-10,46.00444793701172,2421775
2010-12-13,46.25372314453125,2116789
2010-12-14,46.360557556152344,2212249
2010-12-15,47.408538818359375,5806734
2010-12-16,47.42889404296875,3356872
2010-12-17,46.99647903442383,8485804
2010-12-20,47.952877044677734,2932986
2010-12-21,47.988494873046875,2706097
2010-12-22,47.82570266723633,2008292
2010-12-23,48.21742248535156,1841372
2010-12-27,48.00374984741211,1512008
2010-12-28,48.00374984741211,943373
2010-12-29,48.2021598815918,1367129
2010-12-30,47.159263610839844,1955044
2011-01-03,47.80026626586914,2032013
2011-01-04,46.89981460571289,3067436
2011-01-05,46.17232894897461,5006909
2011-01-06,45.78061294555664,3173908
2011-01-07,45.64325714111328,3609429
2011-01-10,45.17521667480469,3720111
2011-01-11,46.53861999511719,4849916
2011-01-12,47.3424072265625,3807475
2011-01-13,46.85911178588867,3397948
2011-01-14,46.33003616333008,3657250
2011-01-17,46.59967041015625,1962805
2011-01-18,46.50300979614258,3365480
2011-01-19,46.63527297973633,3292049
2011-01-20,46.11636734008789,3507663
2011-01-21,46.981204986572266,6383906
2011-01-24,47.74430465698242,20768427
2011-01-25,47.62220764160156,22876714
2011-01-26,49.57975387573242,6908611
2011-01-27,49.91645431518555,4235767
2011-01-28,49.343013763427734,3691657
2011-01-31,49.25883865356445,3249033
2011-02-01,50.042728424072266,3936656
2011-02-02,49.295654296875,4888401
2011-02-03,49.26935958862305,2855419
2011-02-04,49.05366134643555,3023385
2011-02-07,49.453495025634766,2455671
2011-02-08,49.47454833984375,3354997
2011-02-09,49.411399841308594,2585197
2011-02-10,49.295654296875,2589650
2011-02-11,49.811241149902344,3329177
2011-02-14,49.9848518371582,2642924
2011-02-15,49.89542007446289,2568636
2011-02-16,50.979190826416016,4272756
2011-02-17,51.18436813354492,3323426
2011-02-18,51.55789566040039,13241715
2011-02-21,50.92657470703125,3489069
2011-02-22,50.25843048095703,4101844
2011-02-23,48.6538200378418,5031244
2011-02-24,49.35352325439453,3732383
2011-02-25,49.53767013549805,2947145
2011-02-28,51.34219741821289,5108641
2011-03-01,50.668785095214844,4146418
2011-03-02,50.137420654296875,3046794
2011-03-03,50.631961822509766,2928181
2011-03-04,50.190032958984375,3051734
2011-03-07,49.76388931274414,2391195
2011-03-08,49.60080337524414,2982679
2011-03-09,49.3903694152832,3096624
2011-03-10,48.6432991027832,3776062
2011-03-11,48.01197814941406,3772580
2011-03-14,47.2596549987793,4937311
2011-03-15,46.84929275512695,11825100
2011-03-16,45.47091293334961,6155058
2011-03-17,47.45957565307617,6457135
2011-03-18,47.55952835083008,11889263
2011-03-21,49.095741271972656,4525844
2011-03-22,48.14350891113281,3721169
2011-03-23,48.19084548950195,3007396
2011-03-24,48.93265151977539,2851717
2011-03-25,49.411399841308594,3331826
2011-03-28,49.59553527832031,2330906
2011-03-29,49.574501037597656,2849378
2011-03-30,50.668785095214844,3614684
2011-03-31,50.87922286987305,3302259
2011-04-01,52.28391647338867,4426172
2011-04-04,51.636810302734375,2758742
2011-04-05,50.96339797973633,5983373
2011-04-06,51.47898483276367,2662067
2011-04-07,50.658267974853516,3000990
2011-04-08,50.65300750732422,2556830
2011-04-11,50.200557708740234,2917395
2011-04-12,48.93265151977539,3718022
2011-04-13,49.316707611083984,3213423
2011-04-14,49.03260803222656,2696965
2011-04-15,49.811241149902344,4505957
2011-04-18,48.62751770019531,3480390
2011-04-19,48.58541488647461,2273216
2011-04-20,50.22159194946289,3671967
2011-04-21,50.48992156982422,2437049
2011-04-26,50.952884674072266,2023396
2011-04-27,51.12123107910156,2401110
2011-04-28,51.68415832519531,3129390
2011-04-29,51.67363739013672,2094105
2011-05-02,51.46846008300781,1731952
2011-05-03,51.23698043823242,2832466
2011-05-04,49.77967834472656,5092534
2011-05-05,49.87438201904297,4061881
2011-05-06,50.47938919067383,3643065
2011-05-09,49.905948638916016,2895091
2011-05-10,50.521480560302734,2908899
2011-05-11,50.50043869018555,2038059
2011-05-12,49.85858917236328,3557924
2011-05-13,48.995792388916016,3196878
2011-05-16,49.08522415161133,3217875
2011-05-17,48.459163665771484,2956428
2011-05-18,48.2750358581543,2872023
2011-05-19,49.36932373046875,3973639
2011-05-20,48.26976776123047,5400948
2011-05-23,47.40169906616211,3546877
2011-05-24,47.80679702758789,2673335
2011-05-25,47.39118194580078,3595029
2011-05-26,47.254398345947266,2995493
2011-05-27,47.34909439086914,2643868
2011-05-30,47.55427169799805,1092650
2011-05-31,48.92738723754883,4699350
2011-06-01,48.08037185668945,3309607
2011-06-02,47.2596549987793,2228317
2011-06-03,47.87519073486328,3265794
2011-06-06,47.45957565307617,2161105
2011-06-07,47.5174446105957,2442056
2011-06-08,47.075523376464844,3143272
2011-06-09,47.969886779785156,3440140
2011-06-10,47.064998626708984,3197885
2011-06-13,47.070255279541016,1348797
2011-06-14,48.006717681884766,3139112
2011-06-15,47.80679702758789,3830717
2011-06-16,47.78049850463867,4182863
2011-06-17,48.40655517578125,9544682
2011-06-20,48.217159271240234,2911498
2011-06-21,49.1799201965332,3119276
2011-06-22,48.795860290527344,3667158
2011-06-23,48.19084548950195,3063770
2011-06-24,48.590694427490234,4682567
2011-06-27,48.8169059753418,3477310
2011-06-28,47.87519073486328,9955866
2011-06-29,49.1799201965332,5059467
2011-06-30,49.82176971435547,3917833
2011-07-01,49.92698287963867,3398842
2011-07-04,49.6692008972168,1645368
2011-07-05,49.70076370239258,2351990
2011-07-06,49.95328903198242,2979000
2011-07-07,50.111114501953125,2508729
2011-07-08,49.811241149902344,2998870
2011-07-11,49.006309509277344,4094597
2011-07-12,48.91686248779297,4717083
2011-07-13,49.532413482666016,3551770
2011-07-14,49.16413879394531,2689431
2011-07-15,48.953697204589844,4441598
2011-07-18,48.23820877075195,3815109
2011-07-19,48.92738723754883,3236528
2011-07-20,48.66434097290039,3801238
2011-07-21,49.14836120605469,3605456
2011-07-22,49.03260803222656,3021715
2011-07-25,49.24830627441406,2356813
2011-07-26,49.22201156616211,2296228
2011-07-27,47.9541015625,4666527
2011-07-28,47.417484283447266,5432923
2011-07-29,47.022911071777344,4822578
2011-08-01,45.24994659423828,6790058
2011-08-02,44.23456954956055,6933506
2011-08-03,42.74570083618164,10622467
2011-08-04,41.05691909790039,9045095
2011-08-05,40.0310173034668,13306113
2011-08-08,38.1423225402832,10501336
2011-08-09,39.05773162841797,14515765
2011-08-10,37.09538650512695,11708227
2011-08-11,38.026580810546875,10416071
2011-08-12,38.98408889770508,7320750
2011-08-15,39.17348861694336,3789665
2011-08-16,39.2734375,4682639
2011-08-17,39.062992095947266,4191840
2011-08-18,36.71658706665039,8644505
2011-08-19,35.911659240722656,9738427
2011-08-22,36.095787048339844,4284641
2011-08-23,36.42197036743164,4276805
2011-08-24,37.326866149902344,5685393
2011-08-25,37.090118408203125,6922775
2011-08-26,36.642940521240234,4964301
2011-08-29,37.021724700927734,2735463
2011-08-30,37.01120376586914,4196963
2011-08-31,37.81614303588867,7205226
2011-09-01,37.63726806640625,5325035
2011-09-02,36.711326599121094,5160250
2011-09-05,34.701622009277344,6093370
2011-09-06,34.56483840942383,6696390
2011-09-07,35.932701110839844,5690229
2011-09-08,35.61703872680664,4900557
2011-09-09,34.1755256652832,6084549
2011-09-12,33.90721130371094,8508662
2011-09-13,34.10712814331055,6246604
2011-09-14,35.16985321044922,5802135
2011-09-15,36.58506393432617,7220490
2011-09-16,36.8691520690918,11640441
2011-09-19,36.095787048339844,4605811
2011-09-20,36.942813873291016,3956429
2011-09-21,36.3798828125,3517025
2011-09-22,34.854190826416016,6843092
2011-09-23,34.475399017333984,6633696
2011-09-26,34.9383659362793,5600956
2011-09-27,36.495628356933594,5225735
2011-09-28,36.216793060302734,4744815
2011-09-29,36.642940521240234,3474774
2011-09-30,35.8380012512207,4100327
2011-10-04,34.54905319213867,4732077
2011-10-05,36.095787048339844,4649871
2011-10-06,37.43208312988281,6288523
2011-10-07,37.905574798583984,5347987
2011-10-10,38.82625198364258,3789863
2011-10-11,38.32645797729492,4782971
2011-10-12,38.97356033325195,5031574
2011-10-13,38.878868103027344,4469931
2011-10-14,39.37340545654297,3577339
2011-10-17,38.894649505615234,3606348
2011-10-18,39.05247497558594,3041357
2011-10-19,38.61581039428711,3631667
2011-10-20,37.83192443847656,5491700
2011-10-21,38.93673324584961,5292504
2011-10-24,39.741668701171875,3467596
2011-10-25,39.72588348388672,4222265
2011-10-26,39.53649139404297,3278114
2011-10-27,40.9306640625,6697996
2011-10-28,41.13583755493164,5043628
2011-10-31,40.09941482543945,4392414
2011-11-01,38.71052169799805,5923136
2011-11-02,39.08930587768555,3977912
2011-11-03,39.84162902832031,5659635
2011-11-04,38.9577751159668,4689365
2011-11-07,38.32119369506836,4528850
2011-11-08,38.578983306884766,3667001
2011-11-09,38.068668365478516,5228074
2011-11-10,38.09497833251953,5558521
2011-11-11,39.005130767822266,4109627
2011-11-14,38.62106704711914,3594017
2011-11-15,38.47903060913086,3503891
2011-11-16,38.46324157714844,3458977
2011-11-17,38.400115966796875,3741869
2011-11-18,37.8845329284668,4938357
2011-11-21,36.82707214355469,4529068
2011-11-22,36.3798828125,2775013
2011-11-23,35.774864196777344,4806758
2011-11-24,35.55915832519531,3283357
2011-11-25,36.09053039550781,3596908
2011-11-28,37.48996353149414,4660851
2011-11-29,38.010807037353516,3569351
2011-11-30,39.45231246948242,7157571
2011-12-01,39.14191818237305,4094447
2011-12-02,39.541744232177734,3342891
2011-12-05,39.825843811035156,2882745
2011-12-06,39.77323913574219,3569945
2011-12-07,39.56805419921875,3910519
2011-12-08,38.752601623535156,4893384
2011-12-09,39.326053619384766,4607076
2011-12-12,38.263328552246094,3571969
2011-12-13,38.4737663269043,3522958
2011-12-14,37.92136001586914,3449849
2011-12-15,37.63726806640625,4691452
2011-12-16,37.568870544433594,10182679
2011-12-19,37.48469924926758,2873825
2011-12-20,38.363285064697266,3466898
2011-12-21,37.97923278808594,3966849
2011-12-22,38.052886962890625,2729250
2011-12-23,38.23175811767578,1367626
2011-12-27,38.44219970703125,1098600
2011-12-28,38.06340789794922,2197006
2011-12-29,38.62106704711914,1991078
2011-12-30,38.899906158447266,1369497
2012-01-02,39.689064025878906,3129172
2012-01-03,40.39403533935547,3616296
2012-01-04,40.194122314453125,3041125
2012-01-05,39.925804138183594,3366506
2012-01-06,40.04680633544922,2942593
2012-01-09,39.85215377807617,2564513
2012-01-10,39.85215377807617,7084772
2012-01-11,39.72062301635742,3850962
2012-01-12,39.810062408447266,3158368
2012-01-13,39.715362548828125,3766546
2012-01-16,40.0310173034668,2455214
2012-01-17,40.71495056152344,4321217
2012-01-18,40.97800827026367,4168473
2012-01-19,41.22001647949219,4449273
2012-01-20,41.06217956542969,5224064
2012-01-23,41.24631881713867,4502870
2012-01-24,40.71495056152344,9468660
2012-01-25,40.47509002685547,5557621
2012-01-26,40.508121490478516,5508085
2012-01-27,40.07870101928711,3974567
2012-01-30,39.78141784667969,3339578
2012-01-31,39.715354919433594,4062116
2012-02-01,40.260379791259766,5297159
2012-02-02,40.84944534301758,5040684
2012-02-03,41.74681091308594,6338694
2012-02-06,41.72479248046875,2603139
2012-02-07,41.763328552246094,2829606
2012-02-08,41.84040832519531,2869643
2012-02-09,41.57615280151367,4492136
2012-02-10,40.94304275512695,4249316
2012-02-13,41.00910568237305,2319714
2012-02-14,40.739341735839844,3339113
2012-02-15,40.711814880371094,3311385
2012-02-16,40.79439926147461,3637411
2012-02-17,40.959556579589844,4511934
2012-02-20,41.34493637084961,3163931
2012-02-21,41.27335739135742,2858288
2012-02-22,41.2017936706543,2530337
2012-02-23,41.152244567871094,3399028
2012-02-24,41.30088424682617,2533056
2012-02-27,41.014610290527344,2631797
2012-02-28,41.17977523803711,3448338
2012-02-29,41.212799072265625,3879819
2012-03-01,41.53211212158203,3075747
2012-03-02,41.32841491699219,2440119
2012-03-05,40.88798522949219,3459576
2012-03-06,39.941078186035156,5840483
2012-03-07,40.37599182128906,3545147
2012-03-08,41.11920928955078,4058591
2012-03-09,41.113704681396484,2901366
2012-03-12,41.17977523803711,2216862
2012-03-13,41.82389831542969,3582331
2012-03-14,42.0881462097168,3441698
2012-03-15,43.21123504638672,6721750
2012-03-16,43.88288497924805,13705108
2012-03-19,43.75075912475586,3072595
2012-03-20,43.1837043762207,2799352
2012-03-21,43.26628112792969,3084330
2012-03-22,42.897430419921875,4051949
2012-03-23,42.58912658691406,3563933
2012-03-26,42.44599151611328,3298145
2012-03-27,42.31937026977539,4097038
2012-03-28,41.83489990234375,3520248
2012-03-29,41.25684356689453,4903454
2012-03-30,41.61469268798828,3064760
2012-04-02,42.082637786865234,3408216
2012-04-03,41.70277786254883,2874312
2012-04-04,40.69529724121094,4556574
2012-04-05,40.67327880859375,4261392
2012-04-10,39.89152908325195,4662688
2012-04-11,40.15027618408203,3699698
2012-04-12,40.19431686401367,4526564
2012-04-13,39.41256332397461,4578202
2012-04-16,39.49513626098633,2806640
2012-04-17,40.155784606933594,4787701
2012-04-18,39.164825439453125,5081391
2012-04-19,38.460140228271484,6863493
2012-04-20,38.911582946777344,6397940
2012-04-23,37.9316291809082,4819328
2012-04-24,38.43260955810547,3908971
2012-04-25,38.82899856567383,5753689
2012-04-26,38.7133903503418,4398506
2012-04-27,38.85652160644531,4067191
2012-04-30,38.52070236206055,3093013
2012-05-02,37.95915985107422,4060962
2012-05-03,37.97567367553711,3792805
2012-05-04,37.270992279052734,4302144
2012-05-07,37.18290328979492,3059042
2012-05-08,36.59383773803711,3691787
2012-05-09,36.83056640625,5030371
2012-05-10,37.2765007019043,4707206
2012-05-11,37.58479690551758,3170546
2012-05-14,36.940673828125,3633068
2012-05-15,36.637882232666016,4239780
2012-05-16,36.57732391357422,4060274
2012-05-17,36.28553771972656,2208272
2012-05-18,36.34060287475586,5399701
2012-05-21,36.566307067871094,2904397
2012-05-22,37.215938568115234,3608166
2012-05-23,36.47822952270508,5099148
2012-05-24,36.92416000366211,4140878
2012-05-25,37.75545883178711,4919239
2012-05-28,37.51322937011719,1950139
2012-05-29,37.74444580078125,3300569
2012-05-30,37.056278228759766,4308660
2012-05-31,36.61586380004883,5484344
2012-06-01,35.70197677612305,5825565
2012-06-04,35.4542350769043,3003709
2012-06-05,35.32210922241211,2511384
2012-06-06,35.768043518066406,4215598
2012-06-07,35.80107498168945,3549990
2012-06-08,35.92769241333008,3035800
2012-06-11,35.82310104370117,3644724
2012-06-12,36.23049545288086,4424097
2012-06-13,35.7239990234375,4600269
2012-06-14,35.696468353271484,3866046
2012-06-15,36.65990447998047,12328368
2012-06-18,36.45071029663086,4351394
2012-06-19,36.96820831298828,3119801
2012-06-20,37.105838775634766,2400210
2012-06-21,36.71495819091797,4336462
2012-06-22,36.16992950439453,3025094
2012-06-25,35.27256393432617,3801792
2012-06-26,34.744056701660156,5843436
2012-06-27,35.057857513427734,3357080
2012-06-28,34.71652603149414,3390214
2012-06-29,36.412166595458984,5499395
2012-07-02,36.96269226074219,3982954
2012-07-03,37.13886642456055,3058229
2012-07-04,37.15538024902344,1752449
2012-07-05,37.21043014526367,4215039
2012-07-06,36.68743133544922,2899160
2012-07-09,36.57732391357422,2783993
2012-07-10,36.85810089111328,2782261
2012-07-11,36.979217529296875,2235627
2012-07-12,36.68743133544922,3252913
2012-07-13,37.45267105102539,2594323
2012-07-16,37.58479690551758,2099031
2012-07-17,37.57929229736328,2244683
2012-07-18,38.09679412841797,2700753
2012-07-19,38.6032829284668,4253647
2012-07-20,38.091285705566406,5758696
2012-07-23,37.02875900268555,4589566
2012-07-24,36.885623931884766,2789016
2012-07-25,37.061790466308594,3286486
2012-07-26,36.621368408203125,9616501
2012-07-27,36.83056640625,4239005
2012-07-30,38.06376647949219,4889601
2012-07-31,38.04174041748047,3264526
2012-08-01,38.11330795288086,2726670
2012-08-02,37.62333297729492,6532832
2012-08-03,39.941078186035156,8633769
2012-08-06,40.38149642944336,4457047
2012-08-07,40.60171127319336,4944674
2012-08-08,40.76686477661133,3789988
2012-08-09,40.70631408691406,4015327
2012-08-10,40.83293533325195,2672532
2012-08-13,40.67878723144531,3093081
2012-08-14,40.74485397338867,2982046
2012-08-15,40.700809478759766,2696514
2012-08-16,40.82743453979492,3319825
2012-08-17,41.086177825927734,3957581
2012-08-20,41.1412353515625,3638243
2012-08-21,41.61469268798828,3615316
2012-08-22,41.16325378417969,3309937
2012-08-23,40.79990005493164,3872175
2012-08-24,41.036624908447266,2923015
2012-08-27,41.43851852416992,1846575
2012-08-28,41.28987121582031,2762419
2012-08-29,41.31739807128906,3161565
2012-08-30,41.097190856933594,4247278
2012-08-31,41.52110290527344,3788272
2012-09-03,41.71379089355469,2891821
2012-09-04,41.130218505859375,3284370
2012-09-05,41.23482131958008,3866479
2012-09-06,42.13218688964844,6125991
2012-09-07,42.60013961791992,5376193
2012-09-10,42.77630615234375,3748494
2012-09-11,43.161678314208984,3880801
2012-09-12,43.12864685058594,5682484
2012-09-13,43.106624603271484,4025930
2012-09-14,43.767269134521484,5475025
2012-09-17,43.6241340637207,3720632
2012-09-18,43.55806350708008,3652205
2012-09-19,43.5800895690918,3881394
2012-09-20,43.76176452636719,4441887
2012-09-21,43.574588775634766,11675384
2012-09-24,43.43144607543945,3339515
2012-09-25,43.64615249633789,3199501
2012-09-26,42.770809173583984,5818033
2012-09-27,42.99102020263672,4175944
2012-09-28,42.72676086425781,4410598
2012-10-01,43.31032180786133,3979853
2012-10-02,43.33784866333008,3379911
2012-10-04,43.662662506103516,3659675
2012-10-05,44.15263748168945,3547619
2012-10-08,43.48649978637695,3445043
2012-10-09,43.167179107666016,3422154
2012-10-10,42.968990325927734,3360536
2012-10-11,42.41846466064453,6895453
2012-10-12,41.945003509521484,3873467
2012-10-15,42.0330924987793,2484330
2012-10-16,42.63317108154297,4411784
2012-10-17,42.968990325927734,3763240
2012-10-18,43.4644660949707,3595359
2012-10-19,43.10112380981445,6197576
2012-10-22,42.968990325927734,2619428
2012-10-23,42.357913970947266,3852295
2012-10-24,42.3083610534668,3206313
2012-10-25,42.14869689941406,3100615
2012-10-26,42.51756286621094,2770637
2012-10-29,42.401954650878906,1950737
2012-10-30,42.63317108154297,1595689
2012-10-31,42.6882209777832,3595664
2012-11-01,43.161678314208984,2448422
2012-11-02,43.80030059814453,3851575
2012-11-05,43.629634857177734,2692371
2012-11-06,44.037025451660156,2752235
2012-11-07,43.409423828125,4922946
2012-11-08,44.1911735534668,8762438
2012-11-09,43.87737274169922,4898614
2012-11-12,43.64615249633789,3089220
2012-11-13,43.915916442871094,2952325
2012-11-14,42.93045425415039,3988941
2012-11-15,42.58912658691406,3600821
2012-11-16,42.181739807128906,4389697
2012-11-19,42.95248031616211,2893856
2012-11-20,43.27729797363281,2296270
2012-11-21,42.721256256103516,4445382
2012-11-22,42.84788131713867,2800585
2012-11-23,43.095619201660156,1959765
2012-11-26,42.94697570800781,1842789
2012-11-27,43.178192138671875,1899219
2012-11-28,43.45896530151367,3185791
2012-11-29,43.574588775634766,3380962
2012-11-30,43.65715789794922,2185884
2012-12-03,43.81129837036133,2040893
2012-12-04,43.855350494384766,1732560
2012-12-05,44.02051544189453,2105416
2012-12-06,44.323299407958984,3538022
2012-12-07,44.42790222167969,2206033
2012-12-10,44.49396896362305,1879001
2012-12-11,45.14360046386719,3233548
2012-12-12,45.264713287353516,2184308
2012-12-13,45.24819564819336,2682126
2012-12-14,45.18763732910156,1803320
2012-12-17,45.292240142822266,1829549
2012-12-18,45.53447341918945,2586477
2012-12-19,45.688621520996094,2680702
2012-12-20,45.68312072753906,2112401
2012-12-21,45.402347564697266,7602686
2012-12-27,45.523460388183594,1458652
2012-12-28,45.25371170043945,1022053
2013-01-02,46.134559631347656,3366503
2013-01-03,46.16758346557617,1764027
2013-01-04,46.20611572265625,1723418
2013-01-07,46.03545379638672,1715844
2013-01-08,45.7271614074707,1684817
2013-01-09,45.82075500488281,1654544
2013-01-10,45.870304107666016,2281751
2013-01-11,46.05196762084961,2223726
2013-01-14,45.83176040649414,2317726
2013-01-15,45.815250396728516,2525505
2013-01-16,45.64457702636719,2158852
2013-01-17,45.61154556274414,2323510
2013-01-18,45.59503936767578,3340452
2013-01-21,45.963890075683594,1887634
2013-01-22,46.06849670410156,4314710
2013-01-23,46.06849670410156,5629629
2013-01-24,46.65079116821289,3439236
2013-01-25,46.978023529052734,2826839
2013-01-28,46.69096755981445,2278127
2013-01-29,46.86320495605469,1718997
2013-01-30,46.71394348144531,2035982
2013-01-31,46.40967559814453,2595764
2013-02-01,45.87002944946289,3304678
2013-02-04,44.4577522277832,5027587
2013-02-05,44.65294647216797,2758249
2013-02-06,44.216644287109375,2944524
2013-02-07,44.205162048339844,3123995
2013-02-08,44.1075553894043,2694528
2013-02-11,44.314231872558594,2094700
2013-02-12,44.60128402709961,2689192
2013-02-13,45.29019546508789,3399495
2013-02-14,45.07777786254883,2486644
2013-02-15,44.84239196777344,3003249
2013-02-18,44.87684631347656,1358850
2013-02-19,45.35334777832031,2250944
2013-02-20,45.13518524169922,1982357
2013-02-21,44.34293746948242,3214719
2013-02-22,45.00313949584961,2243754
2013-02-25,45.73797607421875,3976018
2013-02-26,44.93424987792969,3520564
2013-02-27,45.33611297607422,2246202
2013-02-28,45.70927810668945,2927989
2013-03-01,45.73797607421875,2077562
2013-03-04,45.68057632446289,1364423
2013-03-05,46.58763885498047,3118743
2013-03-06,47.092830657958984,2888068
2013-03-07,47.15599060058594,1953591
2013-03-08,47.764530181884766,3297987
2013-03-11,47.75878143310547,1636907
2013-03-12,47.54063034057617,2121404
2013-03-13,47.72434616088867,1711646
2013-03-14,48.19510269165039,2397181
2013-03-15,47.92527389526367,8593913
2013-03-18,48.25824737548828,3754304
2013-03-19,48.60844421386719,3673197
2013-03-20,49.067726135253906,4367273
2013-03-21,49.877193450927734,5220334
2013-03-22,49.66477966308594,2654316
2013-03-25,49.56719207763672,3311306
2013-03-26,49.05049514770508,2587614
2013-03-27,48.49937057495117,2779338
2013-03-28,48.24102783203125,2721163
2013-04-02,49.2973518371582,2238838
2013-04-03,48.25251007080078,2284280
2013-04-04,47.9654655456543,2261174
2013-04-05,46.72542953491211,4030343
2013-04-08,46.593379974365234,1705297
2013-04-09,46.271888732910156,2409842
2013-04-10,47.12729263305664,3220298
2013-04-11,47.23062515258789,2857285
2013-04-12,46.380958557128906,2576780
2013-04-15,45.571495056152344,4096884
2013-04-16,45.41074752807617,1951962
2013-04-17,44.767757415771484,4513810
2013-04-18,44.216644287109375,3550791
2013-04-19,43.71143341064453,4674119
2013-04-22,43.83199691772461,3008371
2013-04-23,44.77924728393555,4025037
2013-04-24,45.49686813354492,3371008
2013-04-25,45.818355560302734,2278990
2013-04-26,45.307411193847656,2516761
2013-04-29,45.6231689453125,2170378
2013-04-30,45.52556228637695,2254504
2013-05-02,45.818355560302734,4397437
2013-05-03,46.266151428222656,3560000
2013-05-06,45.95614242553711,1597007
2013-05-07,46.12262725830078,2105962
2013-05-08,46.47855758666992,2301676
2013-05-09,46.66801071166992,2583205
2013-05-10,46.891910552978516,3047862
2013-05-13,46.914878845214844,1809735
2013-05-14,46.67949295043945,2428765
2013-05-15,46.54745101928711,1865943
2013-05-16,46.43263244628906,2532033
2013-05-17,46.4268913269043,5922787
2013-05-20,46.55893325805664,1479615
2013-05-21,46.63357162475586,2548335
2013-05-22,47.24210739135742,3602891
2013-05-23,46.66801071166992,4324378
2013-05-24,47.333961486816406,4095908
2013-05-27,47.56359100341797,1222314
2013-05-28,47.86212158203125,2912634
2013-05-29,47.46026611328125,2345673
2013-05-30,47.50619125366211,1824316
2013-05-31,46.85172653198242,6054853
2013-06-03,46.748382568359375,2936654
2013-06-04,46.58190155029297,2346642
2013-06-05,46.317813873291016,2812083
2013-06-06,45.65187072753906,3206378
2013-06-07,46.11688232421875,3674856
2013-06-10,46.553192138671875,2517986
2013-06-11,46.49004364013672,2775248
2013-06-12,46.10540008544922,2149177
2013-06-13,45.427974700927734,3020097
2013-06-14,45.51982879638672,2258842
2013-06-17,45.90446853637695,2559723
2013-06-18,45.92169189453125,2174303
2013-06-19,45.73797607421875,2204461
2013-06-20,45.02036666870117,4402588
2013-06-21,44.35441970825195,9460743
2013-06-24,43.63106155395508,4444592
2013-06-25,43.87217712402344,2975047
2013-06-26,44.22812271118164,3599586
2013-06-27,44.53238296508789,2584483
2013-06-28,44.57831954956055,2779698
2013-07-01,45.71501922607422,4249899
2013-07-02,45.462425231933594,2765802
2013-07-03,44.859622955322266,2900830
2013-07-04,45.26148223876953,3771547
2013-07-05,44.49220275878906,3907580
2013-07-08,46.299259185791016,5575267
2013-07-09,46.696189880371094,2706156
2013-07-10,46.76728439331055,2111107
2013-07-11,46.99834442138672,2088429
2013-07-12,47.12868118286133,2004627
2013-07-15,47.31233596801758,1605855
2013-07-16,47.40120315551758,1639629
2013-07-17,47.99956512451172,2094724
2013-07-18,48.87637710571289,2298929
2013-07-19,49.43326950073242,4469470
2013-07-22,49.58730697631836,2168237
2013-07-23,49.43326950073242,1570299
2013-07-24,49.5399169921875,2552409
2013-07-25,46.57770919799805,9500819
2013-07-26,47.2056884765625,6278832
2013-07-29,47.075355529785156,3091915
2013-07-30,47.79221725463867,3231298
2013-07-31,48.763816833496094,5544045
2013-08-01,50.03163528442383,3707062
2013-08-02,49.616920471191406,1988418
2013-08-05,49.75910186767578,1288503
2013-08-06,49.45697021484375,2322502
2013-08-07,49.427345275878906,1509901
2013-08-08,49.2614631652832,1700027
2013-08-09,49.492515563964844,1624874
2013-08-12,49.5636100769043,1425442
2013-08-13,49.504364013671875,1205807
2013-08-14,49.99016571044922,1312016
2013-08-15,49.468814849853516,1847428
2013-08-16,49.510292053222656,2582461
2013-08-19,49.060035705566406,1366574
2013-08-20,48.66310119628906,2065424
2013-08-21,48.420196533203125,1144461
2013-08-22,49.04817581176758,1549936
2013-08-23,49.000789642333984,1230536
2013-08-26,49.13113021850586,713460
2013-08-27,48.34317398071289,2742281
2013-08-28,48.13582992553711,1961140
2013-08-29,48.26023864746094,1448461
2013-08-30,47.4485969543457,2323549
2013-09-02,48.426116943359375,1608156
2013-09-03,48.17729949951172,1452739
2013-09-04,48.698638916015625,1890518
2013-09-05,50.120506286621094,3231444
2013-09-06,51.631229400634766,4481820
2013-09-09,51.394248962402344,1817839
2013-09-10,52.14664840698242,2888628
2013-09-11,52.1644287109375,1858756
2013-09-12,51.7200927734375,1800695
2013-09-13,51.50680923461914,1684635
2013-09-16,52.12887954711914,1803204
2013-09-17,52.47841262817383,1994850
2013-09-18,53.1419563293457,2401342
2013-09-19,53.51518630981445,3064647
2013-09-20,53.42039489746094,7498203
2013-09-23,53.153804779052734,2330654
2013-09-24,53.11825180053711,2150790
2013-09-25,53.426326751708984,1821754
2013-09-26,53.43817138671875,1954276
2013-09-27,53.21896743774414,1882286
2013-09-30,52.762786865234375,2003419
2013-10-01,54.445316314697266,3158085
2013-10-02,54.21426773071289,3022495
2013-10-04,53.621826171875,1649139
2013-10-07,53.183433532714844,1771603
2013-10-08,53.02347183227539,1531238
2013-10-09,52.5554313659668,1881149
2013-10-10,53.72846221923828,2532928
2013-10-11,54.14910125732422,1631188
2013-10-14,54.0543212890625,1133542
2013-10-15,53.485557556152344,2457942
2013-10-16,53.42039489746094,2210900
2013-10-17,52.82203674316406,2308523
2013-10-18,53.86472702026367,6604371
2013-10-21,53.621826171875,1512983
2013-10-22,54.741539001464844,3031034
2013-10-23,54.806705474853516,1821378
2013-10-24,55.476165771484375,1866246
2013-10-25,55.6005744934082,2088399
2013-10-28,55.416927337646484,1923751
2013-10-29,55.85533142089844,1807150
2013-10-30,55.529483795166016,1730993
2013-10-31,55.79608917236328,2307684
2013-11-01,55.665748596191406,1289428
2013-11-04,55.440616607666016,1750792
2013-11-05,54.747467041015625,2423368
2013-11-06,54.81856155395508,2090898
2013-11-07,56.67289733886719,6484768
2013-11-08,56.64920425415039,2870502
2013-11-11,56.63142776489258,2075776
2013-11-12,56.20487976074219,1661967
2013-11-13,56.400386810302734,1949060
2013-11-14,57.45492935180664,2016711
2013-11-15,57.30088424682617,2654842
2013-11-18,57.413448333740234,1638143
2013-11-19,56.99280548095703,1398412
2013-11-20,57.37790298461914,1524237
2013-11-21,56.838783264160156,2143777
2013-11-22,57.389739990234375,1996148
2013-11-25,57.917015075683594,2027872
2013-11-26,57.822242736816406,1994012
2013-11-27,58.272491455078125,1476875
2013-11-28,58.21916961669922,1375005
2013-11-29,57.585262298583984,1802024
2013-12-02,57.715599060058594,1833317
2013-12-03,56.39445495605469,3355076
2013-12-04,55.79608917236328,2961476
2013-12-05,55.31621551513672,2417569
2013-12-06,56.09230422973633,2458030
2013-12-09,56.04490661621094,2013452
2013-12-10,55.7783088684082,1878974
2013-12-11,55.5768928527832,1656276
2013-12-12,55.46432113647461,1961887
2013-12-13,55.2688102722168,1637771
2013-12-16,56.87433624267578,2858868
2013-12-17,56.22265625,2101293
2013-12-18,56.400386810302734,2447803
2013-12-19,57.70375061035156,3378901
2013-12-20,58.06514358520508,5426291
2013-12-23,58.68720245361328,1695076
2013-12-27,59.39220428466797,1656858
2013-12-30,58.82345199584961,1331591
2014-01-02,58.645729064941406,3186241
2014-01-03,58.947872161865234,1628279
2014-01-06,58.764217376708984,1404807
2014-01-07,59.06043243408203,1704454
2014-01-08,58.308040618896484,2165040
2014-01-09,57.917015075683594,2126776
2014-01-10,58.02365493774414,2568997
2014-01-13,58.36728286743164,1654179
2014-01-14,58.49169921875,2246364
2014-01-15,60.043888092041016,3373911
2014-01-16,59.24409484863281,2201221
2014-01-17,59.56993865966797,3981027
2014-01-20,59.481075286865234,1369099
2014-01-21,59.226318359375,2148424
2014-01-22,58.361351013183594,3553375
2014-01-23,58.05328369140625,2702245
2014-01-24,57.0698356628418,4303524
2014-01-27,57.70966720581055,4181280
2014-01-28,58.61610412597656,6136523
2014-01-29,58.16118240356445,5162253
2014-01-30,57.71363067626953,3164059
2014-01-31,57.6032829284668,4550066
2014-02-03,56.84308624267578,3188911
2014-02-04,56.30359649658203,2852649
2014-02-05,56.45073318481445,2282176
2014-02-06,56.99636459350586,3234850
2014-02-07,57.25998306274414,2506195
2014-02-10,57.16188430786133,1607029
2014-02-11,57.676856994628906,2303286
2014-02-12,57.8791618347168,2560215
2014-02-13,57.80559539794922,2039446
2014-02-14,58.27766036987305,2157610
2014-02-17,58.510616302490234,833109
2014-02-18,58.07533645629883,1650107
2014-02-19,58.35121536254883,1436728
2014-02-20,58.2653923034668,2410209
2014-02-21,58.1489143371582,1985502
2014-02-24,58.663883209228516,1731059
2014-02-25,59.34437942504883,2190002
2014-02-26,59.276939392089844,1929296
2014-02-27,58.86006546020508,2239972
2014-02-28,59.31986618041992,2555794
2014-03-03,56.99636459350586,3631939
2014-03-04,58.5658073425293,3066873
2014-03-05,58.58419418334961,1813302
2014-03-06,58.49223327636719,1749402
2014-03-07,56.89214324951172,3239784
2014-03-10,56.34038543701172,2375958
2014-03-11,56.99636459350586,2160959
2014-03-12,55.75797653198242,2684745
2014-03-13,54.74642562866211,2875254
2014-03-14,55.5556640625,4620984
2014-03-17,57.43777847290039,3964430
2014-03-18,57.43777847290039,0
2014-03-19,57.8178596496582,2480500
2014-03-20,59.06850814819336,4222398
2014-03-21,59.92679977416992,10509259
2014-03-24,58.46157455444336,2600747
2014-03-25,59.558963775634766,2077820
2014-03-26,59.883888244628906,2238276
2014-03-27,59.822574615478516,1651210
2014-03-28,60.67472839355469,1986142
2014-03-31,59.896141052246094,1911310
2014-04-01,60.12910461425781,1516863
2014-04-02,60.313026428222656,1362140
2014-04-03,60.68086242675781,2460567
2014-04-04,61.20809555053711,2075883
2014-04-07,59.675437927246094,2461795
2014-04-08,60.09844970703125,2657145
2014-04-09,60.184268951416016,1467963
2014-04-10,59.62638854980469,1919296
2014-04-11,59.178855895996094,2425112
2014-04-14,59.06850814819336,1837388
2014-04-15,58.17344284057617,2304755
2014-04-16,59.24015808105469,1933227
2014-04-17,59.724483489990234,1868091
2014-04-22,60.711509704589844,1793205
2014-04-23,59.74900817871094,1830532
2014-04-24,59.767398834228516,2806317
2014-04-25,58.835548400878906,1843760
2014-04-28,57.37646484375,3778139
2014-04-29,57.71976852416992,2866193
2014-04-30,58.24086380004883,2858387
2014-05-02,57.68299865722656,2191923
2014-05-05,57.78106689453125,2045569
2014-05-06,57.57263946533203,2341035
2014-05-07,58.755836486816406,4309137
2014-05-08,59.36278533935547,2700998
2014-05-09,59.26469039916992,1851401
2014-05-12,60.49080276489258,2269025
2014-05-13,61.19584655761719,3044571
2014-05-14,60.435638427734375,2302074
2014-05-15,59.123680114746094,3803550
2014-05-16,58.933631896972656,2975466
2014-05-19,58.6761474609375,2489632
2014-05-20,57.93434143066406,2992257
2014-05-21,57.89142990112305,3311085
2014-05-22,58.35734939575195,2135795
2014-05-23,59.04399108886719,2192571
2014-05-26,59.816436767578125,1550173
2014-05-27,59.74286651611328,2216156
2014-05-28,60.092315673828125,1738377
2014-05-29,59.95744323730469,1260602
2014-05-30,59.74900817871094,1911139
2014-06-02,60.05552673339844,1497832
2014-06-03,59.804176330566406,1419960
2014-06-04,60.04327392578125,1813864
2014-06-05,60.466285705566406,2557559
2014-06-06,60.74829864501953,1967746
2014-06-09,61.03643035888672,1139246
2014-06-10,61.23262023925781,1821027
2014-06-11,60.644081115722656,2269456
2014-06-12,60.56438446044922,1790559
2014-06-13,60.57050323486328,1892502
2014-06-16,60.582767486572266,1563535
2014-06-17,60.778953552246094,1912878
2014-06-18,60.6072998046875,1541313
2014-06-19,61.26940155029297,2506501
2014-06-20,61.45944595336914,6514436
2014-06-23,60.42951202392578,2419426
2014-06-24,60.398868560791016,1576295
2014-06-25,59.834835052490234,2218574
2014-06-26,59.16047286987305,2357794
2014-06-27,58.835548400878906,2351319
2014-06-30,59.129817962646484,2523649
2014-07-01,59.18499755859375,2030630
2014-07-02,59.16047286987305,1530539
2014-07-03,59.877742767333984,1881159
2014-07-04,59.73061752319336,1160916
2014-07-07,58.79875564575195,1632257
2014-07-08,57.6278076171875,2125172
2014-07-09,57.897552490234375,1548091
2014-07-10,56.8001823425293,2477663
2014-07-11,56.71434783935547,2177752
2014-07-14,57.37646484375,1306352
2014-07-15,56.59173583984375,1627735
2014-07-16,57.81173324584961,1979419
2014-07-17,56.95343780517578,1941601
2014-07-18,56.70207977294922,3822443
2014-07-21,56.11354446411133,1852877
2014-07-22,57.345802307128906,2185555
2014-07-23,57.59102249145508,1574406
2014-07-24,57.90369415283203,1820132
2014-07-25,57.03314971923828,1863547
2014-07-28,57.112831115722656,1780964
2014-07-29,57.35193634033203,1351950
2014-07-30,56.830833435058594,2033800
2014-07-31,56.64691162109375,4158274
2014-08-01,55.249122619628906,4563989
2014-08-04,54.94260025024414,2398865
2014-08-05,55.249122619628906,2130088
2014-08-06,55.31656265258789,2660073
2014-08-07,54.6973762512207,2661901
2014-08-08,54.458282470703125,2450647
2014-08-11,55.46369552612305,2192029
2014-08-12,54.685115814208984,2013693
2014-08-13,55.739585876464844,1902423
2014-08-14,56.17485809326172,2527748
2014-08-15,55.5801887512207,3630220
2014-08-18,56.45073318481445,1671866
2014-08-19,56.886009216308594,1465438
2014-08-20,57.002498626708984,2082551
2014-08-21,58.16730880737305,2278369
2014-08-22,57.43777847290039,2189279
2014-08-25,58.93977355957031,1972050
2014-08-26,59.368900299072266,1876143
2014-08-27,59.0930290222168,1503890
2014-08-28,58.38187789916992,2199717
2014-08-29,58.449310302734375,2258071
2014-09-01,58.59645080566406,1124861
2014-09-02,58.90910720825195,1357390
2014-09-03,59.558963775634766,2764599
2014-09-04,60.441776275634766,3095055
2014-09-05,60.33755111694336,2117675
2014-09-08,60.104591369628906,1370715
2014-09-09,60.11684799194336,1635057
2014-09-10,59.896141052246094,1735373
2014-09-11,59.79805374145508,1742287
2014-09-12,59.52216339111328,1555486
2014-09-15,59.699951171875,1857656
2014-09-16,59.89000701904297,1838062
2014-09-17,60.2271842956543,1834980
2014-09-18,59.96970748901367,3507632
2014-09-19,59.09916687011719,7662330
2014-09-22,58.835548400878906,2078467
2014-09-23,57.79947280883789,2834496
2014-09-24,58.0140380859375,2637949
2014-09-25,57.180274963378906,2201502
2014-09-26,57.57263946533203,2194250
2014-09-29,57.27223587036133,1821827
2014-09-30,57.854637145996094,2491215
2014-10-01,57.16188430786133,1872632
2014-10-02,56.033851623535156,3355974
2014-10-06,55.14491271972656,5526563
2014-10-07,53.92491912841797,4605953
2014-10-08,53.12180709838867,3724674
2014-10-09,53.34251022338867,4369112
2014-10-10,51.2519645690918,6626535
2014-10-13,51.8037223815918,4196377
2014-10-14,51.93247604370117,3404388
2014-10-15,50.47951126098633,4354452
2014-10-16,50.52855682373047,6048280
2014-10-17,51.619815826416016,7012315
2014-10-20,50.93317413330078,2751310
2014-10-21,52.373870849609375,3657621
2014-10-22,52.4351806640625,3264647
2014-10-23,53.11566925048828,2954752
2014-10-24,52.77849197387695,2952253
2014-10-27,52.45357131958008,2699507
2014-10-28,53.354774475097656,2223897
2014-10-29,53.526432037353516,2325210
2014-10-30,53.55708312988281,2840476
2014-10-31,55.12038803100586,3992485
2014-11-03,54.59929275512695,2473125
2014-11-04,53.888145446777344,3936182
2014-11-05,54.611549377441406,2986001
2014-11-06,54.936466217041016,5013787
2014-11-07,53.967838287353516,3963172
2014-11-10,54.30501174926758,2233650
2014-11-11,54.550235748291016,2271808
2014-11-12,53.88199234008789,2583202
2014-11-13,54.047523498535156,2155443
2014-11-14,54.25596618652344,2043804
2014-11-17,54.513450622558594,2203082
2014-11-18,55.76411056518555,2588541
2014-11-19,55.77023696899414,1722224
2014-11-20,55.72119140625,2174462
2014-11-21,57.61555099487305,6035532
2014-11-24,57.81173324584961,2777870
2014-11-25,58.38187789916992,2786849
2014-11-26,58.81101989746094,2365046
2014-11-27,59.09916687011719,1798577
2014-11-28,58.33895492553711,3844151
2014-12-01,57.9527473449707,1864235
2014-12-02,57.50519943237305,2577567
2014-12-03,57.566505432128906,2281921
2014-12-04,56.744998931884766,3590024
2014-12-05,57.86689758300781,3152632
2014-12-08,57.695247650146484,1975060
2014-12-09,56.79405975341797,3761952
2014-12-10,57.082183837890625,2526419
2014-12-11,57.51133346557617,2698588
2014-12-12,56.021583557128906,2799500
2014-12-15,54.550235748291016,3675541
2014-12-16,56.05837631225586,5760620
2014-12-17,55.84992980957031,2691960
2014-12-18,57.541988372802734,3940229
2014-12-19,56.86762237548828,8782211
2014-12-22,57.51133346557617,2003344
2014-12-23,57.98951721191406,1636904
2014-12-29,58.1489143371582,1492386
2014-12-30,57.47454833984375,1209213
2015-01-02,57.48068618774414,1951120
2015-01-05,55.74570846557617,3468105
2015-01-06,55.69667434692383,3015222
2015-01-07,56.05223846435547,2254941
2015-01-08,57.88529968261719,3371257
2015-01-09,56.70207977294922,3265366
2015-01-12,57.28449630737305,2575206
2015-01-13,57.53585433959961,3251262
2015-01-14,56.8553466796875,3116877
2015-01-15,58.026309967041016,4928016
2015-01-16,58.52902603149414,4338757
2015-01-19,59.42408752441406,2608603
2015-01-20,59.71835708618164,3434534
2015-01-21,60.466285705566406,3513508
2015-01-22,60.84638214111328,4384649
2015-01-23,61.919246673583984,5080644
2015-01-26,63.08406448364258,3429542
2015-01-27,61.20195388793945,7156441
2015-01-28,60.4705696105957,6672083
2015-01-29,59.56687545776367,4939130
2015-01-30,59.18503952026367,5057833
2015-02-02,60.36238098144531,3643453
2015-02-03,61.10061264038086,3878342
2015-02-04,60.80149841308594,3020060
2015-02-05,61.285152435302734,2944924
2015-02-06,60.64876174926758,2460227
2015-02-09,59.8978157043457,3023550
2015-02-10,60.14600372314453,2697769
2015-02-11,60.06327438354492,2212771
2015-02-12,60.06963348388672,4031298
2015-02-13,61.068782806396484,3165624
2015-02-16,60.61057662963867,2800145
2015-02-17,60.865135192871094,2960417
2015-02-18,61.60335159301758,2222320
2015-02-19,62.03609848022461,2724120
2015-02-20,62.03609848022461,4612005
2015-02-23,62.367034912109375,2191184
2015-02-24,62.56432342529297,2332630
2015-02-25,62.86341857910156,1864962
2015-02-26,62.95887756347656,1945780
2015-02-27,63.52529525756836,2735016
2015-03-02,62.76796340942383,3264661
2015-03-03,62.322486877441406,2207427
2015-03-04,62.56432342529297,2534551
2015-03-05,63.347084045410156,2788412
2015-03-06,63.302528381347656,2094580
2015-03-09,63.37253952026367,2012337
2015-03-10,63.04798126220703,2223396
2015-03-11,64.97627258300781,3458056
2015-03-12,65.03990936279297,2337234
2015-03-13,65.8035888671875,2328666
2015-03-16,67.39457702636719,3793715
2015-03-17,66.47180938720703,3168533
2015-03-18,67.04456329345703,2844962
2015-03-19,64.2444076538086,6144580
2015-03-20,64.05348205566406,8111950
2015-03-23,63.92620849609375,2386647
2015-03-24,64.40351104736328,1942185
2015-03-25,63.60165023803711,1841033
2015-03-26,63.550724029541016,3683174
2015-03-27,63.70346450805664,2321042
2015-03-30,64.49896240234375,1920227
2015-03-31,64.08531188964844,2394263
2015-04-01,64.2444076538086,1955563
2015-04-02,64.18077850341797,1739508
2015-04-07,65.00807189941406,1925834
2015-04-08,64.3716812133789,1428153
2015-04-09,64.56260681152344,1197391
2015-04-10,65.83540344238281,2087098
2015-04-13,65.96268463134766,1391114
2015-04-14,65.2308349609375,1441477
2015-04-15,65.83540344238281,1846732
2015-04-16,64.56260681152344,2035875
2015-04-17,62.97161102294922,4106070
2015-04-20,64.05348205566406,1706574
2015-04-21,63.98984909057617,1845025
2015-04-22,63.448917388916016,2249647
2015-04-23,62.54522705078125,3555733
2015-04-24,63.21344757080078,2321418
2015-04-27,64.91262817382812,2426410
2015-04-28,64.4353256225586,2507507
2015-04-29,62.042484283447266,3718315
2015-04-30,62.055206298828125,4115148
2015-05-04,62.70431900024414,1865921
2015-05-05,61.24698257446289,3129115
2015-05-06,61.63517379760742,3119989
2015-05-07,60.686946868896484,3991158
2015-05-08,61.80064010620117,3645364
2015-05-11,61.571533203125,2218883
2015-05-12,60.998779296875,2938446
2015-05-13,60.177818298339844,3536675
2015-05-14,61.31697082519531,2611840
2015-05-15,61.017860412597656,3137542
2015-05-18,61.39970779418945,1942724
2015-05-19,62.360660552978516,2664520
2015-05-20,62.3797607421875,1720072
2015-05-21,62.56432342529297,1782426
2015-05-22,62.46249771118164,1653409
2015-05-26,61.762447357177734,2607507
2015-05-27,62.53886795043945,2960744
2015-05-28,61.96610641479492,2506551
2015-05-29,60.95423889160156,4274043
2015-06-01,61.20879364013672,2450306
2015-06-02,61.06242752075195,2445814
2015-06-03,61.787899017333984,3259981
2015-06-04,61.55881118774414,2838811
2015-06-05,60.82695007324219,2814092
2015-06-08,60.28600311279297,2159769
2015-06-09,59.67506408691406,3099895
2015-06-10,60.616943359375,3062127
2015-06-11,60.79513931274414,2929789
2015-06-12,59.955081939697266,3242961
2015-06-15,58.77138137817383,2810245
2015-06-16,58.97502899169922,3049198
2015-06-17,58.784114837646484,2448131
2015-06-18,59.541419982910156,3353674
2015-06-19,59.51597213745117,8179664
2015-06-22,61.514259338378906,3886455
2015-06-23,61.482452392578125,2977990
2015-06-24,61.07514190673828,3121829
2015-06-25,60.69330596923828,2906652
2015-06-26,60.521480560302734,2119409
2015-06-29,58.59955596923828,4955122
2015-06-30,57.498592376708984,5528979
2015-07-01,58.30681228637695,4614176
2015-07-02,57.740421295166016,2283752
2015-07-03,57.60677719116211,2007062
2015-07-06,56.779457092285156,3809581
2015-07-07,55.41755676269531,3766509
2015-07-08,56.06032943725586,3579301
2015-07-09,57.282203674316406,3126684
2015-07-10,58.580467224121094,3412227
2015-07-13,59.67506408691406,2956655
2015-07-14,59.764163970947266,2089538
2015-07-15,59.834163665771484,2218468
2015-07-16,60.74421691894531,2804777
2015-07-17,60.699668884277344,1953985
2015-07-20,61.132415771484375,2151560
2015-07-21,60.559661865234375,1727798
2015-07-22,59.974178314208984,1805399
2015-07-23,59.88508605957031,1573188
2015-07-24,59.286865234375,1748834
2015-07-27,58.12862777709961,2692555
2015-07-28,58.60592269897461,2391056
2015-07-29,58.854122161865234,2681007
2015-07-30,61.11332702636719,4690011
2015-07-31,62.01064682006836,3469696
2015-08-03,62.83160400390625,2301701
2015-08-04,62.75523376464844,1789985
2015-08-05,63.70346450805664,2211545
2015-08-06,63.76710891723633,1446602
2015-08-07,63.124351501464844,1819008
2015-08-10,64.21258544921875,1526711
2015-08-11,62.33521270751953,3245328
2015-08-12,60.572383880615234,3985937
2015-08-13,61.05603790283203,2000241
2015-08-14,60.750579833984375,1508484
2015-08-17,60.54056167602539,1766274
2015-08-18,60.28600311279297,1584484
2015-08-19,58.67592239379883,2736586
2015-08-20,57.587677001953125,3327461
2015-08-21,56.25761413574219,5629883
2015-08-24,53.514732360839844,8626096
2015-08-25,55.42393493652344,5952923
2015-08-26,55.042091369628906,3938246
2015-08-27,56.23851776123047,3180147
2015-08-28,56.46126937866211,2581961
2015-08-31,56.2957878112793,2062253
2015-09-01,55.26482391357422,3100338
2015-09-02,55.48756408691406,1915465
2015-09-03,56.34670639038086,3092305
2015-09-04,54.7684326171875,2996708
2015-09-07,54.88935470581055,1467849
2015-09-08,55.30937194824219,2004048
2015-09-09,55.34119415283203,2931307
2015-09-10,54.92753601074219,2510915
2015-09-11,54.39295959472656,1883072
2015-09-14,54.132041931152344,2158682
2015-09-15,54.132041931152344,3078825
2015-09-16,54.386600494384766,3367114
2015-09-17,54.09385681152344,2559304
2015-09-18,51.75191116333008,9958605
2015-09-21,52.521949768066406,2786834
2015-09-22,51.02641677856445,4446761
2015-09-23,51.12187957763672,3085212
2015-09-24,50.01454162597656,4804519
2015-09-25,50.91185760498047,3568996
2015-09-28,50.03363037109375,2669641
2015-09-29,50.27546691894531,2831060
2015-09-30,50.873680114746094,3236855
2015-10-01,50.2945556640625,3010919
2015-10-02,50.37092590332031,3015345
2015-10-05,51.841007232666016,2736378
2015-10-06,52.61741638183594,2616098
2015-10-07,53.84565734863281,4175742
2015-10-08,54.08749008178711,2080078
2015-10-09,54.72388458251953,2245507
2015-10-12,54.74934768676758,1933907
2015-10-13,54.17022705078125,2078647
2015-10-14,53.27290344238281,2181553
2015-10-15,53.80747604370117,1891379
2015-10-16,53.489280700683594,3160162
2015-10-19,53.63565444946289,1591275
2015-10-20,53.349273681640625,1498388
2015-10-21,54.004756927490234,1664287
2015-10-22,55.220279693603516,2863339
2015-10-23,57.288578033447266,4244463
2015-10-26,57.084938049316406,1857865
2015-10-27,56.785823822021484,1902867
2015-10-28,57.867698669433594,2102476
2015-10-29,58.058616638183594,1904818
2015-10-30,58.23045349121094,2548557
2015-11-02,58.796836853027344,2259063
2015-11-03,58.72047424316406,1730744
2015-11-04,58.70774459838867,2214521
2015-11-05,58.97502899169922,1990093
2015-11-06,59.872352600097656,2435652
2015-11-09,58.77138137817383,1795116
2015-11-10,58.4722785949707,2600655
2015-11-11,58.66318893432617,2128257
2015-11-12,59.789615631103516,4824821
2015-11-13,59.095951080322266,3321092
2015-11-16,58.66318893432617,2364624
2015-11-17,60.31146240234375,2153814
2015-11-18,59.98053741455078,1698518
2015-11-19,60.98605728149414,2270800
2015-11-20,61.164241790771484,2305188
2015-11-23,60.97968292236328,1321790
2015-11-24,60.16508865356445,1938681
2015-11-25,61.05603790283203,1819576
2015-11-26,61.85791778564453,1697770
2015-11-27,61.64789581298828,1371105
2015-11-30,62.45612335205078,2409190
2015-12-01,61.69244384765625,1972583
2015-12-02,61.02424240112305,1845466
2015-12-03,58.485008239746094,5505319
2015-12-04,58.60592269897461,3529050
2015-12-07,59.17232131958008,1745592
2015-12-08,57.7658805847168,2666769
2015-12-09,57.56859588623047,2767883
2015-12-10,57.027645111083984,2454579
2015-12-11,55.84394836425781,3146682
2015-12-14,54.88935470581055,2949993
2015-12-15,56.13033676147461,3422585
2015-12-16,56.13668441772461,2285404
2015-12-17,57.320396423339844,3869593
2015-12-18,56.658538818359375,6585306
2015-12-21,56.015777587890625,2687184
2015-12-22,55.69122314453125,2155327
2015-12-23,57.04674530029297,2368715
2015-12-25,57.04674530029297,0
2015-12-28,56.728538513183594,1080254
2015-12-29,57.81679153442383,1481071
2015-12-30,57.19947814941406,1193729
2016-01-04,54.431156158447266,4811853
2016-01-05,54.77480697631836,2939387
2016-01-06,54.55842971801758,2783496
2016-01-07,53.514732360839844,4448581
2016-01-08,53.14562225341797,3856426
2016-01-11,52.801963806152344,2835669
2016-01-12,53.10743713378906,3149193
2016-01-13,52.9037971496582,2973323
2016-01-14,52.9992561340332,5173990
2016-01-15,51.993751525878906,7085041
2016-01-18,51.758270263671875,2335179
2016-01-19,52.35012435913086,2695450
2016-01-20,51.102787017822266,4460723
2016-01-21,51.88554763793945,4758546
2016-01-22,52.97379684448242,3806244
2016-01-25,53.08198547363281,3314048
2016-01-26,57.65768814086914,9953924
2016-01-27,58.822975158691406,5246812
2016-01-28,57.53307342529297,4061328
2016-01-29,58.630149841308594,3796701
2016-02-01,58.14478302001953,2367721
2016-02-02,57.174041748046875,3145738
2016-02-03,56.389469146728516,3417512
2016-02-04,56.608882904052734,3748396
2016-02-05,56.21659851074219,3347940
2016-02-08,54.886810302734375,3981029
2016-02-09,54.514469146728516,4459838
2016-02-10,54.687339782714844,3058682
2016-02-11,52.679378509521484,4193067
2016-02-12,53.62351608276367,3160666
2016-02-15,54.67404556274414,2827600
2016-02-16,54.620845794677734,2329498
2016-02-17,56.1700439453125,2614155
2016-02-18,56.44266128540039,2602078
2016-02-19,56.21659851074219,2959497
2016-02-22,57.46659469604492,2012897
2016-02-23,56.52244567871094,1979759
2016-02-24,54.84691619873047,3131501
2016-02-25,55.93069076538086,2413270
2016-02-26,57.38680648803711,2963361
2016-02-29,56.82164001464844,2780598
2016-03-01,57.95195770263672,2436360
2016-03-02,58.05834197998047,2464270
2016-03-03,58.55036544799805,2533299
2016-03-04,59.73387145996094,3768533
2016-03-07,59.36153793334961,1878338
2016-03-08,58.97589874267578,2678468
2016-03-09,59.54105758666992,2661162
2016-03-10,57.75248718261719,4998606
2016-03-11,59.261802673339844,2506990
2016-03-14,60.6181755065918,2626173
2016-03-15,60.1926383972168,1907069
2016-03-16,60.810997009277344,2891936
2016-03-17,60.73121643066406,3514228
2016-03-18,61.64876174926758,12152684
2016-03-21,61.16337585449219,2273580
2016-03-22,61.64210510253906,2681424
2016-03-23,61.449283599853516,2572704
2016-03-24,60.43865966796875,2118274
2016-03-29,60.850887298583984,1481903
2016-03-30,62.05434036254883,2778991
2016-03-31,61.934669494628906,3011403
2016-04-01,60.378814697265625,2988494
2016-04-04,60.797698974609375,1798321
2016-04-05,59.295047760009766,2809434
2016-04-06,59.72722244262695,2237421
2016-04-07,58.563663482666016,2218296
2016-04-08,59.34158706665039,2037538
2016-04-11,59.43466567993164,2006158
2016-04-12,59.713924407958984,1470131
2016-04-13,61.303016662597656,2615946
2016-04-14,61.86152267456055,2039018
2016-04-15,61.68199920654297,2093526
2016-04-18,61.908058166503906,1745683
2016-04-19,63.42401123046875,3137140
2016-04-20,63.975887298583984,2329557
2016-04-21,64.18864440917969,2631681
2016-04-22,64.02243041992188,2016567
2016-04-25,63.45725631713867,2215374
2016-04-26,63.018428802490234,1843712
2016-04-27,63.36417770385742,1372291
2016-04-28,62.67934036254883,2455200
2016-04-29,60.584930419921875,3861732
2016-05-02,60.7179069519043,1575968
2016-05-03,59.81365966796875,2657665
2016-05-04,60.644779205322266,3531427
2016-05-05,61.110191345214844,2179635
2016-05-06,61.615501403808594,3135708
2016-05-09,61.854881286621094,1987038
2016-05-10,62.77241897583008,2378340
2016-05-11,62.719242095947266,2102575
2016-05-12,61.994503021240234,2881067
2016-05-13,62.233863830566406,2173324
2016-05-17,61.98785400390625,2512650
2016-05-18,62.313655853271484,1750678
2016-05-19,61.67536544799805,2040631
2016-05-20,62.499820709228516,2570126
2016-05-23,62.15407180786133,2214985
2016-05-24,63.224552154541016,2298300
2016-05-25,64.57427978515625,2621913
2016-05-26,64.95992279052734,2246293
2016-05-27,65.61814880371094,2488506
2016-05-30,65.39210510253906,1263124
2016-05-31,64.35487365722656,5119980
2016-06-01,64.481201171875,2013992
2016-06-02,64.12879943847656,1650648
2016-06-03,63.35752868652344,2099085
2016-06-06,63.6434326171875,1079705
2016-06-07,64.7338638305664,2085224
2016-06-08,64.03572082519531,1571084
2016-06-09,63.57695007324219,1519838
2016-06-10,61.95460891723633,2618743
2016-06-13,60.87083435058594,2439900
2016-06-14,59.95328903198242,3350908
2016-06-15,61.01711654663086,2877700
2016-06-16,60.43199157714844,3060975
2016-06-17,61.36285400390625,5859265
2016-06-20,63.1314582824707,3094557
2016-06-21,63.67002868652344,2311585
2016-06-22,63.89609909057617,2095451
2016-06-23,64.99980926513672,2926740
2016-06-24,60.18599319458008,10117930
2016-06-27,58.104881286621094,5220740
2016-06-28,59.30168533325195,3790215
2016-06-29,60.35221862792969,2626326
2016-06-30,61.04372024536133,3006377
2016-07-01,61.20992660522461,2371441
2016-07-04,61.00381851196289,1270486
2016-07-05,59.72722244262695,2197124
2016-07-06,58.53706359863281,2628768
2016-07-07,58.576961517333984,2050118
2016-07-08,59.33493423461914,2407130
2016-07-11,61.46923828125,2503619
2016-07-12,62.100887298583984,2154082
2016-07-13,61.80167770385742,1817705
2016-07-14,62.553009033203125,2274437
2016-07-15,62.82561492919922,2071033
2016-07-18,62.45992660522461,1498628
2016-07-19,62.17402648925781,1406290
2016-07-20,63.370826721191406,2002302
2016-07-21,63.2445068359375,1597161
2016-07-22,63.04502868652344,1528452
2016-07-25,63.443965911865234,1456226
2016-07-26,63.630126953125,1414678
2016-07-27,64.25514221191406,1467294
2016-07-28,64.30168151855469,2463793
2016-07-29,64.57427978515625,2158807
2016-08-01,64.46125793457031,1987494
2016-08-02,63.916046142578125,2180377
2016-08-03,64.36151885986328,1802749
2016-08-04,67.25379943847656,5233308
2016-08-05,68.18464660644531,2931233
2016-08-08,69.01575469970703,2927312
2016-08-09,70.64474487304688,2608896
2016-08-10,70.11283111572266,1937452
2016-08-11,71.4426040649414,2193496
2016-08-12,71.4426040649414,1897213
2016-08-15,71.20989990234375,1252708
2016-08-16,70.37879180908203,1698954
2016-08-17,70.04633331298828,1608905
2016-08-18,70.64474487304688,1674517
2016-08-19,71.14342498779297,2200701
2016-08-22,70.44527435302734,1757252
2016-08-23,71.14342498779297,1524416
2016-08-24,71.87479400634766,2043329
2016-08-25,71.30965423583984,1433327
2016-08-26,71.90802764892578,1485999
2016-08-29,71.5423583984375,858471
2016-08-30,72.1407470703125,1483169
2016-08-31,71.17665100097656,1850147
2016-09-01,70.91070556640625,1665567
2016-09-02,72.20723724365234,1705732
2016-09-05,71.80830383300781,1009986
2016-09-06,71.77506256103516,1338224
2016-09-07,71.94129180908203,1616223
2016-09-08,70.64474487304688,2283879
2016-09-09,69.68064880371094,2204067
2016-09-12,69.01575469970703,2604505
2016-09-13,67.918701171875,2527645
2016-09-14,68.11815643310547,2437994
2016-09-15,70.1793212890625,3634657
2016-09-16,68.98251342773438,6225670
2016-09-19,69.58092498779297,1520541
2016-09-20,68.88278198242188,1822247
2016-09-21,69.0822525024414,1247764
2016-09-22,70.91070556640625,2374348
2016-09-23,70.61150360107422,1468315
2016-09-26,68.91603088378906,2024945
2016-09-27,69.01575469970703,1611303
2016-09-28,69.18197631835938,1564312
2016-09-29,68.65007019042969,1699710
2016-09-30,69.28170776367188,2885023
2016-10-04,70.11283111572266,2247943
2016-10-05,70.11283111572266,1355995
2016-10-06,70.24580383300781,1833651
2016-10-07,69.61416625976562,1776768
2016-10-10,70.37879180908203,1489524
2016-10-11,69.81362915039062,1752787
2016-10-12,69.48118591308594,1379619
2016-10-13,68.74979400634766,2128519
2016-10-14,70.04633331298828,1667912
2016-10-17,69.44793701171875,1546566
2016-10-18,70.27906036376953,1650983
2016-10-19,70.1793212890625,1689938
2016-10-20,70.5450210571289,1774802
2016-10-21,70.77772521972656,2014257
2016-10-24,71.14342498779297,1864428
2016-10-25,70.97718048095703,1380410
2016-10-26,70.81095886230469,1246536
2016-10-27,69.3149642944336,2783090
2016-10-28,68.84954071044922,2050416
2016-10-31,68.78304290771484,2050117
2016-11-01,67.81895446777344,2042678
2016-11-02,67.32027435302734,2265959
2016-11-03,67.22055053710938,1716185
2016-11-04,67.18730926513672,2157620
2016-11-07,68.45060729980469,1950824
2016-11-08,68.31761932373047,1594322
2016-11-09,69.48118591308594,5247580
2016-11-10,72.67266845703125,6222812
2016-11-11,71.90802764892578,2666409
2016-11-14,72.50643157958984,3088715
2016-11-15,72.17401123046875,2190457
2016-11-16,71.77506256103516,1669553
2016-11-17,71.3428726196289,2442348
2016-11-18,70.91070556640625,3068160
2016-11-21,71.40937805175781,1525600
2016-11-22,71.57559204101562,1341371
2016-11-23,71.4426040649414,1574150
2016-11-24,71.30965423583984,997724
2016-11-25,71.3761215209961,1209458
2016-11-28,70.41201782226562,1502100
2016-11-29,70.5450210571289,1868956
2016-11-30,70.87744903564453,2113843
2016-12-01,70.74446868896484,2193876
2016-12-02,70.34553527832031,1991055
2016-12-05,72.47318267822266,3111974
2016-12-06,72.67266845703125,2401993
2016-12-07,74.5676040649414,3595086
2016-12-08,76.03035736083984,3522916
2016-12-09,76.2630844116211,2630590
2016-12-12,76.92797088623047,2376765
2016-12-13,77.09419250488281,2559335
2016-12-14,77.19392395019531,2247390
2016-12-15,77.16067504882812,3689059
2016-12-16,76.79499816894531,9114425
2016-12-19,76.52903747558594,2371516
2016-12-20,76.06360626220703,2240906
2016-12-21,76.16333770751953,1595907
2016-12-22,76.4625473022461,1343979
2016-12-23,76.62877655029297,969555
2016-12-27,76.99445343017578,655358
2016-12-28,77.16067504882812,1027481
2016-12-29,77.2271728515625,1006911
2016-12-30,77.65935516357422,1373847
2017-01-02,78.4239730834961,1161592
2017-01-03,77.26042175292969,2241748
2017-01-04,76.92797088623047,1826651
2017-01-05,76.4292984008789,1992760
2017-01-06,77.09419250488281,1611389
2017-01-09,77.16067504882812,1735815
2017-01-10,78.29100799560547,2483526
2017-01-11,77.95855712890625,2871822
2017-01-12,77.16067504882812,2306751
2017-01-13,77.39340209960938,2150557
2017-01-16,77.26042175292969,1476864
2017-01-17,77.36015319824219,1880785
2017-01-18,77.75908660888672,1764959
2017-01-19,77.32691192626953,2156980
2017-01-20,77.79232788085938,3140075
2017-01-23,77.09419250488281,1973976
2017-01-24,77.79232788085938,1928256
2017-01-25,79.58753204345703,2857360
2017-01-26,79.58753204345703,1990761
2017-01-27,79.25508117675781,2063416
2017-01-30,78.5237045288086,2591869
2017-01-31,77.29366302490234,3992107
2017-02-01,81.6487045288086,6832828
2017-02-02,81.71296691894531,3870279
2017-02-03,81.26626586914062,2214248
2017-02-06,80.54466247558594,3235710
2017-02-07,81.54115295410156,2369085
2017-02-08,82.09095764160156,3375868
2017-02-09,82.57202911376953,2430964
2017-02-10,82.22840118408203,1702442
2017-02-13,83.32798767089844,1936969
2017-02-14,83.3967056274414,1472101
2017-02-15,83.9121322631836,2359115
2017-02-16,83.60289001464844,2100237
2017-02-17,82.88127136230469,2447167
2017-02-20,83.49980163574219,1138073
2017-02-21,85.9051513671875,3410510
2017-02-22,85.04609680175781,2605873
2017-02-23,84.80554962158203,1691919
2017-02-24,83.67160034179688,2454838
2017-02-27,83.98088073730469,1195320
2017-02-28,84.39320373535156,1735139
2017-03-01,86.5923843383789,2549744
2017-03-02,85.97386932373047,1554399
2017-03-03,85.73333740234375,1627422
2017-03-06,85.32098388671875,1777660
2017-03-07,85.424072265625,1376317
2017-03-08,85.38972473144531,1771177
2017-03-09,85.25225830078125,1673817
2017-03-10,84.56501770019531,2036957
2017-03-13,84.4619369506836,1561825
2017-03-14,84.59938049316406,1852624
2017-03-15,84.90863800048828,1507682
2017-03-16,85.80205535888672,2604801
2017-03-17,85.45844268798828,6547554
2017-03-20,85.73333740234375,1440582
2017-03-21,84.6681137084961,2043366
2017-03-22,83.84341430664062,2539651
2017-03-23,85.28662872314453,1907572
2017-03-24,85.45844268798828,1760345
2017-03-27,84.32450103759766,1632157
2017-03-28,86.00823211669922,1633898
2017-03-29,86.45494079589844,1839570
2017-03-30,87.79505920410156,1652464
2017-03-31,88.24176788330078,2735913
2017-04-03,87.69197082519531,1662539
2017-04-04,88.48230743408203,1692209
2017-04-05,88.03559112548828,1828264
2017-04-06,88.3448486328125,1452489
2017-04-07,88.24176788330078,1720938
2017-04-10,87.72632598876953,1182535
2017-04-11,88.03559112548828,2136906
2017-04-12,87.48579406738281,1655470
2017-04-13,86.97036743164062,1591856
2017-04-18,85.87078094482422,1563807
2017-04-19,85.56153106689453,1525338
2017-04-20,86.5923843383789,1892861
2017-04-21,86.14567565917969,2961532
2017-04-24,91.23126983642578,4717096
2017-04-25,91.19690704345703,2280325
2017-04-26,91.54051971435547,1996086
2017-04-27,90.75018310546875,1822053
2017-04-28,90.44093322753906,2173219
2017-05-02,91.19690704345703,1967541
2017-05-03,91.02509307861328,1725802
2017-05-04,90.47530364990234,2099027
2017-05-05,90.71583557128906,2298091
2017-05-08,89.65060424804688,2045925
2017-05-09,90.47530364990234,1584404
2017-05-10,89.68498229980469,1496572
2017-05-11,89.8224105834961,1505894
2017-05-12,89.34134674072266,1533444
2017-05-15,89.37571716308594,1440233
2017-05-16,90.0285873413086,1537098
2017-05-17,88.86027526855469,1967536
2017-05-18,88.20740509033203,2635531
2017-05-19,88.0699462890625,2703802
2017-05-22,86.97036743164062,1869321
2017-05-23,87.1765365600586,1586181
2017-05-24,87.2452621459961,1334934
2017-05-25,86.55802154541016,1402515
2017-05-26,86.62675476074219,1562244
2017-05-29,87.00473022460938,673408
2017-05-30,86.86727905273438,1439415
2017-05-31,87.3139877319336,2514045
2017-06-01,87.1765365600586,1513244
2017-06-02,88.99773406982422,1871848
2017-06-05,88.99773406982422,0
2017-06-06,87.62323760986328,1798295
2017-06-07,87.21089172363281,1611277
2017-06-08,87.93250274658203,1209602
2017-06-09,88.92900085449219,1566611
2017-06-12,86.76419830322266,1948144
2017-06-13,87.1078109741211,1626955
2017-06-14,87.1078109741211,2097452
2017-06-15,86.3862075805664,2658842
2017-06-16,85.59587860107422,7873506
2017-06-19,86.9360122680664,1767111
2017-06-20,86.00823211669922,1736972
2017-06-21,85.52716064453125,1621352
2017-06-22,86.04259490966797,1904249
2017-06-23,85.73333740234375,1250075
2017-06-26,86.52365112304688,1529209
2017-06-27,85.28662872314453,1584940
2017-06-28,84.6681137084961,1670880
2017-06-29,82.84690856933594,2256233
2017-06-30,82.70948028564453,2773598
2017-07-03,84.59938049316406,1634616
2017-07-04,83.74034118652344,1067104
2017-07-05,83.84341430664062,1753224
2017-07-06,82.81256103515625,2887875
2017-07-07,83.05309295654297,1679062
2017-07-10,83.1905288696289,1241322
2017-07-11,82.84690856933594,1608909
2017-07-12,84.39320373535156,2132692
2017-07-13,82.81256103515625,3044534
2017-07-14,82.67510223388672,1933813
2017-07-17,81.78170013427734,1862813
2017-07-18,81.06008911132812,2871345
2017-07-19,80.13231658935547,2938395
2017-07-20,81.16316986083984,3019567
2017-07-21,79.68561553955078,3858928
2017-07-24,79.96051025390625,2331235
2017-07-25,80.57903289794922,1921738
2017-07-26,80.61338806152344,1764753
2017-07-27,79.58251953125,2671474
2017-07-28,79.54817199707031,2284509
2017-07-31,78.86093139648438,2400330
2017-08-01,80.02923583984375,2022492
2017-08-02,79.75433349609375,2047505
2017-08-03,77.31463623046875,4490825
2017-08-04,76.6617431640625,3992620
2017-08-07,76.45557403564453,2140877
2017-08-08,76.97100067138672,2459526
2017-08-09,75.90577697753906,2938568
2017-08-10,74.6343994140625,3419814
2017-08-11,75.0467300415039,3007943
2017-08-14,75.73397064208984,2192889
2017-08-15,75.63089752197266,1539172
2017-08-16,77.21154022216797,2993880
2017-08-17,76.59302520751953,1928837
2017-08-18,76.48993682861328,2614925
2017-08-21,76.35250091552734,1645028
2017-08-22,77.6238784790039,2120057
2017-08-23,77.0740966796875,1667586
2017-08-24,76.73046875,1525846
2017-08-25,76.1806869506836,1399418
2017-08-28,76.21503448486328,1312788
2017-08-29,74.70311737060547,3204583
2017-08-30,75.11546325683594,1610328
2017-08-31,75.45907592773438,2367532
2017-09-01,76.1119613647461,1759526
2017-09-04,76.45557403564453,1375890
2017-09-05,77.17716979980469,2552388
2017-09-06,77.41771697998047,2280305
2017-09-07,77.58952331542969,2547440
2017-09-08,77.142822265625,1770464
2017-09-11,78.99838256835938,2946493
2017-09-12,79.41071319580078,2163766
2017-09-13,80.33849334716797,3147199
2017-09-14,80.4759292602539,2371818
2017-09-15,79.92613983154297,6950210
2017-09-18,80.30413055419922,1609556
2017-09-19,79.71997833251953,2232525
2017-09-20,79.68561553955078,1786834
2017-09-21,80.71646881103516,1833995
2017-09-22,80.09795379638672,1812768
2017-09-25,80.16667938232422,1358431
2017-09-26,80.09795379638672,1441736
2017-09-27,81.06008911132812,2579939
2017-09-28,81.12882232666016,1895676
2017-09-29,81.91913604736328,3078811
2017-10-02,82.40020751953125,1599952
2017-10-03,82.40020751953125,0
2017-10-04,83.15618133544922,2362236
2017-10-05,82.12531280517578,2278308
2017-10-06,82.19404602050781,1559803
2017-10-09,82.60637664794922,1078893
2017-10-10,82.29712677001953,1464328
2017-10-11,82.22840118408203,1436136
2017-10-12,82.12531280517578,1310852
2017-10-13,82.40020751953125,1485021
2017-10-16,81.81607055664062,1488935
2017-10-17,81.43807220458984,1902238
2017-10-18,81.26626586914062,1883399
2017-10-19,80.6821060180664,2890194
2017-10-20,79.6512451171875,4635480
2017-10-23,80.06360626220703,2055180
2017-10-24,79.68561553955078,1897441
2017-10-25,79.13581848144531,1780828
2017-10-26,81.02572631835938,2729898
2017-10-27,82.81256103515625,3381379
2017-10-30,84.18704986572266,2744284
2017-10-31,84.18704986572266,0
2017-11-01,86.04259490966797,3844260
2017-11-02,85.56153106689453,2209121
2017-11-03,85.3553466796875,2103724
2017-11-06,85.14917755126953,1332796
2017-11-07,84.70248413085938,1917292
2017-11-08,84.73683166503906,2085015
2017-11-09,81.57553100585938,4666242
2017-11-10,80.37284851074219,3441802
2017-11-13,80.44156646728516,2755842
2017-11-14,79.6512451171875,2461822
2017-11-15,78.8952865600586,2629371
2017-11-16,79.58251953125,2426753
2017-11-17,78.96400451660156,2972551
2017-11-20,78.92965698242188,1992530
2017-11-21,78.6891098022461,2487451
2017-11-22,77.93314361572266,2479901
2017-11-23,78.27677154541016,1881610
2017-11-24,78.37984466552734,1627075
2017-11-27,77.79570007324219,1888294
2017-11-28,78.48294067382812,1937607
2017-11-29,78.6891098022461,2448303
2017-11-30,78.48294067382812,3731878
2017-12-01,77.69259643554688,4131842
2017-12-04,78.79219818115234,2283238
2017-12-05,77.9675064086914,2875435
2017-12-06,77.86441802978516,2458607
2017-12-07,78.37984466552734,1829684
2017-12-08,79.1701889038086,2495207
2017-12-11,80.4072265625,3201169
2017-12-12,80.4759292602539,2331748
2017-12-13,79.89179992675781,1755087
2017-12-14,79.85742950439453,2628431
2017-12-15,80.02923583984375,5749514
2017-12-18,81.91913604736328,3162259
2017-12-19,81.57553100585938,2273947
2017-12-20,80.4759292602539,2355456
2017-12-21,80.85392761230469,1884432
2017-12-22,80.71646881103516,1434778
2017-12-27,81.09445190429688,1219953
2017-12-28,80.26976776123047,1278482
2017-12-29,79.82305908203125,1381345
2018-01-02,79.19766998291016,2973145
2018-01-03,80.04985046386719,2753898
2018-01-04,82.23527526855469,4003075
2018-01-05,82.55140686035156,2482415
2018-01-08,83.15618133544922,2387301
2018-01-09,83.56852722167969,2813423
2018-01-10,82.74382781982422,2224640
2018-01-11,82.89501953125,2407496
2018-01-12,84.14581298828125,2639323
2018-01-15,83.9121322631836,1737442
2018-01-16,84.5306625366211,3201667
2018-01-17,83.98088073730469,2511736
2018-01-18,84.5306625366211,2409866
2018-01-19,85.01173400878906,3056374
2018-01-22,85.46531677246094,1941850
2018-01-23,86.00135803222656,2828277
2018-01-24,84.5444107055664,2665176
2018-01-25,83.88465881347656,3182074
2018-01-26,83.19741821289062,3082129
2018-01-29,83.19741821289062,2125598
2018-01-30,83.2798843383789,3241165
2018-01-31,83.95337677001953,4869858
2018-02-01,82.98941040039062,4298294
2018-02-02,81.69514465332031,3251692
2018-02-05,80.64266967773438,3549553
2018-02-06,79.27728271484375,6941544
2018-02-07,79.86042022705078,3893346
2018-02-08,77.86923217773438,4583497
2018-02-09,76.10562133789062,5322847
2018-02-12,77.21499633789062,3306896
2018-02-13,76.77409362792969,2468538
2018-02-14,77.7127914428711,3831980
2018-02-15,78.29591369628906,2828531
2018-02-16,79.06392669677734,3325433
2018-02-19,78.83638000488281,1639650
2018-02-20,79.81774139404297,2840210
2018-02-21,79.0212631225586,2479019
2018-02-22,78.60881805419922,2966769
2018-02-23,78.73681640625,1512777
2018-02-26,78.79370880126953,1989614
2018-02-27,77.86923217773438,2841687
2018-02-28,77.11541748046875,2494558
2018-03-01,75.77849578857422,3925445
2018-03-02,73.2326431274414,5740289
2018-03-05,73.95799255371094,3128730
2018-03-06,73.9295425415039,2377692
2018-03-07,74.2708969116211,2572548
2018-03-08,75.05315399169922,2474647
2018-03-09,75.16692352294922,2588767
2018-03-12,75.94916534423828,2070851
2018-03-13,74.74024200439453,2625398
2018-03-14,74.89669036865234,2671670
2018-03-15,75.52249908447266,2941129
2018-03-16,76.2051773071289,9043714
2018-03-19,74.9251480102539,2827791
2018-03-20,75.25225067138672,1826217
2018-03-21,75.4655990600586,2280475
2018-03-22,73.4317626953125,4375717
2018-03-23,72.13749694824219,4099601
2018-03-26,71.3836898803711,2776987
2018-03-27,72.39350128173828,3192700
2018-03-28,72.74907684326172,3370440
2018-03-29,73.61664581298828,3039514
2018-04-03,72.53573608398438,2811642
2018-04-04,71.92414855957031,3174747
2018-04-05,74.45579528808594,3651008
2018-04-06,74.31356048583984,2699123
2018-04-09,74.66912841796875,2063935
2018-04-10,74.88247680664062,2071518
2018-04-11,73.87266540527344,2236686
2018-04-12,74.47000885009766,1940653
2018-04-13,74.56956481933594,2158842
2018-04-16,74.10022735595703,1941077
2018-04-17,75.13846588134766,2219185
2018-04-18,75.42293548583984,1775046
2018-04-19,76.53230285644531,2959527
2018-04-20,77.015869140625,3353099
2018-04-23,77.14387512207031,1800519
2018-04-24,75.57937622070312,3168015
2018-04-25,74.54113006591797,3537782
2018-04-26,74.48423767089844,2538133
2018-04-27,75.0104751586914,1897049
2018-04-30,75.12425231933594,1895045
2018-05-02,76.91632080078125,3413062
2018-05-03,76.50385284423828,2237179
2018-05-04,77.61323547363281,2500191
2018-05-07,78.01146697998047,1439939
2018-05-08,78.43814849853516,2207000
2018-05-09,81.49602508544922,5535684
2018-05-10,82.42050170898438,2567257
2018-05-11,82.13604736328125,2226313
2018-05-14,82.12181091308594,1666293
2018-05-15,82.61962127685547,2315329
2018-05-16,83.18852233886719,2229476
2018-05-17,83.6009750366211,2113224
2018-05-18,83.58676147460938,3491809
2018-05-21,83.58676147460938,0
2018-05-22,83.77165222167969,2229062
2018-05-23,82.7333984375,2783836
2018-05-24,81.680908203125,2696523
2018-05-25,82.16448974609375,2199020
2018-05-28,81.12623596191406,1750755
2018-05-29,80.28710174560547,3529421
2018-05-30,80.52887725830078,3172416
2018-05-31,79.29149627685547,4571410
2018-06-01,80.35820007324219,2585263
2018-06-04,80.45777130126953,1453093
2018-06-05,80.50043487548828,2109609
2018-06-06,80.41510772705078,2168457
2018-06-07,80.7137680053711,1663240
2018-06-08,80.92711639404297,2443230
2018-06-11,82.26405334472656,2443960
2018-06-12,82.4062728881836,2194199
2018-06-13,84.38322448730469,4724496
2018-06-14,85.83393096923828,5116175
2018-06-15,85.06591796875,8049910
2018-06-18,84.19832611083984,2318856
2018-06-19,82.71916961669922,3048961
2018-06-20,82.87561798095703,2320050
2018-06-21,81.62403106689453,3149571
2018-06-22,82.7049560546875,2454467
2018-06-25,80.44353485107422,2582402
2018-06-26,79.73241424560547,2258522
2018-06-27,81.21156311035156,3089755
2018-06-28,79.8746337890625,2670989
2018-06-29,80.51466369628906,2793269
2018-07-02,80.05953216552734,2436744
2018-07-03,81.02667236328125,1749441
2018-07-04,81.24002075195312,1382293
2018-07-05,81.567138671875,2286710
2018-07-06,81.83735656738281,2247219
2018-07-09,82.36360931396484,1799041
2018-07-10,83.4872055053711,2024420
2018-07-11,82.22136688232422,2309869
2018-07-12,82.80451202392578,1459010
2018-07-13,82.94673919677734,1585720
2018-07-16,82.96095275878906,1191857
2018-07-17,83.3165283203125,1766762
2018-07-18,84.16989135742188,1604329
2018-07-19,83.899658203125,1980685
2018-07-20,83.0605239868164,3122837
2018-07-23,83.13162231445312,1193253
2018-07-24,84.09877014160156,1963517
2018-07-25,83.6436538696289,1783911
2018-07-26,85.60636901855469,2899906
2018-07-27,85.89083862304688,2090429
2018-07-30,85.54949188232422,1224903
2018-07-31,85.87661743164062,2013498
2018-08-01,85.20813751220703,2461195
2018-08-02,81.21156311035156,5058950
2018-08-03,79.74662017822266,3599149
2018-08-06,79.43372344970703,2879188
2018-08-07,79.90308380126953,2363169
2018-08-08,79.6470718383789,1812176
2018-08-09,79.90308380126953,1728526
2018-08-10,78.60881805419922,3164148
2018-08-13,78.46658325195312,1849906
2018-08-14,78.72260284423828,2086492
2018-08-15,78.05412292480469,3065651
2018-08-16,78.28168487548828,1867700
2018-08-17,78.22480010986328,1818782
2018-08-20,78.79370880126953,1452662
2018-08-21,78.69415283203125,1768578
2018-08-22,78.93594360351562,1584708
2018-08-23,79.53328704833984,1807329
2018-08-24,79.83196258544922,1440472
2018-08-27,80.4862060546875,1278054
2018-08-28,80.58576965332031,1589366
2018-08-29,80.88444519042969,1266640
2018-08-30,80.51466369628906,1430896
2018-08-31,79.63285064697266,2218843
2018-09-03,79.22039794921875,1145363
2018-09-04,78.23902893066406,1780865
2018-09-05,77.24344635009766,2814813
2018-09-06,77.1865463256836,2402552
2018-09-07,76.94475555419922,2546512
2018-09-10,77.10120391845703,2285535
2018-09-11,77.28609466552734,2437360
2018-09-12,77.86923217773438,1873091
2018-09-13,77.72700500488281,1835076
2018-09-14,77.74122619628906,2052361
2018-09-17,77.51365661621094,1723884
2018-09-18,77.57056427001953,2046184
2018-09-19,77.67011260986328,1623522
2018-09-20,78.28168487548828,2584996
2018-09-21,78.39547729492188,6721575
2018-09-24,78.96437072753906,2511785
2018-09-25,79.34839630126953,1824431
2018-09-26,79.29149627685547,1696007
2018-09-27,79.29149627685547,1859440
2018-09-28,78.46658325195312,3107103
2018-10-01,78.46658325195312,2221991
2018-10-02,76.39008331298828,4325000
2018-10-04,76.0771713256836,3741592
2018-10-05,74.9535903930664,2804783
2018-10-08,74.5126953125,2432577
2018-10-09,74.32777404785156,2811508
2018-10-10,72.89129638671875,3481925
2018-10-11,71.46903228759766,4341682
2018-10-12,70.94277954101562,3174134
2018-10-15,71.46903228759766,2167046
2018-10-16,72.37928009033203,2494701
2018-10-17,72.72061157226562,2426582
2018-10-18,72.08059692382812,2378424
2018-10-19,71.1845703125,3791446
2018-10-22,71.28413391113281,2323582
2018-10-23,70.71521759033203,3583341
2018-10-24,71.09923553466797,3132518
2018-10-25,72.00947570800781,3096626
2018-10-26,71.17034912109375,3669828
2018-10-29,72.23704528808594,2752301
2018-10-30,71.2130126953125,3141527
2018-10-31,72.33660125732422,3881603
2018-11-01,72.2939453125,2556547
2018-11-02,73.01929473876953,3135229
2018-11-05,73.03353118896484,1729296
2018-11-06,72.39350128173828,2054164
2018-11-07,73.06197357177734,1844314
2018-11-08,73.61664581298828,2729066
2018-11-09,72.77750396728516,2992308
2018-11-12,71.22724151611328,3125860
2018-11-13,72.32238006591797,2559081
2018-11-14,71.4974594116211,2599519
2018-11-15,72.08059692382812,2869790
2018-11-16,72.06637573242188,3365502
2018-11-19,71.12767791748047,2508815
2018-11-20,70.34545135498047,3198157
2018-11-21,71.6539077758789,2345228
2018-11-22,71.1845703125,1750888
2018-11-23,71.4974594116211,1655421
2018-11-26,72.86285400390625,2586866
2018-11-27,72.96240234375,1858427
2018-11-28,72.83440399169922,1884391
2018-11-29,72.74907684326172,1910704
2018-11-30,72.82018280029297,2262083
2018-12-03,73.9864501953125,2910885
2018-12-04,73.2468490600586,2126908
2018-12-05,71.82460021972656,2456631
2018-12-06,69.45650482177734,5066085
2018-12-07,69.47073364257812,2818644
2018-12-10,68.95159912109375,3187613
2018-12-11,69.62007141113281,3160792
2018-12-12,70.76499938964844,2947266
2018-12-13,71.4263687133789,2549660
2018-12-14,71.25568389892578,2288977
2018-12-17,70.81478118896484,2175573
2018-12-18,71.34102630615234,2599367
2018-12-19,70.76499938964844,2910644
2018-12-20,69.96852111816406,4132343
2018-12-21,69.81207275390625,7395807
2018-12-27,68.14092254638672,3447175
2018-12-28,69.25027465820312,1888350
2019-01-02,69.74807739257812,2435666
2019-01-03,67.87779998779297,2865101
2019-01-04,70.53744506835938,3020567
2019-01-07,69.61296844482422,2798903
2019-01-08,69.89030456542969,2697618
2019-01-09,70.14630889892578,2263317
2019-01-10,70.23165130615234,2102836
2019-01-11,69.35696411132812,2646081
2019-01-14,69.22895812988281,2076365
2019-01-15,69.47784423828125,1834281
2019-01-16,69.3996353149414,2034961
2019-01-17,69.62007141113281,1961945
2019-01-18,71.5116958618164,4735701
2019-01-21,71.6539077758789,1413643
2019-01-22,70.7081069946289,2390739
2019-01-23,70.15342712402344,2116549
2019-01-24,70.4023208618164,2375842
2019-01-25,71.34102630615234,2821408
2019-01-28,71.12767791748047,2340800
2019-01-29,71.48324584960938,2683072
2019-01-30,70.95700073242188,4295211
2019-01-31,71.11692810058594,4475213
2019-02-01,70.99813079833984,3722694
2019-02-04,70.53777313232422,2527328
2019-02-05,71.52531433105469,3314365
2019-02-06,70.84220886230469,2561303
2019-02-07,68.8968505859375,3735075
2019-02-08,67.9538803100586,3408121
2019-02-11,68.49591064453125,2080676
2019-02-12,68.48104858398438,1946714
2019-02-13,68.36966705322266,2230536
2019-02-14,68.49591064453125,2916286
2019-02-15,70.25562286376953,3551657
2019-02-18,69.72102355957031,1666181
2019-02-19,69.83240509033203,2022035
2019-02-20,70.24077606201172,2005149
2019-02-21,70.12198638916016,1814572
2019-02-22,71.16148376464844,2750740
2019-02-25,71.70350646972656,2442588
2019-02-26,72.86182403564453,3363287
2019-02-27,71.78518676757812,2466490
2019-02-28,71.3768081665039,2777301
2019-03-01,71.97823333740234,2450103
2019-03-04,72.33464050292969,2099837
2019-03-05,72.1861343383789,1898269
2019-03-06,72.1861343383789,1513589
2019-03-07,71.61441040039062,2043572
2019-03-08,70.64173126220703,2456178
2019-03-11,71.11692810058594,1602142
2019-03-12,71.36195373535156,2037057
2019-03-13,71.39907836914062,2126798
2019-03-14,71.90397644042969,2234379
2019-03-15,72.75043487548828,8439806
2019-03-18,72.75043487548828,1969068
2019-03-19,73.8790512084961,2496177
2019-03-20,72.28266906738281,2970657
2019-03-21,73.06971740722656,2911663
2019-03-22,70.74568176269531,3352138
2019-03-25,70.46353149414062,1688541
2019-03-26,70.37443542480469,1617826
2019-03-27,70.96100616455078,2107756
2019-03-28,70.53777313232422,1414329
2019-03-29,71.23573303222656,2267326
2019-04-01,72.7281723022461,2224817
2019-04-02,73.6340103149414,2341743
2019-04-03,74.77005004882812,2841365
2019-04-04,74.97793579101562,1652659
2019-04-05,75.83924865722656,2155325
2019-04-08,75.75015258789062,1679327
2019-04-09,74.77005004882812,2254240
2019-04-10,75.42345428466797,1399598
2019-04-11,76.06200408935547,1973369
2019-04-12,77.1163558959961,2251442
2019-04-15,77.02725982666016,1237192
2019-04-16,77.62126159667969,2021865
2019-04-17,78.58650970458984,2824908
2019-04-18,79.07656860351562,3442940
2019-04-23,78.46772003173828,1670469
2019-04-24,78.42315673828125,1919199
2019-04-25,78.43800354003906,1832760
2019-04-26,78.18555450439453,1550587
2019-04-29,78.60136413574219,1481082
2019-04-30,79.25476837158203,2614281
2019-05-02,78.21526336669922,1857095
2019-05-03,78.52711486816406,1477200
2019-05-06,77.66580963134766,2318209
2019-05-07,76.0916976928711,2818596
2019-05-08,79.56661987304688,4907513
2019-05-09,78.17070770263672,2926377
2019-05-10,79.46266174316406,3401038
2019-05-13,77.79945373535156,2506674
2019-05-14,78.7350082397461,1984673
2019-05-15,79.21022033691406,2474948
2019-05-16,80.68037414550781,2651391
2019-05-17,79.75967407226562,3066680
2019-05-20,78.33405303955078,2520726
2019-05-21,79.61116790771484,2851754
2019-05-22,79.10626983642578,1989165
2019-05-23,76.99755859375,3193460
2019-05-24,78.12617492675781,1974202
2019-05-27,78.18555450439453,770662
2019-05-28,78.18555450439453,2280633
2019-05-29,76.35901641845703,2439056
2019-05-30,76.56690979003906,1121755
2019-05-31,75.31950378417969,2415357
2019-06-03,76.04715728759766,2158987
2019-06-04,77.42821502685547,2406505
2019-06-05,77.57670593261719,1578962
2019-06-06,76.90845489501953,1513589
2019-06-07,77.39851379394531,1740674
2019-06-11,78.37861633300781,2212061
2019-06-12,77.97766876220703,1430947
2019-06-13,78.0964584350586,1337390
2019-06-14,77.23515319824219,1444615
2019-06-17,76.7896499633789,1379994
2019-06-18,78.55680847167969,2864989
2019-06-19,78.91321563720703,1687953
2019-06-20,79.04686737060547,2139379
2019-06-21,78.51226043701172,6342852
2019-06-24,78.74987030029297,1765757
2019-06-25,77.8143081665039,2271529
2019-06-26,77.02725982666016,2929229
2019-06-27,76.87875366210938,1766244
2019-06-28,77.66580963134766,2448548
2019-07-01,78.705322265625,1931473
2019-07-02,77.96281433105469,1898919
2019-07-03,78.24496459960938,1818539
2019-07-04,78.36376953125,1175182
2019-07-05,76.06200408935547,3510829
2019-07-08,75.34920501708984,2291824
2019-07-09,75.2155532836914,2923660
2019-07-10,74.8294448852539,2333344
2019-07-11,74.0201187133789,2953400
2019-07-12,74.01270294189453,1869107
2019-07-15,74.0646743774414,1761659
2019-07-16,74.50274658203125,1851516
2019-07-17,74.01270294189453,1982754
2019-07-18,73.64144897460938,1910375
2019-07-19,73.90873718261719,2475914
2019-07-22,73.8790512084961,1445329
2019-07-23,75.31950378417969,2845705
2019-07-24,75.91349029541016,2096188
2019-07-25,74.96309661865234,2761992
2019-07-26,74.97793579101562,1677175
2019-07-29,75.14130401611328,1571700
2019-07-30,73.9681396484375,2691893
2019-07-31,73.5003662109375,2361384
2019-08-01,70.53777313232422,6783946
2019-08-02,68.4216537475586,6027760
2019-08-05,66.6396484375,4734818
2019-08-06,66.55796813964844,3340190
2019-08-07,66.35005950927734,3016929
2019-08-08,67.18167877197266,2393195
2019-08-09,66.08277893066406,2863524
2019-08-12,65.80061340332031,1549088
2019-08-13,66.2609634399414,3743220
2019-08-14,63.966636657714844,3739755
2019-08-15,63.11274337768555,3746092
2019-08-16,63.7364501953125,3026696
2019-08-19,64.76852416992188,2510446
2019-08-20,64.7611083984375,2084918
2019-08-21,66.17185974121094,2787353
2019-08-22,66.03079223632812,2172670
2019-08-23,65.48133087158203,2747205
2019-08-26,65.76348876953125,1683912
2019-08-27,66.08277893066406,1898534
2019-08-28,65.867431640625,1628359
2019-08-29,66.82526397705078,2107966
2019-08-30,67.53064727783203,2635781
2019-09-02,67.20394897460938,1190629
2019-09-03,66.72874450683594,1655296
2019-09-04,67.71627044677734,1657770
2019-09-05,67.97613525390625,2394233
2019-09-06,68.71865844726562,1981520
2019-09-09,69.93635559082031,2014213
2019-09-10,71.28028106689453,3200740
2019-09-11,72.29751586914062,2385442
2019-09-12,71.80745697021484,2744077
2019-09-13,71.96339416503906,2176512
2019-09-16,71.80003356933594,1364458
2019-09-17,72.03022003173828,1694908
2019-09-18,71.69609069824219,1293614
2019-09-19,72.37176513671875,1976513
2019-09-20,72.77271270751953,6312559
2019-09-23,71.74806213378906,2333073
2019-09-24,70.90160369873047,1611585
2019-09-25,71.22830200195312,1947104
2019-09-26,71.06495666503906,2426164
2019-09-27,72.29008483886719,2115637
2019-09-30,72.95091247558594,1923629
2019-10-01,71.88912963867188,2349728
2019-10-02,70.41897583007812,2765321
2019-10-04,70.76052856445312,2269224
2019-10-07,71.59213256835938,1846111
2019-10-08,70.47838592529297,2122128
2019-10-09,71.23573303222656,2026800
2019-10-10,71.64411163330078,2543954
2019-10-11,73.60431671142578,2853940
2019-10-14,73.64144897460938,1581571
2019-10-15,74.16119384765625,2771355
2019-10-16,74.78489685058594,2339156
2019-10-17,73.44839477539062,2992152
2019-10-18,74.07951354980469,2630172
2019-10-21,75.69074249267578,2250654
2019-10-22,76.62629699707031,2090355
2019-10-23,76.98270416259766,2142296
2019-10-24,77.05696105957031,1781386
2019-10-25,77.51731872558594,1247480
2019-10-28,78.05191802978516,1866589
2019-10-29,78.33405303955078,1499618
2019-10-30,77.71034240722656,1792266
2019-10-31,76.75994873046875,2553507
2019-11-01,77.91826629638672,1566731
2019-11-04,79.78936767578125,3048610
2019-11-05,80.47247314453125,2507745
2019-11-06,80.4576187133789,2732276
2019-11-07,84.39288330078125,4914271
2019-11-08,84.49684143066406,3061218
2019-11-11,83.56128692626953,2548216
2019-11-12,85.0017318725586,2177806
2019-11-13,85.07598876953125,1785219
2019-11-14,85.20964050292969,1819047
2019-11-15,85.38783264160156,2517224
2019-11-18,84.94234466552734,1548131
2019-11-19,84.97203826904297,1953877
2019-11-20,85.25418090820312,1927675
2019-11-21,85.26904296875,2346802
2019-11-22,85.2244873046875,2362701
2019-11-25,86.44219207763672,2128124
2019-11-26,87.39259338378906,3995103
2019-11-27,87.25894927978516,1848254
2019-11-28,87.12529754638672,1027711
2019-11-29,86.96195220947266,1864455
2019-12-02,86.27885437011719,3589086
2019-12-03,86.81343841552734,2288403
2019-12-04,87.57079315185547,2305517
2019-12-05,86.23429107666016,2416672
2019-12-06,86.7243423461914,1886501
2019-12-09,86.14520263671875,1411639
2019-12-10,85.65514373779297,2265874
2019-12-11,87.0213394165039,2340494
2019-12-12,87.5262451171875,2334757
2019-12-13,87.45199584960938,3107246
2019-12-16,89.02610778808594,2409745
2019-12-17,87.79354858398438,2458502
2019-12-18,86.78374481201172,2241899
2019-12-19,87.19954681396484,2521883
2019-12-20,87.71929931640625,6143014
2019-12-23,87.25894927978516,1415210
2019-12-27,87.79354858398438,1216387
2019-12-30,86.53130340576172,906002
2020-01-02,88.09054565429688,1891185
2020-01-03,86.39764404296875,2258980
2020-01-06,85.99669647216797,1875474
2020-01-07,86.546142578125,2500531
2020-01-08,86.90254211425781,2017445
2020-01-09,87.912353515625,1925148
2020-01-10,86.1303482055664,2282447
2020-01-13,85.95213317871094,2164232
2020-01-14,86.42733764648438,1798018
2020-01-15,85.93728637695312,1513858
2020-01-16,86.17489624023438,1770670
2020-01-17,86.94709777832031,2691331
2020-01-20,86.73918914794922,1165114
2020-01-21,87.0213394165039,1379995
2020-01-22,86.14520263671875,1897278
2020-01-23,85.83333587646484,1850273
2020-01-24,87.55594635009766,2490364
2020-01-27,85.25418090820312,2990899
2020-01-28,85.65514373779297,2042223
2020-01-29,86.36795043945312,1774195
2020-01-30,84.4522933959961,2262370
2020-01-31,82.89303588867188,3002914
2020-02-03,82.5811767578125,2642144
2020-02-04,83.88798522949219,2589069
2020-02-05,84.43744659423828,4317314
2020-02-06,83.88656616210938,3560251
2020-02-07,83.59326171875,2733345
2020-02-10,83.59326171875,1739582
2020-02-11,84.47319793701172,2743204
2020-02-12,84.58124542236328,1784931
2020-02-13,82.71333312988281,2922198
2020-02-14,82.32740783691406,1998648
2020-02-17,83.26907348632812,1392102
2020-02-18,82.46632385253906,1714581
2020-02-19,82.4972152709961,1676507
2020-02-20,82.00321960449219,1729841
2020-02-21,81.30853271484375,2891179
2020-02-24,77.88143920898438,4268376
2020-02-25,76.61558532714844,3761172
2020-02-26,76.02896118164062,5761415
2020-02-27,74.63959503173828,6076933
2020-02-28,71.93805694580078,9857623
2020-03-02,70.73394012451172,6949694
2020-03-03,71.00410461425781,5803331
2020-03-04,70.98094940185547,4411473
2020-03-05,69.52983093261719,4642410
2020-03-06,67.27597045898438,6328163
2020-03-09,62.127620697021484,10740385
2020-03-10,61.73396682739258,9524718
2020-03-11,61.525569915771484,7632725
2020-03-12,53.714263916015625,13475422
2020-03-13,53.714263916015625,11643903
2020-03-16,50.88151168823242,12226983
2020-03-17,52.21684265136719,8742786
2020-03-18,46.99129867553711,8766555
2020-03-19,46.99901580810547,6102553
2020-03-20,51.70741271972656,9674299
2020-03-23,52.41753387451172,6625998
2020-03-24,58.4766845703125,7649517
2020-03-25,59.00927734375,6274730
2020-03-26,59.22540283203125,5181190
2020-03-27,56.307743072509766,5194118
2020-03-30,58.09075164794922,3511642
2020-03-31,59.79658126831055,5633449
2020-04-01,57.13364028930664,4742017
2020-04-02,58.97068405151367,5578751
2020-04-03,58.91665267944336,3635787
2020-04-06,63.29314422607422,4426648
2020-04-07,65.2073745727539,5676250
2020-04-08,63.20051193237305,4299790
2020-04-09,62.783714294433594,4790520
2020-04-14,63.90291213989258,3012294
2020-04-15,60.63792037963867,4393158
2020-04-16,60.04357147216797,3750040
2020-04-17,62.14306640625,5050094
2020-04-20,62.4749641418457,3084394
2020-04-21,59.850616455078125,3996863
2020-04-22,60.985260009765625,3097003
2020-04-23,61.88062286376953,2988385
2020-04-24,60.5452995300293,3140125
2020-04-27,63.10017776489258,2986222
2020-04-28,65.51612091064453,4841475
2020-04-29,67.81629180908203,3826607
2020-04-30,65.36174774169922,5075612
2020-05-04,62.36690902709961,4191461
2020-05-05,64.45094299316406,3006825
2020-05-06,63.655921936035156,2208883
2020-05-07,65.0761489868164,2866749
2020-05-08,68.1790771484375,5058187
2020-05-11,68.02469635009766,3054212
2020-05-12,67.81629180908203,2542741
2020-05-13,66.45780181884766,3093092
2020-05-14,64.9526596069336,3594252
2020-05-15,66.4886703491211,3481963
2020-05-18,70.5255355834961,4371769
2020-05-19,71.66019439697266,4382536
2020-05-20,72.81027221679688,2619015
2020-05-21,72.3162841796875,1705791
2020-05-22,72.24681091308594,1961577
2020-05-25,74.08384704589844,1667505
2020-05-26,75.9517822265625,3029460
2020-05-27,76.39945983886719,2897184
2020-05-28,76.48436737060547,2756926
2020-05-29,76.05211639404297,4172059
2020-06-02,78.74593353271484,3777888
2020-06-03,81.0306625366211,3762959
2020-06-04,80.76822662353516,3746143
2020-06-05,83.77851104736328,4336595
2020-06-08,83.4543228149414,2595856
2020-06-09,82.54351806640625,3167800
2020-06-10,81.30853271484375,2747212
2020-06-11,76.49980163574219,4588899
2020-06-12,76.07526397705078,3438011
2020-06-15,75.21849060058594,2549338
2020-06-16,78.2210693359375,4182503
2020-06-17,79.02379608154297,2628852
2020-06-18,79.23992156982422,2717170
2020-06-19,80.13529205322266,7364472
2020-06-22,79.19361114501953,2060543
2020-06-23,80.27422332763672,2302661
2020-06-24,78.15930938720703,1623987
2020-06-25,78.8231201171875,1956973
2020-06-26,78.60698699951172,1802675
2020-06-29,80.04267120361328,2296350
2020-06-30,80.86084747314453,1979325
2020-07-01,80.27422332763672,1565812
2020-07-02,82.25021362304688,2115100
2020-07-03,81.84883880615234,1005248
2020-07-06,83.31538391113281,1601229
2020-07-07,83.4543228149414,1242921
2020-07-08,81.66358947753906,1933333
2020-07-09,81.60185241699219,1780768
2020-07-10,83.36170196533203,1993401
2020-07-13,84.28792572021484,1588754
2020-07-14,84.7665023803711,1965870
2020-07-15,86.44916534423828,2596123
2020-07-16,86.64986419677734,1950904
2020-07-17,86.5572280883789,2129654
2020-07-20,87.96202850341797,1617054
2020-07-21,89.18157958984375,2899641
2020-07-22,88.7647705078125,1736806
2020-07-23,88.68758392333984,1590101
2020-07-24,87.05122375488281,1441638
2020-07-27,87.45259857177734,1150889
2020-07-28,88.0237808227539,1188596
2020-07-29,88.42515563964844,1517156
2020-07-30,84.78192901611328,2772811
2020-07-31,83.60869598388672,2272527
2020-08-03,86.44916534423828,2031742
2020-08-04,85.33767700195312,1750295
2020-08-05,86.4954833984375,1585424
2020-08-06,87.90028381347656,3184326
2020-08-07,89.49031829833984,2135746
2020-08-10,89.33595275878906,1357205
2020-08-11,90.64813232421875,2139188
2020-08-12,91.37368774414062,1617544
2020-08-13,90.64813232421875,1456391
2020-08-14,89.70645141601562,1182140
2020-08-17,89.86083221435547,1115913
2020-08-18,90.04608154296875,1340550
2020-08-19,91.0958251953125,1051550
2020-08-20,89.81451416015625,1180130
2020-08-21,89.49031829833984,1805704
2020-08-24,92.06836700439453,1788462
2020-08-25,91.5743637084961,1514309
2020-08-26,92.70130157470703,1212947
2020-08-27,92.00660705566406,1432421
2020-08-28,91.25018310546875,1767878
2020-08-31,89.27420806884766,2171010
2020-09-01,90.20045471191406,1841859
2020-09-02,91.94486999511719,2442330
2020-09-03,90.18501281738281,2508073
2020-09-04,89.3050765991211,2272133
2020-09-07,90.50920104980469,1164362
2020-09-08,89.1043930053711,1974357
2020-09-09,91.18844604492188,1582639
2020-09-10,90.78707885742188,1514690
2020-09-11,90.43201446533203,1535221
2020-09-14,90.18501281738281,1303755
2020-09-15,90.23131561279297,1939759
2020-09-16,91.6052474975586,1786692
2020-09-17,91.88311767578125,1630107
2020-09-18,90.80250549316406,6219007
2020-09-21,86.57267761230469,3664916
2020-09-22,87.2364730834961,2373557
2020-09-23,86.71160125732422,1973003
2020-09-24,87.60696411132812,2274517
2020-09-25,86.2021713256836,3059301
2020-09-28,94.1523666381836,5926041
2020-09-29,93.02213287353516,1992445
2020-09-30,92.37138366699219,1864002
2020-10-01,91.32677459716797,1610917
2020-10-02,90.65889739990234,1568290
2020-10-05,91.89189147949219,1264709
2020-10-06,93.26187133789062,1436010
2020-10-07,93.53588104248047,1516412
2020-10-08,94.9058609008789,1727902
2020-10-09,95.52235412597656,1466245
2020-10-12,96.27586364746094,1258860
2020-10-13,95.24835205078125,1315754
2020-10-14,96.24160766601562,977599
2020-10-15,93.62149810791016,2003757
2020-10-16,95.00861358642578,1741530
2020-10-19,94.58049011230469,1041721
2020-10-20,94.82023620605469,1305059
2020-10-21,93.05638885498047,1419356
2020-10-22,93.34748840332031,1671311
2020-10-23,93.89550018310547,1172258
2020-10-26,92.0631332397461,1680455
2020-10-27,91.2069091796875,2029173
2020-10-28,85.7098159790039,3466579
2020-10-29,86.17219543457031,2584169
2020-10-30,86.22356414794922,1876105
2020-11-02,88.5354232788086,1512346
2020-11-03,91.00139617919922,1834515
2020-11-04,92.01176452636719,2496522
2020-11-05,94.25511932373047,2068549
2020-11-06,93.02213287353516,1919822
2020-11-09,99.73507690429688,5067031
2020-11-10,101.3790512084961,3116139
2020-11-11,100.62556457519531,1996993
2020-11-12,97.37184143066406,2705730
2020-11-13,96.78959655761719,2357957
2020-11-16,96.1559829711914,2001236
2020-11-17,95.55661010742188,1488801
2020-11-18,95.14561462402344,1474471
2020-11-19,94.01537322998047,1947597
2020-11-20,93.82699584960938,2058118
2020-11-23,95.62510681152344,1612584
2020-11-24,96.22447967529297,1757078
2020-11-25,96.20735168457031,1833896
2020-11-26,95.35111236572266,1014847
2020-11-27,96.48135375976562,1791715
2020-11-30,95.89910125732422,3256693
2020-12-01,96.70397186279297,1625653
2020-12-02,96.68684387207031,1485634
2020-12-03,95.83060455322266,1260431
2020-12-04,97.01222229003906,1553655
2020-12-07,96.25872039794922,1219677
2020-12-08,97.9540786743164,1392978
2020-12-09,97.52597045898438,1632374
2020-12-10,97.20059204101562,1272752
2020-12-11,96.48135375976562,1658102
2020-12-14,96.49847412109375,1940592
2020-12-15,98.19383239746094,1459377
2020-12-16,99.03295135498047,1847903
2020-12-17,99.83780670166016,2012092
2020-12-18,100.88243865966797,6241979
2020-12-21,97.32046508789062,2922669
2020-12-22,97.9027099609375,1390621
2020-12-23,100.18031311035156,1149343
2020-12-28,102.14967346191406,1067229
2020-12-29,100.52281188964844,902680
2020-12-30,100.62556457519531,796354
2021-01-04,100.71118927001953,1257386
2021-01-05,100.50568389892578,1355886
2021-01-06,104.35877227783203,2048105
2021-01-07,106.4308853149414,2215688
2021-01-08,106.17401123046875,1823416
2021-01-11,106.1568832397461,1565979
2021-01-12,106.208251953125,1567127
2021-01-13,105.16363525390625,1583183
2021-01-14,104.75264739990234,1682173
2021-01-15,102.56067657470703,2425856
2021-01-18,102.6120376586914,1099972
2021-01-19,103.79366302490234,1209636
2021-01-20,104.76976776123047,1531142
2021-01-21,106.00275421142578,1453490
2021-01-22,113.70893859863281,4955875
2021-01-25,109.90721893310547,2658503
2021-01-26,111.87657165527344,1900490
2021-01-27,110.746337890625,2530253
2021-01-28,111.07171630859375,2244105
2021-01-29,109.54759216308594,2807827
2021-02-01,111.7738265991211,1733656
2021-02-02,114.37680053710938,2161274
2021-02-03,116.44891357421875,2362713
2021-02-04,119.66552734375,2310690
2021-02-05,117.15199279785156,2231960
2021-02-08,116.37860870361328,1496347
2021-02-09,115.28881072998047,1163784
2021-02-10,117.23988342285156,2145914
2021-02-11,116.25556945800781,1323749
2021-02-12,117.78478240966797,1432898
2021-02-15,115.93917846679688,1354930
2021-02-16,114.56815338134766,1404920
2021-02-17,114.93727111816406,1528344
2021-02-18,113.86506652832031,1485809
2021-02-19,116.43132781982422,1588249
2021-02-22,115.57006072998047,1179763
2021-02-23,113.91780090332031,1597328
2021-02-24,115.06031799316406,1358197
2021-02-25,114.40995025634766,1096126
2021-02-26,112.4764633178711,2204650
2021-03-01,115.02516174316406,1395711
2021-03-02,114.14630889892578,1043159
2021-03-03,116.99380493164062,2005222
2021-03-04,115.57006072998047,1610789
2021-03-05,113.47836303710938,1673336
2021-03-08,118.2242202758789,2075605
2021-03-09,118.73395538330078,2036245
2021-03-10,118.96245574951172,1264510
2021-03-11,120.14012145996094,1344366
2021-03-12,118.98003387451172,1192564
2021-03-15,118.47029876708984,1094652
2021-03-16,119.01518249511719,1196364
2021-03-17,119.5073471069336,1750611
2021-03-18,123.90164184570312,3033584
2021-03-19,121.07170104980469,5082220
2021-03-22,119.3139877319336,1455590
2021-03-23,119.5073471069336,1138599
2021-03-24,119.13822937011719,1287803
2021-03-25,119.05034637451172,1094737
2021-03-26,120.73775482177734,1068697
2021-03-29,121.14202880859375,880061
2021-03-30,123.98953247070312,1522089
2021-03-31,123.04035949707031,1798425
2021-04-01,123.74344635009766,1483387
2021-04-06,124.13015747070312,1229809
2021-04-07,123.07550048828125,1035626
2021-04-08,123.42705535888672,1254714
2021-04-09,123.39189910888672,1385885
2021-04-12,122.40758514404297,984012
2021-04-13,122.5130386352539,1260062
2021-04-14,121.95057678222656,1080164
2021-04-15,123.04035949707031,1455715
2021-04-16,128.2783966064453,2904105
2021-04-19,126.38005065917969,1460420
2021-04-20,123.28644561767578,1428595
2021-04-21,124.09500122070312,1327383
2021-04-22,125.2023696899414,1053731
2021-04-23,125.62420654296875,1312494
2021-04-26,125.21993255615234,758474
2021-04-27,124.9386978149414,826484
2021-04-28,124.23561096191406,1248098
2021-04-29,122.5130386352539,1031409
2021-04-30,122.00331115722656,1263687
2021-05-03,123.77861022949219,837023
2021-05-04,119.61280822753906,1709902
2021-05-05,123.04035949707031,1134754
2021-05-06,123.16338348388672,1263904
2021-05-07,126.80188751220703,1820935
2021-05-10,126.38005065917969,1266674
2021-05-11,122.81185913085938,1587279
2021-05-12,122.39000701904297,1096942
2021-05-13,123.32160186767578,992127
2021-05-14,126.97765350341797,1309950
2021-05-17,124.288330078125,1287079
2021-05-18,122.17908477783203,1454977
2021-05-19,117.4859619140625,2177508
2021-05-20,118.52301788330078,1505512
2021-05-21,119.40189361572266,1606481
2021-05-25,118.98003387451172,1447134
2021-05-26,118.38240814208984,1207961
2021-05-27,114.26934814453125,8044888
2021-05-28,118.55815887451172,1859774
2021-05-31,116.57194519042969,832411
2021-06-01,118.68120574951172,1274211
2021-06-02,119.85888671875,1173747
2021-06-03,119.3139877319336,941862
2021-06-04,119.5249252319336,930921
2021-06-07,119.56006622314453,983397
2021-06-08,119.47219848632812,1108397
2021-06-09,119.5249252319336,1174869
2021-06-10,118.73395538330078,1029357
2021-06-11,120.15770721435547,1035025
2021-06-14,119.2964096069336,935042
2021-06-15,121.8099594116211,1300113
2021-06-16,120.21043395996094,1381080
2021-06-17,120.75531768798828,1428128
2021-06-18,117.50354766845703,3093145
2021-06-21,119.96434783935547,1243844
2021-06-22,120.14012145996094,862509
2021-06-23,120.2807388305664,1357266
2021-06-24,118.85699462890625,2441481
2021-06-25,120.33346557617188,1286292
2021-06-28,117.94297790527344,1164753
2021-06-29,118.29452514648438,1254595
2021-06-30,117.43323516845703,1636719
2021-07-01,117.89025115966797,1157790
2021-07-02,117.64417266845703,946291
2021-07-05,117.50354766845703,588551
2021-07-06,116.20282745361328,1359616
2021-07-07,117.74961853027344,1059013
2021-07-08,115.14820098876953,2073649
2021-07-09,116.74771881103516,1253215
2021-07-12,117.3629379272461,931422
2021-07-13,118.38240814208984,1090004
2021-07-14,117.3804931640625,696102
2021-07-15,114.46269226074219,1322169
2021-07-16,113.72444152832031,1500052
2021-07-19,110.806640625,2075326
2021-07-20,111.65034484863281,1235949
2021-07-21,114.51542663574219,1312139
2021-07-22,117.76719665527344,1486985
2021-07-23,118.25936889648438,1103431
2021-07-26,118.13632202148438,697210
2021-07-27,117.0816879272461,1011298
2021-07-28,117.09927368164062,965513
2021-07-29,117.0465316772461,843548
2021-07-30,115.64037322998047,1549953
2021-08-02,118.73395538330078,1393762
2021-08-03,118.52301788330078,831225
2021-08-04,121.10686492919922,1448707
2021-08-05,124.25318908691406,1733228
2021-08-06,123.30401611328125,1132432
2021-08-09,121.82752990722656,695242
2021-08-10,122.33727264404297,637083
2021-08-11,124.49927520751953,780929
2021-08-12,125.32540130615234,1173231
2021-08-13,124.90355682373047,893991
2021-08-16,124.552001953125,865149
2021-08-17,125.32540130615234,795439
2021-08-18,125.29023742675781,872901
2021-08-19,121.89784240722656,1235186
2021-08-20,121.79238891601562,1115231
2021-08-23,122.6712417602539,717459
2021-08-24,123.16338348388672,743225
2021-08-25,122.10875701904297,658822
2021-08-26,122.21422576904297,900518
2021-08-27,123.63798522949219,810178
2021-08-30,124.288330078125,576943
2021-08-31,123.77861022949219,1935027
2021-09-01,122.37242889404297,1185320
2021-09-02,124.552001953125,949822
2021-09-03,125.30781555175781,1440430
2021-09-06,129.0166015625,1250348
2021-09-07,128.3838348388672,1212642
2021-09-08,123.88407135009766,2089428
2021-09-09,125.97574615478516,1421489
2021-09-10,128.3838348388672,1334073
2021-09-13,128.78810119628906,1372412
2021-09-14,129.93063354492188,1526494
2021-09-15,128.9462890625,1303028
2021-09-16,131.63560485839844,1802623
2021-09-17,131.40711975097656,5281924
2021-09-20,124.78050231933594,2219702
2021-09-21,128.33108520507812,1434648
2021-09-22,131.47743225097656,1318859
2021-09-23,132.0574493408203,1262254
2021-09-24,130.03607177734375,1098121
2021-09-27,129.43846130371094,843673
2021-09-28,125.79998779296875,1480411
2021-09-29,126.04605865478516,1093244
2021-09-30,124.72776794433594,1614024
2021-10-01,121.01898193359375,2008389
2021-10-04,119.40189361572266,1157468
2021-10-05,121.15959930419922,1096523
2021-10-06,118.80425262451172,1433257
2021-10-07,121.07170104980469,1332132
2021-10-08,120.98382568359375,989993
2021-10-11,119.85888671875,1120693
2021-10-12,119.64796447753906,899223
2021-10-13,120.29832458496094,951485
2021-10-14,123.97195434570312,1147512
2021-10-15,124.1477279663086,1515476
2021-10-18,122.91732788085938,885917
2021-10-19,123.60282897949219,836644
2021-10-20,124.88597869873047,1024016
2021-10-21,121.79238891601562,1319336
2021-10-22,122.65367126464844,1290616
2021-10-25,122.17908477783203,944151
2021-10-26,124.23561096191406,924302
2021-10-27,123.65557098388672,1009471
2021-10-28,122.89974975585938,1042999
2021-10-29,123.28644561767578,1787891
2021-11-01,123.69072723388672,790979
2021-11-02,127.43465423583984,1442843
2021-11-03,126.7139892578125,1036270
2021-11-04,128.26077270507812,1185878
2021-11-05,127.94441986083984,1347564
2021-11-08,128.4541473388672,991558
2021-11-09,128.0498504638672,954116
2021-11-10,129.1572265625,936384
2021-11-11,132.8484344482422,2613160
2021-11-12,130.42276000976562,1992870
2021-11-15,131.88168334960938,1347215
2021-11-16,134.9928436279297,1346353
2021-11-17,135.99476623535156,1388998
2021-11-18,136.0826416015625,1192685
2021-11-19,136.39903259277344,2542424
2021-11-22,137.03179931640625,1145768
2021-11-23,134.76434326171875,1273420
2021-11-24,133.533935546875,1199998
2021-11-25,134.9752655029297,799414
2021-11-26,127.64559173583984,2713204
2021-11-29,127.0479507446289,1624422
2021-11-30,124.16529846191406,4683666
2021-12-01,130.08883666992188,1553916
2021-12-02,129.8954620361328,1741274
2021-12-03,128.78810119628906,1780441
2021-12-06,131.2489013671875,1343273
2021-12-07,131.2489013671875,0
2021-12-08,133.23513793945312,1229100
2021-12-09,132.7253875732422,800581
2021-12-10,132.7429656982422,955827
2021-12-13,132.32110595703125,1162994
2021-12-14,129.47360229492188,1105963
2021-12-15,130.5634002685547,886773
2021-12-16,131.82896423339844,1580290
2021-12-17,129.98333740234375,2836145
2021-12-20,127.15342712402344,1436804
2021-12-21,128.82327270507812,795532
2021-12-22,129.75485229492188,612214
2021-12-23,132.02230834960938,795339
2021-12-27,132.53204345703125,482423
2021-12-28,134.3073272705078,581094
2021-12-29,133.39334106445312,687999
2021-12-30,134.18429565429688,881579
2022-01-03,135.09832763671875,1046860
2022-01-04,136.59237670898438,1007543
2022-01-05,138.82469177246094,1177455
2022-01-06,135.4850311279297,1326484
2022-01-07,133.727294921875,1215325
2022-01-10,129.9657745361328,1305887
2022-01-11,132.09262084960938,1286177
2022-01-12,133.78004455566406,1008710
2022-01-13,133.14724731445312,1252962
2022-01-14,128.1904754638672,1778749
2022-01-17,128.3135223388672,1229918
2022-01-18,125.32540130615234,1669909
2022-01-19,126.85460662841797,1395792
2022-01-20,129.1044921875,1225529
2022-01-21,127.0128173828125,2280108
2022-01-24,120.79047393798828,2251036
2022-01-25,121.73963928222656,2152028
2022-01-26,124.13015747070312,1638047
2022-01-27,123.47978973388672,1765461
2022-01-28,121.58145904541016,1796990
2022-01-31,122.93490600585938,2021418
2022-02-01,123.86650085449219,1438399
2022-02-02,123.49736785888672,1235051
2022-02-03,120.24559020996094,2365611
2022-02-04,116.74771881103516,2608518
2022-02-07,119.17338562011719,1461680
2022-02-08,120.05223846435547,1494552
2022-02-09,121.42326354980469,1644081
2022-02-10,127.15342712402344,3748849
2022-02-11,127.84034729003906,2551379
2022-02-14,126.08687591552734,2760118
2022-02-15,129.6118927001953,2214381
2022-02-16,128.83456420898438,1637099
2022-02-17,126.08687591552734,1826865
2022-02-18,123.230712890625,2053589
2022-02-21,120.7361068725586,1875255
2022-02-22,119.34416961669922,2664909
2022-02-23,118.8922348022461,1739253
2022-02-24,112.23992156982422,5173306
2022-02-25,117.24724578857422,3418900
2022-02-28,114.4814682006836,2992904
2022-03-01,108.87760162353516,3010657
2022-03-02,111.89645385742188,2987823
2022-03-03,109.92607116699219,1956787
2022-03-04,102.33374786376953,3624203
2022-03-07,102.83989715576172,4550094
2022-03-08,104.39451599121094,3811520
2022-03-09,115.43954467773438,4704208
2022-03-10,111.24568939208984,2759502
2022-03-11,115.0418472290039,3258566
2022-03-14,116.7410888671875,2310944
2022-03-15,116.01801300048828,2142367
2022-03-16,123.14033508300781,3115941
2022-03-17,121.60377502441406,1998509
2022-03-18,122.9595718383789,4267580
2022-03-21,120.2841796875,1705760
2022-03-22,120.39263153076172,1626654
2022-03-23,118.40416717529297,1620694
2022-03-24,117.60877227783203,1723026
2022-03-25,116.03608703613281,1379779
2022-03-28,116.77723693847656,1708571
2022-03-29,121.53148651123047,1730002
2022-03-30,117.51840209960938,1594768
2022-03-31,113.57762145996094,2432448
2022-04-01,114.51761627197266,1442314
2022-04-04,113.63185119628906,1484671
2022-04-05,110.26953125,1884275
2022-04-06,106.65413665771484,2246397
2022-04-07,104.81029510498047,2195972
2022-04-08,106.74451446533203,1593694
2022-04-11,105.02720642089844,1590609
2022-04-12,105.42489624023438,1916039
2022-04-13,105.09951782226562,1560221
2022-04-14,105.75028991699219,1954861
2022-04-19,105.85874938964844,1296302
2022-04-20,108.24490356445312,1666290
2022-04-21,108.24490356445312,0
2022-04-22,106.87106323242188,1660535
2022-04-25,104.82836151123047,1730463
2022-04-26,102.15296936035156,2018371
2022-04-27,102.15296936035156,0
2022-04-28,105.0814437866211,1693228
2022-04-29,106.45528411865234,1759425
2022-05-02,104.0510482788086,1628285
2022-05-03,103.54489135742188,1947417
2022-05-04,104.64759063720703,1533708
2022-05-05,105.37067413330078,1760697
2022-05-06,105.37067413330078,0
2022-05-09,100.95988464355469,1493160
2022-05-10,103.68950653076172,1684129
2022-05-11,105.56951904296875,2070082
2022-05-12,102.94835662841797,3124220
2022-05-13,102.94835662841797,0
2022-05-16,102.67720794677734,1660354
2022-05-17,105.2983627319336,1146696
2022-05-18,102.69528198242188,1429390
2022-05-19,101.64681243896484,1616561
2022-05-20,104.01490020751953,2287389
2022-05-23,105.47913360595703,1164106
2022-05-24,103.21951293945312,1276077
2022-05-25,103.21951293945312,0
2022-05-26,107.12413787841797,1464625
2022-05-27,107.12413787841797,0
2022-05-30,107.12413787841797,0
2022-05-31,110.66722106933594,2383027
2022-06-01,110.79376220703125,1501084
2022-06-02,110.79376220703125,0
2022-06-03,112.09529876708984,815594
2022-06-06,113.74030303955078,883888
2022-06-07,112.98107147216797,1088317
2022-06-08,112.22184753417969,1011625
2022-06-09,109.98030090332031,1409253
2022-06-10,104.03296661376953,2280235
2022-06-13,100.8695068359375,2006670
2022-06-14,98.71834564208984,1853503
2022-06-15,98.50141906738281,2012761
2022-06-16,92.4637222290039,2583866
2022-06-17,93.65680694580078,5348934
2022-06-20,93.58448791503906,1426148
2022-06-21,93.22293853759766,1530655
2022-06-22,91.77679443359375,1714545
2022-06-23,89.71601867675781,1883852
2022-06-24,92.7529525756836,1889141
2022-06-27,94.12679290771484,1508998
2022-06-28,94.12679290771484,1528030
2022-06-29,91.6502456665039,1657919
2022-06-30,87.7546615600586,3579211
2022-07-01,86.76946258544922,2296851
2022-07-04,87.9625473022461,1339281
2022-07-05,84.72676849365234,2400524
2022-07-06,86.81466674804688,1679657
2022-07-07,88.31504821777344,1461394
2022-07-08,90.24024200439453,1739031
2022-07-11,87.49254608154297,1562526
2022-07-12,87.49254608154297,0
2022-07-13,86.868896484375,1723324
2022-07-14,86.64292907714844,1958580
2022-07-15,90.4752426147461,2190983
2022-07-18,91.469482421875,1618170
2022-07-19,95.60910034179688,2222614
2022-07-20,96.58525848388672,1891704
2022-07-21,96.83834075927734,1384930
2022-07-22,95.2837142944336,1569133
2022-07-25,94.36178588867188,1279381
2022-07-26,92.95178985595703,1293851
2022-07-27,94.47025299072266,1095432
2022-07-28,95.89833068847656,1138536
2022-07-29,98.1037368774414,1524533
2022-08-01,96.72986602783203,1111550
2022-08-02,96.16949462890625,1223930
2022-08-03,97.19988250732422,1238404
2022-08-04,98.75450134277344,961643
2022-08-05,98.19412231445312,1181279
2022-08-08,98.88103485107422,891536
2022-08-09,96.2779541015625,1514535
2022-08-10,98.68218994140625,1448253
2022-08-11,99.35103607177734,2125667
2022-08-12,101.08642578125,1779207
2022-08-15,101.41181945800781,1090284
2022-08-16,101.2671890258789,1079902
2022-08-17,98.19412231445312,1352544
2022-08-18,99.65835571289062,1200216
2022-08-19,97.79641723632812,1870517
2022-08-22,93.72908782958984,1931875
2022-08-23,93.27717590332031,1201366
2022-08-24,94.7775650024414,1125416
2022-08-25,95.15718078613281,1003647
2022-08-26,93.00602722167969,1456141
2022-08-29,93.00602722167969,0
2022-08-30,93.76524353027344,1288156
2022-08-31,91.36101531982422,1921406
2022-09-01,90.0414047241211,1604606
2022-09-02,94.79564666748047,1928133
2022-09-05,92.24678039550781,1580919
2022-09-06,93.56640625,1457187
2022-09-07,94.41602325439453,1590396
2022-09-08,93.20487213134766,1676613
2022-09-09,94.90409851074219,1394785
2022-09-12,97.23603820800781,1342034
2022-09-13,94.50640869140625,1427780
2022-09-14,92.84332275390625,1553703
2022-09-15,92.21062469482422,1518734
2022-09-16,90.51139831542969,3818323
2022-09-19,91.28870391845703,1239974
2022-09-20,89.81544494628906,1725993
2022-09-21,91.19832611083984,1576010
2022-09-22,89.53523254394531,1556066
2022-09-23,89.1465835571289,1935233
2022-09-26,88.80311584472656,1367774
2022-09-27,88.5048599243164,1437391
2022-09-28,89.89678192138672,2055877
2022-09-29,88.81217193603516,1854808
2022-09-30,91.469482421875,2017869
2022-10-03,91.2164077758789,1410361
2022-10-04,96.09718322753906,1873322
2022-10-05,94.21717834472656,1342958
2022-10-06,95.0306396484375,1384661
2022-10-07,92.78909301757812,1553165
2022-10-10,93.89179229736328,1366474
2022-10-11,93.18678283691406,1465510
2022-10-12,92.59024810791016,1424724
2022-10-13,95.12103271484375,2395055
2022-10-14,94.1448745727539,1819480
2022-10-17,96.72986602783203,1102005
2022-10-18,97.9048843383789,1516608
2022-10-19,97.59757995605469,1059909
2022-10-20,97.5252685546875,1160256
2022-10-21,96.56718444824219,1798159
2022-10-24,99.27873229980469,1351186
2022-10-25,100.54412078857422,1279041
2022-10-26,101.55643463134766,1126686
2022-10-27,101.41181945800781,1371811
2022-10-28,100.72488403320312,1205247
2022-10-31,100.00181579589844,973961
2022-11-01,101.50221252441406,1192887
2022-11-02,99.71257781982422,1345903
2022-11-03,97.7060317993164,1198964
2022-11-04,102.1710433959961,1564941
2022-11-07,103.54489135742188,1213440
2022-11-08,105.33451843261719,949522
2022-11-09,104.62950897216797,1142640
2022-11-10,109.09452819824219,2572164
2022-11-11,110.81184387207031,1821428
2022-11-14,111.04683685302734,1596701
2022-11-15,111.28184509277344,1800227
2022-11-16,109.4741439819336,1633670
2022-11-17,117.1207046508789,3820919
2022-11-18,119.75994110107422,3343699
2022-11-21,116.6868667602539,1709757
2022-11-22,118.11492919921875,1296715
2022-11-23,118.11492919921875,1193916
2022-11-24,118.3680191040039,635109
2022-11-25,119.36224365234375,1222111
2022-11-28,118.8922348022461,1611157
2022-11-29,120.2841796875,1366675
2022-11-30,118.60301208496094,2568502
2022-12-01,120.80840301513672,1388906
2022-12-02,121.7484130859375,1488241
2022-12-05,122.41725158691406,1233170
2022-12-06,120.89878845214844,1340594
2022-12-07,120.12147521972656,1434717
2022-12-08,119.30801391601562,1089630
2022-12-09,120.60957336425781,1274430
2022-12-12,121.3868637084961,1376947
2022-12-13,121.89302062988281,1890766
2022-12-14,120.22994995117188,1605669
2022-12-15,115.25877380371094,2567796
2022-12-16,114.861083984375,3466192
2022-12-19,115.71070098876953,1108827
2022-12-20,115.49376678466797,1063824
2022-12-21,117.40992736816406,863572
2022-12-22,116.19877624511719,834797
2022-12-23,116.18069458007812,569670
2022-12-27,117.06647491455078,406724
2022-12-28,116.0722427368164,544622
2022-12-29,117.89801788330078,637451
2022-12-30,117.1749267578125,579335
2023-01-02,117.33763122558594,837714
2023-01-03,118.34993743896484,1426478
2023-01-04,122.27263641357422,1523962
2023-01-05,121.87493896484375,1056652
2023-01-06,123.0499496459961,1263457
2023-01-09,125.03842163085938,1323198
2023-01-10,124.85765075683594,843410
2023-01-11,126.68342590332031,1164125
2023-01-12,128.40072631835938,1128810
2023-01-13,128.74420166015625,1278327
2023-01-16,128.6357421875,796311
2023-01-17,131.05804443359375,1381539
2023-01-18,131.02191162109375,1082084
2023-01-19,127.08112335205078,1714825
2023-01-20,128.23805236816406,1284462
2023-01-23,130.08189392089844,839297
2023-01-24,129.52151489257812,829307
2023-01-25,129.08766174316406,661439
2023-01-26,130.20843505859375,913761
2023-01-27,130.20843505859375,0
2023-01-30,129.4853515625,893622
2023-01-31,129.1599578857422,1150999
2023-02-01,129.2503662109375,1073862
2023-02-02,129.90110778808594,1712687
2023-02-03,131.07614135742188,1303133
2023-02-06,129.21420288085938,1032436
2023-02-07,127.31611633300781,1489430
2023-02-08,126.593017578125,1177517
2023-02-09,135.0530548095703,4102016
2023-02-10,135.58334350585938,2134958
2023-02-13,135.9740753173828,780987
2023-02-14,134.9135284423828,1132545
2023-02-15,138.15098571777344,1515198
2023-02-16,137.10903930664062,1007953
2023-02-17,135.3042449951172,1456118
2023-02-20,134.57861328125,594858
2023-02-21,133.7227325439453,921292
2023-02-22,134.28091430664062,957683
2023-02-23,135.80661010742188,933421
2023-02-24,131.6016082763672,3946863
2023-02-27,133.77853393554688,954536
2023-02-28,134.6157989501953,1546800
2023-03-01,135.21121215820312,1160724
2023-03-02,134.39254760742188,987149
2023-03-03,136.8299560546875,1076253
2023-03-06,137.23928833007812,751355
2023-03-07,137.70445251464844,1058064
2023-03-08,139.37901306152344,1720525
2023-03-09,140.62562561035156,1365518
2023-03-10,137.22068786621094,1487332
2023-03-13,131.136474609375,2206899
2023-03-14,135.4344940185547,1593475
2023-03-15,128.47576904296875,2516705
2023-03-16,131.136474609375,2031435
2023-03-17,127.787353515625,4578830
2023-03-20,129.14559936523438,1450323
2023-03-21,132.82962036132812,1423746
2023-03-22,134.83909606933594,1232664
2023-03-23,135.06236267089844,1171187
2023-03-24,130.78294372558594,1650259
2023-03-27,131.78768920898438,1031831
2023-03-28,133.51805114746094,804037
2023-03-29,136.1043243408203,1221549
2023-03-30,138.1696014404297,1124328
2023-03-31,138.8580322265625,1537226
2023-04-03,137.92771911621094,874281
2023-04-04,137.27650451660156,919746
2023-04-05,133.90878295898438,1714312
2023-04-06,131.28529357910156,1654215
2023-04-11,133.35060119628906,1285336
2023-04-12,134.7274627685547,913835
2023-04-13,134.22508239746094,1011747
2023-04-14,135.9740753173828,1048371
2023-04-17,136.8113555908203,742557
2023-04-18,136.94158935546875,857946
2023-04-19,136.36480712890625,605944
2023-04-20,135.82522583007812,1021735
2023-04-21,135.4903106689453,1464688
2023-04-24,135.50892639160156,699541
2023-04-25,137.10903930664062,1039957
2023-04-26,135.5275115966797,1247063
2023-04-27,137.0904541015625,1172609
2023-04-28,138.5231170654297,1499857
2023-05-02,137.05323791503906,1235099
2023-05-03,139.06268310546875,1051465
2023-05-04,138.15098571777344,943242
2023-05-05,139.9929962158203,1044591
2023-05-08,139.37901306152344,626640
2023-05-09,140.14186096191406,906860
2023-05-10,138.76499938964844,1148237
2023-05-11,138.48590087890625,817712
2023-05-12,139.63949584960938,858985
2023-05-15,140.1232452392578,888362
2023-05-16,139.17434692382812,1227503
2023-05-17,142.7281036376953,2032231
2023-05-18,146.74705505371094,1197827
2023-05-19,148.64488220214844,2239570
2023-05-22,146.9145050048828,993807
2023-05-23,144.6073455810547,1300373
2023-05-24,141.64895629882812,1457352
2023-05-25,142.9327850341797,920997
2023-05-26,145.76092529296875,1024963
2023-05-29,145.12832641601562,390163
2023-05-30,145.74232482910156,1046604
2023-05-31,142.65370178222656,3126518
2023-06-01,145.76092529296875,940756
2023-06-02,148.1797332763672,1134390
2023-06-05,147.4727020263672,804600
2023-06-06,147.3238525390625,615452
2023-06-07,147.41688537597656,935681
2023-06-08,147.69595336914062,846630
2023-06-09,147.11917114257812,785891
2023-06-12,149.5751953125,1085983
2023-06-13,152.9987335205078,1735419
2023-06-14,152.88710021972656,1353507
2023-06-15,154.22674560546875,1356253
2023-06-16,152.36611938476562,7998455
2023-06-19,151.91958618164062,1031740
2023-06-20,150.2636260986328,1332909
2023-06-21,149.2030792236328,1022977
2023-06-22,149.33331298828125,953429
2023-06-23,146.04002380371094,2449388
2023-06-26,144.64454650878906,1312767
2023-06-27,146.57958984375,1065494
2023-06-28,142.076904296875,2094689
2023-06-29,140.08604431152344,2239915
2023-06-30,141.90943908691406,2318768
2023-07-03,138.41146850585938,1499077
2023-07-04,136.7555389404297,853741
2023-07-05,135.67636108398438,1156017
2023-07-06,132.30865478515625,1424185
2023-07-07,132.68077087402344,1251523
2023-07-10,134.31813049316406,1036665
2023-07-11,135.80661010742188,1130790
2023-07-12,138.8580322265625,1497509
2023-07-13,140.01161193847656,1335566
2023-07-14,140.10464477539062,1111371
2023-07-17,139.47203063964844,648203
2023-07-18,139.73251342773438,701015
2023-07-19,138.11378479003906,938058
2023-07-20,140.84889221191406,1135077
2023-07-21,141.0349578857422,1234554
2023-07-24,140.56979370117188,761189
2023-07-25,141.22100830078125,644680
2023-07-26,140.36512756347656,1045831
2023-07-27,144.8306121826172,1480774
2023-07-28,143.52818298339844,1377245
2023-07-31,144.1793975830078,1227683
2023-08-01,139.97439575195312,1978397
2023-08-02,137.5183868408203,1703933
2023-08-03,136.0670928955078,1060970
2023-08-04,138.46730041503906,990973
2023-08-07,138.03936767578125,699428
2023-08-08,135.5275115966797,1157200
2023-08-09,136.27175903320312,912151
2023-08-10,129.74099731445312,4133360
2023-08-11,127.8431625366211,1650124
2023-08-14,129.0525665283203,1189013
2023-08-15,128.0664520263672,1122321
2023-08-16,128.49436950683594,848423
2023-08-17,126.35466766357422,1082088
2023-08-18,125.03362274169922,1488881
2023-08-21,125.51738739013672,989605
2023-08-22,127.35939025878906,1097317
2023-08-23,127.45243072509766,942142
2023-08-24,126.1500015258789,1089743
2023-08-25,126.89424896240234,1010282
2023-08-28,128.38275146484375,858925
2023-08-29,130.3177947998047,1235851
2023-08-30,128.66183471679688,1257023
2023-08-31,129.201416015625,1660331
2023-09-01,127.91758728027344,1276350
2023-09-04,128.5129852294922,678173
2023-09-05,128.3455352783203,909669
2023-09-06,127.69429779052734,1001929
2023-09-07,126.9500732421875,1216437
2023-09-08,127.5640640258789,1465265
2023-09-11,127.43382263183594,1203026
2023-09-12,126.44769287109375,986014
2023-09-13,124.791748046875,1260274
2023-09-14,126.87565612792969,1573747
2023-09-15,128.47576904296875,5325642
2023-09-18,127.61986541748047,806069
2023-09-19,125.16385650634766,908349
2023-09-20,126.70816802978516,936370
2023-09-21,124.3637924194336,1457225
2023-09-22,123.9544677734375,1440069
2023-09-25,123.24742126464844,1186673
2023-09-26,120.86583709716797,1255382
2023-09-27,124.84756469726562,2046396
2023-09-28,126.13139343261719,1225583
2023-09-29,126.20582580566406,1569182
2023-10-02,125.07083892822266,1035118
2023-10-03,123.82422637939453,1119396
2023-10-04,124.23355102539062,1209107
2023-10-05,123.04275512695312,1130369
2023-10-06,125.27550506591797,0
2023-10-09,123.47071075439453,837448
2023-10-10,127.28498840332031,1324653
2023-10-11,128.60601806640625,1258359
2023-10-12,127.11752319335938,1010886
2023-10-13,124.177734375,1311077
2023-10-16,124.56846618652344,851512
2023-10-17,124.6242904663086,866079
2023-10-18,121.31238555908203,1772980
2023-10-19,120.81002044677734,997148
2023-10-20,118.26097106933594,2003253
2023-10-23,118.80055236816406,1238021
2023-10-24,118.55867004394531,1085431
2023-10-25,118.11212158203125,1566727
2023-10-26,112.75353240966797,3032359
2023-10-27,113.88851165771484,1589625
2023-10-30,115.07930755615234,1024545
2023-10-31,116.25150299072266,1080670
2023-11-01,116.75386810302734,932681
2023-11-02,118.7447280883789,1504438
2023-11-03,118.89358520507812,1335839
2023-11-06,119.99134063720703,908392
2023-11-07,119.89832305908203,939947
2023-11-08,120.86583709716797,1417312
2023-11-09,123.73119354248047,1248007
2023-11-10,121.68450927734375,1008072
2023-11-13,123.63815307617188,876942
2023-11-14,127.0430908203125,1599539
2023-11-15,129.2200164794922,1593425
2023-11-16,136.58807373046875,3277537
2023-11-17,138.11378479003906,2249398
2023-11-20,137.35093688964844,1438680
2023-11-21,137.36953735351562,1491139
2023-11-22,139.23016357421875,1361009
2023-11-23,139.2115478515625,766912
2023-11-24,140.34652709960938,1081541
2023-11-27,139.76974487304688,881056
2023-11-28,140.86749267578125,912969
2023-11-29,142.2257537841797,1242786
2023-11-30,143.2677001953125,2336566
2023-12-01,145.12832641601562,1479952
2023-12-04,146.04002380371094,1052482
2023-12-05,147.6773681640625,1587962
2023-12-06,149.7054443359375,1936825
2023-12-07,150.24501037597656,1222854
2023-12-08,151.10089111328125,1590653
2023-12-11,152.8498992919922,1367701
2023-12-12,152.4405517578125,1445642
2023-12-13,151.5288543701172,1219567
2023-12-14,154.2639617919922,2449105
2023-12-15,155.1570587158203,3856237
2023-12-18,152.01258850097656,1368852
2023-12-19,156.27342224121094,1668823
2023-12-20,157.3525848388672,1394945
2023-12-21,156.7385711669922,1174083
2023-12-22,156.366455078125,981828
2023-12-27,157.0548858642578,752828
2023-12-28,156.7385711669922,633466
2023-12-29,158.07823181152344,571937
2024-01-02,156.18040466308594,1254579
2024-01-03,151.0078887939453,1664875
2024-01-04,151.10089111328125,1135767
2024-01-05,149.31471252441406,1410352
2024-01-08,149.5751953125,827480
2024-01-09,148.29136657714844,1280311
2024-01-10,149.5751953125,975033
2024-01-11,149.46356201171875,1124272
2024-01-12,151.75210571289062,1191478
2024-01-15,150.6357421875,655853
2024-01-16,149.9287109375,1038842
2024-01-17,147.86343383789062,1266568
2024-01-18,149.61241149902344,1109187
2024-01-19,149.7240447998047,1106912
2024-01-22,152.01258850097656,915404
2024-01-23,150.7473907470703,991171
2024-01-24,155.82687377929688,1409738
2024-01-25,155.5477752685547,968833
2024-01-26,156.1617889404297,1108405
2024-01-29,155.6780242919922,1003192
2024-01-30,157.52005004882812,1074767
2024-01-31,155.06402587890625,2124138
2024-02-01,154.95237731933594,1190680
2024-02-02,155.04542541503906,1119321
2024-02-05,153.1475830078125,960920
2024-02-06,155.7152557373047,1244538
2024-02-07,156.44088745117188,1440276
2024-02-08,157.94798278808594,2644604
2024-02-09,158.3689727783203,1784577
2024-02-12,158.00540161132812,814537
2024-02-13,156.60845947265625,1160445
2024-02-14,157.9097137451172,885880
2024-02-15,159.7850341796875,1345994
2024-02-16,161.90911865234375,1764903
2024-02-19,162.25357055664062,910529
2024-02-20,161.43072509765625,874323
2024-02-21,162.10047912597656,1078745
2024-02-22,164.66470336914062,1553676
2024-02-23,167.72645568847656,1836700
2024-02-26,167.34371948242188,1043062
2024-02-27,168.9894256591797,1113339
2024-02-28,172.0894317626953,1510378
2024-02-29,175.036376953125,2563666
2024-03-01,173.44808959960938,1342647
2024-03-04,173.25672912597656,787622
2024-03-05,170.8264617919922,1083975
2024-03-06,172.223388671875,1457260
2024-03-07,173.6968536376953,1070817
2024-03-08,174.06044006347656,970398
2024-03-11,172.8166046142578,944461
2024-03-12,174.8450164794922,1103099
2024-03-13,175.95489501953125,966264
2024-03-14,176.05056762695312,1182858
2024-03-15,176.9691162109375,4083371
2024-03-18,175.68699645996094,874394
2024-03-19,165.5640869140625,3035362
2024-03-20,168.16656494140625,1745986
2024-03-21,167.28631591796875,1469733
2024-03-22,167.82212829589844,1083663
2024-03-25,166.54000854492188,868064
2024-03-26,167.72645568847656,1172069
2024-03-27,169.2764434814453,998733
2024-03-28,169.3147430419922,1437769
2024-04-02,168.01348876953125,1256812
2024-04-03,168.91287231445312,928148
2024-04-04,168.53016662597656,743311
2024-04-05,164.91346740722656,1572936
2024-04-08,166.7313690185547,1048963
2024-04-09,165.65975952148438,879414
2024-04-10,166.84620666503906,1157693
2024-04-11,166.0807647705078,884539
2024-04-12,165.20050048828125,1088777
2024-04-15,168.30052185058594,1282464
2024-04-16,165.60235595703125,1081226
2024-04-17,165.21963500976562,750849
2024-04-18,167.9369354248047,1201705
2024-04-19,165.487548828125,1654861
2024-04-22,166.5017547607422,887529
2024-04-23,167.7647247314453,1100624
2024-04-24,167.09495544433594,1222622
2024-04-25,166.19557189941406,1244085
2024-04-26,169.9462127685547,1090481
2024-04-29,169.96534729003906,666226
2024-04-30,168.30052185058594,1159600
2024-05-02,167.63076782226562,874099
2024-05-03,169.9462127685547,747520
2024-05-06,171.61105346679688,757550
2024-05-07,172.35733032226562,1899939
2024-05-08,173.73513793945312,1081088
2024-05-09,176.1271209716797,777550
2024-05-10,180.26048278808594,1724099
2024-05-13,179.85862731933594,848832
2024-05-14,177.2370147705078,1139043
2024-05-15,179.59072875976562,1074378
2024-05-16,167.4394073486328,3594338
2024-05-17,165.10482788085938,2343929
2024-05-20,165.640625,903819
2024-05-21,166.13816833496094,1250600
2024-05-22,166.19557189941406,1037728
2024-05-23,169.5252227783203,1091149
2024-05-24,169.64004516601562,805999
2024-05-27,171.19004821777344,610332
2024-05-28,169.60177612304688,787842
2024-05-29,168.14744567871094,883163
2024-05-30,168.51101684570312,757535
2024-05-31,168.6449737548828,2251252
2024-06-03,170.462890625,745486
2024-06-04,166.75051879882812,1232510
2024-06-05,171.09437561035156,828300
2024-06-06,168.09002685546875,826573
2024-06-07,166.9036102294922,1034765
2024-06-10,166.9036102294922,717411
2024-06-11,165.0091552734375,953042
2024-06-12,170.40548706054688,975006
2024-06-13,163.45913696289062,1395794
2024-06-14,158.57948303222656,1686923
2024-06-17,160.83750915527344,963805
2024-06-18,161.16282653808594,919623
2024-06-19,160.97146606445312,805960
2024-06-20,162.98072814941406,1201442
2024-06-21,160.93319702148438,2772550
2024-06-24,163.65048217773438,1103330
2024-06-25,162.25357055664062,1061924
2024-06-26,161.90911865234375,1018548
2024-06-27,166.04248046875,1292876
2024-06-28,166.21470642089844,1556755
2024-07-01,169.4678192138672,1041900
2024-07-02,167.28631591796875,829180
2024-07-03,169.1233673095703,1114131
2024-07-04,169.6782989501953,506141
2024-07-05,169.4678192138672,787561
2024-07-08,169.50608825683594,630076
2024-07-09,165.7745819091797,1056053
2024-07-10,168.75979614257812,782899
2024-07-11,171.17091369628906,749948
2024-07-12,176.20367431640625,1296935
2024-07-15,173.0653839111328,767790
2024-07-16,173.7159881591797,509570
2024-07-17,170.6925048828125,695409
2024-07-18,163.15296936035156,1700598
2024-07-19,163.076416015625,1379865
2024-07-22,165.7745819091797,832841
2024-07-23,166.11903381347656,664633
2024-07-24,164.03321838378906,1060941
2024-07-25,161.5264129638672,1071524
2024-07-26,162.48321533203125,899465
2024-07-29,160.5887451171875,815974
2024-07-30,161.22024536132812,892748
2024-07-31,162.10047912597656,1213408
2024-08-01,157.43130493164062,1218758
2024-08-02,150.98251342773438,1858758
2024-08-05,148.4374237060547,2059078
2024-08-06,147.3466796875,1639255
2024-08-07,149.20286560058594,1914335
2024-08-08,152.322021484375,1801193
2024-08-09,150.3892822265625,1227353
2024-08-12,150.40843200683594,711678
2024-08-13,152.07325744628906,822263
2024-08-14,152.41770935058594,705754
2024-08-15,155.67080688476562,816043
2024-08-16,156.14920043945312,902683
2024-08-19,157.1634063720703,631340
2024-08-20,156.742431640625,535061
2024-08-21,157.7375030517578,725837
2024-08-22,157.75662231445312,691370
2024-08-23,159.88072204589844,912591
2024-08-26,160.55047607421875,479905
2024-08-27,159.89984130859375,630240
2024-08-28,160.95233154296875,686202
2024-08-29,162.8659210205078,657072
2024-08-30,162.57887268066406,1180244
2024-09-02,163.19122314453125,522429
2024-09-03,160.8566436767578,1011866
2024-09-04,159.5171356201172,737119
2024-09-05,158.08193969726562,824025
2024-09-06,154.17820739746094,1156966
2024-09-09,155.57513427734375,746099
2024-09-10,155.3455047607422,839153
2024-09-11,155.13499450683594,903302
2024-09-12,157.20169067382812,912820
2024-09-13,156.9720458984375,966545
2024-09-16,155.86216735839844,534705
2024-09-17,159.1726837158203,1054209
2024-09-18,158.56033325195312,786998
2024-09-19,162.57887268066406,1524650
2024-09-20,159.45973205566406,2774819
2024-09-23,160.26344299316406,902568
2024-09-24,162.98072814941406,1928328
2024-09-25,165.08567810058594,1108300
2024-09-26,173.8882293701172,2369741
2024-09-27,174.9598388671875,2056638
2024-09-30,173.5054931640625,1595961
2024-10-01,172.0894317626953,1152998
2024-10-02,172.8166046142578,832238
2024-10-03,171.821533203125,803116
2024-10-04,174.97897338867188,1291770
2024-10-07,176.41416931152344,867898
2024-10-08,172.39561462402344,1101098
2024-10-09,176.49070739746094,1027488
2024-10-10,175.438232421875,802043
2024-10-11,177.8110809326172,1401892
2024-10-14,177.25613403320312,769196
2024-10-15,174.94068908691406,1385425
2024-10-16,173.18019104003906,1070050
2024-10-17,176.3184814453125,1237966
2024-10-18,177.5814666748047,945692
2024-10-21,177.1030731201172,742333
2024-10-22,175.5721893310547,887639
2024-10-23,173.3715362548828,783020
2024-10-24,171.70672607421875,933784
2024-10-25,172.625244140625,882137
2024-10-28,173.98388671875,693908
2024-10-29,173.2375946044922,657437
2024-10-30,171.72586059570312,926858
2024-10-31,170.6925048828125,1642031
2024-11-01,173.677734375,1227689
2024-11-04,173.4672393798828,604441
2024-11-05,176.05056762695312,737210
2024-11-06,176.14627075195312,1657425
2024-11-07,179.85862731933594,1487549
2024-11-08,175.1703338623047,1332675
2024-11-11,177.8110809326172,1059274
2024-11-12,170.2523956298828,1544561
2024-11-13,171.64930725097656,1481999
2024-11-14,180.06912231445312,3114675
2024-11-15,179.30368041992188,1278412
2024-11-18,176.05056762695312,1430392
2024-11-19,170.15670776367188,2010989
2024-11-20,168.93202209472656,1185153
2024-11-21,168.39620971679688,1253085
2024-11-22,169.88880920410156,1310544
2024-11-25,173.0079803466797,2084949
2024-11-26,172.52957153320312,820230
2024-11-27,171.24745178222656,797765
2024-11-28,171.24745178222656,0
2024-11-29,175.2468719482422,1204646
2024-12-02,179.99258422851562,1225616
2024-12-03,181.9827117919922,1281556
2024-12-04,183.60926818847656,1307422
2024-12-05,184.71914672851562,1043254
2024-12-06,185.3314971923828,873099
2024-12-09,185.75250244140625,1370113
2024-12-10,185.75250244140625,0
2024-12-11,187.0728759765625,1300207
2024-12-12,185.61854553222656,985700
2024-12-13,183.1117401123047,1054754
2024-12-16,182.0975341796875,918390
2024-12-17,184.585205078125,1124718
2024-12-18,186.30743408203125,1342816
2024-12-19,181.25555419921875,1145774
2024-12-20,181.08331298828125,2404040
2024-12-23,180.81541442871094,788599
2024-12-27,181.4086456298828,684363
2024-12-30,181.4086456298828,0
2025-01-02,180.94937133789062,970926
2025-01-03,178.71047973632812,723321
2025-01-06,184.73829650878906,1183373
2025-01-07,185.17840576171875,1224827
2025-01-08,185.17840576171875,0
2025-01-09,188.10623168945312,809579
2025-01-10,186.09695434570312,902257
2025-01-13,184.83395385742188,1055037
2025-01-14,185.5802764892578,770065
2025-01-15,187.13027954101562,1225824
2025-01-16,186.72842407226562,1227857
2025-01-17,192.172607421875,2011909
2025-01-20,193.08155822753906,970799
2025-01-21,193.08155822753906,0
2025-01-22,198.20042419433594,1244744
2025-01-23,199.9705047607422,1072433
2025-01-24,199.9705047607422,0
2025-01-27,192.69883728027344,1966039
2025-01-28,191.40716552734375,1195988
2025-01-29,194.56460571289062,1051615
2025-01-30,196.2868194580078,900923
2025-01-31,198.48745727539062,1153092
2025-02-03,193.3686065673828,1495283
2025-02-04,193.12940979003906,836891
2025-02-05,192.55532836914062,1007329
2025-02-06,199.06153869628906,1652373
2025-02-07,198.48745727539062,1248073
2025-02-10,198.48745727539062,0
2025-02-11,205.61558532714844,1872641
2025-02-12,202.88873291015625,1994142
2025-02-13,217.62339782714844,3411480
2025-02-14,220.51199340820312,2638501
2025-02-17,222.27452087402344,1113198
2025-02-18,221.4911651611328,1196666
2025-02-19,215.76295471191406,1493623
2025-02-20,216.6442108154297,999655
2025-02-21,216.84005737304688,1174940
2025-02-24,213.55979919433594,1278282
2025-02-25,212.0910186767578,1200879
2025-02-26,218.7984161376953,1369236
2025-02-27,216.00775146484375,1245449
2025-02-28,216.5952606201172,2048211
2025-03-03,221.24636840820312,1960916
2025-03-04,208.85971069335938,1853495
2025-03-05,226.72979736328125,2532410
2025-03-06,237.9414520263672,3244035
2025-03-07,229.4225616455078,2291166
2025-03-10,223.64537048339844,2253919
2025-03-11,218.55361938476562,2165962
2025-03-12,222.1276397705078,1997301
2025-03-13,221.78492736816406,1710590
2025-03-14,226.92564392089844,2021093
2025-03-17,229.4225616455078,1563276
2025-03-18,232.06634521484375,1599468
2025-03-19,231.7725830078125,1519743
2025-03-20,229.56942749023438,1464122
2025-03-21,224.0860137939453,3634428
2025-03-24,224.0860137939453,0
2025-03-25,224.1349639892578,1193946
2025-03-26,219.82655334472656,1163239
2025-03-27,216.93797302246094,1449207
2025-03-28,211.50350952148438,1694937
2025-03-31,207.4888458251953,1718842
2025-04-01,210.27952575683594,1280290
2025-04-02,210.27952575683594,994285
2025-04-03,193.36903381347656,2748491
2025-04-04,181.75592041015625,4108758
2025-04-07,172.9237060546875,5246090
2025-04-08,178.93588256835938,3149630
2025-04-09,173.4720458984375,2811618
2025-04-10,183.04844665527344,3031790
2025-04-11,176.91876220703125,2922601
2025-04-14,181.83425903320312,1567093
2025-04-15,181.44259643554688,1705136
2025-04-16,182.26510620117188,1532595
2025-04-17,183.1267852783203,1527431
2025-04-22,185.37890625,1220371
2025-04-23,192.40943908691406,2069659
2025-04-24,196.47303771972656,1405783
2025-04-25,196.47303771972656,0
2025-04-28,200.78146362304688,1034023
2025-04-29,198.03973388671875,1182573
2025-04-30,197.74598693847656,1946534
2025-05-02,205.4325714111328,1690097
2025-05-05,206.85238647460938,609411
2025-05-06,204.6002655029297,1087309
2025-05-07,204.7960968017578,1276924
2025-05-08,208.7617950439453,1151271
2025-05-09,209.59410095214844,956696
2025-05-12,217.13380432128906,1635159
2025-05-13,220.46302795410156,1026731
2025-05-14,220.46302795410156,0
2025-05-15,217.2317352294922,1786428
2025-05-16,215.37127685546875,1264526
2025-05-19,217.18276977539062,1002165
2025-05-20,217.62339782714844,1170273
2025-05-21,216.3994140625,971849
2025-05-22,212.5806121826172,1012695
2025-05-23,207.8805389404297,1801786
2025-05-26,214.09832763671875,793680
2025-05-27,216.3994140625,1116884
2025-05-28,212.97227478027344,1037330
2025-05-29,208.17428588867188,926739
2025-05-30,207.3909454345703,2864822
2025-06-02,209.20242309570312,975899
2025-06-03,209.59410095214844,973373
2025-06-04,213.51083374023438,1084838
2025-06-05,214.68585205078125,790206
2025-06-06,214.24522399902344,616145
2025-06-09,214.24522399902344,0
2025-06-10,214.49002075195312,881846
2025-06-11,215.12648010253906,1210532
2025-06-12,212.82540893554688,936464
2025-06-13,210.47535705566406,1221597
2025-06-16,211.50350952148438,1102804
2025-06-17,209.54513549804688,0
2025-06-18,206.65655517578125,965949
2025-06-19,203.57211303710938,933294
2025-06-20,204.94297790527344,3171340
2025-06-23,204.45339965820312,911700
2025-06-24,210.03472900390625,1460998
2025-06-25,209.15347290039062,904964
2025-06-26,210.37745666503906,790826
2025-06-27,218.1129913330078,1437389
2025-06-30,213.11915588378906,1212615
2025-07-01,211.16078186035156,927138
2025-07-02,214.93064880371094,854971
2025-07-03,216.69317626953125,987184
2025-07-04,211.50350952148438,861838
2025-07-07,213.80459594726562,773153
2025-07-08,212.53164672851562,1000361
2025-07-09,220.8057403564453,1726737
2025-07-10,222.0786895751953,950432
2025-07-11,218.40675354003906,773039
2025-07-14,215.7139892578125,647666
2025-07-15,213.75563049316406,874728
2025-07-16,213.75563049316406,0
2025-07-17,221.2953338623047,1359142
2025-07-18,219.53280639648438,0
2025-07-21,219.87551879882812,569482
2025-07-22,215.76295471191406,782217
2025-07-23,222.95994567871094,1103382
2025-07-24,222.51931762695312,799930
2025-07-25,222.5682830810547,623486
2025-07-28,220.95262145996094,776650
2025-07-29,222.323486328125,731633
2025-07-30,224.1839141845703,696327
2025-07-31,220.21823120117188,1184884
2025-08-01,208.51699829101562,1578597
2025-08-04,212.28684997558594,979051
2025-08-05,214.24522399902344,892892
2025-08-06,214.44105529785156,921610
2025-08-07,222.3724365234375,1807970
2025-08-08,227.56210327148438,1109349
2025-08-11,223.3026580810547,697247
2025-08-12,226.28916931152344,847309
2025-08-13,225.4568634033203,782153
2025-08-14,228.3944091796875,659178
2025-08-15,229.37359619140625,793608
2025-08-18,228.68817138671875,490730
2025-08-19,233.2903289794922,785118
2025-08-20,228.6392059326172,650476
2025-08-21,228.78607177734375,510714
2025-08-22,231.9684295654297,665837
2025-08-25,230.5975799560547,430291
2025-08-26,230.0100555419922,987924
2025-08-27,228.1496124267578,600968
2025-08-28,231.9194793701172,681376
2025-08-29,231.6746826171875,1129542
2025-09-01,234.22055053710938,553437
2025-09-02,223.9391326904297,1037622
2025-09-03,224.6735076904297,1024237
2025-09-04,225.2610321044922,633969
2025-09-05,221.2953338623047,850761
2025-09-08,225.84852600097656,795352
2025-09-09,223.7432861328125,600680
2025-09-10,223.64537048339844,826971
2025-09-11,224.28184509277344,931007
2025-09-12,223.79225158691406,839715
2025-09-15,225.40789794921875,651285
2025-09-16,221.34429931640625,927378
2025-09-17,220.56094360351562,738466
2025-09-18,223.2537078857422,888855
2025-09-19,223.64537048339844,2667773
2025-09-22,223.64537048339844,0
2025-09-23,224.23287963867188,939128
2025-09-24,221.6380615234375,957411
2025-09-25,219.14112854003906,1044342
2025-09-26,223.9880828857422,970009
2025-09-29,221.4911651611328,805775
2025-09-30,221.4911651611328,0
2025-10-01,226.6318817138672,1026906
2025-10-02,236.1789093017578,1161411
2025-10-03,236.1789093017578,837282
2025-10-06,238.1862335205078,826969
2025-10-07,237.25601196289062,616877
2025-10-08,240.1446075439453,716595
2025-10-09,241.3196258544922,744623
2025-10-10,237.25601196289062,785972
2025-10-13,240.97691345214844,616128
2025-10-14,233.38824462890625,1084409
2025-10-15,235.64036560058594,868831
2025-10-16,239.16542053222656,897726
2025-10-17,232.94760131835938,1071136
2025-10-20,238.1372833251953,830451
2025-10-21,236.8643341064453,617846
2025-10-22,236.96226501464844,892678
2025-10-23,234.6611785888672,774113
2025-10-24,238.52896118164062,532696
2025-10-27,241.66233825683594,618010
2025-10-28,241.12379455566406,516695
2025-10-29,240.6342010498047,599951
2025-10-30,241.85816955566406,740055
2025-10-31,240.43836975097656,683439
2025-11-03,242.05401611328125,700448
2025-11-04,239.116455078125,713423
2025-11-05,239.89981079101562,894514
2025-11-06,236.57058715820312,831849
2025-11-07,236.57058715820312,0
2025-11-10,240.58523559570312,1019990
2025-11-11,242.24984741210938,691696
2025-11-12,245.18739318847656,783235
2025-11-13,222.27452087402344,2815783
2025-11-14,225.55479431152344,1573363
2025-11-17,218.3577880859375,1270415
2025-11-18,213.60874938964844,1382725
2025-11-19,214.0493927001953,992561
2025-11-20,216.49734497070312,1132381
2025-11-21,214.58792114257812,1251537
2025-11-24,218.3577880859375,1956242
2025-11-25,222.27452087402344,1129454
2025-11-26,223.35162353515625,689041
2025-11-27,222.8130645751953,517418
2025-11-28,223.54745483398438,758614
2025-12-01,221.4911651611328,888280
2025-12-02,222.5682830810547,1018106
2025-12-03,223.9880828857422,896423
2025-12-04,225.40789794921875,946516
2025-12-05,228.59024047851562,831499
2025-12-08,229.4715118408203,690101
2025-12-09,229.17776489257812,759515
2025-12-10,226.7787628173828,835719
2025-12-11,233.87783813476562,963113
2025-12-12,233.87783813476562,0
2025-12-15,233.87783813476562,0
2025-12-16,232.55593872070312,1176270
2025-12-17,232.55593872070312,0
2025-12-18,232.55593872070312,0
2025-12-19,231.087158203125,2480394
2025-12-22,231.7236328125,645600
2025-12-23,232.84970092773438,485809
2025-12-29,232.1153106689453,543337
2025-12-30,234.1715850830078,424839
2026-01-02,236.0810089111328,773796
2026-01-05,239.50814819335938,893745
2026-01-06,242.396728515625,852658
2026-01-07,250.91561889648438,1535363
2026-01-08,246.55825805664062,1658722
2026-01-09,248.90829467773438,1013641
2026-01-12,252.97190856933594,844100
2026-01-13,256.3011169433594,1069870
2026-01-14,253.65731811523438,1338665
2026-01-15,255.41986083984375,878625
2026-01-16,254.8323516845703,1082679
2026-01-19,250.6708221435547,1164779
2026-01-20,248.418701171875,1517796
2026-01-21,247.83119201660156,1100860
2026-01-22,252.62918090820312,1197347
2026-01-23,249.1041259765625,1054256
2026-01-26,249.25100708007812,793492
2026-01-27,248.12493896484375,980251
2026-01-28,245.67698669433594,1032033
2026-01-29,250.62185668945312,1570025
2026-01-30,250.96456909179688,1044904
2026-02-02,254.93026733398438,734246
2026-02-03,255.2729949951172,1274097
2026-02-04,236.96226501464844,2794753
2026-02-05,239.41021728515625,1600201
2026-02-06,245.28530883789062,1044693
2026-02-09,250.62185668945312,762572
2026-02-10,252.72711181640625,1020012
2026-02-11,250.91561889648438,1540919
2026-02-12,251.65000915527344,2511532
2026-02-13,251.0500030517578,1890442
2026-02-16,234.9499969482422,2157528
2026-02-17,235.75,1623195
2026-02-18,244.8000030517578,1454344
2026-02-19,240.5500030517578,1102046
2026-02-20,245.14999389648438,1163644
2026-02-23,240.64999389648438,964528
2026-02-24,239.5,1215909
2026-02-25,244.10000610351562,990407
2026-02-26,248.64999389648438,1079343
2026-02-27,247.39999389648438,1113192
2026-03-02,238.1999969482422,1426889
2026-03-03,226.4499969482422,2435867
2026-03-04,232.89999389648438,1531277
2026-03-05,224.8000030517578,1827649
2026-03-06,224.8000030517578,1897067
2026-03-09,221.10000610351562,1531292
2026-03-10,232.14999389648438,1410765
2026-03-11,228.1999969482422,969954
2026-03-12,224.6999969482422,1409301
2026-03-13,220.35000610351562,1015432
2026-03-16,220.3000030517578,878383
2026-03-17,219.14999389648438,1212119
2026-03-18,218.10000610351562,1576226
2026-03-19,210.3000030517578,2407185
2026-03-20,203.75,3772412
2026-03-23,211.3000030517578,2529753
2026-03-24,209.1999969482422,1198558
2026-03-25,211.8000030517578,1314487
2026-03-26,209.75,1424064
2026-03-27,204.89999389648438,1262879
2026-03-30,205.39999389648438,1052474
2026-03-31,205.6999969482422,1361047
2026-04-01,215.35000610351562,1792119
2026-04-02,213.35000610351562,1436721
2026-04-07,210.0,1089752
2026-04-08,231.5,2930190
2026-04-09,226.75,1438069
2026-04-10,229.4499969482422,1474990
2026-04-13,228.6999969482422,776371
2026-04-14,237.25,1448172
2026-04-15,237.39999389648438,1072128
2026-04-16,239.60000610351562,1051728
2026-04-17,247.64999389648438,2305918
2026-04-20,242.5500030517578,1078178
2026-04-21,241.60000610351562,861638
2026-04-22,241.64999389648438,1391206
2026-04-23,243.39999389648438,1016493
2026-04-24,243.10000610351562,1317321
2026-04-27,251.85000610351562,1289912
2026-04-28,251.14999389648438,971356
2026-04-29,246.75,1014164
2026-04-30,252.5500030517578,1387044
2026-05-04,254.0500030517578,751804
