Date,Close
1996-11-11,-0.006369370859121763
1996-11-12,0.008391248351763265
1996-11-13,0.003636801206854349
1996-11-14,0.0
1996-11-15,-0.0056586786994958825
1996-11-18,-0.018826953582463998
1996-11-19,0.0068506707701806125
1996-11-20,-0.015174483919279398
1996-11-21,-0.00486393327755007
1996-11-22,-0.004229112502346347
1996-11-25,-0.01054824534068151
1996-11-26,0.00294814793130935
1996-11-27,0.017100630805149793
1996-11-28,0.022249129689039755
1996-11-29,0.005168628813424932
1996-12-02,0.0
1996-12-03,0.008332496015499142
1996-12-04,-0.008213686056238094
1996-12-05,-0.0018652242296042245
1996-12-06,-0.02245669960798587
1996-12-09,0.01552055336717918
1996-12-10,0.011256940591495117
1996-12-11,-0.020701697768715364
1996-12-12,0.0013719281199161921
1996-12-13,-0.017328075241978203
1996-12-16,0.00918944351933556
1996-12-17,-0.011571847428307233
1996-12-18,-0.00045242317883869204
1996-12-19,-0.004743571083879841
1996-12-20,0.0015287805173165659
1996-12-23,0.005885450177198007
1996-12-24,0.0
1996-12-25,0.0
1996-12-26,0.0
1996-12-27,0.004871602746563306
1996-12-30,0.0023657957874823115
1996-12-31,0.0
1997-01-01,0.0
1997-01-02,-0.007770898758298732
1997-01-03,0.019395791454949983
1997-01-06,0.003296826928131509
1997-01-07,0.010739496057274993
1997-01-08,0.03745046412773106
1997-01-09,0.01668986634489275
1997-01-10,-0.017990924925166074
1997-01-13,0.006755780845665987
1997-01-14,0.001064611431408118
1997-01-15,0.0017843505853742045
1997-01-16,-0.0029630439741237715
1997-01-17,0.000266076180146855
1997-01-20,0.010556137656108943
1997-01-21,0.005255612055615274
1997-01-22,0.008128251288140351
1997-01-23,0.0045573952494582575
1997-01-24,-0.03188828500253652
1997-01-27,0.021483395200635576
1997-01-28,0.002685913863162978
1997-01-29,-0.007253389380750614
1997-01-30,0.008519314124148556
1997-01-31,0.013599490813187445
1997-02-03,0.042504329166378856
1997-02-04,-0.007095615857723892
1997-02-05,0.006849105250929235
1997-02-06,0.0
1997-02-07,0.03185748595552545
1997-02-10,0.010307641352496465
1997-02-11,-0.001958143007164959
1997-02-12,0.0
1997-02-13,-0.0031144044513848365
1997-02-14,-0.014308114878435814
1997-02-17,-0.001789500603787912
1997-02-18,-0.001172139146107038
1997-02-19,-0.008243930548796201
1997-02-20,-0.001566177419449525
1997-02-21,0.0019142884266878661
1997-02-24,-0.008940439145796057
1997-02-25,0.01683625868735386
1997-02-26,0.0010686440389496932
1997-02-27,0.004229408859161429
1997-02-28,-0.005298052898111111
1997-03-03,-0.007444218638167261
1997-03-04,0.016577769188336963
1997-03-05,0.007220264523626627
1997-03-06,-0.0017660129853232676
1997-03-07,0.009473391785422936
1997-03-10,-0.0013816014542729804
1997-03-11,0.00010128258644551305
1997-03-12,-0.015871623826949864
1997-03-13,-0.007150552342198474
1997-03-14,0.019001668380904283
1997-03-17,-0.00822647092035646
1997-03-18,-0.009809912358521017
1997-03-19,0.0034065875531546458
1997-03-20,-0.01178332260948143
1997-03-21,0.007204242229880166
1997-03-24,0.01156284542059981
1997-03-25,0.013620417980779976
1997-03-26,0.024925335967224436
1997-03-27,-0.004803636668680779
1997-03-28,0.0
1997-03-31,0.0
1997-04-01,-0.03166383728464911
1997-04-02,-0.009645954546891072
1997-04-03,0.005826279138270921
1997-04-04,-0.0023264739313829204
1997-04-07,0.028199336755649007
1997-04-08,-0.014050989169341251
1997-04-09,0.014849939864129245
1997-04-10,-0.009225820043989391
1997-04-11,-0.015704598061118822
1997-04-14,-0.000921512427616054
1997-04-15,0.012959136606144341
1997-04-16,0.0
1997-04-17,0.010060524482491123
1997-04-18,0.013654100603337202
1997-04-21,0.0069208259215364065
1997-04-22,0.012732642340773833
1997-04-23,-0.032406934507312884
1997-04-24,0.027456635365219084
1997-04-25,-0.007978570245410582
1997-04-28,0.007978570245410535
1997-04-29,0.02833191043392924
1997-04-30,0.00813296555496146
1997-05-01,0.0
1997-05-02,0.017023070363517037
1997-05-05,0.03358820958998305
1997-05-06,-0.011511940959685654
1997-05-07,0.00939904936979211
1997-05-08,0.0
1997-05-09,0.024369209336935295
1997-05-12,0.011821868818960728
1997-05-13,-0.019791535544684817
1997-05-14,-0.0012902786145138805
1997-05-15,-0.01890036253190551
1997-05-16,-0.0030549557747847986
1997-05-19,0.0
1997-05-20,-0.0040883469537331425
1997-05-21,0.015778799473965845
1997-05-22,-0.006275606352240805
1997-05-23,0.004762280667885199
1997-05-26,0.009074691075757339
1997-05-27,-0.00200303381740342
1997-05-28,-0.021125950703332057
1997-05-29,0.0038771666091012005
1997-05-30,-0.01596560432589904
1997-06-02,0.009193119074629696
1997-06-03,0.012903117217253205
1997-06-04,0.0
1997-06-05,0.007070711956150594
1997-06-06,0.0035463667058318643
1997-06-09,-0.007580543809824932
1997-06-10,0.00041579338371979587
1997-06-11,0.0008019120760661851
1997-06-12,0.010953814272461403
1997-06-13,0.001408541131307214
1997-06-16,-0.004997180315664575
1997-06-17,-0.0020064152288212294
1997-06-18,0.004302311413012289
1997-06-19,0.011169320096705862
1997-06-20,0.006924657471499013
1997-06-23,0.021396983493431644
1997-06-24,0.03504731749978098
1997-06-25,-0.004211450747914531
1997-06-26,-0.014103362956702718
1997-06-27,-0.007616669619974488
1997-06-30,-0.022202571861612577
1997-07-01,0.017908079780457033
1997-07-02,0.03300615032181596
1997-07-03,0.013810657692602533
1997-07-04,-0.01705440302838848
1997-07-07,0.014313016378514816
1997-07-08,0.0064119826331815915
1997-07-09,-0.0009363703716592084
1997-07-10,0.013611705913422692
1997-07-11,0.025317500265444014
1997-07-14,0.0074387696575463885
1997-07-15,-0.005252928515252178
1997-07-16,0.02167678401623043
1997-07-17,0.011919937152925313
1997-07-18,0.0012661608356676001
1997-07-21,-0.027006888812908938
1997-07-22,0.020635345980679683
1997-07-23,0.01395932981503909
1997-07-24,0.01953011027123778
1997-07-25,0.024377286362622982
1997-07-28,0.04668185387243371
1997-07-29,-0.007675789804433542
1997-07-30,0.0042291479655780185
1997-07-31,-0.02532264287510522
1997-08-01,-0.018713966187093218
1997-08-04,-0.00401700123583249
1997-08-05,-0.014645433280382175
1997-08-06,0.019063624644513437
1997-08-07,0.03745552660108693
1997-08-08,-0.029846424807527194
1997-08-11,0.0015893800429644194
1997-08-12,-0.0007947238770427578
1997-08-13,-0.036518584229726946
1997-08-14,-0.002475623022205168
1997-08-15,-0.047945139666409606
1997-08-18,0.007368090078690168
1997-08-19,0.04140269626725106
1997-08-20,0.019266344419134683
1997-08-21,0.0020231225574040244
1997-08-22,-0.04687112385096195
1997-08-25,0.020175795187013814
1997-08-26,-0.045534265905591904
1997-08-27,-0.013144986716306952
1997-08-28,-0.02050923780612887
1997-08-29,-0.008146909561359052
1997-09-01,0.04613581840247746
1997-09-02,0.015076129792876463
1997-09-03,-0.007294806016145584
1997-09-04,-0.0004294272411865536
1997-09-05,0.0030012465055529766
1997-09-08,0.019130854318339875
1997-09-09,-0.002944600839643208
1997-09-10,-0.03875050277139906
1997-09-11,-0.02940514573077416
1997-09-12,-0.02101565215276192
1997-09-15,0.029126038456305757
1997-09-16,0.043859008719932764
1997-09-17,-0.010785544837404399
1997-09-18,0.009500461986784427
1997-09-19,0.020835843544629265
1997-09-22,0.026585862704132136
1997-09-23,0.0
1997-09-24,0.00816644174799166
1997-09-25,-0.006533159471708935
1997-09-26,-0.026122315285422762
1997-09-29,-0.010528704350982873
1997-09-30,0.006751251847920832
1997-10-01,0.01631582579667035
1997-10-02,-0.004585670453290696
1997-10-03,0.0
1997-10-06,-0.002080080939567723
1997-10-07,-0.0020848450667350776
1997-10-08,-0.004625882815287709
1997-10-09,-0.007576032479816001
1997-10-10,0.015535498839766288
1997-10-13,0.02228488903276635
1997-10-14,0.0012198906615760996
1997-10-15,-0.0061371070638799805
1997-10-16,0.00491721640230387
1997-10-17,-0.03951148415602397
1997-10-20,-0.001719321345181822
1997-10-21,0.028079242276655782
1997-10-22,-0.02424631128177152
1997-10-23,-0.045926388492230845
1997-10-24,0.007075457792395242
1997-10-27,-0.030388632966582327
1997-10-28,-0.0743926926179209
1997-10-29,0.05929106524903393
1997-10-30,-0.02185859430828265
1997-10-31,-0.005679105998653357
1997-11-03,0.03488909869818597
1997-11-04,-0.018467069863278
1997-11-05,0.010196525852089848
1997-11-06,-0.006459276932551106
1997-11-07,-0.04169822262374316
1997-11-10,-0.013143591340074891
1997-11-11,0.011211358673733556
1997-11-12,-0.011211358673733596
1997-11-13,-0.02280780335902942
1997-11-14,-0.015150850926518272
1997-11-17,0.013531098181985458
1997-11-18,0.014077076603993018
1997-11-19,-0.004456255478373848
1997-11-20,0.0433022013958583
1997-11-21,0.011368547709401846
1997-11-24,-0.042311944806401144
1997-11-25,0.0004900370255644487
1997-11-26,0.008808474619816271
1997-11-27,0.031603026029859406
1997-11-28,-0.014244033405851488
1997-12-01,0.03524980946131612
1997-12-02,0.0018417078447484853
1997-12-03,-0.01812578062034244
1997-12-04,0.031427469305150765
1997-12-05,0.01890670910609055
1997-12-08,-0.01257342145325595
1997-12-09,-0.014562020434238597
1997-12-10,-0.028861840594450613
1997-12-11,-0.05533001762194744
1997-12-12,0.02025933524132671
1997-12-15,-0.012298079375329667
1997-12-16,0.01767797731626381
1997-12-17,-0.005867640189775146
1997-12-18,0.0
1997-12-19,-0.021764719770751045
1997-12-22,0.02666151916118687
1997-12-23,0.009184200615639796
1997-12-24,0.0
1997-12-25,0.0
1997-12-26,0.0
1997-12-29,0.04850722122953828
1997-12-30,-0.021366692535448133
1997-12-31,0.0
1998-01-01,0.0
1998-01-02,0.04988896614190422
1998-01-05,0.018152113790478482
1998-01-06,-0.0329897169922749
1998-01-07,-0.005922324843357647
1998-01-08,0.014054428654935803
1998-01-09,-0.018156706168804094
1998-01-12,-0.043992497268603846
1998-01-13,0.004285892827610791
1998-01-14,-0.012941981529107336
1998-01-15,-0.00434212621507453
1998-01-16,0.009172800387208711
1998-01-19,0.0363073367977215
1998-01-20,0.024695347106920007
1998-01-21,-0.03074691617567387
1998-01-22,-0.015957390580538643
1998-01-23,-0.00856551952977287
1998-01-26,0.011395189525724221
1998-01-27,0.023788884691046435
1998-01-28,0.018732616278566032
1998-01-29,-0.002711843289740697
1998-01-30,0.010829587392513643
1998-02-02,0.01824070095472435
1998-02-03,0.0008790894993250275
1998-02-04,-0.0155447083975725
1998-02-05,0.0017829553530830204
1998-02-06,0.008009648468739533
1998-02-09,-0.0022114853167701856
1998-02-10,0.010595267596539837
1998-02-11,0.0026249623445361013
1998-02-12,-0.013662802750746801
1998-02-13,0.00708756091966885
1998-02-16,0.004388573015550936
1998-02-17,0.02558167399689052
1998-02-18,-0.009029015468499093
1998-02-19,-0.007374016309511722
1998-02-20,-0.019769242323563703
1998-02-23,-0.025147833278924808
1998-02-24,0.009511285031384315
1998-02-25,0.0240353658076179
1998-02-26,-0.009727639954557454
1998-02-27,-0.006249056725121801
1998-03-02,0.017292085547212066
1998-03-03,-0.004832651272312673
1998-03-04,-0.009317021727312209
1998-03-05,-0.014379079054075566
1998-03-06,-0.0022574618477352116
1998-03-09,0.0031586780813191244
1998-03-10,0.024994638975237477
1998-03-11,0.01051638877004635
1998-03-12,-0.006569445972717194
1998-03-13,-0.0017524666948386786
1998-03-16,-0.006624397247329647
1998-03-17,0.011436294103098814
1998-03-18,-0.020328806713824893
1998-03-19,0.0018056576008196002
1998-03-20,0.05588107474000187
1998-03-23,0.02084766864769731
1998-03-24,0.036871017345739714
1998-03-25,-0.001191026577389229
1998-03-26,-0.024578447466000946
1998-03-27,0.012163444230382136
1998-03-30,-0.006074768976405887
1998-03-31,-0.006088675253976288
1998-04-01,0.015777132125492987
1998-04-02,-0.04016422299378818
1998-04-03,0.00833308383025716
1998-04-06,0.022142682292014534
1998-04-07,-0.008150447377147768
1998-04-08,-0.020241709296903297
1998-04-09,0.005007486239155219
1998-04-10,0.0
1998-04-13,0.0
1998-04-14,0.0024826780139618134
1998-04-15,-0.014173385711629063
1998-04-16,-0.007597302547937229
1998-04-17,0.006734079557036051
1998-04-20,0.0008632229909013784
1998-04-21,0.004182099380955238
1998-04-22,-0.04712443927209533
1998-04-23,-0.023960480120426918
1998-04-24,-0.028257028254286474
1998-04-27,-0.030978332333414633
1998-04-28,0.0
1998-04-29,0.012782861548525773
1998-04-30,0.000966089164816987
1998-05-01,0.0
1998-05-04,0.009826995807193794
1998-05-05,-0.00374921494964077
1998-05-06,0.018526765728596014
1998-05-07,-0.01945963424295907
1998-05-08,0.007927401407003765
1998-05-11,0.02338485925231651
1998-05-12,0.015282815471133417
1998-05-13,0.04369296745207862
1998-05-14,0.016093050969301838
1998-05-15,0.0017011414751000164
1998-05-18,-0.009702801065495141
1998-05-19,0.0050612014897744246
1998-05-20,-0.0063307007125205
1998-05-21,0.0
1998-05-22,0.033790272452734284
1998-05-25,0.011014746909928923
1998-05-26,-0.00530063732015261
1998-05-27,-0.03781219824578164
1998-05-28,-0.017101327367387772
1998-05-29,-0.0008601385013892022
1998-06-01,0.0
1998-06-02,0.007313759709630498
1998-06-03,-0.0008549164527074455
1998-06-04,-0.012527025271724812
1998-06-05,0.007787782803091079
1998-06-08,-0.007787782803091066
1998-06-09,-0.009595825652063199
1998-06-10,-0.003941628136414806
1998-06-11,0.0
1998-06-12,-0.029018898293466232
1998-06-15,-0.012756485326940056
1998-06-16,0.002285043914713222
1998-06-17,0.02262163199232618
1998-06-18,-0.013958858821618276
1998-06-19,-0.00638293877995736
1998-06-22,-0.01563414934819244
1998-06-23,0.0404550380695665
1998-06-24,-0.022519653806981402
1998-06-25,0.004534177700957675
1998-06-26,-0.014149549811557856
1998-06-29,0.01958964913796815
1998-06-30,-0.010910088674220766
1998-07-01,0.002298431208400668
1998-07-02,-0.017911283722513705
1998-07-03,0.021987109527612955
1998-07-06,-0.026154004545300723
1998-07-07,-0.004677319769798735
1998-07-08,-0.008923271330562248
1998-07-09,-0.00897578135771372
1998-07-10,0.023503888551180362
1998-07-13,-0.0009275160931056236
1998-07-14,0.020261428591979047
1998-07-15,0.00817675022443136
1998-07-16,0.16161781785803486
1998-07-17,0.022757092032211157
1998-07-20,-0.0022307440040488916
1998-07-21,0.04277964013784124
1998-07-22,-0.02041458069821076
1998-07-23,-0.0014713112384426269
1998-07-24,-0.014502622574992952
1998-07-27,-0.046354749279036746
1998-07-28,-0.01740822712705195
1998-07-29,0.0
1998-07-30,0.0228695112278874
1998-07-31,0.0
1998-08-03,0.006228082350891155
1998-08-04,-0.01364700194764522
1998-08-05,-0.017841431153968402
1998-08-06,-0.032536516407470996
1998-08-07,0.0
1998-08-10,0.0
1998-08-11,-0.008301983346576275
1998-08-12,0.004172230130065628
1998-08-13,-0.005419808227466943
1998-08-14,0.017374900693222447
1998-08-17,-0.009062414928062175
1998-08-18,0.029752108849383917
1998-08-19,-0.004013894795431924
1998-08-20,0.003212497766811807
1998-08-21,-0.04438741042423713
1998-08-24,-0.004199890465613083
1998-08-25,0.00168228293654235
1998-08-26,0.010473813625248485
1998-08-27,0.007067591843439163
1998-08-28,0.0
1998-08-31,-0.05750384629681541
1998-09-01,-0.00043752598548545775
1998-09-02,0.01133592900798192
1998-09-03,-0.02015031791839722
1998-09-04,0.0
1998-09-07,0.04795304771003342
1998-09-08,0.010486902550033999
1998-09-09,-0.0067079870069682935
1998-09-10,-0.03809096173227242
1998-09-11,0.0
1998-09-14,-0.017621212353198707
1998-09-15,0.0030973466903853213
1998-09-16,-0.0057593233293964305
1998-09-17,-0.10069064562173673
1998-09-18,0.0
1998-09-21,-0.1325199010997021
1998-09-22,0.006479621102412776
1998-09-23,0.03536717665448293
1998-09-24,0.004294786117087725
1998-09-25,0.0
1998-09-28,0.004307939609326402
1998-09-29,-0.007527121417308966
1998-09-30,-0.0357541376237484
1998-10-01,-0.12461738548210592
1998-10-02,0.031130354318508333
1998-10-05,0.010378702771840486
1998-10-06,0.03105753938639934
1998-10-07,-0.07319780742093972
1998-10-08,0.024866709879173936
1998-10-09,-0.01217269570194121
1998-10-12,0.053889637553750834
1998-10-13,-0.0052251270869022115
1998-10-14,0.04540477195687497
1998-10-15,0.01579486574926426
1998-10-16,0.017746370357578006
1998-10-19,-0.021102985201561106
1998-10-20,0.05464832873021602
1998-10-21,-0.02422915440400506
1998-10-22,-0.007671520132946228
1998-10-23,0.00712762658809223
1998-10-26,0.04059523860844695
1998-10-27,0.06439118853679249
1998-10-28,-0.002971479342215356
1998-10-29,-0.010367446189688656
1998-10-30,0.0
1998-11-02,0.03327282583470254
1998-11-03,0.0
1998-11-04,0.09844724306089857
1998-11-05,-0.019378125239615518
1998-11-06,0.0
1998-11-09,-0.028876117963556092
1998-11-10,-0.0022850439147131113
1998-11-11,0.024906675907039252
1998-11-12,-0.022165289257165557
1998-11-13,0.016794935598098703
1998-11-16,0.03837063980260375
1998-11-17,-0.008238006031528826
1998-11-18,-0.008771761087063268
1998-11-19,0.02907830853263324
1998-11-20,0.0008529058749558069
1998-11-23,0.0
1998-11-24,0.0012778715492485257
1998-11-25,-0.0034115017555054108
1998-11-26,0.019065138618003637
1998-11-27,0.01667377428229042
1998-11-30,-0.025091206741147717
1998-12-01,0.0
1998-12-02,-0.047294741626613956
1998-12-03,-0.013858380090349199
1998-12-04,-0.07674198860963688
1998-12-07,-0.027632359960526133
1998-12-08,0.0
1998-12-09,0.03440141682544228
1998-12-10,0.00722999647009762
1998-12-11,0.0
1998-12-14,-0.007712130352225076
1998-12-15,0.01391220475185662
1998-12-16,0.02404048092097731
1998-12-17,0.005092301039254202
1998-12-18,0.0
1998-12-21,-0.0013860115627802976
1998-12-22,0.015171605207504693
1998-12-23,0.02659628357280558
1998-12-24,0.0
1998-12-25,0.0
1998-12-28,0.000443421648907515
1998-12-29,0.0022142285493526007
1998-12-30,-0.04627700061092644
1998-12-31,0.0
1999-01-01,0.0
1999-01-04,0.02792142520221964
1999-01-05,0.024451793814656075
1999-01-06,0.04550026185577359
1999-01-07,-0.012432847724858963
1999-01-08,0.01736311188459516
1999-01-11,0.011393889385007036
1999-01-12,0.0008258271302033403
1999-01-13,-0.037117139880931745
1999-01-14,0.0
1999-01-15,-0.06421094229308197
1999-01-18,-0.006283376655725022
1999-01-19,-0.015456819103592671
1999-01-20,0.11165922745210717
1999-01-21,-0.003766263236615766
1999-01-22,0.0
1999-01-25,-0.020279574683989377
1999-01-26,-0.011797547202484899
1999-01-27,0.020168461577586283
1999-01-28,0.019769723421716873
1999-01-29,0.019386984911166902
1999-02-01,0.023715887248364702
1999-02-02,-0.006276994040274848
1999-02-03,-0.017438893208089813
1999-02-04,-0.016137571525315482
1999-02-05,0.02868237164063889
1999-02-08,-0.01639241338320697
1999-02-09,-0.031995157888112295
1999-02-10,0.0
1999-02-11,0.008249534634380053
1999-02-12,0.0
1999-02-15,-0.008249534634380135
1999-02-16,-0.0066636117448630175
1999-02-17,-0.004166013162280908
1999-02-18,0.02972978855541608
1999-02-19,-0.011465067117568086
1999-02-22,-0.036023863035956026
1999-02-23,-0.007708809772915865
1999-02-24,0.01789553954036697
1999-02-25,-0.036117304883492345
1999-02-26,0.0
1999-03-01,-0.026458720950847538
1999-03-02,0.0
1999-03-03,-0.04130206040461447
1999-03-04,0.059848990267321774
1999-03-05,0.046559630867697224
1999-03-08,-0.028194707118658312
1999-03-09,0.01204168692162062
1999-03-10,-0.020919657633306863
1999-03-11,0.0013889818488993417
1999-03-12,0.0
1999-03-15,0.029752286284768004
1999-03-16,0.026592572439239716
1999-03-17,0.011495080460651773
1999-03-18,0.013128943444956949
1999-03-19,0.005300288951889177
1999-03-22,0.0011287973976714263
1999-03-23,-0.027593236521615713
1999-03-24,-0.028172959105243294
1999-03-25,0.006576321439771559
1999-03-26,-0.0023727084295711
1999-03-29,0.004714284583746804
1999-03-30,0.011677210450701215
1999-03-31,0.014951783246672344
1999-04-01,-0.010660351787493836
1999-04-02,0.0
1999-04-05,0.0
1999-04-06,0.009852082912116512
1999-04-07,0.017011192278707746
1999-04-08,0.0
1999-04-09,0.017200793186814695
1999-04-12,-0.0031551322694863154
1999-04-13,0.0
1999-04-14,0.021461468945446305
1999-04-15,0.0004646908906899273
1999-04-16,0.0
1999-04-19,-0.003562733567849239
1999-04-20,0.014037914367757805
1999-04-21,0.041895014807339453
1999-04-22,0.029002049962965213
1999-04-23,0.0
1999-04-26,0.014170467307985216
1999-04-27,0.0
1999-04-28,-0.004234506596169309
1999-04-29,-0.01638544766828574
1999-04-30,0.0018532142319687135
1999-05-03,0.0003012040620186048
1999-05-04,0.007845830332295921
1999-05-05,0.02238106099924188
1999-05-06,-0.012881908983064724
1999-05-07,0.011628456721882936
1999-05-10,-0.0020926196782475597
1999-05-11,-0.0027904255115768868
1999-05-12,0.00768057995226333
1999-05-13,0.0
1999-05-14,-0.018240403319413817
1999-05-17,0.013350248878727345
1999-05-18,-0.023314694470532124
1999-05-19,-0.022115621015427946
1999-05-20,-0.017248541064212156
1999-05-21,-0.017232879632243313
1999-05-24,0.0
1999-05-25,0.007821010486696369
1999-05-26,-0.025379679948327846
1999-05-27,0.024343185168481562
1999-05-28,-0.017438789974934327
1999-05-31,-0.013694027752242008
1999-06-01,0.007551309892252748
1999-06-02,0.0030877169792764927
1999-06-03,0.0
1999-06-04,-0.00016115701826951122
1999-06-07,-0.0036882372945648972
1999-06-08,0.03405558742321254
1999-06-09,0.018861118956473022
1999-06-10,-0.0018859383752858015
1999-06-11,-0.022953091262590115
1999-06-14,0.0287741031439842
1999-06-15,0.0063941566117906735
1999-06-16,0.00013001088359628748
1999-06-17,0.016211871176687234
1999-06-18,0.01578526517987302
1999-06-21,-0.002101625029758711
1999-06-22,0.041497925734978416
1999-06-23,0.011757369854047857
1999-06-24,-0.016086300623032183
1999-06-25,-0.0112727839339767
1999-06-28,0.003131746680702406
1999-06-29,0.019027595454413303
1999-06-30,0.0078691030394966
1999-07-01,-0.005466122620228276
1999-07-02,0.024774395418716393
1999-07-05,0.012025782409415589
1999-07-06,0.012130184855046395
1999-07-07,0.004561216262856057
1999-07-08,-0.0013849333577353395
1999-07-09,0.002521923272585462
1999-07-12,0.0
1999-07-13,-0.018484325663570843
1999-07-14,-0.0028205513897008863
1999-07-15,0.03621211521524426
1999-07-16,0.008805633364882492
1999-07-19,-0.0037061236346525284
1999-07-20,-0.0037196314135281893
1999-07-21,-0.02389193137198789
1999-07-22,-0.010358631575575157
1999-07-23,-0.001157706896493231
1999-07-26,0.036637159627718886
1999-07-27,-0.037931113521582155
1999-07-28,0.0025867162264926707
1999-07-29,-0.009044862717092568
1999-07-30,-0.02097703837645254
1999-08-02,0.015123561853554303
1999-08-03,0.014898339239990928
1999-08-04,0.0025607721879175502
1999-08-05,0.017159702562858554
1999-08-06,-0.022307190977268635
1999-08-09,-0.0012770075463456132
1999-08-10,0.0
1999-08-11,-0.023380578543067732
1999-08-12,0.0039546485477439585
1999-08-13,0.015547607401257435
1999-08-16,0.011705791585057993
1999-08-17,0.01826746547744415
1999-08-18,-0.003778143755681056
1999-08-19,-0.021291237135971693
1999-08-20,-0.003874629791594556
1999-08-23,0.009408455759591533
1999-08-24,0.019535554923655853
1999-08-25,0.0068966326839750985
1999-08-26,0.007964771670882016
1999-08-27,-0.004842217584331023
1999-08-30,0.014198522996369044
1999-08-31,-0.0033185298261966104
1999-09-01,-0.03277315073636131
1999-09-02,0.01375793780289297
1999-09-03,-0.02155440551490982
1999-09-06,0.013997809197598642
1999-09-07,0.009437020666062506
1999-09-08,0.008231372708935179
1999-09-09,0.015896341021996597
1999-09-10,0.03224362589403934
1999-09-13,0.02130873822645735
1999-09-14,-0.021077996660367793
1999-09-15,-0.013097473901832664
1999-09-16,-0.012177996506477792
1999-09-17,-0.013084390858807448
1999-09-20,-0.013856019691358268
1999-09-21,0.02402310169840561
1999-09-22,0.0025530989847822173
1999-09-23,-0.022842495455924004
1999-09-24,0.027566637307976545
1999-09-27,-0.03756696711657603
1999-09-28,0.018645980641466164
1999-09-29,-0.024175239996877068
1999-09-30,-0.009641470488452994
1999-10-01,-0.014105458672870337
1999-10-04,0.00025165229668431296
1999-10-05,0.029024536220049923
1999-10-06,0.02233374275966494
1999-10-07,-0.014459798922591324
1999-10-08,0.011769019291582703
1999-10-11,-0.004068084603905619
1999-10-12,0.007862720300081436
1999-10-13,-0.0019509380068273294
1999-10-14,-0.0277734474880797
1999-10-15,-0.01271329183718179
1999-10-18,-0.006407861528200152
1999-10-19,-0.022391584370590426
1999-10-20,0.02624511889113719
1999-10-21,0.010844664734943409
1999-10-22,0.003797698780872772
1999-10-25,0.020260625033625492
1999-10-26,0.0076403993082109975
1999-10-27,0.01898585028553616
1999-10-28,0.010201071157822093
1999-10-29,0.011266907220296397
1999-11-01,0.009389514397994412
1999-11-02,-0.002334964475379194
1999-11-03,0.024306874406172293
1999-11-04,0.03095670586928177
1999-11-05,0.005207902153477804
1999-11-08,0.0008764086752058201
1999-11-09,0.002756528087764443
1999-11-10,0.016348902578306374
1999-11-11,0.024555474940027383
1999-11-12,0.010498619948499483
1999-11-15,-0.014732278299940437
1999-11-16,-0.0042355885331058826
1999-11-17,0.008469246884546786
1999-11-18,0.018390274319025953
1999-11-19,0.020906630340711985
1999-11-22,0.005870031922323213
1999-11-23,-0.043064484798571015
1999-11-24,0.009960800133956397
1999-11-25,0.0071650914362654545
1999-11-26,0.029667269864416194
1999-11-29,0.017416480918208854
1999-11-30,0.008360939491281834
1999-12-01,-0.022272842038680282
1999-12-02,-0.006023759548873069
1999-12-03,0.04634135263367958
1999-12-06,0.0
1999-12-07,0.09783737676467272
1999-12-08,-0.014145023385028486
1999-12-09,-0.0015929001463894767
1999-12-10,0.012856529485739274
1999-12-13,-0.0129358768398846
1999-12-14,0.0
1999-12-15,0.02578472435727907
1999-12-16,0.008175477409574427
1999-12-17,0.01865179576948848
1999-12-20,0.004201139332373215
1999-12-21,-0.020287769282769093
1999-12-22,0.005620220431502726
1999-12-23,-0.0005095450239148389
1999-12-24,0.0
1999-12-27,0.02541737927628432
1999-12-28,-0.008571918541100742
1999-12-29,0.02557223105782795
1999-12-30,0.00972466520151661
1999-12-31,0.0
2000-01-03,0.4014205535159861
2000-01-04,-0.0412438049748734
2000-01-05,-0.03442238813507912
2000-01-06,-0.012302194721881989
2000-01-07,0.0394417193876249
2000-01-10,0.05779544945525307
2000-01-11,0.006875520595515566
2000-01-12,-0.010653212306544231
2000-01-13,0.03808025912978594
2000-01-14,0.05063432025400107
2000-01-17,0.02193862488451559
2000-01-18,-0.042036269513664785
2000-01-19,-0.013245115797373074
2000-01-20,0.04601077202781553
2000-01-21,-0.003133758484326778
2000-01-24,0.026293682223234797
2000-01-25,0.00955251412858563
2000-01-26,0.0
2000-01-27,0.05414134497781078
2000-01-28,0.007973259163593174
2000-01-31,-0.08267653195669364
2000-02-01,0.03558944242773139
2000-02-02,0.0010398333249343667
2000-02-03,0.053760825884587
2000-02-04,0.058849618634445836
2000-02-07,0.009245358503062481
2000-02-08,0.0479132748510612
2000-02-09,0.04906874533133899
2000-02-10,-0.0374406399276136
2000-02-11,-0.008708668993135129
2000-02-14,0.028284505373938514
2000-02-15,-0.08212783140590382
2000-02-16,0.0011684911258032626
2000-02-17,0.01645845127878666
2000-02-18,-0.03300551319894315
2000-02-21,0.018389185564667423
2000-02-22,0.012801138707797564
2000-02-23,0.08973328764914233
2000-02-24,-0.006165383871916391
2000-02-25,0.05272084305046508
2000-02-28,-0.04849749805373602
2000-02-29,0.029162836286864186
2000-03-01,0.015604203610693073
2000-03-02,0.022228445991059883
2000-03-03,-0.005130134301360539
2000-03-06,-0.024063017989232913
2000-03-07,-0.016260761870744527
2000-03-08,-0.0368451703177865
2000-03-09,0.034109330514675996
2000-03-10,0.021681135628607566
2000-03-13,0.0
2000-03-14,-0.08793808997323004
2000-03-15,-0.10946715428363116
2000-03-16,-0.003861521742666321
2000-03-17,0.047946693551953315
2000-03-20,0.09104510649807894
2000-03-21,-0.03035775077730253
2000-03-22,-0.07130652634223097
2000-03-23,-0.00025268620054365353
2000-03-24,0.04352258761284585
2000-03-27,-0.0325883137697058
2000-03-28,-0.019565143852828575
2000-03-29,-0.017033645808254852
2000-03-30,-0.03798984737950883
2000-03-31,0.009983640815004115
2000-04-03,-0.054741425645196885
2000-04-04,-0.03183946247093042
2000-04-05,-0.02996136131995755
2000-04-06,0.08305231569377759
2000-04-07,0.033556512029844804
2000-04-10,0.019148897672658233
2000-04-11,-0.05208549143415581
2000-04-12,-0.025045614703586766
2000-04-13,0.015422683067083602
2000-04-14,-0.06502585812390146
2000-04-17,0.04932058355578927
2000-04-18,0.03089377456813329
2000-04-19,0.0
2000-04-20,0.026370695307425668
2000-04-21,0.0
2000-04-24,0.0
2000-04-25,0.011610609406843117
2000-04-26,0.02861068786653587
2000-04-27,-0.028610687866535835
2000-04-28,0.07250473882436267
2000-05-01,0.0
2000-05-02,0.039102746094475505
2000-05-03,-0.03848948087493797
2000-05-04,0.005197957558856937
2000-05-05,0.036237115718639044
2000-05-08,0.0
2000-05-09,0.0
2000-05-10,0.0
2000-05-11,-0.10209789546003425
2000-05-12,0.006493453280835544
2000-05-15,-0.003501456070877476
2000-05-16,0.02950366372362247
2000-05-17,-0.04172368380957443
2000-05-18,-0.014637595865036802
2000-05-19,-0.01600683201598767
2000-05-22,-0.03729715670050583
2000-05-23,0.03185871629611385
2000-05-24,-0.011655928103884765
2000-05-25,0.025533272148781844
2000-05-26,0.00970089834847844
2000-05-29,0.037888154773208706
2000-05-30,-0.0028247294887859316
2000-05-31,0.010551024217248343
2000-06-01,0.04228385168016422
2000-06-02,0.030032473331613463
2000-06-05,-0.011905118039460474
2000-06-06,-0.010776029525168101
2000-06-07,-0.010404727968831603
2000-06-08,0.0116748618625995
2000-06-09,0.003500119946887893
2000-06-12,-0.025935852300467754
2000-06-13,0.01685880158444196
2000-06-14,-0.002434881129251967
2000-06-15,-0.013558713003681208
2000-06-16,-0.07295409917250441
2000-06-19,0.056512126350402564
2000-06-20,0.02186299760751056
2000-06-21,-0.01622738240312312
2000-06-22,-0.012883306410284772
2000-06-23,0.008816362857980804
2000-06-26,0.0031296707579358224
2000-06-27,-0.008473037368219857
2000-06-28,-0.010454816732039579
2000-06-29,-0.01527508916341977
2000-06-30,0.026360168036944957
2000-07-03,0.027584519019853978
2000-07-04,0.029048641518128866
2000-07-05,-0.0029807115779101
2000-07-06,-0.029382559759902654
2000-07-07,0.0
2000-07-10,0.02938255975990273
2000-07-11,-0.008393213075450637
2000-07-12,0.050880842781946586
2000-07-13,0.0
2000-07-14,0.02837418554142538
2000-07-17,0.009410575505283587
2000-07-18,-0.008298815551162735
2000-07-19,-0.02247281582316094
2000-07-20,0.014104442197602235
2000-07-21,-0.019859576457681303
2000-07-24,0.033602531680789124
2000-07-25,-0.013182539448750256
2000-07-26,-0.02626595517063619
2000-07-27,-0.034918950602294885
2000-07-28,-0.0335322856176845
2000-07-31,0.018539378100750903
2000-08-01,0.016479879288903165
2000-08-02,-0.013583825059918552
2000-08-03,-0.04296294837366689
2000-08-04,-0.013614082602694904
2000-08-07,0.030452807767009673
2000-08-08,0.02630530276028979
2000-08-09,0.02080473472283942
2000-08-10,-0.00295417731206209
2000-08-11,-0.03308587553346013
2000-08-14,0.013064203502102913
2000-08-15,-0.0015103884628804708
2000-08-16,-0.002421136472784489
2000-08-17,0.005439575847601225
2000-08-18,0.021467798431483127
2000-08-21,0.027063962658291245
2000-08-22,0.0037254006685686794
2000-08-23,-0.0068886270411737715
2000-08-24,0.03620316635261838
2000-08-25,-0.023780513897957885
2000-08-28,0.011201767919783669
2000-08-29,0.007566284916449396
2000-08-30,-0.01734710441444374
2000-08-31,0.025133569810928416
2000-09-01,0.026784864168211343
2000-09-04,0.020288830636012112
2000-09-05,-0.00636266214697217
2000-09-06,-0.02695592632645674
2000-09-07,0.009733918422015948
2000-09-08,-0.043069949634074574
2000-09-11,0.020964772655749173
2000-09-12,-0.007106932297296543
2000-09-13,0.0
2000-09-14,-0.007887414165531717
2000-09-15,0.011391691133374817
2000-09-18,-0.028497279298601685
2000-09-19,-0.016938736770460858
2000-09-20,-0.037897248139245096
2000-09-21,-0.04253316172447833
2000-09-22,-0.05235456153902802
2000-09-25,0.04957995757726231
2000-09-26,-0.012454164607787527
2000-09-27,-0.02067231362089767
2000-09-28,-0.013141094147911155
2000-09-29,-0.0349970242462858
2000-10-02,0.00273598908898693
2000-10-03,0.0
2000-10-04,-0.04928197498920711
2000-10-05,0.05201043137457627
2000-10-06,-0.022735763154965907
2000-10-09,-0.01686629969193469
2000-10-10,0.02891903604858005
2000-10-11,-0.03275337539992365
2000-10-12,-0.0029926895052519976
2000-10-13,0.0
2000-10-16,0.0
2000-10-17,0.0
2000-10-18,0.0
2000-10-19,0.0
2000-10-20,0.0
2000-10-23,0.02883690544255492
2000-10-24,0.0
2000-10-25,-0.01325997127885059
2000-10-26,-0.002039747482080619
2000-10-27,0.0164775253119254
2000-10-30,0.020493559752236223
2000-10-31,0.0
2000-11-01,0.0320451736812684
2000-11-02,0.00726668349226712
2000-11-03,0.012059521878033682
2000-11-06,-0.007568783278256034
2000-11-07,-0.03468554436461007
2000-11-08,-0.05535283933482355
2000-11-09,-0.028759966762709047
2000-11-10,-0.031571650708049626
2000-11-13,-0.018202333892167234
2000-11-14,0.0
2000-11-15,0.05887348307043869
2000-11-16,-0.035251880343954343
2000-11-17,-0.012234710203312363
2000-11-20,-0.03952473423076324
2000-11-21,0.023438452018500294
2000-11-22,-0.027399120819075126
2000-11-23,0.04652039090578677
2000-11-24,0.03058787506883282
2000-11-27,0.018923367490131696
2000-11-28,-0.033802078705502225
2000-11-29,0.022709559825408114
2000-11-30,-0.043279241081867495
2000-12-01,0.03948128960774973
2000-12-04,-0.03008601472462991
2000-12-05,0.07200485746645889
2000-12-06,0.018770216879282684
2000-12-07,-0.0013781936745173814
2000-12-08,0.032567362140971626
2000-12-11,-0.000667996796993402
2000-12-12,-0.009395906351543736
2000-12-13,-0.03898353613832431
2000-12-14,-0.02147270165291958
2000-12-15,-0.0335803182241685
2000-12-18,0.014780315839929073
2000-12-19,0.01779671929965146
2000-12-20,-0.07047403290394337
2000-12-21,0.01625546655363724
2000-12-22,0.03129904425341447
2000-12-25,0.0
2000-12-26,0.0
2000-12-27,0.008765895316696944
2000-12-28,0.013723248612404669
2000-12-29,-0.001435719588274067
2001-01-01,0.0
2001-01-02,-0.018122792268202747
2001-01-03,0.03380388380058456
2001-01-04,-0.013527964809317216
2001-01-05,0.0
2001-01-08,0.013245213667573232
2001-01-09,0.004517173403733272
2001-01-10,-0.028573389633438685
2001-01-11,0.02857338963343863
2001-01-12,0.019526550131088213
2001-01-15,0.018474464222278747
2001-01-16,-0.014339537277036466
2001-01-17,0.044391797058850914
2001-01-18,0.0
2001-01-19,0.025975696980377883
2001-01-22,-0.009662052724338392
2001-01-23,0.007801334697561245
2001-01-24,0.010794916517957777
2001-01-25,0.0057016646214486455
2001-01-26,-0.02429791583696779
2001-01-29,-0.0029168243416475914
2001-01-30,-0.017351783643231908
2001-01-31,0.020527507031919214
2001-02-01,-0.011388528577200895
2001-02-02,-0.0025556887433049787
2001-02-05,-0.011217720003611297
2001-02-06,0.0016575969026776007
2001-02-07,-0.032383669406881
2001-02-08,0.012647198304061852
2001-02-09,-0.03262067248815787
2001-02-12,0.005221882385644111
2001-02-13,0.0068512142278138255
2001-02-14,-0.013820216957712225
2001-02-15,0.0
2001-02-16,-0.0033620230158030572
2001-02-19,-0.01427491506583391
2001-02-20,-0.027638055426656483
2001-02-21,-0.018833981930309402
2001-02-22,-0.009891270870292629
2001-02-23,-0.07861541439508389
2001-02-26,0.04822785923516401
2001-02-27,0.005848090731287385
2001-02-28,-0.014605605099188214
2001-03-01,-0.0164469280259208
2001-03-02,0.02472875600494384
2001-03-05,0.03045904052398724
2001-03-06,0.037740496596362486
2001-03-07,-0.007062053391185829
2001-03-08,-0.010875507136534667
2001-03-09,-0.05026197659262927
2001-03-12,-0.04958372312371426
2001-03-13,-0.015198174781977243
2001-03-14,-0.428488010693757
2001-03-15,0.4359061332760602
2001-03-16,-0.07923130273952664
2001-03-19,0.023361455817891844
2001-03-20,0.040466662445927865
2001-03-21,-0.04840216021036412
2001-03-22,-0.06385259437655005
2001-03-23,0.04660687961421829
2001-03-26,0.06777768696802779
2001-03-27,0.061875525924375965
2001-03-28,-0.040822101244327134
2001-03-29,-0.007528219783486672
2001-03-30,-0.02982740645596311
2001-04-02,-0.003292576081035825
2001-04-03,-0.05733205622651866
2001-04-04,0.0026615246095577534
2001-04-05,0.054062802471424594
2001-04-06,-0.008284493279436204
2001-04-09,0.001749874553623083
2001-04-10,0.04277790395193057
2001-04-11,0.03457181820071411
2001-04-12,0.017006475996323652
2001-04-13,0.0
2001-04-16,0.0
2001-04-17,-0.04656564795713342
2001-04-18,0.07680685428173191
2001-04-19,0.0070744057307917324
2001-04-20,-0.026005442538029735
2001-04-23,-0.017053716230166677
2001-04-24,0.0035136958691492975
2001-04-25,0.01652420349102086
2001-04-26,-0.05132221233602105
2001-04-27,-0.006624990645036124
2001-04-30,-0.3689167051681433
2001-05-01,0.0
2001-05-02,0.024686905605624792
2001-05-03,-0.022766267750330922
2001-05-04,0.010973396806549178
2001-05-07,0.0
2001-05-08,-0.0021372241467921046
2001-05-09,-0.01823493762238221
2001-05-10,0.0
2001-05-11,0.02297857036719088
2001-05-14,-0.01730458744522619
2001-05-15,-0.00012030642879506099
2001-05-16,0.026611356219786348
2001-05-17,0.026606546171402245
2001-05-18,0.004555505413406858
2001-05-21,0.02191730023456094
2001-05-22,0.00830327328378694
2001-05-23,-0.008081210067548975
2001-05-24,0.013030323558536967
2001-05-25,-0.008483439975185754
2001-05-28,-0.003657830603290978
2001-05-29,-0.0195119400788992
2001-05-30,-0.0335071037962605
2001-05-31,-0.00799436726394881
2001-06-01,-0.023164758135230883
2001-06-04,0.008060859182072043
2001-06-05,0.022864091142048352
2001-06-06,-0.0032849061601733635
2001-06-07,0.0035190812352328283
2001-06-08,0.0005852546550017036
2001-06-11,-0.020572851849209414
2001-06-12,-0.04745915533131395
2001-06-13,0.0015021452930694455
2001-06-14,-0.016775197794145165
2001-06-15,0.0
2001-06-18,-0.06952012633982205
2001-06-19,0.017034330167082338
2001-06-20,-0.043142803515312626
2001-06-21,0.007529311323734023
2001-06-22,-0.0062702453372912165
2001-06-25,0.014708227209853085
2001-06-26,-0.011498533828938126
2001-06-27,-0.033003074274439985
2001-06-28,0.03132984889341409
2001-06-29,0.011793326153160217
2001-07-02,0.008515350790182789
2001-07-03,0.0021857105069034892
2001-07-04,-0.02669021659019372
2001-07-05,-0.048972649257987076
2001-07-06,-0.05911668244698214
2001-07-09,-0.03237359970259012
2001-07-10,-0.011028206454235703
2001-07-11,-0.013462924129516305
2001-07-12,0.051541350984850916
2001-07-13,0.0
2001-07-16,-0.04331081438561113
2001-07-17,0.010923868472302652
2001-07-18,-0.025787636118033384
2001-07-19,0.02724591209904657
2001-07-20,-0.023094868757686262
2001-07-23,0.009072266373702596
2001-07-24,-0.07410838881961757
2001-07-25,0.01509367649164096
2001-07-26,0.043125401116371996
2001-07-27,0.027317819660929894
2001-07-30,0.0153045896601156
2001-07-31,0.02837051490103185
2001-08-01,0.002328224892504748
2001-08-02,0.013857096762051251
2001-08-03,-0.02085839966498254
2001-08-06,-0.010200061235049627
2001-08-07,-0.0023687445416968964
2001-08-08,-0.023515249404773238
2001-08-09,-0.03676361917238447
2001-08-10,-0.009278647756009797
2001-08-13,0.01513888373162603
2001-08-14,0.005162098616641497
2001-08-15,-0.010350820009343915
2001-08-16,-0.04268371954488499
2001-08-17,-0.03710725245899864
2001-08-20,-0.013172605814583595
2001-08-21,0.0036764914495884494
2001-08-22,0.018002326051040737
2001-08-23,0.0019802633476524167
2001-08-24,0.06913653846229958
2001-08-27,0.007191284920500888
2001-08-28,-0.011901850025460776
2001-08-29,-0.01102161625030352
2001-08-30,-0.058633980478077115
2001-08-31,0.013468796681983248
2001-09-03,-0.03300389616965002
2001-09-04,0.04787670862875812
2001-09-05,-0.0710032171735966
2001-09-06,-0.03944742586873824
2001-09-07,-0.05237818665364511
2001-09-10,-0.013325504274144358
2001-09-11,-0.05736794192016957
2001-09-12,0.02086882221317558
2001-09-13,-0.0026125590696249915
2001-09-14,-0.07370562798080992
2001-09-17,0.016983018555427512
2001-09-18,-0.0020782249640974404
2001-09-19,-0.05341237480714411
2001-09-20,-0.08947511005008922
2001-09-21,0.0039919748845734454
2001-09-24,0.0
2001-09-25,0.06528541052128096
2001-09-26,0.04405132300159633
2001-09-27,0.011834624785519578
2001-09-28,-0.014457073616438566
2001-10-01,-0.011766119552703477
2001-10-02,0.0
2001-10-03,0.0
2001-10-04,0.10969884268977285
2001-10-05,-0.06713938450587205
2001-10-08,0.024014873158617285
2001-10-09,0.011459194711545087
2001-10-10,0.05941514602910409
2001-10-11,0.04527512815327171
2001-10-12,-0.031683640287861935
2001-10-15,-0.009389782170431637
2001-10-16,0.0
2001-10-17,0.06669798826261973
2001-10-18,-0.019806545093071937
2001-10-19,-0.013898713187779974
2001-10-22,0.01089358833951491
2001-10-23,0.04664816006257077
2001-10-24,0.055315752538924526
2001-10-25,-0.012764727278169805
2001-10-26,0.05080720317640771
2001-10-29,-0.0442220422220712
2001-10-30,-0.055283097138616503
2001-10-31,0.03651182794032341
2001-11-01,0.0105333766445359
2001-11-02,-0.016869472896286705
2001-11-05,0.05013357440140819
2001-11-06,0.0003555743868156327
2001-11-07,0.0320096013324968
2001-11-08,0.03899571519361777
2001-11-09,-0.017705781538749625
2001-11-12,-0.05116899780697274
2001-11-13,0.024874419235225174
2001-11-14,0.07240092371815962
2001-11-15,0.06781195482944988
2001-11-16,0.02230607612885192
2001-11-19,0.004401938775881854
2001-11-20,-0.024304616320501796
2001-11-21,-0.005716891300966734
2001-11-22,0.017646844865276873
2001-11-23,0.005027057603073881
2001-11-26,0.010271526297720528
2001-11-27,0.0072725817686421865
2001-11-28,-0.0512930279658774
2001-11-29,-0.014598790714563279
2001-11-30,0.021440353311052044
2001-12-03,-0.0039471620059746545
2001-12-04,0.019134175798340005
2001-12-05,0.09448252346416744
2001-12-06,0.005416290265640393
2001-12-07,-0.0266865496222446
2001-12-10,-0.02813137886524283
2001-12-11,0.030209603782778847
2001-12-12,-0.020273214245333283
2001-12-13,-0.03302540497138507
2001-12-14,-0.01604032969326098
2001-12-17,0.06378747909216535
2001-12-18,-0.008385829764358659
2001-12-19,-0.011717611891290357
2001-12-20,-0.02037112597461324
2001-12-21,0.03908160088936012
2001-12-24,0.0
2001-12-25,0.0
2001-12-26,0.0
2001-12-27,0.027086609788067883
2001-12-28,0.008508975408849644
2001-12-31,0.0
2002-01-01,0.0
2002-01-02,-0.0026933554783112727
2002-01-03,0.049336039325257285
2002-01-04,-0.0019275350142366641
2002-01-07,-0.02013698875824256
2002-01-08,0.006540147821079664
2002-01-09,0.023452086385799566
2002-01-10,-0.02894292427949122
2002-01-11,-0.003677380063278146
2002-01-14,-0.04494247295451807
2002-01-15,0.0
2002-01-16,-0.04806807528906613
2002-01-17,0.05205150095074343
2002-01-18,0.007557825399602919
2002-01-21,-0.026044505517815564
2002-01-22,-0.021944369123746102
2002-01-23,0.024070014082162354
2002-01-24,0.0029683863804182225
2002-01-25,0.0035224132804664607
2002-01-28,-0.0021117433704004817
2002-01-29,-0.009739279374219027
2002-01-30,0.005755445306423321
2002-01-31,-0.01663685522878764
2002-02-01,0.010592813868784837
2002-02-04,-0.03795123332522473
2002-02-05,-0.014345418730843757
2002-02-06,-0.03308874174475578
2002-02-07,0.03004211922730345
2002-02-08,-0.018631483823755617
2002-02-11,0.04021253700920545
2002-02-12,-0.023107384525777073
2002-02-13,0.010638422571344671
2002-02-14,0.014258864815917054
2002-02-15,-0.03195054563053556
2002-02-18,0.015421251867842043
2002-02-19,-0.025939453606516314
2002-02-20,-0.01741080255164377
2002-02-21,0.028082910274499433
2002-02-22,-0.050160151409895014
2002-02-25,0.03793196637274491
2002-02-26,0.02141673589947794
2002-02-27,0.02944017015663435
2002-02-28,0.002070107130695016
2002-03-01,0.017570305541337303
2002-03-04,0.0502404224406148
2002-03-05,0.021168208429730703
2002-03-06,0.011287259962640319
2002-03-07,0.01669598044508058
2002-03-08,0.02619764713139788
2002-03-11,-0.010940100339672713
2002-03-12,-0.030484597349494047
2002-03-13,-0.020897138643690746
2002-03-14,0.010165983653556837
2002-03-15,0.021876265515459684
2002-03-18,0.011935244595841565
2002-03-19,-0.0036571771353185313
2002-03-20,-0.03488568148585762
2002-03-21,-0.0074803826502699315
2002-03-22,0.021607796183008787
2002-03-25,-0.01684100720739533
2002-03-26,0.010810977340681262
2002-03-27,0.0
2002-03-28,0.021277207212779023
2002-03-29,0.0
2002-04-01,0.0
2002-04-02,-0.036172721079818324
2002-04-03,-0.013598344240600928
2002-04-04,-0.012664451098276562
2002-04-05,-0.006745441153326189
2002-04-08,-0.021521467342090837
2002-04-09,0.0034516763985013893
2002-04-10,0.014963044063928179
2002-04-11,-0.03585410790687894
2002-04-12,-0.014918272283810406
2002-04-15,0.0278816091096343
2002-04-16,0.03414251474487697
2002-04-17,-0.014651936022969759
2002-04-18,-0.020938983782576186
2002-04-19,-0.0163649390643065
2002-04-22,-0.06104841559074977
2002-04-23,-0.0015673467294351317
2002-04-24,-0.002512312905443217
2002-04-25,0.0417272816966602
2002-04-26,-0.0018111752542787152
2002-04-29,-0.0059096860146305285
2002-04-30,0.02565591451262776
2002-05-01,0.0
2002-05-02,-0.014322160358506877
2002-05-03,-0.02218281134787028
2002-05-06,-0.016887787245302575
2002-05-07,0.016273017525010453
2002-05-08,0.05371903867714662
2002-05-09,-0.018230034299971654
2002-05-10,-0.028137026157987518
2002-05-13,0.036999764588900794
2002-05-14,0.04317208309748971
2002-05-15,0.013708420025080931
2002-05-16,-0.013004355558916034
2002-05-17,0.009246202682083447
2002-05-20,-0.005032722127992718
2002-05-21,-0.007738504370495479
2002-05-22,-0.02213569910774244
2002-05-23,-0.014546071470697758
2002-05-24,0.00918868376994593
2002-05-27,0.01684331231407504
2002-05-28,0.0
2002-05-29,-0.026911225837141447
2002-05-30,-0.02810790121045225
2002-05-31,-0.004535359550119544
2002-06-03,-0.005774083719293119
2002-06-04,-0.029695976875241007
2002-06-05,0.0009411745230623282
2002-06-06,0.009677291548593309
2002-06-07,-0.018498661635281414
2002-06-10,0.0009488402743628695
2002-06-11,-0.0018985071124534838
2002-06-12,-0.036778563433788956
2002-06-13,0.010623546173648864
2002-06-14,-0.03507361957864937
2002-06-17,0.040424250150589626
2002-06-18,-0.011220289039779455
2002-06-19,-0.035792524027404696
2002-06-20,-0.0054384256624000135
2002-06-21,0.018739193082727222
2002-06-24,-0.03367658705049712
2002-06-25,0.011523075635324377
2002-06-26,-0.05663526655999653
2002-06-27,0.06039006353262265
2002-06-28,0.0348212807027681
2002-07-01,-0.004617620353579265
2002-07-02,-0.05190217540471216
2002-07-03,-0.02360508862244899
2002-07-04,0.0427451325570382
2002-07-05,0.07325399077976381
2002-07-08,-0.007968552394839602
2002-07-09,-0.052220011145359534
2002-07-10,-0.048705777410556296
2002-07-11,0.0035330943549040246
2002-07-12,0.0008817207907612675
2002-07-15,-0.03990456859030467
2002-07-16,0.02660062889768057
2002-07-17,0.05048964979326968
2002-07-18,-0.005106784589524556
2002-07-19,-0.05435137607952855
2002-07-22,-0.053666813893128204
2002-07-23,-0.04869534612500228
2002-07-24,0.00795265450299159
2002-07-25,-0.05809106277589006
2002-07-26,0.02793780668429514
2002-07-29,0.07374332620326554
2002-07-30,-0.008758577116769577
2002-07-31,-0.03483149299490098
2002-08-01,-0.053275690374484236
2002-08-02,-0.0609249411111495
2002-08-05,-0.07847175198469404
2002-08-06,0.07491386289917758
2002-08-07,-0.013230277389322085
2002-08-08,0.09160955480194068
2002-08-09,0.0061599774308267585
2002-08-12,-0.04608132358045369
2002-08-13,0.028111336788233233
2002-08-14,-0.024901168584816342
2002-08-15,0.0271910963099719
2002-08-16,0.021802610830297404
2002-08-19,0.040862663649431516
2002-08-20,-0.028527834874027224
2002-08-21,0.06308014661190074
2002-08-22,-0.004917752609473709
2002-08-23,0.0
2002-08-26,0.0
2002-08-27,0.0
2002-08-28,0.0
2002-08-29,-0.10275144514450583
2002-08-30,0.009827783825818174
2002-09-02,-0.03622895675347862
2002-09-03,-0.07038106983535522
2002-09-04,0.002312098971136511
2002-09-05,-0.011614326578549104
2002-09-06,0.046562398831119164
2002-09-09,-0.020047754357165083
2002-09-10,0.0267161227121908
2002-09-11,0.03611421841068839
2002-09-12,-0.06602099957020115
2002-09-13,-0.02379153074961564
2002-09-16,-0.005861056564006764
2002-09-17,-0.027653712919377082
2002-09-18,-0.07267703620639279
2002-09-19,-0.03761043042937526
2002-09-20,0.005383434319177959
2002-09-23,-0.02555847142076277
2002-09-24,0.03224746757887686
2002-09-25,0.0216310604050539
2002-09-26,-0.008385755988493303
2002-09-27,-0.044116907050977316
2002-09-30,-0.06710879002723047
2002-10-01,0.023831588936276106
2002-10-02,0.013124024142361026
2002-10-03,-0.03226061711976924
2002-10-04,-0.0430690520211096
2002-10-07,-0.018507513494504794
2002-10-08,-0.002181505356110166
2002-10-09,0.011478186449766486
2002-10-10,0.07657259353514573
2002-10-11,0.06979267992421032
2002-10-14,-0.017471664163750046
2002-10-15,0.10590262023751089
2002-10-16,-0.03777758551144174
2002-10-17,0.06496603196521472
2002-10-18,0.0004740859907761768
2002-10-21,0.025762869275812707
2002-10-22,-0.02980393338151937
2002-10-23,-0.04831376217192917
2002-10-24,0.04329872350286428
2002-10-25,0.028557080731094007
2002-10-28,0.046371519542589626
2002-10-29,-0.058073374570812825
2002-10-30,0.06405247264248089
2002-10-31,0.05373042751162206
2002-11-01,0.010615127257266842
2002-11-04,0.06123338217217072
2002-11-05,-0.024643910801142106
2002-11-06,-0.033488602525658356
2002-11-07,-0.055157160834885074
2002-11-08,-0.019157213098718255
2002-11-11,-0.04060901960735429
2002-11-12,0.032797438215690485
2002-11-13,-0.01649177984117968
2002-11-14,0.0553848785823608
2002-11-15,0.026793155508484965
2002-11-18,-0.018636836791066168
2002-11-19,-0.005358450382036695
2002-11-20,0.018735838492157264
2002-11-21,0.04717153524868537
2002-11-22,0.00981119673918108
2002-11-25,-0.004793193916954373
2002-11-26,-0.032763476631898165
2002-11-27,0.040739448009496235
2002-11-28,-0.009177891877802418
2002-11-29,-0.010477860121583096
2002-12-02,0.03971134353684375
2002-12-03,-0.03687960048099024
2002-12-04,-0.006280905258513767
2002-12-05,-0.0549372792649067
2002-12-06,-0.0017191490313810546
2002-12-09,-0.04825255812545226
2002-12-10,0.02342524176214367
2002-12-11,-0.010417510639834053
2002-12-12,-0.024358924529120977
2002-12-13,-0.005494401129700704
2002-12-16,0.03695785708792032
2002-12-17,-0.02124149475210528
2002-12-18,-0.042707281945145684
2002-12-19,-0.019528890088858077
2002-12-20,0.010526203653944743
2002-12-23,0.002851819187049679
2002-12-24,0.0
2002-12-25,0.0
2002-12-26,0.0
2002-12-27,-0.052117923136946624
2002-12-30,0.012422184223863451
2002-12-31,0.0
2003-01-01,0.0
2003-01-02,0.08968312030678943
2003-01-03,-0.02398760897720447
2003-01-06,0.040553810532566875
2003-01-07,-0.00981713971634912
2003-01-08,-0.06531573965667528
2003-01-09,0.018496934175758834
2003-01-10,-0.006364624638107314
2003-01-13,0.01897263925315026
2003-01-14,0.015425801085493927
2003-01-15,-0.011720421772596572
2003-01-16,-0.0350502313138259
2003-01-17,-0.06580022249134068
2003-01-20,-0.003329327436676105
2003-01-21,0.010463301797831562
2003-01-22,-0.027540069542918533
2003-01-23,0.047646182440441984
2003-01-24,-0.04814319472219233
2003-01-27,-0.045074823998715104
2003-01-28,0.0064451011150082225
2003-01-29,0.049418052708629714
2003-01-30,0.005383498708338314
2003-01-31,0.023873813935608237
2003-02-03,-0.014787583559019934
2003-02-04,-0.052708705844307674
2003-02-05,0.04496383385627111
2003-02-06,-0.03547444625793948
2003-02-07,-0.03303990357216689
2003-02-10,0.0060114249724462845
2003-02-11,0.010786126620989668
2003-02-12,-0.031839502979552806
2003-02-13,0.010149314421965719
2003-02-14,0.052273767914380785
2003-02-17,0.0049165643246750455
2003-02-18,0.041366984760919115
2003-02-19,-0.047105290563165154
2003-02-20,-0.011299442972580459
2003-02-21,0.027877958197116463
2003-02-24,-0.025939876175015652
2003-02-25,-0.028052473108093508
2003-02-26,0.009062862267453583
2003-02-27,0.02780274815935332
2003-02-28,0.008464029275324017
2003-03-03,0.01618172535058659
2003-03-04,-0.0072494907023581785
2003-03-05,0.0010777383639472451
2003-03-06,-0.02590499357303966
2003-03-07,-0.006929787658098175
2003-03-10,-0.02535365810758573
2003-03-11,-0.02454979674508888
2003-03-12,-0.04944841539181406
2003-03-13,0.08308643033775005
2003-03-14,0.027605449810756143
2003-03-17,0.04121761522370965
2003-03-18,0.03907875477879949
2003-03-19,0.02208916260375878
2003-03-20,-0.003979945904186743
2003-03-21,0.049359693237178724
2003-03-24,-0.055359696589842605
2003-03-25,0.03619744382573546
2003-03-26,-0.009232234166248306
2003-03-27,-0.002688256423857228
2003-03-28,-0.04812991643672428
2003-03-31,-0.029712764402814805
2003-04-01,0.0
2003-04-02,0.058568601890623635
2003-04-03,-0.013817901390236755
2003-04-04,0.028430994466572972
2003-04-07,0.06266184140860417
2003-04-08,-0.00858195810442815
2003-04-09,-0.03580674067436918
2003-04-10,-0.013612156757227486
2003-04-11,0.013128928890217105
2003-04-14,0.02268757522582876
2003-04-15,0.017554795146711433
2003-04-16,-0.001625568143733506
2003-04-17,0.020472181956499278
2003-04-18,0.0
2003-04-21,0.0
2003-04-22,0.012669956832777093
2003-04-23,-0.016776625613059846
2003-04-24,-0.0032058910783992287
2003-04-25,-0.018051925999007228
2003-04-28,0.04787783058828878
2003-04-29,-0.012544766816863924
2003-04-30,0.006963769345868819
2003-05-01,0.0
2003-05-02,0.007582600022154277
2003-05-05,0.007304889732802041
2003-05-06,0.017707516977015322
2003-05-07,-0.02656904061910871
2003-05-08,-0.03833085641181768
2003-05-09,0.01696509435510289
2003-05-12,-0.025090569082836512
2003-05-13,-0.016925609638398148
2003-05-14,-0.009289237424589576
2003-05-15,0.011893689704423623
2003-05-16,-0.0061670231576986334
2003-05-19,-0.04228013375762925
2003-05-20,-0.015760418447932623
2003-05-21,-0.005308891733000321
2003-05-22,-0.015326162793581994
2003-05-23,-0.004643843578033438
2003-05-26,0.0005168676537747833
2003-05-27,0.021731846326456257
2003-05-28,0.007558596091310106
2003-05-29,-0.013901154010381105
2003-05-30,0.025381348227278187
2003-06-02,0.02329934614947994
2003-06-03,-0.009499114919917296
2003-06-04,0.022026639130524533
2003-06-05,-0.00047906989481760726
2003-06-06,0.03806872623127127
2003-06-09,-0.02191230997250984
2003-06-10,0.013111766582390232
2003-06-11,-0.008643899164168876
2003-06-12,0.0023433157969032065
2003-06-13,-0.01795011846577342
2003-06-16,0.024483408700273396
2003-06-17,0.007183333560643631
2003-06-18,0.010336730798874219
2003-06-19,-0.006649077740424897
2003-06-20,0.0006895285781080963
2003-06-23,-0.00900587550638892
2003-06-24,0.002316920732030487
2003-06-25,-0.001157893773157452
2003-06-26,0.004392673907152711
2003-06-27,-0.010434904192491034
2003-06-30,-0.004204726598846829
2003-07-01,-0.03259467811948708
2003-07-02,0.04145080867265194
2003-07-03,0.009007746669731068
2003-07-04,0.005275019408601052
2003-07-07,0.04429231825500242
2003-07-08,0.019502292963907427
2003-07-09,-0.007539139592759442
2003-07-10,-0.021858707134313267
2003-07-11,0.01969443723417305
2003-07-14,0.01227520050544864
2003-07-15,0.0102215288924427
2003-07-16,0.008438911172512728
2003-07-17,-0.016735783613531393
2003-07-18,0.012736288500126862
2003-07-21,-0.02110286662386781
2003-07-22,0.020258745398419667
2003-07-23,-0.0004222327840505034
2003-07-24,0.03629204651618838
2003-07-25,-0.002038793074798884
2003-07-28,0.012775297735522403
2003-07-29,0.001409545823482457
2003-07-30,-0.003628295387092343
2003-07-31,0.015628498342070536
2003-08-01,-0.013007000168132814
2003-08-04,-0.003025486282992903
2003-08-05,0.013045706945486839
2003-08-06,-0.009013423449339301
2003-08-07,-0.010518113521941526
2003-08-08,0.006283592620153857
2003-08-11,0.0008078854055996929
2003-08-12,0.008644404349702801
2003-08-13,0.03035910342454967
2003-08-14,0.024171458874667973
2003-08-15,-0.0049401744572986775
2003-08-18,0.022227492229072013
2003-08-19,0.01918875757471574
2003-08-20,-0.0020122380867178312
2003-08-21,0.026562116794559602
2003-08-22,0.009936287591537649
2003-08-25,-0.02267779747057161
2003-08-26,-0.020434696118658134
2003-08-27,0.0086263272898504
2003-08-28,0.024371372416025612
2003-08-29,0.005868434266715092
2003-09-01,0.025384399839105898
2003-09-02,-0.008506561991175433
2003-09-03,0.008852326856053812
2003-09-04,0.007745603030394171
2003-09-05,-0.020265451264788223
2003-09-08,0.016313685232264837
2003-09-09,-0.025454383314037293
2003-09-10,-0.03047926622472088
2003-09-11,0.012842756315310197
2003-09-12,-0.01886854756183514
2003-09-15,0.0001833943139696463
2003-09-16,0.02281016477051502
2003-09-17,0.0071342474988063485
2003-09-18,0.01813929351450022
2003-09-19,-0.014060292248413151
2003-09-22,-0.04952486504140398
2003-09-23,-0.012538744815770041
2003-09-24,-0.023822091542807712
2003-09-25,-0.003477671071466221
2003-09-26,0.005404507064296939
2003-09-29,0.004800607076477178
2003-09-30,-0.02051527107532371
2003-10-01,0.025102596299843915
2003-10-02,-0.00804120547801592
2003-10-03,0.04565442811324167
2003-10-06,-0.002206366193067701
2003-10-07,-0.007946244292330318
2003-10-08,0.0037039771755041934
2003-10-09,0.02950472701514764
2003-10-10,-0.00467663736195104
2003-10-13,0.01946296248553868
2003-10-14,-0.0023016640947562048
2003-10-15,0.00759250950808991
2003-10-16,-0.0017603742702142638
2003-10-17,-0.015986330915063938
2003-10-20,0.014751840801500746
2003-10-21,0.008957740276349971
2003-10-22,-0.03179953396057218
2003-10-23,-0.007246199965628512
2003-10-24,-0.015575184925138338
2003-10-27,0.020291252607449555
2003-10-28,0.02166016331690003
2003-10-29,0.014241845771192523
2003-10-30,0.008172106909250111
2003-10-31,0.004319507417413527
2003-11-03,0.033901569806734616
2003-11-04,-0.0005000862257062724
2003-11-05,-0.005014816399567489
2003-11-06,0.00917467977455923
2003-11-07,0.019405537131310657
2003-11-10,-0.011630704925477475
2003-11-11,0.0014815841009019905
2003-11-12,-0.0006581531280603768
2003-11-13,0.026481802187077956
2003-11-14,0.010367708158977886
2003-11-17,-0.04461784345035405
2003-11-18,-0.011850219879636826
2003-11-19,-0.011482655566864829
2003-11-20,-0.005620332371985104
2003-11-21,0.004430986408369199
2003-11-24,0.03278437683113246
2003-11-25,0.0016437971085908208
2003-11-26,-0.011898673345598644
2003-11-27,0.00992539170819142
2003-11-28,0.0018093418940033604
2003-12-01,0.03137880033246179
2003-12-02,-0.00031840162082479175
2003-12-03,0.03244044983383636
2003-12-04,-0.012413153625046684
2003-12-05,-0.010988928752881936
2003-12-08,-0.012708660357221693
2003-12-09,0.015703457346888928
2003-12-10,-0.0018904967586635467
2003-12-11,0.009103767591692399
2003-12-12,-0.006741346342115285
2003-12-15,0.010484323237501003
2003-12-16,-0.00624607728660822
2003-12-17,-0.02361606366754587
2003-12-18,-0.0008025937679917716
2003-12-19,0.015291897977277842
2003-12-22,-0.013688220785529854
2003-12-23,0.00016068853011321152
2003-12-24,0.0
2003-12-25,0.0
2003-12-26,0.0
2003-12-29,0.016999177646606568
2003-12-30,0.0003149621416630072
2003-12-31,0.0
2004-01-01,0.0
2004-01-02,0.007843252316629528
2004-01-05,0.0
2004-01-06,0.007627152111106757
2004-01-07,0.004795290512700322
2004-01-08,0.041858605628436144
2004-01-09,-0.000295987924893028
2004-01-12,-0.00593917074757052
2004-01-13,0.002973927668927668
2004-01-14,0.014006883805276411
2004-01-15,-0.0021984375380332028
2004-01-16,0.0010263628331844156
2004-01-19,-0.002935879794468115
2004-01-20,-0.00678571466827447
2004-01-21,-0.0056405157788064035
2004-01-22,0.010365807991971019
2004-01-23,-0.005882629409808299
2004-01-26,-0.00910077774282575
2004-01-27,0.0072872895943498555
2004-01-28,0.00603228110233282
2004-01-29,-0.014539253693929001
2004-01-30,-0.008579418057358977
2004-02-02,-0.003700073335106513
2004-02-03,0.0033921200930987295
2004-02-04,-0.011922554113541836
2004-02-05,-0.0028075370666648114
2004-02-06,0.0074696629730049355
2004-02-09,0.019650436664116575
2004-02-10,0.01538747869622227
2004-02-11,0.015301284051689795
2004-02-12,-0.002065861730613187
2004-02-13,-0.017736863381919276
2004-02-16,0.008087573003111812
2004-02-17,-0.001492774702271186
2004-02-18,-0.008853073654061449
2004-02-19,0.00240885425422214
2004-02-20,-0.027127635063246107
2004-02-23,-0.014628252782756824
2004-02-24,-0.02975337989454282
2004-02-25,0.013315306734606189
2004-02-26,0.003341212869214609
2004-02-27,-0.014558889177601071
2004-03-01,0.015511374263631623
2004-03-02,0.021506229114790238
2004-03-03,-0.016915111131584365
2004-03-04,0.009119549899180204
2004-03-05,-0.0006264028260188978
2004-03-08,-0.003136801496120257
2004-03-09,-0.012330449846421725
2004-03-10,-0.012001218447959823
2004-03-11,-0.026424626676352186
2004-03-12,0.0036296861973046817
2004-03-15,-0.03162112356321451
2004-03-16,0.004240494451215135
2004-03-17,0.023916454013563977
2004-03-18,-0.015824730359201497
2004-03-19,-0.007753223714870348
2004-03-22,-0.022588096085566826
2004-03-23,-0.00642428255993362
2004-03-24,-0.0019176054301484236
2004-03-25,0.03346493858603994
2004-03-26,0.005050414993636719
2004-03-29,0.01764378233355507
2004-03-30,0.002306974924797406
2004-03-31,-0.011256318162543395
2004-04-01,0.01700122956810235
2004-04-02,0.022654619908554004
2004-04-05,0.01208678990318993
2004-04-06,-0.016898321868485434
2004-04-07,0.0008036853662631887
2004-04-08,0.00480774655338383
2004-04-09,0.0
2004-04-12,0.0
2004-04-13,0.013024126127006787
2004-04-14,-0.017831872680390763
2004-04-15,-0.010821379971095495
2004-04-16,0.010821379971095547
2004-04-19,-0.000964343503127379
2004-04-20,0.014526493755443163
2004-04-21,-0.0012686873440875882
2004-04-22,0.015899336659680376
2004-04-23,0.015805001781206036
2004-04-26,-0.0010766438370784595
2004-04-27,-0.004164188745810832
2004-04-28,-0.04278115688623865
2004-04-29,-0.019544781939801113
2004-04-30,-0.00908723084966858
2004-05-03,0.020534797916667073
2004-05-04,0.0
2004-05-05,-0.0006504659089630977
2004-05-06,-0.036452209406903156
2004-05-07,-0.004736378679210892
2004-05-10,-0.027328199347852543
2004-05-11,0.013327690100780366
2004-05-12,-0.028780188064018858
2004-05-13,0.008633721302327335
2004-05-14,-0.01698548887123769
2004-05-17,-0.01964221271457417
2004-05-18,0.017140784343429926
2004-05-19,0.028568479869643733
2004-05-20,-0.00820459072242735
2004-05-21,0.0008761260338909039
2004-05-24,0.014603689811243048
2004-05-25,-0.017761264694059264
2004-05-26,0.014476682471425239
2004-05-27,0.009306895336807501
2004-05-28,-0.011213583673512793
2004-05-31,0.007088019568499438
2004-06-01,-0.016325615493569076
2004-06-02,0.007501012607561728
2004-06-03,0.002603822061170615
2004-06-04,0.011718062448324879
2004-06-07,0.02403639737805779
2004-06-08,0.004006037552029436
2004-06-09,-0.013078677283117374
2004-06-10,-0.0006753249356968586
2004-06-11,0.0015189335094353304
2004-06-14,-0.019755689685278285
2004-06-15,0.00411964645850114
2004-06-16,-0.004291448481820116
2004-06-17,-0.009854277862583345
2004-06-18,-0.0006948524048825716
2004-06-21,-0.007678745503667719
2004-06-22,-0.027530555965343297
2004-06-23,0.017494017539421793
2004-06-24,0.027748298038382236
2004-06-25,0.0017194789663968245
2004-06-28,0.013821787727416957
2004-06-29,-0.0001697186542567309
2004-06-30,0.0018627785856067407
2004-07-01,-0.008665289482862147
2004-07-02,-0.01599755581522272
2004-07-05,-0.0005205408725044569
2004-07-06,-0.01344865885730117
2004-07-07,-0.0008797488404524443
2004-07-08,-0.0008803676492710806
2004-07-09,-0.00671621235909209
2004-07-12,-0.005155901379748459
2004-07-13,0.010285433779487556
2004-07-14,0.0014104198706948574
2004-07-15,-0.02353051967565141
2004-07-16,-0.0005411654789975167
2004-07-19,-0.009610837185048255
2004-07-20,0.008166029365691276
2004-07-21,0.020925297068589192
2004-07-22,-0.02237227543722235
2004-07-23,-0.004716890514231831
2004-07-26,-0.019093579734914295
2004-07-27,0.017455578258134485
2004-07-28,-0.004564177384148271
2004-07-29,0.051009659968285596
2004-07-30,0.013814738430258001
2004-08-02,-0.009650133908356798
2004-08-03,0.0025939831889453925
2004-08-04,-0.01619261702808016
2004-08-05,0.0008775110604110096
2004-08-06,-0.02665917728669497
2004-08-09,-0.009409852615039922
2004-08-10,0.0072462369327318445
2004-08-11,-0.009977261176331128
2004-08-12,-0.017842791594874362
2004-08-13,-0.008948491197091643
2004-08-16,0.019655531992841573
2004-08-17,-0.0029423860101528325
2004-08-18,0.0056931029800177035
2004-08-19,0.0025601985713854503
2004-08-20,0.004373926552673299
2004-08-23,0.019449395642241536
2004-08-24,-0.005723269682681298
2004-08-25,0.003580979110439016
2004-08-26,0.008010799439219292
2004-08-27,0.007771046374407324
2004-08-30,0.0035123511274160815
2004-08-31,-0.014302036292752968
2004-09-01,0.020941890771817538
2004-09-02,0.010567408012921255
2004-09-03,0.009774929477253282
2004-09-06,0.0076496177604069415
2004-09-07,0.003887594931312096
2004-09-08,0.0011799574181704897
2004-09-09,-0.007610953655484191
2004-09-10,0.01516463987116989
2004-09-13,0.01904822846539889
2004-09-14,-0.002464235732488236
2004-09-15,-0.00726299057539295
2004-09-16,-0.0013263900733025214
2004-09-17,0.005789501561929934
2004-09-20,0.0032934449573887546
2004-09-21,0.003773832725569347
2004-09-22,-0.010867926526260577
2004-09-23,-0.012327354062134723
2004-09-24,-0.0010062293972540953
2004-09-27,-0.009271119908622135
2004-09-28,-0.00016930403944451856
2004-09-29,0.010949425663764407
2004-09-30,-0.008074102169193468
2004-10-01,0.019898683912884425
2004-10-04,0.011195306780984746
2004-10-05,0.00880215363361901
2004-10-06,0.0011353176699063887
2004-10-07,0.002590222739834679
2004-10-08,-0.009584929501992785
2004-10-11,0.0014680690814414833
2004-10-12,-0.02743072214748455
2004-10-13,0.00016746052379577466
2004-10-14,-0.01332135211202629
2004-10-15,-0.00357095230743353
2004-10-18,-0.00017031358842159038
2004-10-19,0.016895157484085516
2004-10-20,-0.021677343216087868
2004-10-21,0.0068247889722874355
2004-10-22,0.0008496168608453226
2004-10-25,-0.023376575985911262
2004-10-26,0.0017377129845392535
2004-10-27,0.014648952638853803
2004-10-28,0.007838956157242926
2004-10-29,-0.00955122574881656
2004-11-01,0.013616984923226369
2004-11-02,0.007746695683191817
2004-11-03,0.0031825536714771424
2004-11-04,0.0015040324889863015
2004-11-05,0.011785105644618873
2004-11-08,0.0032948545993054727
2004-11-09,-0.0059387234036948735
2004-11-10,0.001818437832414502
2004-11-11,-0.004137332587259855
2004-11-12,0.008093478629095038
2004-11-15,-0.0013170013885348071
2004-11-16,-0.007274235650473732
2004-11-17,0.0210155572428784
2004-11-18,-0.0032545682006991815
2004-11-19,-0.009828327128991968
2004-11-22,-0.0028020407377089534
2004-11-23,0.0018142387003163953
2004-11-24,-0.0021444674820470743
2004-11-25,0.004448550045329376
2004-11-26,-0.0036232554506870976
2004-11-29,0.0016485486620837788
2004-11-30,-0.0076060899316886055
2004-12-01,0.020859908224941444
2004-12-02,0.009222593059338485
2004-12-03,0.0056212034603919615
2004-12-06,-0.004977264084665215
2004-12-07,0.0035349830162287633
2004-12-08,-0.0057908727167159755
2004-12-09,-0.012825856798200305
2004-12-10,0.007163802923408413
2004-12-13,0.009204864094457872
2004-12-14,0.0046506863293299516
2004-12-15,-0.008193496548995859
2004-12-16,0.0
2004-12-17,-0.010377707636125189
2004-12-20,0.0029296163718940805
2004-12-21,0.005187244048657096
2004-12-22,0.0032285858101343892
2004-12-23,0.0012881511059267925
2004-12-24,0.0
2004-12-27,-0.0022558897004871436
2004-12-28,0.008833425255398462
2004-12-29,-0.004808659703803948
2004-12-30,0.0022471223248838575
2004-12-31,0.0
2005-01-03,0.009095740186894581
2005-01-04,-0.005575536206397683
2005-01-05,-0.014643161812383943
2005-01-06,0.009357913837333974
2005-01-07,0.005125404454590704
2005-01-10,-0.0009585369714939384
2005-01-11,-0.01044972721122569
2005-01-12,-0.007787092201125454
2005-01-13,-0.00522543321160501
2005-01-14,-0.0013105996517061398
2005-01-17,0.009463410889508419
2005-01-18,0.00647431348290782
2005-01-19,-0.0004838348020570752
2005-01-20,-0.005990478680850594
2005-01-21,-0.009135563665406998
2005-01-24,0.0016374810589629915
2005-01-25,0.011872965412001694
2005-01-26,-0.0008086704387660405
2005-01-27,0.02871002350515387
2005-01-28,-0.012447308093868563
2005-01-31,-0.00916232039923894
2005-02-01,0.008347732331753155
2005-02-02,-0.008676685875789219
2005-02-03,-0.020095508321959582
2005-02-04,0.009516837807959913
2005-02-07,0.008603528361348372
2005-02-08,-0.00495434652785487
2005-02-09,0.0023153832319091766
2005-02-10,-0.00016542113967046474
2005-02-11,0.01427080053154227
2005-02-14,-0.003262835720455159
2005-02-15,0.0003267701260595662
2005-02-16,-0.007213084558971652
2005-02-17,-0.0100867021288753
2005-02-18,-0.0026626705546846014
2005-02-21,0.0034929397488593717
2005-02-22,-0.009845569397156988
2005-02-23,-0.002350759979408215
2005-02-24,-0.0069155975200514705
2005-02-25,0.010272136865338045
2005-02-28,-0.007736367846996583
2005-03-01,0.01208287696984232
2005-03-02,0.013255969124590816
2005-03-03,0.004106896878884736
2005-03-04,0.020605866032185463
2005-03-07,0.0004815565566752811
2005-03-08,-0.007087598154857542
2005-03-09,0.0014540266759001763
2005-03-10,-0.0014540266759000893
2005-03-11,0.004194147783567915
2005-03-14,-0.00032196547214125904
2005-03-15,0.004338470319734218
2005-03-16,-0.01910088122800994
2005-03-17,0.0031008015235422497
2005-03-18,-0.003263900010727287
2005-03-21,-0.0054085967210354005
2005-03-22,0.0024620993710663297
2005-03-23,-0.00016396095100771553
2005-03-24,0.006699958944032778
2005-03-25,0.0
2005-03-28,0.0
2005-03-29,-0.007027961517674164
2005-03-30,0.0070279615176741285
2005-03-31,-0.005716737889311167
2005-04-01,0.0032706979526920684
2005-04-04,-0.007867451256504522
2005-04-05,0.006233545523237535
2005-04-06,-0.0016367922194249318
2005-04-07,0.003107476883369848
2005-04-08,0.011688394894882442
2005-04-11,0.0004839653016629746
2005-04-12,-0.005337455947830588
2005-04-13,0.011128369185036999
2005-04-14,0.000801112713966514
2005-04-15,-0.02729207984427204
2005-04-18,-0.0321310238693745
2005-04-19,-0.005115214171405889
2005-04-20,-0.009791408897528045
2005-04-21,-0.0003452568149638747
2005-04-22,0.010990995900995199
2005-04-25,0.002047448929652748
2005-04-26,-0.008386948151961967
2005-04-27,-0.0192628812882209
2005-04-28,-0.004742485800602121
2005-04-29,-0.002997227666107746
2005-05-02,0.0033493826209698638
2005-05-03,0.007364635772386677
2005-05-04,0.0003492973588794005
2005-05-05,0.006614548072345711
2005-05-06,-0.0027797816445854647
2005-05-09,-0.010317474911568324
2005-05-10,-0.010958003365853335
2005-05-11,-0.001244645180813528
2005-05-12,0.00903368324619493
2005-05-13,0.010699136131240522
2005-05-16,-0.005598403463726203
2005-05-17,-0.0033390159359437174
2005-05-18,0.022453508834304532
2005-05-19,0.012486078092240425
2005-05-20,-0.0013607374468362385
2005-05-23,0.0042461895317309475
2005-05-24,-0.005097610080045924
2005-05-25,-0.0017048713706691195
2005-05-26,0.002726356623826035
2005-05-27,0.001530384310816228
2005-05-30,0.008460452054396914
2005-05-31,0.0
2005-06-01,0.017702718654573145
2005-06-02,0.006434935122933456
2005-06-03,-0.005442350382106159
2005-06-06,0.012163389128101752
2005-06-07,0.022454400403608344
2005-06-08,-0.0025590411787997395
2005-06-09,-0.0025657455237699947
2005-06-10,0.00240549690399584
2005-06-13,0.005112505280318082
2005-06-14,-0.0036718137484585737
2005-06-15,-0.014175652445062721
2005-06-16,0.0075961835489578525
2005-06-17,0.00609946896989805
2005-06-20,-0.005616602641548329
2005-06-21,0.0012865511375194055
2005-06-22,0.00016092838200605582
2005-06-23,0.015466956378062847
2005-06-24,-0.021268789415359254
2005-06-27,-0.017445884797363517
2005-06-28,-0.002470137401121004
2005-06-29,0.004277857630410405
2005-06-30,-0.009402024956679963
2005-07-01,0.007430088870007078
2005-07-04,0.0014791744538294237
2005-07-05,0.0042617305233264065
2005-07-06,0.003102697806463734
2005-07-07,-0.017268702665317708
2005-07-08,0.022472876573340985
2005-07-11,0.01145075258816249
2005-07-12,-0.006596266800328128
2005-07-13,0.005954572906235669
2005-07-14,0.012121706594259065
2005-07-15,0.012602136470088477
2005-07-18,-0.005651211073417839
2005-07-19,0.011893657386444835
2005-07-20,0.0018652408904023805
2005-07-21,0.020594045464482715
2005-07-22,0.00015172035422765444
2005-07-25,0.0025822894114385718
2005-07-26,-0.0018220614247627309
2005-07-27,0.005758334588476076
2005-07-28,-0.028041223713707285
2005-07-29,-0.010937467953667186
2005-08-01,0.006264458399476918
2005-08-02,0.002806519599265021
2005-08-03,-0.0035874594666760397
2005-08-04,-0.01432086122740207
2005-08-05,-0.007477403245815349
2005-08-08,0.005255913539546757
2005-08-09,0.014509481739151677
2005-08-10,0.010280138169011271
2005-08-11,-0.006998084744892751
2005-08-12,-0.0024998632294742605
2005-08-15,-0.004704451712249865
2005-08-16,-0.014247553166780164
2005-08-17,-0.0011169910141157666
2005-08-18,-0.009784155836779086
2005-08-19,0.018525199887862415
2005-08-22,0.0031596755358483937
2005-08-23,-0.0033179969515042596
2005-08-24,-0.0006331940999321251
2005-08-25,-0.018378410302438256
2005-08-26,-0.014131503286007797
2005-08-29,0.006034277178150227
2005-08-30,-0.003420468539658171
2005-08-31,0.0040705047102220365
2005-09-01,0.00421626098525054
2005-09-02,-0.002592631004826465
2005-09-05,0.014335739527245097
2005-09-06,0.015393251228253826
2005-09-07,-0.005527020496190669
2005-09-08,0.0014240036785462828
2005-09-09,0.011789867980983682
2005-09-12,0.00405509150141862
2005-09-13,-0.013949209296763963
2005-09-14,-0.002844700944007893
2005-09-15,-0.004282866510114521
2005-09-16,0.015614315890700873
2005-09-19,-0.003134710109132052
2005-09-20,0.008285813632570369
2005-09-21,-0.02092412703815325
2005-09-22,-0.014250808085383005
2005-09-23,0.001450372859820116
2005-09-26,0.02449651815095876
2005-09-27,-0.010107599672929325
2005-09-28,0.014654018757392105
2005-09-29,-0.0061191190294522845
2005-09-30,0.008774892199455807
2005-10-03,0.007460055678388236
2005-10-04,0.008787640348352072
2005-10-05,-0.017028363767714026
2005-10-06,-0.006264458399476988
2005-10-07,-0.0037779806911756317
2005-10-10,-0.003000974315835
2005-10-11,0.0006327667325382796
2005-10-12,-0.01032834561446414
2005-10-13,-0.0030393775861377406
2005-10-14,0.012260477749547036
2005-10-17,0.0007908095786141895
2005-10-18,-0.0055496702130320985
2005-10-19,-0.022349969875809967
2005-10-20,-0.0008133333659778455
2005-10-21,-0.0098120927797374
2005-10-24,0.008346296793955252
2005-10-25,-0.009332608792462541
2005-10-26,0.004267671473287508
2005-10-27,-0.016016331445876334
2005-10-28,0.007627689943315625
2005-10-31,0.024797285388179435
2005-11-01,0.001127046895363278
2005-11-02,0.007216796417144579
2005-11-03,0.004623457796218101
2005-11-04,-0.011679162295114032
2005-11-07,0.0009650337394494346
2005-11-08,-0.0033819793587646424
2005-11-09,0.0004841494835467571
2005-11-10,0.004985986272303867
2005-11-11,0.015442058250358884
2005-11-14,-0.0006318884539069919
2005-11-15,0.0069313526406439676
2005-11-16,0.0034476751660194992
2005-11-17,0.004838138466550759
2005-11-18,0.011763221653614505
2005-11-21,0.0035327075838340436
2005-11-22,-0.00184176791129393
2005-11-23,0.004597480141071539
2005-11-24,-0.005365686305257982
2005-11-25,-0.0006152827542607179
2005-11-28,-0.003390038023377323
2005-11-29,0.0016964888664726429
2005-11-30,-0.008665990732190517
2005-12-01,0.013737726664988677
2005-12-02,0.004283394886547052
2005-12-05,-0.007969032416533555
2005-12-06,0.012993858297979563
2005-12-07,0.009523203021319713
2005-12-08,0.005999548850850981
2005-12-09,0.013811835641351623
2005-12-12,0.01260458637720816
2005-12-13,0.02004258909737717
2005-12-14,0.0018541219893528312
2005-12-15,0.00028508679046812714
2005-12-16,0.01974656886950454
2005-12-19,0.008344976615964391
2005-12-20,-0.0013860523569127056
2005-12-21,0.0015244980988884153
2005-12-22,-0.013524016474214194
2005-12-23,0.009777975104678227
2005-12-26,0.0
2005-12-27,0.009958665352846533
2005-12-28,0.0016501780477166672
2005-12-29,0.01364640851283913
2005-12-30,-0.01888142115563951
2006-01-02,0.00743094361293855
2006-01-03,-0.0002744946307291748
2006-01-04,0.03278131884590963
2006-01-05,-0.007459873166921938
2006-01-06,0.004668823028314145
2006-01-09,-0.005605347971760676
2006-01-10,-0.020278934881211616
2006-01-11,0.007890047387724999
2006-01-12,-0.0040734157793025135
2006-01-13,-0.018261173214528133
2006-01-16,-0.0016639579953672604
2006-01-17,-0.010744310910842129
2006-01-18,-0.006050873583340075
2006-01-19,-0.0014126034636836515
2006-01-20,-0.010657100877183924
2006-01-23,0.007826506334493562
2006-01-24,-0.004546286453603494
2006-01-25,0.015681458202370806
2006-01-26,0.06327628686565293
2006-01-27,0.02395942363454011
2006-01-30,-0.00842772311891826
2006-01-31,-0.007432890906124031
2006-02-01,0.004519484210981791
2006-02-02,-0.019282847287757882
2006-02-03,0.0014860115030662017
2006-02-06,0.0061912621219168806
2006-02-07,0.000804895315604023
2006-02-08,-0.0036263438471639538
2006-02-09,0.021694908690391413
2006-02-10,-0.023850130017661075
2006-02-13,0.011263018825152694
2006-02-14,0.001998096904576308
2006-02-15,0.011510485449128166
2006-02-16,0.00825293109041338
2006-02-17,0.0019547960877573183
2006-02-20,-0.007055955021362941
2006-02-21,-0.0038097039538411764
2006-02-22,0.02315945936044832
2006-02-23,0.010491647913406335
2006-02-24,-0.005999965224311323
2006-02-27,0.014617437487819861
2006-02-28,-0.028801832292822398
2006-03-01,0.008921087668718757
2006-03-02,-0.018709002050025528
2006-03-03,-0.013334689625068995
2006-03-06,0.005302302889190316
2006-03-07,-0.004239635762784675
2006-03-08,-0.011752141287496909
2006-03-09,0.020608131951894062
2006-03-10,0.005512240753637433
2006-03-13,-0.0010476106917206196
2006-03-14,-0.0003931926438156094
2006-03-15,0.0009170242469887523
2006-03-16,0.0049633692464903486
2006-03-17,-0.0100832785420691
2006-03-20,0.005250907518305398
2006-03-21,-0.0019662218194610097
2006-03-22,-0.006976392664233587
2006-03-23,-0.004501757055420938
2006-03-24,-0.0011947900393076856
2006-03-27,-0.00733423888282182
2006-03-28,0.006004479534109736
2006-03-29,0.009796168270187483
2006-03-30,0.018016297395926882
2006-03-31,-0.003239563681023115
2006-04-03,0.015583979973858108
2006-04-04,-0.013509573490544515
2006-04-05,0.0012944866378956825
2006-04-06,0.005933324413289686
2006-04-07,-0.01307382756869107
2006-04-10,0.002732570715332089
2006-04-11,-0.024865054080467856
2006-04-12,-0.00039945485497726383
2006-04-13,0.0
2006-04-18,-0.007222270264742162
2006-04-19,0.03572970520973657
2006-04-20,0.001811840951964455
2006-04-21,0.009777269116795436
2006-04-24,0.005107868839686102
2006-04-25,-0.007029848835629324
2006-04-26,0.02295157567820784
2006-04-27,-0.030936329681015624
2006-04-28,-0.03072315529210909
2006-05-02,-0.00534767022340135
2006-05-03,-0.013223979015825586
2006-05-04,0.0014934442677369442
2006-05-05,0.0164113221627797
2006-05-08,-0.01343213917492568
2006-05-09,-0.00732911718117882
2006-05-10,-0.010957296120214835
2006-05-11,-0.016804935149589126
2006-05-12,-0.009003905449005057
2006-05-15,-0.011084557899584834
2006-05-16,0.0015707623161091532
2006-05-17,-0.04136302694651935
2006-05-18,0.008145163830027701
2006-05-19,0.01114711276772722
2006-05-22,-0.02241982253926974
2006-05-23,0.021544289278829006
2006-05-24,-0.030383865190315402
2006-05-25,0.023057706426361
2006-05-26,0.006742126264706612
2006-05-29,-0.0038051071181839312
2006-05-30,-0.027500927352514817
2006-05-31,0.011538221161677664
2006-06-01,-0.0019387278928947945
2006-06-02,-0.006890075961589096
2006-06-05,-0.019733820154036803
2006-06-06,-0.018567658538990277
2006-06-07,0.009791260773108558
2006-06-08,-0.031738918501327706
2006-06-09,0.015995473656968427
2006-06-12,-0.02208048116725434
2006-06-13,-0.010657279895215314
2006-06-14,-0.0037406234917372804
2006-06-15,0.0
2006-06-16,0.0
2006-06-19,0.08762212328007403
2006-06-20,0.019659241152118364
2006-06-21,0.002631332549045382
2006-06-22,-0.00762003035353077
2006-06-23,-0.0011777855361184235
2006-06-26,-0.016482589527115697
2006-06-27,-0.0073633265409414166
2006-06-28,-0.005293096641958079
2006-06-29,0.023230442108089527
2006-06-30,0.007821838339928668
2006-07-03,0.006446710417308364
2006-07-04,0.0014593525500241813
2006-07-05,-0.01780378347784583
2006-07-06,0.011219269258593012
2006-07-07,-0.009587650074143483
2006-07-10,0.0034030686000836065
2006-07-11,-0.03151038124701646
2006-07-12,0.005017676118876651
2006-07-13,-0.025033880911807277
2006-07-14,-0.028233012940622835
2006-07-17,0.004309994474602919
2006-07-18,-0.0009561124620786933
2006-07-19,0.024568082961118554
2006-07-20,0.002330932197008974
2006-07-21,-0.020066498727758994
2006-07-24,0.014931508119121355
2006-07-25,-0.0015613982743077363
2006-07-26,0.007782265628381177
2006-07-27,-0.018148224702753343
2006-07-28,-0.004747618262459219
2006-07-31,0.0011097394312547051
2006-08-01,-0.011474081693516764
2006-08-02,0.016847177476647993
2006-08-03,-0.012210025961714872
2006-08-04,0.011421567046084503
2006-08-07,-0.0239435935708417
2006-08-08,0.002420514090630965
2006-08-09,0.01693844261270995
2006-08-10,-0.010672999715006458
2006-08-11,0.0006401869130341936
2006-08-14,0.015878312036840966
2006-08-15,0.020426465094339735
2006-08-16,0.012119570918013
2006-08-17,0.006232399189632754
2006-08-18,-0.0024274800054090123
2006-08-21,-0.001976756262214461
2006-08-22,0.007430515102212159
2006-08-23,-0.008801356149156054
2006-08-24,0.0033475973091583668
2006-08-25,-0.0044148994845762445
2006-08-28,0.00850822881746974
2006-08-29,-0.0012113681559228187
2006-08-30,0.009197382921760708
2006-08-31,-0.006776816295982644
2006-09-01,0.0057254797300360025
2006-09-04,0.01801573379209582
2006-09-05,-0.006959092449166499
2006-09-06,-0.013162253583074537
2006-09-07,-0.007707918707718614
2006-09-08,-0.002886842212976979
2006-09-11,-0.0028952648442569224
2006-09-12,0.017397098843161984
2006-09-13,0.007023698532350554
2006-09-14,-0.00972714007396825
2006-09-15,0.013740040813675313
2006-09-18,-0.0014845153954159652
2006-09-19,-0.00476473152502165
2006-09-20,0.005655856065289692
2006-09-21,0.0026676784317806825
2006-09-22,-0.010265674663139872
2006-09-25,-0.0028452121855504597
2006-09-26,0.022539447056341026
2006-09-27,0.005847915559950628
2006-09-28,0.00029140123328148836
2006-09-29,0.0026199667509479566
2006-10-02,-0.009786094560003596
2006-10-03,-0.006627242334379359
2006-10-04,-0.002810987288084203
2006-10-05,0.0038446848220482703
2006-10-06,0.0013278194007467293
2006-10-09,-0.009329895642195902
2006-10-10,-0.0007443959834149881
2006-10-11,-0.0037294282681089607
2006-10-12,0.013361309298377052
2006-10-13,-0.007252416168864404
2006-10-16,0.00548131452774219
2006-10-17,-0.0013308890791849744
2006-10-18,0.015413505729006557
2006-10-19,0.010145103740546668
2006-10-20,0.02688810968227805
2006-10-23,0.004062256887580295
2006-10-24,-0.009269478341096229
2006-10-25,0.004083779037717477
2006-10-26,0.005465639560935322
2006-10-27,-0.004201766369638586
2006-10-30,-0.002951943477711537
2006-10-31,-0.007630127273566499
2006-11-01,0.0011340738674451463
2006-11-02,-0.01326439551771543
2006-11-03,0.010000355038559625
2006-11-06,0.015934736443083276
2006-11-07,0.002794052978850688
2006-11-08,0.0019516034894414417
2006-11-09,0.030577472954412172
2006-11-10,0.011279769572760265
2006-11-13,0.0008008016132797339
2006-11-14,-0.003341101390792461
2006-11-15,0.00799996856740163
2006-11-16,0.005958590289130793
2006-11-17,0.0
2006-11-20,0.006840967041625561
2006-11-21,-0.0035463253523859255
2006-11-22,-0.0036908454760545707
2006-11-23,-0.00291000169833749
2006-11-24,-0.01199203939527869
2006-11-27,-0.029381670086291962
2006-11-28,0.0012415546118378217
2006-11-29,0.00027549720031912314
2006-11-30,-0.00941682022489324
2006-12-01,-0.01372951815834353
2006-12-04,0.006748146364015402
2006-12-05,0.018463928021825542
2006-12-06,-0.010509152731944223
2006-12-07,0.013392917382657594
2006-12-08,0.009419876227989746
2006-12-11,-0.0021764434264231647
2006-12-12,0.003262546437556388
2006-12-13,-0.00040710727045180383
2006-12-14,0.004741020709766111
2006-12-15,0.003776471034179451
2006-12-18,-0.011100500969245579
2006-12-19,-0.006281841674142276
2006-12-20,0.002189779189239296
2006-12-21,0.006946379977229402
2006-12-22,-0.012017060565816085
2006-12-27,0.018106860290299433
2006-12-28,0.009667147637556583
2006-12-29,0.004000727440930868
2007-01-02,0.010458658305675295
2007-01-03,-0.005546848656268832
2007-01-04,0.0005295187767241929
2007-01-05,-0.0030489346993384974
2007-01-08,0.0017246677952177825
2007-01-09,0.017734180815415914
2007-01-10,-0.010207727178170669
2007-01-11,0.010207727178170695
2007-01-12,0.008298990611180408
2007-01-15,0.0006454468499798664
2007-01-16,0.003092402571826482
2007-01-17,0.005260714524792842
2007-01-18,0.0016623695806607644
2007-01-19,-0.0008947536773251745
2007-01-22,-0.016243555385757818
2007-01-23,-0.005081992917138846
2007-01-24,0.018251977604823187
2007-01-25,0.05781362596984115
2007-01-26,0.0007398141082958408
2007-01-29,0.004926246758575086
2007-01-30,0.049141039239833234
2007-01-31,-0.01164638347823887
2007-02-01,0.007427286718100759
2007-02-02,-0.009915292895910498
2007-02-05,-0.005352392240804137
2007-02-06,-0.019874177173984715
2007-02-07,0.020231909172788897
2007-02-08,-0.016588974448715047
2007-02-09,0.008449023888483644
2007-02-12,-0.005061063831292354
2007-02-13,0.012843282392719505
2007-02-14,0.00345259551751172
2007-02-15,-0.007036872292325005
2007-02-16,0.00846181179013276
2007-02-19,0.008391200707034413
2007-02-20,-0.00898467054599045
2007-02-21,-0.0011879973435296196
2007-02-22,0.013462596933571021
2007-02-23,-0.008836541754965016
2007-02-26,-0.00522087978780187
2007-02-27,-0.027742877827896324
2007-02-28,-0.024891145642325176
2007-03-01,-0.01046233918109641
2007-03-02,-0.003553749949684758
2007-03-05,-0.014989881481151077
2007-03-06,0.006176863109900842
2007-03-07,0.005756136722650923
2007-03-08,0.021327227797874843
2007-03-09,-0.00099917321162311
2007-03-12,0.008958260223948605
2007-03-13,-0.018755052745806314
2007-03-14,-0.03141076239986463
2007-03-15,0.025715099035982524
2007-03-16,0.004685429431943486
2007-03-19,0.00566921877058113
2007-03-20,0.0012552652640160857
2007-03-21,0.0
2007-03-22,0.03270938952989322
2007-03-23,-0.0025536515075799777
2007-03-26,-0.009541433405821212
2007-03-27,-0.0017220599384810352
2007-03-28,-0.022915196322621418
2007-03-29,0.005778137546378578
2007-03-30,0.0022520613939580087
2007-04-02,-0.0011252928663884202
2007-04-03,0.013297780328018075
2007-04-04,0.010927723728766237
2007-04-05,0.014186618176194548
2007-04-10,0.0316393687909475
2007-04-11,-0.003856778974696052
2007-04-12,-0.013557321920401506
2007-04-13,0.01671405311660693
2007-04-16,0.026834094716093982
2007-04-17,0.0029503695231686846
2007-04-18,-0.015414042349446891
2007-04-19,-0.0018426912897111425
2007-04-20,0.04066053180328095
2007-04-23,0.01668360522497112
2007-04-24,-0.0294933836720083
2007-04-25,-0.009461756668782233
2007-04-26,0.013154257200777559
2007-04-27,0.0049027735842931165
2007-04-30,-0.008595274116288467
2007-05-02,0.017447597688373857
2007-05-03,0.003848516406945154
2007-05-04,-0.010258897985724285
2007-05-07,-0.004556104854127145
2007-05-08,-0.020025500495721965
2007-05-09,0.0013628559579382563
2007-05-10,-0.01003682270131824
2007-05-11,-0.001606089943713271
2007-05-14,-0.0027592716965640484
2007-05-15,0.008026807417857584
2007-05-16,0.01022604217241478
2007-05-17,0.004624308752056695
2007-05-18,0.04046653093099631
2007-05-21,-0.0036809392168549574
2007-05-22,0.0065941060012177375
2007-05-23,0.007727977650474297
2007-05-24,0.032710371277576714
2007-05-25,0.013055907680446304
2007-05-29,0.005195384458945089
2007-05-30,-0.009699331979133863
2007-05-31,0.004810486189017023
2007-06-01,0.007932407744173375
2007-06-04,0.006462342797210572
2007-06-05,-0.009404272379253587
2007-06-06,-0.019699111216590324
2007-06-07,-0.006861916191048989
2007-06-08,-0.017576683190476214
2007-06-11,0.023091028673520725
2007-06-12,0.010835461506917582
2007-06-13,0.008482824112826184
2007-06-14,0.04497353444883411
2007-06-15,0.041919023059933176
2007-06-18,-0.01324279783597007
2007-06-19,0.005186330677230113
2007-06-20,0.009920564444608641
2007-06-21,-0.018326592051553573
2007-06-22,-0.0036108369587062334
2007-06-25,-0.0005714216083682237
2007-06-26,-0.0024794119844163687
2007-06-27,-0.011717104787851857
2007-06-28,0.023770544704249618
2007-06-29,0.0053630098153188985
2007-07-02,-0.0014084172315079213
2007-07-03,0.029808875112489894
2007-07-04,0.004640533089459019
2007-07-05,-0.0009082512370894054
2007-07-06,-0.007753624293816697
2007-07-09,0.017879430859070747
2007-07-10,-0.024678992353112182
2007-07-11,-0.014955565763199013
2007-07-12,0.0380141890348467
2007-07-13,0.0010803384994728985
2007-07-16,-0.013227204096612658
2007-07-17,-0.018315355240421535
2007-07-18,-0.01884642228324964
2007-07-19,0.02809229076430372
2007-07-20,-0.025067826563932156
2007-07-23,0.014055719126723144
2007-07-24,-0.013395320493074897
2007-07-25,-0.061650764898456674
2007-07-26,-0.05780767913124339
2007-07-27,0.007306162346709983
2007-07-30,0.0034751222589019847
2007-07-31,-0.016429619644029576
2007-08-01,-0.0012832479336863875
2007-08-02,-0.02130599714245849
2007-08-03,-0.005700503909684708
2007-08-06,0.007447820276799968
2007-08-07,0.017523594182049254
2007-08-08,0.013208743507789928
2007-08-09,-0.01331592128555956
2007-08-10,-0.011975017661776496
2007-08-13,-0.011021966089100485
2007-08-14,-0.007047655888715578
2007-08-15,-0.008322986035575403
2007-08-16,-0.034232081374533506
2007-08-17,0.016355611146934238
2007-08-20,0.0098211698187592
2007-08-21,0.00033677307752306014
2007-08-22,0.01990182294087497
2007-08-23,0.00898638539266426
2007-08-24,0.005656912064502902
2007-08-27,-0.01563458097335597
2007-08-28,-0.019247312502209214
2007-08-29,-0.009934937700946682
2007-08-30,0.02055017485207076
2007-08-31,0.024375168188789115
2007-09-03,-0.005329257296868664
2007-09-04,0.013861931030712031
2007-09-05,-0.010921846614951448
2007-09-06,0.005746226446543621
2007-09-07,-0.04533661213473154
2007-09-10,-0.010347818758243293
2007-09-11,0.015762835539421677
2007-09-12,0.0
2007-09-13,0.004154285772418202
2007-09-14,-0.019573985455657555
2007-09-17,-0.014153708540759416
2007-09-18,0.02574088070960396
2007-09-19,0.05257986024268717
2007-09-20,0.011824401371845131
2007-09-21,0.027367568286384026
2007-09-24,-0.008069543168058527
2007-09-25,-0.011387043539397871
2007-09-26,-0.00748743090755575
2007-09-27,0.01845867221413112
2007-09-28,0.001972597070443307
2007-10-01,0.016253766473984785
2007-10-02,0.009242842741868415
2007-10-03,-0.0017201696052124194
2007-10-04,-0.004771503161507807
2007-10-05,0.0076031933830750294
2007-10-08,-0.01659832882655846
2007-10-09,-0.001541533518754754
2007-10-10,0.003388395607482072
2007-10-11,0.009993824973190528
2007-10-12,-0.005698884646411603
2007-10-15,-0.027625421526905208
2007-10-16,-0.02550105459680469
2007-10-17,0.006864248242717462
2007-10-18,-0.02379509363912438
2007-10-19,0.0
2007-10-22,-0.017779752009846363
2007-10-23,0.018982891723573585
2007-10-24,-0.01620129218272554
2007-10-25,0.01707551822477873
2007-10-26,0.0029448944332682793
2007-10-29,0.023571065132546153
2007-10-30,-0.003836794921712819
2007-10-31,0.0007471554478688274
2007-11-01,-0.018631735743299502
2007-11-02,0.009951504001411088
2007-11-05,0.011131147010021594
2007-11-06,0.012902088503634923
2007-11-07,-0.00020997717938399068
2007-11-08,0.07946847604799398
2007-11-09,0.007253975767806051
2007-11-12,-0.011338945898933174
2007-11-13,-0.015519679683956468
2007-11-14,-0.0020807137243305813
2007-11-15,-0.02135553267299601
2007-11-16,-0.01408318626877323
2007-11-19,-0.012826103620982545
2007-11-20,0.007570845101200928
2007-11-21,-0.005594846854862919
2007-11-22,0.0014535178784383556
2007-11-23,0.018909220392297053
2007-11-26,-0.0008146666823019208
2007-11-27,-0.003777042399590455
2007-11-28,0.027238727899378253
2007-11-29,0.014523880718470985
2007-11-30,0.01721242234820146
2007-12-03,-0.011832123252842977
2007-12-04,-0.003420586568843496
2007-12-05,0.026279146062615458
2007-12-06,0.002571489021441488
2007-12-07,0.009842709496293294
2007-12-10,0.016902867353362282
2007-12-11,-0.014175452150938416
2007-12-12,0.0071130373371521395
2007-12-13,-0.02569311865851812
2007-12-14,0.00857469253867955
2007-12-17,-0.027019503608594102
2007-12-18,0.009409536672747645
2007-12-19,0.00922644761955126
2007-12-20,0.0033426761781877095
2007-12-21,0.03623502877355229
2007-12-27,-0.002762848682273759
2007-12-28,0.0037738464100409456
2008-01-02,-0.014527346544876729
2008-01-03,-0.0110592345083471
2008-01-04,-0.026838929619320814
2008-01-07,-0.015118561517396554
2008-01-08,0.018211643333688934
2008-01-09,-0.05443717466493537
2008-01-10,-0.018617235054121148
2008-01-11,0.00888884445232641
2008-01-14,0.012577657829248134
2008-01-15,-0.01670224759631817
2008-01-16,-0.01919500280430564
2008-01-17,-0.024847969522140887
2008-01-18,-0.0066087532705486896
2008-01-21,-0.08894988032617682
2008-01-22,0.018014197634393655
2008-01-23,-0.041089593298625306
2008-01-24,0.024618693143158687
2008-01-25,0.016733855692943986
2008-01-28,-0.007541026226742521
2008-01-29,0.03564213013177976
2008-01-30,0.0015063137233339006
2008-01-31,-0.0023180855705501806
2008-02-01,0.036570793605639064
2008-02-04,0.015650139860399325
2008-02-05,-0.05431198477781646
2008-02-06,0.011676068628310256
2008-02-07,-0.026671304414297898
2008-02-08,0.010099613813142092
2008-02-11,-0.001520025576404639
2008-02-12,0.040367696190007095
2008-02-13,-0.00011227840089373738
2008-02-14,0.008618263366406427
2008-02-15,-0.024252477253624845
2008-02-18,0.020903620992765087
2008-02-19,0.005575333224483383
2008-02-20,-0.017838643221118076
2008-02-21,-0.0064733167960697585
2008-02-22,-0.0012537740077687987
2008-02-25,0.011793934049418616
2008-02-26,0.025050108261564456
2008-02-27,0.012239092897829812
2008-02-28,-0.04033789678596481
2008-02-29,-0.03463079526117546
2008-03-03,-0.01438538790699787
2008-03-04,-0.017250092704641683
2008-03-05,0.03222047501384954
2008-03-06,-0.026918021343538684
2008-03-07,-0.020644283387117802
2008-03-10,-0.017576682243129752
2008-03-11,0.019660563907158927
2008-03-12,0.011443892607216193
2008-03-13,-0.023640020370865336
2008-03-14,-0.007214691425825683
2008-03-17,-0.1872779446189841
2008-03-18,0.06371981071781926
2008-03-19,-0.02735196567873712
2008-03-20,-0.027524200964067182
2008-03-25,0.006544670251752391
2008-03-26,0.012377017225961863
2008-03-27,0.02072371492350495
2008-03-28,-0.012121201437151945
2008-03-31,-0.0033447766115315878
2008-04-01,0.044445600878195324
2008-04-02,0.0
2008-04-03,-0.01856363327712171
2008-04-04,0.009606021674830392
2008-04-07,0.01576151692375811
2008-04-08,-0.005829225320573266
2008-04-09,-0.009791642282579172
2008-04-10,-0.006487213972188366
2008-04-11,-0.03498513065962582
2008-04-14,-0.005141451328196696
2008-04-15,0.017229154549506215
2008-04-16,0.024735030623199324
2008-04-17,-0.005522855720305598
2008-04-18,0.02135504028489353
2008-04-21,-0.0033416954796295587
2008-04-22,-0.00840348009280139
2008-04-23,0.03591557087148527
2008-04-24,0.002439496960783611
2008-04-25,0.009564238621514386
2008-04-28,0.0029450926606128932
2008-04-29,-0.019163988311494184
2008-04-30,0.02927176123822096
2008-05-02,0.02004388949405669
2008-05-05,-0.005853696688674451
2008-05-06,-0.008516237080392102
2008-05-07,0.008777156183444029
2008-05-08,-0.0019585016517658263
2008-05-09,-0.021531577371399692
2008-05-12,0.00200086948009041
2008-05-13,-0.0012000412066002048
2008-05-14,0.0010670269413546127
2008-05-15,-0.002669433854477162
2008-05-16,0.022594518364042367
2008-05-19,0.006381446450059611
2008-05-20,-0.022183748265710446
2008-05-21,-0.0186220282518356
2008-05-22,-0.0031149923445452795
2008-05-23,-0.031135901073817696
2008-05-26,0.005999086978633291
2008-05-27,-0.0032042812681184717
2008-05-28,0.005705008729638733
2008-05-29,0.006500315387774329
2008-05-30,0.0052245719391657225
2008-06-02,-0.008953815899007506
2008-06-03,-0.009034484807996063
2008-06-04,-0.0037773524909055166
2008-06-05,-0.003369146854309523
2008-06-06,-0.0163044471390521
2008-06-09,0.014756133764656714
2008-06-10,0.010089900429489398
2008-06-11,-0.013334528681358291
2008-06-12,0.02442716946190073
2008-06-13,0.026399858277844752
2008-06-16,0.0
2008-06-17,0.01585543306251986
2008-06-18,-0.004106499220677643
2008-06-19,-0.0033237727096555505
2008-06-20,-0.03248328499640962
2008-06-23,0.0148836802390044
2008-06-24,-0.011862169633565952
2008-06-25,0.0006856683235232295
2008-06-26,-0.027090318975990707
2008-06-27,-0.0016913917113635076
2008-06-30,-0.00523292841013352
2008-07-01,-0.004547936325851389
2008-07-02,-0.031106079094814488
2008-07-03,0.01849075034880989
2008-07-04,-0.012775917500166104
2008-07-07,0.03404284861930545
2008-07-08,-0.0162305935497663
2008-07-09,0.01961433352328942
2008-07-10,-0.006920523807062176
2008-07-11,-0.025550471955478982
2008-07-14,0.01929516955144953
2008-07-15,-0.014219274485239037
2008-07-16,0.007350086923612829
2008-07-17,0.027756172294750935
2008-07-18,0.03202351745800157
2008-07-21,-0.002980201209110096
2008-07-22,0.003521162928341431
2008-07-23,-0.0018940977217204358
2008-07-24,-0.01817896067601063
2008-07-25,0.014242934209743766
2008-07-28,-0.014242934209743778
2008-07-29,0.00988217078779034
2008-07-30,0.056163964813076166
2008-07-31,0.01677248937978572
2008-08-01,-0.021561337453181954
2008-08-04,-0.008076206470807689
2008-08-05,0.02083854015721118
2008-08-06,0.011841607004976037
2008-08-07,0.0
2008-08-08,0.003285868260385902
2008-08-11,0.0015126058810483805
2008-08-12,-0.018178607932114194
2008-08-13,-0.02889333289006077
2008-08-14,0.002110543427063145
2008-08-15,0.005650205196146225
2008-08-18,0.005878721463751938
2008-08-19,-0.0281372231999847
2008-08-20,0.004144714491895686
2008-08-21,-0.01681846232839686
2008-08-22,0.014146392069354958
2008-08-25,-0.015776109434083016
2008-08-26,0.0016297173647282256
2008-08-27,-0.004624005433667537
2008-08-28,0.021575515685407404
2008-08-29,-0.009381850103460513
2008-09-01,-0.0018871321397504115
2008-09-02,0.01672395443807617
2008-09-03,-0.01429837322306249
2008-09-04,-0.04909978342827514
2008-09-05,-0.02722598740160033
2008-09-08,0.021128960824459534
2008-09-09,-0.013603648951476414
2008-09-10,-0.015108040332152146
2008-09-11,0.0008781626850005139
2008-09-12,0.015670506657697276
2008-09-15,-0.012895899437667594
2008-09-16,-0.03125494696360436
2008-09-17,-0.015008246679269643
2008-09-18,-0.007358558717935439
2008-09-19,0.078538246434915
2008-09-22,-0.03282251342845551
2008-09-23,0.0010281764478490215
2008-09-24,-0.008109204270404895
2008-09-25,0.007227608316547559
2008-09-26,-0.0185422584091126
2008-09-29,-0.028551836221511577
2008-09-30,0.012857994593757461
2008-10-01,-0.031204339099634496
2008-10-02,-0.046900965761562524
2008-10-03,0.005248435387965581
2008-10-06,-0.0977014024462087
2008-10-07,-0.01636711210282501
2008-10-08,-0.10548263779929558
2008-10-09,0.031487514153867004
2008-10-10,-0.07905599959239355
2008-10-13,0.10785725456905704
2008-10-14,0.03264771014574233
2008-10-15,-0.15124609092470995
2008-10-16,-0.06976463422620931
2008-10-17,0.04571977180781715
2008-10-20,0.07417094396227007
2008-10-21,0.026554819756869692
2008-10-22,-0.06423157038393984
2008-10-23,-0.07437091624788518
2008-10-24,-0.06527386901856073
2008-10-27,-0.12442756243977782
2008-10-28,-0.01342315293879595
2008-10-29,0.21568334960181126
2008-10-30,0.010833164629582422
2008-10-31,0.04197925163241138
2008-11-03,0.026339795437615617
2008-11-04,0.05466294774769098
2008-11-05,-0.029407958293199775
2008-11-06,-0.10599682540063807
2008-11-07,-0.011658694648799975
2008-11-10,0.03812365527151184
2008-11-11,-0.09343049832354046
2008-11-12,-0.02634678385372865
2008-11-13,0.04560131457742516
2008-11-14,0.013731150631688267
2008-11-17,-0.007315845491575632
2008-11-18,0.004490411471979173
2008-11-19,-0.038456886687181675
2008-11-20,-0.01406566541333963
2008-11-21,-0.006482560066041073
2008-11-24,0.1465467309132651
2008-11-25,0.029166750556700885
2008-11-26,-0.01863682055357907
2008-11-27,0.044935065501874955
2008-11-28,-0.03875494138947159
2008-12-01,-0.05054447889477364
2008-12-02,0.03793047908546579
2008-12-03,0.034676000921327964
2008-12-04,-0.007928493579054148
2008-12-05,-0.0635614487968731
2008-12-08,0.09774251044637296
2008-12-09,-0.012630172983591722
2008-12-10,0.005519946112531348
2008-12-11,-0.012101381758524304
2008-12-12,-0.022538630053097107
2008-12-15,-0.004866174601265449
2008-12-16,0.023061806568562142
2008-12-17,0.01868429560321396
2008-12-18,0.03674548128425574
2008-12-19,0.019418346145975887
2008-12-22,-0.00869185242687906
2008-12-23,-0.014065499366460378
2008-12-29,0.01600344794442467
2008-12-30,0.019745613781598902
2009-01-02,0.052147039300209204
2009-01-05,-0.01068724286849893
2009-01-06,0.02304306552054888
2009-01-07,-0.019226043880969095
2009-01-08,-0.039975621824874255
2009-01-09,-0.04242856857971465
2009-01-12,-0.02513556486460199
2009-01-13,-0.028690529470424483
2009-01-14,-0.12825886744873138
2009-01-15,0.02174267689966786
2009-01-16,-0.0009256867246906431
2009-01-19,0.013108291498828922
2009-01-20,-0.019145050685442696
2009-01-21,0.03456156507557859
2009-01-22,-0.02321496349719494
2009-01-23,-0.04064911687248268
2009-01-26,0.04317889341042797
2009-01-27,0.027858324183074712
2009-01-28,0.07645533098200191
2009-01-29,-0.020929405127815888
2009-01-30,-0.03155702119825988
2009-02-02,-0.016044171198960663
2009-02-03,0.010115098581643493
2009-02-04,0.04844150407125931
2009-02-05,0.01663981866190609
2009-02-06,0.059893208516162914
2009-02-09,-0.013616665181509441
2009-02-10,-0.04928138202138221
2009-02-11,0.021689084412296285
2009-02-12,-0.030541666896674657
2009-02-13,0.0034641421002494254
2009-02-16,-0.011958132932808566
2009-02-17,-0.028170563021238767
2009-02-18,0.005160976023403387
2009-02-19,-0.002464916781802906
2009-02-20,-0.06201407470708774
2009-02-23,-0.020012778772452916
2009-02-24,0.0014601337622101626
2009-02-25,-0.01026647187368512
2009-02-26,0.023313455560486265
2009-02-27,-0.03244588118598273
2009-03-02,-0.041256066787316595
2009-03-03,-0.008824228194094418
2009-03-04,0.05107150514283494
2009-03-05,-0.03247608967053319
2009-03-06,-0.015212239074996692
2009-03-09,0.013675727073121086
2009-03-10,0.07929343784321359
2009-03-11,0.012001391130774948
2009-03-12,0.028593301897652853
2009-03-13,-0.011431397483494598
2009-03-16,0.01935609009188845
2009-03-17,0.003377153451195126
2009-03-18,-0.014489533425105955
2009-03-19,-0.005029678127081158
2009-03-20,0.015239900088000437
2009-03-23,0.03678669861668841
2009-03-24,-0.0030510133663174785
2009-03-25,-0.04053090360249092
2009-03-26,0.008599072226209214
2009-03-27,-0.0009016958610975096
2009-03-30,-0.06715797299824537
2009-03-31,0.036703720203010326
2009-04-01,-0.00093070258814996
2009-04-02,0.05302563246028359
2009-04-03,0.03278271946487986
2009-04-06,-0.042095373136892524
2009-04-07,-0.02116223223755874
2009-04-08,-0.006162594185641409
2009-04-09,0.04783033025569347
2009-04-14,0.016879915102117775
2009-04-15,-0.0036547726503566224
2009-04-16,0.024886992756130846
2009-04-17,0.011696055935883349
2009-04-20,-0.04915361847078382
2009-04-21,0.0076045993852192125
2009-04-22,0.03550923785805908
2009-04-23,-0.022605833022151234
2009-04-24,0.05224379208552109
2009-04-27,-0.0032501484159465385
2009-04-28,-0.035200321537238635
2009-04-29,0.07840412092956826
2009-04-30,-0.005666828804696693
2009-05-04,0.03239153622936824
2009-05-05,-0.020508802514555825
2009-05-06,0.02088804695987188
2009-05-07,-0.030421877048247118
2009-05-08,0.029283416203103214
2009-05-11,-0.01704219277103886
2009-05-12,-0.005421985331405836
2009-05-13,-0.04568817710134934
2009-05-14,0.020917802365875284
2009-05-15,0.005359844829030614
2009-05-18,0.024252927890212092
2009-05-19,0.051592684469967925
2009-05-20,0.00913436581397192
2009-05-21,-0.04405502795005397
2009-05-22,0.005118112021263704
2009-05-25,0.0007557651926233146
2009-05-26,0.006778571411584781
2009-05-27,0.009152866437633963
2009-05-28,-0.022946231199429828
2009-05-29,-0.021539322594020267
2009-06-01,0.055948013366682675
2009-06-02,0.0029368025708989922
2009-06-03,-0.017565106136190514
2009-06-04,-0.0009331695101390739
2009-06-05,0.01739809233932219
2009-06-08,-0.01945420851506053
2009-06-09,-0.006004926766703447
2009-06-10,0.016612739357055508
2009-06-11,0.005353865773823742
2009-06-12,-0.0038740571224676864
2009-06-15,-0.04866997816725118
2009-06-16,0.007154657522961527
2009-06-17,-0.009875279360203312
2009-06-18,-0.014701900296014727
2009-06-19,0.00019754514276393957
2009-06-22,-0.03454831845725861
2009-06-23,-0.01648509946024093
2009-06-24,0.02158119233631648
2009-06-25,-0.0038707458682648395
2009-06-26,-0.0028618010351804807
2009-06-29,0.03143520258951313
2009-06-30,-0.02510928103947814
2009-07-01,0.020536207743153834
2009-07-02,-0.05488671248859491
2009-07-03,-0.0027405607701226496
2009-07-06,-0.010398036061646824
2009-07-07,-0.013529814224453995
2009-07-08,-0.005419982808814602
2009-07-09,0.026176083497024848
2009-07-10,-0.01687179616540105
2009-07-13,0.04341180657338862
2009-07-14,0.007192137977948516
2009-07-15,0.03243318815292431
2009-07-16,0.009861934918638925
2009-07-17,0.013064312920329538
2009-07-20,0.014615585966923311
2009-07-21,0.024888121481166085
2009-07-22,0.008345116974436795
2009-07-23,0.02678490336589749
2009-07-24,-0.009392948618608218
2009-07-27,0.014772336872208915
2009-07-28,-0.009884446765760089
2009-07-29,0.029890394532641584
2009-07-30,0.0034997016976521986
2009-07-31,-0.022076223795882272
2009-08-03,0.02207622379588233
2009-08-04,-0.0013987382461470028
2009-08-05,-0.010550339393074601
2009-08-06,0.022720372907481013
2009-08-07,0.01967731807744041
2009-08-10,-0.00492608379621277
2009-08-11,-0.025522529549487076
2009-08-12,0.0053999810197000635
2009-08-13,0.004853005485144428
2009-08-14,-0.01252648755395598
2009-08-17,-0.02158996365388675
2009-08-18,0.004284245970172433
2009-08-19,0.0010682689867009955
2009-08-20,0.013257067020807192
2009-08-21,0.037395402928305274
2009-08-24,0.005398214643494239
2009-08-25,0.03731634465188686
2009-08-26,-0.019640693362594747
2009-08-27,-0.00397475403937865
2009-08-28,0.012697102026544598
2009-08-31,-0.009549071593169535
2009-09-01,-0.03347380405445769
2009-09-02,0.009025217822800777
2009-09-03,0.0027085995952509574
2009-09-04,0.018425917309282676
2009-09-07,0.020046768526929753
2009-09-08,0.008101208693684933
2009-09-09,0.018545829503205675
2009-09-10,0.02270842675132735
2009-09-11,-0.012778633432309209
2009-09-14,0.014789773693289472
2009-09-15,0.009075975897510793
2009-09-16,0.013688723230752979
2009-09-17,0.003317776069013519
2009-09-18,0.00045160431085920533
2009-09-21,-0.013179213314928839
2009-09-22,0.001219235584069039
2009-09-23,0.0059219887600941426
2009-09-24,-0.02266204124376388
2009-09-25,-0.016237720004942276
2009-09-28,0.0375362396996413
2009-09-29,-0.01758858608988923
2009-09-30,-0.023890380899369228
2009-10-01,-0.027232239786813526
2009-10-02,-0.02266476198573547
2009-10-05,0.0057967953522756275
2009-10-06,0.04125161593389775
2009-10-07,-0.0031746054482915025
2009-10-08,0.02511899664558924
2009-10-09,0.0037140725959149148
2009-10-12,0.026070604202252105
2009-10-13,-0.01256917231593125
2009-10-14,0.050225715935247536
2009-10-15,-0.008002895968949193
2009-10-16,-0.027999858922861696
2009-10-19,0.01742549802055965
2009-10-20,-0.006963240331587612
2009-10-21,0.002227610111663596
2009-10-22,-0.01992739399834677
2009-10-23,-0.008053072708927382
2009-10-26,-0.013515711252575516
2009-10-27,0.005858945014921553
2009-10-28,-0.03059418025137066
2009-10-29,0.022413133450288298
2009-10-30,-0.04842606149946532
2009-11-02,0.004382604043627683
2009-11-03,-0.01863698722896727
2009-11-04,0.012789321078822831
2009-11-05,0.012466666463677147
2009-11-06,-0.003061789645263289
2009-11-09,0.027695288196601754
2009-11-10,-0.0018853869354197993
2009-11-11,0.002042556120056299
2009-11-12,0.0006275135080219411
2009-11-13,0.0015675206167825345
2009-11-16,0.029931493557170515
2009-11-17,-0.01285039287883946
2009-11-18,0.02358414738058261
2009-11-19,-0.018209973170144375
2009-11-20,-0.018547250421421652
2009-11-23,0.036757223591565996
2009-11-24,-0.006789858530284333
2009-11-25,0.0156231340525108
2009-11-26,-0.033495720262298516
2009-11-27,0.012864049588988336
2009-11-30,-0.007023953261525727
2009-12-01,0.03655896488913637
2009-12-02,-0.0017743840307935677
2009-12-03,-0.053031906080191676
2009-12-04,-0.009092312333245882
2009-12-07,-0.01651335554471831
2009-12-08,-0.006908437935196897
2009-12-09,-0.023157949516543343
2009-12-10,0.014577199885809135
2009-12-11,0.004866126020462169
2009-12-14,-0.007797411581479141
2009-12-15,0.000489345693251175
2009-12-16,0.009086620136404697
2009-12-17,-0.0019404552600839398
2009-12-18,-0.0011334737336604495
2009-12-21,0.02748657370210086
2009-12-22,0.005501921707889949
2009-12-23,0.002035838610299065
2009-12-28,0.01767766597927579
2009-12-29,-0.003541677645665163
2009-12-30,-0.009609461802542811
2010-01-04,0.019433073477543215
2010-01-05,0.0006110656589765552
2010-01-06,0.0036566778661714875
2010-01-07,0.011793161515673226
2010-01-08,0.006293005827796881
2010-01-11,0.002536187735916564
2010-01-12,-0.01229218817562171
2010-01-13,0.009009186366403917
2010-01-14,0.004474395779445289
2010-01-15,-0.011524565238441937
2010-01-18,0.005254697089633511
2010-01-19,0.011168366999263156
2010-01-20,-0.02519260913906495
2010-01-21,-0.016845608324479427
2010-01-22,0.0004632492059264038
2010-01-25,-0.0027824182882032564
2010-01-26,0.05011620264714004
2010-01-27,0.013401043659013625
2010-01-28,-0.03154650310722586
2010-01-29,0.0020010455787640596
2010-02-01,0.00030762354299100045
2010-02-02,0.01601257256791531
2010-02-03,-0.009576904750119202
2010-02-04,-0.0376637943353925
2010-02-05,-0.02213063563224555
2010-02-08,0.024974349889841364
2010-02-09,0.006691308647136289
2010-02-10,0.0003173666357645863
2010-02-11,0.0011104662785300222
2010-02-12,-0.014855163590815564
2010-02-15,0.009768444609376155
2010-02-16,0.00793663886466802
2010-02-17,0.01646467492000052
2010-02-18,0.013439418097254057
2010-02-19,0.002605247818255801
2010-02-22,-0.005217185324293237
2010-02-23,-0.018477351527252783
2010-02-24,0.005625802410313067
2010-02-25,-0.029253299890628293
2010-02-26,0.010693636606907597
2010-03-01,0.027866466064159937
2010-03-02,0.017447758220195723
2010-03-03,0.019382952702979808
2010-03-04,-0.011223419549650773
2010-03-05,0.015085142648029806
2010-03-08,-0.0057981355224169685
2010-03-09,-0.00029821688997415743
2010-03-10,0.010828426995646036
2010-03-11,-0.008296469455246619
2010-03-12,0.01710987457733481
2010-03-15,-0.009994298434314035
2010-03-16,0.028683716371175887
2010-03-17,0.031506461328354655
2010-03-18,-0.00208840202021731
2010-03-19,-0.006572130138478846
2010-03-22,-0.0005612805002946294
2010-03-23,0.007969232237807317
2010-03-24,0.001947642128201405
2010-03-25,0.02470957199038175
2010-03-26,-0.00612056782896046
2010-03-29,0.015164342265941147
2010-03-30,-0.018033218231307113
2010-03-31,0.014398699116056823
2010-04-01,0.021216231494756748
2010-04-06,0.0068420862322113194
2010-04-07,-0.015860700358284435
2010-04-08,-0.012872150989381019
2010-04-09,0.009936789810459043
2010-04-12,-0.0008018683962293975
2010-04-13,-0.015905401170547125
2010-04-14,-0.0023127310008033484
2010-04-15,-0.004367275901105756
2010-04-16,-0.02745609270461849
2010-04-19,0.012434790205389228
2010-04-20,0.02549854573285591
2010-04-21,-0.010887789581991228
2010-04-22,-0.023396798052307783
2010-04-23,0.01997014048095497
2010-04-26,0.038914479404976096
2010-04-27,-0.036172337844990375
2010-04-28,-0.01448196025916111
2010-04-29,0.012837474963114754
2010-04-30,0.01942351292579487
2010-05-03,-0.01695764410714982
2010-05-04,-0.030703283227913013
2010-05-05,-0.001270405480544481
2010-05-06,-0.0004240040154256036
2010-05-07,-0.03611634121167109
2010-05-10,0.07410790152447477
2010-05-11,0.020069450081716223
2010-05-12,0.01666271807065
2010-05-13,0.02140845407108262
2010-05-14,-0.051901604846409995
2010-05-17,0.0021610271796412435
2010-05-18,0.0309514340258389
2010-05-19,-0.02785335590325112
2010-05-20,-0.03462057708984028
2010-05-21,-0.010075593045347017
2010-05-24,-0.005500479925117794
2010-05-25,-0.029274321738414235
2010-05-26,0.031111143512608786
2010-05-27,0.03618120457753703
2010-05-28,0.0
2010-05-31,0.0077303749898186966
2010-06-01,-0.0001350464547165535
2010-06-02,-0.0017577730239576443
2010-06-03,0.01317721326564775
2010-06-04,-0.029278144746418287
2010-06-07,-0.009953334371748812
2010-06-08,0.007887833910120432
2010-06-09,0.02920410312328148
2010-06-10,0.019225111508920555
2010-06-11,-0.023921714492373885
2010-06-14,0.03955715106429628
2010-06-15,0.010033509472117218
2010-06-16,0.001151316397821846
2010-06-17,-0.009634760402013401
2010-06-18,-0.0027143389647764885
2010-06-21,0.025178638372108198
2010-06-22,-0.009129146793313591
2010-06-23,-0.015402537957685999
2010-06-24,-0.02767211475033619
2010-06-25,-0.0010643121645864415
2010-06-28,0.01820385567022335
2010-06-29,-0.03932524240990439
2010-06-30,0.006369733747295063
2010-07-01,-0.017993750959444752
2010-07-02,-0.013571703157000577
2010-07-05,-0.000976678979203146
2010-07-06,0.006676784003464721
2010-07-07,0.007871598132739153
2010-07-08,0.013525525123579893
2010-07-09,-0.0063983502882689145
2010-07-12,0.01262153369075687
2010-07-13,0.022535464184440402
2010-07-14,0.005654014120133035
2010-07-15,-0.015725463920957406
2010-07-16,-0.011385786901944226
2010-07-19,-0.013563257757864948
2010-07-20,-0.007814198957723787
2010-07-21,0.009315121469180506
2010-07-22,0.035758695407817266
2010-07-23,0.005379747138476557
2010-07-26,0.004569283667724896
2010-07-27,0.0010416443887653307
2010-07-28,-0.009150257193542179
2010-07-29,-0.02298048652925527
2010-07-30,0.0049594243907648515
2010-08-02,0.037141111427539376
2010-08-03,0.002187637991806867
2010-08-04,-0.011767312457365656
2010-08-05,0.014463086836398393
2010-08-06,-0.021511641001632456
2010-08-09,0.0272645592848358
2010-08-10,-0.013087493155464388
2010-08-11,-0.02630155548194363
2010-08-12,-0.0034535433806823167
2010-08-13,-0.0021307933146985387
2010-08-16,-0.0013345181465939761
2010-08-17,0.015105730843951929
2010-08-18,0.005769984707985348
2010-08-19,-0.033234551863485555
2010-08-20,-0.008143540192029907
2010-08-23,-0.004507284549320846
2010-08-24,-0.02116694924721472
2010-08-25,-0.00814267197235016
2010-08-26,0.005902995762812199
2010-08-27,0.012394855169908943
2010-08-30,-0.01239485516990902
2010-08-31,0.005868459254003344
2010-09-01,0.028971750649017042
2010-09-02,-0.0032535080267348526
2010-09-03,0.013218298387539339
2010-09-06,0.0020081919311446214
2010-09-07,-0.003348828080407252
2010-09-08,0.010942134450892576
2010-09-09,0.006613755794031067
2010-09-10,-0.0007912856341189398
2010-09-13,0.001713710923916274
2010-09-14,0.0030251303966593464
2010-09-15,-0.004738841320575775
2010-09-16,0.028998852430239613
2010-09-17,-0.011213757082150664
2010-09-20,0.022302968916751518
2010-09-21,0.006065982127692173
2010-09-22,-0.02823920624159792
2010-09-23,-0.009244357419481675
2010-09-24,0.03634903268141326
2010-09-27,-0.01833053593617737
2010-09-28,-0.0014141879607712689
2010-09-29,-0.0019314207958327759
2010-09-30,-0.001935642611881604
2010-10-01,-0.009211779841259727
2010-10-04,-0.015235271680539404
2010-10-05,0.007646698988908598
2010-10-06,0.020281275688356873
2010-10-07,-0.008789922218105655
2010-10-08,-0.00025968607536768916
2010-10-11,0.0036296766660365147
2010-10-12,0.0
2010-10-13,0.03196300838570205
2010-10-14,0.00885909868925819
2010-10-15,0.006932539898829675
2010-10-18,0.00969851650318436
2010-10-19,-0.0037945369696194484
2010-10-20,0.014004925139464133
2010-10-21,0.01333413861701434
2010-10-22,-0.0038255342999559726
2010-10-25,-0.002638902000329533
2010-10-26,-0.010989869429692198
2010-10-27,-0.012094805810599909
2010-10-28,0.012823080583956873
2010-10-29,-0.004012319123295605
2010-11-01,0.001582488676329448
2010-11-02,0.006063632371959616
2010-11-03,-0.010696566153356759
2010-11-04,0.019363778459753622
2010-11-05,0.005617886566075799
2010-11-08,0.014201456028346621
2010-11-09,-0.0014111660084209902
2010-11-10,-0.02164937023792574
2010-11-11,0.025876556645607205
2010-11-12,0.0077041997016578535
2010-11-15,-0.00688404467643118
2010-11-16,-0.025014758089627658
2010-11-17,0.00872531376974092
2010-11-18,0.02049556797313647
2010-11-19,-0.0032701528136046738
2010-11-22,-0.0007020276479729921
2010-11-23,-0.021055928481301524
2010-11-24,0.019767552428272925
2010-11-25,0.013388502625300124
2010-11-26,-0.0069628956368375464
2010-11-29,-0.015846449676611526
2010-11-30,-0.0027247887327317565
2010-12-01,0.044095706755661365
2010-12-02,0.024778549764528902
2010-12-03,-0.006666749402561172
2010-12-06,0.0040054473367825295
2010-12-07,0.016845932379450167
2010-12-08,-0.006572377478917102
2010-12-09,-0.01361054924399147
2010-12-10,0.007436834911260368
2010-12-13,0.005403875043378737
2010-12-14,0.0023070839226855626
2010-12-15,0.022353311260888704
2010-12-16,0.0004292656245073425
2010-12-17,-0.009158937206170403
2010-12-20,0.020146115718562518
2010-12-21,0.000742491571540404
2010-12-22,-0.003398084347334141
2010-12-23,0.00815721041104261
2010-12-27,-0.004441288418842969
2010-12-28,0.0
2010-12-29,0.004124701196360277
2010-12-30,-0.021873370024779525
2011-01-03,0.013500749048361037
2011-01-04,-0.019017487423021652
2011-01-05,-0.01563304432174997
2011-01-06,-0.008519974780552799
2011-01-07,-0.0030048149933038604
2011-01-10,-0.010307255568936012
2011-01-11,0.029733872607262415
2011-01-12,0.01712394711304078
2011-01-13,-0.010260974263489438
2011-01-14,-0.011354998278882662
2011-01-17,0.005802988375225519
2011-01-18,-0.002076431065773195
2011-01-19,0.002840148402130131
2011-01-20,-0.011189258793532135
2011-01-21,0.018579700922466483
2011-01-24,0.016112157785233974
2011-01-25,-0.0025605860830972696
2011-01-26,0.04028336287963343
2011-01-27,0.006768131788356633
2011-01-28,-0.011554503417821098
2011-01-31,-0.0017073742175902405
2011-02-01,0.015788392410673462
2011-02-02,-0.015041279946880851
2011-02-03,-0.0005335505538767838
2011-02-04,-0.004387550060254761
2011-02-07,0.008117905128692558
2011-02-08,0.00042562884720249435
2011-02-09,-0.0012771987988354193
2011-02-10,-0.0023452345629279593
2011-02-11,0.010404755433043082
2011-02-14,0.0034793118086686578
2011-02-15,-0.0017907797983225723
2011-02-16,0.02148830997848762
2011-02-17,0.004016649088371465
2011-02-18,0.007271188287397595
2011-02-21,-0.012320480107707487
2011-02-22,-0.013206580084339583
2011-02-23,-0.03244797726419481
2011-02-24,0.014278830162237965
2011-02-25,0.0037242364589449737
2011-02-28,0.03577958282719301
2011-03-01,-0.013202933422865014
2011-03-02,-0.010542393860972148
2011-03-03,0.009815384920813328
2011-03-04,-0.00876657310280162
2011-03-07,-0.008526853544689728
2011-03-08,-0.003282576124978647
2011-03-09,-0.00425157660043354
2011-03-10,-0.015241391774376082
2011-03-11,-0.013063537750204883
2011-03-14,-0.01579355289226354
2011-03-15,-0.008721059035275128
2011-03-16,-0.029863067286056703
2011-03-17,0.04280546447617207
2011-03-18,0.002103845025039243
2011-03-21,0.03179014038982294
2011-03-22,-0.019585975814821095
2011-03-23,0.0009827559954805778
2011-03-24,0.015275818481327242
2011-03-25,0.009736269694230752
2011-03-28,0.003719651539447861
2011-03-29,-0.00042420557296313265
2011-03-30,0.021833432837501932
2011-03-31,0.004144602737405378
2011-04-01,0.027234154234875362
2011-04-04,-0.01245400325177644
2011-04-05,-0.013127107722255942
2011-04-06,0.010065974498083226
2011-04-07,-0.016071208106558908
2011-04-08,-0.0001038476222709256
2011-04-11,-0.008972470789543855
2011-04-12,-0.025581242476175468
2011-04-13,0.007818026516997463
2011-04-14,-0.0057773735835926565
2011-04-15,0.015755137630941
2011-04-18,-0.024051105965773586
2011-04-19,-0.0008661978449346985
2011-04-20,0.03312167208913343
2011-04-21,0.005328690750802226
2011-04-26,0.0091276323210833
2011-04-27,0.0032985161110451913
2011-04-28,0.010951427264844197
2011-04-29,-0.00020358280712385956
2011-05-02,-0.003978541891194891
2011-05-03,-0.00450764897266275
2011-05-04,-0.028854710132879206
2011-05-05,0.0019006491552916822
2011-05-06,0.012057633595846707
2011-05-09,-0.011424911280376334
2011-05-10,0.012258396619055478
2011-05-11,-0.0004165802942094542
2011-05-12,-0.012791241263792457
2011-05-13,-0.017456357104496365
2011-05-16,0.0018236309254218547
2011-05-17,-0.012836598733938666
2011-05-18,-0.003806885897524748
2011-05-19,0.02241468308809468
2011-05-20,-0.02252381577533534
2011-05-23,-0.018147365080093115
2011-05-24,0.008509753281928961
2011-05-25,-0.008731650122539776
2011-05-26,-0.0028904402015053217
2011-05-27,0.002001957302199803
2011-05-30,0.004323927280068511
2011-05-31,0.02846568503338751
2011-06-01,-0.017463281588624594
2011-06-02,-0.017217052657233087
2011-06-03,0.012940459846938259
2011-06-06,-0.00871912169209813
2011-06-07,0.0012185887601013528
2011-06-08,-0.009343706169406366
2011-06-09,0.01882026287206503
2011-06-10,-0.019043859460988927
2011-06-13,0.00011168297995414214
2011-06-14,0.019699674020964255
2011-06-15,-0.004173126203282428
2011-06-16,-0.0005502514422306679
2011-06-17,0.013017666891911151
2011-06-20,-0.003920282886818075
2011-06-21,0.01977045492434343
2011-06-22,-0.007839934956741122
2011-06-23,-0.01247640373435006
2011-06-24,0.008262964473497803
2011-06-27,0.004644646897837746
2011-06-28,-0.01947925527475895
2011-06-29,0.026887982594514772
2011-06-30,0.012966617264626865
2011-07-01,0.0021095643116520045
2011-07-04,-0.0051765549298923835
2011-07-05,0.0006352584780400219
2011-07-06,0.005068050183065313
2011-07-07,0.0031544804200146453
2011-07-08,-0.0060021453729245215
2011-07-11,-0.01629162914348469
2011-07-12,-0.0018268821268267097
2011-07-13,0.012505099916940278
2011-07-14,-0.0074628016770643835
2011-07-15,-0.004289575078757195
2011-07-18,-0.014723476239186784
2011-07-19,0.014185885798202342
2011-07-20,-0.00539076223956643
2011-07-21,0.00989695966214703
2011-07-22,-0.00235795650334431
2011-07-25,0.004389429830447002
2011-07-26,-0.0005340636539736161
2011-07-27,-0.02609657701311325
2011-07-28,-0.01125330856660758
2011-07-29,-0.008356074878185024
2011-08-01,-0.03843346264021825
2011-08-02,-0.022694890011596094
2011-08-03,-0.03423797480558478
2011-08-04,-0.040309250462224104
2011-08-05,-0.025304788419916527
2011-08-08,-0.04833009275919374
2011-08-09,0.023716356284038002
2011-08-10,-0.05154824081355209
2011-08-11,0.024792801288784565
2011-08-12,0.024868175694308346
2011-08-15,0.00484662130037121
2011-08-16,0.0025481925701127573
2011-08-17,-0.005372874699437657
2011-08-18,-0.061946908448862935
2011-08-19,-0.0221666039202003
2011-08-22,0.005114143562084828
2011-08-23,0.008996017816936864
2011-08-24,0.02454116541016523
2011-08-25,-0.0063627555409685324
2011-08-26,-0.01212979296629663
2011-08-29,0.010284103429461396
2011-08-30,-0.00028422312469079215
2011-08-31,0.02151540460982813
2011-09-01,-0.004741344412843099
2011-09-02,-0.024909397363977837
2011-09-05,-0.056298904480590946
2011-09-06,-0.0039494952341541665
2011-09-07,0.03881084092459307
2011-09-08,-0.008823636054552239
2011-09-09,-0.041314375213975636
2011-09-12,-0.007882049478032366
2011-09-13,0.005878684317669718
2011-09-14,0.030682873857231008
2011-09-15,0.03945079512784546
2011-09-16,0.007735146236560965
2011-09-19,-0.021199057860209623
2011-09-20,0.023194989758592084
2011-09-21,-0.015355194147053046
2011-09-22,-0.04284256863264069
2011-09-23,-0.010927385526194742
2011-09-26,0.013339538184930467
2011-09-27,0.04360694646823034
2011-09-28,-0.007669574414041194
2011-09-29,0.01169788302801343
2011-09-30,-0.022211973094915283
2011-10-04,-0.03662867204347851
2011-10-05,0.04379601041855684
2011-10-06,0.03635201811887618
2011-10-07,0.012570019196872251
2011-10-10,0.023998421774591803
2011-10-11,-0.012956148862198041
2011-10-12,0.016743009556582315
2011-10-13,-0.0024326094592647257
2011-10-14,0.012639733392030375
2011-10-17,-0.012233903662587035
2011-10-18,0.004049557612334162
2011-10-19,-0.011244465617497172
2011-10-20,-0.020508480267975176
2011-10-21,0.028784796385081177
2011-10-24,0.020462122276042185
2011-10-25,-0.0003972745368073665
2011-10-26,-0.004778873975811767
2011-10-27,0.03465543652233227
2011-10-28,0.005000186820796515
2011-10-31,-0.025517960215702906
2011-11-01,-0.03525029973952171
2011-11-02,0.009737481032189483
2011-11-03,0.019063398528617617
2011-11-04,-0.022433950881550306
2011-11-07,-0.016475266940108674
2011-11-08,0.006704550952271975
2011-11-09,-0.013316063072992233
2011-11-10,0.0006908799467510388
2011-11-11,0.023610724476026874
2011-11-14,-0.009895289615234561
2011-11-15,-0.003684472600910064
2011-11-16,-0.00041041242363680454
2011-11-17,-0.001642541428349847
2011-11-18,-0.013517552917026823
2011-11-21,-0.028309695853315473
2011-11-22,-0.012217278909366257
2011-11-23,-0.016770422479742954
2011-11-24,-0.006047788177991643
2011-11-25,0.014832773793740529
2011-11-28,0.03804274298037018
2011-11-29,0.013797257018961256
2011-11-30,0.03722214829137266
2011-12-01,-0.007898694301316277
2011-12-02,0.010162960871194289
2011-12-05,0.007159113670242895
2011-12-06,-0.0013217409297665936
2011-12-07,-0.005172222062994969
2011-12-08,-0.020824188334619465
2011-12-09,0.014689348977806323
2011-12-12,-0.02739528273823795
2011-12-13,0.005484656475782702
2011-12-14,-0.01446207279181596
2011-12-15,-0.007519810652931454
2011-12-16,-0.001818935052216687
2011-12-19,-0.0022429667419014932
2011-12-20,0.023168054420347712
2011-12-21,-0.010061379353267117
2011-12-22,0.0019374495433148702
2011-12-23,0.0046895802532672904
2011-12-27,0.005489272335649851
2011-12-28,-0.009902408888003353
2011-12-29,0.014544508005360576
2011-12-30,0.00719393223155668
2012-01-02,0.020083846160254482
2012-01-03,0.01760644954976869
2012-01-04,-0.004961360100428741
2012-01-05,-0.006697938734216636
2012-01-06,0.0030260932808411777
2012-01-09,-0.004872477494094617
2012-01-10,0.0
2012-01-11,-0.003305926645033853
2012-01-12,0.0022491804092186554
2012-01-13,-0.0023816258619831377
2012-01-16,0.007916507401520183
2012-01-17,0.016940774453199456
2012-01-18,0.0064401784857413425
2012-01-19,0.005888436108803026
2012-01-20,-0.003836482623072743
2012-01-23,0.004474375369094819
2012-01-24,-0.012966507340566499
2012-01-25,-0.005908636841744162
2012-01-26,0.0008157608184689314
2012-01-27,-0.010657438085035059
2012-01-30,-0.007445131563233094
2012-01-31,-0.0016620282850424689
2012-02-01,0.013629966926426118
2012-02-02,0.014525389688396121
2012-02-03,0.021729819744525855
2012-02-06,-0.0005275670343618458
2012-02-07,0.0009231510791569955
2012-02-08,0.0018439318065895684
2012-02-09,-0.006335825982412069
2012-02-10,-0.015344853157616637
2012-02-13,0.0016122320845855375
2012-02-14,-0.006599878878668089
2012-02-15,-0.0006759107583070908
2012-02-16,0.002026456761224083
2012-02-17,0.004040355994804897
2012-02-20,0.009364801213359968
2012-02-21,-0.0017327638744922289
2012-02-22,-0.0017354012145919951
2012-02-23,-0.001203319468524992
2012-02-24,0.0036054384377658044
2012-02-27,-0.006955558295872913
2012-02-28,0.004018891771076593
2012-02-29,0.0008016216576158248
2012-03-01,0.007718048875396205
2012-03-02,-0.004916638167930328
2012-03-05,-0.01071401569003415
2012-03-06,-0.023430937455913695
2012-03-07,0.010830023707364992
2012-03-08,0.018240045148039327
2012-03-09,-0.0001338784653665342
2012-03-12,0.0016057303908283453
2012-03-13,0.01552066264179885
2012-03-14,0.006298232137981245
2012-03-15,0.026334393628253638
2012-03-16,0.015423848310226175
2012-03-19,-0.0030154161899466924
2012-03-20,-0.013045753502338985
2012-03-21,0.0019103942318047862
2012-03-22,-0.008561677636988087
2012-03-23,-0.007212950912276151
2012-03-26,-0.0033664963176750066
2012-03-27,-0.002987572703069444
2012-03-28,-0.011513990168171593
2012-03-29,-0.013913913395342089
2012-03-30,0.00863629085352663
2012-04-02,0.011181956988357042
2012-04-03,-0.009067509519014864
2012-04-04,-0.024455203121394837
2012-04-05,-0.0005412023713219211
2012-04-10,-0.01940733882387019
2012-04-11,0.00646532149733228
2012-04-12,0.001096294913490481
2012-04-13,-0.019640982521501822
2012-04-16,0.002092900124746933
2012-04-17,0.016588973215099556
2012-04-18,-0.024987471152892453
2012-04-19,-0.018156647519691906
2012-04-20,0.011669582195119817
2012-04-23,-0.025506661347163926
2012-04-24,0.013120999380702299
2012-04-25,0.01026104672530323
2012-04-26,-0.0029818091138531858
2012-04-27,0.0036903849684542136
2012-04-30,-0.008680108581405707
2012-05-02,-0.014684979444849878
2012-05-03,0.0004349472819333546
2012-05-04,-0.018730451093346732
2012-05-07,-0.002366270554075707
2012-05-08,-0.015969208233031242
2012-05-09,0.006448250857051776
2012-05-10,0.012035010843774322
2012-05-11,0.00823651089063736
2012-05-14,-0.01728641525422148
2012-05-15,-0.008230476947234023
2012-05-16,-0.0016542556140856752
2012-05-17,-0.008009231235000842
2012-05-18,0.001516400710000221
2012-05-21,0.00619159183508025
2012-05-22,0.017609881145434658
2012-05-23,-0.02002149444232102
2012-05-24,0.012150448234907943
2012-05-25,0.022263990613619222
2012-05-28,-0.00643641609019031
2012-05-29,0.006144679798931025
2012-05-30,-0.018400543510468163
2012-05-31,-0.011956206594217218
2012-06-01,-0.025275524527548134
2012-06-04,-0.006963347086982724
2012-06-05,-0.0037336205842657074
2012-06-06,0.01254576414534165
2012-06-07,0.0009230647704156698
2012-06-08,0.0035304541748982427
2012-06-11,-0.002915408699240859
2012-06-12,0.011308214171112465
2012-06-13,-0.014078475538778935
2012-06-14,-0.0007709462718688906
2012-06-15,0.026631878629527865
2012-06-18,-0.005722691702165032
2012-06-19,0.0140973633655087
2012-06-20,0.0037160281213875573
2012-06-21,-0.010590084471406046
2012-06-22,-0.014956155201817398
2012-06-25,-0.025122660868176484
2012-06-26,-0.015096908870893672
2012-06-27,0.008991241266894575
2012-06-28,-0.00978394039276882
2012-06-29,0.04768713783301532
2012-07-02,0.015006120750579754
2012-07-03,0.004754947099045268
2012-07-04,0.0004445519128126061
2012-07-05,0.0014805165439283306
2012-07-06,-0.014154876248518349
2012-07-09,-0.003005742785812049
2012-07-10,0.007646945503630232
2012-07-11,0.0032806377425924054
2012-07-12,-0.00792184046041057
2012-07-13,0.02064380456428922
2012-07-16,0.0035216004654398305
2012-07-17,-0.00014646909774376692
2012-07-18,0.013676973068911203
2012-07-19,0.013207187833215901
2012-07-20,-0.013351788481326928
2012-07-23,-0.028290653264273175
2012-07-24,-0.003873001276299318
2012-07-25,0.004764652534070593
2012-07-26,-0.01195462599576906
2012-07-27,0.005696202944803038
2012-07-30,0.03293470932207177
2012-07-31,-0.0005788296675170191
2012-08-01,0.0018795223166468485
2012-08-02,-0.012939095410737494
2012-08-03,0.05978090693070987
2012-08-06,0.010966348109771472
2012-08-07,0.0054385444287889904
2012-08-08,0.0040593983139127175
2012-08-09,-0.0014863959327509999
2012-08-10,0.003105776641778568
2012-08-13,-0.0037822359954570272
2012-08-14,0.0016227905179473363
2012-08-15,-0.001081567687108243
2012-08-16,0.003106289467580963
2012-08-17,0.006317488368801901
2012-08-20,0.0013391527651235202
2012-08-21,0.011442382760260423
2012-08-22,-0.01090733459038094
2012-08-23,-0.00886632816208229
2012-08-24,0.005785326634686503
2012-08-27,0.009745889005036529
2012-08-28,-0.0035936265358946233
2012-08-29,0.000666451190679957
2012-08-30,-0.0053439018810224476
2012-08-31,0.010262031547392766
2012-09-03,0.004629989267834453
2012-09-04,-0.014088696207098055
2012-09-05,0.0025399822589672796
2012-09-06,0.0215289057231973
2012-09-07,0.011045547909047885
2012-09-10,0.004126824040377619
2012-09-11,0.008968670778990856
2012-09-12,-0.0007655890778797697
2012-09-13,-0.0005107480366653154
2012-09-14,0.01520956960500338
2012-09-17,-0.0032757272123739743
2012-09-18,-0.001515689467123286
2012-09-19,0.0005055434778740858
2012-09-20,0.004160095321271092
2012-09-21,-0.004286325916548606
2012-09-24,-0.003290411511994794
2012-09-25,0.004931391300023994
2012-09-26,-0.020259292741047173
2012-09-27,0.00513542014237691
2012-09-28,-0.0061658193269135625
2012-10-01,0.0135655434738559
2012-10-02,0.0006353707468975628
2012-10-04,0.007466975712945794
2012-10-05,0.011159332380287915
2012-10-08,-0.015202124187542212
2012-10-09,-0.007370076566648687
2012-10-10,-0.004601763296005681
2012-10-11,-0.012894945604876877
2012-10-12,-0.01122443475234264
2012-10-15,0.0020979047097527395
2012-10-16,0.014175389482256853
2012-10-17,0.007846086165209853
2012-10-18,0.011465032568346877
2012-10-19,-0.00839466165000164
2012-10-22,-0.0030703709183453175
2012-10-23,-0.01432342606066105
2012-10-24,-0.001170546906054706
2012-10-25,-0.003780959179287748
2012-10-26,0.008713466300394407
2012-10-29,-0.0027227730475619305
2012-10-30,0.00543815272796107
2012-10-31,0.0012904126983976708
2012-11-01,0.011029998647018445
2012-11-02,0.014687654824903402
2012-11-05,-0.003904062306523325
2012-11-06,0.00929414958018502
2012-11-07,-0.014354211171837826
2012-11-08,0.017848519349788303
2012-11-09,-0.007126315875128698
2012-11-12,-0.005283625919800044
2012-11-13,0.006161681725801799
2012-11-14,-0.022695352256842844
2012-11-15,-0.007982487199547136
2012-11-16,-0.009611554850774225
2012-11-19,0.018106974278472028
2012-11-20,0.0075338056121900575
2012-11-21,-0.012931600332603812
2012-11-22,0.002959598683692736
2012-11-23,0.005765149643582485
2012-11-26,-0.00345511758872136
2012-11-27,0.005369324482851592
2012-11-28,0.006481610295323167
2012-11-29,0.0026569877185464515
2012-11-30,0.0018930985592398777
2012-12-03,0.0035244850212116843
2012-12-04,0.0010049917112526642
2012-12-05,0.0037590558053357368
2012-12-06,0.0068546994976749235
2012-12-07,0.0023572156823829286
2012-12-10,0.0014859506040360115
2012-12-11,0.014494879287802746
2012-12-12,0.002679242448182071
2012-12-13,-0.00036497864310784255
2012-12-14,-0.0013392551635693104
2012-12-17,0.0023121795308625364
2012-12-18,0.005333978103764516
2012-12-19,0.003379588219980161
2012-12-20,-0.00012040469686382261
2012-12-21,-0.006165067983052639
2012-12-27,0.002663993817373358
2012-12-28,-0.005943112690354762
2013-01-02,0.019277642455539565
2013-01-03,0.0007155594557089771
2013-01-04,0.0008342690539315574
2013-01-07,-0.003700329946484544
2013-01-08,-0.006719371460352236
2013-01-09,0.0020446916475579885
2013-01-10,0.0010807838427419503
2013-01-11,0.003952551351770356
2013-01-14,-0.0047931802655434
2013-01-15,-0.0003602956561165153
2013-01-16,-0.003732208408534358
2013-01-17,-0.0007239287431561777
2013-01-18,-0.00036195183190244917
2013-01-21,0.008057165055689803
2013-01-22,0.00227325786337037
2013-01-23,0.0
2013-01-24,0.012560539085910268
2013-01-25,0.006990021058979948
2013-01-28,-0.006129176038913403
2013-01-29,0.003682093191681141
2013-01-30,-0.003190129293035245
2013-01-31,-0.006534732414032881
2013-02-01,-0.011696012686808461
2013-02-04,-0.031272600550866024
2013-02-05,0.004380945485203584
2013-02-06,-0.009819009781796645
2013-02-07,-0.00025971509314163236
2013-02-08,-0.0022104788871044963
2013-02-11,0.004674794888032043
2013-02-12,0.006456761767560375
2013-02-13,0.015327924957257615
2013-02-14,-0.004701178657406132
2013-02-15,-0.0052354534667672014
2013-02-18,0.0007680481479085505
2013-02-19,0.010562005309784503
2013-02-20,-0.004821891836266832
2013-02-21,-0.017708652169665866
2013-02-22,0.014778803169455236
2013-02-25,0.016196685217769503
2013-02-26,-0.017728631650114214
2013-02-27,0.008903603358074193
2013-02-28,0.008197388485280845
2013-03-01,0.0006276398067591928
2013-03-04,-0.001255757300738432
2013-03-05,0.019662063492829306
2013-03-06,0.010785528785443387
2013-03-07,0.001340280997435265
2013-03-08,0.012822262536698355
2013-03-11,-0.00012036326398326275
2013-03-12,-0.004578233370180515
2013-03-13,0.003856948372978967
2013-03-14,0.00981574260742576
2013-03-15,-0.00561440799034171
2013-03-18,0.006923739243531679
2013-03-19,0.0072305218302709945
2013-03-20,0.009404244753678775
2013-03-21,0.016362343384951274
2013-03-22,-0.004267830014053165
2013-03-25,-0.0019668583662582713
2013-03-26,-0.010478884113783131
2013-03-27,-0.011299460691689866
2013-03-28,-0.005340961197072484
2013-04-02,0.021660505509209078
2013-04-03,-0.021422515710653085
2013-04-04,-0.005966564456791873
2013-04-05,-0.026192738039975617
2013-04-08,-0.0028300757237891875
2013-04-09,-0.006923848501775613
2013-04-10,0.018317672720819893
2013-04-11,0.002190225542575443
2013-04-12,-0.018153521084692738
2013-04-15,-0.017606586440119233
2013-04-16,-0.0035336059163433614
2013-04-17,-0.014260626953195266
2013-04-18,-0.012386893989827213
2013-04-19,-0.011491583789367245
2013-04-22,0.00275437192373542
2013-04-23,0.021380727911453953
2013-04-24,0.015898689530718834
2013-04-25,0.007041295898466665
2013-04-26,-0.011214165635792814
2013-04-29,0.006945056771087692
2013-04-30,-0.0021417016984395885
2013-05-02,0.006410810563144799
2013-05-03,0.009725835808434596
2013-05-06,-0.006723106906907767
2013-05-07,0.003616143325004888
2013-05-08,0.00768741959001887
2013-05-09,0.00406785541771685
2013-05-10,0.00478624320561793
2013-05-13,0.0004896936105089932
2013-05-14,-0.005029926191804113
2013-05-15,-0.0028327008013773773
2013-05-16,-0.0024697467905220602
2013-05-17,-0.00012365170870577377
2013-05-20,0.0028400462219778807
2013-05-21,0.0016018108484580895
2013-05-22,0.01296489776581361
2013-05-23,-0.012226666159966952
2013-05-24,0.014169105202517792
2013-05-27,0.004839533976519215
2013-05-28,0.0062568367462119915
2013-05-29,-0.008431552317519145
2013-05-30,0.0009671866306113014
2013-05-31,-0.013872184386879718
2013-06-03,-0.0022082026743306797
2013-06-04,-0.0035675707239783364
2013-06-05,-0.00568545096547117
2013-06-06,-0.014482049984412432
2013-06-07,0.01013450790716457
2013-06-10,0.009416481878274008
2013-06-11,-0.0013574013780304468
2013-06-12,-0.008308092746066349
2013-06-13,-0.0148019835309986
2013-06-14,0.00201993062301952
2013-06-17,0.008414437314193045
2013-06-18,0.00037512966404019396
2013-06-19,-0.004008656596724334
2013-06-20,-0.01581395910998263
2013-06-21,-0.014902621025654369
2013-06-24,-0.01644304132740269
2013-06-25,0.005511022996676125
2013-06-26,0.00808050652718649
2013-06-27,0.006855784412633981
2013-06-28,0.0010310004801988384
2013-07-01,0.02517926009749704
2013-07-02,-0.005540726478002912
2013-07-03,-0.013348041564614097
2013-07-04,0.008918264952103282
2013-07-05,-0.017142434173637547
2013-07-08,0.039812005741340174
2013-07-09,0.008536613545059106
2013-07-10,0.0015213328458847624
2013-07-11,0.004928468964526203
2013-07-12,0.0027693819907541094
2013-07-15,0.0038893061977593965
2013-07-16,0.0018765472054082376
2013-07-17,0.012544339554159713
2013-07-18,0.018102243023714937
2013-07-19,0.01132947520378448
2013-07-22,0.0031112240570496485
2013-07-23,-0.0031112240570495865
2013-07-24,0.002155079299958596
2013-07-25,-0.061656665189997864
2013-07-26,0.013392320602665594
2013-07-29,-0.0027647769744798454
2013-07-30,0.015113180373864377
2013-07-31,0.020125772212571447
2013-08-01,0.025666931529840505
2013-08-02,-0.008323596954318358
2013-08-05,0.0028614848965432217
2013-08-06,-0.00609039604979257
2013-08-07,-0.0005991837978381306
2013-08-08,-0.0033617239773778515
2013-08-09,0.00467936225469711
2013-08-12,0.0014354392459207652
2013-08-13,-0.001196069079625638
2013-08-14,0.009765472710969085
2013-08-15,-0.010483832285861703
2013-08-16,0.0008381002232640846
2013-08-19,-0.009135801605415063
2013-08-20,-0.008123699357526253
2013-08-21,-0.005004056838601515
2013-08-22,0.012885984510085005
2013-08-23,-0.0009665818074358834
2013-08-26,0.0026564374365471675
2013-08-27,-0.016167817937164174
2013-08-28,-0.004298227925249384
2013-08-29,0.0025812005165618194
2013-08-30,-0.016961049530816265
2013-09-02,0.02039231876490035
2013-09-03,-0.005151329077824759
2013-09-04,0.010763135984140281
2013-09-05,0.02877915010414922
2013-09-06,0.029696478892022513
2013-09-09,-0.004600432047521608
2013-09-10,0.014533632748802202
2013-09-11,0.00034090922303832297
2013-09-12,-0.008554472616697228
2013-09-13,-0.004132330587754718
2013-09-16,0.012005088034248556
2013-09-17,0.0066827918899782296
2013-09-18,0.012564857280472307
2013-09-19,0.006998715598324415
2013-09-20,-0.0017728699112368506
2013-09-23,-0.0050029120605242965
2013-09-24,-0.0006690936636834119
2013-09-25,0.005783040562948497
2013-09-26,0.00022167577192807176
2013-09-27,-0.004110446989775876
2013-09-30,-0.00860871558130155
2013-10-01,0.031390679574686366
2013-10-02,-0.004252711516139681
2013-10-04,-0.010987926176927258
2013-10-07,-0.008209241798957078
2013-10-08,-0.0030122678152459015
2013-10-09,-0.008866232138889681
2013-10-10,0.02207443566953029
2013-10-11,0.007798492222910973
2013-10-14,-0.0017518852966386914
2013-10-15,-0.010577825496443823
2013-10-16,-0.001219065267476846
2013-10-17,-0.011264133768758641
2013-10-18,0.019547382282773
2013-10-21,-0.004519658592803689
2013-10-22,0.02066662807764805
2013-10-23,0.00118973117984506
2013-10-24,0.012140933807319686
2013-10-25,0.0022400508630147507
2013-10-28,-0.0033084391243905914
2013-10-29,0.007879885905287118
2013-10-30,-0.005850861352154316
2013-10-31,0.00478966116715028
2013-11-01,-0.0023387490856440567
2013-11-04,-0.004052554436963685
2013-11-05,-0.01258137335634053
2013-11-06,0.001297747556043689
2013-11-07,0.03326724428519356
2013-11-08,-0.00041815470643351033
2013-11-11,-0.0003138486974674117
2013-11-12,-0.007560510359463646
2013-11-13,0.0034724352059678425
2013-11-14,0.01852478626309641
2013-11-15,-0.002684747598885593
2013-11-18,0.0019625119287155586
2013-11-19,-0.007353527176273091
2013-11-20,0.006734223546706168
2013-11-21,-0.009440367113524337
2013-11-22,0.009646644864820503
2013-11-25,0.009145669920102312
2013-11-26,-0.00163768736451543
2013-11-27,0.0077566132319415535
2013-11-28,-0.0009154619586033294
2013-11-29,-0.010948003271226131
2013-12-02,0.002260812546486794
2013-12-03,-0.023156647349405562
2013-12-04,-0.010667056874328344
2013-12-05,-0.008637686747156407
2013-12-06,0.013932529945943312
2013-12-09,-0.0008453503701478839
2013-12-10,-0.0047682093875952855
2013-12-11,-0.003617545155798737
2013-12-12,-0.0020275670776607356
2013-12-13,-0.003531211750811925
2013-12-16,0.02863546687349046
2013-12-17,-0.01152439496145813
2013-12-18,0.003156205036087646
2013-12-19,0.02284615649483066
2013-12-20,0.006243372216339796
2013-12-23,0.01065614141228345
2013-12-27,0.01194128981424025
2013-12-30,-0.009622357902391732
2014-01-02,-0.0030258671236825536
2014-01-03,0.005138778958441402
2014-01-06,-0.003120409040328314
2014-01-07,0.00502807658521743
2014-01-08,-0.012821196396148135
2014-01-09,-0.006728790384044194
2014-01-10,0.001839559701017017
2014-01-13,0.005904736821876767
2014-01-14,0.0021293424965190444
2014-01-15,0.026190912556937992
2014-01-16,-0.013409652983928318
2014-01-17,0.005484951875173075
2014-01-20,-0.001492862368166531
2014-01-21,-0.004292189572666134
2014-01-22,-0.014712136950770319
2014-01-23,-0.005292599881117143
2014-01-24,-0.01708556817608103
2014-01-27,0.011148997069326063
2014-01-28,0.015584771222782309
2014-01-29,-0.007791310061164706
2014-01-30,-0.007724784030860399
2014-01-31,-0.0019138178092737304
2014-02-03,-0.013284962587650204
2014-02-04,-0.009536184736601493
2014-02-05,0.002609864688395091
2014-02-06,0.009619208011577254
2014-02-07,0.004614517135050074
2014-02-10,-0.001714685858088232
2014-02-11,0.008968683091417247
2014-02-12,0.0035014194643324488
2014-02-13,-0.0012718433861824364
2014-02-14,0.008133258686666098
2014-02-17,0.003989377156937928
2014-02-18,-0.007467140910619424
2014-02-19,0.004739115232311027
2014-02-20,-0.0014718842589223284
2014-02-21,-0.0020010943420666174
2014-02-24,0.008817051197122616
2014-02-25,0.011533154434331287
2014-02-26,-0.0011370644146883164
2014-02-27,-0.007057495028208481
2014-02-28,0.007781406435391916
2014-03-03,-0.03995677463478486
2014-03-04,0.027163547097415898
2014-03-05,0.00031390253063255733
2014-03-06,-0.0015709554500473251
2014-03-07,-0.027736729292343713
2014-03-10,-0.009745647932597244
2014-03-11,0.011575883046939732
2014-03-12,-0.021967009826701026
2014-03-13,-0.01830839566838677
2014-03-14,0.014673392964874167
2014-03-17,0.0333167741719173
2014-03-18,0.0
2014-03-19,0.006595470048138433
2014-03-20,0.02140020691159394
2014-03-21,0.014425888307116759
2014-03-24,-0.024754120450545678
2014-03-25,0.01859711647581828
2014-03-26,0.005440681715244587
2014-03-27,-0.001024399736610687
2014-03-28,0.014144183536481562
2014-03-31,-0.012915195309922219
2014-04-01,0.0038819142300771515
2014-04-02,0.0030541132963264887
2014-04-03,0.006080259676638479
2014-04-04,0.008651093926216281
2014-04-07,-0.025358950271740587
2014-04-08,0.00706353524853869
2014-04-09,0.0014269590828029518
2014-04-10,-0.00931276808277488
2014-04-11,-0.007533922811630544
2014-04-14,-0.0018663888320364324
2014-04-15,-0.015268983324930015
2014-04-16,0.01817071586530841
2014-04-17,0.008142387155925216
2014-04-22,0.01639125127414127
2014-04-23,-0.01598070515679527
2014-04-24,0.00030775114684849223
2014-04-25,-0.015714105431413845
2014-04-28,-0.025112037769249675
2014-04-29,0.005965524474313127
2014-04-30,0.00898751193518671
2014-05-02,-0.009624756068680641
2014-05-05,0.0016986801983369523
2014-05-06,-0.003613714072937947
2014-05-07,0.020343046979616575
2014-05-08,0.010277028044706975
2014-05-09,-0.0016538320812043063
2014-05-12,0.02047764455563581
2014-05-13,0.011587987444107188
2014-05-14,-0.012500349379854867
2014-05-15,-0.021947448207512155
2014-05-16,-0.0032195952745605713
2014-05-19,-0.004378629886453983
2014-05-20,-0.012722972759863437
2014-05-21,-0.0007409669024591831
2014-05-22,0.008015946356847492
2014-05-23,0.01169747329536976
2014-05-26,0.012997707771794794
2014-05-27,-0.0012306906903943042
2014-05-28,0.005832179529435563
2014-05-29,-0.002246943175755709
2014-05-30,-0.0034824400318588713
2014-06-02,0.00511698866365383
2014-06-03,-0.004194082996226677
2014-06-04,0.003990037533783276
2014-06-05,0.007020414288547769
2014-06-06,0.004653127341064641
2014-06-09,0.004731828921972981
2014-06-10,0.0032091530568979245
2014-06-11,-0.009658018173513583
2014-06-12,-0.0013150346616410766
2014-06-13,0.0001010241481324589
2014-06-16,0.00020245845081772091
2014-06-17,0.0032330826373592825
2014-06-18,-0.0028282257212992384
2014-06-19,0.01086521462784763
2014-06-20,0.0030969826383847494
2014-06-23,-0.0168999466325656
2014-06-24,-0.0005072229495000418
2014-06-25,-0.009382355012504746
2014-06-26,-0.011334386437425023
2014-06-27,-0.005507394008351482
2014-06-30,0.004989094362673526
2014-07-01,0.000932758922961327
2014-07-02,-0.00041445927728332325
2014-07-03,0.012051232026461384
2014-07-04,-0.002460117637021552
2014-07-07,-0.015724053074149324
2014-07-08,-0.020115469856358155
2014-07-09,0.004669890022577908
2014-07-10,-0.019135576381910456
2014-07-11,-0.0015123089422205299
2014-07-14,0.01160697206501945
2014-07-15,-0.01377123444864821
2014-07-16,0.0213287877582984
2014-07-17,-0.01495769901537787
2014-07-18,-0.004423163034892756
2014-07-21,-0.010433672673963232
2014-07-22,0.021722428914659704
2014-07-23,0.0042670494305133986
2014-07-24,0.005414488806694087
2014-07-25,-0.01514851203018998
2014-07-28,0.0013961316700654104
2014-07-29,0.004177802090590397
2014-07-30,-0.009127585960177742
2014-07-31,-0.0032415514587945844
2014-08-01,-0.024985009065267707
2014-08-04,-0.0055634516282052245
2014-08-05,0.005563451628205219
2014-08-06,0.0012199090731723609
2014-08-07,-0.01125662703655105
2014-08-08,-0.004380792818156474
2014-08-11,0.018293722745990705
2014-08-12,-0.014137105421216272
2014-08-13,0.01909902584140313
2014-08-14,0.0077786994448364255
2014-08-15,-0.010642471577225901
2014-08-18,0.015541458391389673
2014-08-19,0.0076811484498144145
2014-08-20,0.0020456752525825064
2014-08-21,0.020228390151641837
2014-08-22,-0.012621244200757662
2014-08-25,0.0258138870408046
2014-08-26,0.007254389850646103
2014-08-27,-0.004657560064048771
2014-08-28,-0.01210743347601725
2014-08-29,0.0011543563339601252
2014-09-01,0.0025142402261730265
2014-09-02,0.005321571944654867
2014-09-03,0.010971109435948973
2014-09-04,0.014713716373620721
2014-09-05,-0.0017258778768245889
2014-09-08,-0.0038684140454133347
2014-09-09,0.00020390077546914443
2014-09-10,-0.003678055021658804
2014-09-11,-0.0016389655808619148
2014-09-12,-0.004624377136215962
2014-09-15,0.002982465345461396
2014-09-16,0.0031784609685973227
2014-09-17,0.0056141532870803805
2014-09-18,-0.004284257215752317
2014-09-19,-0.014622732186248596
2014-09-22,-0.004470590490558779
2014-09-23,-0.017766582187425103
2014-09-24,0.003705362542506563
2014-09-25,-0.014476021608822446
2014-09-26,0.006838449950709725
2014-09-29,-0.0052314790576786716
2014-09-30,0.010117642016571029
2014-10-01,-0.012046290509419633
2014-10-02,-0.01993131663614266
2014-10-06,-0.01599150436462068
2014-10-07,-0.02237180444619437
2014-10-08,-0.015005168808269697
2014-10-09,0.004146054691467121
2014-10-10,-0.039979628113205615
2014-10-13,0.010708056992800486
2014-10-14,0.0024823297976681114
2014-10-15,-0.028376800778315312
2014-10-16,0.0009711217634116276
2014-10-17,0.021366968296656217
2014-10-20,-0.013391164007159482
2014-10-21,0.027893356648229003
2014-10-22,0.0011699337139455712
2014-10-23,0.012894221414106212
2014-10-24,-0.006368215437137742
2014-10-27,-0.0061753362367297235
2014-10-28,0.017035044678094267
2014-10-29,0.0032121214842162037
2014-10-30,0.0005724708106287537
2014-10-31,0.028771606950678985
2014-11-03,-0.009498736966204858
2014-11-04,-0.0131104117910602
2014-11-05,0.013334869768428995
2014-11-06,0.005931970389562854
2014-11-07,-0.017789075970604477
2014-11-10,0.006228238228498713
2014-11-11,0.0045055138726135206
2014-11-12,-0.012325705744363667
2014-11-13,0.0030673961047660617
2014-11-14,0.0038492378401210462
2014-11-17,0.0047345094707797455
2014-11-18,0.02268301099009191
2014-11-19,0.00010985681003564345
2014-11-20,-0.0008798087283044742
2014-11-21,0.03343198310826604
2014-11-24,0.003399238597204663
2014-11-25,0.009813779322167841
2014-11-26,0.007323718834674855
2014-11-27,0.004887576793315681
2014-11-28,-0.01294677659619341
2014-12-01,-0.006642073215703348
2014-12-02,-0.007752608922406433
2014-12-03,0.0010655270229696573
2014-12-04,-0.014373367718994466
2014-12-05,0.01957797610991461
2014-12-08,-0.0029706970002988655
2014-12-09,-0.015743068587619948
2014-12-10,0.005060312673002758
2014-12-11,0.007489981005035313
2014-12-12,-0.026244994987362956
2014-12-15,-0.026615003181098516
2014-12-16,0.02727154796379567
2014-12-17,-0.003725313177848049
2014-12-18,0.02984664513615891
2014-12-19,-0.011788761501435223
2014-12-22,0.011255879747790149
2014-12-23,0.00828022435570492
2014-12-29,0.002744952264345718
2014-12-30,-0.011664996507670698
2015-01-02,0.00010678674931936843
2015-01-05,-0.030648569810451446
2015-01-06,-0.0008799905490016025
2015-01-07,0.006363647008213478
2015-01-08,0.032179375210593796
2015-01-09,-0.020652570491188498
2015-01-12,0.010219126197995615
2015-01-13,0.004378290648697872
2015-01-14,-0.011898042537278544
2015-01-15,0.02038626314396848
2015-01-16,0.008626274850664396
2015-01-19,0.015176855385115167
2015-01-20,0.004939803965211934
2015-01-21,0.012446486629818673
2015-01-22,0.006266413658082035
2015-01-23,0.01747870078096985
2015-01-26,0.018637130728580927
2015-01-27,-0.03028907852958684
2015-01-28,-0.012022321319306755
2015-01-29,-0.015057155305022205
2015-01-30,-0.006430839510992602
2015-02-02,0.019697280320827272
2015-02-03,0.012155813507084385
2015-02-04,-0.004907459354247525
2015-02-05,0.007923168487836115
2015-02-06,-0.010438383261945832
2015-02-09,-0.012459180093631842
2015-02-10,0.004134962942819789
2015-02-11,-0.0013764220859448376
2015-02-12,0.00010586775032113347
2015-02-13,0.01649636855472921
2015-02-16,-0.007531406226113522
2015-02-17,0.004191108362840505
2015-02-18,0.012055759985495736
2015-02-19,0.0070001711279922005
2015-02-20,0.0
2015-02-23,0.005320399952992717
2015-02-24,0.0031583531918387493
2015-02-25,0.004769211594629291
2015-02-26,0.0015173622738871729
2015-02-27,0.008956400912774307
2015-03-02,-0.011993370573536478
2015-03-03,-0.007122500785822042
2015-03-04,0.003872896578067681
2015-03-05,0.012433674122733605
2015-03-06,-0.0007036052467419329
2015-03-09,0.001105365834086419
2015-03-10,-0.005134593167363334
2015-03-11,0.030126122216394182
2015-03-12,0.0009789056087399577
2015-03-13,0.011673307220838567
2015-03-16,0.023890176233340877
2015-03-17,-0.01378661633838607
2015-03-18,0.00857958328373197
2015-03-19,-0.04266284249767118
2015-03-20,-0.002976288067035174
2015-03-23,-0.001988965608203611
2015-03-24,0.00743872508897029
2015-03-25,-0.012528733844772716
2015-03-26,-0.0008010265087455549
2015-03-27,0.0024005583410723025
2015-03-30,0.012410187906234403
2015-03-31,-0.006433942904998324
2015-04-01,0.0024794855974781807
2015-04-02,-0.0009909139710217799
2015-04-07,0.012807679645043894
2015-04-08,-0.009837641565447761
2015-04-09,0.0029615975799905285
2015-04-10,0.019522338605105657
2015-04-13,0.0019314578897759982
2015-04-14,-0.0111569117771511
2015-04-15,0.009225453887375201
2015-04-16,-0.01952233860510566
2015-04-17,-0.024951395118932358
2015-04-20,0.017034385363332228
2015-04-21,-0.0009939286920576753
2015-04-22,-0.008489331233951725
2015-04-23,-0.01434520372752781
2015-04-24,0.010627128678906922
2015-04-27,0.026525127193822374
2015-04-28,-0.007380166499576084
2015-04-29,-0.03784263647189523
2015-04-30,0.00020503226717168108
2015-05-04,0.010405915815669941
2015-05-05,-0.02351574472205251
2015-05-06,0.006318126666166508
2015-05-07,-0.015504079192790843
2015-05-08,0.01818509052122979
2015-05-11,-0.0037140817138359965
2015-05-12,-0.00934578795525037
2015-05-13,-0.013550034837222537
2015-05-14,0.01875283571554943
2015-05-15,-0.0048900383580078085
2015-05-18,0.0062384611227257305
2015-05-19,0.015529560619015594
2015-05-20,0.0003062389746635263
2015-05-21,0.0029543266265787582
2015-05-22,-0.0016288622824982525
2015-05-26,-0.01127080819853933
2015-05-27,0.012492718828967036
2015-05-28,-0.009200685820616209
2015-05-29,-0.0164641642960378
2015-06-01,0.0041674655856237105
2015-06-02,-0.002394123292581877
2015-06-03,0.011810793675540613
2015-06-04,-0.0037145391655428383
2015-06-05,-0.011960048798057517
2015-06-08,-0.008932992606277636
2015-06-09,-0.0101857097830362
2015-06-10,0.01566020122866239
2015-06-11,0.0029353928768841206
2015-06-12,-0.013914192745133109
2015-06-15,-0.019940622350433798
2015-06-16,0.0034590917199876945
2015-06-17,-0.003242454303067995
2015-06-18,0.012800541945558882
2015-06-19,-0.000427488716043906
2015-06-22,0.033024291284824196
2015-06-23,-0.0005171999488795364
2015-06-24,-0.006646866524709209
2015-06-25,-0.00627152921291267
2015-06-26,-0.002835058806653404
2015-06-29,-0.03227123336726291
2015-06-30,-0.018966652138912445
2015-07-01,0.013958468254493409
2015-07-02,-0.009761464727077906
2015-07-03,-0.0023172502767211506
2015-07-06,-0.014465630951352646
2015-07-07,-0.024278136775848468
2015-07-08,0.011531969609166363
2015-07-09,0.02156157164892405
2015-07-10,0.022411323317598108
2015-07-13,0.01851292895890967
2015-07-14,0.0014919704691642678
2015-07-15,0.0011705799604486034
2015-07-16,0.015095086353180534
2015-07-17,-0.000733639843149114
2015-07-20,0.007104018754736233
2015-07-21,-0.009413236204527803
2015-07-22,-0.009714917486345485
2015-07-23,-0.0014866146811786446
2015-07-24,-0.010039708900202728
2015-07-27,-0.01972950924946836
2015-07-28,0.008177486094773378
2015-07-29,0.004226115060472007
2015-07-30,0.03766808417977878
2015-07-31,0.014576132542362957
2015-08-03,0.013152102150224788
2015-08-04,-0.00121621421525581
2015-08-05,0.014996967839031592
2015-08-06,0.0009985742239650144
2015-08-07,-0.010130908906062872
2015-08-10,0.017092612219486412
2015-08-11,-0.02967274839814196
2015-08-12,-0.028687400453772417
2015-08-13,0.007953018947422405
2015-08-14,-0.005015469846183117
2015-08-17,-0.0034630454497243993
2015-08-18,-0.004213625377998189
2015-08-19,-0.027070493937636896
2015-08-20,-0.018720858127179836
2015-08-21,-0.023367209537845497
2015-08-24,-0.049984407112145475
2015-08-25,0.03505455179194093
2015-08-26,-0.006913348845677166
2015-08-27,0.02150370138701956
2015-08-28,0.003953013810411198
2015-08-31,-0.0029351898730506014
2015-09-01,-0.018483104957307275
2015-09-02,0.004022314600539248
2015-09-03,0.01536486448848238
2015-09-04,-0.02840980878381004
2015-09-07,0.0022054455153379953
2015-09-08,0.007622942462040313
2015-09-09,0.000575183780589048
2015-09-10,-0.007502763148282293
2015-09-11,-0.009780063181224461
2015-09-14,-0.004808443448631576
2015-09-15,0.0
2015-09-16,0.004691526256765128
2015-09-17,-0.00539718214240899
2015-09-18,-0.044259264781721236
2015-09-21,0.014769810886350827
2015-09-22,-0.028887698370955645
2015-09-23,0.0018691026726738178
2015-09-24,-0.021898781679896645
2015-09-25,0.017782059602162444
2015-09-28,-0.017400468515233275
2015-09-29,0.004821836163324728
2015-09-30,0.011828476821369067
2015-10-01,-0.011448865783086551
2015-10-02,0.0015173076752921985
2015-10-05,0.028767339869816545
2015-10-06,0.014865693361963672
2015-10-07,0.02307458201140271
2015-10-08,0.00448116530640069
2015-10-09,0.011697338794724394
2015-10-12,0.0004651932564594072
2015-10-13,-0.010634013118875123
2015-10-14,-0.016703617397718157
2015-10-15,0.009984593721698883
2015-10-16,-0.005931144341618329
2015-10-19,0.0027327687931422953
2015-10-20,-0.0053536784450316085
2015-10-21,0.012211770493995302
2015-10-22,0.022258137632827902
2015-10-23,0.03677099604345721
2015-10-26,-0.003560967718634682
2015-10-27,-0.005253585913465724
2015-10-28,0.018872633569839762
2015-10-29,0.0032937843465368705
2015-10-30,0.0029553418546621217
2015-11-02,0.009679584691525023
2015-11-03,-0.001299597819227271
2015-11-04,-0.00021680725384129373
2015-11-05,0.00454246351868531
2015-11-06,0.015100722419674275
2015-11-09,-0.018559814139661956
2015-11-10,-0.005102253412247032
2015-11-11,0.0032596533299923164
2015-11-12,0.01901956913919448
2015-11-13,-0.011669581797661789
2015-11-16,-0.007349987341532613
2015-11-17,0.027709750175099353
2015-11-18,-0.005502042082974598
2015-11-19,0.016625135715031915
2015-11-20,0.0029174654015093303
2015-11-23,-0.0030219924453496927
2015-11-24,-0.013448480451423574
2015-11-25,0.014699835217324283
2015-11-26,0.013048009967576529
2015-11-27,-0.003401008729515743
2015-11-30,0.013025185987580509
2015-12-01,-0.012302826429829128
2015-12-02,-0.010890255773260514
2015-12-03,-0.04250074964703291
2015-12-04,0.002065309434970233
2015-12-07,0.009618125855107127
2015-12-08,-0.024055587199777666
2015-12-09,-0.003421091367282992
2015-12-10,-0.009441056504200882
2015-12-11,-0.02097498772460238
2015-12-14,-0.01724173812455936
2015-12-15,0.022357002247265854
2015-12-16,0.00011308140520864475
2015-12-17,0.020867008893724996
2015-12-18,-0.011613813427476253
2015-12-21,-0.011409311783474426
2015-12-22,-0.005810832883650956
2015-12-23,0.02404846391923314
2015-12-25,0.0
2015-12-28,-0.005593615873831676
2015-12-29,0.019001835608580726
2015-12-30,-0.010734469382236735
2016-01-04,-0.04960806166288826
2016-01-05,0.006293648118473602
2016-01-06,-0.003958129244821268
2016-01-07,-0.019315245067993494
2016-01-08,-0.006921251710341592
2016-01-11,-0.006487352195669895
2016-01-12,0.005768594138385905
2016-01-13,-0.003841861402382683
2016-01-14,0.0018027621918013947
2016-01-15,-0.019154329849293925
2016-01-18,-0.004539317162095329
2016-01-19,0.01137008161099244
2016-01-20,-0.024115276657739177
2016-01-21,0.0152012496542421
2016-01-22,0.020757106293037942
2016-01-25,0.002040221934412873
2016-01-26,0.08268598265822492
2016-01-27,0.02000891585079625
2016-01-28,-0.022172540129250583
2016-01-29,0.018889094233357422
2016-02-01,-0.008312907650231795
2016-02-02,-0.016836179246455106
2016-02-03,-0.0138175559731154
2016-02-04,0.003883490849193215
2016-02-05,-0.006953854203294612
2016-02-08,-0.023938990303356274
2016-02-09,-0.006806914792084877
2016-02-10,0.003166079061994954
2016-02-11,-0.03740815508597565
2016-02-12,0.017763625408939596
2016-02-15,0.01940140510442373
2016-02-16,-0.0009735088549375136
2016-02-17,0.027967987908236878
2016-02-18,0.004841689436128101
2016-02-19,-0.004013217883368941
2016-02-22,0.021991756712201275
2016-02-23,-0.016565989259839903
2016-02-24,-0.03009186521909162
2016-02-25,0.019567296598726257
2016-02-26,0.02570116548919946
2016-02-29,-0.009897185436993881
2016-03-01,0.019697112488133214
2016-03-02,0.0018340493465757019
2016-03-03,0.00843893048543962
2016-03-04,0.020011888984613296
2016-03-07,-0.006252713544260602
2016-03-08,-0.006517642542496219
2016-03-09,0.009537253492802834
2016-03-10,-0.030499701482731147
2016-03-11,0.02579854484334527
2016-03-14,0.02262981254274021
2016-03-15,-0.007044714881107893
2016-03-16,0.010220585403148368
2016-03-17,-0.0013128046266970249
2016-03-18,0.014995304385417225
2016-03-21,-0.007904567603406017
2016-03-22,0.007796584799732642
2016-03-23,-0.0031329837519839705
2016-03-24,-0.016583216765729873
2016-03-29,0.00679744014515028
2016-03-30,0.019584057578618717
2016-03-31,-0.0019303469753965887
2016-04-01,-0.025441818297283973
2016-04-04,0.006913649075291218
2016-04-05,-0.02502615156280148
2016-04-06,0.007262112900815138
2016-04-07,-0.019673476613568767
2016-04-08,0.013195932646218083
2016-04-11,0.001567293632896569
2016-04-12,0.0046875794195547875
2016-04-13,0.026263820326227986
2016-04-14,0.009069328610058647
2016-04-15,-0.0029062405157663164
2016-04-18,0.0036582103264411257
2016-04-19,0.024192164163527978
2016-04-20,0.00866373563059559
2016-04-21,0.0033200652816018695
2016-04-22,-0.0025928194205807067
2016-04-25,-0.008866946887087987
2016-04-26,-0.00693934609158749
2016-04-27,0.005471477024937171
2016-04-28,-0.010866787773058098
2016-04-29,-0.03398570432958531
2016-05-02,0.0021924727917499087
2016-05-03,-0.015004604590780917
2016-05-04,0.013799493567817263
2016-05-05,0.007645099081137716
2016-05-06,0.008234834985244497
2016-05-09,0.0038775320449234486
2016-05-10,0.014724771627235358
2016-05-11,-0.000847496680042508
2016-05-12,-0.011622571872989705
2016-05-13,0.003853566002683703
2016-05-17,-0.003960823478664887
2016-05-18,0.005242134159507466
2016-05-19,-0.01029600906937552
2016-05-20,0.0132791003050072
2016-05-23,-0.0055473564609028825
2016-05-24,0.017076377545583655
2016-05-25,0.021123476596302947
2016-05-26,0.005954321516366837
2016-05-27,0.01008180899701833
2016-05-30,-0.0034507821905659453
2016-05-31,-0.015988866206406983
2016-06-01,0.0019610587376456736
2016-06-02,-0.005480174382688593
2016-06-03,-0.012099809809001685
2016-06-06,0.004502397630791653
2016-06-07,0.016988322212380707
2016-06-08,-0.01084339672009401
2016-06-09,-0.0071900811283758135
2016-06-10,-0.025848981743486137
2016-06-13,-0.0176478531782833
2016-06-14,-0.015188406614767084
2016-06-15,0.017588681050421218
2016-06-16,-0.009635797345086886
2016-06-17,0.015286041834161773
2016-06-20,0.028414523360639488
2016-06-21,0.008494752791359875
2016-06-22,0.00354436784529478
2016-06-23,0.01712602308461495
2016-06-24,-0.07694468145256173
2016-06-27,-0.03518997846721707
2016-06-28,0.020388050470345916
2016-06-29,0.017559983491598895
2016-06-30,0.011392623231175786
2016-07-01,0.0027190430149878677
2016-07-04,-0.003372915026277443
2016-07-05,-0.021148556989253692
2016-07-06,-0.020127784373284774
2016-07-07,0.0006813517032684251
2016-07-08,0.01285677163072476
2016-07-11,0.03533861638434222
2016-07-12,0.010223417932652482
2016-07-13,-0.004829765652549432
2016-07-14,0.01208383039550195
2016-07-15,0.004348529549224513
2016-07-18,-0.005837694565706732
2016-07-19,-0.004587844810255129
2016-07-20,0.019066277214374528
2016-07-21,-0.0019953337975023287
2016-07-22,-0.0031590632506931205
2016-07-25,0.006307877604598179
2016-07-26,0.002929962673592255
2016-07-27,0.00977470257951669
2016-07-28,0.000724027046144969
2016-07-29,0.004230403721312889
2016-08-01,-0.0017517946061453408
2016-08-02,-0.008493947958544088
2016-08-03,0.006945478082050582
2016-08-04,0.04395759282821532
2016-08-05,0.013745902320306735
2016-08-08,0.012115391082661683
2016-08-09,0.023328916301484245
2016-08-10,-0.007557906358945906
2016-08-11,0.018788569522962144
2016-08-12,0.0
2016-08-15,-0.0032625346564143934
2016-08-16,-0.011739887258131933
2016-08-17,-0.004735037507908638
2016-08-18,0.00850679625843867
2016-08-19,0.007034185876701259
2016-08-22,-0.009861751625335154
2016-08-23,0.009861751625335202
2016-08-24,0.010227723421154685
2016-08-25,-0.007893911833471655
2016-08-26,0.008356187406970092
2016-08-29,-0.005098209249835037
2016-08-30,0.008329331823548497
2016-08-31,-0.013454202006155805
2016-09-01,-0.0037434118215131434
2016-09-02,0.018118862272645204
2016-09-05,-0.005540158069680382
2016-09-06,-0.000463024003425584
2016-09-07,0.00231329722917861
2016-09-08,-0.018186671046116796
2016-09-09,-0.013741080126130487
2016-09-12,-0.009587836175353824
2016-09-13,-0.016023388606324844
2016-09-14,0.0029323730004525536
2016-09-15,0.029809907196506467
2016-09-16,-0.017200655210810815
2016-09-19,0.008637419614759369
2016-09-20,-0.010084215378877135
2016-09-21,0.002891611773263217
2016-09-22,0.026123557529914212
2016-09-23,-0.004228345683347826
2016-09-26,-0.024304251944198548
2016-09-27,0.0014459877086632456
2016-09-28,0.002405563355990364
2016-09-29,-0.007718216219070799
2016-09-30,0.009158759466497426
2016-10-04,0.011924903339121294
2016-10-05,0.0
2016-10-06,0.0018947570573893595
2016-10-07,-0.009032489671048688
2016-10-10,0.01092388022207525
2016-10-11,-0.008062714324563122
2016-10-12,-0.004773241105164729
2016-10-13,-0.010582269365767396
2016-10-14,0.018683187287586556
2016-10-17,-0.008579563454188435
2016-10-18,0.011896529230095067
2016-10-19,-0.0014201942283178176
2016-10-20,0.005197403451168702
2016-10-21,0.0032932331000076194
2016-10-24,0.005153574036374957
2016-10-25,-0.0023394859895461586
2016-10-26,-0.00234464879179365
2016-10-27,-0.021352957042405703
2016-10-28,-0.006737263589649887
2016-10-31,-0.0009663090840936642
2016-11-01,-0.014115524899186764
2016-11-02,-0.007380275625722413
2016-11-03,-0.0014824323288072508
2016-11-04,-0.0004946328689304977
2016-11-07,0.018628044388238136
2016-11-08,-0.0019447209526666602
2016-11-09,0.016888306727605235
2016-11-10,0.04490935451906017
2016-11-11,-0.010577455467448003
2016-11-14,0.008287360680355604
2016-11-15,-0.004595243525949019
2016-11-16,-0.0055429282088226735
2016-11-17,-0.006039651908385648
2016-11-18,-0.0060760282911536635
2016-11-21,0.007007788548910213
2016-11-22,0.0023249165841529094
2016-11-23,-0.0018597355864455832
2016-11-24,-0.0018626656996320627
2016-11-25,0.0009316596501849235
2016-11-28,-0.013599424633747973
2016-11-29,0.0018871462594975887
2016-11-30,0.004701213188509298
2016-12-01,-0.0018779633533927962
2016-12-02,-0.005655035262099043
2016-12-05,0.029797282209207302
2016-12-06,0.0027487648162588412
2016-12-07,0.02574078687095597
2016-12-08,0.01942654846357802
2016-12-09,0.003056300116809623
2016-12-12,0.00868054141077693
2016-12-13,0.0021584125235567077
2016-12-14,0.0012927950835642421
2016-12-15,-0.00043081193689142487
2016-12-16,-0.004750426663881796
2016-12-19,-0.0034692663677373487
2016-12-20,-0.006100328893416949
2016-12-21,0.0013102997009687143
2016-12-22,0.003920828737762312
2016-12-23,0.0021716359776877605
2016-12-27,0.004760706705369758
2016-12-28,0.0021565508032475663
2016-12-29,0.0008614383547789238
2016-12-30,0.005580645898550583
2017-01-02,0.00979763880028652
2017-01-03,-0.01494784364024385
2017-01-04,-0.004312275083601792
2017-01-05,-0.006503431435176155
2017-01-06,0.008661843958732988
2017-01-09,0.0008619831466728125
2017-01-10,0.014542819300306119
2017-01-11,-0.004255389358836029
2017-01-12,-0.010287429941469983
2017-01-13,0.003011596083032551
2017-01-16,-0.0017197166696604515
2017-01-17,0.001290015370523361
2017-01-18,0.005143582326344106
2017-01-19,-0.005573369683904753
2017-01-20,0.006000768850768246
2017-01-23,-0.009014859423775801
2017-01-24,0.009014859423775869
2017-01-25,0.022814634997115085
2017-01-26,0.0
2017-01-27,-0.004185921465169422
2017-01-30,-0.009270978772211355
2017-01-31,-0.01578857447125526
2017-02-01,0.054813979886422635
2017-02-02,0.0007867499503640508
2017-02-03,-0.005481706604492373
2017-02-06,-0.008919152552135205
2017-02-07,0.01229599309368285
2017-02-08,0.006720035016885603
2017-02-09,0.0058431205503725525
2017-02-10,-0.004170237020201352
2017-02-13,0.013283723612806324
2017-02-14,0.0008243285271637491
2017-02-15,0.006161399156526798
2017-02-16,-0.0036921178246870838
2017-02-17,-0.008668970856686923
2017-02-20,0.007435138044467272
2017-02-21,0.028399540308247997
2017-02-22,-0.010050371737073628
2017-02-23,-0.002832440498061702
2017-02-24,-0.013461367353482159
2017-02-27,0.003689545712218091
2017-02-28,0.004897711231000971
2017-03-01,0.02572499713902821
2017-03-02,-0.007168466025672417
2017-03-03,-0.0028016538537446916
2017-03-06,-0.004821325895617429
2017-03-07,0.001207512460451592
2017-03-08,-0.0004021634697718317
2017-03-09,-0.0016111681071485791
2017-03-10,-0.008093927409764704
2017-03-13,-0.0012196961425910895
2017-03-14,0.0016259612173747683
2017-03-15,0.003648887565360037
2017-03-16,0.010467130063887118
2017-03-17,-0.004012754089746907
2017-03-20,0.003211543807567105
2017-03-21,-0.012502681906988677
2017-03-22,-0.009788125428779307
2017-03-23,0.0170667425059021
2017-03-24,0.002012521022298866
2017-03-27,-0.013357743553742531
2017-03-28,0.01977055016433697
2017-03-29,0.005180348600162871
2017-03-30,0.015381863196079643
2017-03-31,0.005075183930897304
2017-04-03,-0.006250067234207258
2017-04-04,0.00897227357638873
2017-04-05,-0.00506143870859048
2017-04-06,0.003506713382283884
2017-04-07,-0.001167481015874922
2017-04-10,-0.005858373042239388
2017-04-11,0.0035191406758304346
2017-04-12,-0.006264750653168043
2017-04-13,-0.005908970265413977
2017-04-18,-0.012723837257460612
2017-04-19,-0.0036078404327268337
2017-04-20,0.011976092324428044
2017-04-21,-0.005172104804442753
2017-04-24,0.057357943095323764
2017-04-25,-0.0003767268188814124
2017-04-26,0.0037607301577308808
2017-04-27,-0.008671221831702056
2017-04-28,-0.0034135247298416305
2017-05-02,0.008324016403812641
2017-05-03,-0.001885765886056404
2017-05-04,-0.0060582910031211435
2017-05-05,0.0026550091104290364
2017-05-08,-0.011811994622230928
2017-05-09,0.009156985511802116
2017-05-10,-0.008773591977471388
2017-05-11,0.0015311715950399487
2017-05-12,-0.00537011509514596
2017-05-15,0.00038463504308155263
2017-05-16,0.007278231835586153
2017-05-17,-0.013062061738941887
2017-05-18,-0.007374277852234934
2017-05-19,-0.0015595744780067694
2017-05-22,-0.012563886548969538
2017-05-23,0.0023677621595643733
2017-05-24,0.000788038995170486
2017-05-25,-0.007908299172757252
2017-05-26,0.0007937558994134444
2017-05-29,0.004353773291213883
2017-05-30,-0.0015810618520963261
2017-05-31,0.005129250312898075
2017-06-01,-0.001575457473842328
2017-06-02,0.02067569095708041
2017-06-05,0.0
2017-06-06,-0.015564677234820736
2017-06-07,-0.004717004081119824
2017-06-08,0.00824027772641948
2017-06-09,0.011268802228851389
2017-06-12,-0.024644233521706246
2017-06-13,0.003952483434872451
2017-06-14,0.0
2017-06-15,-0.008318529488027911
2017-06-16,-0.009190893778013276
2017-06-19,0.015535222071736514
2017-06-20,-0.010729342916985405
2017-06-21,-0.005609020105726421
2017-06-22,0.006008469431481601
2017-06-23,-0.003600712128782648
2017-06-26,0.009176048795701792
2017-06-27,-0.01440011362556773
2017-06-28,-0.007278617077122784
2017-06-29,-0.021744639659975355
2017-06-30,-0.0016601994789519753
2017-07-03,0.022592713698848705
2017-07-04,-0.010206108871403602
2017-07-05,0.001230108882702907
2017-07-06,-0.012371190612255159
2017-07-07,0.0029003242589236674
2017-07-10,0.0016534281783167082
2017-07-11,-0.004139076056181294
2017-07-12,0.01849244430735286
2017-07-13,-0.018907120688411938
2017-07-14,-0.0016612577658919308
2017-07-17,-0.010864991601739307
2017-07-18,-0.008862783315844011
2017-07-19,-0.01151149476545084
2017-07-20,0.012782345370207643
2017-07-21,-0.018372484187856756
2017-07-24,0.0034438040343524627
2017-07-25,0.007705586951976437
2017-07-26,0.0004262627720326127
2017-07-27,-0.012870275845252063
2017-07-28,-0.0004316896304944909
2017-07-31,-0.008676836085500997
2017-08-01,0.01470607677296272
2017-08-02,-0.0034409372143899665
2017-08-03,-0.0310677978131275
2017-08-04,-0.008480482290821592
2017-08-07,-0.00269295801133087
2017-08-08,0.00671889567685407
2017-08-09,-0.013935941743066374
2017-08-10,-0.01689127543780722
2017-08-11,0.005509467652188385
2017-08-14,0.009115826581346942
2017-08-15,-0.0013619162398671237
2017-08-16,0.020684033530056073
2017-08-17,-0.008042912733417196
2017-08-18,-0.0013468304129761225
2017-08-21,-0.0017984003939766895
2017-08-22,0.01651430515199497
2017-08-23,-0.007107838527227702
2017-08-24,-0.004468378431791429
2017-08-25,-0.0071908967772889906
2017-08-28,0.00045076770446997885
2017-08-29,-0.02003692304499178
2017-08-30,0.005504616659749869
2017-08-31,0.0045640288089030924
2017-09-01,0.008614963473694339
2017-09-04,0.004504408503152897
2017-09-05,0.00939384473038027
2017-09-06,0.0031119706390705408
2017-09-07,0.0022167533010252916
2017-09-08,-0.0057738708622433405
2017-09-11,0.023768840048558285
2017-09-12,0.005205907611334671
2017-09-13,0.011615589246555884
2017-09-14,0.0017092490128416478
2017-09-15,-0.006855168201489956
2017-09-18,0.004718102552461336
2017-09-19,-0.007300835111128454
2017-09-20,-0.0004311366077730468
2017-09-21,0.012853541999726652
2017-09-22,-0.007692320806853781
2017-09-25,0.0008576513580953692
2017-09-26,-0.0008576513580953081
2017-09-27,0.011940412390227093
2017-09-28,0.0008475698965770893
2017-09-29,0.009694324517076634
2017-10-02,0.0058553404144178105
2017-10-03,0.0
2017-10-04,0.009132587095169741
2017-10-05,-0.012474256759787541
2017-10-06,0.0008365809096617997
2017-10-09,0.0050040100767357815
2017-10-10,-0.003750681265754066
2017-10-11,-0.0008354398346496158
2017-10-12,-0.001254469885993864
2017-10-13,0.003341669664617813
2017-10-16,-0.007114269467890371
2017-10-17,-0.00463080472141581
2017-10-18,-0.002111884677922506
2017-10-19,-0.007214180393237482
2017-10-20,-0.012859147502425373
2017-10-23,0.005163728453895499
2017-10-24,-0.004732310102175611
2017-10-25,-0.006923489360103276
2017-10-26,0.02360111553216028
2017-10-27,0.02181304009451812
2017-10-30,0.016461354141156046
2017-10-31,0.0
2017-11-01,0.021801355935649813
2017-11-02,-0.005606684573793715
2017-11-03,-0.0024126872657990904
2017-11-06,-0.0024183432061705558
2017-11-07,-0.005259818430105142
2017-11-08,0.00040542579493803803
2017-11-09,-0.038021003727194434
2017-11-10,-0.014852937817808352
2017-11-13,0.0008546243909154633
2017-11-14,-0.009873369860083135
2017-11-15,-0.009536181939158846
2017-11-16,0.008672978203988218
2017-11-17,-0.0078023552534494936
2017-11-20,-0.0004350717361975851
2017-11-21,-0.0030522681002319364
2017-11-22,-0.009653443756039277
2017-11-23,0.004399573274356222
2017-11-24,0.0013159116733639702
2017-11-27,-0.007480650281411383
2017-11-28,0.008795124239300255
2017-11-29,0.002623484850430048
2017-11-30,-0.002623484850430075
2017-12-01,-0.010121316050796563
2017-12-04,0.014054015244835533
2017-12-05,-0.010521828718630687
2017-12-06,-0.0013230715633640842
2017-12-07,0.006597727130067078
2017-12-08,0.010033014276494081
2017-12-11,0.015504229530477196
2017-12-12,0.0008540695460471197
2017-12-13,-0.00728490600646434
2017-12-14,-0.0004303047096504345
2017-12-15,0.002149102318261496
2017-12-18,0.023340599026676866
2017-12-19,-0.004203263061497385
2017-12-20,-0.013571227567326137
2017-12-21,0.0046860395351810405
2017-12-22,-0.0017015349033846169
2017-12-27,0.004671919288325875
2017-12-28,-0.01022148931075039
2017-12-29,-0.0055806352769935735
2018-01-02,-0.00786554466238415
2018-01-03,0.010702692426919281
2018-01-04,0.026934778121395296
2018-01-05,0.003836863216623147
2018-01-08,0.0072993297034790175
2018-01-09,0.004946438120014264
2018-01-10,-0.009917557373093501
2018-01-11,0.0018255591104738332
2018-01-12,0.014976180566522073
2018-01-15,-0.002780956001213564
2018-01-16,0.007344131926469717
2018-01-17,-0.006525176131527914
2018-01-18,0.006525176131527876
2018-01-19,0.005674955327397705
2018-01-22,0.005321347734781643
2018-01-23,0.006252445341542304
2018-01-24,-0.017086120421820006
2018-01-25,-0.007834220877991073
2018-01-26,-0.00822642965079699
2018-01-29,0.0
2018-01-30,0.0009907192268218269
2018-01-31,0.00805457082285754
2018-02-01,-0.011548592180894693
2018-02-02,-0.015718442987350013
2018-02-05,-0.012966661234297464
2018-02-06,-0.017076294998684263
2018-02-07,0.0073287487688706585
2018-02-08,-0.0252494544367145
2018-02-09,-0.022908779313882046
2018-02-12,0.01447156133017765
2018-02-13,-0.005726430552950686
2018-02-14,0.012152609164022502
2018-02-15,0.007475543989469794
2018-02-16,0.0097613100875876
2018-02-19,-0.0028821584221562597
2018-02-20,0.012371237465735187
2018-02-21,-0.01002883327739791
2018-02-22,-0.00523308757466836
2018-02-23,0.0016269708495487301
2018-02-26,0.0007223031525869641
2018-02-27,-0.011802246898073077
2018-02-28,-0.009727681331493949
2018-03-01,-0.017488672221596946
2018-03-02,-0.03417328975055906
2018-03-05,0.009855997898900145
2018-03-06,-0.00038475200144057154
2018-03-07,0.00460666614814336
2018-03-08,0.010477404429103221
2018-03-09,0.0015147050232482352
2018-03-12,0.010352952013242801
2018-03-13,-0.016045577436529946
2018-03-14,0.0020910402102200932
2018-03-15,0.008320910767837933
2018-03-16,0.008998791067335364
2018-03-19,-0.016939815401370125
2018-03-20,0.004356223789747529
2018-03-21,0.0028310983941590975
2018-03-22,-0.027320334543618548
2018-03-23,-0.01778259855421234
2018-03-26,-0.010504567529636983
2018-03-27,0.014047123858214338
2018-03-28,0.004899682470462368
2018-03-29,0.0118549495691224
2018-04-03,-0.014791814177619593
2018-04-04,-0.008467280448010038
2018-04-05,0.03459352596999388
2018-04-06,-0.0019121524704364243
2018-04-09,0.004773287552506625
2018-04-10,0.002853176107119272
2018-04-11,-0.013577035366228594
2018-04-12,0.00805360529582357
2018-04-13,0.001335967107185301
2018-04-16,-0.006313845141971905
2018-04-17,0.013914022604526823
2018-04-18,0.0037787897882200043
2018-04-19,0.014601498345766965
2018-04-20,0.006298582087496029
2018-04-23,0.001660693087894225
2018-04-24,-0.02048874178778785
2018-04-25,-0.013832390188638981
2018-04-26,-0.0007635263532299861
2018-04-27,0.007040244452965652
2018-04-30,0.0015156677517182589
2018-05-02,0.02357464775570772
2018-05-03,-0.005376984532273595
2018-05-04,0.014396869331419595
2018-05-07,0.005117855575497748
2018-05-08,0.005454568554178098
2018-05-09,0.03824385009741399
2018-05-10,0.01127996601618126
2018-05-11,-0.003457226474827375
2018-05-14,-0.00017334269885597932
2018-05-15,0.006043554099810477
2018-05-16,0.0068621876109170345
2018-05-17,0.004945797487145929
2018-05-18,-0.00017003115590365258
2018-05-21,0.0
2018-05-22,0.0022095192970121415
2018-05-23,-0.012471300263346715
2018-05-24,-0.0128030781840487
2018-05-25,0.00590291766748337
2018-05-28,-0.012716800315286336
2018-05-29,-0.010397427968082056
2018-05-30,0.0030068615862043355
2018-05-31,-0.015484955757610002
2018-06-01,0.01336325335718815
2018-06-04,0.0012383252720516913
2018-06-05,0.0005301199141228277
2018-06-06,-0.0010605210044325284
2018-06-07,0.003707102392337633
2018-06-08,0.002639784029356746
2018-06-11,0.01638528437724107
2018-06-12,0.0017273249172653185
2018-06-13,0.023707058545695023
2018-06-14,0.017045774312480683
2018-06-15,-0.008987932703852904
2018-06-18,-0.010251420324089443
2018-06-19,-0.0177236689050162
2018-06-20,0.0018895330351302384
2018-06-21,-0.01521718827928595
2018-06-22,0.013155811361179007
2018-06-25,-0.027724020458248184
2018-06-26,-0.008879301563733021
2018-06-27,0.018381433544220557
2018-06-28,-0.01659931197943355
2018-06-29,0.007980997666972424
2018-07-02,-0.005668815554584669
2018-07-03,0.0120078789053647
2018-07-04,0.002629603247772279
2018-07-05,0.004018476352947304
2018-07-06,0.003307352608982036
2018-07-09,0.006409883712736351
2018-07-10,0.013549687808784945
2018-07-11,-0.015278186610350936
2018-07-12,0.007067346923760572
2018-07-13,0.0017161524478536243
2018-07-16,0.00017134301464812713
2018-07-17,0.004276900290137549
2018-07-18,0.010190323769118798
2018-07-19,-0.0032157328662501873
2018-07-20,-0.01005199288811559
2018-07-23,0.0008556160270690622
2018-07-24,0.01156678036623923
2018-07-25,-0.0054263838312902605
2018-07-26,0.023194125523677916
2018-07-27,0.003317486847786035
2018-07-30,-0.003982110752860162
2018-07-31,0.0038165241887298776
2018-08-01,-0.007814645104780029
2018-08-02,-0.04803930011491555
2018-08-03,-0.01820327930963943
2018-08-06,-0.003931353889346713
2018-08-07,0.005891441120835114
2018-08-08,-0.0032091749654808727
2018-08-09,0.0032091749654809243
2018-08-10,-0.016330565660831405
2018-08-13,-0.0018110390288896328
2018-08-14,0.003257473685456192
2018-08-15,-0.008527847068759323
2018-08-16,0.0029111962844892104
2018-08-17,-0.0007269317707224067
2018-08-20,0.007246421900561448
2018-08-21,-0.0012643003907362328
2018-08-22,0.003067827357689883
2018-08-23,0.007538955942108284
2018-08-24,0.0037483188774500766
2018-08-27,0.008161858468116545
2018-08-28,0.0012362623712262105
2018-08-29,0.003699454763677681
2018-08-30,-0.004582207965146809
2018-08-31,-0.011012621269152808
2018-09-03,-0.005192888760558284
2018-09-04,-0.012465201292333817
2018-09-05,-0.012806538944584294
2018-09-06,-0.0007369038358808769
2018-09-07,-0.0031374674304093775
2018-09-10,0.002031191451981326
2018-09-11,0.0023951560414071415
2018-09-12,0.007516857717072078
2018-09-13,-0.0018281574803996272
2018-09-14,0.00018294659090200335
2018-09-17,-0.0029315631036462724
2018-09-18,0.0007338935713459775
2018-09-19,0.0012825034712475856
2018-09-20,0.007843133718784364
2018-09-21,0.0014525721281318758
2018-09-24,0.007230509157905855
2018-09-25,0.0048514890386917005
2018-09-26,-0.0007173482776540399
2018-09-27,0.0
2018-09-28,-0.010458044948261353
2018-10-01,0.0
2018-10-02,-0.026819954918714986
2018-10-04,-0.004104650895416183
2018-10-05,-0.014879110039447441
2018-10-08,-0.005899609497596507
2018-10-09,-0.0024848263458279343
2018-10-10,-0.019515450643039833
2018-10-11,-0.01970499973838152
2018-10-12,-0.007390610865758432
2018-10-15,0.007390610865758425
2018-10-16,0.012655830814991349
2018-10-17,0.004704787958660637
2018-10-18,-0.008839965120555916
2018-10-19,-0.012508808833932053
2018-10-22,0.0013976910281290763
2018-10-23,-0.008012985395502506
2018-10-24,0.0054157933060180645
2018-10-25,0.012721132634605904
2018-10-26,-0.011721430660069967
2018-10-29,0.014876720192333126
2018-10-30,-0.01427744265103473
2018-10-31,0.015654678231010348
2018-11-01,-0.0005898608153350098
2018-11-02,0.00998333600508219
2018-11-05,0.0001949493294630074
2018-11-06,-0.008802132982793196
2018-11-07,0.0091914999687032
2018-11-08,0.007563132070881701
2018-11-09,-0.01146427009013417
2018-11-12,-0.021531545203902692
2018-11-13,0.01525827493942942
2018-11-14,-0.011471709381843527
2018-11-15,0.008122978308891781
2018-11-16,-0.00019731515952550624
2018-11-19,-0.013111036914822351
2018-11-20,-0.011058418484937719
2018-11-21,0.018429568462232825
2018-11-22,-0.006571606736879298
2018-11-23,0.004385830525040177
2018-11-26,0.018917045515705683
2018-11-27,0.0013653102048413427
2018-11-28,-0.0017558462102544197
2018-11-29,-0.00117220934296411
2018-11-30,0.0009769365161392805
2018-12-03,0.01588881792203865
2018-12-04,-0.010046740242549177
2018-12-05,-0.019608191909503393
2018-12-06,-0.0335263120625287
2018-12-07,0.0002048384608780529
2018-12-10,-0.007500768771327926
2018-12-11,0.009648111665505135
2018-12-12,0.016311611450712787
2018-12-13,0.009302591317928228
2018-12-14,-0.00239252089168888
2018-12-17,-0.006206837222111829
2018-12-18,0.00740381318731271
2018-12-19,-0.008107046391440232
2018-12-20,-0.0113190769679466
2018-12-21,-0.0022384856903505663
2018-12-27,-0.024229005777038185
2018-12-28,0.016149160117603006
2019-01-02,0.007162744814439541
2019-01-03,-0.027180826532026685
2019-01-04,0.038434675011546716
2019-01-07,-0.013192826323322452
2019-01-08,0.003976057048538316
2019-01-09,0.0036562526378708326
2019-01-10,0.0012158948258839887
2019-01-11,-0.01253252123282095
2019-01-14,-0.001847316318681274
2019-01-15,0.00358866863422166
2019-01-16,-0.001126301137652215
2019-01-17,0.003171295439022302
2019-01-18,0.026808106699362202
2019-01-21,0.0019866777664967108
2019-01-22,-0.013287458713543714
2019-01-23,-0.007875574280223568
2019-01-24,0.0035415698256367066
2019-01-25,0.013245336544424882
2019-01-28,-0.0029950233535894584
2019-01-29,0.004986555861563702
2019-01-30,-0.007389028369849684
2019-01-31,0.0022513269961162343
2019-02-01,-0.001671847175620947
2019-02-04,-0.006505194465345589
2019-02-05,0.013903078182967283
2019-02-06,-0.009596440196183513
2019-02-07,-0.027844526385707686
2019-02-08,-0.013781222707382048
2019-02-11,0.007944800527002267
2019-02-12,-0.00021700088378220114
2019-02-13,-0.0016277818473483827
2019-02-14,0.001844782731130592
2019-02-15,0.02536630091000221
2019-02-18,-0.007638444228521026
2019-02-19,0.0015962567955458697
2019-02-20,0.005830839641478822
2019-02-21,-0.001692609907890718
2019-02-22,0.014715325608707497
2019-02-25,0.007587937462456909
2019-02-26,0.016025174920707954
2019-02-27,-0.01488668372908416
2019-02-28,-0.005705141353223689
2019-03-01,0.008390757565092088
2019-03-04,0.004939377626700889
2019-03-05,-0.0020551538971996
2019-03-06,0.0
2019-03-07,-0.007951665989644295
2019-03-08,-0.01367525205402154
2019-03-11,0.006704332849163317
2019-03-12,0.003439469388889916
2019-03-13,0.0005200947916757798
2019-03-14,0.0070466070827394055
2019-03-15,0.011703315353937928
2019-03-18,0.0
2019-03-19,0.015394429212684954
2019-03-20,-0.021844921097924234
2019-03-21,0.010829626551816997
2019-03-22,-0.032322518865879314
2019-03-25,-0.003996207294614538
2019-03-26,-0.001265228164968465
2019-03-27,0.008300453176055734
2019-03-28,-0.005982161775380774
2019-03-29,0.009846205508769306
2019-04-01,0.020734262994705575
2019-04-02,0.012378191722500143
2019-04-03,0.015310388710601142
2019-04-04,0.0027764764189347054
2019-04-05,0.011422070150860685
2019-04-08,-0.001175492202797829
2019-04-09,-0.013023054366997572
2019-04-10,0.008700887044641703
2019-04-11,0.00843055952140612
2019-04-12,0.013766545851825948
2019-04-15,-0.0011560138749870641
2019-04-16,0.007681996383867245
2019-04-17,0.012358673138734443
2019-04-18,0.006216553455627196
2019-04-23,-0.007729275471499955
2019-04-24,-0.0005680801277028952
2019-04-25,0.00018929863550422334
2019-04-26,-0.0032236434597042152
2019-04-29,0.005304149221367408
2019-04-30,0.008278524972787367
2019-05-02,-0.013202767451128672
2019-05-03,0.0039791652577732565
2019-05-06,-0.011028847433364375
2019-05-07,-0.02047596846525009
2019-05-08,0.044655494988739344
2019-05-09,-0.017699661000420037
2019-05-10,0.016392252155527885
2019-05-13,-0.02115283796260271
2019-05-14,0.011953478260811137
2019-05-15,0.006017447128842895
2019-05-16,0.018390015323357663
2019-05-17,-0.011477311186711178
2019-05-20,-0.018035626116698348
2019-05-21,0.016171970184552034
2019-05-22,-0.006362247042005094
2019-05-23,-0.027018421538990856
2019-05-24,0.014551432229635564
2019-05-27,0.0007597584737772573
2019-05-28,0.0
2019-05-29,-0.023638787553034075
2019-05-30,0.002718878411317787
2019-05-31,-0.016425880672494328
2019-06-03,0.009614522822355183
2019-06-04,0.017997610911646006
2019-06-05,0.0019159514454998561
2019-06-06,-0.008651383757896333
2019-06-07,0.006351761695562821
2019-06-11,0.012583560515876457
2019-06-12,-0.0051286515204952195
2019-06-13,0.0015222214972156836
2019-06-14,-0.01109000357714568
2019-06-17,-0.00578484072814326
2019-06-18,0.022752172890463086
2019-06-19,0.004526674535455177
2019-06-20,0.0016922220189737333
2019-06-21,-0.006786137911011432
2019-06-24,0.0030218342200765626
2019-06-25,-0.011951306853764082
2019-06-26,-0.01016594094528423
2019-06-27,-0.0019298298653033768
2019-06-28,0.010185576987564181
2019-07-01,0.013295650352887036
2019-07-02,-0.009478806732272542
2019-07-03,0.0036125035171590534
2019-07-04,0.0015172200336114432
2019-07-05,-0.029812846270484687
2019-07-08,-0.00941547646754448
2019-07-09,-0.0017753393292128
2019-07-10,-0.005146579431446899
2019-07-11,-0.010874524961774065
2019-07-12,-0.0001001909091194225
2019-07-15,0.0007019497322511565
2019-07-16,0.005897301997604281
2019-07-17,-0.006599251729855395
2019-07-18,-0.005028707216406856
2019-07-19,0.0036230181383504058
2019-07-22,-0.0004017378545755487
2019-07-23,0.019309802749183886
2019-07-24,0.007855290694994228
2019-07-25,-0.012598459002772502
2019-07-26,0.00019793344321090693
2019-07-29,0.0021765136807251648
2019-07-30,-0.01573593928015568
2019-07-31,-0.0063440665334354995
2019-08-01,-0.04114203322264516
2019-08-02,-0.0304590056596321
2019-08-05,-0.02638962748888362
2019-08-06,-0.0012264529980202234
2019-08-07,-0.0031286116216854105
2019-08-08,0.012455915357710571
2019-08-09,-0.016492390671007714
2019-08-12,-0.004279021837219332
2019-08-13,0.006971776534230658
2019-08-14,-0.03523929184973924
2019-08-15,-0.013438940781920757
2019-08-16,0.009833911062259443
2019-08-19,0.016063131739203273
2019-08-20,-0.00011450308852786497
2019-08-21,0.021550048990950036
2019-08-22,-0.0021341108716478284
2019-08-23,-0.00835610510898077
2019-08-26,0.0042997252527509355
2019-08-27,0.004843379958641174
2019-08-28,-0.0032640718086333685
2019-08-29,0.014437101735725384
2019-08-30,0.01050031629096954
2019-09-02,-0.00484951827635751
2019-09-03,-0.007096198090797407
2019-09-04,0.014690670390811546
2019-09-05,0.0038302088238836435
2019-09-06,0.010864064042876561
2019-09-09,0.017564867153167886
2019-09-10,0.019034103667434663
2019-09-11,0.014170043624993326
2019-09-12,-0.006801441732781037
2019-09-13,0.0021692471699443646
2019-09-16,-0.0022726317616202658
2019-09-17,0.0032008100266023823
2019-09-18,-0.004649530538098083
2019-09-19,0.00938001594648116
2019-09-20,0.005524820463311332
2019-09-23,-0.014180213805177672
2019-09-24,-0.011867793240373393
2019-09-25,0.004597187016842477
2019-09-26,-0.002295898065667164
2019-09-27,0.01709263920466649
2019-09-30,0.009099802521256334
2019-10-01,-0.014661717049272589
2019-10-02,-0.020662296189458154
2019-10-04,0.004838569198863023
2019-10-07,0.011683848515594685
2019-10-08,-0.015679107406931937
2019-10-09,0.010688480762031527
2019-10-10,0.005716407574340538
2019-10-11,0.02699270645681051
2019-10-14,0.0005043576471992683
2019-10-15,0.007032986764803132
2019-10-16,0.00837493143349251
2019-10-17,-0.018032903107531445
2019-10-18,0.008555976040699485
2019-10-21,0.021516837162441533
2019-10-22,0.012284459738934304
2019-10-23,0.004640454692156347
2019-10-24,0.0009641270333538039
2019-10-25,0.005956476430152962
2019-10-28,0.006872842211053411
2019-10-29,0.0036081921406446154
2019-10-30,-0.007994057743013096
2019-10-31,-0.012305352210395575
2019-11-01,0.0149774060776715
2019-11-04,0.023729849136256583
2019-11-05,0.008524918998345498
2019-11-06,-0.00018460725428093592
2019-11-07,0.04775250678852622
2019-11-08,0.0012310771798295743
2019-11-11,-0.011133816352055318
2019-11-12,0.017091293460354342
2019-11-13,0.0008732113931290914
2019-11-14,0.0015697362298088947
2019-11-15,0.002089036844344718
2019-11-18,-0.005230887431815662
2019-11-19,0.00034951254043451844
2019-11-20,0.0033149170426069225
2019-11-21,0.00017431127850642443
2019-11-22,-0.000522666930590908
2019-11-25,0.014187088625107981
2019-11-26,0.010934644332390569
2019-11-27,-0.0015304088134612162
2019-11-28,-0.0015328421230700485
2019-11-29,-0.001876592169495726
2019-12-02,-0.007886148685977918
2019-12-03,0.006176886752294092
2019-12-04,0.00868610070163321
2019-12-05,-0.015379623961050708
2019-12-06,0.005666702739146387
2019-12-09,-0.0067003343614939525
2019-12-10,-0.005704996973855089
2019-12-11,0.015824090945054593
2019-12-12,0.005785323358056277
2019-12-13,-0.0008486686301600622
2019-12-16,0.01783964869261401
2019-12-17,-0.013941653249112366
2019-12-18,-0.011568687021327942
2019-12-19,0.004779801436126427
2019-12-20,0.005942801974848561
2019-12-23,-0.005261809424230018
2019-12-27,0.006107893034583151
2019-12-30,-0.01448178184334803
2020-01-02,0.017858975828745283
2020-01-03,-0.019404805967433016
2020-01-06,-0.004651525015656487
2020-01-07,0.006368829517341557
2020-01-08,0.004109573253383748
2020-01-09,0.011553050208688893
2020-01-10,-0.020478509797143468
2020-01-13,-0.0020712752296039878
2020-01-14,0.005513483354947554
2020-01-15,-0.005686231646647194
2020-01-16,0.0027611062810750033
2020-01-17,0.008920953847140853
2020-01-20,-0.0023940719023268445
2020-01-21,0.0032475789394381936
2020-01-22,-0.010119093971199616
2020-01-23,-0.0036268141920764523
2020-01-24,0.0198705148367417
2020-01-27,-0.026640818028603522
2020-01-28,0.004692120410083173
2020-01-29,0.008287384722840397
2020-01-30,-0.022429863270229753
2020-01-31,-0.018635747290707137
2020-02-03,-0.00376928217514409
2020-02-04,0.015700629486638983
2020-02-05,0.006528583475534492
2020-02-06,-0.006545499835865511
2020-02-07,-0.003502568003860708
2020-02-10,0.0
2020-02-11,0.010471384480385783
2020-02-12,0.0012782568492896746
2020-02-13,-0.022331744834591927
2020-02-14,-0.004676736109114061
2020-02-17,0.011373137787737556
2020-02-18,-0.009687199286250978
2020-02-19,0.0003745242007081281
2020-02-20,-0.006006028517109809
2020-02-21,-0.008507545474229935
2020-02-24,-0.04306330432766147
2020-02-25,-0.016387140309501745
2020-02-26,-0.007686183973712797
2020-02-27,-0.01844320497320264
2020-02-28,-0.036865702373541205
2020-03-02,-0.016879912481429386
2020-03-03,0.003812170789115687
2020-03-04,-0.00032616408491832795
2020-03-05,-0.020655640220440852
2020-03-06,-0.03295276077011117
2020-03-09,-0.07961245397829321
2020-03-10,-0.006356372510818458
2020-03-11,-0.0033814358823154316
2020-03-12,-0.1357742708761784
2020-03-13,0.0
2020-03-16,-0.05417895907150817
2020-03-17,0.025905469558616345
2020-03-18,-0.10544264899524944
2020-03-19,0.00016421123023365285
2020-03-20,0.09547448949060298
2020-03-23,0.013640000553033023
2020-03-24,0.10938696915891351
2020-03-25,0.00906655421844067
2020-03-26,0.0036558770857674032
2020-03-27,-0.050518493684156666
2020-03-30,0.03117441322946298
2020-03-31,0.028942018606309926
2020-04-01,-0.045555399789999534
2020-04-02,0.031647349830778784
2020-04-03,-0.0009166612352440619
2020-04-06,0.07165323851778467
2020-04-07,0.02979555226115068
2020-04-08,-0.031260168164796036
2020-04-09,-0.0066166879943232665
2020-04-14,0.017669220417845393
2020-04-15,-0.05244448752428276
2020-04-16,-0.009849956339368447
2020-04-17,0.034368759608945004
2020-04-20,0.0053266532762012205
2020-04-21,-0.04291417080855574
2020-04-22,0.018780463837446696
2020-04-23,0.01457489553629382
2020-04-24,-0.021815253902073756
2020-04-27,0.041331749312515834
2020-04-28,0.03757264639523103
2020-04-29,0.03450622511850573
2020-04-30,-0.03686526782185218
2020-05-04,-0.04690235976674401
2020-05-05,0.032869530007811634
2020-05-06,-0.012412000935929653
2020-05-07,0.02206574733885342
2020-05-08,0.04657962402865263
2020-05-11,-0.0022669102402446783
2020-05-12,-0.003068362610547205
2020-05-13,-0.02023527112127395
2020-05-14,-0.02290849632203202
2020-05-15,0.023372871650309365
2020-05-18,0.05894328863808948
2020-05-19,0.01596057354612121
2020-05-20,0.01592162248640825
2020-05-21,-0.006807712622619914
2020-05-22,-0.000961148098071555
2020-05-25,0.025109333547616765
2020-05-26,0.024901174599279558
2020-05-27,0.005876931421596326
2020-05-28,0.0011107458783268494
2020-05-29,-0.005667524554330886
2020-06-02,0.034807791393078547
2020-06-03,0.028600994182695343
2020-06-04,-0.003243979542645272
2020-06-05,0.03659288985545737
2020-06-08,-0.003877093164425834
2020-06-09,-0.010973804043940256
2020-06-10,-0.015074681491151026
2020-06-11,-0.060962816656356084
2020-06-12,-0.005564982097333126
2020-06-15,-0.011326079357998266
2020-06-16,0.0391419537331743
2020-06-17,0.01020998322244904
2020-06-18,0.002731208717166125
2020-06-19,0.011236124904309225
2020-06-22,-0.011820728748332242
2020-06-23,0.013552936576818147
2020-06-24,-0.02669939297233005
2020-06-25,0.008457184521898845
2020-06-26,-0.002745767724156024
2020-06-29,0.018099293909181333
2020-06-30,0.010169862386844919
2020-07-01,-0.007281180121439071
2020-07-02,0.024317422100252634
2020-07-03,-0.0048918700184303445
2020-07-06,0.017759096062942903
2020-07-07,0.0016662370964292351
2020-07-08,-0.02169120872389692
2020-07-09,-0.0007562783988216553
2020-07-10,0.02133703194613683
2020-07-13,0.011049630011579782
2020-07-14,0.005661820799123637
2020-07-15,0.019656111644473395
2020-07-16,0.0023188915963925473
2020-07-17,-0.0010696573218667274
2020-07-20,0.016099435501558037
2020-07-21,0.013769284341753165
2020-07-22,-0.004684668655252034
2020-07-23,-0.0008699415636155186
2020-07-24,-0.01862317701719315
2020-07-27,0.004600191782155332
2020-07-28,0.006510098626802947
2020-07-29,0.0045494806286568755
2020-07-30,-0.04207407635824187
2020-07-31,-0.013934885236411872
2020-08-03,0.03340902367526267
2020-08-04,-0.012940500419727004
2020-08-05,0.013476140645005791
2020-08-06,0.0161108359805623
2020-08-07,0.017927410483703735
2020-08-10,-0.0017264306522704706
2020-08-11,0.014581320496422773
2020-08-12,0.007972222917550422
2020-08-13,-0.007972222917550356
2020-08-14,-0.010442645216914001
2020-08-17,0.0017194762125427344
2020-08-18,0.0020593916066484
2020-08-19,0.011590420161860793
2020-08-20,-0.014165386733687542
2020-08-21,-0.003616145874602669
2020-08-24,0.028400976693477225
2020-08-25,-0.005380060354791047
2020-08-26,0.012231152862273399
2020-08-27,-0.007522122899997749
2020-08-28,-0.008255391196981295
2020-08-31,-0.021892376348083917
2020-09-01,0.010321845460134265
2020-09-02,0.019154690042061318
2020-09-03,-0.019325900004598693
2020-09-04,-0.009804923164408008
2020-09-07,0.013393179515580516
2020-09-08,-0.015642877122277212
2020-09-09,0.02311956347647325
2020-09-10,-0.00441122880193362
2020-09-11,-0.003918625128647413
2020-09-14,-0.0027350887747874353
2020-09-15,0.0005132883129773662
2020-09-16,0.0151120105721407
2020-09-17,0.003028752154138706
2020-09-18,-0.011830430521029375
2020-09-21,-0.04770261398877598
2020-09-22,0.007638247996033669
2020-09-23,-0.006034828739657983
2020-09-24,0.010272809739030685
2020-09-25,-0.016165127024751542
2020-09-28,0.08821902493164871
2020-09-29,-0.012076938951024123
2020-09-30,-0.007020222619271224
2020-10-01,-0.011373225945318689
2020-10-02,-0.007339920647517412
2020-10-05,0.013508709958151026
2020-10-06,0.01479856352153524
2020-10-07,0.0029337601510767693
2020-10-08,0.014540345266753647
2020-10-09,0.00647483230153625
2020-10-12,0.007857355578284713
2020-10-13,-0.010729937738328844
2020-10-14,0.010374063732991894
2020-10-15,-0.027601738534946844
2020-10-16,0.014707519070071074
2020-10-19,-0.004516337632092547
2020-10-20,0.00253162938133983
2020-10-21,-0.018777207387970972
2020-10-22,0.003123323283449619
2020-10-23,0.005853499227423869
2020-10-26,-0.019707891126165663
2020-10-27,-0.009343919807150524
2020-10-28,-0.06216329487044229
2020-10-29,0.005380208983179888
2020-10-30,0.0005959394247698882
2020-11-02,0.026459228669924416
2020-11-03,0.02747211406032744
2020-11-04,0.011041595132576777
2020-11-05,0.024088697124896922
2020-11-06,-0.013167688559084149
2020-11-09,0.06967998688247254
2020-11-10,0.01634903462773709
2020-11-11,-0.007460127828156638
2020-11-12,-0.032869279912389415
2020-11-13,-0.005997551567271398
2020-11-16,-0.0065678194402220376
2020-11-17,-0.006252847629934627
2020-11-18,-0.004310344258469982
2020-11-19,-0.011950189702100447
2020-11-20,-0.0020056970580688773
2020-11-23,0.018982792289625725
2020-11-24,0.006248382650366702
2020-11-25,-0.00017801619042770537
2020-11-26,-0.008939777478505119
2020-11-27,0.011783766276364831
2020-11-30,-0.006053154206672061
2020-12-01,0.00835786550759349
2020-12-02,-0.00017713344558099083
2020-12-03,-0.008895245305812025
2020-12-04,0.012254876619111192
2020-12-07,-0.007797402954809298
2020-12-08,0.017459213293421313
2020-12-09,-0.004380077677193111
2020-12-10,-0.003341903812390708
2020-12-11,-0.007427038017668064
2020-12-14,0.00017743161615444832
2020-12-15,0.017416210841558075
2020-12-16,0.008509229879650469
2020-12-17,0.008094299522914766
2020-12-18,0.010408928983729564
2020-12-21,-0.0359465683723337
2020-12-22,0.005964933203007814
2020-12-23,0.022997463340434433
2020-12-28,0.019467431203455725
2020-12-29,-0.016054438886931557
2020-12-30,0.0010216606893919784
2021-01-04,0.0008505620394790207
2021-01-05,-0.002042626339532388
2021-01-06,0.03762041379294792
2021-01-07,0.01966111440107099
2021-01-08,-0.0024164467859564887
2021-01-11,-0.0001613330062265309
2021-01-12,0.0004837772860795756
2021-01-13,-0.009884239742304003
2021-01-14,-0.003915736063418261
2021-01-15,-0.021147241972429308
2021-01-18,0.0005006619447338508
2021-01-19,0.011449667049134719
2021-01-20,0.009360335697347774
2021-01-21,0.011699822192084451
2021-01-22,0.07017693640848116
2021-01-25,-0.034005467677845354
2021-01-26,0.0177596791798304
2021-01-27,-0.01015388288343674
2021-01-28,0.002933743626207627
2021-01-29,-0.013816999096462128
2021-02-01,0.020118337723937466
2021-02-02,0.023020841690849024
2021-02-03,0.01795440086681394
2021-02-04,0.02724791223098312
2021-02-05,-0.021228403509661375
2021-02-08,-0.006623431075985618
2021-02-09,-0.0094083666587415
2021-02-10,0.01678174376985778
2021-02-11,-0.008431168859950572
2021-02-12,0.01306812865501379
2021-02-15,-0.015793351252458312
2021-02-16,-0.01189585808309219
2021-02-17,0.0032166390479518485
2021-02-18,-0.009372390593131726
2021-02-19,0.02228751802107907
2021-02-22,-0.007424705961975244
2021-02-23,-0.0143997888604168
2021-02-24,0.009979351538320021
2021-02-25,-0.005668442218710135
2021-02-26,-0.017044068124910963
2021-03-01,0.022406917393436913
2021-03-02,-0.007669865276998404
2021-03-03,0.024639947173520253
2021-03-04,-0.012244051624240828
2021-03-05,-0.018264747755233034
2021-03-08,0.040970808538154165
2021-03-09,0.004302327972192842
2021-03-10,0.0019226242037839515
2021-03-11,0.009850794980028327
2021-03-12,-0.009703043941029317
2021-03-15,-0.004293410624128554
2021-03-16,0.004588783122762759
2021-03-17,0.004126782582045002
2021-03-18,0.03611018837703671
2021-03-19,-0.02310509916942907
2021-03-22,-0.014624370143128926
2021-03-23,0.0016192809355213642
2021-03-24,-0.0030934412161971693
2021-03-25,-0.0007379279154653697
2021-03-26,0.014074395630600088
2021-03-29,0.0033427710013548377
2021-03-30,0.023233497434694387
2021-03-31,-0.007684718939698351
2021-04-01,0.005698013716045077
2021-04-06,0.0031202308627543045
2021-04-07,-0.008532679955277804
2021-04-08,0.0028523445345027495
2021-04-09,-0.00028487480075069585
2021-04-12,-0.008009123611346375
2021-04-13,0.0008611238702579568
2021-04-14,-0.004601607847185271
2021-04-15,0.008896573230999969
2021-04-16,0.041690448033328734
2021-04-19,-0.014909233383324247
2021-04-20,-0.024783168173825487
2021-04-21,0.006536937127621587
2021-04-22,0.008883974575734413
2021-04-23,0.0033635769946891063
2021-04-26,-0.0032233110033441266
2021-04-27,-0.0022484521863304265
2021-04-28,-0.005643348404848991
2021-04-29,-0.01396238896351549
2021-04-30,-0.004169277161523374
2021-05-03,0.014446383503351038
2021-05-04,-0.03423464051523739
2021-05-05,0.028252499557224395
2021-05-06,0.0009993673984471346
2021-05-07,0.029114132693545725
2021-05-10,-0.0033322854419882354
2021-05-11,-0.028640058416239147
2021-05-12,-0.0034408590330113563
2021-05-13,0.007582867710096144
2021-05-14,0.029215521856251384
2021-05-17,-0.021407005332957803
2021-05-18,-0.017116232552972305
2021-05-19,-0.03916902304954129
2021-05-20,0.00878833207831879
2021-05-21,0.0073878748076572735
2021-05-25,-0.003539363793573846
2021-05-26,-0.005035564937508081
2021-05-27,-0.03536176690719495
2021-05-28,0.036845267743435384
2021-05-31,-0.016894994686443544
2021-06-01,0.01793231736034809
2021-06-02,0.009874151766975581
2021-06-03,-0.004556536194454599
2021-06-04,0.0017663583561532575
2021-06-07,0.0002939623374107732
2021-06-08,-0.0007351956513568344
2021-06-09,0.0004412333139462037
2021-06-10,-0.006639607744093762
2021-06-11,0.011919785503665917
2021-06-14,-0.0071938735765219855
2021-06-15,0.020850887349554578
2021-06-16,-0.01321829717611966
2021-06-17,0.0045225070617935645
2021-06-18,-0.027297804335465886
2021-06-21,0.020726071248540062
2021-06-22,0.0014641431083654026
2021-06-23,0.0011697602817815924
2021-06-24,-0.011907456037592625
2021-06-25,0.012345723982574892
2021-06-28,-0.02006549905751812
2021-06-29,0.002976220931620087
2021-06-30,-0.007307529750530539
2021-07-01,0.003884156000852687
2021-07-02,-0.0020895338927200144
2021-07-05,-0.0011960568153736933
2021-07-06,-0.011131349282404102
2021-07-07,0.013223316464253277
2021-07-08,-0.02234049028648665
2021-07-09,0.013795354319522602
2021-07-12,0.005255809718296314
2021-07-13,0.008648964545186892
2021-07-14,-0.008499394976679541
2021-07-15,-0.02517179843746971
2021-07-16,-0.0064705953920832
2021-07-19,-0.02599163676771611
2021-07-20,0.007585360983227575
2021-07-21,0.02533747742302432
2021-07-22,0.02800022165256107
2021-07-23,0.004170487787436454
2021-07-26,-0.0010410247803982577
2021-07-27,-0.008967350431053156
2021-07-28,0.000150189445860682
2021-07-29,-0.0004505056599729646
2021-07-30,-0.012086417717362009
2021-08-02,0.026400176565350177
2021-08-03,-0.0017781357713006327
2021-08-04,0.021566151601477165
2021-08-05,0.02564799428811454
2021-08-06,-0.007668349819122702
2021-08-09,-0.012046626276946333
2021-08-10,0.004175405071176971
2021-08-11,0.01751813394351994
2021-08-12,0.006613671006670177
2021-08-13,-0.0033716711703368524
2021-08-16,-0.002818579029225896
2021-08-17,0.0061902501995628
2021-08-18,-0.0002806199948502216
2021-08-19,-0.027449608637316793
2021-08-20,-0.0008654716869095185
2021-08-23,0.007190080814837703
2021-08-24,0.004003849177847425
2021-08-25,-0.008599696339165679
2021-08-26,0.0008633551813068682
2021-08-27,0.011582367888603437
2021-08-30,0.005246287304952272
2021-08-31,-0.004109540476130875
2021-09-01,-0.011425477930245028
2021-09-02,0.01765422449750773
2021-09-03,0.006049919602973376
2021-09-06,0.029167855692670955
2021-09-07,-0.004916603927595068
2021-09-08,-0.03567826659804013
2021-09-09,0.016743177749117228
2021-09-10,0.018935088848922976
2021-09-13,0.0031439409497587335
2021-09-14,0.00883229254441464
2021-09-15,-0.007604766129212593
2021-09-16,0.02064158213184386
2021-09-17,-0.0017372475534211086
2021-09-20,-0.05174407606565649
2021-09-21,0.028057315269375455
2021-09-22,0.024221691442766095
2021-09-23,0.004401831157074659
2021-09-24,-0.015425163006774831
2021-09-27,-0.0046063212695360255
2021-09-28,-0.028512318676145405
2021-09-29,0.0019541378043622898
2021-09-30,-0.010513879156700313
2021-10-01,-0.030186097101457803
2021-10-04,-0.013452348516409736
2021-10-05,0.014613618730226407
2021-10-06,-0.019631476200642654
2021-10-07,0.01890573796512913
2021-10-08,-0.0007260761301951027
2021-10-11,-0.009341757818479185
2021-10-12,-0.0017613049036739024
2021-10-13,0.005420894005826374
2021-10-14,0.03008066948317502
2021-10-15,0.0014168456800551375
2021-10-18,-0.009960212731171847
2021-10-19,0.005561434604099159
2021-10-20,0.010327717666297542
2021-10-21,-0.02508328566249041
2021-10-22,0.007046838162317263
2021-10-25,-0.003876826686907635
2021-10-26,0.016691974698529077
2021-10-27,-0.004679803711242495
2021-10-28,-0.00613106700246457
2021-10-29,0.0031414936101853046
2021-11-01,0.0032738408382855157
2021-11-02,0.02981940256226963
2021-11-03,-0.00567122373480876
2021-11-04,0.012132984538459311
2021-11-05,-0.0024695284419881105
2021-11-08,0.003976060826862296
2021-11-09,-0.003152365758573411
2021-11-10,0.008610827927072845
2021-11-11,0.028178415002853105
2021-11-12,-0.018427713565492995
2021-11-15,0.011124008160072002
2021-11-16,0.02331658449536758
2021-11-17,0.007394634562092035
2021-11-18,0.0006459585892498366
2021-11-19,0.0023222929346641227
2021-11-22,0.004628357737071782
2021-11-23,-0.016685363067840037
2021-11-24,-0.009172003234848678
2021-11-25,0.010735898764806986
2021-11-26,-0.05583393405650966
2021-11-29,-0.00469302898131189
2021-11-30,-0.02295085012511644
2021-12-01,0.046603846079422466
2021-12-02,-0.001487587292091412
2021-12-03,-0.008561561393063369
2021-12-06,0.018927103514602993
2021-12-07,0.0
2021-12-08,0.01501999076088049
2021-12-09,-0.003833283074019802
2021-12-10,0.00013243103977608324
2021-12-13,-0.003183080187116033
2021-12-14,-0.02175457236223626
2021-12-15,0.008381917522005995
2021-12-16,0.009646422303407048
2021-12-17,-0.014099088491193046
2021-12-20,-0.022011823513784026
2021-12-21,0.013047041153331872
2021-12-22,0.007205432558066641
2021-12-23,0.01732399234548298
2021-12-27,0.003853542644292666
2021-12-28,0.01330620741725543
2021-12-29,-0.006828445839583012
2021-12-30,0.005911980562328064
2022-01-03,0.0067886704429104255
2022-01-04,0.010998271995321648
2022-01-05,0.01621078868749235
2022-01-06,-0.024350764028854943
2022-01-07,-0.013058549064543592
2022-01-10,-0.028531470777970042
2022-01-11,0.0162322066377581
2022-01-12,0.012693643109968759
2022-01-13,-0.004741354263480776
2022-01-14,-0.037938391105485476
2022-01-17,0.0009594149447378367
2022-01-18,-0.023563097049597862
2022-01-19,0.012128035674858087
2022-01-20,0.017580492489355767
2022-01-21,-0.016334087792157944
2022-01-24,-0.05023058137818084
2022-01-25,0.007827235781687087
2022-01-26,0.019446012078398613
2022-01-27,-0.0052531753249741514
2022-01-28,-0.015493013846053949
2022-01-31,0.011070512870742146
2022-02-01,0.0075493838145183735
2022-02-02,-0.0029845366789298033
2022-02-03,-0.0266836064945957
2022-02-04,-0.02952087919646496
2022-02-07,0.020564097436319078
2022-02-08,0.007347513891187197
2022-02-09,0.011355518937022649
2022-02-10,0.04611195736783736
2022-02-11,0.0053877537147474655
2022-02-14,-0.01381103785888762
2022-02-15,0.027573383615489944
2022-02-16,-0.006015411040925815
2022-02-17,-0.02155797257456412
2022-02-18,-0.02291284778008454
2022-02-21,-0.02045108401739543
2022-02-22,-0.011595728503339259
2022-02-23,-0.0037940075335643796
2022-02-24,-0.057578755898279155
2022-02-25,0.043646179952463074
2022-02-28,-0.023871956854849632
2022-03-01,-0.05018862972340946
2022-03-02,0.027349594137425007
2022-03-03,-0.017765864988394112
2022-03-04,-0.07156854984823391
2022-03-07,0.004933872659071865
2022-03-08,0.01500376289305661
2022-03-09,0.10056982497573376
2022-03-10,-0.0370057969664976
2022-03-11,0.03355477786131486
2022-03-14,0.014662615897018927
2022-03-15,-0.006213103478658372
2022-03-16,0.05957917709626362
2022-03-17,-0.012556626975347242
2022-03-18,0.011087603444230222
2022-03-21,-0.02199850993986017
2022-03-22,0.0009012239280817348
2022-03-23,-0.016654413523491316
2022-03-24,-0.0067402906860517114
2022-03-25,-0.01346238901638833
2022-03-28,0.006366924310000569
2022-03-29,0.03990521527269611
2022-03-30,-0.033578442512799345
2022-03-31,-0.03410844224461669
2022-04-01,0.008242172373025559
2022-04-04,-0.0077648178268095985
2022-04-05,-0.030036194404862684
2022-04-06,-0.03333642144028
2022-04-07,-0.01743922859506082
2022-04-08,0.018286261250095418
2022-04-11,-0.01621883868166522
2022-04-12,0.0037793900624756133
2022-04-13,-0.0030911253547647732
2022-04-14,0.006172869381654945
2022-04-19,0.0010250930915730238
2022-04-20,0.02229063299224781
2022-04-21,0.0
2022-04-22,-0.012773194211994536
2022-04-25,-0.01929873094456283
2022-04-26,-0.02585297091257392
2022-04-27,0.0
2022-04-28,0.028264315134079853
2022-04-29,0.01298932494673544
2022-05-02,-0.022843402000787955
2022-05-03,-0.004876375956747195
2022-05-04,0.010593173978700741
2022-05-05,0.006885937792448046
2022-05-06,0.0
2022-05-09,-0.04276110716687469
2022-05-10,0.02667766327990028
2022-05-11,0.017968764703005468
2022-05-12,-0.025142213646070003
2022-05-13,0.0
2022-05-16,-0.002637306692509355
2022-05-17,0.025207706573389208
2022-05-18,-0.025031694336332427
2022-05-19,-0.010261994695471052
2022-05-20,0.02302997872255362
2022-05-23,0.013978987523239566
2022-05-24,-0.02165523358344408
2022-05-25,0.0
2022-05-26,0.03713041503118397
2022-05-27,0.0
2022-05-30,0.0
2022-05-31,0.03253936082234527
2022-06-01,0.0011427850594234892
2022-06-02,0.0
2022-06-03,0.01167891639143741
2022-06-06,0.0145684148439274
2022-06-07,-0.006697510608026747
2022-06-08,-0.006742601896093863
2022-06-09,-0.020176426631064934
2022-06-10,-0.05559343147553431
2022-06-13,-0.030880165633188787
2022-06-14,-0.021556868015283275
2022-06-15,-0.0021998470843746444
2022-06-16,-0.06325457937766697
2022-06-17,0.012820735729105746
2022-06-20,-0.0007724688553514258
2022-06-21,-0.003870829289189007
2022-06-22,-0.015634331333207956
2022-06-23,-0.022710148036415755
2022-06-24,0.03329020099395454
2022-06-27,0.01470319941402112
2022-06-28,0.0
2022-06-29,-0.026663079327269808
2022-06-30,-0.04343467064116762
2022-07-01,-0.011290237892825223
2022-07-04,0.01365637881348918
2022-07-05,-0.03747953443286764
2022-07-06,0.024343988529542396
2022-07-07,0.017134935438281373
2022-07-08,0.021564954950280116
2022-07-11,-0.03092186743705282
2022-07-12,0.0
2022-07-13,-0.007153556973483683
2022-07-14,-0.002604635554315159
2022-07-15,0.0432808414453108
2022-07-18,0.010929140192606901
2022-07-19,0.04426261618119242
2022-07-20,0.010158118500174078
2022-07-21,0.0026168721997410394
2022-07-22,-0.01618409086032405
2022-07-25,-0.009722726534081507
2022-07-26,-0.015055210594421926
2022-07-27,0.016204031680334546
2022-07-28,0.015003573165992804
2022-07-29,0.022736883434234325
2022-08-01,-0.014103251196408432
2022-08-02,-0.005810003447895128
2022-08-03,0.01065729895923438
2022-08-04,0.015867483267028533
2022-08-05,-0.005690626622860835
2022-08-08,0.006971100044052624
2022-08-09,-0.026678096156853074
2022-08-10,0.02466512054338749
2022-08-11,0.006754913678459777
2022-08-12,0.01731645429600985
2022-08-15,0.003213795323923077
2022-08-16,-0.0014271873319309995
2022-08-17,-0.03081610039704845
2022-08-18,0.0148015344121196
2022-08-19,-0.0188599509551967
2022-08-22,-0.042479365977175214
2022-08-23,-0.004833130152307402
2022-08-24,0.01595727849622778
2022-08-25,0.003997333795825589
2022-08-26,-0.02286575906842017
2022-08-29,0.0
2022-08-30,0.008129949400684589
2022-08-31,-0.02597539004763318
2022-09-01,-0.014549242212773067
2022-09-02,0.05145386994865766
2022-09-05,-0.02725610552757208
2022-09-06,0.014204030025450683
2022-09-07,0.0090393851366285
2022-09-08,-0.012910800199342657
2022-09-09,0.018066895949755246
2022-09-12,0.024274513845102666
2022-09-13,-0.02847375716696089
2022-09-14,-0.017754278163720487
2022-09-15,-0.006838011651544402
2022-09-16,-0.018599568213392776
2022-09-19,0.008551264054520764
2022-09-20,-0.016270101826910053
2022-09-21,0.01527958962456943
2022-09-22,-0.0184043353379978
2022-09-23,-0.004350186361434269
2022-09-26,-0.00386028344054906
2022-09-27,-0.0033642728188593616
2022-09-28,0.015604679729081415
2022-09-29,-0.012138432677828031
2022-09-30,0.02948167924905317
2022-10-03,-0.0027706004838176142
2022-10-04,0.05212521397731908
2022-10-05,-0.019757479394900957
2022-10-06,0.008596836912327864
2022-10-07,-0.023870261469888927
2022-10-10,0.011813872673518048
2022-10-11,-0.0075370768397935725
2022-10-12,-0.006422072483444623
2022-10-13,0.026966285195265217
2022-10-14,-0.010315294621882735
2022-10-17,0.027087392511731444
2022-10-18,0.012074232206828699
2022-10-19,-0.003143741809361895
2022-10-20,-0.0007411884895029222
2022-10-21,-0.009872531089155302
2022-10-24,0.027692393875771496
2022-10-25,0.012665272106311184
2022-10-26,0.010018006204998353
2022-10-27,-0.0014250031214033676
2022-10-28,-0.006796767310569514
2022-10-31,-0.0072045359736339475
2022-11-01,0.01489225273213037
2022-11-02,-0.017788770835396202
2022-11-03,-0.02032853056953803
2022-11-04,0.04468500979369237
2022-11-07,0.013356946689329305
2022-11-08,0.01713592420563929
2022-11-09,-0.006715551408891455
2022-11-10,0.04178911318880366
2022-11-11,0.015618925174678323
2022-11-14,0.002118403193142293
2022-11-15,0.0021140621643179836
2022-11-16,-0.01637773475505574
2022-11-17,0.0675166733261576
2022-11-18,0.022284181622022562
2022-11-21,-0.025995253816219057
2022-11-22,0.012164132236069224
2022-11-23,0.0
2022-11-24,0.0021404503219303343
2022-11-25,0.008364356589174648
2022-11-28,-0.00394544071402704
2022-11-29,0.011639614243048463
2022-11-30,-0.014075223915688535
2022-12-01,0.018423961217473264
2022-12-02,0.007750883210992031
2022-12-05,0.005478576808031169
2022-12-06,-0.0124815679875443
2022-12-07,-0.006450212240273755
2022-12-08,-0.006795022923831209
2022-12-09,0.010850160940012853
2022-12-12,0.0064240038136836606
2022-12-13,0.004161113880004919
2022-12-14,-0.01373762125506581
2022-12-15,-0.042226351283205586
2022-12-16,-0.0034563745960569077
2022-12-19,0.007369686190146782
2022-12-20,-0.0018765577486567662
2022-12-21,0.016454902751557515
2022-12-22,-0.01036915111583581
2022-12-23,-0.0001556218801201762
2022-12-27,0.00759524408900104
2022-12-28,-0.008529155645919868
2022-12-29,0.015607216083595483
2022-12-30,-0.006152076813630388
2023-01-02,0.001387597280749823
2023-01-03,0.008590291326850654
2023-01-04,0.03260746880178144
2023-01-05,-0.003257847634678822
2023-01-06,0.009594939104579507
2023-01-09,0.016030695498575585
2023-01-10,-0.0014467686812983335
2023-01-11,0.014516970624751616
2023-01-12,0.013464782861691336
2023-01-13,0.0026714549555346824
2023-01-16,-0.0008427966643772369
2023-01-17,0.018655606130250482
2023-01-18,-0.0002757388491121653
2023-01-19,-0.030538924411545442
2023-01-20,0.009062671702965628
2023-01-23,0.014275884567393479
2023-01-24,-0.004317199849210894
2023-01-25,-0.0033552835369723044
2023-01-26,0.008644791102421329
2023-01-27,0.0
2023-01-30,-0.005568753678172398
2023-01-31,-0.0025161395667533744
2023-02-01,0.0006997269106808233
2023-02-02,0.005022104909004527
2023-02-03,0.009004934440444147
2023-02-06,-0.014306871362333018
2023-02-07,-0.014798415973070361
2023-02-08,-0.005695743974315975
2023-02-09,0.06469034504638452
2023-02-10,0.00391883263476487
2023-02-13,0.0028777124400544913
2023-02-14,-0.007830201743950915
2023-02-15,0.023713143315825677
2023-02-16,-0.007570669861240106
2023-02-17,-0.013250607238257554
2023-02-20,-0.005377395712009958
2023-02-21,-0.0063800174975809434
2023-02-22,0.004165484883143224
2023-02-23,0.011297908207507147
2023-02-24,-0.03145264949079506
2023-02-27,0.01640646109711931
2023-02-28,0.006239086508322493
2023-03-01,0.004413302967549123
2023-03-02,-0.006073113132434514
2023-03-03,0.017973981022296564
2023-03-06,0.0029870741656464997
2023-03-07,0.003383707713912701
2023-03-08,0.012087194962407621
2023-03-09,0.00890428666711012
2023-03-10,-0.02451073161194939
2023-03-13,-0.045351918296701106
2023-03-14,0.03224951262314073
2023-03-15,-0.05274776565286001
2023-03-16,0.020498253029719273
2023-03-17,-0.025870990054622185
2023-03-20,0.010572863364018817
2023-03-21,0.028126811926782267
2023-03-22,0.015014929554494892
2023-03-23,0.0016544308691818445
2023-03-24,-0.03219758661587504
2023-03-27,0.0076531817458730935
2023-03-28,0.013044470672644191
2023-03-29,0.019184999126289803
2023-03-30,0.015060244091384298
2023-03-31,0.004970133803386204
2023-04-03,-0.0067222868892144304
2023-04-04,-0.004732600441067974
2023-04-05,-0.024838329011817078
2023-04-06,-0.019786075182819517
2023-04-11,0.015608990242978075
2023-04-12,0.01027218459301109
2023-04-13,-0.0037358334353800576
2023-04-14,0.012946134714831277
2023-04-17,0.00613876554930551
2023-04-18,0.0009514693951437777
2023-04-19,-0.004220779976334823
2023-04-20,-0.003964744776123638
2023-04-21,-0.002468825306255483
2023-04-24,0.0001373857940519548
2023-04-25,0.011739001030847277
2023-04-26,-0.011601859285293016
2023-04-27,0.011466299551935424
2023-04-28,0.010396265042924676
2023-05-02,-0.010667773655640058
2023-05-03,0.014555340809674444
2023-05-04,-0.006577602602361419
2023-05-05,0.013245207857241537
2023-05-08,-0.0043954592616549035
2023-05-09,0.0054582670936122665
2023-05-10,-0.009873351667076336
2023-05-11,-0.002013328755642003
2023-05-12,0.008295550135026673
2023-05-15,0.0034582866173829417
2023-05-16,-0.006794916913067419
2023-05-17,0.025214005615781635
2023-05-18,0.02776894353732924
2023-05-19,0.012849729612760104
2023-05-22,-0.011709301364085586
2023-05-23,-0.01582871122826863
2023-05-24,-0.02067024967000635
2023-05-25,0.009022626952794354
2023-05-26,0.01959329651679548
2023-05-29,-0.0043494207537746275
2023-05-30,0.00422180321342371
2023-05-31,-0.021420136583339768
2023-06-01,0.02154775412369069
2023-06-02,0.01645816943963169
2023-06-05,-0.004782863344926598
2023-06-06,-0.0010098455877389563
2023-06-07,0.0006312859271628756
2023-06-08,0.001891263541995521
2023-06-09,-0.003912845132438546
2023-06-12,0.01655629866487154
2023-06-13,0.022630398656140836
2023-06-14,-0.0007299017700320375
2023-06-15,0.008724151650828195
2023-06-16,-0.012137588806307525
2023-06-19,-0.0029349622114538602
2023-06-20,-0.010960083765826908
2023-06-21,-0.007082933026846434
2023-06-22,0.0008724817228809716
2023-06-23,-0.022300087725795333
2023-06-26,-0.00960139035777081
2023-06-27,0.013289226896324797
2023-06-28,-0.031200065764997266
2023-06-29,-0.014111654511565276
2023-06-30,0.012932265197438503
2023-07-03,-0.024958196564122438
2023-07-04,-0.012035960060600932
2023-07-05,-0.00792259277357189
2023-07-06,-0.02513486498454326
2023-07-07,0.0028085372277940604
2023-07-10,0.012265070280349843
2023-07-11,0.011020794885757763
2023-07-12,0.022220171056042192
2023-07-13,0.008273301279043617
2023-07-14,0.0006642444920985147
2023-07-17,-0.004525522127213383
2023-07-18,0.001865892724130251
2023-07-19,-0.011652103791255905
2023-07-20,0.019609756386096456
2023-07-21,0.00132015864539171
2023-07-24,-0.0033036701619906413
2023-07-25,0.0046219802370484845
2023-07-26,-0.0060790164287905105
2023-07-27,0.03131778614562028
2023-07-28,-0.009033454695453191
2023-07-31,0.00452692772601074
2023-08-01,-0.029598822341855176
2023-08-02,-0.01770188775203404
2023-08-03,-0.010609536442479648
2023-08-04,0.01748610546270582
2023-08-07,-0.0030952821779884547
2023-08-08,-0.01836426016322221
2023-08-09,0.005476462794754007
2023-08-10,-0.04911098533998392
2023-08-11,-0.014735914826919272
2023-08-14,0.009415593874631896
2023-08-15,-0.007670528166242323
2023-08-16,0.003335800647332718
2023-08-17,-0.016792310824587594
2023-08-18,-0.01051009241652629
2023-08-21,0.0038616108499625796
2023-08-22,0.014568640626994547
2023-08-23,0.0007302680863403654
2023-08-24,-0.010271515447220925
2023-08-25,0.005882367065353827
2023-08-28,0.011661993598066089
2023-08-29,0.014959994878698516
2023-08-30,-0.012788516647915995
2023-08-31,0.0041850250846815545
2023-09-01,-0.009986343974965657
2023-09-04,0.0046437444126812425
2023-09-05,-0.001303830408759948
2023-09-06,-0.00508701231651176
2023-09-07,-0.005845223786345628
2023-09-08,0.0048248162665135855
2023-09-11,-0.001021509684456139
2023-09-12,-0.007768464105118299
2023-09-13,-0.013182395234799726
2023-09-14,0.01656118890440328
2023-09-15,0.012532797560798998
2023-09-18,-0.006684274912145265
2023-09-19,-0.01943231294637372
2023-09-20,0.012262821793078131
2023-09-21,-0.018675472511735708
2023-09-22,-0.0032967774211616714
2023-09-25,-0.00572041289492955
2023-09-26,-0.01951274378215259
2023-09-27,0.03241236458695047
2023-09-28,0.010230657922123616
2023-09-29,0.0005899436906714482
2023-10-02,-0.009033824111661393
2023-10-03,-0.01001725744618029
2023-10-04,0.00330023933774194
2023-10-05,-0.009631372468601454
2023-10-06,0.017983454864592564
2023-10-09,-0.014511384437623509
2023-10-10,0.030424607561750285
2023-10-11,0.01032503187297356
2023-10-12,-0.01164156945822339
2023-10-13,-0.023398156949058644
2023-10-16,0.003141612872956634
2023-10-17,0.00044804095808277574
2023-10-18,-0.02693461734378731
2023-10-19,-0.004149684793578447
2023-10-20,-0.021325431111439714
2023-10-23,0.004552254813996124
2023-10-24,-0.0020381125746056477
2023-10-25,-0.003773587680582918
2023-10-26,-0.04643004875842155
2023-10-27,0.010015694489284424
2023-10-30,0.010401519643099578
2023-10-31,0.010134451736160673
2023-11-01,0.0043120541672762
2023-11-02,0.016908019380414453
2023-11-03,0.0012528041804849364
2023-11-06,0.009190727757165939
2023-11-07,-0.0007755030488061391
2023-11-08,0.008037070346845025
2023-11-09,0.023430272406364357
2023-11-10,-0.016679712769391033
2023-11-13,0.01592747348050791
2023-11-14,0.027167147470644717
2023-11-15,0.016990178952672214
2023-11-16,0.05545312968853704
2023-11-17,0.011108237536165537
2023-11-20,-0.005538639183013053
2023-11-21,0.00013541374334667528
2023-11-22,0.013453769323895023
2023-11-23,-0.00013371360626006115
2023-11-24,0.00811985476861291
2023-11-27,-0.0041181687707963705
2023-11-28,0.007823291101251087
2023-11-29,0.009595930301907744
2023-11-30,0.00729929897044337
2023-12-01,0.012903451261353793
2023-12-04,0.006262358985920292
2023-12-05,0.011149229606265494
2023-12-06,0.01363970968565908
2023-12-07,0.0035977049779486276
2023-12-08,0.00568040271637245
2023-12-11,0.011508622700275313
2023-12-12,-0.0026816939612097314
2023-12-13,-0.005998630804009136
2023-12-14,0.017889108034734442
2023-12-15,0.005772713195162765
2023-12-18,-0.02047454943074509
2023-12-19,0.027643843223689842
2023-12-20,0.006881870969876015
2023-12-21,-0.003909785056385851
2023-12-22,-0.0023769421304401833
2023-12-27,0.004393012238451165
2023-12-28,-0.002016070108010917
2023-12-29,0.008510782894670995
2024-01-02,-0.012078269298495916
2024-01-03,-0.033679700116908975
2024-01-04,0.0006156876493452094
2024-01-05,-0.011891523712931285
2024-01-08,0.001743002003097575
2024-01-09,-0.008620213541938503
2024-01-10,0.008620213541938518
2024-01-11,-0.0007466142981987948
2024-01-12,0.015195675280210806
2024-01-15,-0.007383686910968462
2024-01-16,-0.004704698421776812
2024-01-17,-0.013870817272654488
2024-01-18,0.011758923229765038
2024-01-19,0.0007458717680893872
2024-01-22,0.015169438069575701
2024-01-23,-0.008357809521981488
2024-01-24,0.033140080537474866
2024-01-25,-0.001792686632268485
2024-01-26,0.003939657530903295
2024-01-29,-0.003102650886688368
2024-01-30,0.011762824531032823
2024-01-31,-0.0157146502450748
2024-02-01,-0.0007202752063788695
2024-02-02,0.0006003145678888837
2024-02-05,-0.012316089885141076
2024-02-06,0.01662700436199477
2024-02-07,0.004649167006512088
2024-02-08,0.0095875333003966
2024-02-09,0.0026618253077899416
2024-02-12,-0.0022983614127382143
2024-02-13,-0.00888041813731521
2024-02-14,0.008274635985807903
2024-02-15,0.01180593779810672
2024-02-16,0.01320580633942126
2024-02-19,0.0021251800124026487
2024-02-20,-0.005084257979489373
2024-02-21,0.004140280605492689
2024-02-22,0.01569492110877914
2024-02-23,0.018423106841112417
2024-02-26,-0.002284514712883945
2024-02-27,0.00978624518396632
2024-02-28,0.01817815089242744
2024-02-29,0.01697952683157604
2024-03-01,-0.00911546139772059
2024-03-04,-0.001103881358027494
2024-03-05,-0.01412627999088556
2024-03-06,0.008144207608775022
2024-03-07,0.008519153822774926
2024-03-08,0.0020910362764292555
2024-03-11,-0.007171652315651976
2024-03-12,0.011669018141982406
2024-03-13,0.006327722481999854
2024-03-14,0.0005435859378908313
2024-03-15,0.005203962832606803
2024-03-18,-0.007271250114919803
2024-03-19,-0.059345630579464244
2024-03-20,0.015596594246722403
2024-03-21,-0.005248135246699748
2024-03-22,0.0031978474060729285
2024-03-25,-0.007669086261150641
2024-03-26,0.0070988403141798335
2024-03-27,0.009198726339297955
2024-03-28,0.00022622892877682702
2024-04-02,-0.007715101223457552
2024-04-03,0.005338767072102174
2024-04-04,-0.0022682693574877966
2024-04-05,-0.021693867811963863
2024-04-08,0.010963052152164
2024-04-09,-0.0064479049997378515
2024-04-10,0.007136426407603592
2024-04-11,-0.004598265138697411
2024-04-12,-0.005314314126608612
2024-04-15,0.018591311236078503
2024-04-16,-0.016161733264820725
2024-04-17,-0.002313758628245096
2024-04-18,0.01631281453736298
2024-04-19,-0.01469256623273929
2024-04-22,0.006109890148514306
2024-04-23,0.007556701363782429
2024-04-24,-0.004000303529638469
2024-04-25,-0.005397007440740035
2024-04-26,0.022316752645638788
2024-04-29,0.00011258529425301625
2024-04-30,-0.009843374893367703
2024-05-02,-0.003987451817207552
2024-05-03,0.013718241416322373
2024-05-06,0.009748607613971182
2024-05-07,0.004339224542732964
2024-05-08,0.00796212008301564
2024-05-09,0.013674068821649163
2024-05-10,0.02319691884314197
2024-05-13,-0.0022317928944689193
2024-05-14,-0.01468323519371952
2024-05-15,0.013192629606905615
2024-05-16,-0.0700589942843023
2024-05-17,-0.01404094598647473
2024-05-20,0.0032399392534130734
2024-05-21,0.002999249608032823
2024-05-22,0.0003454573404645153
2024-05-23,0.019836483839667778
2024-05-24,0.0006770881510239953
2024-05-27,0.009095521596357391
2024-05-28,-0.009321136722379778
2024-05-29,-0.008611948385929711
2024-05-30,0.002159882188060878
2024-05-31,0.0007946287176437865
2024-06-03,0.010721864494686043
2024-06-04,-0.022018826712810573
2024-06-05,0.025716512385434723
2024-06-06,-0.017715598399997493
2024-06-07,-0.007083248486417479
2024-06-10,0.0
2024-06-11,-0.011415502660319776
2024-06-12,0.0321798560693765
2024-06-13,-0.041617782668400494
2024-06-14,-0.03030709440989478
2024-06-17,0.014138657575587686
2024-06-18,0.002020603443141331
2024-06-19,-0.0011880790126135034
2024-06-20,0.012404841740459596
2024-06-21,-0.012642608057866607
2024-06-24,0.016743593792292826
2024-06-25,-0.00857258548454332
2024-06-26,-0.002125180012402576
2024-06-27,0.025208480214248725
2024-06-28,0.001036702737332495
2024-07-01,0.019382686856367896
2024-07-02,-0.012956240678754003
2024-07-03,0.010921621723310147
2024-07-04,0.0032758524655940023
2024-07-05,-0.001241233510150048
2024-07-08,0.0002257934447927356
2024-07-09,-0.022259919880895374
2024-07-10,0.01784745406908373
2024-07-11,0.014186173356737792
2024-07-12,0.028978013745965023
2024-07-15,-0.01797110160705355
2024-07-16,0.0037522489025528455
2024-07-17,-0.017557992971272137
2024-07-18,-0.045175497650197405
2024-07-19,-0.0004693221982041846
2024-07-22,0.016410024352387996
2024-07-23,0.0020756773354474317
2024-07-24,-0.012635644115219483
2024-07-25,-0.01540028138003755
2024-07-26,0.005906029116445072
2024-07-29,-0.0117279873303995
2024-07-30,0.003924694917918167
2024-07-31,0.005444970722404665
2024-08-01,-0.02922718052405949
2024-08-02,-0.04182517896177389
2024-08-05,-0.017000544746087344
2024-08-06,-0.007375304827397535
2024-08-07,0.012518718602295314
2024-08-08,0.020689948231260448
2024-08-09,-0.012769695069698528
2024-08-12,0.00012732663443353347
2024-08-13,0.011007887806383461
2024-08-14,0.0022624779634828557
2024-08-15,0.02111872574792089
2024-08-16,0.0030683979141354948
2024-08-19,0.0064741057526672904
2024-08-20,-0.0026821736510969497
2024-08-21,0.006328382973143851
2024-08-22,0.0001212020204593878
2024-08-23,0.013374569660366443
2024-08-26,0.0041803357949549945
2024-08-27,-0.004060758404024476
2024-08-28,0.006560616374188271
2024-08-29,0.011819048111699927
2024-08-30,-0.0017640375254822436
2024-09-02,0.003759406973920234
2024-09-03,-0.01440910494550764
2024-09-04,-0.00836220657735318
2024-09-05,-0.009037845532903092
2024-09-06,-0.025004379999481616
2024-09-09,0.009019669281584982
2024-09-10,-0.0014770943419041395
2024-09-11,-0.001356029036672392
2024-09-12,0.013233964679902958
2024-09-13,-0.0014618969669123526
2024-09-16,-0.007095663771567371
2024-09-17,0.021017599866959284
2024-09-18,-0.003854501668483211
2024-09-19,0.025028082038417332
2024-09-20,-0.019371827608509622
2024-09-23,0.005027553165510495
2024-09-24,0.016812981689341994
2024-09-25,0.012832638742199847
2024-09-26,0.051948132524332634
2024-09-27,0.00614372252752025
2024-09-30,-0.0083471956249656
2024-10-01,-0.008194965979799643
2024-10-02,0.004216649477269661
2024-10-03,-0.005774602791054147
2024-10-04,0.018209474159841782
2024-10-07,0.0081686506021325
2024-10-08,-0.023042544551656954
2024-10-09,0.02347630499073782
2024-10-10,-0.005981196736990853
2024-10-11,0.013434614649338596
2024-10-14,-0.0031258721047306326
2024-10-15,-0.01314877451480384
2024-10-16,-0.010114377825006926
2024-10-17,0.017959294285941892
2024-10-18,0.007137557369342101
2024-10-21,-0.0026975737091110554
2024-10-22,-0.008681603544671332
2024-10-23,-0.01261339345746034
2024-10-24,-0.009648959548453817
2024-10-25,0.005335085467032797
2024-10-28,0.007839663850175827
2024-10-29,-0.0042986583699124075
2024-10-30,-0.008764659928535291
2024-10-31,-0.006035650853372032
2024-11-01,0.017337759951197577
2024-11-04,-0.0012127211213123319
2024-11-05,0.014782510293204203
2024-11-06,0.0005434638641052395
2024-11-07,0.020856404820468622
2024-11-08,-0.026412301622743772
2024-11-11,0.0149628066986454
2024-11-12,-0.043439627415406606
2024-11-13,0.00817146789442643
2024-11-14,0.04788730596169133
2024-11-15,-0.004259883030774992
2024-11-18,-0.018309637170411543
2024-11-19,-0.03405144701449344
2024-11-20,-0.007223424939991529
2024-11-21,-0.0031768039435899516
2024-11-22,0.00882456561717241
2024-11-25,0.018193563053292894
2024-11-26,-0.002769071648319136
2024-11-27,-0.007459054029262768
2024-11-28,0.0
2024-11-29,0.02308607974478088
2024-12-02,0.02671997463843134
2024-12-03,0.010996041100005212
2024-12-04,0.008898264830638374
2024-12-05,0.006026588524255813
2024-12-06,0.0033095525321011634
2024-12-09,0.0022690573027773844
2024-12-10,0.0
2024-12-11,0.007083096440721001
2024-12-12,-0.007804514632690444
2024-12-13,-0.013597169202227673
2024-12-16,-0.005554122587882742
2024-12-17,0.013568727399177324
2024-12-18,0.009287007615440684
2024-12-19,-0.027490243510337672
2024-12-20,-0.0009507190064816415
2024-12-23,-0.0014805169966579266
2024-12-27,0.003275496009114781
2024-12-30,0.0
2025-01-02,-0.002534921356343097
2025-01-03,-0.012450211027247072
2025-01-06,0.03317314535666471
2025-01-07,0.002379505752988795
2025-01-08,0.0
2025-01-09,0.015687149565305945
2025-01-10,-0.010739067592798976
2025-01-13,-0.006809922502123609
2025-01-14,0.0040296704640708095
2025-01-15,0.008317510532306732
2025-01-16,-0.0021497727330217673
2025-01-17,0.028738681572138998
2025-01-20,0.004718715971367473
2025-01-21,0.0
2025-01-22,0.026166080995067315
2025-01-23,0.008891117348683125
2025-01-24,0.0
2025-01-27,-0.0370413379075047
2025-01-28,-0.0067256258035322345
2025-01-29,0.016361355187822564
2025-01-30,0.008812683184812677
2025-01-31,0.01114895646364864
2025-02-03,-0.026127664608199614
2025-02-04,-0.0012377647375103355
2025-02-05,-0.002976948725574008
2025-02-06,0.03323048406957519
2025-02-07,-0.0028881059982912103
2025-02-10,0.0
2025-02-11,0.035282424227083775
2025-02-12,-0.013350619798929922
2025-02-13,0.07010832095090792
2025-02-14,0.01318604930128077
2025-02-17,0.007961113168275804
2025-02-18,-0.0035304961659437008
2025-02-19,-0.02620232910841239
2025-02-20,0.0040760532844318536
2025-02-21,0.0009035925191057778
2025-02-24,-0.015243135625072827
2025-02-25,-0.006901367438297546
2025-02-26,0.031135315747088634
2025-02-27,-0.012836538211252161
2025-02-28,0.0027161600823759186
2025-03-03,0.021246416245152177
2025-03-04,-0.05761408389882674
2025-03-05,0.08209620262206999
2025-03-06,0.048265655016976994
2025-03-07,-0.03645909298227641
2025-03-10,-0.02550392070074624
2025-03-11,-0.023030247763786208
2025-03-12,0.016220788498290964
2025-03-13,-0.001544053923236238
2025-03-14,0.022914287354565195
2025-03-17,0.01094314653491261
2025-03-18,0.011457751001055805
2025-03-19,-0.0012666562827460433
2025-03-20,-0.009551145206269894
2025-03-21,-0.02417553174785805
2025-03-24,0.0
2025-03-25,0.00021841992201803673
2025-03-26,-0.019409546704397214
2025-03-27,-0.013227367444203166
2025-03-28,-0.025369882243789978
2025-03-31,-0.019164008664259782
2025-04-01,0.013360137488382683
2025-04-02,0.0
2025-04-03,-0.08383726517383881
2025-04-04,-0.061935765126763936
2025-04-07,-0.04981419859234241
2025-04-08,0.03417705196838616
2025-04-09,-0.03101107606552108
2025-04-10,0.053734385961342286
2025-04-11,-0.03406019699339496
2025-04-14,0.02740495088424893
2025-04-15,-0.002156276919457369
2025-04-16,0.00452292410539789
2025-04-17,0.004716473980884285
2025-04-22,0.012223143703204875
2025-04-23,0.03722372434438734
2025-04-24,0.02089961254103234
2025-04-25,0.0
2025-04-28,0.02169186164972575
2025-04-29,-0.0137493841649618
2025-04-30,-0.0014843739262030012
2025-05-02,0.03813454760829526
2025-05-05,0.006887569624618481
2025-05-06,-0.0109472788790588
2025-05-07,0.0009566832136064848
2025-05-08,0.019179030940678805
2025-05-09,0.003978942399312278
2025-05-12,0.035340965551728186
2025-05-13,0.015216233860266257
2025-05-14,0.0
2025-05-15,-0.014765319130871585
2025-05-16,-0.00860128012092028
2025-05-19,0.008375848171734649
2025-05-20,0.0020267799098758117
2025-05-21,-0.005640196671138835
2025-05-22,-0.017804571432720368
2025-05-23,-0.022357685184169793
2025-05-26,0.029471801741159768
2025-05-27,0.010690454875730327
2025-05-28,-0.0159638474228821
2025-05-29,-0.022786350111786775
2025-05-30,-0.003770004431815334
2025-06-02,0.008696677456384801
2025-06-03,0.0018704929394253386
2025-06-04,0.018514767156689604
2025-06-05,0.005488231454840476
2025-06-06,-0.0020545408405084503
2025-06-09,0.0
2025-06-10,0.0011419484753303415
2025-06-11,0.002962920720864539
2025-06-12,-0.010753981473637196
2025-06-13,-0.011103575581941326
2025-06-16,0.0048730141806605535
2025-06-17,-0.009302431768612526
2025-06-18,-0.013880898456962035
2025-06-19,-0.01503795567594371
2025-06-20,0.006711477956715515
2025-06-23,-0.0023917089025589974
2025-06-24,0.026932818269911955
2025-06-25,-0.004204590672121669
2025-06-26,0.005835027413677503
2025-06-27,0.03610990738548809
2025-06-30,-0.023161810791765883
2025-07-01,-0.009231583948557215
2025-07-02,0.017695569749002483
2025-07-03,0.008167006361265746
2025-07-04,-0.02424082691953901
2025-07-07,0.010820903008299907
2025-07-08,-0.005971591781779865
2025-07-09,0.03819240899876738
2025-07-10,0.005748464556823482
2025-07-11,-0.016672610417942595
2025-07-14,-0.012405759743845637
2025-07-15,-0.009119957492755248
2025-07-16,0.0
2025-07-17,0.034664712753395194
2025-07-18,-0.007996480699500716
2025-07-21,0.0015598815597447466
2025-07-22,-0.01888118939649171
2025-07-23,0.03281176636116393
2025-07-24,-0.0019782209038542472
2025-07-25,0.000220026144162139
2025-07-28,-0.0072856487766257624
2025-07-29,0.006185170887543097
2025-07-30,0.00833329356045949
2025-07-31,-0.017847745757943855
2025-08-01,-0.054598450199118194
2025-08-04,0.017917861534420522
2025-08-05,0.009182839483800784
2025-08-06,0.0009136346177045462
2025-08-07,0.03631871807304455
2025-08-08,0.02306956435114648
2025-08-11,-0.01889512014408199
2025-08-12,0.013285629217238236
2025-08-13,-0.0036848440924225692
2025-08-14,0.012945151752533432
2025-08-15,0.0042780993589049115
2025-08-18,-0.002992720042487382
2025-08-19,0.019924346414390424
2025-08-20,-0.02013848384292446
2025-08-21,0.0006421413810291801
2025-08-22,0.013813900393648697
2025-08-25,-0.0059271697205169685
2025-08-26,-0.002551085511481338
2025-08-27,-0.008121419108371102
2025-08-28,0.016388631135529238
2025-08-29,-0.0010560822191216263
2025-09-01,0.010929037600690906
2025-09-02,-0.044888909254606715
2025-09-03,0.003273985571854445
2025-09-04,0.002611601004281538
2025-09-05,-0.017761710733742823
2025-09-08,0.02036637391620693
2025-09-09,-0.009365185033590406
2025-09-10,-0.00043772075813460544
2025-09-11,0.002841868123217308
2025-09-12,-0.0021853247234375527
2025-09-15,0.00719346745943849
2025-09-16,-0.01819223601026989
2025-09-17,-0.0035453597619789306
2025-09-18,0.0121347833661514
2025-09-19,0.0017528015468788836
2025-09-22,0.0
2025-09-23,0.0026235232101248108
2025-09-24,-0.011639455144731983
2025-09-25,-0.01132975307899277
2025-09-26,0.0218769042141556
2025-09-29,-0.011210146752872777
2025-09-30,0.0
2025-10-01,0.02294433241434534
2025-10-02,0.04126257338368481
2025-10-03,0.0
2025-10-06,0.008463253384456948
2025-10-07,-0.003913084095635558
2025-10-08,0.012101495955077889
2025-10-09,0.004881029833096058
2025-10-10,-0.016982525788174038
2025-10-13,0.015561356726839282
2025-10-14,-0.03199778128522869
2025-10-15,0.009603415361588428
2025-10-16,0.014848680459840159
2025-10-17,-0.026341907404727218
2025-10-20,0.022033786839313046
2025-10-21,-0.0053597807645047795
2025-10-22,0.00041336180695309007
2025-10-23,-0.009758228589618863
2025-10-24,0.01634805296600238
2025-10-27,0.013050721877504872
2025-10-28,-0.0022309834021468924
2025-10-29,-0.0020325295226032622
2025-10-30,0.0050735356905758245
2025-10-31,-0.005887680256411563
2025-11-03,0.006697110455154232
2025-11-04,-0.012210215329227196
2025-11-05,0.0032706881458049613
2025-11-06,-0.01397475196079487
2025-11-07,0.0
2025-11-10,0.016827807533633943
2025-11-11,0.00689518417411971
2025-11-12,0.01205316744476287
2025-11-13,-0.09810958988773731
2025-11-14,0.01464992127044782
2025-11-17,-0.032428172525017424
2025-11-18,-0.021988879386197147
2025-11-19,0.0020607275911072418
2025-11-20,0.011371488552312261
2025-11-21,-0.008858740789379062
2025-11-24,0.017415404032156693
2025-11-25,0.01777825125456963
2025-11-26,0.004834118339716401
2025-11-27,-0.002414172326421697
2025-11-28,0.003290572931575123
2025-12-01,-0.009241015110813487
2025-12-02,0.004851242493059494
2025-12-03,0.006358904259813318
2025-12-04,0.006318791658662635
2025-12-05,0.01401941718391258
2025-12-08,0.0038478325036773128
2025-12-09,-0.001280922060962842
2025-12-10,-0.01052303922422489
2025-12-11,0.030823990686261012
2025-12-12,0.0
2025-12-15,0.0
2025-12-16,-0.005668127047319594
2025-12-17,0.0
2025-12-18,0.0
2025-12-19,-0.006335845139288507
2025-12-22,0.002750476103760252
2025-12-23,0.004847761327403337
2025-12-29,-0.003158908094849874
2025-12-30,0.008819839298522604
2026-01-02,0.008120887991634882
2026-01-05,0.014412433732370543
2026-01-06,0.011988319924997179
2026-01-07,0.0345409450340257
2026-01-08,-0.01751839635626022
2026-01-09,0.009486227601532931
2026-01-12,0.016193915079367686
2026-01-13,0.013074542073469466
2026-01-14,-0.010368776484103963
2026-01-15,0.006924489409782656
2026-01-16,-0.002302819666359954
2026-01-19,-0.016465271728196926
2026-01-20,-0.009024979098001016
2026-01-21,-0.00236779670010946
2026-01-22,0.019174888399565472
2026-01-23,-0.014051739780190847
2026-01-26,0.0005894636094858443
2026-01-27,-0.004528043819514314
2026-01-28,-0.009914794563261468
2026-01-29,0.019927645202067884
2026-01-30,0.0013665140763752387
2026-02-02,0.015678276154584708
2026-02-03,0.0013434947911525328
2026-02-04,-0.07443263200591689
2026-02-05,0.01027756182053188
2026-02-06,0.024243587947929537
2026-02-09,0.021523197215342935
2026-02-10,0.00836504109372168
2026-02-11,-0.007193594272995401
2026-02-12,0.002922566687906643
2026-02-13,-0.0023871349666570794
2026-02-16,-0.06627942207683304
2026-02-17,0.003399208953709408
2026-02-18,0.037669641590934895
2026-02-19,-0.017513582272455083
2026-02-20,0.01894226236812977
2026-02-23,-0.018526672813683028
2026-02-24,-0.004790153535523532
2026-02-25,0.01902458555210476
2026-02-26,0.018468258211058575
2026-02-27,-0.005039825326382944
2026-03-02,-0.037895791178296175
2026-03-03,-0.050586487583750554
2026-03-04,0.028084994157998082
2026-03-05,-0.035398019088730616
2026-03-06,0.0
2026-03-09,-0.016596016126344253
2026-03-10,0.048768572706045316
2026-03-11,-0.017161264119868812
2026-03-12,-0.015456258444996589
2026-03-13,-0.01954894662262528
2026-03-16,-0.00022695132614772553
2026-03-17,-0.005233868647074211
2026-03-18,-0.004802697821435669
2026-03-19,-0.03641860397242042
2026-03-20,-0.03164134509913127
2026-03-23,0.036385186943811314
2026-03-24,-0.009988221461768096
2026-03-25,0.012351729972967757
2026-03-26,-0.009726102228667483
2026-03-27,-0.023394319890239348
2026-03-30,0.002437242322115446
2026-03-31,0.0014595140437556114
2026-04-01,0.045845858019477825
2026-04-02,-0.009330601600422284
2026-04-07,-0.015826507524534194
2026-04-08,0.09747234280882015
2026-04-09,-0.020731784531042734
2026-04-10,0.011837038545278997
2026-04-13,-0.0032740398557241633
2026-04-14,0.03670334980523624
2026-04-15,0.0006320189756918585
2026-04-16,0.009224435249336218
2026-04-17,0.03304554267344888
2026-04-20,-0.020808547115314626
2026-04-21,-0.003924395949644282
2026-04-22,0.00020688170986906835
2026-04-23,0.007215782443931604
2026-04-24,-0.00123324904826241
2026-04-27,0.03536078999729119
2026-04-28,-0.0027833505326031907
2026-04-29,-0.017674667580190526
2026-04-30,0.023233582684247356
2026-05-04,0.005921849054332542
