Date,Close,Volume
1998-07-22,22.2568416595459,56336
1998-07-23,21.27628517150879,95571
1998-07-24,21.188613891601562,154423
1998-07-27,20.575885772705078,62875
1998-07-28,20.08544158935547,116194
1998-07-29,20.575885772705078,95068
1998-07-30,20.96119499206543,51306
1998-07-31,20.96119499206543,145369
1998-08-03,19.19256591796875,74948
1998-08-04,19.262435913085938,68912
1998-08-05,19.350107192993164,68409
1998-08-06,18.955896377563477,112673
1998-08-07,18.955896377563477,106637
1998-08-10,18.421955108642578,78972
1998-08-11,16.98588752746582,131787
1998-08-12,17.091035842895508,80481
1998-08-13,16.94205093383789,163477
1998-08-14,17.68629264831543,163980
1998-08-17,17.423931121826172,46779
1998-08-18,17.86164093017578,133296
1998-08-19,18.036653518676758,55330
1998-08-20,17.773967742919922,35210
1998-08-21,16.810874938964844,100098
1998-08-24,16.85471534729004,50803
1998-08-25,17.68629264831543,55833
1998-08-26,17.117408752441406,120218
1998-08-27,15.76010799407959,100601
1998-08-28,15.76010799407959,96074
1998-08-31,14.79702377319336,157944
1998-09-01,15.620034217834473,287217
1998-09-02,15.322406768798828,121727
1998-09-03,14.622013092041016,100098
1998-09-04,14.622013092041016,144866
1998-09-07,15.059714317321777,56336
1998-09-08,15.952930450439453,70924
1998-09-09,15.76010799407959,39234
1998-09-10,14.79702377319336,138327
1998-09-11,14.79702377319336,309349
1998-09-14,14.376782417297363,146375
1998-09-15,14.096622467041016,130781
1998-09-16,13.65892219543457,107140
1998-09-17,12.888314247131348,205227
1998-09-18,12.888314247131348,115691
1998-09-21,12.345467567443848,170519
1998-09-22,12.345467567443848,175549
1998-09-23,12.975993156433105,51809
1998-09-24,12.923250198364258,2515
1998-09-25,12.923250198364258,141848
1998-09-28,13.833934783935547,73439
1998-09-29,14.166838645935059,114182
1998-09-30,13.133535385131836,54827
1998-10-01,11.555679321289062,120218
1998-10-02,11.644728660583496,172531
1998-10-05,11.592666625976562,88529
1998-10-06,11.995095252990723,109152
1998-10-07,11.470057487487793,102613
1998-10-08,10.506969451904297,159956
1998-10-09,10.769317626953125,114182
1998-10-12,12.08277416229248,159403
1998-10-13,12.144078254699707,173703
1998-10-14,12.205387115478516,232087
1998-10-15,12.69583511352539,290357
1998-10-16,12.433147430419922,157416
1998-10-19,12.345467567443848,77054
1998-10-20,12.85338020324707,324204
1998-10-21,12.75714111328125,142200
1998-10-22,12.520479202270508,176639
1998-10-23,12.380398750305176,357341
1998-10-26,13.65892219543457,213084
1998-10-27,13.921611785888672,325918
1998-10-28,13.045860290527344,122547
1998-10-29,13.081136703491211,123503
1998-10-30,13.081136703491211,86547
1998-11-02,14.157933235168457,230418
1998-11-03,14.157933235168457,202786
1998-11-04,14.919637680053711,144996
1998-11-05,14.385685920715332,86571
1998-11-06,14.385685920715332,106838
1998-11-09,14.639477729797363,95952
1998-11-10,14.026418685913086,71391
1998-11-11,14.008947372436523,69741
1998-11-12,14.289107322692871,65030
1998-11-13,13.833934783935547,40429
1998-11-16,14.516861915588379,50501
1998-11-17,14.516861915588379,44596
1998-11-18,14.534333229064941,95068
1998-11-19,14.884700775146484,80078
1998-11-20,15.234724998474121,54346
1998-11-23,15.234724998474121,39905
1998-11-24,15.58509635925293,61867
1998-11-25,15.059714317321777,100802
1998-11-26,15.803948402404785,106951
1998-11-27,15.497422218322754,198758
1998-11-30,15.339871406555176,98061
1998-12-01,15.339871406555176,167753
1998-12-02,14.534333229064941,114886
1998-12-03,14.394254684448242,173557
1998-12-04,14.359318733215332,79978
1998-12-07,14.324384689331055,146021
1998-12-08,14.324384689331055,175558
1998-12-09,13.798999786376953,85611
1998-12-10,13.833934783935547,45217
1998-12-11,13.833934783935547,155982
1998-12-14,13.833934783935547,97130
1998-12-15,13.308553695678711,116828
1998-12-16,13.921611785888672,127829
1998-12-17,14.23670482635498,75300
1998-12-18,14.23670482635498,48582
1998-12-21,14.149025917053223,109655
1998-12-22,14.035317420959473,95279
1998-12-23,14.289107322692871,118353
1998-12-24,14.289107322692871,0
1998-12-25,14.289107322692871,0
1998-12-28,15.059714317321777,126073
1998-12-29,14.630568504333496,27328
1998-12-30,14.114095687866211,75313
1998-12-31,14.114095687866211,0
1999-01-01,14.114095687866211,0
1999-01-04,15.754626274108887,218007
1999-01-05,15.480637550354004,105272
1999-01-06,16.19986915588379,235307
1999-01-07,15.771753311157227,137617
1999-01-08,16.09712028503418,79053
1999-01-11,15.840251922607422,35814
1999-01-12,15.172394752502441,99374
1999-01-13,14.319589614868164,267469
1999-01-14,14.319589614868164,208940
1999-01-15,13.888047218322754,172632
1999-01-18,14.281913757324219,47102
1999-01-19,14.213417053222656,64334
1999-01-20,14.710028648376465,249307
1999-01-21,15.069650650024414,120892
1999-01-22,15.069650650024414,80954
1999-01-25,14.025046348571777,119277
1999-01-26,14.692902565002441,117144
1999-01-27,14.590157508850098,169006
1999-01-28,14.247663497924805,23768
1999-01-29,14.665505409240723,95103
1999-02-01,14.316165924072266,48927
1999-02-02,14.042174339294434,73137
1999-02-03,13.870925903320312,46666
1999-02-04,14.042174339294434,107627
1999-02-05,13.874349594116211,19988
1999-02-08,13.973672866821289,26428
1999-02-09,13.699678421020508,51545
1999-02-10,13.699678421020508,102915
1999-02-11,13.288687705993652,106444
1999-02-12,13.288687705993652,155319
1999-02-15,13.768176078796387,75497
1999-02-16,13.52843189239502,103346
1999-02-17,13.494187355041504,135853
1999-02-18,13.30581283569336,232937
1999-02-19,12.908522605895996,95861
1999-02-22,13.185937881469727,98418
1999-02-23,13.870925903320312,191794
1999-02-24,13.151693344116211,542095
1999-02-25,12.244084358215332,247280
1999-02-26,12.244084358215332,127311
1999-03-01,11.490605354309082,239267
1999-03-02,11.490605354309082,85108
1999-03-03,11.610479354858398,87417
1999-03-04,11.97009563446045,130481
1999-03-05,12.05571460723877,106285
1999-03-08,12.10709285736084,151244
1999-03-09,11.644728660583496,66693
1999-03-10,11.062492370605469,66182
1999-03-11,11.401555061340332,72196
1999-03-12,11.401555061340332,124489
1999-03-15,11.915295600891113,94188
1999-03-16,11.713224411010742,101798
1999-03-17,11.610479354858398,128857
1999-03-18,11.781723022460938,80180
1999-03-19,12.07284164428711,92191
1999-03-22,12.103668212890625,83156
1999-03-23,11.644728660583496,275799
1999-03-24,11.610479354858398,77769
1999-03-25,12.158462524414062,117157
1999-03-26,12.586580276489258,174077
1999-03-29,12.56945514678955,80194
1999-03-30,12.754400253295898,72986
1999-03-31,12.730424880981445,46864
1999-04-01,12.3297119140625,17756
1999-04-02,12.3297119140625,0
1999-04-05,12.3297119140625,0
1999-04-06,12.312583923339844,139397
1999-04-07,12.500956535339355,139239
1999-04-08,12.500956535339355,117321
1999-04-09,12.483829498291016,141063
1999-04-12,13.014694213867188,66893
1999-04-13,13.014694213867188,178626
1999-04-14,13.254439353942871,138697
1999-04-15,13.751055717468262,337211
1999-04-16,13.751055717468262,242593
1999-04-19,14.144916534423828,102733
1999-04-20,14.658658027648926,165087
1999-04-21,14.521660804748535,296878
1999-04-22,14.795655250549316,291376
1999-04-23,14.795655250549316,140214
1999-04-26,14.727154731750488,209643
1999-04-27,14.727154731750488,166153
1999-04-28,15.00114917755127,234321
1999-04-29,13.870925903320312,256537
1999-04-30,13.52843189239502,127878
1999-05-03,13.798999786376953,59380
1999-05-04,13.52843189239502,172920
1999-05-05,13.88119888305664,168017
1999-05-06,13.494187355041504,107812
1999-05-07,13.185937881469727,106337
1999-05-10,13.014694213867188,58581
1999-05-11,13.083189010620117,69905
1999-05-12,13.374310493469238,129866
1999-05-13,13.374310493469238,0
1999-05-14,13.45993423461914,50761
1999-05-17,13.35718822479248,155590
1999-05-18,12.620826721191406,73932
1999-05-19,12.826326370239258,79414
1999-05-20,12.946194648742676,93327
1999-05-21,12.7235746383667,172481
1999-05-24,12.7235746383667,0
1999-05-25,12.432456970214844,306913
1999-05-26,12.07284164428711,127818
1999-05-27,12.113938331604004,108146
1999-05-28,11.95296859741211,331564
1999-05-31,11.473478317260742,107853
1999-06-01,11.781723022460938,183114
1999-06-02,12.141338348388672,122666
1999-06-03,12.141338348388672,0
1999-06-04,11.97009563446045,172422
1999-06-07,12.261207580566406,140342
1999-06-08,12.466708183288574,73419
1999-06-09,12.22696304321289,372929
1999-06-10,12.432456970214844,125496
1999-06-11,12.288609504699707,58457
1999-06-14,12.202988624572754,72905
1999-06-15,12.363960266113281,174245
1999-06-16,13.014694213867188,123229
1999-06-17,12.946194648742676,169519
1999-06-18,13.014694213867188,147964
1999-06-21,13.100316047668457,95330
1999-06-22,13.014694213867188,182066
1999-06-23,12.706450462341309,256664
1999-06-24,12.161890029907227,324359
1999-06-25,12.22696304321289,292524
1999-06-28,12.552330017089844,144413
1999-06-29,12.63795280456543,208206
1999-06-30,12.432456970214844,134286
1999-07-01,12.459857940673828,117153
1999-07-02,12.603704452514648,508155
1999-07-05,11.918718338012695,287477
1999-07-06,12.038590431213379,346692
1999-07-07,12.466708183288574,119158
1999-07-08,12.326286315917969,253352
1999-07-09,12.05571460723877,295667
1999-07-12,12.05571460723877,191515
1999-07-13,12.363960266113281,124655
1999-07-14,12.295463562011719,118720
1999-07-15,12.295463562011719,89574
1999-07-16,12.244084358215332,35862
1999-07-19,12.158462524414062,53586
1999-07-20,11.95296859741211,340953
1999-07-21,11.6378755569458,195810
1999-07-22,11.387858390808105,163125
1999-07-23,10.976866722106934,148146
1999-07-26,11.30223560333252,157482
1999-07-27,11.130989074707031,271363
1999-07-28,11.226886749267578,474114
1999-07-29,11.288534164428711,423200
1999-07-30,11.165236473083496,80383
1999-08-02,11.250864028930664,88091
1999-08-03,11.230310440063477,113748
1999-08-04,11.165236473083496,125156
1999-08-05,11.19948959350586,131371
1999-08-06,10.6172513961792,94489
1999-08-09,10.548751831054688,108174
1999-08-10,10.6172513961792,93732
1999-08-11,10.446005821228027,163613
1999-08-12,10.411759376525879,130267
1999-08-13,10.446005821228027,110843
1999-08-16,10.702875137329102,77586
1999-08-17,10.833023071289062,82013
1999-08-18,10.891243934631348,72201
1999-08-19,10.915218353271484,58703
1999-08-20,10.788495063781738,47165
1999-08-23,10.58642578125,64737
1999-08-24,10.719999313354492,169964
1999-08-25,10.685750007629395,124886
1999-08-26,10.754247665405273,222077
1999-08-27,10.99399185180664,121712
1999-08-30,11.473478317260742,80305
1999-08-31,11.559103012084961,86223
1999-09-01,11.473478317260742,242763
1999-09-02,11.473478317260742,121512
1999-09-03,11.127561569213867,88313
1999-09-06,11.134414672851562,123192
1999-09-07,11.370733261108398,107271
1999-09-08,11.541979789733887,61195
1999-09-09,11.696100234985352,40495
1999-09-10,11.723499298095703,135774
1999-09-13,11.781723022460938,102657
1999-09-14,11.476905822753906,103267
1999-09-15,11.096738815307617,176251
1999-09-16,10.791919708251953,132483
1999-09-17,10.480256080627441,49988
1999-09-20,10.637802124023438,106868
1999-09-21,10.535054206848145,117855
1999-09-22,10.480256080627441,115943
1999-09-23,10.326132774353027,151299
1999-09-24,10.195988655090332,91849
1999-09-27,10.120635032653809,125883
1999-09-28,10.377507209777832,131606
1999-09-29,10.261059761047363,78005
1999-09-30,10.172011375427246,109185
1999-10-01,10.548751831054688,205723
1999-10-04,10.343257904052734,37232
1999-10-05,10.408332824707031,78278
1999-10-06,10.30900764465332,97347
1999-10-07,10.223383903503418,139282
1999-10-08,10.240509986877441,76743
1999-10-11,10.274758338928223,57855
1999-10-12,10.343257904052734,72562
1999-10-13,10.08638858795166,15013
1999-10-14,10.035013198852539,78871
1999-10-15,9.901442527770996,145590
1999-10-18,10.154884338378906,84158
1999-10-19,10.274758338928223,52614
1999-10-20,10.53162670135498,43171
1999-10-21,10.548751831054688,61874
1999-10-22,10.137760162353516,70657
1999-10-25,10.6172513961792,99697
1999-10-26,10.377507209777832,96812
1999-10-27,10.839873313903809,218742
1999-10-28,10.805622100830078,140179
1999-10-29,11.124137878417969,341467
1999-11-01,11.459781646728516,78025
1999-11-02,11.593351364135742,172705
1999-11-03,10.891243934631348,196377
1999-11-04,10.788495063781738,329725
1999-11-05,10.480256080627441,240445
1999-11-08,10.6172513961792,252445
1999-11-09,10.737125396728516,182619
1999-11-10,10.6172513961792,177805
1999-11-11,10.446005821228027,172831
1999-11-12,10.148038864135742,212035
1999-11-15,9.932266235351562,103689
1999-11-16,9.880892753601074,243536
1999-11-17,10.271333694458008,136471
1999-11-18,10.240509986877441,110508
1999-11-19,10.168586730957031,297007
1999-11-22,9.795269012451172,280295
1999-11-23,9.658272743225098,148638
1999-11-24,9.511002540588379,215619
1999-11-25,9.247284889221191,291125
1999-11-26,9.04178524017334,483253
1999-11-29,8.887667655944824,263141
1999-11-30,8.93903923034668,239247
1999-12-01,9.076037406921387,175718
1999-12-02,9.521276473999023,202744
1999-12-03,9.812394142150879,203072
1999-12-06,9.856917381286621,317121
1999-12-07,9.541827201843262,376725
1999-12-08,9.48702621459961,318655
1999-12-09,9.281530380249023,263744
1999-12-10,9.19590950012207,271917
1999-12-13,9.113710403442383,116517
1999-12-14,9.178784370422363,276503
1999-12-15,9.867193222045898,423236
1999-12-16,10.891243934631348,591704
1999-12-17,10.394631385803223,357768
1999-12-20,10.343257904052734,154270
1999-12-21,10.891243934631348,388675
1999-12-22,11.124137878417969,415572
1999-12-23,11.250864028930664,266892
1999-12-24,11.250864028930664,0
1999-12-27,11.028238296508789,48311
1999-12-28,11.130989074707031,110259
1999-12-29,10.970017433166504,104437
1999-12-30,10.702875137329102,112856
1999-12-31,10.702875137329102,0
2000-01-03,10.754247665405273,186288
2000-01-04,10.274758338928223,124950
2000-01-05,10.343257904052734,165920
2000-01-06,10.565876007080078,148235
2000-01-07,10.833023071289062,103079
2000-01-10,10.908370018005371,162460
2000-01-11,11.014544486999512,339647
2000-01-12,10.932342529296875,152764
2000-01-13,10.6172513961792,192299
2000-01-14,10.62067699432373,114434
2000-01-17,10.976866722106934,175059
2000-01-18,10.80219841003418,89292
2000-01-19,10.497377395629883,276746
2000-01-20,10.30900764465332,156814
2000-01-21,10.30900764465332,190082
2000-01-24,10.223383903503418,169150
2000-01-25,10.017887115478516,105708
2000-01-26,9.91171646118164,83666
2000-01-27,10.172011375427246,159792
2000-01-28,9.942543029785156,211097
2000-01-31,9.795269012451172,184325
2000-02-01,9.757594108581543,326207
2000-02-02,9.76102066040039,390647
2000-02-03,9.624025344848633,130112
2000-02-04,9.315781593322754,118360
2000-02-07,9.243856430053711,120246
2000-02-08,9.076037406921387,189688
2000-02-09,9.144536972045898,99281
2000-02-10,9.141109466552734,133811
2000-02-11,9.069186210632324,217490
2000-02-14,8.904788970947266,123333
2000-02-15,8.973288536071777,88917
2000-02-16,8.93903923034668,90263
2000-02-17,9.07946491241455,258554
2000-02-18,8.894515037536621,111236
2000-02-21,8.767793655395508,125824
2000-02-22,8.802042007446289,186812
2000-02-23,8.168434143066406,276505
2000-02-24,7.637568950653076,417145
2000-02-25,8.014313697814941,352870
2000-02-28,8.117060661315918,195241
2000-02-29,8.055411338806152,112148
2000-03-01,8.151307106018066,469264
2000-03-02,8.236933708190918,317221
2000-03-03,8.199256896972656,256620
2000-03-06,8.219807624816895,179172
2000-03-07,8.134184837341309,130024
2000-03-08,8.168434143066406,227515
2000-03-09,8.216382026672363,171002
2000-03-10,8.216382026672363,111091
2000-03-13,8.373927116394043,89706
2000-03-14,8.534896850585938,221633
2000-03-15,8.836292266845703,285933
2000-03-16,9.29865550994873,382925
2000-03-17,9.247284889221191,516956
2000-03-20,9.110285758972168,208481
2000-03-21,8.88424015045166,76719
2000-03-22,8.921914100646973,158849
2000-03-23,9.093162536621094,88547
2000-03-24,9.144536972045898,87335
2000-03-27,9.093162536621094,203080
2000-03-28,9.16165828704834,131675
2000-03-29,9.343180656433105,86316
2000-03-30,9.141109466552734,133544
2000-03-31,9.010964393615723,33510
2000-04-03,8.908214569091797,70096
2000-04-04,8.802042007446289,83591
2000-04-05,8.627373695373535,93245
2000-04-06,8.73354434967041,71523
2000-04-07,8.665045738220215,24360
2000-04-10,8.459549903869629,46735
2000-04-11,8.538323402404785,30316
2000-04-12,8.514351844787598,60551
2000-04-13,8.439000129699707,55865
2000-04-14,8.562299728393555,90626
2000-04-17,8.442425727844238,88466
2000-04-18,8.58285140991211,65893
2000-04-19,8.387626647949219,59485
2000-04-20,8.562299728393555,108231
2000-04-21,8.562299728393555,0
2000-04-24,8.562299728393555,0
2000-04-25,8.784918785095215,145262
2000-04-26,8.815744400024414,85784
2000-04-27,8.634222984313965,71314
2000-04-28,8.493800163269043,321267
2000-05-01,8.493800163269043,0
2000-05-02,8.565725326538086,110332
2000-05-03,9.144536972045898,48748
2000-05-04,9.555524826049805,153665
2000-05-05,9.421953201293945,119011
2000-05-08,9.606898307800293,86273
2000-05-09,9.966513633728027,154201
2000-05-10,9.48702621459961,147642
2000-05-11,9.48702621459961,128613
2000-05-12,9.44592571258545,130803
2000-05-15,9.418526649475098,45649
2000-05-16,9.675397872924805,110555
2000-05-17,9.521276473999023,93896
2000-05-18,9.110285758972168,53666
2000-05-19,9.103435516357422,47896
2000-05-22,9.555524826049805,480178
2000-05-23,9.418526649475098,187450
2000-05-24,9.411465644836426,70876
2000-05-25,9.552725791931152,220727
2000-05-26,9.641014099121094,130067
2000-05-29,9.648076057434082,106135
2000-05-30,9.72929859161377,108955
2000-05-31,9.676328659057617,171406
2000-06-01,9.92353630065918,78056
2000-06-02,9.782273292541504,176691
2000-06-05,9.888219833374023,78069
2000-06-06,9.676328659057617,57799
2000-06-07,9.591572761535645,60132
2000-06-08,9.552725791931152,17676
2000-06-09,9.588042259216309,56267
2000-06-12,9.531535148620605,7565
2000-06-13,9.570383071899414,32540
2000-06-14,9.44678020477295,39144
2000-06-15,9.376152038574219,22007
2000-06-16,8.917054176330566,37049
2000-06-19,9.146602630615234,69362
2000-06-20,8.90645980834961,31684
2000-06-21,8.864081382751465,85346
2000-06-22,8.807577133178711,51748
2000-06-23,8.553308486938477,115826
2000-06-26,8.793452262878418,84708
2000-06-27,8.687506675720215,10
2000-06-28,8.740479469299316,53660
2000-06-29,8.581561088562012,126892
2000-06-30,8.736947059631348,60848
2000-07-03,8.708696365356445,56842
2000-07-04,8.828768730163574,43540
2000-07-05,9.005342483520508,64214
2000-07-06,8.970027923583984,62332
2000-07-07,8.871145248413086,50235
2000-07-10,8.934712409973145,26486
2000-07-11,8.740479469299316,59722
2000-07-12,8.694568634033203,41548
2000-07-13,8.828768730163574,69369
2000-07-14,8.662789344787598,122848
2000-07-17,8.793452262878418,144973
2000-07-18,9.270204544067383,122548
2000-07-19,9.49975299835205,132226
2000-07-20,9.72929859161377,83262
2000-07-21,9.535070419311523,98991
2000-07-24,9.72929859161377,151991
2000-07-25,9.535070419311523,113135
2000-07-26,9.672799110412598,89929
2000-07-27,9.535070419311523,65694
2000-07-28,9.782273292541504,341472
2000-07-31,9.976508140563965,119901
2000-08-01,9.835246086120605,107535
2000-08-02,9.711642265319824,87374
2000-08-03,9.891752243041992,142871
2000-08-04,9.994165420532227,46142
2000-08-07,10.223713874816895,85411
2000-08-08,10.506231307983398,209468
2000-08-09,10.700468063354492,171208
2000-08-10,10.559206008911133,72003
2000-08-11,10.605113983154297,97025
2000-08-14,10.509764671325684,47228
2000-08-15,10.523890495300293,48007
2000-08-16,10.718122482299805,34974
2000-08-17,10.559206008911133,45803
2000-08-18,10.49916934967041,103166
2000-08-21,10.421475410461426,64767
2000-08-22,10.629834175109863,160131
2000-08-23,10.894697189331055,164194
2000-08-24,10.598052978515625,80923
2000-08-25,10.594520568847656,51463
2000-08-28,10.767563819885254,36365
2000-08-29,10.45325756072998,143722
2000-08-30,10.223713874816895,80531
2000-08-31,10.244902610778809,105740
2000-09-01,10.66515064239502,104335
2000-09-04,10.45325756072998,52614
2000-09-05,10.382631301879883,65549
2000-09-06,10.520357131958008,91094
2000-09-07,10.435602188110352,41482
2000-09-08,10.640430450439453,57530
2000-09-11,10.382631301879883,105641
2000-09-12,10.202521324157715,71641
2000-09-13,9.785805702209473,82090
2000-09-14,9.994165420532227,87886
2000-09-15,10.382631301879883,161659
2000-09-18,10.45325756072998,84816
2000-09-19,10.417943954467773,113096
2000-09-20,10.24137020111084,96587
2000-09-21,10.34731388092041,54581
2000-09-22,10.45325756072998,70030
2000-09-25,10.541544914245605,31377
2000-09-26,10.488574981689453,57151
2000-09-27,10.354376792907715,40441
2000-09-28,10.417943954467773,187928
2000-09-29,11.120718002319336,205980
2000-10-02,11.300822257995605,136028
2000-10-03,11.300822257995605,0
2000-10-04,11.60100269317627,112488
2000-10-05,11.724602699279785,165462
2000-10-06,11.901180267333984,135736
2000-10-09,11.70694351196289,325471
2000-10-10,11.346733093261719,135363
2000-10-11,11.530367851257324,126373
2000-10-12,11.406767845153809,124084
2000-10-13,11.664566040039062,146002
2000-10-16,11.759917259216309,155908
2000-10-17,11.477397918701172,138903
2000-10-18,11.625722885131836,86505
2000-10-19,11.477397918701172,155404
2000-10-20,11.141904830932617,241846
2000-10-23,11.265504837036133,75716
2000-10-24,11.194878578186035,72707
2000-10-25,11.300822257995605,57141
2000-10-26,11.159563064575195,99223
2000-10-27,11.442081451416016,968351
2000-10-30,11.636313438415527,342844
2000-10-31,12.127196311950684,973867
2000-11-01,12.183699607849121,439576
2000-11-02,11.89411449432373,604152
2000-11-03,11.936491966247559,548088
2000-11-06,12.007123947143555,1064913
2000-11-07,12.02125072479248,577133
2000-11-08,11.80229663848877,955665
2000-11-09,11.91883373260498,444205
2000-11-10,11.784638404846191,199398
2000-11-13,11.124244689941406,199133
2000-11-14,11.67162799835205,208146
2000-11-15,11.901180267333984,84007
2000-11-16,11.74226188659668,416495
2000-11-17,11.848206520080566,254700
2000-11-20,11.653975486755371,78443
2000-11-21,11.689287185668945,265662
2000-11-22,11.237255096435547,251957
2000-11-23,11.548029899597168,145594
2000-11-24,11.265504837036133,89701
2000-11-27,11.805830001831055,176581
2000-11-28,12.41324520111084,445870
2000-11-29,12.476811408996582,359965
2000-11-30,11.60100269317627,313861
2000-12-01,11.565685272216797,391410
2000-12-04,11.442081451416016,171877
2000-12-05,11.689287185668945,253602
2000-12-06,11.851740837097168,211054
2000-12-07,11.636313438415527,334049
2000-12-08,11.90471076965332,173680
2000-12-11,12.007123947143555,559032
2000-12-12,11.618659973144531,207622
2000-12-13,11.106590270996094,215140
2000-12-14,10.735784530639648,216822
2000-12-15,10.672213554382324,55896
2000-12-18,10.735784530639648,205755
2000-12-19,11.293757438659668,188208
2000-12-20,10.629834175109863,143714
2000-12-21,10.700468063354492,353776
2000-12-22,10.788756370544434,104494
2000-12-25,10.788756370544434,0
2000-12-26,10.788756370544434,0
2000-12-27,10.972394943237305,61334
2000-12-28,11.406767845153809,178326
2000-12-29,11.194878578186035,76352
2001-01-01,11.194878578186035,0
2001-01-02,11.194878578186035,113053
2001-01-03,11.300822257995605,261959
2001-01-04,11.512710571289062,201976
2001-01-05,11.548029899597168,330090
2001-01-08,11.57628059387207,144255
2001-01-09,10.866446495056152,231291
2001-01-10,11.265504837036133,278498
2001-01-11,10.982986450195312,67605
2001-01-12,11.23019027709961,189605
2001-01-15,11.544496536254883,83911
2001-01-16,11.141904830932617,33144
2001-01-17,11.586874961853027,92604
2001-01-18,11.618659973144531,246334
2001-01-19,11.791702270507812,315429
2001-01-22,11.936491966247559,139182
2001-01-23,11.989465713500977,206929
2001-01-24,11.724602699279785,48851
2001-01-25,11.653975486755371,126040
2001-01-26,11.653975486755371,100239
2001-01-29,11.382046699523926,97247
2001-01-30,11.05008602142334,181213
2001-01-31,11.247851371765137,251910
2001-02-01,11.420892715454102,149027
2001-02-02,11.459739685058594,118921
2001-02-05,11.293757438659668,113973
2001-02-06,11.491524696350098,262001
2001-02-07,11.512710571289062,168909
2001-02-08,11.714008331298828,226728
2001-02-09,11.70694351196289,62996
2001-02-12,11.565685272216797,53114
2001-02-13,11.470333099365234,92497
2001-02-14,11.77757740020752,275947
2001-02-15,11.81289005279541,117825
2001-02-16,11.586874961853027,106177
2001-02-19,11.530367851257324,49053
2001-02-20,11.971810340881348,239746
2001-02-21,12.16603946685791,423086
2001-02-22,12.183699607849121,268419
2001-02-23,11.795232772827148,267222
2001-02-26,12.183699607849121,324404
2001-02-27,12.000059127807617,348291
2001-02-28,12.70283031463623,1958532
2001-03-01,12.851153373718262,641661
2001-03-02,12.67811107635498,191177
2001-03-05,12.872342109680176,353277
2001-03-06,12.914717674255371,496263
2001-03-07,13.243148803710938,464814
2001-03-08,13.578642845153809,291760
2001-03-09,13.596299171447754,427708
2001-03-12,13.366750717163086,288829
2001-03-13,12.713427543640137,464125
2001-03-14,12.095412254333496,486835
2001-03-15,11.901180267333984,562254
2001-03-16,11.830545425415039,553327
2001-03-19,11.565685272216797,508233
2001-03-20,12.095412254333496,526039
2001-03-21,12.180170059204102,256673
2001-03-22,10.997111320495605,1197489
2001-03-23,10.753440856933594,726318
2001-03-26,11.05361557006836,462055
2001-03-27,11.442081451416016,275250
2001-03-28,11.300822257995605,314540
2001-03-29,11.406767845153809,173853
2001-03-30,11.194878578186035,204206
2001-04-02,11.106590270996094,335223
2001-04-03,10.414414405822754,397297
2001-04-04,10.718122482299805,313847
2001-04-05,10.859382629394531,273640
2001-04-06,10.764031410217285,200237
2001-04-09,11.124244689941406,45069
2001-04-10,11.194878578186035,132540
2001-04-11,11.106590270996094,122745
2001-04-12,11.265504837036133,164383
2001-04-13,11.265504837036133,0
2001-04-16,11.265504837036133,0
2001-04-17,11.15250015258789,101112
2001-04-18,11.618659973144531,132320
2001-04-19,11.74226188659668,105993
2001-04-20,11.971810340881348,201819
2001-04-23,11.971810340881348,84450
2001-04-24,11.954148292541504,223875
2001-04-25,11.901180267333984,63219
2001-04-26,12.148383140563965,235313
2001-04-27,12.007123947143555,52504
2001-04-30,12.144851684570312,120841
2001-05-01,12.144851684570312,0
2001-05-02,12.16251277923584,129589
2001-05-03,12.360275268554688,481503
2001-05-04,12.324957847595215,241927
2001-05-07,12.321430206298828,63025
2001-05-08,12.254329681396484,169840
2001-05-09,12.180170059204102,169430
2001-05-10,12.646328926086426,258182
2001-05-11,13.013601303100586,140734
2001-05-14,13.243148803710938,146338
2001-05-15,13.063044548034668,226028
2001-05-16,13.207836151123047,168175
2001-05-17,13.543326377868652,620268
2001-05-18,13.596299171447754,222757
2001-05-21,13.705780029296875,629000
2001-05-22,13.772880554199219,212438
2001-05-23,13.691654205322266,456162
2001-05-24,13.66693115234375,32462
2001-05-25,13.878822326660156,294882
2001-05-28,13.808195114135742,134175
2001-05-29,13.631614685058594,217467
2001-05-30,13.349095344543457,106350
2001-05-31,13.207836151123047,190537
2001-06-01,13.313782691955566,210996
2001-06-04,13.419724464416504,71155
2001-06-05,13.861165046691895,600994
2001-06-06,14.055402755737305,708778
2001-06-07,13.945919036865234,720217
2001-06-08,13.862017631530762,418921
2001-06-11,13.643143653869629,304089
2001-06-12,13.493581771850586,534756
2001-06-13,13.48993968963623,161781
2001-06-14,13.15797233581543,237980
2001-06-15,12.902620315551758,298447
2001-06-18,12.880735397338867,32997
2001-06-19,13.150677680969238,275236
2001-06-20,12.968282699584961,109394
2001-06-21,12.979225158691406,180719
2001-06-22,12.731167793273926,179176
2001-06-25,12.840603828430176,100019
2001-06-26,12.840603828430176,283643
2001-06-27,12.767648696899414,46206
2001-06-28,12.800477981567383,75063
2001-06-29,13.274706840515137,126591
2001-07-02,13.533705711364746,227818
2001-07-03,13.438864707946777,76193
2001-07-04,13.198098182678223,43744
2001-07-05,13.168917655944824,130448
2001-07-06,13.132439613342285,135302
2001-07-09,12.98287582397461,114804
2001-07-10,12.855198860168457,41521
2001-07-11,12.610788345336914,143027
2001-07-12,12.658212661743164,95380
2001-07-13,12.5816068649292,107398
2001-07-16,12.548774719238281,59699
2001-07-17,12.563366889953613,115817
2001-07-18,12.402859687805176,130719
2001-07-19,12.913565635681152,96144
2001-07-20,12.056307792663574,301923
2001-07-23,12.253294944763184,178874
2001-07-24,12.235055923461914,121310
2001-07-25,12.29342269897461,311806
2001-07-26,12.402859687805176,87529
2001-07-27,12.399209976196289,70336
2001-07-30,12.329899787902832,165237
2001-07-31,12.946393966674805,88096
2001-08-01,12.913565635681152,69990
2001-08-02,12.654561996459961,59143
2001-08-03,12.333550453186035,153260
2001-08-06,12.421096801757812,63588
2001-08-07,12.676454544067383,55437
2001-08-08,12.618086814880371,51521
2001-08-09,12.512296676635742,83269
2001-08-10,12.439338684082031,71403
2001-08-13,12.435690879821777,38339
2001-08-14,12.694687843322754,48894
2001-08-15,12.395562171936035,78388
2001-08-16,12.36273193359375,169013
2001-08-17,11.593026161193848,212076
2001-08-20,11.582082748413086,156487
2001-08-21,11.636796951293945,97948
2001-08-22,11.779067993164062,96769
2001-08-23,11.760828018188477,114905
2001-08-24,12.074548721313477,94457
2001-08-27,11.9869966506958,40724
2001-08-28,11.735295295715332,77029
2001-08-29,11.56019401550293,119382
2001-08-30,11.396038055419922,156385
2001-08-31,11.582082748413086,84358
2001-09-03,11.27200984954834,77990
2001-09-04,11.852023124694824,100993
2001-09-05,12.143854141235352,163651
2001-09-06,11.797306060791016,144503
2001-09-07,11.764477729797363,291191
2001-09-10,11.538308143615723,288502
2001-09-11,10.929107666015625,327993
2001-09-12,10.396513938903809,251076
2001-09-13,10.36003303527832,247975
2001-09-14,9.685173034667969,224646
2001-09-17,9.794610023498535,378715
2001-09-18,9.33497428894043,306121
2001-09-19,8.864397048950195,565391
2001-09-20,8.390167236328125,714098
2001-09-21,8.758607864379883,801721
2001-09-24,9.33497428894043,294063
2001-09-25,9.192706108093262,294291
2001-09-26,9.108805656433105,248972
2001-09-27,9.079622268676758,286817
2001-09-28,9.619510650634766,324404
2001-10-01,9.320384979248047,261899
2001-10-02,9.393341064453125,230836
2001-10-03,9.849328994750977,174071
2001-10-04,10.09738540649414,134051
2001-10-05,9.73624324798584,156271
2001-10-08,9.849328994750977,108533
2001-10-09,9.593976020812988,122570
2001-10-10,10.104681015014648,111624
2001-10-11,10.268838882446289,202158
2001-10-12,10.079143524169922,195958
2001-10-15,9.91864013671875,59393
2001-10-16,10.09738540649414,180316
2001-10-17,10.04996109008789,183034
2001-10-18,10.141161918640137,151314
2001-10-19,9.666933059692383,245571
2001-10-22,10.086441993713379,42923
2001-10-23,10.214119911193848,244522
2001-10-24,10.505949974060059,300135
2001-10-25,10.396513938903809,257528
2001-10-26,10.859797477722168,170341
2001-10-29,10.396513938903809,86354
2001-10-30,10.341795921325684,131152
2001-10-31,10.36003303527832,228143
2001-11-01,10.352738380432129,201404
2001-11-02,10.542431831359863,124708
2001-11-05,11.082317352294922,76151
2001-11-06,11.078669548034668,86459
2001-11-07,11.490883827209473,86590
2001-11-08,11.746236801147461,104276
2001-11-09,11.655040740966797,71796
2001-11-12,11.527363777160645,116161
2001-11-13,12.111026763916016,90590
2001-11-14,12.056307792663574,231958
2001-11-15,11.9395751953125,119826
2001-11-16,12.311660766601562,122191
2001-11-19,12.402859687805176,95772
2001-11-20,12.567014694213867,205068
2001-11-21,12.577956199645996,56915
2001-11-22,12.636323928833008,110782
2001-11-23,13.132439613342285,228505
2001-11-26,13.132439613342285,263821
2001-11-27,12.603495597839355,135829
2001-11-28,12.165745735168457,148240
2001-11-29,12.001591682434082,98949
2001-11-30,12.030776977539062,162548
2001-12-03,11.892151832580566,137314
2001-12-04,12.614439964294434,258682
2001-12-05,13.059479713439941,225304
2001-12-06,13.041236877441406,155876
2001-12-07,12.946393966674805,111198
2001-12-10,12.523240089416504,47624
2001-12-11,12.329899787902832,87802
2001-12-12,12.24964714050293,101617
2001-12-13,11.892151832580566,100877
2001-12-14,11.855673789978027,105585
2001-12-17,12.3007173538208,229629
2001-12-18,12.202224731445312,222879
2001-12-19,11.866615295410156,255764
2001-12-20,11.892151832580566,139504
2001-12-21,12.038068771362305,119859
2001-12-24,12.038068771362305,0
2001-12-25,12.038068771362305,0
2001-12-26,12.038068771362305,0
2001-12-27,12.548774719238281,63288
2001-12-28,12.712929725646973,90627
2001-12-31,12.712929725646973,0
2002-01-01,12.712929725646973,0
2002-01-02,12.505000114440918,77619
2002-01-03,12.709282875061035,185453
2002-01-04,12.767648696899414,112040
2002-01-07,12.530534744262695,166067
2002-01-08,12.764001846313477,73665
2002-01-09,12.946393966674805,138417
2002-01-10,12.490408897399902,52161
2002-01-11,12.333550453186035,58596
2002-01-14,12.198576927185059,66862
2002-01-15,12.038068771362305,100939
2002-01-16,11.67327880859375,48385
2002-01-17,12.038068771362305,71942
2002-01-18,12.147504806518555,69721
2002-01-21,12.038068771362305,88837
2002-01-22,12.308014869689941,125673
2002-01-23,12.625377655029297,123364
2002-01-24,12.523240089416504,109328
2002-01-25,12.446634292602539,164694
2002-01-28,12.840603828430176,157934
2002-01-29,13.077720642089844,408290
2002-01-30,13.128792762756348,316359
2002-01-31,13.431568145751953,261710
2002-02-01,13.424266815185547,194376
2002-02-04,13.095962524414062,194217
2002-02-05,13.041236877441406,217687
2002-02-06,12.585253715515137,200357
2002-02-07,12.359085083007812,205498
2002-02-08,12.475817680358887,234984
2002-02-11,12.494061470031738,222128
2002-02-12,12.253294944763184,98093
2002-02-13,12.468521118164062,171670
2002-02-14,12.508648872375488,150175
2002-02-15,12.340842247009277,76161
2002-02-18,12.359085083007812,41769
2002-02-19,12.125617980957031,137159
2002-02-20,11.906744003295898,157297
2002-02-21,12.111026763916016,201488
2002-02-22,11.965108871459961,47182
2002-02-25,12.439338684082031,132643
2002-02-26,12.731167793273926,119544
2002-02-27,12.858848571777344,158621
2002-02-28,13.132439613342285,258515
2002-03-01,13.49722671508789,465207
2002-03-04,13.862017631530762,480701
2002-03-05,13.734343528747559,411572
2002-03-06,13.570181846618652,164491
2002-03-07,13.606663703918457,241940
2002-03-08,13.661386489868164,118100
2002-03-11,13.58842658996582,99944
2002-03-12,13.168917655944824,180323
2002-03-13,13.49722671508789,282691
2002-03-14,13.416976928710938,145255
2002-03-15,13.862017631530762,157251
2002-03-18,13.85837173461914,270732
2002-03-19,14.135608673095703,363401
2002-03-20,14.237753868103027,258899
2002-03-21,14.555119514465332,896864
2002-03-22,14.865187644958496,387123
2002-03-25,14.558765411376953,270440
2002-03-26,14.591598510742188,577025
2002-03-27,14.423795700073242,114682
2002-03-28,14.773996353149414,157425
2002-03-29,14.773996353149414,0
2002-04-01,14.773996353149414,0
2002-04-02,14.32165813446045,105042
2002-04-03,13.8984956741333,122449
2002-04-04,13.876611709594727,164191
2002-04-05,13.967805862426758,237994
2002-04-08,13.862017631530762,74159
2002-04-09,13.800004959106445,151366
2002-04-10,14.09548282623291,107150
2002-04-11,13.807297706604004,168681
2002-04-12,14.150202751159668,127324
2002-04-15,14.518643379211426,184672
2002-04-16,14.682794570922852,212295
2002-04-17,14.626168251037598,267386
2002-04-18,14.516672134399414,199862
2002-04-19,14.56953239440918,154530
2002-04-22,14.176883697509766,119578
2002-04-23,14.06362247467041,300013
2002-04-24,13.776684761047363,209719
2002-04-25,13.285876274108887,266395
2002-04-26,13.270771980285645,141972
2002-04-29,13.138630867004395,96830
2002-04-30,13.512402534484863,200258
2002-05-01,13.512402534484863,0
2002-05-02,13.100874900817871,166571
2002-05-03,13.436890602111816,272003
2002-05-06,13.402913093566895,31043
2002-05-07,13.210362434387207,140089
2002-05-08,13.867295265197754,168603
2002-05-09,13.867295265197754,11666
2002-05-10,13.59168815612793,117592
2002-05-13,13.969231605529785,123639
2002-05-14,14.154231071472168,137722
2002-05-15,13.75403118133545,204422
2002-05-16,14.131575584411621,170001
2002-05-17,14.15800666809082,270857
2002-05-20,14.403410911560059,58080
2002-05-21,14.346782684326172,171704
2002-05-22,14.799835205078125,194383
2002-05-23,14.72432804107666,375509
2002-05-24,14.837589263916016,203286
2002-05-27,14.799835205078125,153804
2002-05-28,14.682794570922852,101479
2002-05-29,14.60728645324707,75604
2002-05-30,14.259941101074219,170546
2002-05-31,14.403410911560059,172242
2002-06-03,13.855968475341797,56989
2002-06-04,13.837090492248535,168701
2002-06-05,13.855968475341797,141903
2002-06-06,14.286372184753418,124794
2002-06-07,14.06362247467041,138862
2002-06-10,13.871068000793457,77687
2002-06-11,13.855968475341797,84877
2002-06-12,13.893722534179688,74344
2002-06-13,13.523728370666504,144350
2002-06-14,12.980058670043945,203315
2002-06-17,13.327404022216797,66933
2002-06-18,13.365156173706055,149768
2002-06-19,13.308528900146484,396215
2002-06-20,12.628941535949707,217930
2002-06-21,12.005990982055664,292986
2002-06-24,11.741707801818848,226041
2002-06-25,12.13813304901123,257626
2002-06-26,12.081497192382812,295783
2002-06-27,12.175885200500488,168129
2002-06-28,12.42129135131836,143898
2002-07-01,12.349559783935547,76885
2002-07-02,11.836092948913574,222387
2002-07-03,11.515178680419922,147892
2002-07-04,11.775686264038086,313309
2002-07-05,11.930480003356934,173858
2002-07-08,11.85496997833252,313343
2002-07-09,11.6661958694458,247047
2002-07-10,11.511402130126953,296330
2002-07-11,11.15650749206543,250814
2002-07-12,11.06212329864502,72251
2002-07-15,10.344786643981934,79779
2002-07-16,10.563761711120605,241574
2002-07-17,10.835594177246094,316298
2002-07-18,11.213142395019531,159652
2002-07-19,10.94885540008545,365307
2002-07-22,10.552434921264648,292857
2002-07-23,10.363661766052246,187913
2002-07-24,10.928471565246582,446435
2002-07-25,10.94885540008545,240053
2002-07-26,10.760086059570312,276239
2002-07-29,11.700176239013672,145186
2002-07-30,12.308029174804688,540601
2002-07-31,12.693127632141113,344857
2002-08-01,12.024870872497559,402082
2002-08-02,11.994665145874023,54799
2002-08-05,11.420792579650879,107444
2002-08-06,12.028641700744629,147969
2002-08-07,12.070171356201172,337375
2002-08-08,12.375985145568848,119405
2002-08-09,12.55343246459961,83563
2002-08-12,12.42129135131836,104635
2002-08-13,12.64781665802002,106116
2002-08-14,12.432618141174316,118538
2002-08-15,12.606290817260742,66135
2002-08-16,12.640270233154297,213348
2002-08-19,13.097095489501953,77655
2002-08-20,12.81394100189209,94921
2002-08-21,13.0933256149292,88246
2002-08-22,12.798837661743164,141390
2002-08-23,12.78750991821289,84498
2002-08-26,12.628941535949707,158495
2002-08-27,12.795063972473145,137813
2002-08-28,12.326904296875,335811
2002-08-29,12.19476318359375,279636
2002-08-30,12.42129135131836,99629
2002-09-02,12.058845520019531,164448
2002-09-03,11.326404571533203,346462
2002-09-04,11.700176239013672,345855
2002-09-05,11.477423667907715,149890
2002-09-06,12.002213478088379,170018
2002-09-09,11.628443717956543,102526
2002-09-10,12.002213478088379,131463
2002-09-11,12.364659309387207,98230
2002-09-12,11.930480003356934,39275
2002-09-13,11.6661958694458,222749
2002-09-16,11.681299209594727,71264
2002-09-17,11.45854377746582,217584
2002-09-18,10.967735290527344,188055
2002-09-19,10.67702579498291,109584
2002-09-20,10.967735290527344,332250
2002-09-23,10.325907707214355,153879
2002-09-24,9.684076309204102,305383
2002-09-25,9.891727447509766,138613
2002-09-26,10.461822509765625,95022
2002-09-27,10.567533493041992,100203
2002-09-30,10.080501556396484,110964
2002-10-01,10.18998908996582,177212
2002-10-02,10.57131290435791,207420
2002-10-03,9.929482460021973,91446
2002-10-04,9.70295238494873,136738
2002-10-07,9.70295238494873,131272
2002-10-08,9.457550048828125,132073
2002-10-09,8.91010570526123,399009
2002-10-10,9.238571166992188,211770
2002-10-11,10.193764686584473,200668
2002-10-14,10.133358001708984,163366
2002-10-15,10.778961181640625,249525
2002-10-16,10.733657836914062,242269
2002-10-17,11.137633323669434,194872
2002-10-18,11.265999794006348,170072
2002-10-21,11.62466812133789,170227
2002-10-22,10.937531471252441,370037
2002-10-23,10.242847442626953,315776
2002-10-24,9.986115455627441,237276
2002-10-25,10.288152694702148,154302
2002-10-28,10.514678001403809,203767
2002-10-29,9.87285041809082,361301
2002-10-30,9.974786758422852,224457
2002-10-31,10.476923942565918,212143
2002-11-01,10.680802345275879,306829
2002-11-04,11.005491256713867,244112
2002-11-05,10.79783821105957,180518
2002-11-06,10.514678001403809,250963
2002-11-07,9.993663787841797,164533
2002-11-08,9.887950897216797,195079
2002-11-11,10.118254661560059,169628
2002-11-12,10.382536888122559,428633
2002-11-13,10.382536888122559,376603
2002-11-14,10.476923942565918,328661
2002-11-15,10.597740173339844,398253
2002-11-18,10.744980812072754,93834
2002-11-19,10.79783821105957,156946
2002-11-20,10.722330093383789,127097
2002-11-21,10.911104202270508,244409
2002-11-22,10.926204681396484,113142
2002-11-25,10.79406452178955,70535
2002-11-26,10.65059757232666,699137
2002-11-27,11.11497974395752,175859
2002-11-28,11.107428550720215,81578
2002-11-29,11.209365844726562,126034
2002-12-02,11.292426109313965,94271
2002-12-03,10.986612319946289,132853
2002-12-04,11.326404571533203,91748
2002-12-05,11.081002235412598,165356
2002-12-06,10.94885540008545,147308
2002-12-09,10.405190467834473,222829
2002-12-10,10.424067497253418,237547
2002-12-11,10.627945899963379,314390
2002-12-12,10.64304256439209,123282
2002-12-13,10.329679489135742,107279
2002-12-16,10.646822929382324,246703
2002-12-17,10.424067497253418,230968
2002-12-18,9.808666229248047,261103
2002-12-19,9.778464317321777,194766
2002-12-20,9.986115455627441,199853
2002-12-23,9.665200233459473,377602
2002-12-24,9.665200233459473,0
2002-12-25,9.665200233459473,0
2002-12-26,9.665200233459473,0
2002-12-27,9.238571166992188,186917
2002-12-30,9.43867301940918,72679
2002-12-31,9.43867301940918,0
2003-01-01,9.43867301940918,0
2003-01-02,10.420294761657715,248350
2003-01-03,10.484474182128906,186849
2003-01-06,10.6090669631958,74768
2003-01-07,10.458045959472656,418442
2003-01-08,9.96723747253418,233332
2003-01-09,10.042744636535645,272770
2003-01-10,10.314579963684082,366479
2003-01-13,10.39008903503418,211854
2003-01-14,10.439168930053711,132080
2003-01-15,10.288152694702148,120647
2003-01-16,10.684575080871582,156312
2003-01-17,10.439168930053711,293185
2003-01-20,10.484474182128906,114122
2003-01-21,10.303252220153809,161063
2003-01-22,9.96723747253418,155402
2003-01-23,9.684076309204102,249858
2003-01-24,9.476425170898438,85673
2003-01-27,9.476425170898438,142958
2003-01-28,9.574586868286133,145318
2003-01-29,10.08427619934082,199324
2003-01-30,10.004990577697754,139984
2003-01-31,10.760086059570312,164350
2003-02-03,10.816718101501465,268563
2003-02-04,10.156007766723633,134856
2003-02-05,10.639270782470703,271486
2003-02-06,10.458045959472656,171921
2003-02-07,10.012541770935059,145809
2003-02-10,10.15223217010498,524562
2003-02-11,10.46937370300293,159355
2003-02-12,9.903054237365723,184547
2003-02-13,9.57081127166748,217447
2003-02-14,9.903054237365723,157878
2003-02-17,9.81999397277832,81245
2003-02-18,10.099376678466797,157430
2003-02-19,9.925705909729004,178630
2003-02-20,9.9181547164917,99573
2003-02-21,10.408968925476074,94626
2003-02-24,10.371213912963867,149227
2003-02-25,10.212642669677734,248043
2003-02-26,9.835095405578613,92607
2003-02-27,10.156007766723633,89437
2003-02-28,10.269272804260254,183409
2003-03-03,10.322128295898438,136998
2003-03-04,10.061623573303223,155106
2003-03-05,9.857748985290527,242017
2003-03-06,9.434896469116211,161123
2003-03-07,9.363161087036133,215676
2003-03-10,9.212141036987305,260824
2003-03-11,8.521231651306152,951564
2003-03-12,8.18898868560791,698588
2003-03-13,8.438172340393066,489309
2003-03-14,8.324907302856445,321827
2003-03-17,8.759088516235352,376489
2003-03-18,9.098878860473633,580220
2003-03-19,9.042248725891113,436625
2003-03-20,9.042248725891113,138669
2003-03-21,9.32540512084961,284393
2003-03-24,8.91010570526123,116796
2003-03-25,9.185715675354004,214398
2003-03-26,8.928982734680176,500425
2003-03-27,8.947859764099121,383909
2003-03-28,8.630722999572754,124404
2003-03-31,8.283378601074219,288538
2003-04-01,8.302255630493164,106632
2003-04-02,8.566537857055664,241738
2003-04-03,8.528783798217773,213337
2003-04-04,8.925209045410156,116013
2003-04-07,9.472649574279785,183489
2003-04-08,9.136632919311523,430118
2003-04-09,9.125307083129883,154987
2003-04-10,8.811943054199219,182370
2003-04-11,8.891226768493652,210490
2003-04-14,9.147957801818848,184380
2003-04-15,9.102655410766602,158267
2003-04-16,8.91010570526123,301214
2003-04-17,9.136632919311523,104889
2003-04-18,9.136632919311523,0
2003-04-21,9.136632919311523,0
2003-04-22,9.363161087036133,215900
2003-04-23,9.627442359924316,301823
2003-04-24,9.363161087036133,309535
2003-04-25,9.047595024108887,470082
2003-04-28,9.307236671447754,222262
2003-04-29,8.887816429138184,218855
2003-04-30,9.127487182617188,351807
2003-05-01,9.127487182617188,0
2003-05-02,8.767979621887207,440202
2003-05-05,8.96770191192627,175825
2003-05-06,9.25131607055664,401374
2003-05-07,9.207374572753906,344050
2003-05-08,8.987677574157715,464080
2003-05-09,9.303244590759277,286754
2003-05-12,9.103519439697266,121276
2003-05-13,8.859848976135254,263454
2003-05-14,8.887816429138184,256393
2003-05-15,8.815910339355469,339840
2003-05-16,8.867841720581055,238122
2003-05-19,8.448416709899902,316035
2003-05-20,8.408472061157227,160456
2003-05-21,8.628169059753418,195374
2003-05-22,8.887816429138184,231256
2003-05-23,8.608195304870605,108530
2003-05-26,8.596213340759277,47745
2003-05-27,8.448416709899902,521688
2003-05-28,8.468389511108398,284177
2003-05-29,8.484368324279785,197683
2003-05-30,8.688088417053223,382970
2003-06-02,8.947731971740723,228117
2003-06-03,8.947731971740723,137660
2003-06-04,9.143464088439941,231234
2003-06-05,8.935747146606445,186780
2003-06-06,9.183409690856934,169109
2003-06-09,9.071560859680176,8250
2003-06-10,9.18740463256836,53792
2003-06-11,9.506965637207031,177036
2003-06-12,9.714680671691895,411957
2003-06-13,9.570877075195312,276706
2003-06-16,9.846501350402832,313259
2003-06-17,10.10214900970459,350269
2003-06-18,10.297880172729492,220294
2003-06-19,10.206006050109863,150090
2003-06-20,10.202010154724121,170164
2003-06-23,9.966336250305176,149429
2003-06-24,10.026252746582031,518156
2003-06-25,9.722667694091797,332856
2003-06-26,10.026252746582031,143522
2003-06-27,10.22597885131836,274794
2003-06-30,10.429698944091797,319615
2003-07-01,10.285896301269531,124929
2003-07-02,10.453666687011719,209555
2003-07-03,10.6254301071167,191507
2003-07-04,10.501601219177246,94561
2003-07-07,10.705320358276367,295324
2003-07-08,10.585485458374023,226962
2003-07-09,10.457659721374512,142988
2003-07-10,10.090164184570312,189273
2003-07-11,10.445677757263184,142890
2003-07-14,10.529561996459961,111536
2003-07-15,10.429698944091797,104026
2003-07-16,10.501601219177246,147452
2003-07-17,10.186033248901367,154569
2003-07-18,10.213994979858398,90913
2003-07-21,9.98231315612793,229265
2003-07-22,9.962340354919434,221507
2003-07-23,9.970329284667969,218495
2003-07-24,10.186033248901367,269392
2003-07-25,10.325840950012207,298362
2003-07-28,10.46565055847168,297763
2003-07-29,10.317852020263672,198703
2003-07-30,10.46565055847168,187387
2003-07-31,10.669370651245117,157804
2003-08-01,10.729290008544922,153816
2003-08-04,10.597469329833984,152138
2003-08-05,10.629425048828125,145872
2003-08-06,10.565512657165527,142689
2003-08-07,10.485621452331543,148502
2003-08-08,10.51358413696289,162855
2003-08-11,10.441681861877441,61454
2003-08-12,10.649397850036621,121473
2003-08-13,10.9649658203125,375895
2003-08-14,11.348441123962402,398395
2003-08-15,11.660013198852539,560097
2003-08-18,11.604087829589844,200244
2003-08-19,11.52419662475586,329268
2003-08-20,11.584114074707031,248108
2003-08-21,12.027508735656738,292184
2003-08-22,12.011529922485352,173951
2003-08-25,11.803813934326172,118674
2003-08-26,11.811803817749023,236854
2003-08-27,11.943623542785645,149752
2003-08-28,12.043486595153809,165982
2003-08-29,12.10340690612793,199475
2003-09-01,12.422967910766602,148280
2003-09-02,12.391011238098145,156581
2003-09-03,12.494871139526367,297994
2003-09-04,12.602720260620117,183197
2003-09-05,12.34707260131836,121756
2003-09-08,12.307126998901367,193535
2003-09-09,11.923649787902832,270827
2003-09-10,11.584114074707031,328955
2003-09-11,11.851751327514648,70353
2003-09-12,11.675990104675293,50818
2003-09-15,11.719930648803711,38251
2003-09-16,11.84376049041748,132102
2003-09-17,11.967592239379883,93606
2003-09-18,12.059465408325195,166734
2003-09-19,11.89169692993164,87208
2003-09-22,11.29651165008545,275331
2003-09-23,11.020890235900879,334114
2003-09-24,10.661381721496582,473357
2003-09-25,10.86110782623291,277117
2003-09-26,10.773229598999023,137014
2003-09-29,10.9649658203125,269804
2003-09-30,10.641409873962402,264215
2003-10-01,10.925021171569824,246055
2003-10-02,10.585485458374023,226692
2003-10-03,11.064827919006348,70205
2003-10-06,11.108770370483398,118224
2003-10-07,10.94499683380127,106897
2003-10-08,11.020890235900879,163277
2003-10-09,11.384390830993652,369879
2003-10-10,11.356431007385254,223974
2003-10-13,11.540177345275879,182178
2003-10-14,11.763870239257812,116525
2003-10-15,11.863734245300293,178405
2003-10-16,11.963597297668457,115879
2003-10-17,11.879709243774414,128719
2003-10-20,12.083434104919434,97867
2003-10-21,12.163322448730469,96961
2003-10-22,11.883706092834473,307099
2003-10-23,11.84376049041748,135915
2003-10-24,11.596098899841309,240354
2003-10-27,11.739903450012207,104538
2003-10-28,12.023514747619629,103452
2003-10-29,11.787835121154785,243365
2003-10-30,11.636043548583984,275153
2003-10-31,11.699957847595215,275695
2003-11-03,11.943623542785645,379569
2003-11-04,11.963597297668457,230814
2003-11-05,11.98356819152832,172715
2003-11-06,11.963597297668457,849229
2003-11-07,11.967592239379883,197884
2003-11-10,11.907671928405762,249054
2003-11-11,11.931640625,89767
2003-11-12,11.975581169128418,425062
2003-11-13,11.98356819152832,254949
2003-11-14,11.967592239379883,89833
2003-11-17,11.616073608398438,115459
2003-11-18,11.4842529296875,247793
2003-11-19,11.244583129882812,350657
2003-11-20,11.064827919006348,299867
2003-11-21,11.024886131286621,126290
2003-11-24,11.152706146240234,325306
2003-11-25,11.180667877197266,1301913
2003-11-26,11.084799766540527,203207
2003-11-27,11.08879566192627,83474
2003-11-28,10.960968017578125,160211
2003-12-01,10.99692153930664,143714
2003-12-02,11.064827919006348,206081
2003-12-03,11.424334526062012,239241
2003-12-04,11.4842529296875,310469
2003-12-05,11.18466567993164,216291
2003-12-08,11.104774475097656,224239
2003-12-09,11.164692878723145,110960
2003-12-10,11.100778579711914,164142
2003-12-11,11.36042594909668,139268
2003-12-12,11.548166275024414,179162
2003-12-15,11.432323455810547,89912
2003-12-16,11.52419662475586,63450
2003-12-17,11.608084678649902,97720
2003-12-18,11.739903450012207,86667
2003-12-19,11.62406063079834,176592
2003-12-22,11.34444522857666,92799
2003-12-23,11.376402854919434,67584
2003-12-24,11.376402854919434,0
2003-12-25,11.376402854919434,0
2003-12-26,11.376402854919434,0
2003-12-29,11.480259895324707,69721
2003-12-30,11.4842529296875,93939
2003-12-31,11.4842529296875,0
2004-01-01,11.4842529296875,0
2004-01-02,11.572132110595703,202253
2004-01-05,11.49623966217041,144077
2004-01-06,11.044855117797852,219733
2004-01-07,10.86110782623291,152746
2004-01-08,10.905045509338379,308134
2004-01-09,10.785211563110352,410091
2004-01-12,10.797194480895996,315645
2004-01-13,10.853119850158691,159515
2004-01-14,11.25656509399414,268622
2004-01-15,11.168686866760254,188399
2004-01-16,11.4842529296875,135973
2004-01-19,11.268548965454102,202232
2004-01-20,11.168686866760254,223189
2004-01-21,11.18466567993164,349396
2004-01-22,11.18466567993164,203155
2004-01-23,11.084799766540527,221644
2004-01-26,11.084799766540527,78841
2004-01-27,10.992927551269531,248545
2004-01-28,11.064827919006348,224539
2004-01-29,10.9649658203125,304244
2004-01-30,10.956974983215332,213533
2004-02-02,10.9649658203125,242662
2004-02-03,10.645402908325195,637480
2004-02-04,10.705320358276367,294625
2004-02-05,10.577495574951172,90107
2004-02-06,10.665376663208008,224649
2004-02-09,10.653390884399414,134717
2004-02-10,10.553528785705566,220941
2004-02-11,10.585485458374023,149934
2004-02-12,10.661381721496582,190257
2004-02-13,10.633420944213867,343132
2004-02-16,10.505596160888672,300484
2004-02-17,10.585485458374023,175305
2004-02-18,10.753450393676758,516452
2004-02-19,10.757506370544434,255206
2004-02-20,10.57091236114502,269751
2004-02-23,10.639873504638672,221180
2004-02-24,10.48572826385498,354348
2004-02-25,10.343755722045898,191070
2004-02-26,10.3518705368042,140161
2004-02-27,10.42894172668457,336005
2004-03-01,10.48572826385498,189593
2004-03-02,10.826464653015137,330435
2004-03-03,10.684492111206055,232841
2004-03-04,10.708830833435059,234700
2004-03-05,10.603363037109375,163111
2004-03-08,10.688546180725098,127155
2004-03-09,10.424882888793945,298579
2004-03-10,10.3518705368042,257835
2004-03-11,10.071976661682129,462168
2004-03-12,10.019245147705078,242340
2004-03-15,9.889443397521973,158155
2004-03-16,9.93000602722168,158829
2004-03-17,10.140938758850098,383862
2004-03-18,9.865104675292969,245265
2004-03-19,9.836708068847656,272470
2004-03-22,9.57304573059082,362653
2004-03-23,9.491917610168457,155200
2004-03-24,9.532482147216797,248471
2004-03-25,9.65822982788086,194829
2004-03-26,9.540594100952148,191415
2004-03-29,9.848881721496582,165491
2004-03-30,9.865104675292969,376568
2004-03-31,9.755583763122559,215816
2004-04-01,9.88538646697998,255395
2004-04-02,9.938117980957031,281548
2004-04-05,10.120656967163086,469319
2004-04-06,9.998967170715332,347793
2004-04-07,10.153105735778809,377282
2004-04-08,10.157160758972168,193721
2004-04-09,10.157160758972168,0
2004-04-12,10.157160758972168,0
2004-04-13,10.396490097045898,545558
2004-04-14,10.2991361618042,294754
2004-04-15,10.380263328552246,279151
2004-04-16,10.530350685119629,377126
2004-04-19,10.599308013916016,181827
2004-04-20,10.721000671386719,166621
2004-04-21,10.692604064941406,310315
2004-04-22,10.789957046508789,289411
2004-04-23,11.069340705871582,434438
2004-04-26,10.99737548828125,157642
2004-04-27,10.794188499450684,366989
2004-04-28,10.624869346618652,253262
2004-04-29,10.52327823638916,257727
2004-04-30,10.586773872375488,203567
2004-05-03,10.684130668640137,79498
2004-05-04,10.709529876708984,57178
2004-05-05,10.633337020874023,131250
2004-05-06,10.417449951171875,257132
2004-05-07,10.324325561523438,309288
2004-05-10,10.150771141052246,196958
2004-05-11,10.328558921813965,213425
2004-05-12,10.222732543945312,172726
2004-05-13,10.49787712097168,58654
2004-05-14,10.298929214477539,146931
2004-05-17,10.159239768981934,207460
2004-05-18,10.201566696166992,228299
2004-05-19,10.28622817993164,420144
2004-05-20,10.180404663085938,142737
2004-05-21,10.11267375946045,64473
2004-05-24,10.19310188293457,44466
2004-05-25,10.040714263916016,266676
2004-05-26,10.167702674865723,113385
2004-05-27,10.180404663085938,56391
2004-05-28,10.11690902709961,191568
2004-05-31,10.201566696166992,21728
2004-06-01,10.146540641784668,80623
2004-06-02,10.28199577331543,149832
2004-06-03,10.366656303405762,214008
2004-06-04,10.328558921813965,140424
2004-06-07,10.375121116638184,155278
2004-06-08,10.311625480651855,181406
2004-06-09,10.159239768981934,362256
2004-06-10,10.252366065979004,135022
2004-06-11,10.17193603515625,43844
2004-06-14,10.108441352844238,264022
2004-06-15,10.11690902709961,154097
2004-06-16,10.057645797729492,194146
2004-06-17,10.0153169631958,279217
2004-06-18,9.884093284606934,310301
2004-06-21,9.905257225036621,277179
2004-06-22,9.888328552246094,340594
2004-06-23,9.693605422973633,435853
2004-06-24,9.905257225036621,475855
2004-06-25,9.905257225036621,165710
2004-06-28,10.070345878601074,223358
2004-06-29,10.053412437438965,137650
2004-06-30,10.057645797729492,220662
2004-07-01,9.926422119140625,83640
2004-07-02,9.862926483154297,358207
2004-07-05,9.778267860412598,160930
2004-07-06,9.706305503845215,230099
2004-07-07,9.655510902404785,511607
2004-07-08,9.655510902404785,356613
2004-07-09,9.545452117919922,232644
2004-07-12,9.503120422363281,167546
2004-07-13,9.583549499511719,156344
2004-07-14,9.439623832702637,104592
2004-07-15,9.384596824645996,121965
2004-07-16,9.31686782836914,153103
2004-07-19,9.397296905517578,85091
2004-07-20,9.460789680480957,87464
2004-07-21,9.53274917602539,178278
2004-07-22,9.498888969421387,131883
2004-07-23,9.536985397338867,1107516
2004-07-26,9.47772216796875,56163
2004-07-27,9.638579368591309,126108
2004-07-28,9.693605422973633,128787
2004-07-29,9.850229263305664,207688
2004-07-30,9.79096508026123,76887
2004-08-02,9.833295822143555,155051
2004-08-03,9.951821327209473,136441
2004-08-04,9.693605422973633,189857
2004-08-05,9.71053695678711,121017
2004-08-06,9.448089599609375,308011
2004-08-09,9.257606506347656,175945
2004-08-10,9.253374099731445,196075
2004-08-11,9.10098648071289,345352
2004-08-12,9.079818725585938,186441
2004-08-13,8.973994255065918,180287
2004-08-16,9.020557403564453,129181
2004-08-17,9.10098648071289,171170
2004-08-18,9.10098648071289,155498
2004-08-19,9.067121505737305,123847
2004-08-20,9.041720390319824,114588
2004-08-23,9.397296905517578,101598
2004-08-24,9.354966163635254,335157
2004-08-25,9.354966163635254,141845
2004-08-26,9.44385814666748,298644
2004-08-27,9.414228439331055,89172
2004-08-30,9.291470527648926,84842
2004-08-31,9.227973937988281,71218
2004-09-01,9.304169654846191,46755
2004-09-02,9.261837005615234,226912
2004-09-03,9.3464994430542,85332
2004-09-06,9.376132011413574,55418
2004-09-07,9.452322959899902,79367
2004-09-08,9.363432884216309,139114
2004-09-09,9.384596824645996,126677
2004-09-10,9.507353782653809,115483
2004-09-13,9.680906295776367,204180
2004-09-14,9.651275634765625,94188
2004-09-15,9.524285316467285,198339
2004-09-16,9.583549499511719,142620
2004-09-17,9.439623832702637,220194
2004-09-20,9.545452117919922,266365
2004-09-21,9.536985397338867,146464
2004-09-22,9.494653701782227,502597
2004-09-23,9.452322959899902,296329
2004-09-24,9.42269229888916,158692
2004-09-27,9.333800315856934,175297
2004-09-28,9.312634468078613,269872
2004-09-29,9.354966163635254,177901
2004-09-30,9.27453899383545,117299
2004-10-01,9.414228439331055,105528
2004-10-04,9.524285316467285,162513
2004-10-05,9.490422248840332,122485
2004-10-06,10.066110610961914,904478
2004-10-07,10.032247543334961,1111983
2004-10-08,10.19310188293457,499189
2004-10-11,9.994149208068848,95320
2004-10-12,9.824828147888184,203802
2004-10-13,10.235432624816895,455997
2004-10-14,10.303160667419434,328911
2004-10-15,10.243898391723633,253255
2004-10-18,10.392054557800293,899502
2004-10-19,10.730694770812988,439144
2004-10-20,10.662965774536133,211314
2004-10-21,10.612171173095703,284944
2004-10-22,10.641801834106445,548440
2004-10-25,10.383588790893555,281253
2004-10-26,10.561376571655273,211487
2004-10-27,10.63757038116455,125038
2004-10-28,10.739163398742676,305987
2004-10-29,10.658734321594238,268350
2004-11-01,10.823821067810059,54482
2004-11-02,11.022773742675781,477699
2004-11-03,10.789958953857422,482177
2004-11-04,10.662965774536133,235101
2004-11-05,10.794188499450684,423680
2004-11-08,10.751859664916992,116186
2004-11-09,10.768795013427734,168441
2004-11-10,10.861916542053223,267608
2004-11-11,10.96351146697998,87013
2004-11-12,10.844987869262695,125808
2004-11-15,10.819587707519531,221973
2004-11-16,10.646036148071289,182748
2004-11-17,10.7222261428833,220874
2004-11-18,10.709529876708984,110318
2004-11-19,10.67143440246582,109909
2004-11-22,10.650267601013184,122359
2004-11-23,10.603705406188965,134936
2004-11-24,10.52327823638916,66922
2004-11-25,10.540209770202637,47153
2004-11-26,10.502111434936523,39467
2004-11-29,10.493647575378418,60386
2004-11-30,10.430150985717773,182457
2004-12-01,10.561376571655273,234596
2004-12-02,10.603705406188965,185701
2004-12-03,10.578306198120117,135919
2004-12-06,10.468245506286621,44607
2004-12-07,10.375121116638184,110671
2004-12-08,10.493647575378418,155393
2004-12-09,10.480949401855469,231718
2004-12-10,10.480949401855469,285977
2004-12-13,10.527511596679688,104450
2004-12-14,10.565606117248535,171945
2004-12-15,10.41321849822998,91667
2004-12-16,10.464015007019043,171741
2004-12-17,10.370891571044922,85964
2004-12-20,10.324325561523438,114365
2004-12-21,10.332791328430176,50601
2004-12-22,10.480949401855469,210153
2004-12-23,10.417449951171875,179118
2004-12-24,10.417449951171875,0
2004-12-27,10.320093154907227,29482
2004-12-28,10.34125804901123,97766
2004-12-29,10.379354476928711,100339
2004-12-30,10.332791328430176,126379
2004-12-31,10.332791328430176,0
2005-01-03,10.468245506286621,259131
2005-01-04,10.785727500915527,557345
2005-01-05,10.785727500915527,85876
2005-01-06,11.04817008972168,475533
2005-01-07,11.259822845458984,347971
2005-01-10,11.412211418151855,625556
2005-01-11,11.183629035949707,326826
2005-01-12,11.014309883117676,252010
2005-01-13,11.022773742675781,164052
2005-01-14,11.12013053894043,195198
2005-01-17,11.07357120513916,40635
2005-01-18,11.21749210357666,226406
2005-01-19,11.314850807189941,163096
2005-01-20,11.31061840057373,121206
2005-01-21,11.225958824157715,45190
2005-01-24,11.170928001403809,149338
2005-01-25,11.450309753417969,387556
2005-01-26,11.32755184173584,322759
2005-01-27,11.149764060974121,494086
2005-01-28,11.255590438842773,202245
2005-01-31,11.628095626831055,258655
2005-02-01,11.92863941192627,398692
2005-02-02,11.615395545959473,325889
2005-02-03,11.54766845703125,148897
2005-02-04,11.556133270263672,168554
2005-02-07,11.772017478942871,130015
2005-02-08,11.763551712036133,137192
2005-02-09,11.750852584838867,96027
2005-02-10,11.721220016479492,96998
2005-02-11,11.805879592895508,54959
2005-02-14,12.12759017944336,314799
2005-02-15,12.072563171386719,288653
2005-02-16,12.158004760742188,208391
2005-02-17,12.214213371276855,99550
2005-02-18,12.192596435546875,95737
2005-02-21,12.339597702026367,60868
2005-02-22,12.1796236038208,92951
2005-02-23,11.928853988647461,240059
2005-02-24,11.907234191894531,186391
2005-02-25,11.954794883728027,43559
2005-02-28,11.963444709777832,174453
2005-03-01,12.136388778686523,130008
2005-03-02,12.209888458251953,60257
2005-03-03,12.140707969665527,114337
2005-03-04,12.106125831604004,124911
2005-03-07,12.106125831604004,45503
2005-03-08,11.915884971618652,813645
2005-03-09,11.920207023620605,185588
2005-03-10,11.842381477355957,236564
2005-03-11,11.812117576599121,54444
2005-03-14,11.678085327148438,122636
2005-03-15,11.79914665222168,75569
2005-03-16,11.552700996398926,165702
2005-03-17,11.48352336883545,63924
2005-03-18,11.522436141967773,106961
2005-03-21,11.440285682678223,135725
2005-03-22,11.509465217590332,204732
2005-03-23,11.673762321472168,168059
2005-03-24,11.859679222106934,145926
2005-03-25,11.859679222106934,0
2005-03-28,11.859679222106934,0
2005-03-29,12.019649505615234,118655
2005-03-30,12.036946296691895,138797
2005-03-31,12.028298377990723,174734
2005-04-01,11.998032569885254,77150
2005-04-04,11.79914665222168,78778
2005-04-05,11.889941215515137,54382
2005-04-06,11.872647285461426,105530
2005-04-07,11.816441535949707,204634
2005-04-08,11.760233879089355,46488
2005-04-11,11.673762321472168,100111
2005-04-12,11.652142524719238,69669
2005-04-13,11.643497467041016,138203
2005-04-14,11.66511344909668,80463
2005-04-15,11.500816345214844,192413
2005-04-18,11.11601734161377,258312
2005-04-19,10.99927806854248,393402
2005-04-20,11.016572952270508,213251
2005-04-21,10.977660179138184,201763
2005-04-22,11.167550086975098,101311
2005-04-25,11.24893569946289,101441
2005-04-26,11.072606086730957,87769
2005-04-27,10.986701011657715,181659
2005-04-28,10.851064682006836,301609
2005-04-29,11.009308815002441,163551
2005-05-02,11.0364351272583,50659
2005-05-03,11.077127456665039,109710
2005-05-04,11.257978439331055,288645
2005-05-05,11.339363098144531,65305
2005-05-06,11.348402976989746,125553
2005-05-09,11.2760648727417,208018
2005-05-10,11.208243370056152,85629
2005-05-11,11.167550086975098,62696
2005-05-12,11.411698341369629,171771
2005-05-13,11.556381225585938,88820
2005-05-16,11.47499942779541,52536
2005-05-17,11.511171340942383,54901
2005-05-18,11.59707260131836,294526
2005-05-19,11.755317687988281,393385
2005-05-20,11.692021369934082,379199
2005-05-23,11.687499046325684,148787
2005-05-24,11.53377628326416,41764
2005-05-25,11.53377628326416,122143
2005-05-26,11.755317687988281,126532
2005-05-27,11.710104942321777,111609
2005-05-30,11.710104942321777,246976
2005-05-31,11.83218002319336,302276
2005-06-01,12.211968421936035,226105
2005-06-02,12.248138427734375,233977
2005-06-03,12.329524040222168,401238
2005-06-06,12.302392959594727,117240
2005-06-07,12.343083381652832,184601
2005-06-08,12.320475578308105,231757
2005-06-09,12.230053901672363,136723
2005-06-10,12.365694046020508,191186
2005-06-13,12.43350887298584,108034
2005-06-14,12.55106258392334,132573
2005-06-15,12.43350887298584,149070
2005-06-16,12.659577369689941,226197
2005-06-17,12.664095878601074,238744
2005-06-20,12.650534629821777,84726
2005-06-21,12.835904121398926,300373
2005-06-22,13.007712364196777,240816
2005-06-23,13.052927017211914,341312
2005-06-24,13.111701011657715,488395
2005-06-27,12.989630699157715,327849
2005-06-28,13.22021198272705,159045
2005-06-29,13.292555809020996,75431
2005-06-30,13.256379127502441,335415
2005-07-01,13.310637474060059,199882
2005-07-04,13.247340202331543,148156
2005-07-05,13.292555809020996,297670
2005-07-06,13.505054473876953,666828
2005-07-07,13.247340202331543,560617
2005-07-08,13.627123832702637,554760
2005-07-11,14.119945526123047,393868
2005-07-12,14.318880081176758,310100
2005-07-13,13.979784965515137,451884
2005-07-14,14.23750114440918,443759
2005-07-15,14.355055809020996,257323
2005-07-18,14.336966514587402,178459
2005-07-19,14.56755256652832,236506
2005-07-20,14.712235450744629,279557
2005-07-21,14.90212631225586,265924
2005-07-22,14.811701774597168,156943
2005-07-25,15.114628791809082,314939
2005-07-26,15.055849075317383,122880
2005-07-27,15.164361953735352,260182
2005-07-28,15.3497314453125,196805
2005-07-29,15.399469375610352,613939
2005-08-01,15.372339248657227,367164
2005-08-02,15.372339248657227,353782
2005-08-03,15.281916618347168,237960
2005-08-04,15.309041023254395,281036
2005-08-05,15.168885231018066,135988
2005-08-08,15.408507347106934,335483
2005-08-09,15.462770462036133,143034
2005-08-10,15.535109519958496,131593
2005-08-11,15.281916618347168,148045
2005-08-12,15.304521560668945,145270
2005-08-15,15.322603225708008,59513
2005-08-16,15.069413185119629,103669
2005-08-17,14.942817687988281,128508
2005-08-18,14.78457260131836,170976
2005-08-19,15.02872085571289,80411
2005-08-22,15.327125549316406,129041
2005-08-23,15.205053329467773,136447
2005-08-24,14.988032341003418,303329
2005-08-25,14.653459548950195,184606
2005-08-26,14.621807098388672,167860
2005-08-29,14.49973201751709,169740
2005-08-30,14.350533485412598,134344
2005-08-31,14.553986549377441,148068
2005-09-01,14.59015941619873,142362
2005-09-02,14.4680814743042,134702
2005-09-05,14.730319023132324,233733
2005-09-06,15.082979202270508,228225
2005-09-07,15.413032531738281,168734
2005-09-08,15.381382942199707,328794
2005-09-09,15.526061058044434,252935
2005-09-12,15.643614768981934,202446
2005-09-13,15.327125549316406,353726
2005-09-14,15.634572982788086,303784
2005-09-15,15.679790496826172,409898
2005-09-16,16.253990173339844,1218893
2005-09-19,16.005319595336914,458493
2005-09-20,16.4031925201416,406111
2005-09-21,16.538829803466797,422717
2005-09-22,17.022607803344727,1312866
2005-09-23,17.343616485595703,1172367
2005-09-26,16.8869686126709,2720413
2005-09-27,16.986433029174805,1650643
2005-09-28,17.316490173339844,1553567
2005-09-29,16.905052185058594,1157420
2005-09-30,17.17180824279785,509836
2005-10-03,17.293882369995117,211785
2005-10-04,18.085105895996094,760942
2005-10-05,17.343616485595703,973695
2005-10-06,16.905052185058594,321039
2005-10-07,16.782978057861328,585840
2005-10-10,16.493616104125977,250256
2005-10-11,16.493616104125977,281271
2005-10-12,16.294681549072266,315184
2005-10-13,16.03696632385254,270407
2005-10-14,16.03244400024414,325059
2005-10-17,15.910371780395508,312255
2005-10-18,15.90584945678711,235895
2005-10-19,15.706915855407715,512711
2005-10-20,15.715960502624512,224227
2005-10-21,15.467288970947266,271139
2005-10-24,15.607440948486328,276836
2005-10-25,15.467288970947266,149094
2005-10-26,15.74760627746582,249214
2005-10-27,15.205053329467773,254345
2005-10-28,15.006117820739746,232246
2005-10-31,15.327125549316406,214424
2005-11-01,15.259308815002441,151130
2005-11-02,15.281916618347168,171741
2005-11-03,15.36782169342041,228731
2005-11-04,15.214097023010254,179831
2005-11-07,15.584837913513184,241652
2005-11-08,15.711438179016113,243691
2005-11-09,15.480854988098145,164608
2005-11-10,14.98350715637207,144873
2005-11-11,15.281916618347168,335591
2005-11-14,15.046807289123535,247334
2005-11-15,14.90212631225586,392276
2005-11-16,14.820746421813965,353380
2005-11-17,14.67154312133789,495685
2005-11-18,14.648938179016113,185785
2005-11-21,14.816222190856934,347862
2005-11-22,14.626331329345703,291695
2005-11-23,14.4680814743042,150159
2005-11-24,14.486167907714844,774083
2005-11-25,14.4680814743042,236091
2005-11-28,14.495209693908691,263966
2005-11-29,14.680583953857422,247814
2005-11-30,14.716753959655762,275919
2005-12-01,15.07393741607666,377813
2005-12-02,15.236701965332031,402373
2005-12-05,15.3497314453125,246218
2005-12-06,15.345212936401367,294937
2005-12-07,15.331645965576172,257648
2005-12-08,15.36782169342041,147895
2005-12-09,15.304521560668945,336916
2005-12-12,15.168885231018066,242212
2005-12-13,15.010636329650879,224188
2005-12-14,14.965426445007324,408805
2005-12-15,14.956384658813477,126848
2005-12-16,14.843350410461426,235572
2005-12-19,14.847869873046875,173619
2005-12-20,14.716753959655762,149052
2005-12-21,14.626331329345703,168101
2005-12-22,14.553986549377441,137832
2005-12-23,14.526861190795898,98350
2005-12-26,14.526861190795898,0
2005-12-27,14.67154312133789,277129
2005-12-28,14.69866943359375,245232
2005-12-29,14.716753959655762,226745
2005-12-30,14.694147109985352,231560
2006-01-02,14.856913566589355,167464
2006-01-03,15.082979202270508,636558
2006-01-04,15.001596450805664,331213
2006-01-05,14.852391242980957,390607
2006-01-06,14.92021369934082,282966
2006-01-09,14.98350715637207,405195
2006-01-10,15.006117820739746,242207
2006-01-11,15.471810340881348,352528
2006-01-12,15.562231063842773,456071
2006-01-13,15.607440948486328,190919
2006-01-16,15.544146537780762,215060
2006-01-17,15.354253768920898,269637
2006-01-18,15.1734037399292,169064
2006-01-19,15.313559532165527,164213
2006-01-20,14.969947814941406,235136
2006-01-23,14.870476722717285,317603
2006-01-24,15.105584144592285,169051
2006-01-25,15.295476913452148,411037
2006-01-26,15.964624404907227,528356
2006-01-27,16.050533294677734,387550
2006-01-30,16.131914138793945,149670
2006-01-31,16.03244400024414,267877
2006-02-01,16.45744514465332,337711
2006-02-02,16.344417572021484,165890
2006-02-03,16.253990173339844,223019
2006-02-06,16.430313110351562,286592
2006-02-07,16.502660751342773,313455
2006-02-08,16.294681549072266,231918
2006-02-09,16.570480346679688,460815
2006-02-10,18.085105895996094,2005864
2006-02-13,18.898937225341797,1528244
2006-02-14,18.93962860107422,653346
2006-02-15,18.925424575805664,733685
2006-02-16,19.166780471801758,562565
2006-02-17,19.68134880065918,586721
2006-02-20,19.617595672607422,361100
2006-02-21,19.421781539916992,595092
2006-02-22,19.654024124145508,560436
2006-02-23,19.7177791595459,1148265
2006-02-24,19.786081314086914,358299
2006-02-27,19.968236923217773,276026
2006-02-28,19.69045639038086,543121
2006-03-01,19.32160186767578,707341
2006-03-02,18.6112117767334,733310
2006-03-03,18.652196884155273,375031
2006-03-06,19.043821334838867,397046
2006-03-07,18.96640968322754,242542
2006-03-08,18.488264083862305,227415
2006-03-09,18.574790954589844,559560
2006-03-10,18.679519653320312,285957
2006-03-13,18.766042709350586,186943
2006-03-14,19.276065826416016,337222
2006-03-15,19.51285743713379,390929
2006-03-16,19.430891036987305,271391
2006-03-17,19.276065826416016,640525
2006-03-20,19.649473190307617,717663
2006-03-21,19.476428985595703,269945
2006-03-22,20.264230728149414,550138
2006-03-23,20.250566482543945,458212
2006-03-24,20.510129928588867,243729
2006-03-27,20.355304718017578,363272
2006-03-28,20.355304718017578,0
2006-03-29,20.241456985473633,172914
2006-03-30,20.573884963989258,257758
2006-03-31,20.62397575378418,303051
2006-04-03,21.184091567993164,215564
2006-04-04,21.56660270690918,491413
2006-04-05,21.220518112182617,541477
2006-04-06,21.106678009033203,323989
2006-04-07,20.569332122802734,591817
2006-04-10,20.82889747619629,243835
2006-04-11,20.378076553344727,240666
2006-04-12,20.573884963989258,255803
2006-04-13,20.532901763916016,85674
2006-04-18,20.264230728149414,202259
2006-04-19,20.54656219482422,209383
2006-04-20,21.083904266357422,258145
2006-04-21,21.106678009033203,170764
2006-04-24,20.942739486694336,189744
2006-04-25,21.238740921020508,163226
2006-04-26,21.307037353515625,274187
2006-04-27,21.261503219604492,310197
2006-04-28,20.03654670715332,615874
2006-05-02,20.04109001159668,280887
2006-05-03,19.7177791595459,322473
2006-05-04,19.76930809020996,183253
2006-05-05,19.684986114501953,130366
2006-05-08,19.764623641967773,205964
2006-05-09,20.504802703857422,387755
2006-05-10,20.518857955932617,188248
2006-05-11,20.284622192382812,198117
2006-05-12,19.699037551879883,283242
2006-05-15,19.090028762817383,387545
2006-05-16,18.776161193847656,474329
2006-05-17,18.270214080810547,285023
2006-05-18,18.03597640991211,430339
2006-05-19,17.88607406616211,244311
2006-05-22,17.773639678955078,255964
2006-05-23,18.335796356201172,318728
2006-05-24,18.22336769104004,415782
2006-05-25,18.359224319458008,581606
2006-05-26,18.504451751708984,309126
2006-05-29,18.640302658081055,91085
2006-05-30,18.195262908935547,178395
2006-05-31,18.40138816833496,238240
2006-06-01,18.317060470581055,222342
2006-06-02,18.303003311157227,340659
2006-06-05,17.895442962646484,68243
2006-06-06,17.394180297851562,267000
2006-06-07,17.295806884765625,242913
2006-06-08,16.911663055419922,172602
2006-06-09,17.28643798828125,242332
2006-06-12,17.066255569458008,76870
2006-06-13,17.155263900756836,378218
2006-06-14,16.817970275878906,122029
2006-06-15,17.656524658203125,185255
2006-06-16,17.459766387939453,120379
2006-06-19,17.708053588867188,102870
2006-06-20,17.820486068725586,117171
2006-06-21,17.51129913330078,352642
2006-06-22,17.590938568115234,283723
2006-06-23,17.79706382751465,399279
2006-06-26,17.684633255004883,180591
2006-06-27,17.356704711914062,201826
2006-06-28,17.431655883789062,158734
2006-06-29,17.895442962646484,311184
2006-06-30,18.504451751708984,237330
2006-07-03,18.52787208557129,473662
2006-07-04,18.457603454589844,249101
2006-07-05,18.012556076049805,320577
2006-07-06,18.129676818847656,290220
2006-07-07,18.10625457763672,256264
2006-07-10,17.956344604492188,452505
2006-07-11,17.656524658203125,339931
2006-07-12,17.83922576904297,264770
2006-07-13,17.73147964477539,206181
2006-07-14,17.562828063964844,274360
2006-07-17,17.42228889465332,263770
2006-07-18,17.1927433013916,212363
2006-07-19,17.848594665527344,197265
2006-07-20,17.7783260345459,211616
2006-07-21,17.450401306152344,430551
2006-07-24,18.10625457763672,417953
2006-07-25,18.387332916259766,398246
2006-07-26,18.237422943115234,227686
2006-07-27,19.839580535888672,748144
2006-07-28,19.675615310668945,358735
2006-07-31,19.64750862121582,268136
2006-08-01,19.328950881958008,286447
2006-08-02,19.563186645507812,376243
2006-08-03,19.488231658935547,439161
2006-08-04,19.722463607788086,379426
2006-08-07,19.455434799194336,314911
2006-08-08,19.750572204589844,436569
2006-08-09,20.350208282470703,644587
2006-08-10,20.448589324951172,709281
2006-08-11,20.542280197143555,279888
2006-08-14,20.762460708618164,336002
2006-08-15,20.799938201904297,256674
2006-08-16,20.893630981445312,268868
2006-08-17,21.38551902770996,556517
2006-08-18,21.38551902770996,586282
2006-08-21,21.081018447875977,942376
2006-08-22,20.799938201904297,467945
2006-08-23,20.77182960510254,387487
2006-08-24,20.98263931274414,769937
2006-08-25,20.917055130004883,270926
2006-08-28,20.818675994873047,269052
2006-08-29,20.851469039916992,259374
2006-08-30,20.963903427124023,177357
2006-08-31,20.77182960510254,227214
2006-09-01,21.081018447875977,519029
2006-09-04,21.127870559692383,215996
2006-09-05,21.179401397705078,326047
2006-09-06,20.95921516418457,265367
2006-09-07,20.504802703857422,276458
2006-09-08,20.537595748901367,130947
2006-09-11,20.308048248291016,161205
2006-09-12,20.77182960510254,428418
2006-09-13,21.127870559692383,645433
2006-09-14,21.155969619750977,799227
2006-09-15,21.123178482055664,498809
2006-09-18,21.076335906982422,344021
2006-09-19,21.048221588134766,625643
2006-09-20,21.263715744018555,1017567
2006-09-21,21.610383987426758,647108
2006-09-22,21.151288986206055,441035
2006-09-25,21.362091064453125,345552
2006-09-26,21.50263786315918,429970
2006-09-27,21.89146614074707,673105
2006-09-28,21.92894172668457,289477
2006-09-29,21.853992462158203,818479
2006-10-02,21.872732162475586,388103
2006-10-03,21.938312530517578,644357
2006-10-04,22.299028396606445,1121643
2006-10-05,22.462995529174805,1054616
2006-10-06,22.462995529174805,492981
2006-10-09,22.43020248413086,221485
2006-10-10,22.5520076751709,677931
2006-10-11,22.462995529174805,519832
2006-10-12,22.48642349243164,499346
2006-10-13,22.50984001159668,453764
2006-10-16,22.50984001159668,443693
2006-10-17,22.275609970092773,659871
2006-10-18,22.612903594970703,954343
2006-10-19,23.44209861755371,1455947
2006-10-20,23.31560516357422,1004646
2006-10-23,23.52641487121582,998109
2006-10-24,23.77470588684082,691921
2006-10-25,24.219751358032227,987592
2006-10-26,24.54766845703125,1194179
2006-10-27,25.06298828125,1528790
2006-10-30,24.491456985473633,1471795
2006-10-31,24.24317169189453,1561062
2006-11-01,24.24317169189453,1290042
2006-11-02,24.360288619995117,1341795
2006-11-03,24.50082778930664,2759047
2006-11-06,25.06298828125,2811703
2006-11-07,25.36749267578125,2123361
2006-11-08,24.683530807495117,4685676
2006-11-09,24.786592483520508,2222478
2006-11-10,24.711637496948242,3190714
2006-11-13,24.781904220581055,3209961
2006-11-14,24.50082778930664,3909972
2006-11-15,25.8828067779541,8009250
2006-11-16,26.18731117248535,4359539
2006-11-17,24.505516052246094,3827833
2006-11-20,24.477407455444336,2825444
2006-11-21,24.636680603027344,1588729
2006-11-22,25.320646286010742,2768504
2006-11-23,25.3487491607666,1680730
2006-11-24,24.917766571044922,1812577
2006-11-27,24.430559158325195,3621111
2006-11-28,24.542993545532227,4264156
2006-11-29,25.437761306762695,6146713
2006-11-30,24.54766845703125,3099029
2006-12-01,24.31344223022461,2669738
2006-12-04,24.477407455444336,2190883
2006-12-05,24.59452247619629,1769319
2006-12-06,24.61794090270996,1960166
2006-12-07,24.899024963378906,2456849
2006-12-08,24.688213348388672,1467886
2006-12-11,25.142629623413086,2248397
2006-12-12,24.9505558013916,1545850
2006-12-13,25.437761306762695,2240326
2006-12-14,25.428396224975586,1121906
2006-12-15,25.320646286010742,1495191
2006-12-18,25.761003494262695,1881664
2006-12-19,25.892173767089844,1655183
2006-12-20,26.140464782714844,1863815
2006-12-21,26.234159469604492,1517826
2006-12-22,25.845333099365234,1536202
2006-12-27,26.16388511657715,1584773
2006-12-28,26.398120880126953,1665465
2006-12-29,26.491811752319336,1369908
2007-01-02,26.210729598999023,2317776
2007-01-03,26.37469482421875,3159012
2007-01-04,25.784425735473633,3578231
2007-01-05,26.421546936035156,3546457
2007-01-08,26.22946548461914,2910610
2007-01-09,25.789113998413086,2975147
2007-01-10,25.362808227539062,4355653
2007-01-11,25.50802993774414,1119695
2007-01-12,25.559566497802734,2184711
2007-01-15,26.051454544067383,2506952
2007-01-16,26.046772003173828,1782558
2007-01-17,26.023344039916992,2643558
2007-01-18,26.16388511657715,2976092
2007-01-19,26.327852249145508,2649622
2007-01-22,25.976499557495117,2339392
2007-01-23,26.08892822265625,3051528
2007-01-24,26.135778427124023,3048250
2007-01-25,26.042081832885742,3237346
2007-01-26,26.117040634155273,2850649
2007-01-29,26.41685676574707,2134198
2007-01-30,26.936857223510742,3112658
2007-01-31,26.60892677307129,2497643
2007-02-01,26.688575744628906,2319401
2007-02-02,26.60892677307129,2090541
2007-02-05,26.63235092163086,2357890
2007-02-06,26.59955596923828,2653272
2007-02-07,26.51523780822754,3060506
2007-02-08,26.4683895111084,3394973
2007-02-09,26.96027946472168,3797195
2007-02-12,26.866588592529297,3985484
2007-02-13,27.217939376831055,4209471
2007-02-14,28.061172485351562,6162528
2007-02-15,28.201719284057617,4336162
2007-02-16,28.028390884399414,4834570
2007-02-19,28.178295135498047,4117726
2007-02-20,30.450361251831055,10248182
2007-02-21,30.679914474487305,6315985
2007-02-22,30.68459129333496,8170706
2007-02-23,30.942243576049805,8593234
2007-02-26,31.082788467407227,9659047
2007-02-27,30.1973934173584,9788165
2007-02-28,31.223329544067383,12073411
2007-03-01,30.792346954345703,10616500
2007-03-02,30.801713943481445,12836980
2007-03-05,29.91629981994629,17534968
2007-03-06,30.82513427734375,17243382
2007-03-07,31.808917999267578,4435603
2007-03-08,33.308006286621094,5559531
2007-03-09,34.45106887817383,6035371
2007-03-12,34.7836799621582,7751568
2007-03-13,34.41359329223633,6432813
2007-03-14,34.05755615234375,7811227
2007-03-15,34.5728759765625,7788398
2007-03-16,35.06476593017578,8571673
2007-03-19,35.03197479248047,5807077
2007-03-20,35.58007049560547,4597860
2007-03-21,36.07195281982422,7016224
2007-03-22,37.00890350341797,5353529
2007-03-23,39.46366500854492,7770060
2007-03-26,35.96421432495117,11135122
2007-03-27,35.9548454284668,9283558
2007-03-28,35.369266510009766,9995108
2007-03-29,36.395198822021484,7781070
2007-03-30,36.086021423339844,5815555
2007-04-02,35.86115264892578,1980912
2007-04-03,36.02042770385742,1715678
2007-04-04,35.78619384765625,1507003
2007-04-05,35.28025436401367,3343188
2007-04-10,35.130348205566406,1104487
2007-04-11,34.8211555480957,1455425
2007-04-12,35.04133224487305,705040
2007-04-13,35.116294860839844,801036
2007-04-16,34.97575759887695,943637
2007-04-17,35.50043487548828,1435143
2007-04-18,35.69719314575195,835863
2007-04-19,35.49575424194336,602834
2007-04-20,35.753173828125,464107
2007-04-23,35.78654098510742,642562
2007-04-24,35.22879409790039,493452
2007-04-25,35.514808654785156,694217
2007-04-26,35.181121826171875,912093
2007-04-27,35.705501556396484,731205
2007-04-30,35.53388977050781,391494
2007-05-02,35.72932815551758,528664
2007-05-03,35.49575424194336,989348
2007-05-04,35.514808654785156,644293
2007-05-07,35.17158889770508,444163
2007-05-08,34.0036506652832,589745
2007-05-09,33.560306549072266,530098
2007-05-10,33.088375091552734,502891
2007-05-11,33.298126220703125,504887
2007-05-14,33.32195281982422,599690
2007-05-15,33.57461929321289,334907
2007-05-16,34.06085968017578,264540
2007-05-17,34.165733337402344,284330
2007-05-18,34.261077880859375,515015
2007-05-21,33.80820083618164,545716
2007-05-22,34.532798767089844,867115
2007-05-23,35.962928771972656,1270031
2007-05-24,35.138206481933594,579333
2007-05-25,34.637672424316406,646151
2007-05-29,34.995201110839844,815744
2007-05-30,34.69011306762695,535190
2007-05-31,34.885562896728516,511872
2007-06-01,35.23832702636719,386988
2007-06-04,35.633995056152344,602729
2007-06-05,35.657833099365234,450106
2007-06-06,34.837894439697266,646012
2007-06-07,34.165733337402344,340497
2007-06-08,34.11806106567383,539635
2007-06-11,33.8177375793457,313614
2007-06-12,34.05132293701172,479292
2007-06-13,34.39454650878906,274449
2007-06-14,34.532798767089844,303131
2007-06-15,35.17635726928711,879355
2007-06-18,35.633995056152344,291449
2007-06-19,35.514808654785156,221199
2007-06-20,35.82944869995117,544380
2007-06-21,35.204959869384766,299054
2007-06-22,35.10961151123047,411001
2007-06-25,35.37657165527344,527338
2007-06-26,35.59585189819336,522276
2007-06-27,35.28599548339844,225879
2007-06-28,36.30615234375,589350
2007-06-29,36.778099060058594,520568
2007-07-02,36.3156852722168,187162
2007-07-03,37.55513000488281,626992
2007-07-04,38.003238677978516,256547
2007-07-05,37.89360046386719,240171
2007-07-06,38.37506866455078,323949
2007-07-09,38.42751693725586,406950
2007-07-10,38.03660583496094,149618
2007-07-11,37.27864074707031,371136
2007-07-12,38.07951736450195,389173
2007-07-13,38.470401763916016,377590
2007-07-16,38.37030029296875,131116
2007-07-17,37.402584075927734,243491
2007-07-18,37.07842254638672,114117
2007-07-19,37.016448974609375,785395
2007-07-20,37.2262077331543,279256
2007-07-23,37.46455764770508,253620
2007-07-24,37.09273147583008,252211
2007-07-25,37.016448974609375,361491
2007-07-26,35.819915771484375,467015
2007-07-27,37.412113189697266,719868
2007-07-30,38.14148712158203,359658
2007-07-31,39.59068298339844,1510029
2007-08-01,39.93867492675781,469756
2007-08-02,40.73478317260742,556223
2007-08-03,41.24486541748047,535919
2007-08-06,41.46891403198242,1047265
2007-08-07,41.144752502441406,1214503
2007-08-08,40.949302673339844,543102
2007-08-09,40.93976974487305,870768
2007-08-10,40.520259857177734,1977785
2007-08-13,41.330665588378906,964459
2007-08-14,42.050506591796875,680861
2007-08-15,42.474769592285156,827837
2007-08-16,41.95039367675781,1237496
2007-08-17,41.9789924621582,1147288
2007-08-20,42.08864212036133,523822
2007-08-21,42.78463363647461,764802
2007-08-22,43.50446319580078,319426
2007-08-23,42.551048278808594,1016505
2007-08-24,42.474769592285156,417347
2007-08-27,42.794158935546875,95558
2007-08-28,42.19351577758789,247788
2007-08-29,42.169673919677734,326836
2007-08-30,42.44139862060547,382340
2007-08-31,43.78572463989258,400241
2007-09-03,45.2921257019043,239943
2007-09-04,45.282588958740234,369906
2007-09-05,44.42927932739258,634026
2007-09-06,44.33393859863281,503857
2007-09-07,43.80955123901367,508893
2007-09-10,43.80955123901367,0
2007-09-11,44.16231918334961,267761
2007-09-12,44.16231918334961,180407
2007-09-13,44.83447265625,296365
2007-09-14,44.767738342285156,396397
2007-09-17,44.262428283691406,83751
2007-09-18,44.56275177001953,212208
2007-09-19,44.696231842041016,198695
2007-09-20,44.84401321411133,263728
2007-09-21,45.287349700927734,413240
2007-09-24,45.168174743652344,215975
2007-09-25,45.02992248535156,367328
2007-09-26,45.2921257019043,185026
2007-09-27,45.57337951660156,156070
2007-09-28,46.002403259277344,351269
2007-10-01,46.641212463378906,225601
2007-10-02,46.641212463378906,0
2007-10-03,46.51726150512695,229819
2007-10-04,47.284767150878906,435533
2007-10-05,50.173606872558594,975762
2007-10-08,51.00784683227539,494022
2007-10-09,51.57513427734375,653408
2007-10-10,52.24253845214844,659591
2007-10-11,54.21134948730469,735116
2007-10-12,54.025428771972656,434162
2007-10-15,53.28176498413086,489630
2007-10-16,52.29020690917969,817756
2007-10-17,52.29020690917969,0
2007-10-18,51.77058792114258,387218
2007-10-19,52.48089599609375,542704
2007-10-22,52.78122329711914,515839
2007-10-23,51.41306686401367,2171347
2007-10-24,52.895633697509766,1329786
2007-10-25,53.25315856933594,751368
2007-10-26,56.06096649169922,2072599
2007-10-29,58.048851013183594,1682962
2007-10-30,59.82698440551758,1602046
2007-10-31,62.448883056640625,2137757
2007-11-01,60.675514221191406,1317605
2007-11-02,59.655357360839844,467331
2007-11-05,58.563697814941406,486941
2007-11-06,59.0356330871582,298907
2007-11-07,57.939208984375,412504
2007-11-08,57.643646240234375,606510
2007-11-09,55.58905029296875,599495
2007-11-12,55.4698486328125,305161
2007-11-13,54.28285598754883,508182
2007-11-14,55.29824447631836,735502
2007-11-15,54.34959411621094,387326
2007-11-16,52.87655258178711,530874
2007-11-19,49.28217315673828,1497411
2007-11-20,49.568199157714844,747604
2007-11-21,47.933082580566406,672903
2007-11-22,48.1190071105957,276138
2007-11-23,47.971221923828125,237659
2007-11-26,47.971221923828125,0
2007-11-27,46.92246627807617,464989
2007-11-28,48.19050598144531,530509
2007-11-29,48.295379638671875,234059
2007-11-30,49.429954528808594,437784
2007-12-03,49.01044845581055,257298
2007-12-04,47.47544860839844,417363
2007-12-05,47.461143493652344,397079
2007-12-06,46.73653793334961,184430
2007-12-07,46.49818801879883,302613
2007-12-10,46.51250076293945,270918
2007-12-11,47.72333526611328,537502
2007-12-12,47.57555389404297,211208
2007-12-13,47.27999496459961,278031
2007-12-14,46.870025634765625,307442
2007-12-17,46.417144775390625,305458
2007-12-18,46.417144775390625,0
2007-12-19,47.02733612060547,576626
2007-12-20,47.49928283691406,163183
2007-12-21,49.167762756347656,156624
2007-12-27,47.50881576538086,102354
2007-12-28,47.67090606689453,46168
2008-01-02,47.26569366455078,82275
2008-01-03,46.0262451171875,98965
2008-01-04,44.85831069946289,569697
2008-01-07,44.619956970214844,271650
2008-01-08,45.12049865722656,298279
2008-01-09,44.76297378540039,470112
2008-01-10,44.48648452758789,482538
2008-01-11,45.29689025878906,477256
2008-01-14,45.902305603027344,281166
2008-01-15,44.81064224243164,534014
2008-01-16,45.106204986572266,548148
2008-01-17,44.6485710144043,421210
2008-01-18,43.609344482421875,457599
2008-01-21,42.90380859375,585248
2008-01-22,43.68561553955078,825263
2008-01-23,42.52243423461914,472570
2008-01-24,45.33979415893555,700918
2008-01-25,45.33502960205078,599952
2008-01-28,45.930904388427734,271144
2008-01-29,45.57337951660156,238134
2008-01-30,44.35300064086914,311201
2008-01-31,44.28627014160156,388400
2008-02-01,44.619956970214844,361392
2008-02-04,43.97640609741211,171808
2008-02-05,42.865657806396484,396473
2008-02-06,43.49493408203125,332790
2008-02-07,42.970550537109375,339151
2008-02-08,42.841835021972656,279460
2008-02-11,42.832305908203125,379723
2008-02-12,44.0002326965332,348061
2008-02-13,43.95732879638672,255419
2008-02-14,43.76189041137695,333065
2008-02-15,43.16600799560547,284111
2008-02-18,44.19568634033203,151022
2008-02-19,44.028839111328125,178196
2008-02-20,43.49493408203125,195228
2008-02-21,43.881065368652344,488907
2008-02-22,44.33393859863281,328508
2008-02-25,44.005008697509766,259137
2008-02-26,43.85722351074219,387443
2008-02-27,44.16708755493164,348352
2008-02-28,43.747581481933594,294429
2008-02-29,43.823856353759766,525724
2008-03-03,45.08237075805664,595884
2008-03-04,43.93349075317383,756125
2008-03-05,45.23491287231445,290959
2008-03-06,44.45310592651367,217958
2008-03-07,44.372066497802734,194756
2008-03-10,44.57229232788086,527359
2008-03-11,44.70576858520508,174084
2008-03-12,44.82017135620117,259838
2008-03-13,44.772499084472656,521343
2008-03-14,44.86308288574219,322563
2008-03-17,45.31118392944336,1084198
2008-03-18,48.605255126953125,1954114
2008-03-19,49.396575927734375,1494423
2008-03-20,49.33938980102539,1085992
2008-03-25,50.578819274902344,498601
2008-03-26,51.389217376708984,507263
2008-03-27,51.17947006225586,653705
2008-03-28,50.55975341796875,600799
2008-03-31,50.173606872558594,587233
2008-04-01,49.47285842895508,494094
2008-04-02,48.60048294067383,348630
2008-04-03,49.19636535644531,295121
2008-04-04,50.29279708862305,385811
2008-04-07,50.29279708862305,363815
2008-04-08,50.36906433105469,129181
2008-04-09,50.84101486206055,257170
2008-04-10,50.88868713378906,375143
2008-04-11,50.53115463256836,446671
2008-04-14,50.149784088134766,498434
2008-04-15,50.00677490234375,467308
2008-04-16,50.37384033203125,460553
2008-04-17,50.62649917602539,215237
2008-04-18,50.516849517822266,496328
2008-04-21,50.721839904785156,291233
2008-04-22,51.62757873535156,717132
2008-04-23,50.29279708862305,497716
2008-04-24,49.24880599975586,276062
2008-04-25,49.540069580078125,291445
2008-04-28,50.006099700927734,149029
2008-04-29,50.89447784423828,339276
2008-04-30,51.4527473449707,301071
2008-05-02,51.977020263671875,190241
2008-05-05,51.67119598388672,64461
2008-05-06,50.78767395019531,142270
2008-05-07,50.214847564697266,97298
2008-05-08,50.685726165771484,276956
2008-05-09,50.36049270629883,199803
2008-05-12,50.31678771972656,58867
2008-05-13,50.28281021118164,93404
2008-05-14,50.83622360229492,294926
2008-05-15,49.87018585205078,255201
2008-05-16,50.05464553833008,454800
2008-05-19,51.79740905761719,416497
2008-05-20,50.16144943237305,156248
2008-05-21,49.63716506958008,198603
2008-05-22,49.219669342041016,277649
2008-05-23,48.253623962402344,271708
2008-05-26,47.47692108154297,119532
2008-05-27,47.69536590576172,309353
2008-05-28,47.81673049926758,238976
2008-05-29,47.37982940673828,221231
2008-05-30,47.31186294555664,152885
2008-06-02,46.25358581542969,146592
2008-06-03,45.95746994018555,128451
2008-06-04,45.4428825378418,305601
2008-06-05,45.28754425048828,538249
2008-06-06,45.219581604003906,459788
2008-06-09,45.739013671875,214361
2008-06-10,45.78754425048828,127253
2008-06-11,44.68558120727539,152420
2008-06-12,44.87976837158203,174035
2008-06-13,44.89918518066406,166202
2008-06-16,44.748687744140625,145522
2008-06-17,46.239013671875,257860
2008-06-18,46.65650939941406,413008
2008-06-19,47.209922790527344,207984
2008-06-20,46.60795974731445,271206
2008-06-23,46.17105484008789,410383
2008-06-24,45.141902923583984,258547
2008-06-25,46.025413513183594,319948
2008-06-26,44.738975524902344,369429
2008-06-27,44.510826110839844,371686
2008-06-30,44.675872802734375,889381
2008-07-01,44.51567840576172,766000
2008-07-02,44.272953033447266,438481
2008-07-03,43.981685638427734,577309
2008-07-04,43.321468353271484,256283
2008-07-07,43.15642166137695,335112
2008-07-08,42.47679901123047,948569
2008-07-09,42.60300064086914,311675
2008-07-10,41.45734405517578,706566
2008-07-11,41.16607666015625,1430628
2008-07-14,41.302001953125,605163
2008-07-15,41.62239074707031,464038
2008-07-16,44.53995132446289,766621
2008-07-17,45.17103958129883,567051
2008-07-18,46.11765670776367,214640
2008-07-21,46.76815414428711,89613
2008-07-22,47.40409851074219,226422
2008-07-23,49.46725845336914,470895
2008-07-24,47.583717346191406,367522
2008-07-25,47.96236038208008,235138
2008-07-28,48.03518295288086,592787
2008-07-29,48.253623962402344,513494
2008-07-30,48.29246139526367,375949
2008-07-31,48.7293701171875,844203
2008-08-01,47.58857345581055,298411
2008-08-04,46.93321990966797,332235
2008-08-05,47.80701446533203,386510
2008-08-06,48.05459213256836,344945
2008-08-07,48.87501907348633,408483
2008-08-08,50.010963439941406,394459
2008-08-11,51.146915435791016,146363
2008-08-12,51.87022399902344,288674
2008-08-13,50.72943115234375,268094
2008-08-14,50.82651901245117,155176
2008-08-15,50.70515441894531,207386
2008-08-18,50.302223205566406,97812
2008-08-19,49.97697830200195,181483
2008-08-20,50.006099700927734,179947
2008-08-21,49.70026779174805,124216
2008-08-22,50.35077667236328,126370
2008-08-25,50.214847564697266,63767
2008-08-26,50.60807418823242,86876
2008-08-27,50.263397216796875,158941
2008-08-28,50.87990951538086,116526
2008-08-29,51.1177864074707,133745
2008-09-01,51.50128936767578,38072
2008-09-02,51.72459030151367,208753
2008-09-03,50.98670196533203,268960
2008-09-04,50.2585334777832,459422
2008-09-05,50.09833908081055,527628
2008-09-08,51.093502044677734,354777
2008-09-09,50.24398422241211,623458
2008-09-10,49.95269775390625,546768
2008-09-11,50.37018585205078,432713
2008-09-12,50.962440490722656,168173
2008-09-15,47.82157897949219,1017924
2008-09-16,49.297340393066406,1096004
2008-09-17,52.06440734863281,1322310
2008-09-18,50.3847541809082,1937874
2008-09-19,48.5449104309082,2289508
2008-09-22,46.6759147644043,414523
2008-09-23,46.845821380615234,1389149
2008-09-24,45.38462829589844,1026164
2008-09-25,45.58366394042969,1032288
2008-09-26,43.180686950683594,809813
2008-09-29,40.704898834228516,1790556
2008-09-30,42.73407745361328,901241
2008-10-01,41.4039421081543,700634
2008-10-02,40.04469299316406,623285
2008-10-03,40.75343704223633,336300
2008-10-06,38.89902877807617,622831
2008-10-07,38.49610900878906,1491008
2008-10-08,36.656253814697266,1025980
2008-10-09,34.46688461303711,428318
2008-10-10,37.47666931152344,1457933
2008-10-13,37.865028381347656,716566
2008-10-14,38.525238037109375,483734
2008-10-15,40.80198287963867,1393892
2008-10-16,38.51552963256836,682595
2008-10-17,37.35530090332031,407640
2008-10-20,35.4863166809082,457881
2008-10-21,33.99114227294922,786216
2008-10-22,31.326025009155273,533578
2008-10-23,25.83559799194336,493740
2008-10-24,21.476266860961914,493423
2008-10-27,18.39366340637207,744304
2008-10-28,22.015108108520508,2686535
2008-10-29,19.38397979736328,1181848
2008-10-30,20.53449058532715,775492
2008-10-31,23.544275283813477,2160698
2008-11-03,19.11212730407715,1525317
2008-11-04,20.00050163269043,999507
2008-11-05,19.898555755615234,560635
2008-11-06,18.45191764831543,307241
2008-11-07,17.291690826416016,352671
2008-11-10,17.573253631591797,681630
2008-11-11,16.04408836364746,296889
2008-11-12,14.223653793334961,522651
2008-11-13,16.11205291748047,458827
2008-11-14,16.97615623474121,389372
2008-11-17,15.286786079406738,271040
2008-11-18,15.655726432800293,335613
2008-11-19,16.42273712158203,235095
2008-11-20,15.607183456420898,208801
2008-11-21,16.107194900512695,429567
2008-11-24,17.024696350097656,273628
2008-11-25,16.330507278442383,500605
2008-11-26,16.40817642211914,440856
2008-11-27,16.243122100830078,255830
2008-11-28,15.534369468688965,260994
2008-12-01,14.544050216674805,258644
2008-12-02,14.72366714477539,455593
2008-12-03,14.82561206817627,144584
2008-12-04,15.238240242004395,380117
2008-12-05,14.48094367980957,226870
2008-12-08,15.048918724060059,128897
2008-12-09,14.82561206817627,157307
2008-12-10,14.864448547363281,251923
2008-12-11,16.869356155395508,628077
2008-12-12,17.112077713012695,446919
2008-12-15,16.505266189575195,131442
2008-12-16,16.107194900512695,308334
2008-12-17,17.466459274291992,651183
2008-12-18,18.689788818359375,769061
2008-12-19,18.689788818359375,466418
2008-12-22,18.689788818359375,421074
2008-12-23,17.84025001525879,272755
2008-12-29,17.89850425720215,145644
2008-12-30,18.456769943237305,150153
2009-01-02,19.782047271728516,218715
2009-01-05,20.146133422851562,209067
2009-01-06,21.141305923461914,288578
2009-01-07,19.587862014770508,361893
2009-01-08,19.83059310913086,412697
2009-01-09,20.06846046447754,312908
2009-01-12,18.947071075439453,166558
2009-01-13,18.684934616088867,262963
2009-01-14,18.490751266479492,156259
2009-01-15,18.64124870300293,294152
2009-01-16,18.23346519470215,210694
2009-01-19,17.96161460876465,183926
2009-01-20,18.15579605102539,202240
2009-01-21,18.320846557617188,206328
2009-01-22,17.233442306518555,342584
2009-01-23,16.519826889038086,202540
2009-01-26,16.69459342956543,162580
2009-01-27,17.04897117614746,143176
2009-01-28,18.621828079223633,268595
2009-01-29,18.849987030029297,175749
2009-01-30,18.81114959716797,330777
2009-02-02,17.592674255371094,217917
2009-02-03,17.43733024597168,210250
2009-02-04,17.883943557739258,182653
2009-02-05,17.616943359375,121230
2009-02-06,18.447063446044922,210089
2009-02-09,18.96649169921875,253766
2009-02-10,17.67034339904785,242658
2009-02-11,17.67034339904785,146826
2009-02-12,17.272275924682617,131996
2009-02-13,17.96161460876465,213685
2009-02-16,18.325700759887695,181369
2009-02-17,18.05870246887207,114025
2009-02-18,18.767459869384766,345098
2009-02-19,18.646095275878906,180436
2009-02-20,17.835397720336914,129647
2009-02-23,17.500436782836914,221632
2009-02-24,16.74799346923828,218932
2009-02-25,16.801389694213867,201670
2009-02-26,17.417909622192383,236785
2009-02-27,17.291690826416016,275736
2009-03-02,16.616920471191406,283729
2009-03-03,16.985857009887695,337292
2009-03-04,17.665489196777344,293383
2009-03-05,16.019817352294922,245633
2009-03-06,15.286786079406738,118627
2009-03-09,14.679977416992188,281172
2009-03-10,15.092610359191895,376053
2009-03-11,17.281982421875,931394
2009-03-12,17.631511688232422,408022
2009-03-13,17.665489196777344,275563
2009-03-16,17.845108032226562,256645
2009-03-17,17.335378646850586,404532
2009-03-18,16.97615623474121,327021
2009-03-19,17.60723304748535,487140
2009-03-20,17.18489646911621,566692
2009-03-23,17.136350631713867,265088
2009-03-24,17.476167678833008,165962
2009-03-25,18.495609283447266,622576
2009-03-26,19.699522018432617,1156700
2009-03-27,21.45684242248535,922181
2009-03-30,20.146133422851562,716480
2009-03-31,21.03936195373535,409992
2009-04-01,22.33065414428711,417670
2009-04-02,23.85011100769043,562002
2009-04-03,23.005430221557617,581144
2009-04-06,24.1025447845459,630940
2009-04-07,25.277332305908203,672813
2009-04-08,25.432676315307617,470750
2009-04-09,26.97640037536621,430038
2009-04-14,27.33077621459961,469682
2009-04-15,25.31616973876953,907131
2009-04-16,26.010353088378906,682436
2009-04-17,27.18514633178711,471908
2009-04-20,26.60260581970215,315477
2009-04-21,25.243349075317383,407206
2009-04-22,26.52493667602539,334768
2009-04-23,25.5685977935791,579459
2009-04-24,25.724998474121094,647339
2009-04-27,24.514175415039062,448155
2009-04-28,23.3790225982666,627451
2009-04-29,22.753427505493164,490032
2009-04-30,24.216514587402344,655906
2009-05-04,22.914878845214844,576123
2009-05-05,23.3790225982666,366508
2009-05-06,22.975419998168945,432319
2009-05-07,23.31848907470703,1153777
2009-05-08,22.914878845214844,612852
2009-05-11,21.083498001098633,886148
2009-05-12,21.44170570373535,479314
2009-05-13,21.45179557800293,470127
2009-05-14,22.677753448486328,540966
2009-05-15,24.29218864440918,399874
2009-05-18,23.79271697998047,261420
2009-05-19,24.79669761657715,382997
2009-05-20,24.97327995300293,293082
2009-05-21,24.721023559570312,41892
2009-05-22,25.265893936157227,160804
2009-05-25,24.721023559570312,124908
2009-05-26,24.917781829833984,195938
2009-05-27,24.922828674316406,158453
2009-05-28,24.872377395629883,111872
2009-05-29,25.467697143554688,307037
2009-06-01,27.394922256469727,146155
2009-06-02,26.56248664855957,152858
2009-06-03,25.34156608581543,184340
2009-06-04,26.390958786010742,212488
2009-06-05,27.092222213745117,419528
2009-06-08,26.789512634277344,193243
2009-06-09,26.486806869506836,197575
2009-06-10,26.683570861816406,164208
2009-06-11,26.486806869506836,225183
2009-06-12,26.360679626464844,146991
2009-06-15,25.624094009399414,153275
2009-06-16,24.428407669067383,363743
2009-06-17,23.500106811523438,348273
2009-06-18,24.191282272338867,273995
2009-06-19,24.10047149658203,185628
2009-06-22,23.500106811523438,165100
2009-06-23,24.009660720825195,118392
2009-06-24,23.96426010131836,370788
2009-06-25,24.26696014404297,242449
2009-06-26,24.06011390686035,280134
2009-06-29,24.312368392944336,356007
2009-06-30,25.104450225830078,546841
2009-07-01,24.791656494140625,270939
2009-07-02,25.245712280273438,293329
2009-07-03,25.074180603027344,136439
2009-07-06,25.270936965942383,87339
2009-07-07,24.872377395629883,156840
2009-07-08,24.771474838256836,303976
2009-07-09,25.73004150390625,239688
2009-07-10,25.629140853881836,225865
2009-07-13,26.839963912963867,266608
2009-07-14,28.197099685668945,728590
2009-07-15,29.27170181274414,465525
2009-07-16,29.256572723388672,583842
2009-07-17,28.429170608520508,353823
2009-07-20,26.57762336730957,681433
2009-07-21,27.092222213745117,389316
2009-07-22,27.066997528076172,288476
2009-07-23,26.991321563720703,1282602
2009-07-24,28.73188018798828,922843
2009-07-27,28.454404830932617,593011
2009-07-28,27.748085021972656,670108
2009-07-29,27.596736907958984,230339
2009-07-30,27.56141471862793,475878
2009-07-31,27.7430419921875,264442
2009-08-03,28.570444107055664,305466
2009-08-04,28.570444107055664,369169
2009-08-05,28.762149810791016,351899
2009-08-06,29.478559494018555,229406
2009-08-07,29.488645553588867,220513
2009-08-10,29.085041046142578,199390
2009-08-11,28.595664978027344,255968
2009-08-12,29.412981033325195,206358
2009-08-13,30.341270446777344,278093
2009-08-14,28.575481414794922,1532871
2009-08-17,28.878183364868164,626515
2009-08-18,30.018383026123047,472311
2009-08-19,34.51861572265625,1866834
2009-08-20,31.78416633605957,1529691
2009-08-21,31.632822036743164,530616
2009-08-24,31.48146629333496,332215
2009-08-25,31.78416633605957,604029
2009-08-26,31.289752960205078,304777
2009-08-27,31.78416633605957,280569
2009-08-28,32.571205139160156,557581
2009-08-31,33.03031539916992,321515
2009-09-01,33.09085464477539,665283
2009-09-02,33.075721740722656,352208
2009-09-03,33.57518768310547,235140
2009-09-04,33.27247619628906,349018
2009-09-07,33.17158126831055,206864
2009-09-08,32.73265075683594,179165
2009-09-09,32.66706085205078,203757
2009-09-10,32.28868865966797,267819
2009-09-11,33.802215576171875,444124
2009-09-14,34.79104995727539,657883
2009-09-15,36.06746292114258,575815
2009-09-16,37.96442413330078,927905
2009-09-17,37.56585693359375,364635
2009-09-18,36.49125671386719,603741
2009-09-21,34.93735885620117,488002
2009-09-22,34.76078796386719,291762
2009-09-23,35.5680046081543,468576
2009-09-24,36.47107696533203,389996
2009-09-25,37.98965072631836,483039
2009-09-28,37.98965072631836,315756
2009-09-29,39.377052307128906,575158
2009-09-30,40.15400695800781,632986
2009-10-01,38.34784698486328,325431
2009-10-02,37.63649368286133,522512
2009-10-05,38.3226318359375,256699
2009-10-06,39.98247146606445,533649
2009-10-07,40.6786994934082,304043
2009-10-08,41.22861099243164,588046
2009-10-09,40.20446014404297,452298
2009-10-12,38.973453521728516,426094
2009-10-13,39.28120040893555,420525
2009-10-14,38.6303825378418,613678
2009-10-15,39.28623962402344,350771
2009-10-16,36.82927703857422,1105647
2009-10-19,37.33378219604492,510619
2009-10-20,35.97665023803711,744641
2009-10-21,36.693058013916016,330226
2009-10-22,36.8545036315918,214342
2009-10-23,37.00080871582031,161914
2009-10-26,36.20873260498047,212454
2009-10-27,34.68006134033203,504584
2009-10-28,32.9647216796875,788328
2009-10-29,35.31575012207031,861671
2009-10-30,34.140235900878906,518932
2009-11-02,33.802215576171875,331995
2009-11-03,33.44905090332031,391917
2009-11-04,33.9586181640625,358595
2009-11-05,34.357177734375,397081
2009-11-06,35.14925765991211,446499
2009-11-09,36.0725212097168,504134
2009-11-10,30.38163185119629,11305685
2009-11-11,30.608661651611328,3706122
2009-11-12,30.28577423095703,1210187
2009-11-13,30.396772384643555,1350700
2009-11-16,31.506694793701172,1060170
2009-11-17,31.2039852142334,738766
2009-11-18,31.087947845458984,722601
2009-11-19,30.876049041748047,622768
2009-11-20,29.0144100189209,2041870
2009-11-23,29.877126693725586,1211329
2009-11-24,29.064857482910156,1834333
2009-11-25,28.858013153076172,1148754
2009-11-26,27.011493682861328,1945997
2009-11-27,27.495830535888672,2133771
2009-11-30,28.504854202270508,1494141
2009-12-01,30.018383026123047,2013847
2009-12-02,31.092988967895508,1284503
2009-12-03,31.632822036743164,1602103
2009-12-04,32.03643035888672,1066700
2009-12-07,32.55607986450195,816116
2009-12-08,32.339134216308594,1372285
2009-12-09,32.08182907104492,1145584
2009-12-10,32.79319381713867,696737
2009-12-11,33.615543365478516,1474440
2009-12-14,34.246185302734375,1052708
2009-12-15,34.407623291015625,710435
2009-12-16,34.548885345458984,855984
2009-12-17,33.41374206542969,765928
2009-12-18,33.27247619628906,1989592
2009-12-21,33.50960159301758,1119978
2009-12-22,33.04544448852539,3916729
2009-12-23,32.107059478759766,1991306
2009-12-28,32.545982360839844,528327
2009-12-29,33.11104202270508,407906
2009-12-30,33.166534423828125,341455
2010-01-04,32.54093933105469,906136
2010-01-05,31.910301208496094,893352
2010-01-06,32.79319381713867,1202268
2010-01-07,33.17158126831055,1108024
2010-01-08,33.52977752685547,937837
2010-01-11,33.7769889831543,1039764
2010-01-12,32.89409637451172,929321
2010-01-13,32.03643035888672,1514888
2010-01-14,32.03643035888672,843756
2010-01-15,31.007221221923828,1014838
2010-01-18,31.092988967895508,620670
2010-01-19,30.623790740966797,2011495
2010-01-20,30.018383026123047,1119812
2010-01-21,29.286848068237305,982532
2010-01-22,28.711698532104492,1598508
2010-01-25,28.832780838012695,945953
2010-01-26,29.160717010498047,881033
2010-01-27,28.348459243774414,1288990
2010-01-28,28.504854202270508,1399942
2010-01-29,29.56431770324707,1324735
2010-02-01,30.58342742919922,1364492
2010-02-02,30.795324325561523,1557896
2010-02-03,31.027408599853516,1860825
2010-02-04,30.573347091674805,1486078
2010-02-05,29.8872127532959,1732544
2010-02-08,29.58954429626465,1244453
2010-02-09,28.96900749206543,1081923
2010-02-10,29.71567726135254,880932
2010-02-11,28.832780838012695,1290254
2010-02-12,28.282867431640625,1501233
2010-02-15,28.16683006286621,377769
2010-02-16,28.570444107055664,469004
2010-02-17,29.816577911376953,1329044
2010-02-18,29.978025436401367,1051954
2010-02-19,30.341270446777344,884831
2010-02-22,30.906322479248047,1062794
2010-02-23,30.61875343322754,1010299
2010-02-24,31.10812759399414,846146
2010-02-25,30.563255310058594,783563
2010-02-26,30.16973876953125,1370712
2010-03-01,30.421998977661133,1093822
2010-03-02,30.623790740966797,736259
2010-03-03,31.335161209106445,790599
2010-03-04,30.97695541381836,759720
2010-03-05,31.985973358154297,1578788
2010-03-08,32.60652542114258,1286859
2010-03-09,32.09696960449219,953820
2010-03-10,32.16255187988281,1022910
2010-03-11,34.64978790283203,3038908
2010-03-12,35.310699462890625,3592554
2010-03-15,34.73051071166992,861932
2010-03-16,35.51754379272461,595133
2010-03-17,36.04728317260742,853063
2010-03-18,36.062416076660156,829312
2010-03-19,36.405494689941406,2100372
2010-03-22,36.804054260253906,917303
2010-03-23,34.558982849121094,5932316
2010-03-24,34.8162841796875,2582016
2010-03-25,33.585269927978516,3597575
2010-03-26,34.912139892578125,3819854
2010-03-29,34.98277282714844,1397643
2010-03-30,34.26131820678711,2368359
2010-03-31,34.46232986450195,5337403
2010-04-01,35.2845458984375,2340739
2010-04-06,36.09661865234375,2923421
2010-04-07,35.85807418823242,1992896
2010-04-08,34.96987533569336,2053242
2010-04-09,34.86835861206055,3643537
2010-04-12,34.61458969116211,882985
2010-04-13,34.259307861328125,1759274
2010-04-14,35.37083053588867,2308901
2010-04-15,35.7311897277832,1769359
2010-04-16,35.99510955810547,3355402
2010-04-19,35.52816390991211,1383434
2010-04-20,36.79702377319336,2147833
2010-04-21,38.19786071777344,5870166
2010-04-22,38.664798736572266,3031525
2010-04-23,38.1199951171875,2157109
2010-04-26,38.13557815551758,1288504
2010-04-27,36.85920715332031,1486819
2010-04-28,35.59320068359375,3262441
2010-04-29,37.57002639770508,2078287
2010-04-30,37.63747787475586,1380304
2010-05-03,38.062931060791016,784802
2010-05-04,36.402610778808594,1873281
2010-05-05,35.63471221923828,2723909
2010-05-06,35.909706115722656,1965272
2010-05-07,34.92388153076172,3129509
2010-05-10,36.7191047668457,2168346
2010-05-11,36.786556243896484,1357198
2010-05-12,37.56483840942383,1175277
2010-05-13,37.80350875854492,1202186
2010-05-14,36.90071105957031,1555108
2010-05-17,36.08092498779297,1334878
2010-05-18,36.90071105957031,1149089
2010-05-19,35.83705520629883,1713647
2010-05-20,34.50360870361328,2868822
2010-05-21,34.270137786865234,2613062
2010-05-24,35.364906311035156,1145072
2010-05-25,34.270137786865234,1321851
2010-05-26,36.153564453125,1676779
2010-05-27,36.589393615722656,1146735
2010-05-28,36.412986755371094,973556
2010-05-31,37.21720886230469,534387
2010-06-01,37.54408645629883,1087511
2010-06-02,37.378047943115234,960127
2010-06-03,37.50776290893555,1040396
2010-06-04,36.33515930175781,1113456
2010-06-07,36.29365158081055,811751
2010-06-08,35.894134521484375,1162166
2010-06-09,36.480430603027344,944419
2010-06-10,37.466251373291016,1193851
2010-06-11,37.450687408447266,1095660
2010-06-14,37.414363861083984,778376
2010-06-15,37.49738693237305,813130
2010-06-16,37.5855827331543,1423200
2010-06-17,39.017608642578125,1617848
2010-06-18,39.30299377441406,2497765
2010-06-21,40.330318450927734,1238567
2010-06-22,39.76995849609375,991092
2010-06-23,39.852962493896484,564819
2010-06-24,40.070892333984375,897666
2010-06-25,38.950164794921875,1255011
2010-06-28,39.40157699584961,590654
2010-06-29,38.09925842285156,1233377
2010-06-30,37.5544548034668,1153137
2010-07-01,36.30402374267578,1475203
2010-07-02,36.35591506958008,704130
2010-07-05,36.3195915222168,387599
2010-07-06,37.035606384277344,665857
2010-07-07,36.96296310424805,767184
2010-07-08,36.96815872192383,756306
2010-07-09,37.419559478759766,535715
2010-07-12,37.990291595458984,852286
2010-07-13,39.95155715942383,1475261
2010-07-14,40.107208251953125,900304
2010-07-15,39.33930206298828,931175
2010-07-16,39.43269348144531,1099127
2010-07-19,38.72187423706055,756853
2010-07-20,38.49358367919922,661078
2010-07-21,39.152523040771484,810358
2010-07-22,40.84397506713867,1442732
2010-07-23,41.12934112548828,934750
2010-07-26,41.482154846191406,597908
2010-07-27,40.82841110229492,842114
2010-07-28,40.776519775390625,873055
2010-07-29,42.02177047729492,2518310
2010-07-30,42.18779754638672,1232564
2010-08-02,43.842933654785156,1820903
2010-08-03,43.23069381713867,1182353
2010-08-04,42.483551025390625,1031223
2010-08-05,42.286380767822266,882594
2010-08-06,41.378395080566406,916331
2010-08-09,41.7000846862793,815328
2010-08-10,41.49253463745117,783517
2010-08-11,40.506717681884766,926312
2010-08-12,40.434085845947266,1080909
2010-08-13,39.96192932128906,820630
2010-08-16,40.26285934448242,429767
2010-08-17,40.78171920776367,628193
2010-08-18,40.4859733581543,857540
2010-08-19,40.77134323120117,786042
2010-08-20,40.91661834716797,783781
2010-08-23,41.451026916503906,690769
2010-08-24,41.030765533447266,774479
2010-08-25,40.26285934448242,880500
2010-08-26,41.098209381103516,689582
2010-08-27,40.999629974365234,885372
2010-08-30,40.53266906738281,380626
2010-08-31,40.745384216308594,787988
2010-09-01,41.871299743652344,619532
2010-09-02,42.31232833862305,645592
2010-09-03,42.96088790893555,560241
2010-09-06,43.137298583984375,461713
2010-09-07,43.220314025878906,422814
2010-09-08,43.23588562011719,820000
2010-09-09,44.320274353027344,1037489
2010-09-10,45.544769287109375,1054761
2010-09-13,46.15701675415039,1045914
2010-09-14,46.188148498535156,688609
2010-09-15,46.4735107421875,657885
2010-09-16,46.115501403808594,785327
2010-09-17,47.32443618774414,3414633
2010-09-20,47.640926361083984,673141
2010-09-21,47.640926361083984,572404
2010-09-22,47.101318359375,609539
2010-09-23,46.04805374145508,715578
2010-09-24,47.17914581298828,642557
2010-09-27,47.24660110473633,388833
2010-09-28,46.84708786010742,724377
2010-09-29,46.67067337036133,689557
2010-09-30,45.933902740478516,896881
2010-10-01,44.88064193725586,952764
2010-10-04,43.25144577026367,2102395
2010-10-05,43.56793212890625,2599760
2010-10-06,44.076416015625,1709086
2010-10-07,45.2075080871582,808820
2010-10-08,46.32304763793945,805147
2010-10-11,46.9767951965332,704729
2010-10-12,47.303680419921875,986337
2010-10-13,47.00273895263672,836882
2010-10-14,47.28810501098633,588178
2010-10-15,47.83808898925781,1150433
2010-10-18,47.47489547729492,529808
2010-10-19,46.85227966308594,688012
2010-10-20,46.9767951965332,493770
2010-10-21,48.657875061035156,1091072
2010-10-22,50.20405197143555,2126630
2010-10-25,53.623287200927734,2007475
2010-10-26,54.29779815673828,1829404
2010-10-27,54.19401550292969,1217253
2010-10-28,55.698699951171875,1261455
2010-10-29,56.03594207763672,1276324
2010-11-01,54.50532913208008,1203279
2010-11-02,54.89447021484375,569429
2010-11-03,55.38738250732422,1007918
2010-11-04,55.93217849731445,784305
2010-11-05,55.85435485839844,682732
2010-11-08,56.47697448730469,407552
2010-11-09,57.82598114013672,984042
2010-11-10,56.373191833496094,911411
2010-11-11,57.384952545166016,691164
2010-11-12,59.14906692504883,1110025
2010-11-15,60.498069763183594,919023
2010-11-16,59.92732238769531,1050354
2010-11-17,60.13487243652344,698468
2010-11-18,61.82115173339844,847035
2010-11-19,63.66305160522461,1082011
2010-11-22,65.32340240478516,1223316
2010-11-23,61.74330139160156,1930519
2010-11-24,64.5191650390625,1305976
2010-11-25,65.92005157470703,692017
2010-11-26,66.07569885253906,1121057
2010-11-29,64.49322509765625,1229339
2010-11-30,64.2337875366211,1348794
2010-12-01,66.3092041015625,1209491
2010-12-02,67.52850341796875,1668195
2010-12-03,70.12274169921875,1312374
2010-12-06,70.77132415771484,1103362
2010-12-07,71.03074645996094,1007171
2010-12-08,67.0615463256836,1387600
2010-12-09,64.44134521484375,3127964
2010-12-10,66.93183135986328,1036969
2010-12-13,68.17706298828125,696771
2010-12-14,66.87992858886719,852442
2010-12-15,66.93183135986328,981714
2010-12-16,65.4271469116211,643126
2010-12-17,63.19608688354492,1625371
2010-12-20,65.5049819946289,665370
2010-12-21,67.0096435546875,636122
2010-12-22,67.37284088134766,588045
2010-12-23,66.46485137939453,402277
2010-12-27,63.29986572265625,1152431
2010-12-28,62.91072463989258,921192
2010-12-29,64.25973510742188,551813
2010-12-30,62.988548278808594,363673
2011-01-03,66.2054214477539,831706
2011-01-04,66.95775604248047,991823
2011-01-05,65.24555206298828,1314476
2011-01-06,64.77857971191406,900440
2011-01-07,66.33513641357422,895577
2011-01-10,65.81629943847656,545399
2011-01-11,68.07329559326172,1094623
2011-01-12,67.68414306640625,966227
2011-01-13,65.21961212158203,1243146
2011-01-14,65.24555206298828,867704
2011-01-17,64.46727752685547,817523
2011-01-18,63.79277038574219,1121039
2011-01-19,63.11827087402344,1175736
2011-01-20,60.21269607543945,2411265
2011-01-21,59.14906692504883,2301337
2011-01-24,60.00516128540039,2161676
2011-01-25,59.33064270019531,1218217
2011-01-26,61.276336669921875,1148580
2011-01-27,61.25038528442383,1201125
2011-01-28,62.469696044921875,1130516
2011-01-31,61.22446823120117,1082802
2011-02-01,61.30228042602539,888175
2011-02-02,60.082984924316406,1313535
2011-02-03,60.18674850463867,948357
2011-02-04,59.84950256347656,693025
2011-02-07,61.74330139160156,891019
2011-02-08,63.76682662963867,1460293
2011-02-09,64.0262680053711,905696
2011-02-10,64.80453491210938,649767
2011-02-11,66.51673126220703,1147553
2011-02-14,65.7125244140625,760764
2011-02-15,63.4295768737793,1139252
2011-02-16,63.81870651245117,1342026
2011-02-17,62.80695343017578,1212533
2011-02-18,62.08056640625,880900
2011-02-21,60.8871955871582,848449
2011-02-22,62.62535095214844,1073530
2011-02-23,60.13487243652344,1229461
2011-02-24,58.344825744628906,1631534
2011-02-25,61.950862884521484,1856985
2011-02-28,63.76682662963867,1214779
2011-03-01,62.75507736206055,1262080
2011-03-02,61.84706497192383,1311207
2011-03-03,61.76926040649414,866325
2011-03-04,60.75749588012695,773199
2011-03-07,60.16080856323242,867728
2011-03-08,61.561710357666016,863609
2011-03-09,61.457942962646484,998133
2011-03-10,59.25282287597656,1792626
2011-03-11,59.30471420288086,931884
2011-03-14,58.73397445678711,961064
2011-03-15,56.52885055541992,2851338
2011-03-16,55.309539794921875,1562950
2011-03-17,55.67274856567383,1422942
2011-03-18,56.399131774902344,1994230
2011-03-21,57.82598114013672,1156355
2011-03-22,56.892051696777344,885392
2011-03-23,57.17741012573242,875184
2011-03-24,58.68208312988281,1027668
2011-03-25,58.65614318847656,744745
2011-03-28,58.189186096191406,971081
2011-03-29,58.21512222290039,555205
2011-03-30,59.823551177978516,1143271
2011-03-31,59.38254165649414,940551
2011-04-01,60.13487243652344,765925
2011-04-04,60.653724670410156,665430
2011-04-05,60.809364318847656,787716
2011-04-06,60.62778091430664,742689
2011-04-07,59.30471420288086,828906
2011-04-08,58.11134719848633,1171478
2011-04-11,57.30712890625,1573574
2011-04-12,56.373191833496094,1180172
2011-04-13,57.903812408447266,1097432
2011-04-14,58.267005920410156,773171
2011-04-15,58.47454833984375,961938
2011-04-18,57.74814224243164,1010617
2011-04-19,58.630191802978516,757263
2011-04-20,61.43199157714844,1465294
2011-04-21,61.53577423095703,801125
2011-04-26,62.62535095214844,863418
2011-04-27,65.63468933105469,2911134
2011-04-28,67.96952056884766,1880637
2011-04-29,69.00721740722656,1093049
2011-05-02,69.91521453857422,1352047
2011-05-03,68.74778747558594,3363717
2011-05-04,66.93196868896484,2114795
2011-05-05,67.93489837646484,1511413
2011-05-06,68.8322525024414,1135354
2011-05-09,67.35425567626953,982885
2011-05-10,68.8850326538086,966578
2011-05-11,68.33079528808594,771662
2011-05-12,67.88213348388672,831640
2011-05-13,67.80293273925781,662099
2011-05-16,67.27508544921875,1087856
2011-05-17,65.48039245605469,1060939
2011-05-18,65.66513061523438,865119
2011-05-19,66.64165496826172,1050653
2011-05-20,65.92904663085938,2249059
2011-05-23,63.73845672607422,1157433
2011-05-24,64.6885986328125,914129
2011-05-25,65.48039245605469,1024634
2011-05-26,64.26630401611328,909979
2011-05-27,65.69151306152344,893001
2011-05-30,65.32202911376953,422061
2011-05-31,65.13726806640625,2811542
2011-06-01,65.63872528076172,1326617
2011-06-02,64.89974212646484,686860
2011-06-03,64.79415893554688,666577
2011-06-06,65.03170013427734,555566
2011-06-07,64.97891235351562,606048
2011-06-08,65.32202911376953,914949
2011-06-09,67.3014907836914,1394049
2011-06-10,66.27215576171875,1178812
2011-06-13,66.80001068115234,391722
2011-06-14,67.77654266357422,809548
2011-06-15,67.829345703125,1368242
2011-06-16,68.35719299316406,999244
2011-06-17,68.77946472167969,2126191
2011-06-20,69.67681884765625,946405
2011-06-21,70.67975616455078,1142196
2011-06-22,70.25746154785156,845726
2011-06-23,69.67681884765625,837365
2011-06-24,71.18122100830078,1579268
2011-06-27,71.78823852539062,865093
2011-06-28,74.48030853271484,1692811
2011-06-29,75.32486724853516,1519037
2011-06-30,75.14012908935547,1131974
2011-07-01,75.3776626586914,704466
2011-07-04,76.934814453125,643502
2011-07-05,77.77940368652344,1067948
2011-07-06,78.01692962646484,1011817
2011-07-07,78.54478454589844,760498
2011-07-08,78.46561431884766,1445171
2011-07-11,75.8791275024414,1577814
2011-07-12,76.30139923095703,2062208
2011-07-13,77.54185485839844,1409104
2011-07-14,77.48908233642578,1046779
2011-07-15,79.70606994628906,1670962
2011-07-18,77.99053192138672,1193536
2011-07-19,79.60050201416016,812078
2011-07-20,79.36296844482422,962141
2011-07-21,76.59173583984375,2286493
2011-07-22,78.54478454589844,1144835
2011-07-25,78.57115936279297,808168
2011-07-26,77.48908233642578,973790
2011-07-27,76.03746795654297,1464184
2011-07-28,72.87034606933594,3940360
2011-07-29,73.60934448242188,2022896
2011-08-01,72.89674377441406,1587848
2011-08-02,69.91436767578125,1778920
2011-08-03,66.66805267333984,2909073
2011-08-04,64.02877044677734,2727917
2011-08-05,61.178348541259766,3595220
2011-08-08,57.45697784423828,3313446
2011-08-09,59.43643569946289,3564892
2011-08-10,57.74729919433594,3982776
2011-08-11,60.22822952270508,2406331
2011-08-12,62.97307205200195,2279737
2011-08-15,61.4159049987793,1537041
2011-08-16,61.67982864379883,1442937
2011-08-17,60.888038635253906,1307525
2011-08-18,56.63882064819336,2366598
2011-08-19,55.18721389770508,3498577
2011-08-22,53.73561096191406,1964237
2011-08-23,55.10802459716797,2037401
2011-08-24,57.6417350769043,1891922
2011-08-25,56.902740478515625,2130266
2011-08-26,57.6153450012207,1616420
2011-08-29,58.67104721069336,1006749
2011-08-30,59.01416778564453,1198232
2011-08-31,61.20476150512695,1606751
2011-09-01,60.782474517822266,1337425
2011-09-02,57.6417350769043,1827265
2011-09-05,55.18721389770508,1715213
2011-09-06,54.76492691040039,1739875
2011-09-07,57.93205642700195,1408195
2011-09-08,56.9819221496582,1565387
2011-09-09,54.76492691040039,1522221
2011-09-12,53.94675064086914,1981434
2011-09-13,54.50099563598633,1830562
2011-09-14,57.27225112915039,1945736
2011-09-15,59.357269287109375,2180410
2011-09-16,60.70328903198242,7550741
2011-09-19,57.404205322265625,1993325
2011-09-20,60.175437927246094,1484559
2011-09-21,58.591880798339844,1385456
2011-09-22,54.738529205322266,2158269
2011-09-23,54.791324615478516,2162140
2011-09-26,53.60365676879883,1876945
2011-09-27,57.16666793823242,1965139
2011-09-28,56.55963134765625,1307437
2011-09-29,56.1109619140625,1479512
2011-09-30,52.81187438964844,2573341
2011-10-04,46.73625564575195,3288862
2011-10-05,50.34677505493164,2591087
2011-10-06,52.56903839111328,2557339
2011-10-07,53.60365676879883,1574690
2011-10-10,56.13734817504883,1751548
2011-10-11,57.06108093261719,1457496
2011-10-12,59.01416778564453,2039253
2011-10-13,59.119728088378906,1615052
2011-10-14,60.33380126953125,1253244
2011-10-17,59.27809143066406,1634072
2011-10-18,60.254615783691406,1598887
2011-10-19,60.62411117553711,1300595
2011-10-20,59.77955627441406,1344034
2011-10-21,61.97015380859375,1408050
2011-10-24,64.79415893554688,1469010
2011-10-25,63.685672760009766,1735493
2011-10-26,62.392433166503906,1705465
2011-10-27,68.91144561767578,3437519
2011-10-28,69.94075012207031,2404540
2011-10-31,66.93196868896484,1427954
2011-11-01,63.34257125854492,2141363
2011-11-02,67.14311218261719,1999008
2011-11-03,69.06979370117188,2485766
2011-11-04,66.14020538330078,1562914
2011-11-07,66.24576568603516,1431188
2011-11-08,67.01115417480469,1022548
2011-11-09,65.9554443359375,1832658
2011-11-10,66.58887481689453,1832415
2011-11-11,68.93783569335938,1180756
2011-11-14,67.35425567626953,1095210
2011-11-15,67.16950988769531,1298564
2011-11-16,66.48329162597656,1084933
2011-11-17,65.77070617675781,1533192
2011-11-18,64.55662536621094,1222488
2011-11-21,60.83525466918945,2022210
2011-11-22,61.46867752075195,1381721
2011-11-23,59.462833404541016,1640007
2011-11-24,59.72676467895508,1106819
2011-11-25,59.172515869140625,1214746
2011-11-28,63.395347595214844,1606357
2011-11-29,63.28977584838867,1115522
2011-11-30,67.38065338134766,2440614
2011-12-01,66.87918853759766,1467625
2011-12-02,67.85572814941406,1402957
2011-12-05,68.04047393798828,956361
2011-12-06,66.66805267333984,1283400
2011-12-07,66.64165496826172,1020310
2011-12-08,64.60941314697266,1416453
2011-12-09,65.7970962524414,1562631
2011-12-12,63.34257125854492,1009255
2011-12-13,63.55370330810547,1111905
2011-12-14,60.676902770996094,1934603
2011-12-15,61.15196228027344,1250505
2011-12-16,60.888038635253906,2027599
2011-12-19,60.80885314941406,918714
2011-12-20,62.60356521606445,949283
2011-12-21,62.57717514038086,1024379
2011-12-22,62.524383544921875,678761
2011-12-23,62.234066009521484,431090
2011-12-27,62.392433166503906,222374
2011-12-28,60.782474517822266,576355
2011-12-29,60.650508880615234,707304
2011-12-30,61.09918975830078,371775
2012-01-02,63.23699188232422,767073
2012-01-03,64.8469467163086,1192211
2012-01-04,64.89974212646484,867658
2012-01-05,66.61526489257812,1206364
2012-01-06,65.45399475097656,1094656
2012-01-09,64.26630401611328,1142008
2012-01-10,66.35133361816406,1644756
2012-01-11,66.66805267333984,933111
2012-01-12,67.98768615722656,1503791
2012-01-13,66.50968933105469,1516124
2012-01-16,68.04047393798828,950332
2012-01-17,69.67681884765625,2002502
2012-01-18,69.67681884765625,1073767
2012-01-19,71.55071258544922,1732159
2012-01-20,70.99646759033203,1314054
2012-01-23,70.99646759033203,990931
2012-01-24,71.89380645751953,1030741
2012-01-25,72.34249114990234,966182
2012-01-26,73.76769256591797,1416848
2012-01-27,72.02578735351562,1317072
2012-01-30,72.21052551269531,1210363
2012-01-31,71.44512939453125,1116371
2012-02-01,73.18704986572266,1249444
2012-02-02,72.94951629638672,1024438
2012-02-03,75.06094360351562,1345076
2012-02-06,75.72075653076172,1050919
2012-02-07,74.82341003417969,957799
2012-02-08,74.74422454833984,875314
2012-02-09,76.32779693603516,1794694
2012-02-10,74.26914978027344,1448247
2012-02-13,76.22222900390625,926510
2012-02-14,74.45391082763672,1190194
2012-02-15,73.63573455810547,1111851
2012-02-16,73.97882843017578,1247750
2012-02-17,75.21932220458984,1201304
2012-02-20,76.0638656616211,647739
2012-02-21,76.40696716308594,879598
2012-02-22,75.19290924072266,962215
2012-02-23,73.45098114013672,1596060
2012-02-24,73.50377655029297,1834412
2012-02-27,73.02870178222656,2052738
2012-02-28,74.32194519042969,1099948
2012-02-29,74.08441925048828,1214337
2012-03-01,75.72075653076172,1189026
2012-03-02,75.98468780517578,781183
2012-03-05,75.45683288574219,1067779
2012-03-06,72.02578735351562,1692973
2012-03-07,72.21052551269531,1270021
2012-03-08,74.45391082763672,1403834
2012-03-09,75.3776626586914,975947
2012-03-12,73.79410552978516,1428715
2012-03-13,72.63282012939453,1808714
2012-03-14,74.902587890625,1560009
2012-03-15,74.92897033691406,1060606
2012-03-16,74.55947875976562,2337851
2012-03-19,73.47738647460938,1091714
2012-03-20,70.23107147216797,1914590
2012-03-21,69.70320892333984,1624246
2012-03-22,68.70030212402344,1395946
2012-03-23,69.86155700683594,1043287
2012-03-26,70.07271575927734,933971
2012-03-27,70.81171417236328,1030586
2012-03-28,70.15188598632812,974953
2012-03-29,68.43635559082031,1400315
2012-03-30,69.59764099121094,988731
2012-04-02,70.626953125,1166590
2012-04-03,70.23107147216797,1173447
2012-04-04,68.30438995361328,1180576
2012-04-05,68.06687927246094,1286448
2012-04-10,66.03462982177734,1481161
2012-04-11,67.98768615722656,1324407
2012-04-12,69.28093719482422,1335103
2012-04-13,67.98768615722656,1022274
2012-04-16,69.14897155761719,980533
2012-04-17,70.25746154785156,1128497
2012-04-18,69.41289520263672,1162923
2012-04-19,67.03754425048828,2139748
2012-04-20,67.8272476196289,1616026
2012-04-23,65.58255004882812,1386601
2012-04-24,66.79955291748047,1279266
2012-04-25,68.25994873046875,1165107
2012-04-26,74.20970916748047,3939314
2012-04-27,76.72483825683594,2840438
2012-04-30,77.40094757080078,1481407
2012-05-02,77.02233123779297,1422004
2012-05-03,78.42862701416016,1771014
2012-05-04,75.6971435546875,1442663
2012-05-07,75.31853485107422,965466
2012-05-08,73.58768463134766,1157153
2012-05-09,73.53359985351562,1156764
2012-05-10,72.69522857666016,1307732
2012-05-11,74.31787872314453,967191
2012-05-14,72.93862915039062,771472
2012-05-15,72.34364318847656,1046186
2012-05-16,71.5052719116211,1166740
2012-05-17,70.748046875,854375
2012-05-18,69.34172821044922,1636519
2012-05-21,70.01782989501953,832007
2012-05-22,71.74867248535156,1280594
2012-05-23,69.36875915527344,1308500
2012-05-24,69.36875915527344,1322861
2012-05-25,69.47693634033203,856021
2012-05-28,69.74738311767578,430909
2012-05-29,72.7222671508789,1343030
2012-05-30,70.61280822753906,1319384
2012-05-31,69.82853698730469,1536111
2012-06-01,66.93477630615234,1929737
2012-06-04,64.77123260498047,1409763
2012-06-05,65.17689514160156,814598
2012-06-06,66.06936645507812,1634704
2012-06-07,66.79955291748047,1781540
2012-06-08,65.90708923339844,1127970
2012-06-11,66.77250671386719,1656180
2012-06-12,67.23226165771484,1120464
2012-06-13,66.01526641845703,1463765
2012-06-14,65.58255004882812,1096362
2012-06-15,66.88069152832031,1986122
2012-06-18,67.42157745361328,1044617
2012-06-19,68.36812591552734,914119
2012-06-20,69.0171890258789,875125
2012-06-21,66.9077377319336,1188383
2012-06-22,65.52847290039062,1172333
2012-06-25,64.36557006835938,1183153
2012-06-26,64.06808471679688,1191954
2012-06-27,63.9869499206543,1172035
2012-06-28,63.82468032836914,1030254
2012-06-29,67.39453125,1618738
2012-07-02,67.34044647216797,1262947
2012-07-03,69.20650482177734,1308590
2012-07-04,69.23355865478516,729928
2012-07-05,72.74932861328125,3341988
2012-07-06,70.80211639404297,1191307
2012-07-09,70.748046875,827145
2012-07-10,72.01912689208984,996535
2012-07-11,71.64049530029297,892632
2012-07-12,72.31659698486328,1215205
2012-07-13,74.15563201904297,1342603
2012-07-16,73.99335479736328,619201
2012-07-17,74.31787872314453,960252
2012-07-18,74.50719451904297,743285
2012-07-19,75.45375061035156,1277667
2012-07-20,74.3990249633789,1424633
2012-07-23,72.15433502197266,994513
2012-07-24,71.39710235595703,836671
2012-07-25,72.28955078125,1113253
2012-07-26,72.2354736328125,2586027
2012-07-27,72.53296661376953,1094254
2012-07-30,74.42607116699219,898073
2012-07-31,75.18331146240234,1264941
2012-08-01,74.7506103515625,880955
2012-08-02,73.50656127929688,1254724
2012-08-03,76.64370727539062,1157850
2012-08-06,77.91477966308594,1145177
2012-08-07,79.99720001220703,1506097
2012-08-08,79.15882110595703,913388
2012-08-09,80.2406005859375,1192782
2012-08-10,79.97016906738281,681146
2012-08-13,78.91542053222656,659040
2012-08-14,79.32109832763672,546418
2012-08-15,78.40158081054688,577321
2012-08-16,78.42862701416016,638965
2012-08-17,79.15882110595703,734665
2012-08-20,78.94246673583984,614181
2012-08-21,79.53743743896484,546358
2012-08-22,79.51039123535156,537181
2012-08-23,78.8613510131836,720101
2012-08-24,77.13050842285156,922033
2012-08-27,77.99591827392578,452224
2012-08-28,77.91477966308594,434274
2012-08-29,78.34749603271484,460216
2012-08-30,75.23739624023438,1182413
2012-08-31,75.94055938720703,893355
2012-09-03,74.37197875976562,965370
2012-09-04,72.20845031738281,1289721
2012-09-05,73.15498352050781,850000
2012-09-06,75.99464416503906,1231009
2012-09-07,76.42736053466797,1056954
2012-09-10,76.80596160888672,846837
2012-09-11,77.59026336669922,601577
2012-09-12,79.42926788330078,1462540
2012-09-13,78.61793518066406,899928
2012-09-14,82.48526000976562,2200213
2012-09-17,82.0255355834961,909789
2012-09-18,80.10537719726562,1109835
2012-09-19,81.40349578857422,960738
2012-09-20,81.07897186279297,1402095
2012-09-21,83.86455535888672,1939799
2012-09-24,83.78340911865234,917201
2012-09-25,82.35005950927734,1135932
2012-09-26,79.18586730957031,1356200
2012-09-27,77.50911712646484,1497895
2012-09-28,76.77892303466797,986020
2012-10-01,77.29277038574219,1036743
2012-10-02,77.91477966308594,713713
2012-10-04,78.61793518066406,1019249
2012-10-05,80.40287017822266,949607
2012-10-08,78.61793518066406,917947
2012-10-09,79.80789184570312,978552
2012-10-10,78.8613510131836,805101
2012-10-11,80.64627075195312,1021683
2012-10-12,79.29405212402344,1006175
2012-10-15,78.67204284667969,1021950
2012-10-16,79.45630645751953,1051238
2012-10-17,80.10537719726562,755843
2012-10-18,80.29469299316406,863255
2012-10-19,81.07897186279297,1509785
2012-10-22,80.42991638183594,873135
2012-10-23,79.23995971679688,996146
2012-10-24,81.67395782470703,2348143
2012-10-25,83.13434600830078,1441833
2012-10-26,83.51294708251953,846152
2012-10-29,83.48592376708984,558146
2012-10-30,86.56898498535156,1298126
2012-10-31,86.3255844116211,1232841
2012-11-01,88.70548248291016,1024418
2012-11-02,88.4891357421875,926395
2012-11-05,87.8400650024414,773370
2012-11-06,84.21612548828125,3165525
2012-11-07,83.51294708251953,1655779
2012-11-08,83.43183135986328,1145988
2012-11-09,83.56704711914062,1280421
2012-11-12,84.0538558959961,540188
2012-11-13,84.0538558959961,866516
2012-11-14,83.56704711914062,617457
2012-11-15,83.08026123046875,991504
2012-11-16,81.80916595458984,1637886
2012-11-19,85.10857391357422,909756
2012-11-20,86.3526382446289,842562
2012-11-21,87.001708984375,774619
2012-11-22,87.29917907714844,806094
2012-11-23,87.7589340209961,632575
2012-11-26,88.13755798339844,607776
2012-11-27,88.543212890625,639082
2012-11-28,88.4891357421875,673090
2012-11-29,89.67908477783203,1052854
2012-11-30,90.03064727783203,912746
2012-12-03,89.89545440673828,884409
2012-12-04,89.54386138916016,724460
2012-12-05,88.543212890625,910074
2012-12-06,89.40864562988281,1074603
2012-12-07,90.05769348144531,775939
2012-12-10,90.6526870727539,660073
2012-12-11,91.7074203491211,799078
2012-12-12,91.73445129394531,747051
2012-12-13,91.97785186767578,916600
2012-12-14,92.2483139038086,588220
2012-12-17,92.35647583007812,491736
2012-12-18,92.84326171875,730917
2012-12-19,92.57283020019531,844229
2012-12-20,93.41120147705078,673555
2012-12-21,92.49169158935547,1551977
2012-12-27,93.35711669921875,614110
2012-12-28,93.11370849609375,421999
2013-01-02,96.81878662109375,1195904
2013-01-03,96.76470184326172,609492
2013-01-04,96.73765563964844,494237
2013-01-07,95.16908264160156,815870
2013-01-08,94.11434936523438,725801
2013-01-09,92.81623077392578,920514
2013-01-10,93.73574829101562,767770
2013-01-11,95.22315216064453,789924
2013-01-14,95.11498260498047,685739
2013-01-15,94.92568969726562,626859
2013-01-16,95.70996856689453,651430
2013-01-17,96.4942626953125,753557
2013-01-18,96.22380065917969,784753
2013-01-21,97.00809478759766,381647
2013-01-22,97.87351989746094,896102
2013-01-23,98.79303741455078,638487
2013-01-24,98.92825317382812,536271
2013-01-25,99.87480926513672,710417
2013-01-28,100.36160278320312,651136
2013-01-29,99.65845489501953,801605
2013-01-30,99.30687713623047,605187
2013-01-31,98.52259063720703,719587
2013-02-01,100.95658111572266,876789
2013-02-04,97.30558013916016,922724
2013-02-05,96.3860855102539,1006163
2013-02-06,95.38544464111328,987556
2013-02-07,95.46658325195312,857829
2013-02-08,97.65715026855469,694837
2013-02-11,96.76470184326172,544312
2013-02-12,96.89990234375,571169
2013-02-13,97.73828887939453,583837
2013-02-14,95.95337677001953,637017
2013-02-15,95.73701477050781,716339
2013-02-18,95.57476806640625,328611
2013-02-19,97.90056610107422,846316
2013-02-20,97.73828887939453,540029
2013-02-21,95.22315216064453,806036
2013-02-22,88.59729766845703,3589001
2013-02-25,89.89545440673828,2382106
2013-02-26,88.43504333496094,1315783
2013-02-27,90.30109405517578,1171693
2013-02-28,90.46337127685547,893076
2013-03-01,88.75956726074219,1379066
2013-03-04,87.92120361328125,700992
2013-03-05,90.03064727783203,979276
2013-03-06,91.11243438720703,1034941
2013-03-07,91.92376708984375,820142
2013-03-08,91.84263610839844,805692
2013-03-11,91.32879638671875,632121
2013-03-12,89.76020812988281,855924
2013-03-13,90.05769348144531,731767
2013-03-14,89.05705261230469,2624940
2013-03-15,86.7042007446289,4411319
2013-03-18,86.13626861572266,1317051
2013-03-19,85.75764465332031,1457841
2013-03-20,85.324951171875,936583
2013-03-21,83.97271728515625,1488267
2013-03-22,84.67587280273438,1085240
2013-03-25,83.94567108154297,946344
2013-03-26,84.70291900634766,713470
2013-03-27,84.16203308105469,1018758
2013-03-28,83.83750915527344,1036083
2013-04-02,85.24382019042969,927888
2013-04-03,84.45952606201172,1058784
2013-04-04,84.4324951171875,905031
2013-04-05,83.5400161743164,1045433
2013-04-08,84.4324951171875,700191
2013-04-09,82.21483612060547,1694880
2013-04-10,82.59346008300781,1150541
2013-04-11,82.67459869384766,902647
2013-04-12,79.94310760498047,2008813
2013-04-15,78.34749603271484,1215803
2013-04-16,78.80724334716797,1279240
2013-04-17,76.50848388671875,1844749
2013-04-18,74.9128646850586,2294674
2013-04-19,76.26507568359375,1809301
2013-04-22,76.86005401611328,1159173
2013-04-23,79.45630645751953,1499132
2013-04-24,81.51167297363281,2148969
2013-04-25,82.53937530517578,1133006
2013-04-26,82.018798828125,1224124
2013-04-29,84.17863464355469,1409942
2013-04-30,85.23087310791016,1326889
2013-05-02,84.45552062988281,1260762
2013-05-03,87.50146484375,1672675
2013-05-06,86.94767761230469,568412
2013-05-07,87.50146484375,856757
2013-05-08,87.6953125,764544
2013-05-09,88.0829849243164,488347
2013-05-10,87.3076400756836,1005754
2013-05-13,86.91999053955078,633197
2013-05-14,88.74755096435547,1003028
2013-05-15,90.10436248779297,1062151
2013-05-16,89.91053771972656,582795
2013-05-17,93.26107025146484,2136067
2013-05-20,96.27932739257812,1483159
2013-05-21,95.03326416015625,1034992
2013-05-22,95.53166961669922,977610
2013-05-23,93.03955841064453,1647875
2013-05-24,92.26422119140625,1080143
2013-05-27,92.79034423828125,392669
2013-05-28,92.73495483398438,1097572
2013-05-29,92.37499237060547,876658
2013-05-30,93.12261199951172,694589
2013-05-31,93.56565856933594,868714
2013-06-03,92.51344299316406,954150
2013-06-04,91.51658630371094,1126141
2013-06-05,91.10122680664062,788137
2013-06-06,89.91053771972656,955414
2013-06-07,92.07039642333984,1225556
2013-06-10,93.03955841064453,1004305
2013-06-11,91.46119689941406,1247959
2013-06-12,88.44295501708984,2076550
2013-06-13,87.50146484375,1412424
2013-06-14,88.13836669921875,909628
2013-06-17,89.88284301757812,1138020
2013-06-18,89.60594177246094,869885
2013-06-19,88.44295501708984,939199
2013-06-20,84.78782653808594,2397208
2013-06-21,83.04332733154297,2808911
2013-06-24,81.38191223144531,1565901
2013-06-25,83.9017333984375,1410110
2013-06-26,85.2862548828125,1369548
2013-06-27,86.39386749267578,1011915
2013-06-28,86.14466094970703,1047374
2013-07-01,87.0030517578125,1119591
2013-07-02,86.61539459228516,671976
2013-07-03,85.31394958496094,1190324
2013-07-04,88.66447448730469,1406692
2013-07-05,87.08612823486328,1089333
2013-07-08,88.3598861694336,675097
2013-07-09,89.57826232910156,999890
2013-07-10,90.35357666015625,835601
2013-07-11,91.54427337646484,967369
2013-07-12,92.67957305908203,1218412
2013-07-15,92.98416137695312,493355
2013-07-16,92.65188598632812,527077
2013-07-17,93.95332336425781,748632
2013-07-18,95.282470703125,744616
2013-07-19,95.25477600097656,1135034
2013-07-22,93.7594985961914,742513
2013-07-23,94.6178970336914,633647
2013-07-24,96.14086151123047,909289
2013-07-25,96.03009033203125,795000
2013-07-26,95.42092895507812,712625
2013-07-29,96.39008331298828,706443
2013-07-30,97.5530776977539,1016852
2013-07-31,98.93757629394531,2068781
2013-08-01,101.81737518310547,1369571
2013-08-02,101.20820617675781,945652
2013-08-05,101.90045166015625,719087
2013-08-06,101.12512969970703,926609
2013-08-07,100.34980773925781,735965
2013-08-08,100.6544189453125,665928
2013-08-09,101.485107421875,662295
2013-08-12,102.42657470703125,682733
2013-08-13,102.89730834960938,635788
2013-08-14,103.31266784667969,657642
2013-08-15,102.4819564819336,550196
2013-08-16,101.54051208496094,914984
2013-08-19,101.90045166015625,597815
2013-08-20,100.07289123535156,978081
2013-08-21,100.37748718261719,525926
2013-08-22,101.54051208496094,598566
2013-08-23,100.57134246826172,672895
2013-08-26,100.84822082519531,340084
2013-08-27,97.6638412475586,1373014
2013-08-28,95.42092895507812,1521139
2013-08-29,96.47315216064453,693117
2013-08-30,95.3101577758789,862620
2013-09-02,97.52537536621094,698339
2013-09-03,94.83942413330078,1408380
2013-09-04,94.14715576171875,1107170
2013-09-05,95.25477600097656,1060603
2013-09-06,95.14401245117188,859650
2013-09-09,94.70096588134766,677217
2013-09-10,98.60530090332031,1788117
2013-09-11,98.96529388427734,681312
2013-09-12,99.35295104980469,731450
2013-09-13,100.70977783203125,705811
2013-09-16,101.37435913085938,780144
2013-09-17,99.82367706298828,736076
2013-09-18,100.26671600341797,604797
2013-09-19,98.16226196289062,3734548
2013-09-20,95.9747314453125,2720516
2013-09-23,96.1131820678711,902861
2013-09-24,97.08234405517578,806508
2013-09-25,97.41462707519531,586573
2013-09-26,96.6669921875,700046
2013-09-27,96.6669921875,524408
2013-09-30,96.50083923339844,858666
2013-10-01,96.88850402832031,802469
2013-10-02,94.70096588134766,1148660
2013-10-04,93.09494018554688,992184
2013-10-07,94.31330108642578,723294
2013-10-08,93.64873504638672,845850
2013-10-09,93.98101043701172,707241
2013-10-10,96.39008331298828,1255609
2013-10-11,97.02696228027344,662459
2013-10-14,97.16539764404297,441315
2013-10-15,97.47000122070312,882543
2013-10-16,97.96842193603516,859186
2013-10-17,98.0792007446289,729140
2013-10-18,97.74691772460938,1550102
2013-10-21,97.96842193603516,739511
2013-10-22,98.10687255859375,975615
2013-10-23,97.52537536621094,608793
2013-10-24,98.32840728759766,746396
2013-10-25,97.74691772460938,622332
2013-10-28,96.50083923339844,829474
2013-10-29,96.83312225341797,985592
2013-10-30,101.62355041503906,3107534
2013-10-31,103.67264556884766,1650886
2013-11-01,104.3648910522461,1055542
2013-11-04,106.33090209960938,912463
2013-11-05,105.72171783447266,874694
2013-11-06,105.83250427246094,544337
2013-11-07,106.94010925292969,1345652
2013-11-08,106.5247573852539,917674
2013-11-11,105.80479431152344,500173
2013-11-12,105.66633605957031,590125
2013-11-13,105.63865661621094,942318
2013-11-14,107.05084991455078,820522
2013-11-15,107.71544647216797,930341
2013-11-18,108.0754165649414,787115
2013-11-19,108.0477294921875,521140
2013-11-20,108.13079071044922,592339
2013-11-21,108.32460021972656,587958
2013-11-22,107.8261947631836,889507
2013-11-25,108.21382904052734,809323
2013-11-26,107.93694305419922,553081
2013-11-27,108.51844787597656,383017
2013-11-28,107.9923324584961,379119
2013-11-29,108.15845489501953,495079
2013-12-02,108.93379974365234,560766
2013-12-03,106.49705505371094,1090476
2013-12-04,106.46935272216797,883254
2013-12-05,105.83250427246094,744490
2013-12-06,107.13392639160156,741317
2013-12-09,107.27239227294922,486554
2013-12-10,105.55558776855469,846990
2013-12-11,105.44480895996094,817743
2013-12-12,105.05716705322266,839238
2013-12-13,105.14022064208984,622323
2013-12-16,106.66320037841797,817611
2013-12-17,107.10623168945312,598700
2013-12-18,108.3800048828125,972105
2013-12-19,109.65373992919922,784011
2013-12-20,110.34603118896484,2258151
2013-12-23,111.56436920166016,508818
2013-12-27,112.97657012939453,505130
2013-12-30,113.0596694946289,302157
2014-01-02,111.03829956054688,1112625
2014-01-03,111.03829956054688,651593
2014-01-06,110.0691146850586,571867
2014-01-07,110.7613754272461,582459
2014-01-08,110.84444427490234,470813
2014-01-09,110.45677185058594,735762
2014-01-10,111.89667510986328,726654
2014-01-13,112.20126342773438,678455
2014-01-14,109.54300689697266,1447059
2014-01-15,112.25663757324219,1057387
2014-01-16,112.06282043457031,750736
2014-01-17,112.61663055419922,939455
2014-01-20,112.58895111083984,394277
2014-01-21,112.20126342773438,529022
2014-01-22,111.4813232421875,681195
2014-01-23,109.79220581054688,770801
2014-01-24,107.05084991455078,1303107
2014-01-27,106.66320037841797,1097010
2014-01-28,108.29693603515625,959744
2014-01-29,106.16478729248047,1271702
2014-01-30,105.30636596679688,1020011
2014-01-31,104.14338684082031,1144086
2014-02-03,102.73116302490234,927266
2014-02-04,101.56816101074219,1413674
2014-02-05,102.23274993896484,1165395
2014-02-06,103.34034729003906,1433836
2014-02-07,104.08798217773438,911579
2014-02-10,105.05716705322266,871178
2014-02-11,107.8261947631836,1133596
2014-02-12,109.84759521484375,1285064
2014-02-13,110.70600128173828,892165
2014-02-14,111.92436981201172,883370
2014-02-17,112.22894287109375,422484
2014-02-18,111.92436981201172,850179
2014-02-19,111.37057495117188,778356
2014-02-20,109.65373992919922,1350125
2014-02-21,111.31517791748047,1223782
2014-02-24,104.060302734375,4410283
2014-02-25,105.27869415283203,1618272
2014-02-26,104.66949462890625,1055226
2014-02-27,104.30953216552734,888358
2014-02-28,104.66949462890625,791539
2014-03-03,101.45741271972656,1289910
2014-03-04,103.64495849609375,1068495
2014-03-05,102.78654479980469,825534
2014-03-06,103.14653015136719,897130
2014-03-07,101.65125274658203,829536
2014-03-10,99.0760498046875,1487252
2014-03-11,100.37748718261719,949734
2014-03-12,99.9344482421875,1227029
2014-03-13,99.0760498046875,2315101
2014-03-14,98.43915557861328,1433039
2014-03-17,99.85138702392578,975499
2014-03-18,99.9067611694336,899898
2014-03-19,100.68209838867188,980538
2014-03-20,100.15596008300781,960487
2014-03-21,99.65753173828125,1482439
2014-03-24,98.54991912841797,787308
2014-03-25,100.21134948730469,762484
2014-03-26,101.65125274658203,967735
2014-03-27,102.03892517089844,567732
2014-03-28,104.47565460205078,1060576
2014-03-31,104.17108154296875,780719
2014-04-01,106.13707733154297,902717
2014-04-02,105.77710723876953,950989
2014-04-03,105.61096954345703,793344
2014-04-04,106.16478729248047,684186
2014-04-07,105.05716705322266,795999
2014-04-08,105.16792297363281,883017
2014-04-09,108.93379974365234,1824597
2014-04-10,108.68458557128906,1282250
2014-04-11,107.68773651123047,1073862
2014-04-14,106.55243682861328,976645
2014-04-15,104.80793762207031,856178
2014-04-16,107.24470520019531,858061
2014-04-17,108.40771484375,1000469
2014-04-22,109.95834350585938,732561
2014-04-23,108.51844787597656,858858
2014-04-24,108.68458557128906,841816
2014-04-25,106.99546813964844,712053
2014-04-28,107.7431411743164,614973
2014-04-29,106.49705505371094,1741083
2014-04-30,107.49391174316406,905876
2014-05-02,105.66633605957031,934797
2014-05-05,105.66633605957031,605792
2014-05-06,104.64181518554688,690460
2014-05-07,104.060302734375,729641
2014-05-08,106.02630615234375,781246
2014-05-09,105.66633605957031,834344
2014-05-12,106.22015380859375,555853
2014-05-13,106.13707733154297,1570791
2014-05-14,106.79339599609375,1102292
2014-05-15,106.19932556152344,1046620
2014-05-16,106.42564392089844,1095937
2014-05-19,107.4157943725586,677621
2014-05-20,107.58551788330078,730606
2014-05-21,107.9815444946289,645466
2014-05-22,107.9815444946289,534860
2014-05-23,109.11315155029297,600688
2014-05-26,110.38618469238281,547968
2014-05-27,110.32960510253906,698513
2014-05-28,110.15985870361328,523764
2014-05-29,110.49935150146484,288873
2014-05-30,110.32960510253906,488322
2014-06-02,110.6973648071289,394815
2014-06-03,110.6973648071289,538205
2014-06-04,109.08484649658203,2225932
2014-06-05,110.72565460205078,1587170
2014-06-06,111.43289184570312,994635
2014-06-09,111.46118927001953,382421
2014-06-10,110.61249542236328,733009
2014-06-11,111.09343719482422,910959
2014-06-12,111.65923309326172,1838203
2014-06-13,111.09343719482422,824586
2014-06-16,110.41447448730469,661332
2014-06-17,110.86709594726562,641092
2014-06-18,110.66907501220703,589291
2014-06-19,111.77238464355469,840847
2014-06-20,111.37631225585938,1803397
2014-06-23,110.38618469238281,621732
2014-06-24,109.96186828613281,580358
2014-06-25,109.05657196044922,710711
2014-06-26,107.84012603759766,743755
2014-06-27,108.06643676757812,579288
2014-06-30,108.51908874511719,616931
2014-07-01,108.77366638183594,703515
2014-07-02,109.08484649658203,678046
2014-07-03,108.91511535644531,1077022
2014-07-04,108.60395050048828,345186
2014-07-07,106.82170104980469,679650
2014-07-08,104.67168426513672,1230034
2014-07-09,104.3887710571289,824116
2014-07-10,104.33219909667969,1036634
2014-07-11,104.86972045898438,690269
2014-07-14,105.54866027832031,477497
2014-07-15,105.52037048339844,906265
2014-07-16,106.9914321899414,631988
2014-07-17,104.67168426513672,1462458
2014-07-18,103.82299041748047,1260057
2014-07-21,102.6065444946289,675883
2014-07-22,103.14404296875,620554
2014-07-23,103.96443939208984,785495
2014-07-24,103.73814392089844,629600
2014-07-25,101.84271240234375,788718
2014-07-28,99.6361083984375,1383415
2014-07-29,100.2302017211914,1121863
2014-07-30,99.40979766845703,938688
2014-07-31,98.7591552734375,1628393
2014-08-01,97.91046142578125,1312403
2014-08-04,97.76899719238281,757192
2014-08-05,96.18476867675781,1169076
2014-08-06,95.27951049804688,1517811
2014-08-07,94.31765747070312,1092367
2014-08-08,93.63872528076172,1568361
2014-08-11,95.33609771728516,916074
2014-08-12,94.88346099853516,712222
2014-08-13,94.99661254882812,715115
2014-08-14,94.99661254882812,647301
2014-08-15,93.63872528076172,1074151
2014-08-18,94.54399108886719,622513
2014-08-19,96.2696533203125,879107
2014-08-20,97.09005737304688,758320
2014-08-21,97.74071502685547,660742
2014-08-22,97.37295532226562,723147
2014-08-25,98.64599609375,479848
2014-08-26,99.12689971923828,590128
2014-08-27,98.56112670898438,620126
2014-08-28,97.34466552734375,751927
2014-08-29,96.66571807861328,855842
2014-09-01,96.18476867675781,599103
2014-09-02,97.06175994873047,940443
2014-09-03,98.50452423095703,1054326
2014-09-04,100.3433609008789,1090304
2014-09-05,101.50323486328125,1097987
2014-09-08,101.58810424804688,523547
2014-09-09,100.37165069580078,851734
2014-09-10,99.55126190185547,915716
2014-09-11,99.74928283691406,525603
2014-09-12,99.296630859375,503719
2014-09-15,99.2117691040039,487015
2014-09-16,98.70256042480469,652476
2014-09-17,98.61767578125,569256
2014-09-18,99.46637725830078,658634
2014-09-19,99.74928283691406,2287400
2014-09-22,98.47624969482422,813223
2014-09-23,96.6374282836914,1328176
2014-09-24,96.2696533203125,1126765
2014-09-25,94.23279571533203,1458532
2014-09-26,94.09136199951172,942089
2014-09-29,93.29924774169922,896003
2014-09-30,93.0163345336914,1208353
2014-10-01,90.92290496826172,1560111
2014-10-02,89.1972427368164,1612260
2014-10-06,88.8294677734375,1279604
2014-10-07,88.8577651977539,1541506
2014-10-08,87.86763763427734,1425585
2014-10-09,88.0373764038086,1105800
2014-10-10,85.40644073486328,1975308
2014-10-13,86.6794662475586,1343609
2014-10-14,87.86763763427734,1693878
2014-10-15,85.0103759765625,1660274
2014-10-16,86.62287902832031,2950550
2014-10-17,90.52684783935547,2721494
2014-10-20,88.80117797851562,1204666
2014-10-21,90.13080596923828,1460391
2014-10-22,90.47026062011719,912089
2014-10-23,91.26238250732422,978221
2014-10-24,90.78146362304688,826228
2014-10-27,89.59329223632812,1536138
2014-10-28,91.03606414794922,773254
2014-10-29,91.71503448486328,843653
2014-10-30,93.44068145751953,2162262
2014-10-31,96.21305847167969,1529058
2014-11-03,96.04332733154297,873446
2014-11-04,95.39266967773438,916396
2014-11-05,96.69400787353516,830432
2014-11-06,98.13677215576172,1308207
2014-11-07,96.83544158935547,978693
2014-11-10,97.34466552734375,571810
2014-11-11,97.09005737304688,676583
2014-11-12,95.64728546142578,828641
2014-11-13,95.33609771728516,655037
2014-11-14,96.15648651123047,880452
2014-11-17,96.6374282836914,692453
2014-11-18,98.64599609375,1173344
2014-11-19,98.44794464111328,684196
2014-11-20,98.67427062988281,598270
2014-11-21,100.68283081054688,1854201
2014-11-24,101.81442260742188,1110341
2014-11-25,103.70983123779297,1630910
2014-11-26,103.3420639038086,871321
2014-11-27,104.36050415039062,659068
2014-11-28,104.78482818603516,853048
2014-12-01,104.50193786621094,603042
2014-12-02,103.99272155761719,765525
2014-12-03,104.3887710571289,516331
2014-12-04,103.28548431396484,1117261
2014-12-05,106.3973617553711,929022
2014-12-08,105.3789291381836,517495
2014-12-09,103.5966796875,886944
2014-12-10,103.4552230834961,696443
2014-12-11,105.4920883178711,1287650
2014-12-12,102.77628326416016,1017344
2014-12-15,99.0703353881836,1458729
2014-12-16,101.0223159790039,2012120
2014-12-17,100.68283081054688,844358
2014-12-18,104.41706085205078,1494646
2014-12-19,104.8131332397461,1728135
2014-12-22,105.20918273925781,462175
2014-12-23,105.8598403930664,370236
2014-12-29,105.57694244384766,491355
2014-12-30,104.47366333007812,301393
2015-01-02,103.2572021484375,641902
2015-01-05,99.74928283691406,1135396
2015-01-06,100.37165069580078,1030867
2015-01-07,100.99403381347656,692227
2015-01-08,104.02103424072266,976784
2015-01-09,102.3519287109375,998624
2015-01-12,102.83287048339844,1132994
2015-01-13,105.12430572509766,1154904
2015-01-14,103.85128784179688,995380
2015-01-15,105.52037048339844,1782339
2015-01-16,108.51908874511719,1726791
2015-01-19,108.99996948242188,1054614
2015-01-20,109.22632598876953,889277
2015-01-21,110.07500457763672,1418110
2015-01-22,112.08358001708984,2053675
2015-01-23,115.30858612060547,2279758
2015-01-26,116.12898254394531,1230177
2015-01-27,114.26185607910156,1189345
2015-01-28,115.534912109375,1086296
2015-01-29,115.506591796875,940201
2015-01-30,112.19674682617188,2021518
2015-02-02,114.43159484863281,1008953
2015-02-03,117.17569732666016,1488242
2015-02-04,118.70336151123047,1176823
2015-02-05,120.34413146972656,1314888
2015-02-06,121.22112274169922,1054981
2015-02-09,117.40201568603516,1241446
2015-02-10,118.30728149414062,1265674
2015-02-11,118.95793914794922,753861
2015-02-12,121.33428192138672,1223072
2015-02-13,120.31584167480469,1002071
2015-02-16,120.99478912353516,648962
2015-02-17,120.14610290527344,975297
2015-02-18,122.86192321777344,867603
2015-02-19,126.2566909790039,1394923
2015-02-20,127.30339050292969,1603392
2015-02-23,129.36854553222656,920626
2015-02-24,127.9257583618164,1009588
2015-02-25,126.17179107666016,987578
2015-02-26,127.24679565429688,800880
2015-02-27,127.58628845214844,2390029
2015-03-02,128.4349822998047,1190981
2015-03-03,125.37969970703125,920290
2015-03-04,126.85074615478516,1113860
2015-03-05,127.67115020751953,972757
2015-03-06,130.04751586914062,999422
2015-03-09,131.37710571289062,988846
2015-03-10,130.8678741455078,1020378
2015-03-11,137.06332397460938,1559183
2015-03-12,136.58238220214844,1265929
2015-03-13,140.1751708984375,1009965
2015-03-16,144.3903350830078,1443120
2015-03-17,142.83441162109375,2288113
2015-03-18,138.33636474609375,2110456
2015-03-19,140.31663513183594,1208067
2015-03-20,141.4765167236328,2024073
2015-03-23,136.242919921875,1237417
2015-03-24,138.78900146484375,1103029
2015-03-25,138.053466796875,900154
2015-03-26,137.65740966796875,1593329
2015-03-27,138.39292907714844,1162172
2015-03-30,141.39163208007812,774261
2015-03-31,140.2317657470703,984447
2015-04-01,138.4212188720703,1574410
2015-04-02,137.9403076171875,704487
2015-04-07,138.44952392578125,746792
2015-04-08,138.25149536132812,799978
2015-04-09,141.22189331054688,801016
2015-04-10,143.25875854492188,943689
2015-04-13,140.68438720703125,1030142
2015-04-14,139.43963623046875,876736
2015-04-15,137.3179168701172,979115
2015-04-16,134.46066284179688,1222384
2015-04-17,132.96133422851562,1727341
2015-04-20,130.58499145507812,1407681
2015-04-21,129.00076293945312,1930782
2015-04-22,128.2369384765625,1388351
2015-04-23,129.3119659423828,1610996
2015-04-24,131.85801696777344,1433445
2015-04-27,138.8738555908203,2295398
2015-04-28,135.9600067138672,1248656
2015-04-29,130.5566864013672,1833385
2015-04-30,130.95274353027344,1461167
2015-05-04,130.61328125,1123544
2015-05-05,129.28366088867188,1458554
2015-05-06,127.64188385009766,1887786
2015-05-07,130.06985473632812,1215919
2015-05-08,134.11648559570312,1360160
2015-05-11,131.3994598388672,947365
2015-05-12,127.49736022949219,1597049
2015-05-13,126.08106231689453,1150231
2015-05-14,127.67080688476562,745086
2015-05-15,124.69364166259766,1256625
2015-05-18,128.5379180908203,1397904
2015-05-19,134.81019592285156,1744731
2015-05-20,134.46334838867188,767836
2015-05-21,133.2493438720703,956319
2015-05-22,132.93141174316406,638159
2015-05-26,130.8502960205078,845891
2015-05-27,132.6134490966797,809963
2015-05-28,131.13934326171875,746222
2015-05-29,127.75749206542969,1101514
2015-06-01,127.38175201416016,918732
2015-06-02,125.416259765625,1116269
2015-06-03,125.90763854980469,878715
2015-06-04,125.82091522216797,982663
2015-06-05,123.65309143066406,1209254
2015-06-08,121.83210754394531,980552
2015-06-09,122.93046569824219,1377958
2015-06-10,125.99434661865234,1324582
2015-06-11,125.30064392089844,1118208
2015-06-12,123.3640365600586,1046444
2015-06-15,120.67593383789062,1017906
2015-06-16,121.2829360961914,1104803
2015-06-17,119.86660766601562,942342
2015-06-18,121.5430679321289,1387980
2015-06-19,121.3985595703125,1675120
2015-06-22,125.96543884277344,1390230
2015-06-23,127.2950439453125,1163045
2015-06-24,126.25446319580078,1122117
2015-06-25,126.3990249633789,945327
2015-06-26,126.80369567871094,783509
2015-06-29,122.49691009521484,1472186
2015-06-30,120.24237060546875,1530611
2015-07-01,125.01160430908203,1721505
2015-07-02,123.3929443359375,699149
2015-07-03,122.95938110351562,574919
2015-07-06,121.22509765625,876947
2015-07-07,118.33467102050781,1348357
2015-07-08,115.2419204711914,2250191
2015-07-09,117.75657653808594,1108309
2015-07-10,118.97057342529297,1615752
2015-07-13,118.97057342529297,1661465
2015-07-14,116.08013153076172,1765623
2015-07-15,114.40367126464844,1647108
2015-07-16,116.13792419433594,1949676
2015-07-17,115.61766815185547,1147737
2015-07-20,114.663818359375,1191113
2015-07-21,114.17242431640625,818803
2015-07-22,113.0162582397461,1319200
2015-07-23,112.78501892089844,1049929
2015-07-24,109.72116088867188,1781421
2015-07-27,107.64002990722656,1552800
2015-07-28,110.29924774169922,1533693
2015-07-29,107.72676086425781,2338123
2015-07-30,106.91742706298828,1256351
2015-07-31,105.44329071044922,1746118
2015-08-03,106.65727233886719,1348390
2015-08-04,106.2237319946289,925703
2015-08-05,109.05635070800781,1972897
2015-08-06,108.42045593261719,986043
2015-08-07,109.34541320800781,899510
2015-08-10,110.3281478881836,762487
2015-08-11,106.25262451171875,1812734
2015-08-12,102.78411102294922,2217331
2015-08-13,103.15985107421875,1345938
2015-08-14,103.3910903930664,987229
2015-08-17,102.87079620361328,1027544
2015-08-18,102.06149291992188,827613
2015-08-19,100.15379333496094,1414654
2015-08-20,97.98597717285156,2006187
2015-08-21,96.5118408203125,2685289
2015-08-24,92.32069396972656,4576337
2015-08-25,97.7547378540039,3733314
2015-08-26,97.29227447509766,1965158
2015-08-27,99.54679870605469,1694524
2015-08-28,99.05543518066406,967371
2015-08-31,97.98597717285156,896022
2015-09-01,95.00881958007812,1604037
2015-09-02,94.2283935546875,1410786
2015-09-03,96.36730194091797,1673355
2015-09-04,93.76591491699219,1454489
2015-09-07,94.0838623046875,598968
2015-09-08,96.5118408203125,1219204
2015-09-09,98.13048553466797,1619341
2015-09-10,97.08992004394531,1148347
2015-09-11,97.08992004394531,833435
2015-09-14,96.59855651855469,938711
2015-09-15,97.81253814697266,969840
2015-09-16,98.07268524169922,1207214
2015-09-17,97.00321960449219,1192953
2015-09-18,93.88153076171875,3230795
2015-09-21,76.42327117919922,13754455
2015-09-22,61.277366638183594,14197367
2015-09-23,64.45684051513672,11570539
2015-09-24,64.83260345458984,7305225
2015-09-25,62.028873443603516,4917154
2015-09-28,57.4041633605957,5577300
2015-09-29,55.03400421142578,4578800
2015-09-30,56.50812911987305,3759413
2015-10-01,55.78551483154297,3846075
2015-10-02,53.39223861694336,4299518
2015-10-05,54.06281661987305,4019031
2015-10-06,56.126590728759766,3258238
2015-10-07,60.121185302734375,4079393
2015-10-08,59.83213806152344,3735305
2015-10-09,61.62421798706055,2977626
2015-10-12,62.75149154663086,1891476
2015-10-13,61.45078659057617,1883642
2015-10-14,61.62421798706055,2320733
2015-10-15,59.4274787902832,2122739
2015-10-16,58.15568923950195,1842135
2015-10-19,57.340576171875,1893624
2015-10-20,57.05731201171875,1232586
2015-10-21,58.04006576538086,1352464
2015-10-22,60.00556182861328,1677013
2015-10-23,62.260101318359375,1645859
2015-10-26,61.85545349121094,792426
2015-10-27,60.785980224609375,918657
2015-10-28,63.213958740234375,2428361
2015-10-29,62.66477584838867,1563109
2015-10-30,63.18505859375,994953
2015-11-02,65.15055084228516,1468726
2015-11-03,64.16780090332031,1846630
2015-11-04,58.06896209716797,5389245
2015-11-05,56.36361312866211,4026115
2015-11-06,56.17862319946289,2431662
2015-11-09,55.49646759033203,1775912
2015-11-10,55.25368118286133,1533699
2015-11-11,55.59475326538086,1138514
2015-11-12,55.143836975097656,1257718
2015-11-13,55.69881057739258,1708742
2015-11-16,56.340484619140625,1379071
2015-11-17,57.02263641357422,1363607
2015-11-18,58.61815643310547,1513434
2015-11-19,61.190643310546875,1885222
2015-11-20,62.693660736083984,1877147
2015-11-23,63.53190231323242,2963049
2015-11-24,67.00041961669922,4137891
2015-11-25,69.57293701171875,2883586
2015-11-26,72.02980041503906,3518099
2015-11-27,71.59623718261719,2158479
2015-11-30,76.0475082397461,4267149
2015-12-01,75.23818969726562,3983767
2015-12-02,73.3883056640625,2832902
2015-12-03,72.63680267333984,2527945
2015-12-04,73.35940551757812,1625821
2015-12-07,73.47502136230469,1121722
2015-12-08,71.71185302734375,1719610
2015-12-09,76.16313171386719,3719393
2015-12-10,77.03025817871094,2945128
2015-12-11,74.3132553100586,1760289
2015-12-14,71.24937438964844,2531539
2015-12-15,72.49227905273438,1926004
2015-12-16,72.55007934570312,1680129
2015-12-17,75.64285278320312,2153222
2015-12-18,75.15148162841797,3310315
2015-12-21,75.41161346435547,1632560
2015-12-22,76.36546325683594,1073139
2015-12-23,78.0708236694336,1277390
2015-12-25,78.0708236694336,0
2015-12-28,76.97245788574219,618649
2015-12-29,78.24425506591797,743821
2015-12-30,77.31932067871094,490476
2016-01-04,73.07036590576172,1844847
2016-01-05,70.17991638183594,3018418
2016-01-06,68.73469543457031,2003639
2016-01-07,66.48014831542969,2420461
2016-01-08,66.53795623779297,1645496
2016-01-11,67.66525268554688,1796731
2016-01-12,69.9197769165039,1612308
2016-01-13,69.65963745117188,1732562
2016-01-14,67.05824279785156,2349159
2016-01-15,64.6880874633789,2367963
2016-01-18,63.79204177856445,1420484
2016-01-19,63.64752197265625,1405081
2016-01-20,60.46803283691406,2112559
2016-01-21,63.82094192504883,1896825
2016-01-22,65.29508209228516,1726174
2016-01-25,64.02327728271484,1094066
2016-01-26,64.91931915283203,1151221
2016-01-27,64.65917205810547,979171
2016-01-28,62.80929946899414,1373800
2016-01-29,61.797637939453125,1564656
2016-02-01,61.21955490112305,1257806
2016-02-02,60.00556182861328,1010791
2016-02-03,58.61815643310547,1738313
2016-02-04,58.38691711425781,1792183
2016-02-05,59.62980270385742,2138944
2016-02-08,56.6295280456543,2167683
2016-02-09,55.218990325927734,2743129
2016-02-10,56.28845977783203,1801882
2016-02-11,54.340301513671875,1750297
2016-02-12,55.03400421142578,1489085
2016-02-15,58.82047653198242,1621931
2016-02-16,57.89554214477539,1298875
2016-02-17,60.29460906982422,1304592
2016-02-18,60.95940399169922,1296236
2016-02-19,58.99391555786133,1668793
2016-02-22,61.47969055175781,1074332
2016-02-23,59.71652603149414,879449
2016-02-24,56.94169235229492,1950777
2016-02-25,57.23073959350586,1197697
2016-02-26,59.88994598388672,1534649
2016-02-29,62.260101318359375,2007050
2016-03-01,65.09274291992188,2139373
2016-03-02,66.88480377197266,1640446
2016-03-03,67.14495086669922,1445152
2016-03-04,69.94867706298828,2076333
2016-03-07,67.72305297851562,1599116
2016-03-08,64.91931915283203,1651253
2016-03-09,65.46849822998047,1800482
2016-03-10,62.924903869628906,2138863
2016-03-11,65.72864532470703,1264045
2016-03-14,66.82701110839844,1075279
2016-03-15,65.32398986816406,988407
2016-03-16,66.27781677246094,963064
2016-03-17,66.36454772949219,1787531
2016-03-18,67.34728240966797,2228235
2016-03-21,67.05824279785156,1263426
2016-03-22,67.92537689208984,927885
2016-03-23,67.75194549560547,984052
2016-03-24,66.39344024658203,1099810
2016-03-29,65.3528823852539,1011006
2016-03-30,65.64192199707031,852998
2016-03-31,64.65917205810547,795605
2016-04-01,62.260101318359375,1215441
2016-04-04,61.94216537475586,695642
2016-04-05,59.456382751464844,1406117
2016-04-06,59.83213806152344,1020790
2016-04-07,59.167335510253906,921521
2016-04-08,60.0922737121582,1008850
2016-04-11,61.508602142333984,902091
2016-04-12,62.11558532714844,760068
2016-04-13,64.6302719116211,1558095
2016-04-14,64.91931915283203,936821
2016-04-15,63.387386322021484,958909
2016-04-18,64.08108520507812,821777
2016-04-19,65.55521392822266,1206947
2016-04-20,69.890869140625,3933415
2016-04-21,73.44612121582031,4099050
2016-04-22,72.52117919921875,2589724
2016-04-25,71.16265869140625,1047567
2016-04-26,72.2899398803711,946563
2016-04-27,74.83352661132812,1588232
2016-04-28,76.45218658447266,1969626
2016-04-29,73.09925842285156,1750792
2016-05-02,73.21488189697266,723211
2016-05-03,70.93143463134766,1177578
2016-05-04,69.31278228759766,1146275
2016-05-05,68.50346374511719,871670
2016-05-06,70.4111557006836,1297282
2016-05-09,71.91419219970703,1327436
2016-05-10,74.94914245605469,1488393
2016-05-11,75.35382080078125,1328333
2016-05-12,73.70625305175781,1121119
2016-05-13,74.68901062011719,994582
2016-05-17,72.6946029663086,1526281
2016-05-18,74.13981628417969,1094817
2016-05-19,74.0820083618164,1276561
2016-05-20,74.94914245605469,1180553
2016-05-23,74.1687240600586,1023694
2016-05-24,77.11698150634766,1961703
2016-05-25,77.63725280761719,1592604
2016-05-26,78.2153549194336,879780
2016-05-27,78.41767120361328,968631
2016-05-30,79.74727630615234,923030
2016-05-31,77.66616821289062,2539945
2016-06-01,76.19204711914062,1408036
2016-06-02,77.55054473876953,1252485
2016-06-03,75.26708221435547,1680719
2016-06-06,75.70066833496094,768216
2016-06-07,77.23259735107422,1117481
2016-06-08,75.81626892089844,916537
2016-06-09,74.13981628417969,1329588
2016-06-10,72.52117919921875,1686477
2016-06-13,70.4111557006836,1334255
2016-06-14,68.8503189086914,1461810
2016-06-15,69.4572982788086,1364919
2016-06-16,67.95428466796875,1853159
2016-06-17,68.64798736572266,1606888
2016-06-20,72.11652374267578,1573582
2016-06-21,71.45171356201172,1053963
2016-06-22,71.16265869140625,827531
2016-06-23,73.48978424072266,1340376
2016-06-24,66.13793182373047,4845355
2016-06-27,61.41999053955078,3183620
2016-06-28,62.43303680419922,2258891
2016-06-29,62.89616012573242,1927211
2016-06-30,62.69355010986328,1828468
2016-07-01,65.79058837890625,1826576
2016-07-04,64.48809814453125,1136465
2016-07-05,62.63565444946289,1235665
2016-07-06,61.448936462402344,1897786
2016-07-07,61.36210250854492,1152601
2016-07-08,63.73553466796875,1338181
2016-07-11,65.58798217773438,1286873
2016-07-12,67.61409759521484,1422211
2016-07-13,66.48524475097656,1214763
2016-07-14,67.87458801269531,1155867
2016-07-15,67.23780822753906,972116
2016-07-18,67.87458801269531,1056346
2016-07-19,67.41148376464844,1368622
2016-07-20,71.46368408203125,3515190
2016-07-21,69.95857238769531,1572937
2016-07-22,69.81385803222656,841261
2016-07-25,70.45063781738281,868527
2016-07-26,72.21624755859375,1162157
2016-07-27,73.92396545410156,1933068
2016-07-28,71.60841369628906,1724091
2016-07-29,72.82408142089844,935272
2016-08-01,72.44779205322266,776562
2016-08-02,68.8008041381836,1552462
2016-08-03,68.19297790527344,1380655
2016-08-04,69.26393127441406,874182
2016-08-05,71.81102752685547,938979
2016-08-08,71.29003143310547,782960
2016-08-09,73.25823974609375,1043690
2016-08-10,73.17142486572266,941327
2016-08-11,73.57662963867188,722793
2016-08-12,72.1583480834961,781151
2016-08-15,73.14246368408203,544019
2016-08-16,71.86892700195312,912555
2016-08-17,70.47958374023438,1005078
2016-08-18,70.47958374023438,732950
2016-08-19,69.40863037109375,955176
2016-08-22,69.49547576904297,952770
2016-08-23,71.17424774169922,989956
2016-08-24,71.0005874633789,721191
2016-08-25,69.69808197021484,1002019
2016-08-26,71.8978500366211,1262102
2016-08-29,70.85586547851562,589692
2016-08-30,72.24518585205078,964915
2016-08-31,72.07152557373047,889574
2016-09-01,71.69524383544922,940549
2016-09-02,72.44779205322266,1126209
2016-09-05,72.27413177490234,745682
2016-09-06,72.3899154663086,867938
2016-09-07,73.3740234375,1042527
2016-09-08,72.88196563720703,1140447
2016-09-09,72.27413177490234,902883
2016-09-12,71.23213958740234,1186645
2016-09-13,70.68218994140625,851658
2016-09-14,70.94268798828125,868782
2016-09-15,70.85586547851562,1017188
2016-09-16,68.2798080444336,2658345
2016-09-19,69.17707824707031,958092
2016-09-20,68.51136016845703,778595
2016-09-21,68.9455337524414,687208
2016-09-22,70.04541778564453,1011297
2016-09-23,68.97447204589844,965021
2016-09-26,67.2667465209961,1284652
2016-09-27,65.53007507324219,2595299
2016-09-28,66.31158447265625,1187597
2016-09-29,66.89046478271484,918888
2016-09-30,67.70092010498047,1313487
2016-10-04,68.65607452392578,1519985
2016-10-05,69.61125183105469,1310593
2016-10-06,69.4665298461914,913539
2016-10-07,68.62714385986328,1259918
2016-10-10,70.2480239868164,1060710
2016-10-11,69.64019775390625,1061795
2016-10-12,69.5244140625,735308
2016-10-13,68.13508605957031,1161459
2016-10-14,69.81385803222656,1273172
2016-10-17,69.26393127441406,699053
2016-10-18,70.21907043457031,832877
2016-10-19,70.2480239868164,1089220
2016-10-20,71.43474578857422,1177482
2016-10-21,71.34791564941406,1209555
2016-10-24,72.85301971435547,1157622
2016-10-25,73.46085357666016,1326079
2016-10-26,72.93985748291016,1693284
2016-10-27,72.73724365234375,1514246
2016-10-28,72.9109115600586,1087244
2016-10-31,72.47674560546875,745723
2016-11-01,71.5794677734375,921706
2016-11-02,69.61125183105469,1163584
2016-11-03,69.00341033935547,1190320
2016-11-04,68.71397399902344,1128326
2016-11-07,69.09024810791016,1405521
2016-11-08,68.8008041381836,1209846
2016-11-09,67.38253784179688,2654862
2016-11-10,66.4273681640625,1864947
2016-11-11,68.0193099975586,1694157
2016-11-14,67.72987365722656,1337012
2016-11-15,68.59819030761719,1321035
2016-11-16,68.33769989013672,1010011
2016-11-17,68.04824829101562,821969
2016-11-18,67.81669616699219,1220126
2016-11-21,69.5244140625,1578932
2016-11-22,69.81385803222656,1112253
2016-11-23,71.20319366455078,1640988
2016-11-24,72.18729400634766,1116857
2016-11-25,72.41886138916016,1116511
2016-11-28,71.02952575683594,933723
2016-11-29,70.97164154052734,899492
2016-11-30,70.5085220336914,715426
2016-12-01,69.3218002319336,1148047
2016-12-02,68.742919921875,1456671
2016-12-05,70.39274597167969,1111282
2016-12-06,70.27696990966797,883896
2016-12-07,73.51873779296875,2194524
2016-12-08,74.61862182617188,2457149
2016-12-09,74.15553283691406,1256082
2016-12-12,73.54767608642578,1062242
2016-12-13,74.76335144042969,1119608
2016-12-14,74.64757537841797,1005810
2016-12-15,75.22645568847656,1502635
2016-12-16,75.95005798339844,2022396
2016-12-19,77.36833953857422,1165543
2016-12-20,78.87345886230469,1748563
2016-12-21,80.34961700439453,1594428
2016-12-22,80.34961700439453,1234028
2016-12-23,79.59706115722656,793802
2016-12-27,79.45233154296875,642322
2016-12-28,79.07606506347656,634302
2016-12-29,77.28152465820312,1189830
2016-12-30,77.1946792602539,555735
2017-01-02,79.74177551269531,947388
2017-01-03,81.3047866821289,2065730
2017-01-04,80.32066345214844,1570153
2017-01-05,80.52328491210938,984929
2017-01-06,80.46539306640625,795889
2017-01-09,84.43077850341797,2936933
2017-01-10,84.54654693603516,2345934
2017-01-11,87.41205596923828,3083904
2017-01-12,85.2701644897461,2087746
2017-01-13,86.57266235351562,1682289
2017-01-16,84.69127655029297,982722
2017-01-17,84.72023010253906,1407380
2017-01-18,84.74915313720703,900374
2017-01-19,85.55960083007812,958189
2017-01-20,85.7911605834961,1185073
2017-01-23,88.45404815673828,2461860
2017-01-24,88.91716766357422,1398383
2017-01-25,89.09082794189453,1751077
2017-01-26,88.28035736083984,1112311
2017-01-27,86.77525329589844,1310558
2017-01-30,84.2281723022461,1364761
2017-01-31,83.30194091796875,1615633
2017-02-01,84.34394073486328,1078447
2017-02-02,83.53350830078125,998554
2017-02-03,83.8808364868164,765096
2017-02-06,82.14417266845703,1243901
2017-02-07,82.11522674560547,741277
2017-02-08,80.98638916015625,1049799
2017-02-09,81.04428100585938,1286343
2017-02-10,82.28889465332031,995836
2017-02-13,84.08344268798828,1006323
2017-02-14,85.00965881347656,942897
2017-02-15,84.43077850341797,1012475
2017-02-16,83.12828063964844,966444
2017-02-17,81.18901062011719,1903272
2017-02-20,82.28889465332031,746896
2017-02-21,83.4466552734375,1090331
2017-02-22,81.82577514648438,1789289
2017-02-23,81.99945068359375,799955
2017-02-24,81.76788330078125,1334354
2017-02-27,81.04428100585938,1475405
2017-02-28,80.87062072753906,947029
2017-03-01,83.59137725830078,1383270
2017-03-02,83.8808364868164,811051
2017-03-03,83.90977478027344,951462
2017-03-06,83.27299499511719,687110
2017-03-07,83.82294464111328,682480
2017-03-08,82.80988311767578,1042454
2017-03-09,81.73894500732422,1407121
2017-03-10,81.88367462158203,900827
2017-03-13,83.4466552734375,1079065
2017-03-14,81.85472106933594,1654159
2017-03-15,81.18901062011719,2062152
2017-03-16,81.18901062011719,1401942
2017-03-17,80.23384094238281,2436334
2017-03-20,79.39445495605469,851858
2017-03-21,77.8025131225586,1853013
2017-03-22,78.93134307861328,1274602
2017-03-23,78.87345886230469,1033466
2017-03-24,78.61296081542969,772526
2017-03-27,78.12090301513672,995025
2017-03-28,79.45233154296875,937205
2017-03-29,79.33655548095703,841555
2017-03-30,78.8445053100586,842372
2017-03-31,79.07606506347656,1078491
2017-04-03,78.5550537109375,792174
2017-04-04,77.6867446899414,1312852
2017-04-05,77.07890319824219,1081007
2017-04-06,76.9920654296875,962053
2017-04-07,76.93416595458984,857105
2017-04-10,76.93416595458984,525705
2017-04-11,76.2684555053711,919518
2017-04-12,76.35528564453125,882136
2017-04-13,75.9211196899414,859216
2017-04-18,79.27867126464844,2601641
2017-04-19,80.84165954589844,1728231
2017-04-20,80.87062072753906,930717
2017-04-21,81.04428100585938,1378675
2017-04-24,83.07038116455078,1740349
2017-04-25,84.31499481201172,1429284
2017-04-26,84.2571029663086,1061048
2017-04-27,83.59137725830078,855000
2017-04-28,84.2571029663086,1182990
2017-05-02,83.59137725830078,1287839
2017-05-03,82.92566680908203,849789
2017-05-04,83.27299499511719,1193902
2017-05-05,83.47562408447266,1164430
2017-05-08,84.11238098144531,1022179
2017-05-09,83.50455474853516,934069
2017-05-10,83.59137725830078,1356636
2017-05-11,84.18453216552734,1148170
2017-05-12,84.94795989990234,982593
2017-05-15,84.77178955078125,740709
2017-05-16,84.18453216552734,683545
2017-05-17,82.65763092041016,1284194
2017-05-18,81.33628845214844,1559443
2017-05-19,81.86483001708984,916503
2017-05-22,81.30692291259766,942786
2017-05-23,81.10138702392578,1454704
2017-05-24,81.33628845214844,783487
2017-05-25,81.48310852050781,671808
2017-05-26,81.01329040527344,902632
2017-05-29,80.63157653808594,404267
2017-05-30,80.22049713134766,778057
2017-05-31,78.54678344726562,1405894
2017-06-01,79.72132110595703,1039993
2017-06-02,80.77838897705078,1350796
2017-06-05,80.77838897705078,0
2017-06-06,79.25149536132812,1091464
2017-06-07,78.2237777709961,1294759
2017-06-08,77.66587829589844,1284305
2017-06-09,77.87142944335938,981308
2017-06-12,79.19277954101562,1640335
2017-06-13,79.42768096923828,765695
2017-06-14,77.75395965576172,1647486
2017-06-15,77.13734436035156,1846860
2017-06-16,77.04924011230469,1761910
2017-06-19,77.04924011230469,1026211
2017-06-20,77.48970031738281,813556
2017-06-21,77.66587829589844,757524
2017-06-22,79.07530975341797,1076284
2017-06-23,78.48805236816406,874211
2017-06-26,78.8697738647461,709548
2017-06-27,78.75232696533203,824120
2017-06-28,78.8991470336914,666867
2017-06-29,78.1063232421875,899824
2017-06-30,78.31188201904297,956389
2017-07-03,79.75067901611328,1045597
2017-07-04,79.9855728149414,618703
2017-07-05,79.66258239746094,799354
2017-07-06,81.10138702392578,1867231
2017-07-07,81.48310852050781,896069
2017-07-10,81.42436981201172,835096
2017-07-11,82.3052749633789,1211541
2017-07-12,83.71471405029297,1363074
2017-07-13,84.18453216552734,1414285
2017-07-14,85.41778564453125,1395155
2017-07-17,84.8892593383789,1116164
2017-07-18,83.80279541015625,1319561
2017-07-19,84.27261352539062,843473
2017-07-20,83.94961547851562,1380181
2017-07-21,80.89584350585938,3260127
2017-07-24,79.78003692626953,2416175
2017-07-25,78.72296142578125,1677767
2017-07-26,80.22049713134766,1943782
2017-07-27,78.31188201904297,1708395
2017-07-28,77.40161895751953,1708574
2017-07-31,76.40326690673828,1295469
2017-08-01,77.10797119140625,1147472
2017-08-02,76.84371185302734,1258492
2017-08-03,76.34452819824219,981052
2017-08-04,76.34452819824219,1717629
2017-08-07,75.90409088134766,946920
2017-08-08,75.99217224121094,781351
2017-08-09,75.17000579833984,1084409
2017-08-10,74.67082977294922,1069438
2017-08-11,74.87637329101562,917462
2017-08-14,75.52236938476562,908559
2017-08-15,75.66918182373047,671966
2017-08-16,76.22708892822266,753908
2017-08-17,75.69853210449219,742367
2017-08-18,75.17000579833984,1036029
2017-08-21,74.43592071533203,947657
2017-08-22,74.75891876220703,745118
2017-08-23,74.34782409667969,667190
2017-08-24,74.93508911132812,1023856
2017-08-25,74.78828430175781,749252
2017-08-28,74.81764221191406,508439
2017-08-29,74.28910827636719,1190567
2017-08-30,73.93673706054688,640635
2017-08-31,73.61375427246094,1075536
2017-09-01,74.28910827636719,1110878
2017-09-04,74.43592071533203,645570
2017-09-05,75.81600189208984,1262268
2017-09-06,77.04924011230469,1498760
2017-09-07,77.31350708007812,1125100
2017-09-08,77.724609375,982440
2017-09-11,78.1063232421875,1128753
2017-09-12,79.63322448730469,1639313
2017-09-13,80.22049713134766,1681632
2017-09-14,80.13240814208984,1110237
2017-09-15,80.30858612060547,2146137
2017-09-18,80.60220336914062,1028945
2017-09-19,80.71966552734375,867851
2017-09-20,80.2791976928711,794113
2017-09-21,80.98391723632812,760630
2017-09-22,80.80774688720703,850483
2017-09-25,80.92520904541016,716384
2017-09-26,82.83381652832031,1556927
2017-09-27,82.62825775146484,1265300
2017-09-28,81.24820709228516,1042394
2017-09-29,81.04265594482422,2460583
2017-10-02,80.80774688720703,1112030
2017-10-03,80.80774688720703,0
2017-10-04,82.65763092041016,1667787
2017-10-05,83.21553802490234,1174956
2017-10-06,83.86153411865234,1024842
2017-10-09,83.50917053222656,780510
2017-10-10,83.01000213623047,992688
2017-10-11,83.56790161132812,889410
2017-10-12,84.39006805419922,1606500
2017-10-13,84.65434265136719,982899
2017-10-16,84.41943359375,881395
2017-10-17,84.06706237792969,860022
2017-10-18,84.94795989990234,868657
2017-10-19,84.09644317626953,1369139
2017-10-20,83.12744140625,1430467
2017-10-23,83.50917053222656,808411
2017-10-24,85.4471435546875,1416570
2017-10-25,84.85987854003906,1004824
2017-10-26,85.4471435546875,1055600
2017-10-27,89.26436614990234,3212159
2017-10-30,91.55469512939453,2725741
2017-10-31,91.55469512939453,0
2017-11-01,95.92984771728516,2954200
2017-11-02,95.98857116699219,2252911
2017-11-03,95.69493865966797,1470943
2017-11-06,95.2251205444336,1499328
2017-11-07,95.07829284667969,1376407
2017-11-08,92.96415710449219,1716034
2017-11-09,92.37688446044922,1938302
2017-11-10,91.9070816040039,1501326
2017-11-13,92.14197540283203,1411558
2017-11-14,91.20235443115234,868771
2017-11-15,90.64445495605469,1186056
2017-11-16,92.87606048583984,1564817
2017-11-17,93.22843170166016,1327879
2017-11-20,97.13372802734375,3335432
2017-11-21,100.07005310058594,3869781
2017-11-22,98.19080352783203,1576506
2017-11-23,98.51380157470703,929206
2017-11-24,99.51215362548828,1329438
2017-11-27,99.4827880859375,1094034
2017-11-28,100.36369323730469,1028781
2017-11-29,103.76984405517578,2536097
2017-11-30,104.59200286865234,1891413
2017-12-01,101.80250549316406,2322953
2017-12-04,101.80250549316406,1286326
2017-12-05,100.27560424804688,1298478
2017-12-06,97.42736053466797,1499027
2017-12-07,99.51215362548828,1172440
2017-12-08,101.09778594970703,1265019
2017-12-11,100.21687316894531,934935
2017-12-12,99.51215362548828,1196259
2017-12-13,99.89387512207031,912727
2017-12-14,99.62960815429688,922243
2017-12-15,99.36534118652344,1618741
2017-12-18,101.65568542480469,874186
2017-12-19,101.45013427734375,627587
2017-12-20,99.65897369384766,884744
2017-12-21,99.98197174072266,620997
2017-12-22,99.2479019165039,511508
2017-12-27,98.455078125,613251
2017-12-28,98.36698913574219,422703
2017-12-29,97.75035858154297,446048
2018-01-02,97.30992126464844,1319104
2018-01-03,100.68083190917969,1426451
2018-01-04,102.44261932373047,1564533
2018-01-05,105.23800659179688,2195933
2018-01-08,105.61385345458984,1162286
2018-01-09,105.8487548828125,1061304
2018-01-10,104.65074920654297,1086120
2018-01-11,104.41584777832031,1037871
2018-01-12,105.60211181640625,983517
2018-01-15,105.64907836914062,696267
2018-01-16,108.05687713623047,1960833
2018-01-17,106.11888885498047,1479320
2018-01-18,105.68431854248047,1187082
2018-01-19,107.89244079589844,1565822
2018-01-22,110.69957733154297,1764845
2018-01-23,109.97135925292969,1849879
2018-01-24,108.0686264038086,1350565
2018-01-25,106.51825714111328,1492560
2018-01-26,106.82361602783203,834092
2018-01-29,106.9293212890625,1031696
2018-01-30,104.88565063476562,1345896
2018-01-31,103.95774841308594,1292804
2018-02-01,104.29838562011719,1419121
2018-02-02,101.04492950439453,2080247
2018-02-05,99.1539306640625,1675116
2018-02-06,97.05149841308594,2841768
2018-02-07,100.64559173583984,2177110
2018-02-08,96.78137969970703,1738159
2018-02-09,95.84173583984375,2218393
2018-02-12,97.40386962890625,1439752
2018-02-13,96.14713287353516,1042373
2018-02-14,97.53306579589844,1555342
2018-02-15,96.9458236694336,1400673
2018-02-16,98.23778533935547,1239702
2018-02-19,97.40386962890625,632594
2018-02-20,96.81661987304688,1260827
2018-02-21,96.05317687988281,1137050
2018-02-22,96.26459503173828,1123920
2018-02-23,95.48938751220703,1946368
2018-02-26,97.21593475341797,1690344
2018-02-27,96.3468017578125,1488978
2018-02-28,94.6202392578125,1397915
2018-03-01,92.29467010498047,2062128
2018-03-02,90.29795837402344,2093492
2018-03-05,90.16875457763672,1697684
2018-03-06,92.2007064819336,1936246
2018-03-07,91.61344146728516,1401561
2018-03-08,92.03627014160156,1307704
2018-03-09,92.13021850585938,1096932
2018-03-12,93.12859344482422,940146
2018-03-13,90.74429321289062,2077985
2018-03-14,92.02452087402344,1690534
2018-03-15,94.54977416992188,1949481
2018-03-16,95.2074966430664,2001883
2018-03-19,93.69235229492188,1274303
2018-03-20,94.7259292602539,949162
2018-03-21,94.25613403320312,888633
2018-03-22,92.77622985839844,1277267
2018-03-23,90.25098419189453,1954317
2018-03-26,90.87347412109375,1299574
2018-03-27,91.88359069824219,1227554
2018-03-28,91.02618408203125,1290547
2018-03-29,94.7729263305664,2427652
2018-04-03,95.36019897460938,1365832
2018-04-04,94.8433837890625,1297364
2018-04-05,98.14381408691406,1602811
2018-04-06,96.89883422851562,1093634
2018-04-09,96.4642562866211,897827
2018-04-10,100.76304626464844,2478287
2018-04-11,101.69091796875,1743565
2018-04-12,103.71112823486328,2090322
2018-04-13,104.11045837402344,1754153
2018-04-16,101.09191131591797,1439618
2018-04-17,102.61880493164062,1127054
2018-04-18,102.39564514160156,981031
2018-04-19,101.76139831542969,1040354
2018-04-20,100.48114776611328,1155947
2018-04-23,99.50629425048828,1014503
2018-04-24,99.62374877929688,966825
2018-04-25,98.07335662841797,1329102
2018-04-26,100.68083190917969,1839110
2018-04-27,101.43253326416016,1137801
2018-04-30,100.91573333740234,828466
2018-05-02,104.43932342529297,1905094
2018-05-03,103.38223266601562,1534996
2018-05-04,103.7667465209961,951734
2018-05-07,105.86946868896484,871213
2018-05-08,104.3675308227539,1018196
2018-05-09,102.61323547363281,1097121
2018-05-10,103.09387969970703,666136
2018-05-11,103.51441192626953,679104
2018-05-14,102.93766784667969,598549
2018-05-15,104.2593765258789,762437
2018-05-16,103.53843688964844,701795
2018-05-17,104.54774475097656,668639
2018-05-18,103.99504089355469,1113532
2018-05-21,103.99504089355469,0
2018-05-22,106.09777069091797,1385734
2018-05-23,103.18999481201172,1171179
2018-05-24,100.5705795288086,1902127
2018-05-25,102.21673583984375,1074854
2018-05-28,100.42640686035156,812866
2018-05-29,97.63878631591797,2066993
2018-05-30,98.61205291748047,966247
2018-05-31,96.68955993652344,1729943
2018-06-01,97.41048431396484,1448668
2018-06-04,97.446533203125,718066
2018-06-05,97.48258209228516,855618
2018-06-06,97.92716217041016,817930
2018-06-07,97.86708068847656,857422
2018-06-08,95.76434326171875,1429136
2018-06-11,95.66822814941406,867322
2018-06-12,95.86046600341797,830768
2018-06-13,95.9926528930664,859739
2018-06-14,98.13142395019531,1563617
2018-06-15,96.73760986328125,2240779
2018-06-18,93.75775146484375,2210716
2018-06-19,91.49880981445312,1847030
2018-06-20,92.78448486328125,1750904
2018-06-21,89.90074920654297,2464814
2018-06-22,89.74451446533203,1250945
2018-06-25,87.55769348144531,1326479
2018-06-26,86.82474517822266,1442453
2018-06-27,88.03832244873047,1463401
2018-06-28,85.99565887451172,1706638
2018-06-29,85.44295501708984,1301646
2018-07-02,84.77008056640625,1623335
2018-07-03,85.310791015625,1046033
2018-07-04,85.73131561279297,827513
2018-07-05,89.20382690429688,2295415
2018-07-06,88.75926208496094,1173541
2018-07-09,87.71389770507812,942432
2018-07-10,87.7018814086914,745773
2018-07-11,85.80342102050781,1164387
2018-07-12,85.85147857666016,820794
2018-07-13,86.51234436035156,825206
2018-07-16,85.74333953857422,853678
2018-07-17,86.56039428710938,938030
2018-07-18,88.50692749023438,1260856
2018-07-19,88.91545867919922,1122785
2018-07-20,86.90885925292969,1611510
2018-07-23,87.65380859375,855103
2018-07-24,90.11702728271484,1750333
2018-07-25,87.66584014892578,1666434
2018-07-26,91.13834381103516,2197625
2018-07-27,90.78988647460938,1116046
2018-07-30,90.9941635131836,809150
2018-07-31,91.45075225830078,1270584
2018-08-01,88.0743637084961,2761582
2018-08-02,86.15187072753906,2353602
2018-08-03,87.3173828125,1176873
2018-08-06,87.4014892578125,757639
2018-08-07,88.24259185791016,955205
2018-08-08,88.80731964111328,908549
2018-08-09,88.81932830810547,779279
2018-08-10,86.74064636230469,1278027
2018-08-13,86.50031280517578,589321
2018-08-14,85.85147857666016,793502
2018-08-15,83.17200469970703,1962637
2018-08-16,83.77278137207031,995530
2018-08-17,83.35223388671875,1226563
2018-08-20,83.50843811035156,661764
2018-08-21,84.54178619384766,1150636
2018-08-22,83.40031433105469,1585333
2018-08-23,82.87162017822266,834134
2018-08-24,82.90766906738281,817975
2018-08-27,84.98637390136719,1019609
2018-08-28,86.13986206054688,1184815
2018-08-29,86.00769805908203,705283
2018-08-30,85.82744598388672,1186925
2018-08-31,84.61386108398438,1154110
2018-09-03,82.87162017822266,1242999
2018-09-04,81.82625579833984,1158865
2018-09-05,81.79019927978516,1234483
2018-09-06,81.85028076171875,1033049
2018-09-07,81.754150390625,928359
2018-09-10,82.60726928710938,1203348
2018-09-11,82.5351791381836,940053
2018-09-12,83.1479721069336,1026573
2018-09-13,84.57781982421875,1573485
2018-09-14,86.51234436035156,1657255
2018-09-17,86.80072021484375,1099146
2018-09-18,89.05966186523438,2383648
2018-09-19,90.77789306640625,1410073
2018-09-20,91.61896514892578,1528552
2018-09-21,92.74844360351562,2831151
2018-09-24,91.88331604003906,1086990
2018-09-25,90.40538787841797,1762343
2018-09-26,90.89803314208984,1507699
2018-09-27,92.43603515625,1594113
2018-09-28,91.0782699584961,1458915
2018-10-01,91.61896514892578,904635
2018-10-02,91.88331604003906,984810
2018-10-04,91.36663055419922,1162913
2018-10-05,89.69647979736328,1177414
2018-10-08,88.3146743774414,787924
2018-10-09,88.03832244873047,1111746
2018-10-10,86.23597717285156,1655655
2018-10-11,84.3975830078125,2350505
2018-10-12,84.20535278320312,1194692
2018-10-15,86.76466369628906,1640865
2018-10-16,88.56700897216797,2203530
2018-10-17,88.37476348876953,984097
2018-10-18,87.4615707397461,1146495
2018-10-19,86.50031280517578,2178262
2018-10-22,85.51504516601562,963036
2018-10-23,83.92898559570312,1707878
2018-10-24,80.32430267333984,2296187
2018-10-25,82.306884765625,1732067
2018-10-26,82.23477935791016,1390575
2018-10-29,85.56310272216797,2427332
2018-10-30,88.15848541259766,2700967
2018-10-31,89.3720474243164,2099637
2018-11-01,91.0422134399414,1741437
2018-11-02,92.7364273071289,2844565
2018-11-05,93.38525390625,1020943
2018-11-06,93.8058090209961,1240561
2018-11-07,93.09689331054688,1179146
2018-11-08,90.89803314208984,1292793
2018-11-09,87.74994659423828,2266275
2018-11-12,87.61776733398438,909379
2018-11-13,88.89142608642578,1177467
2018-11-14,89.69647979736328,1546762
2018-11-15,88.69917297363281,956012
2018-11-16,86.46427154541016,1932846
2018-11-19,88.1464614868164,1666098
2018-11-20,87.56970977783203,1385456
2018-11-21,91.53485870361328,1891769
2018-11-22,91.27051544189453,1120391
2018-11-23,90.70578002929688,1017688
2018-11-26,92.6282958984375,1014394
2018-11-27,88.91545867919922,1779095
2018-11-28,89.52825927734375,1324107
2018-11-29,90.153076171875,1201525
2018-11-30,89.45614624023438,1517522
2018-12-03,92.02749633789062,1821707
2018-12-04,89.23987579345703,1276456
2018-12-05,88.6751480102539,1145805
2018-12-06,85.91156768798828,1983219
2018-12-07,86.1999282836914,1204409
2018-12-10,84.69798278808594,1297671
2018-12-11,87.77397918701172,1653452
2018-12-12,90.20112609863281,1289200
2018-12-13,89.93678283691406,932623
2018-12-14,88.74723815917969,1331130
2018-12-17,88.00227355957031,987154
2018-12-18,87.8821029663086,1134293
2018-12-19,88.24259185791016,986274
2018-12-20,86.45226287841797,1328154
2018-12-21,86.091796875,2650052
2018-12-27,82.57122802734375,1608052
2018-12-28,83.46038055419922,614699
2019-01-02,81.86229705810547,1116700
2019-01-03,80.96112823486328,968713
2019-01-04,84.3975830078125,1177680
2019-01-07,84.49372100830078,936596
2019-01-08,85.91156768798828,1517810
2019-01-09,88.00227355957031,1370289
2019-01-10,87.06504821777344,1000029
2019-01-11,85.4189224243164,1507978
2019-01-14,86.58442687988281,1072599
2019-01-15,87.149169921875,1276540
2019-01-16,87.05303192138672,699978
2019-01-17,85.85147857666016,926635
2019-01-18,87.50963592529297,1680219
2019-01-21,87.04103088378906,520991
2019-01-22,86.27202606201172,671066
2019-01-23,85.46697235107422,858314
2019-01-24,87.43753814697266,1333987
2019-01-25,91.102294921875,2125332
2019-01-28,89.9608154296875,849954
2019-01-29,88.6871566772461,1086275
2019-01-30,88.56700897216797,671151
2019-01-31,89.2879409790039,1309165
2019-02-01,89.8526840209961,1290437
2019-02-04,88.71118927001953,853914
2019-02-05,89.70848083496094,903944
2019-02-06,89.75654602050781,812360
2019-02-07,85.50303649902344,1726239
2019-02-08,84.02511596679688,1759973
2019-02-11,84.62589263916016,1090559
2019-02-12,86.65653228759766,1115807
2019-02-13,86.35614776611328,849451
2019-02-14,85.2266616821289,926312
2019-02-15,86.75263977050781,1328340
2019-02-18,85.75536346435547,838335
2019-02-19,86.01969909667969,860012
2019-02-20,88.12242126464844,1547699
2019-02-21,88.06236267089844,796640
2019-02-22,88.1464614868164,1267789
2019-02-25,90.82593536376953,1753356
2019-02-26,90.72982025146484,1013849
2019-02-27,91.11431884765625,761019
2019-02-28,90.65770721435547,850849
2019-03-01,92.6282958984375,1438320
2019-03-04,92.66433715820312,786097
2019-03-05,92.65231323242188,836444
2019-03-06,91.42671203613281,1067248
2019-03-07,90.08098602294922,1141662
2019-03-08,88.35072326660156,1238158
2019-03-11,88.11041259765625,910780
2019-03-12,86.50031280517578,1754235
2019-03-13,87.43753814697266,1196765
2019-03-14,86.60847473144531,1058869
2019-03-15,86.70459747314453,2170847
2019-03-18,87.41351318359375,978863
2019-03-19,88.85537719726562,1429935
2019-03-20,86.46427154541016,1903277
2019-03-21,85.87551879882812,927582
2019-03-22,83.5925521850586,1953985
2019-03-25,84.00109100341797,838716
2019-03-26,83.2801284790039,771187
2019-03-27,83.532470703125,1006122
2019-03-28,83.19602966308594,642174
2019-03-29,84.30146789550781,883289
2019-04-01,86.78870391845703,1581086
2019-04-02,87.77397918701172,1089506
2019-04-03,89.22786712646484,1353567
2019-04-04,90.0929946899414,1091467
2019-04-05,89.3720474243164,963368
2019-04-08,89.70848083496094,679562
2019-04-09,88.91545867919922,999668
2019-04-10,88.6751480102539,720467
2019-04-11,90.8019027709961,1074181
2019-04-12,92.12361907958984,1728451
2019-04-15,93.1089096069336,991355
2019-04-16,94.09417724609375,1076838
2019-04-17,96.94188690185547,1871159
2019-04-18,98.01126098632812,1880629
2019-04-23,96.12482452392578,1008197
2019-04-24,94.62287139892578,1085507
2019-04-25,93.39728546142578,1003601
2019-04-26,93.57750701904297,828364
2019-04-29,93.84185028076172,633522
2019-04-30,93.14494323730469,869737
2019-05-02,96.56941223144531,2009100
2019-05-03,96.29303741455078,868124
2019-05-06,94.6949691772461,1535879
2019-05-07,92.77247619628906,1330855
2019-05-08,92.86859893798828,1427376
2019-05-09,91.01819610595703,1372447
2019-05-10,90.30926513671875,1488830
2019-05-13,88.63909149169922,1643270
2019-05-14,89.52825927734375,1515374
2019-05-15,92.60858154296875,2196891
2019-05-16,91.97513580322266,1629093
2019-05-17,91.37893676757812,1437996
2019-05-20,89.93814849853516,1075828
2019-05-21,89.86361694335938,945804
2019-05-22,89.61519622802734,769222
2019-05-23,88.18683624267578,1283438
2019-05-24,88.72090911865234,947293
2019-05-27,89.46614837646484,646886
2019-05-28,89.95055389404297,962259
2019-05-29,88.98175048828125,761706
2019-05-30,88.94448852539062,382547
2019-05-31,86.63423156738281,1902678
2019-06-03,86.98200988769531,801553
2019-06-04,89.83878326416016,1502624
2019-06-05,88.67122650146484,954747
2019-06-06,88.08746337890625,865954
2019-06-07,88.11229705810547,817419
2019-06-11,89.2674331665039,1282047
2019-06-12,88.410400390625,835819
2019-06-13,88.68364715576172,706871
2019-06-14,87.71484375,679443
2019-06-17,87.39189910888672,573699
2019-06-18,89.00658416748047,1298030
2019-06-19,90.27349853515625,942552
2019-06-20,91.2298812866211,950255
2019-06-21,91.40377807617188,1657740
2019-06-24,91.2919921875,719750
2019-06-25,90.62127685546875,622729
2019-06-26,91.6025161743164,778796
2019-06-27,91.40377807617188,829787
2019-06-28,92.04965209960938,889401
2019-07-01,93.15510559082031,1144090
2019-07-02,93.77613067626953,914033
2019-07-03,95.40323638916016,1388968
2019-07-04,96.03669738769531,526289
2019-07-05,96.0118637084961,585164
2019-07-08,96.13607025146484,769149
2019-07-09,95.61439514160156,954106
2019-07-10,94.64556884765625,744021
2019-07-11,94.35990142822266,726479
2019-07-12,95.35354614257812,1151108
2019-07-15,95.76344299316406,642534
2019-07-16,96.2229995727539,733432
2019-07-17,95.05545806884766,614328
2019-07-18,94.06181335449219,754543
2019-07-19,94.06181335449219,810813
2019-07-22,94.02454376220703,577673
2019-07-23,97.58926391601562,1920576
2019-07-24,98.5083999633789,1497678
2019-07-25,95.67648315429688,2168067
2019-07-26,96.4217300415039,1093111
2019-07-29,95.14240264892578,974909
2019-07-30,94.2356948852539,1194339
2019-07-31,93.7388687133789,833751
2019-08-01,93.55255126953125,801676
2019-08-02,90.81999969482422,2145312
2019-08-05,88.79544067382812,1541674
2019-08-06,88.77059936523438,896741
2019-08-07,88.67122650146484,834697
2019-08-08,89.602783203125,733755
2019-08-09,87.77693939208984,1193042
2019-08-12,87.54095458984375,676890
2019-08-13,88.74575805664062,1427927
2019-08-14,86.8702392578125,1204520
2019-08-15,85.80205535888672,1078890
2019-08-16,86.85781860351562,776293
2019-08-19,88.38555145263672,773315
2019-08-20,87.65274047851562,526879
2019-08-21,88.58428192138672,666201
2019-08-22,88.84512329101562,781883
2019-08-23,87.66515350341797,1001692
2019-08-26,88.2986068725586,646712
2019-08-27,89.11837768554688,873148
2019-08-28,89.14320373535156,396548
2019-08-29,90.22381591796875,821156
2019-08-30,90.73306274414062,940001
2019-09-02,91.08084869384766,432643
2019-09-03,90.84484100341797,660855
2019-09-04,91.88819122314453,829713
2019-09-05,93.67675018310547,1084316
2019-09-06,93.40351104736328,1133953
2019-09-09,95.68891143798828,1096532
2019-09-10,96.02427673339844,1048664
2019-09-11,96.69498443603516,1204864
2019-09-12,97.353271484375,1543292
2019-09-13,98.1606216430664,1002428
2019-09-16,97.8501205444336,557423
2019-09-17,96.78193664550781,778956
2019-09-18,96.84403991699219,680122
2019-09-19,98.6947250366211,1159280
2019-09-20,99.24122619628906,2572940
2019-09-23,97.24150085449219,1095294
2019-09-24,95.14240264892578,1452210
2019-09-25,95.56471252441406,919492
2019-09-26,95.41566467285156,506609
2019-09-27,96.19816589355469,472449
2019-09-30,96.91856384277344,780092
2019-10-01,95.51502227783203,827133
2019-10-02,92.62100982666016,1176460
2019-10-04,91.80123138427734,1124048
2019-10-07,92.24837493896484,470517
2019-10-08,92.59616088867188,842596
2019-10-09,93.15510559082031,591144
2019-10-10,95.60196685791016,1092565
2019-10-11,100.2969741821289,1820836
2019-10-14,100.50814056396484,1106573
2019-10-15,102.24702453613281,1265708
2019-10-16,105.43915557861328,2025267
2019-10-17,105.68756866455078,1660704
2019-10-18,105.16590118408203,1437938
2019-10-21,106.12228393554688,994619
2019-10-22,106.209228515625,763069
2019-10-23,106.58184814453125,835720
2019-10-24,108.68094635009766,1297823
2019-10-25,107.04141235351562,1136154
2019-10-28,109.37650299072266,1148433
2019-10-29,107.62518310546875,1096469
2019-10-30,108.42012023925781,1554028
2019-10-31,106.01049041748047,1439069
2019-11-01,107.25257873535156,851623
2019-11-04,110.37017059326172,1743303
2019-11-05,110.66824340820312,1135005
2019-11-06,111.5749740600586,1080655
2019-11-07,114.41930389404297,1397762
2019-11-08,112.82943725585938,925995
2019-11-11,112.71766662597656,961942
2019-11-12,113.6119384765625,709387
2019-11-13,112.40715026855469,762000
2019-11-14,111.7364273071289,863943
2019-11-15,113.93489837646484,1211119
2019-11-18,109.26471710205078,2011635
2019-11-19,110.12174224853516,1107406
2019-11-20,108.99144744873047,704314
2019-11-21,109.51313781738281,832869
2019-11-22,109.97268676757812,858076
2019-11-25,109.92301177978516,562809
2019-11-26,109.22746276855469,707408
2019-11-27,110.46952819824219,658364
2019-11-28,109.7366943359375,447410
2019-11-29,108.97903442382812,486374
2019-12-02,108.54430389404297,1050595
2019-12-03,108.2462387084961,1260756
2019-12-04,108.78030395507812,700597
2019-12-05,108.6436767578125,530821
2019-12-06,109.67460632324219,662523
2019-12-09,109.19020080566406,484551
2019-12-10,109.11566925048828,794660
2019-12-11,110.69309997558594,914204
2019-12-12,111.52527618408203,907633
2019-12-13,113.83552551269531,2233831
2019-12-16,113.17725372314453,717892
2019-12-17,112.46925354003906,658915
2019-12-18,111.58737182617188,731439
2019-12-19,109.98512268066406,928407
2019-12-20,109.8981704711914,1664262
2019-12-23,109.40133666992188,599601
2019-12-27,109.71184539794922,394014
2019-12-30,109.45103454589844,276189
2020-01-02,112.09662628173828,814205
2020-01-03,109.69944763183594,948457
2020-01-06,109.68701171875,658053
2020-01-07,109.33924865722656,932694
2020-01-08,109.81122589111328,840853
2020-01-09,112.85429382324219,1338153
2020-01-10,115.21422576904297,1518740
2020-01-13,115.06517791748047,812123
2020-01-14,115.02791595458984,767691
2020-01-15,113.41323852539062,1068497
2020-01-16,111.7364273071289,925738
2020-01-17,112.63072967529297,988847
2020-01-20,113.04059600830078,422072
2020-01-21,112.59345245361328,649325
2020-01-22,111.25202941894531,1049016
2020-01-23,109.66217803955078,837482
2020-01-24,110.24595642089844,895854
2020-01-27,106.59426879882812,1356742
2020-01-28,107.103515625,985026
2020-01-29,105.52608489990234,907400
2020-01-30,101.84957122802734,1649026
2020-01-31,100.84349822998047,1425734
2020-02-03,101.10432434082031,858700
2020-02-04,103.76235961914062,1113395
2020-02-05,105.97323608398438,1263246
2020-02-06,105.82418823242188,773462
2020-02-07,103.35247802734375,1250212
2020-02-10,102.08556365966797,777603
2020-02-11,103.98593139648438,1067927
2020-02-12,107.52582550048828,1101434
2020-02-13,107.15319061279297,948791
2020-02-14,105.86145782470703,798452
2020-02-17,107.14077758789062,724621
2020-02-18,105.17830657958984,725402
2020-02-19,105.65029907226562,564040
2020-02-20,105.22798919677734,796069
2020-02-21,103.10404968261719,1325162
2020-02-24,97.50232696533203,2141019
2020-02-25,96.44657135009766,1386340
2020-02-26,96.67015838623047,1858288
2020-02-27,92.42227935791016,2502014
2020-02-28,92.27322387695312,3739464
2020-03-02,92.93153381347656,2635031
2020-03-03,95.08030700683594,2509384
2020-03-04,96.03669738769531,1623774
2020-03-05,93.46561431884766,1390939
2020-03-06,91.41619873046875,1797998
2020-03-09,81.80260467529297,3019401
2020-03-10,81.7032241821289,2754193
2020-03-11,82.22489166259766,1935512
2020-03-12,69.71727752685547,3739053
2020-03-13,68.8602523803711,3623209
2020-03-16,60.48249816894531,3396563
2020-03-17,61.53205871582031,2333167
2020-03-18,54.15415573120117,2663082
2020-03-19,54.55162048339844,2930561
2020-03-20,58.45792007446289,2942438
2020-03-23,57.29039001464844,2139740
2020-03-24,68.20195007324219,2757178
2020-03-25,71.3443832397461,2539388
2020-03-26,70.61156463623047,1821000
2020-03-27,65.46940612792969,1895034
2020-03-30,65.22099304199219,1153040
2020-03-31,66.35126495361328,1645173
2020-04-01,61.482364654541016,1924010
2020-04-02,61.37678909301758,1471817
2020-04-03,61.42647933959961,1452204
2020-04-06,70.15199279785156,2662255
2020-04-07,72.27592468261719,2370969
2020-04-08,73.36894989013672,1386924
2020-04-09,76.10150146484375,2150761
2020-04-14,76.47412872314453,1447387
2020-04-15,72.16414642333984,1630309
2020-04-16,72.74791717529297,1596486
2020-04-17,77.38082885742188,2322531
2020-04-20,77.46778106689453,1362190
2020-04-21,72.35045623779297,1745515
2020-04-22,73.76641082763672,1053513
2020-04-23,74.983642578125,1032621
2020-04-24,72.8845443725586,1096882
2020-04-27,76.3375015258789,926361
2020-04-28,78.2626953125,1769321
2020-04-29,82.79624938964844,2030413
2020-04-30,79.62897491455078,1866418
2020-05-04,75.1699447631836,1664524
2020-05-05,78.99552154541016,1240330
2020-05-06,78.78437805175781,1052322
2020-05-07,78.95825958251953,925883
2020-05-08,80.0636978149414,839718
2020-05-11,79.05762481689453,931126
2020-05-12,78.98310852050781,809502
2020-05-13,74.37503051757812,1455973
2020-05-14,72.30078125,1896912
2020-05-15,75.29415893554688,1481815
2020-05-18,81.52933502197266,2465763
2020-05-19,82.13794708251953,1677762
2020-05-20,82.90804290771484,1498262
2020-05-21,82.27457427978516,1096617
2020-05-22,82.46087646484375,1533998
2020-05-25,83.19371795654297,1071253
2020-05-26,84.98229217529297,1489657
2020-05-27,87.0192642211914,2983830
2020-05-28,85.2182846069336,2347733
2020-05-29,82.28700256347656,2092400
2020-06-02,87.00686645507812,2550624
2020-06-03,88.88238525390625,1901615
2020-06-04,87.96324920654297,2515197
2020-06-05,92.5216293334961,2604780
2020-06-08,92.22354888916016,1951722
2020-06-09,90.39769744873047,2267115
2020-06-10,88.91963958740234,1350242
2020-06-11,82.2373046875,2492394
2020-06-12,83.19371795654297,1905266
2020-06-15,84.68418884277344,1522464
2020-06-16,84.8208236694336,2317667
2020-06-17,83.30549621582031,1704489
2020-06-18,82.3366928100586,1551792
2020-06-19,81.1567153930664,2353687
2020-06-22,80.9083023071289,1032048
2020-06-23,84.58483123779297,1575288
2020-06-24,80.49842071533203,1227317
2020-06-25,82.63478088378906,1158878
2020-06-26,82.79624938964844,1212361
2020-06-29,83.5787582397461,1206735
2020-06-30,83.80232238769531,1118035
2020-07-01,82.79624938964844,871989
2020-07-02,85.20585632324219,1351156
2020-07-03,84.19979095458984,654388
2020-07-06,86.22435760498047,912269
2020-07-07,85.7151107788086,539551
2020-07-08,84.10041809082031,727919
2020-07-09,84.21221160888672,783177
2020-07-10,86.93233489990234,1215035
2020-07-13,86.51004028320312,984355
2020-07-14,85.3176498413086,1089940
2020-07-15,87.66515350341797,1385474
2020-07-16,87.77693939208984,916245
2020-07-17,89.7021484375,1432507
2020-07-20,89.90087890625,786180
2020-07-21,90.04993438720703,1146193
2020-07-22,89.64004516601562,773527
2020-07-23,89.76425170898438,1161863
2020-07-24,88.19924926757812,849191
2020-07-27,87.71484375,583264
2020-07-28,88.06261444091797,843198
2020-07-29,85.47911071777344,1280518
2020-07-30,80.23758697509766,2881697
2020-07-31,77.6292495727539,1610267
2020-08-03,81.46723175048828,1634787
2020-08-04,83.5290756225586,2031132
2020-08-05,83.80232238769531,841385
2020-08-06,83.21854400634766,1434341
2020-08-07,82.51057434082031,890458
2020-08-10,82.67203521728516,677908
2020-08-11,86.94475555419922,1958761
2020-08-12,87.35464477539062,869988
2020-08-13,86.16224670410156,756502
2020-08-14,86.31129455566406,735883
2020-08-17,86.43550109863281,522374
2020-08-18,86.01319885253906,666118
2020-08-19,86.59696960449219,600356
2020-08-20,84.84565734863281,861499
2020-08-21,84.51030731201172,1086159
2020-08-24,85.57847595214844,1656694
2020-08-25,84.58483123779297,1371158
2020-08-26,86.32372283935547,747571
2020-08-27,87.0192642211914,1099349
2020-08-28,86.64666748046875,789882
2020-08-31,86.53487396240234,1078799
2020-09-01,87.00686645507812,1175523
2020-09-02,87.14348602294922,1102194
2020-09-03,88.65880584716797,1751887
2020-09-04,88.807861328125,1308774
2020-09-07,93.01847076416016,1595847
2020-09-08,93.8755111694336,1531808
2020-09-09,93.9748764038086,1316710
2020-09-10,93.75128173828125,1090726
2020-09-11,93.05572509765625,972116
2020-09-14,92.17386627197266,753683
2020-09-15,92.12417602539062,954105
2020-09-16,92.32290649414062,908389
2020-09-17,91.689453125,951995
2020-09-18,88.17440032958984,2704233
2020-09-21,82.97013854980469,1958550
2020-09-22,83.7278060913086,1120195
2020-09-23,84.13768005371094,1148039
2020-09-24,84.79596710205078,1033006
2020-09-25,82.78382873535156,1327587
2020-09-28,85.82688903808594,1071917
2020-09-29,86.16224670410156,874899
2020-09-30,85.3300552368164,1141483
2020-10-01,86.46316528320312,1573098
2020-10-02,84.98241424560547,1329797
2020-10-05,86.72068786621094,769014
2020-10-06,88.5104751586914,1178640
2020-10-07,89.43755340576172,932821
2020-10-08,88.8323745727539,973064
2020-10-09,88.62635803222656,1031768
2020-10-12,89.74657440185547,936089
2020-10-13,89.16714477539062,784016
2020-10-14,89.60493469238281,862378
2020-10-15,86.86231231689453,1660491
2020-10-16,89.0255126953125,1302979
2020-10-19,89.66931915283203,827532
2020-10-20,89.11565399169922,847322
2020-10-21,88.2529525756836,839170
2020-10-22,88.58773803710938,858375
2020-10-23,89.52767944335938,1030589
2020-10-26,87.32586669921875,917528
2020-10-27,84.98241424560547,1300218
2020-10-28,80.81053924560547,2020870
2020-10-29,81.72476196289062,1350085
2020-10-30,80.54015350341797,1472765
2020-11-02,82.26554870605469,1262785
2020-11-03,84.81502532958984,1180046
2020-11-04,85.03392028808594,1527220
2020-11-05,87.5061264038086,1468225
2020-11-06,85.7292251586914,1279869
2020-11-09,91.6264877319336,3112728
2020-11-10,96.45503997802734,2679527
2020-11-11,96.57093048095703,1439939
2020-11-12,96.86708068847656,1346044
2020-11-13,96.68680572509766,1261550
2020-11-16,98.84999084472656,2092560
2020-11-17,98.94011688232422,1241663
2020-11-18,99.4937973022461,968939
2020-11-19,98.19331359863281,1085078
2020-11-20,97.94867706298828,985016
2020-11-23,96.63530731201172,1236675
2020-11-24,100.43376159667969,1691979
2020-11-25,98.0774154663086,1285492
2020-11-26,95.66959381103516,1075718
2020-11-27,93.9441909790039,1746214
2020-11-30,90.99555969238281,2242981
2020-12-01,94.87127685546875,1704622
2020-12-02,94.49786376953125,1301597
2020-12-03,94.04720306396484,1002191
2020-12-04,93.62229919433594,1029357
2020-12-07,92.99136352539062,981379
2020-12-08,92.78533935546875,893440
2020-12-09,94.92277526855469,1579725
2020-12-10,92.9655990600586,1050831
2020-12-11,90.19725036621094,1574248
2020-12-14,89.92682647705078,1120173
2020-12-15,96.77693939208984,3106166
2020-12-16,100.17623901367188,2480434
2020-12-17,99.42942810058594,1387177
2020-12-18,98.74699401855469,2258950
2020-12-21,95.9271240234375,1839916
2020-12-22,95.86273193359375,952157
2020-12-23,98.1546859741211,944403
2020-12-28,98.34783935546875,686060
2020-12-29,97.79415130615234,738894
2020-12-30,98.12893676757812,578887
2021-01-04,95.59233856201172,1390459
2021-01-05,94.79402923583984,1220482
2021-01-06,94.93566131591797,1584143
2021-01-07,95.41207122802734,1102395
2021-01-08,94.29185485839844,1572299
2021-01-11,93.28750610351562,1327948
2021-01-12,93.84117889404297,1634142
2021-01-13,93.22313690185547,1163688
2021-01-14,97.84565734863281,2347767
2021-01-15,97.78128814697266,1952384
2021-01-18,97.3434829711914,689937
2021-01-19,98.37358093261719,1386950
2021-01-20,101.47672271728516,1888183
2021-01-21,104.32234954833984,2064744
2021-01-22,106.2795181274414,3343322
2021-01-25,102.1333999633789,1758234
2021-01-26,104.9404067993164,1462232
2021-01-27,103.02185821533203,1718062
2021-01-28,102.60983276367188,1478981
2021-01-29,100.717041015625,1348458
2021-02-01,100.63977813720703,880726
2021-02-02,104.438232421875,1336768
2021-02-03,106.80743408203125,1356203
2021-02-04,105.9962387084961,1128231
2021-02-05,104.38673400878906,998742
2021-02-08,105.3781967163086,840846
2021-02-09,105.3781967163086,600357
2021-02-10,104.10344696044922,979322
2021-02-11,105.81597137451172,891108
2021-02-12,103.78154754638672,970517
2021-02-15,104.438232421875,718640
2021-02-16,105.05628204345703,710486
2021-02-17,103.8974380493164,818483
2021-02-18,108.7131118774414,2359382
2021-02-19,109.79469299316406,2075548
2021-02-22,112.02226257324219,1182187
2021-02-23,110.02645874023438,1061118
2021-02-24,111.13380432128906,825524
2021-02-25,110.14234924316406,799527
2021-02-26,111.3913345336914,1559222
2021-03-01,113.19400787353516,813177
2021-03-02,113.8764419555664,991768
2021-03-03,119.22003173828125,2356995
2021-03-04,121.75662994384766,1722463
2021-03-05,124.56361389160156,2238215
2021-03-08,126.01861572265625,1863993
2021-03-09,123.75241088867188,1679220
2021-03-10,126.19890594482422,1552220
2021-03-11,123.63655090332031,1563321
2021-03-12,122.46480560302734,1217369
2021-03-15,125.40056610107422,1532299
2021-03-16,133.8151092529297,3723727
2021-03-17,148.59048461914062,4401061
2021-03-18,143.60096740722656,5602102
2021-03-19,142.57086181640625,3399839
2021-03-22,152.9683380126953,2372388
2021-03-23,145.75772094726562,2641518
2021-03-24,140.89697265625,2059016
2021-03-25,146.59466552734375,1535063
2021-03-26,146.7877960205078,1484881
2021-03-29,147.9144744873047,1063264
2021-03-30,154.86758422851562,1384711
2021-03-31,153.61215209960938,1099083
2021-04-01,155.25384521484375,1068889
2021-04-06,158.7304229736328,1104682
2021-04-07,154.8353729248047,1060476
2021-04-08,153.8374786376953,1005912
2021-04-09,152.67861938476562,680071
2021-04-12,151.64854431152344,733760
2021-04-13,149.65274047851562,804119
2021-04-14,150.71502685546875,744745
2021-04-15,153.38681030273438,920182
2021-04-16,157.76470947265625,1231358
2021-04-19,154.61004638671875,908712
2021-04-20,150.68283081054688,1049904
2021-04-21,147.04531860351562,1644123
2021-04-22,148.7514190673828,837185
2021-04-23,147.75350952148438,812625
2021-04-26,146.43370056152344,1069108
2021-04-27,145.75772094726562,700982
2021-04-28,144.2125701904297,653269
2021-04-29,139.86688232421875,1543471
2021-04-30,139.51278686523438,1082438
2021-05-03,142.12022399902344,779106
2021-05-04,135.48899841308594,1573546
2021-05-05,140.34974670410156,1207898
2021-05-06,136.74441528320312,1749575
2021-05-07,135.68214416503906,1568907
2021-05-10,136.4225311279297,676870
2021-05-11,134.42674255371094,1055203
2021-05-12,132.36654663085938,1047429
2021-05-13,132.3987274169922,1288031
2021-05-14,135.7465362548828,902189
2021-05-17,136.90538024902344,721004
2021-05-18,138.22518920898438,1119525
2021-05-19,136.16500854492188,1060785
2021-05-20,138.77243041992188,710635
2021-05-21,139.02993774414062,831909
2021-05-25,141.3798370361328,1027760
2021-05-26,142.28115844726562,714707
2021-05-27,145.08172607421875,1504472
2021-05-28,145.5967559814453,915918
2021-05-31,147.04531860351562,713685
2021-06-01,151.55197143554688,1366666
2021-06-02,154.80319213867188,1572179
2021-06-03,155.1250762939453,746042
2021-06-04,154.5134735107422,680715
2021-06-07,153.74090576171875,674706
2021-06-08,150.3609161376953,1073466
2021-06-09,148.71922302246094,978608
2021-06-10,148.1076202392578,874982
2021-06-11,150.19998168945312,810861
2021-06-14,148.13980102539062,621779
2021-06-15,144.9529571533203,864055
2021-06-16,143.9872589111328,1046088
2021-06-17,144.27696228027344,737337
2021-06-18,140.60726928710938,1519703
2021-06-21,145.91867065429688,974338
2021-06-22,143.8262939453125,688635
2021-06-23,140.3175506591797,925346
2021-06-24,140.89697265625,824126
2021-06-25,139.02993774414062,895098
2021-06-28,137.3882293701172,721464
2021-06-29,139.15869140625,650207
2021-06-30,135.9718475341797,1622831
2021-07-01,135.84310913085938,781617
2021-07-02,136.06842041015625,672954
2021-07-05,135.9718475341797,546722
2021-07-06,130.69265747070312,1657214
2021-07-07,132.78501892089844,1299956
2021-07-08,129.08311462402344,1890946
2021-07-09,136.71224975585938,1999193
2021-07-12,140.44630432128906,1170569
2021-07-13,138.5792694091797,1022825
2021-07-14,138.4505157470703,836129
2021-07-15,135.42462158203125,941967
2021-07-16,133.68634033203125,1079565
2021-07-19,129.85569763183594,1767611
2021-07-20,131.143310546875,1112940
2021-07-21,135.263671875,1127166
2021-07-22,134.42674255371094,806131
2021-07-23,137.4983673095703,1089503
2021-07-26,136.37779235839844,715511
2021-07-27,133.47755432128906,904664
2021-07-28,134.36740112304688,716698
2021-07-29,136.47666931152344,1260668
2021-07-30,135.4550018310547,966219
2021-08-02,135.61976623535156,799631
2021-08-03,135.1913299560547,642482
2021-08-04,134.5980987548828,712602
2021-08-05,135.65274047851562,653051
2021-08-06,136.3118896484375,595468
2021-08-09,135.3561248779297,513688
2021-08-10,135.3890838623047,516369
2021-08-11,135.2902069091797,644887
2021-08-12,137.4983673095703,678240
2021-08-13,136.9710235595703,659112
2021-08-16,133.80711364746094,835295
2021-08-17,132.0274200439453,733392
2021-08-18,130.8673095703125,1325533
2021-08-19,128.42848205566406,1197275
2021-08-20,127.12335205078125,1161894
2021-08-23,128.23072814941406,646747
2021-08-24,131.01231384277344,786125
2021-08-25,131.63194274902344,559333
2021-08-26,131.82968139648438,621505
2021-08-27,132.32403564453125,458406
2021-08-30,132.48883056640625,305524
2021-08-31,132.6865692138672,844760
2021-09-01,132.5217742919922,664934
2021-09-02,133.609375,687429
2021-09-03,133.08206176757812,566843
2021-09-06,133.246826171875,446084
2021-09-07,132.0933380126953,591998
2021-09-08,127.88796997070312,1393820
2021-09-09,129.5094757080078,891759
2021-09-10,128.82395935058594,667590
2021-09-13,129.60174560546875,645719
2021-09-14,129.9049530029297,595035
2021-09-15,129.53585815429688,682473
2021-09-16,127.53203582763672,849069
2021-09-17,125.04043579101562,2548512
2021-09-20,119.30586242675781,2420419
2021-09-21,120.75598907470703,1062608
2021-09-22,123.33983612060547,689561
2021-09-23,124.77679443359375,790011
2021-09-24,124.82951354980469,543146
2021-09-27,126.1214599609375,879267
2021-09-28,125.23818969726562,1022076
2021-09-29,129.21945190429688,1075025
2021-09-30,127.63749694824219,906018
2021-10-01,127.66384887695312,910130
2021-10-04,125.7918701171875,684983
2021-10-05,126.47740936279297,543451
2021-10-06,122.99710083007812,1012196
2021-10-07,125.58094787597656,1019493
2021-10-08,125.23818969726562,925132
2021-10-11,125.77870178222656,564142
2021-10-12,124.10445404052734,779256
2021-10-13,127.50566864013672,1280551
2021-10-14,129.23263549804688,739485
2021-10-15,130.94642639160156,980498
2021-10-18,126.78060150146484,957300
2021-10-19,125.23818969726562,897438
2021-10-20,123.14212036132812,2066097
2021-10-21,126.4246597290039,1981651
2021-10-22,129.25901794433594,1087852
2021-10-25,135.2902069091797,1773805
2021-10-26,135.85049438476562,1107804
2021-10-27,134.40036010742188,793633
2021-10-28,128.388916015625,1442631
2021-10-29,127.75614166259766,1222250
2021-11-01,128.30982971191406,676132
2021-11-02,127.50566864013672,891651
2021-11-03,122.35112762451172,2504670
2021-11-04,123.78807067871094,1202769
2021-11-05,127.13656616210938,1204318
2021-11-08,123.60350799560547,976718
2021-11-09,122.41705322265625,1140770
2021-11-10,122.33795928955078,915458
2021-11-11,122.41705322265625,905464
2021-11-12,123.91988372802734,846357
2021-11-15,124.1703872680664,853903
2021-11-16,124.26268005371094,811395
2021-11-17,123.26075744628906,1034294
2021-11-18,122.15339660644531,1174134
2021-11-19,119.06857299804688,2004212
2021-11-22,118.15894317626953,1222079
2021-11-23,116.86701202392578,1210550
2021-11-24,113.62400817871094,2046900
2021-11-25,113.6108169555664,845089
2021-11-26,108.060791015625,2657035
2021-11-29,108.44309997558594,1471035
2021-11-30,106.55792236328125,2367509
2021-12-01,110.5655517578125,1985949
2021-12-02,109.78775787353516,1243580
2021-12-03,108.97042846679688,1167862
2021-12-06,112.25296783447266,1435998
2021-12-07,121.94245910644531,3557627
2021-12-08,121.5074234008789,1300080
2021-12-09,120.2550277709961,1460440
2021-12-10,118.87080383300781,994932
2021-12-13,120.16275787353516,1044182
2021-12-14,119.71451568603516,1013320
2021-12-15,118.211669921875,905083
2021-12-16,120.37368774414062,1068099
2021-12-17,116.02330780029297,1788057
2021-12-20,113.62400817871094,1076436
2021-12-21,114.74456024169922,609862
2021-12-22,115.60144805908203,481084
2021-12-23,116.60334777832031,528329
2021-12-27,117.60525512695312,415030
2021-12-28,118.211669921875,427760
2021-12-29,116.80107879638672,397514
2021-12-30,116.98565673828125,333679
2022-01-03,119.17403411865234,945730
2022-01-04,123.24757385253906,1280483
2022-01-05,125.89734649658203,997809
2022-01-06,124.64496612548828,888814
2022-01-07,123.74851989746094,775354
2022-01-10,123.76170349121094,900264
2022-01-11,124.1703872680664,655358
2022-01-12,124.1308364868164,874152
2022-01-13,125.27774047851562,1094322
2022-01-14,127.28157043457031,1418704
2022-01-17,126.93878936767578,664755
2022-01-18,125.58094787597656,789729
2022-01-19,126.35874938964844,1035857
2022-01-20,125.7127914428711,774560
2022-01-21,123.6694107055664,1219489
2022-01-24,116.3528823852539,1659950
2022-01-25,117.49978637695312,1140861
2022-01-26,120.63734436035156,985770
2022-01-27,122.7729721069336,1151764
2022-01-28,121.01964569091797,988976
2022-01-31,120.83506774902344,880263
2022-02-01,122.15339660644531,907585
2022-02-02,121.54695892333984,771011
2022-02-03,119.79364013671875,710672
2022-02-04,116.10240936279297,1555866
2022-02-07,115.97057342529297,750166
2022-02-08,116.31332397460938,975318
2022-02-09,123.43212890625,1882706
2022-02-10,123.4453125,809440
2022-02-11,124.34175872802734,1090653
2022-02-14,120.4264144897461,1366933
2022-02-15,124.0517349243164,1083117
2022-02-16,122.61478424072266,769936
2022-02-17,121.28331756591797,733963
2022-02-18,118.71263885498047,1001258
2022-02-21,115.33778381347656,1039852
2022-02-22,124.38130950927734,4284172
2022-02-23,123.31346893310547,1641699
2022-02-24,116.07604217529297,2892957
2022-02-25,122.15339660644531,2256748
2022-02-28,117.35476684570312,2270479
2022-03-01,108.41671752929688,2668369
2022-03-02,105.4637451171875,2665692
2022-03-03,102.40528869628906,2126189
2022-03-04,95.2469482421875,3043218
2022-03-07,90.13195037841797,3024752
2022-03-08,89.53871154785156,2508587
2022-03-09,99.08319091796875,3037590
2022-03-10,94.7723617553711,1812150
2022-03-11,94.71961975097656,1610685
2022-03-14,98.87226867675781,2175942
2022-03-15,99.53140258789062,1605287
2022-03-16,102.58985900878906,2479755
2022-03-17,102.4712142944336,1414860
2022-03-18,101.45611572265625,2557484
2022-03-21,101.35065460205078,1077364
2022-03-22,102.16799926757812,1234831
2022-03-23,100.62560272216797,1173710
2022-03-24,100.17737579345703,973338
2022-03-25,99.6500473022461,1050901
2022-03-28,100.01917266845703,1028867
2022-03-29,105.12098693847656,1882430
2022-03-30,104.84414672851562,1192294
2022-03-31,103.48629760742188,1041006
2022-04-01,103.86860656738281,982550
2022-04-04,104.64640808105469,1073896
2022-04-05,103.3149185180664,1149117
2022-04-06,100.2960205078125,1425985
2022-04-07,98.74043273925781,1432432
2022-04-08,100.87606811523438,931143
2022-04-11,99.97962188720703,832769
2022-04-12,99.59733581542969,995714
2022-04-13,99.6632308959961,697927
2022-04-14,98.19992065429688,1611383
2022-04-19,100.84970092773438,1133467
2022-04-20,102.23391723632812,824336
2022-04-21,103.3149185180664,861010
2022-04-22,100.54649353027344,973101
2022-04-25,98.2262954711914,1113506
2022-04-26,95.90608978271484,1212742
2022-04-27,95.90608978271484,1083510
2022-04-28,97.1189193725586,889503
2022-04-29,98.17355346679688,824127
2022-05-02,97.0398178100586,1156386
2022-05-03,99.00408172607422,1140555
2022-05-04,97.896728515625,970928
2022-05-05,97.01346588134766,1066733
2022-05-06,96.14338684082031,1269840
2022-05-09,94.07366180419922,1155025
2022-05-10,94.12639617919922,1112745
2022-05-11,96.69707489013672,1242291
2022-05-12,96.52569580078125,1571245
2022-05-13,100.2232437133789,1350831
2022-05-16,100.59856414794922,702490
2022-05-17,101.418701171875,760147
2022-05-18,101.46040344238281,724823
2022-05-19,101.00169372558594,879851
2022-05-20,101.25188446044922,1108414
2022-05-23,102.7392578125,765952
2022-05-24,101.08509063720703,810939
2022-05-25,102.7114486694336,796983
2022-05-26,105.18576049804688,884473
2022-05-27,105.81128692626953,855870
2022-05-30,107.00674438476562,647158
2022-05-31,107.50715637207031,1193371
2022-06-01,109.67565155029297,1178089
2022-06-02,110.48188781738281,582406
2022-06-03,108.89720916748047,576842
2022-06-06,110.23168182373047,478241
2022-06-07,109.57836151123047,537813
2022-06-08,111.06570434570312,603921
2022-06-09,109.25862884521484,700570
2022-06-10,105.8390884399414,886515
2022-06-13,100.90437316894531,1318580
2022-06-14,100.19544982910156,831584
2022-06-15,102.21102905273438,864342
2022-06-16,99.25021362304688,842607
2022-06-17,98.45787048339844,2127352
2022-06-20,99.94523620605469,598309
2022-06-21,101.80792236328125,639999
2022-06-22,100.36224365234375,955349
2022-06-23,96.65079498291016,1082669
2022-06-24,96.73419189453125,1384827
2022-06-27,96.52569580078125,913070
2022-06-28,97.87406158447266,865477
2022-06-29,93.45366668701172,1406189
2022-06-30,88.56065368652344,2514846
2022-07-01,88.60236358642578,1052751
2022-07-04,88.26874542236328,629835
2022-07-05,83.95956420898438,1552480
2022-07-06,83.84835815429688,1017681
2022-07-07,88.24093627929688,1455281
2022-07-08,93.45366668701172,1834953
2022-07-11,90.54843139648438,901885
2022-07-12,90.78474426269531,913883
2022-07-13,89.20008087158203,821090
2022-07-14,87.7822265625,904417
2022-07-15,91.91070556640625,1425117
2022-07-18,94.4962158203125,946695
2022-07-19,98.15205383300781,1164283
2022-07-20,97.04000854492188,1211232
2022-07-21,94.44060516357422,1119780
2022-07-22,93.35636138916016,737584
2022-07-25,92.1886978149414,1680360
2022-07-26,90.64574432373047,870635
2022-07-27,90.90985870361328,931454
2022-07-28,94.24600219726562,985513
2022-07-29,95.42755126953125,1079154
2022-08-01,96.34497833251953,1042802
2022-08-02,98.36058044433594,1226804
2022-08-03,100.41785430908203,1004948
2022-08-04,99.80623626708984,1155393
2022-08-05,99.69503021240234,628748
2022-08-08,101.26579284667969,678735
2022-08-09,99.29190826416016,614326
2022-08-10,101.418701171875,694655
2022-08-11,102.12763214111328,613452
2022-08-12,103.08677673339844,785771
2022-08-15,104.26832580566406,693036
2022-08-16,104.67145538330078,559821
2022-08-17,102.16932678222656,726836
2022-08-18,103.5037841796875,464479
2022-08-19,101.3074951171875,750015
2022-08-22,96.88710021972656,1190120
2022-08-23,98.6941909790039,856180
2022-08-24,98.26326751708984,594068
2022-08-25,98.61077880859375,488051
2022-08-26,97.95745086669922,1325939
2022-08-29,99.1112060546875,704840
2022-08-30,101.40479278564453,1055228
2022-08-31,98.79148864746094,1251472
2022-09-01,97.04000854492188,812479
2022-09-02,103.5315933227539,1392840
2022-09-05,99.73672485351562,1108204
2022-09-06,103.43428802490234,1148858
2022-09-07,103.36477661132812,817314
2022-09-08,101.55770111083984,1131469
2022-09-09,102.15542602539062,853184
2022-09-12,105.64448547363281,1153285
2022-09-13,103.36477661132812,1013320
2022-09-14,104.49073028564453,1038184
2022-09-15,103.76790618896484,806818
2022-09-16,101.09899139404297,3475980
2022-09-19,102.16932678222656,1057411
2022-09-20,102.09981536865234,1207387
2022-09-21,102.82266235351562,1217124
2022-09-22,102.41954803466797,916806
2022-09-23,97.41532897949219,1274006
2022-09-26,96.06697845458984,1108307
2022-09-27,95.038330078125,1253447
2022-09-28,95.84455871582031,1343591
2022-09-29,89.28349304199219,3027096
2022-09-30,87.85172271728516,1495848
2022-10-03,87.87952423095703,1194046
2022-10-04,91.28516387939453,1515857
2022-10-05,90.08971405029297,1401551
2022-10-06,92.00800323486328,1149929
2022-10-07,90.54843139648438,766278
2022-10-10,86.50337219238281,1376765
2022-10-11,85.69712829589844,1048051
2022-10-12,85.54421997070312,1010085
2022-10-13,86.29486083984375,1377090
2022-10-14,86.37825775146484,915770
2022-10-17,88.81085968017578,1477944
2022-10-18,90.6318359375,1047470
2022-10-19,90.25653076171875,765707
2022-10-20,90.27043151855469,830148
2022-10-21,90.10363006591797,1258099
2022-10-24,90.5067367553711,982257
2022-10-25,91.17395782470703,853827
2022-10-26,91.07666015625,844878
2022-10-27,90.84034729003906,870180
2022-10-28,89.13058471679688,1595024
2022-10-31,89.89511108398438,805520
2022-11-01,91.88288879394531,933241
2022-11-02,91.0627670288086,742898
2022-11-03,88.90816497802734,1125988
2022-11-04,92.49451446533203,1692303
2022-11-07,94.77421569824219,1081547
2022-11-08,94.76032257080078,957613
2022-11-09,94.00968933105469,762043
2022-11-10,96.60909271240234,1395137
2022-11-11,99.16680145263672,1527622
2022-11-14,99.69503021240234,984648
2022-11-15,99.66722869873047,1014477
2022-11-16,95.4970474243164,1562330
2022-11-17,96.33108520507812,886739
2022-11-18,98.59688568115234,1155420
2022-11-21,97.05392456054688,627606
2022-11-22,97.13731384277344,747163
2022-11-23,95.31634521484375,1025402
2022-11-24,95.21903991699219,840947
2022-11-25,94.9132308959961,844322
2022-11-28,93.99578857421875,864492
2022-11-29,95.8028564453125,827514
2022-11-30,97.23461151123047,1515956
2022-12-01,96.87321472167969,822371
2022-12-02,96.62299346923828,945911
2022-12-05,97.887939453125,1066281
2022-12-06,97.16513061523438,905360
2022-12-07,95.63606262207031,1048041
2022-12-08,94.94102478027344,1154909
2022-12-09,95.3858413696289,1229440
2022-12-12,94.60741424560547,1111445
2022-12-13,95.76115417480469,1408240
2022-12-14,95.74726104736328,1117850
2022-12-15,92.82813262939453,1946162
2022-12-16,94.89932250976562,4119125
2022-12-19,98.53438568115234,2519851
2022-12-20,96.30487823486328,1637275
2022-12-21,96.75724029541016,1078014
2022-12-22,92.79906463623047,2215964
2022-12-23,93.42914581298828,963065
2022-12-27,93.5906982421875,523550
2022-12-28,92.86368560791016,751895
2022-12-29,93.81687927246094,645867
2022-12-30,94.04306030273438,365926
2023-01-02,96.9672622680664,959150
2023-01-03,98.5989990234375,898911
2023-01-04,101.68476104736328,1302364
2023-01-05,102.68643188476562,1123776
2023-01-06,103.52653503417969,951945
2023-01-09,103.41344451904297,1020922
2023-01-10,102.815673828125,1011636
2023-01-11,103.21956634521484,1014307
2023-01-12,103.97889709472656,1168055
2023-01-13,101.05469512939453,2377610
2023-01-16,101.5555191040039,857558
2023-01-17,101.16778564453125,1452762
2023-01-18,101.13545989990234,784868
2023-01-19,99.47142028808594,1132216
2023-01-20,100.37614440917969,1283760
2023-01-23,101.10315704345703,756741
2023-01-24,100.00457000732422,1233427
2023-01-25,100.24689483642578,814333
2023-01-26,100.97390747070312,758255
2023-01-27,101.84632110595703,1048357
2023-01-30,101.99172973632812,1087960
2023-01-31,102.54103088378906,860562
2023-02-01,103.7365493774414,902010
2023-02-02,107.67857360839844,1728308
2023-02-03,106.57998657226562,1171379
2023-02-06,105.28751373291016,708628
2023-02-07,106.03067779541016,786431
2023-02-08,104.44741821289062,1259412
2023-02-09,105.22288513183594,935853
2023-02-10,103.88196563720703,969113
2023-02-13,103.7042465209961,490935
2023-02-14,105.17442321777344,840804
2023-02-15,105.80449676513672,563530
2023-02-16,105.80449676513672,923758
2023-02-17,105.99837493896484,1054391
2023-02-20,107.19390106201172,611878
2023-02-21,105.88529205322266,845515
2023-02-22,105.98221588134766,816015
2023-02-23,106.54766845703125,798895
2023-02-24,103.23573303222656,1743109
2023-02-27,104.47972106933594,581890
2023-02-28,104.33432006835938,933181
2023-03-01,103.80117797851562,921144
2023-03-02,103.89811706542969,921369
2023-03-03,114.86791229248047,4372767
2023-03-06,112.832275390625,1807270
2023-03-07,112.12142181396484,738584
2023-03-08,113.13924407958984,890326
2023-03-09,110.82896423339844,1144051
2023-03-10,109.13261413574219,1168787
2023-03-13,105.38445281982422,1872646
2023-03-14,103.72039794921875,2235326
2023-03-15,99.50373077392578,2568113
2023-03-16,98.9705810546875,2056988
2023-03-17,97.29039001464844,3555214
2023-03-20,97.12882232666016,1411845
2023-03-21,99.50373077392578,1075058
2023-03-22,100.00457000732422,675625
2023-03-23,98.85749053955078,1164750
2023-03-24,96.12716674804688,2189438
2023-03-27,97.62965393066406,939130
2023-03-28,98.45360565185547,653728
2023-03-29,99.03520965576172,709072
2023-03-30,100.71542358398438,838235
2023-03-31,101.49089813232422,941735
2023-04-03,101.66860961914062,650366
2023-04-04,101.29702758789062,761320
2023-04-05,100.23074340820312,1040282
2023-04-06,99.72991180419922,666094
2023-04-11,101.3778076171875,888146
2023-04-12,101.39395904541016,739954
2023-04-13,101.84632110595703,845270
2023-04-14,103.15494537353516,1200297
2023-04-17,102.50871276855469,910994
2023-04-18,102.2502212524414,552555
2023-04-19,101.34549713134766,788416
2023-04-20,98.21126556396484,1997934
2023-04-21,98.46976470947266,1221422
2023-04-24,98.55052947998047,726508
2023-04-25,97.53272247314453,922940
2023-04-26,97.92045593261719,938219
2023-04-27,98.55052947998047,672927
2023-04-28,99.90762329101562,1131953
2023-05-02,99.55219268798828,1130096
2023-05-03,100.34383392333984,1152809
2023-05-04,100.94159698486328,1516414
2023-05-05,102.71874237060547,1370677
2023-05-08,102.68643188476562,1062007
2023-05-09,102.10482025146484,1169650
2023-05-10,102.33100128173828,1584916
2023-05-11,103.82361602783203,2018445
2023-05-12,103.47649383544922,1116810
2023-05-15,103.04259490966797,766701
2023-05-16,101.18550109863281,1474334
2023-05-17,101.11607360839844,949819
2023-05-18,104.39636993408203,1347543
2023-05-19,104.30957794189453,1164541
2023-05-22,104.5872802734375,506576
2023-05-23,105.1426773071289,722437
2023-05-24,103.5459213256836,926901
2023-05-25,102.52191925048828,635347
2023-05-26,103.9277572631836,711021
2023-05-29,104.34429168701172,343415
2023-05-30,103.09467315673828,930901
2023-05-31,101.16815185546875,3211416
2023-06-01,102.4698486328125,895801
2023-06-02,105.4724349975586,1443204
2023-06-05,106.34024047851562,808944
2023-06-06,107.6419448852539,1082189
2023-06-07,107.90227508544922,724179
2023-06-08,109.13455963134766,1620140
2023-06-09,109.58580780029297,567826
2023-06-12,112.380126953125,1685207
2023-06-13,113.54297637939453,1195355
2023-06-14,114.32400512695312,1202237
2023-06-15,112.88345336914062,1111094
2023-06-16,111.96359252929688,2109800
2023-06-19,111.06107330322266,633341
2023-06-20,109.42960357666016,1084320
2023-06-21,108.49237823486328,1190808
2023-06-22,106.73942565917969,1097968
2023-06-23,106.18403625488281,767830
2023-06-26,106.5137939453125,700035
2023-06-27,104.74348449707031,1617634
2023-06-28,105.62864685058594,828957
2023-06-29,106.23609924316406,788476
2023-06-30,106.68736267089844,811331
2023-07-03,107.41631317138672,655582
2023-07-04,107.19068145751953,358922
2023-07-05,107.2774658203125,659389
2023-07-06,105.31623077392578,1023389
2023-07-07,106.18403625488281,621622
2023-07-10,105.90634155273438,478414
2023-07-11,106.5137939453125,751299
2023-07-12,107.22539520263672,693224
2023-07-13,107.52044677734375,837240
2023-07-14,106.87828063964844,721229
2023-07-17,105.92369079589844,656897
2023-07-18,106.49644470214844,621094
2023-07-19,107.39895629882812,596337
2023-07-20,107.65928649902344,674981
2023-07-21,108.40560150146484,712217
2023-07-24,108.9957046508789,568850
2023-07-25,108.71800994873047,432137
2023-07-26,107.17332458496094,1288234
2023-07-27,104.96910858154297,3727790
2023-07-28,105.24681091308594,1272264
2023-07-31,104.62199401855469,825244
2023-08-01,104.13602447509766,1198884
2023-08-02,103.3202896118164,996744
2023-08-03,103.1293716430664,1058532
2023-08-04,102.90375518798828,712629
2023-08-07,102.6781234741211,628673
2023-08-08,101.029296875,1332594
2023-08-09,101.4284896850586,995143
2023-08-10,102.12272644042969,801209
2023-08-11,101.53262329101562,860512
2023-08-14,101.44584655761719,759363
2023-08-15,100.43920135498047,742683
2023-08-16,99.88380432128906,724580
2023-08-17,99.53668212890625,740700
2023-08-18,99.32841491699219,780826
2023-08-21,99.2763442993164,707216
2023-08-22,99.29369354248047,612467
2023-08-23,98.70359802246094,983592
2023-08-24,97.3498306274414,996484
2023-08-25,97.28040313720703,675721
2023-08-28,97.99199676513672,706145
2023-08-29,98.68624114990234,671752
2023-08-30,98.4259033203125,539060
2023-08-31,98.09613037109375,884339
2023-09-01,94.0001220703125,3267610
2023-09-04,93.9827651977539,863489
2023-09-05,94.13896942138672,1175479
2023-09-06,93.28852081298828,888122
2023-09-07,91.77854919433594,1031029
2023-09-08,92.90668487548828,1412605
2023-09-11,93.77449035644531,885846
2023-09-12,94.59021759033203,950199
2023-09-13,94.64228820800781,1427988
2023-09-14,94.27781677246094,1176126
2023-09-15,95.28446197509766,1563880
2023-09-18,93.23645782470703,974079
2023-09-19,95.2323989868164,1352344
2023-09-20,97.03742218017578,1128243
2023-09-21,96.86386108398438,733331
2023-09-22,99.34577178955078,1715339
2023-09-25,98.28705596923828,917304
2023-09-26,95.63157653808594,1124876
2023-09-27,94.486083984375,1114804
2023-09-28,94.3819580078125,637211
2023-09-29,94.53816223144531,999260
2023-10-02,94.59021759033203,597856
2023-10-03,92.94139862060547,687105
2023-10-04,93.34059143066406,684218
2023-10-05,92.42072296142578,539346
2023-10-06,92.66370391845703,593669
2023-10-09,91.74383544921875,637989
2023-10-10,93.8265609741211,1066235
2023-10-11,94.83320617675781,1110431
2023-10-12,94.26045989990234,709829
2023-10-13,93.4447250366211,1084959
2023-10-16,94.26045989990234,530138
2023-10-17,94.17367553710938,634769
2023-10-18,93.39266204833984,724664
2023-10-19,91.3793716430664,1135541
2023-10-20,89.50491333007812,1349009
2023-10-23,88.72389221191406,2080562
2023-10-24,88.32470703125,730358
2023-10-25,87.4742660522461,1105684
2023-10-26,86.75399017333984,1510021
2023-10-27,86.16388702392578,1018285
2023-10-30,86.03370666503906,716404
2023-10-31,86.63249969482422,860578
2023-11-01,86.59778594970703,804244
2023-11-02,89.36607360839844,1250561
2023-11-03,91.15373992919922,1251789
2023-11-06,91.17108917236328,600458
2023-11-07,90.4247817993164,569956
2023-11-08,90.59834289550781,532806
2023-11-09,91.01488494873047,588036
2023-11-10,89.9561767578125,716401
2023-11-13,91.17108917236328,629550
2023-11-14,93.58357238769531,1439975
2023-11-15,95.37124633789062,1277157
2023-11-16,93.94805145263672,874273
2023-11-17,94.45137023925781,842136
2023-11-20,94.45137023925781,633967
2023-11-21,92.7331314086914,926742
2023-11-22,92.68106842041016,638384
2023-11-23,92.49015045166016,421488
2023-11-24,92.85462188720703,622611
2023-11-27,92.09095764160156,708142
2023-11-28,91.1884536743164,659620
2023-11-29,92.75048065185547,1148021
2023-11-30,92.3512954711914,882973
2023-12-01,92.87197875976562,561241
2023-12-04,93.54886627197266,810052
2023-12-05,94.20838928222656,693975
2023-12-06,99.25898742675781,2458449
2023-12-07,98.53003692626953,927492
2023-12-08,99.67552947998047,1028385
2023-12-11,100.3697738647461,842023
2023-12-12,99.83173370361328,919885
2023-12-13,99.17221069335938,1050451
2023-12-14,100.43920135498047,1517842
2023-12-15,100.63011169433594,2253548
2023-12-18,99.62346649169922,809936
2023-12-19,99.06807708740234,859784
2023-12-20,98.68624114990234,833095
2023-12-21,97.59281158447266,989675
2023-12-22,97.6795883178711,506921
2023-12-27,97.88787078857422,633438
2023-12-28,97.33247375488281,526457
2023-12-29,97.02006530761719,419018
2024-01-02,97.95728302001953,1107764
2024-01-03,96.20433807373047,1420899
2024-01-04,97.47132110595703,927093
2024-01-05,98.28705596923828,837882
2024-01-08,98.92922973632812,501701
2024-01-09,98.35647583007812,547752
2024-01-10,98.39118957519531,526651
2024-01-11,98.26969146728516,870883
2024-01-12,97.17626953125,927653
2024-01-15,96.74237823486328,551095
2024-01-16,96.56880950927734,565207
2024-01-17,94.31253051757812,1288695
2024-01-18,93.8265609741211,679534
2024-01-19,92.75048065185547,865872
2024-01-22,93.67035675048828,593451
2024-01-23,98.73831176757812,2157491
2024-01-24,100.66482543945312,1357985
2024-01-25,99.65817260742188,1232015
2024-01-26,100.09207916259766,873874
2024-01-29,100.63011169433594,578550
2024-01-30,101.22021484375,1180093
2024-01-31,103.9971694946289,2292296
2024-02-01,102.55663299560547,1095909
2024-02-02,103.96246337890625,1058198
2024-02-05,103.337646484375,646264
2024-02-06,102.43514251708984,998873
2024-02-07,102.15744018554688,717594
2024-02-08,103.04259490966797,754021
2024-02-09,102.90375518798828,613599
2024-02-12,103.9277572631836,617449
2024-02-13,102.93846893310547,732571
2024-02-14,102.20951080322266,752873
2024-02-15,103.42443084716797,873677
2024-02-16,103.84097290039062,882295
2024-02-19,104.1186752319336,520569
2024-02-20,102.4698486328125,800947
2024-02-21,103.77155303955078,879491
2024-02-22,106.21875,1749921
2024-02-23,107.60723114013672,1230615
2024-02-26,106.75678253173828,521656
2024-02-27,107.67665100097656,680794
2024-02-28,109.23868560791016,1030279
2024-02-29,108.77008056640625,1659064
2024-03-01,103.4070816040039,3005953
2024-03-04,104.72612762451172,966402
2024-03-05,103.4070816040039,1144506
2024-03-06,101.34170532226562,1392273
2024-03-07,101.13343811035156,1284544
2024-03-08,101.0987319946289,635989
2024-03-11,101.72354125976562,779803
2024-03-12,104.89968872070312,1850951
2024-03-13,98.72095489501953,3305590
2024-03-14,98.00936126708984,2644404
2024-03-15,98.73831176757812,3531579
2024-03-18,100.1614990234375,864714
2024-03-19,101.7756118774414,1197626
2024-03-20,102.00123596191406,722534
2024-03-21,102.20951080322266,941663
2024-03-22,102.4698486328125,659012
2024-03-25,103.59799194335938,619947
2024-03-26,105.22945404052734,1044835
2024-03-27,105.6633529663086,735499
2024-03-28,106.60057830810547,935288
2024-04-02,106.47908020019531,1056617
2024-04-03,108.86553192138672,1466950
2024-04-04,111.51232147216797,1500099
2024-04-05,109.68994903564453,1299458
2024-04-08,109.42960357666016,884650
2024-04-09,108.2580795288086,874640
2024-04-10,107.60723114013672,1074432
2024-04-11,106.73942565917969,1011034
2024-04-12,107.34688568115234,1074876
2024-04-15,106.99977111816406,878716
2024-04-16,104.7000961303711,1388595
2024-04-17,105.0472183227539,741363
2024-04-18,105.82823181152344,712440
2024-04-19,105.17738342285156,823393
2024-04-22,105.26416778564453,903134
2024-04-23,105.30754852294922,947265
2024-04-24,104.22280883789062,820001
2024-04-25,103.09467315673828,1084519
2024-04-26,104.22280883789062,814483
2024-04-29,104.78688049316406,807919
2024-04-30,99.92720031738281,2992713
2024-05-02,99.23295593261719,1237453
2024-05-03,100.23092651367188,873516
2024-05-06,101.48922729492188,744741
2024-05-07,102.4438247680664,768187
2024-05-08,101.70618438720703,990554
2024-05-09,101.87974548339844,625003
2024-05-10,101.48922729492188,1037955
2024-05-13,103.05127716064453,1186467
2024-05-14,105.741455078125,1277713
2024-05-15,105.17738342285156,889196
2024-05-16,104.43975830078125,920763
2024-05-17,104.48314666748047,816618
2024-05-20,103.44178771972656,736453
2024-05-21,103.39839935302734,880392
2024-05-22,102.74755096435547,1304974
2024-05-23,102.40042877197266,944447
2024-05-24,102.79093170166016,660998
2024-05-27,104.48314666748047,1057607
2024-05-28,106.99977111816406,1972844
2024-05-29,104.83026885986328,1995942
2024-05-30,107.41959381103516,1451042
2024-05-31,107.888671875,1532381
2024-06-03,107.84176635742188,859981
2024-06-04,107.04432678222656,1217271
2024-06-05,107.04432678222656,643055
2024-06-06,106.43451690673828,630728
2024-06-07,105.6370849609375,700045
2024-06-10,105.40254211425781,712395
2024-06-11,104.32365417480469,769018
2024-06-12,102.77569580078125,1535717
2024-06-13,99.2106704711914,1993793
2024-06-14,98.03797149658203,1171302
2024-06-17,98.64777374267578,735190
2024-06-18,98.88231658935547,673801
2024-06-19,98.50704956054688,572196
2024-06-20,99.30448913574219,684988
2024-06-21,98.22560119628906,2242741
2024-06-24,99.63284301757812,1421341
2024-06-25,99.9612045288086,797687
2024-06-26,98.31941986083984,1644755
2024-06-27,97.52198028564453,1047859
2024-06-28,98.88231658935547,979913
2024-07-01,99.49212646484375,783736
2024-07-02,99.2106704711914,948029
2024-07-03,99.91429138183594,957213
2024-07-04,100.94627380371094,522707
2024-07-05,100.2426528930664,711334
2024-07-08,100.19574737548828,483947
2024-07-09,100.00811004638672,619664
2024-07-10,99.67975616455078,1220032
2024-07-11,100.52410125732422,869082
2024-07-12,101.83753204345703,772086
2024-07-15,101.50917053222656,499306
2024-07-16,100.33646392822266,808621
2024-07-17,99.86738586425781,520279
2024-07-18,100.94627380371094,791215
2024-07-19,99.0699462890625,985836
2024-07-22,100.05502319335938,633234
2024-07-23,99.11685943603516,931600
2024-07-24,98.83540344238281,548776
2024-07-25,98.17869567871094,1302332
2024-07-26,98.31941986083984,901865
2024-07-29,97.850341796875,788471
2024-07-30,97.61579895019531,696927
2024-07-31,96.81835174560547,1191151
2024-08-01,93.04694366455078,2870951
2024-08-02,90.87040710449219,1654948
2024-08-05,88.09345245361328,2513886
2024-08-06,87.32415771484375,1172975
2024-08-07,88.46871948242188,1537565
2024-08-08,88.43119049072266,661931
2024-08-09,88.13097381591797,525844
2024-08-12,87.71818542480469,616148
2024-08-13,87.19281768798828,753188
2024-08-14,86.8926010131836,620283
2024-08-15,88.8252182006836,1082747
2024-08-16,89.36935424804688,715335
2024-08-19,90.34503936767578,886383
2024-08-20,90.119873046875,871513
2024-08-21,90.51390838623047,522836
2024-08-22,90.55142974853516,436044
2024-08-23,91.00175476074219,623488
2024-08-26,90.79535675048828,452755
2024-08-27,90.8328857421875,537451
2024-08-28,90.34503936767578,517606
2024-08-29,90.19493103027344,583930
2024-08-30,90.23246002197266,914355
2024-09-02,91.3582534790039,1265816
2024-09-03,90.26998901367188,1101357
2024-09-04,89.1441879272461,1126826
2024-09-05,88.95655822753906,808404
2024-09-06,86.3109359741211,1408911
2024-09-09,86.08578491210938,905448
2024-09-10,83.17748260498047,2027742
2024-09-11,83.68408203125,813849
2024-09-12,84.39708709716797,689819
2024-09-13,86.66744232177734,1419186
2024-09-16,85.44783020019531,852803
2024-09-17,86.61115264892578,906313
2024-09-18,86.8926010131836,652854
2024-09-19,88.03715515136719,1183721
2024-09-20,85.20391082763672,2370108
2024-09-23,87.0239486694336,810362
2024-09-24,88.43119049072266,1163437
2024-09-25,87.36168670654297,659290
2024-09-26,89.1441879272461,1072322
2024-09-27,91.11433410644531,1422578
2024-09-30,89.2755355834961,1676185
2024-10-01,87.53055572509766,1041201
2024-10-02,87.09899139404297,609036
2024-10-03,85.72927856445312,786621
2024-10-04,88.16850280761719,1247884
2024-10-07,88.01839447021484,503216
2024-10-08,86.76126098632812,758412
2024-10-09,87.66189575195312,647062
2024-10-10,87.36168670654297,591160
2024-10-11,86.91136169433594,661778
2024-10-14,86.46105194091797,575309
2024-10-15,86.10454559326172,695600
2024-10-16,85.59793090820312,551938
2024-10-17,85.05380249023438,656867
2024-10-18,86.23588562011719,910726
2024-10-21,85.4103012084961,503139
2024-10-22,85.67298889160156,442234
2024-10-23,85.33525085449219,790527
2024-10-24,87.15528869628906,1778185
2024-10-25,86.57362365722656,959851
2024-10-28,86.17959594726562,879131
2024-10-29,83.42139434814453,1606951
2024-10-30,84.32202911376953,1571445
2024-10-31,83.4401626586914,1275646
2024-11-01,83.02737426757812,743579
2024-11-04,82.80221557617188,551408
2024-11-05,82.63334655761719,699437
2024-11-06,79.10585021972656,2753031
2024-11-07,80.47557067871094,1695716
2024-11-08,78.93698120117188,1270613
2024-11-11,79.31224822998047,934507
2024-11-12,78.73058319091797,769049
2024-11-13,76.7979736328125,1395169
2024-11-14,78.16768646240234,1233304
2024-11-15,78.78688049316406,970100
2024-11-18,78.74935150146484,505090
2024-11-19,77.84871673583984,1000596
2024-11-20,76.70415496826172,637033
2024-11-21,76.21630859375,885744
2024-11-22,76.74168395996094,826288
2024-11-25,77.30458068847656,1649273
2024-11-26,75.46578216552734,1105838
2024-11-27,75.35320281982422,714453
2024-11-28,75.63465118408203,1041363
2024-11-29,75.72846984863281,1224857
2024-12-02,75.67218017578125,990919
2024-12-03,75.39073181152344,684872
2024-12-04,76.34764862060547,1282331
2024-12-05,77.09818267822266,1039562
2024-12-06,77.99881744384766,896870
2024-12-09,79.1246109008789,1027050
2024-12-10,80.64443969726562,1042671
2024-12-11,80.7757797241211,835472
2024-12-12,81.47001647949219,727045
2024-12-13,82.5770492553711,1478494
2024-12-16,80.90711975097656,1446973
2024-12-17,81.30115509033203,712017
2024-12-18,82.22055053710938,1120847
2024-12-19,81.92034149169922,1188405
2024-12-20,83.30882263183594,2614169
2024-12-23,81.65765380859375,1619924
2024-12-27,83.17748260498047,1013269
2024-12-30,83.53398132324219,429889
2025-01-02,81.9578628540039,1025665
2025-01-03,81.45125579833984,758138
2025-01-06,83.94676971435547,1697343
2025-01-07,84.22821807861328,680084
2025-01-08,83.79666137695312,920473
2025-01-09,84.15316009521484,650196
2025-01-10,84.77235412597656,1126680
2025-01-13,85.27896118164062,626813
2025-01-14,86.19835662841797,1095161
2025-01-15,87.56807708740234,831895
2025-01-16,87.19281768798828,825316
2025-01-17,87.64312744140625,994847
2025-01-20,89.12542724609375,1223406
2025-01-21,88.43119049072266,712199
2025-01-22,88.03715515136719,762936
2025-01-23,89.50069427490234,1446398
2025-01-24,90.66400909423828,1122433
2025-01-27,91.92115020751953,1171873
2025-01-28,91.77104187011719,929093
2025-01-29,91.48959350585938,642676
2025-01-30,91.77104187011719,690728
2025-01-31,92.54033660888672,905402
2025-02-03,88.75016021728516,2702523
2025-02-04,88.80645751953125,794061
2025-02-05,87.60559844970703,1203209
2025-02-06,89.96977233886719,1599212
2025-02-07,87.9245834350586,1473423
2025-02-10,88.48747253417969,712715
2025-02-11,87.56807708740234,1251586
2025-02-12,87.9433364868164,886419
2025-02-13,93.6098403930664,2809711
2025-02-14,94.00386810302734,1338890
2025-02-17,94.1915054321289,518441
2025-02-18,94.09768676757812,609131
2025-02-19,91.43330383300781,1124343
2025-02-20,91.30196380615234,664033
2025-02-21,92.78426361083984,908132
2025-02-24,95.17657470703125,1322898
2025-02-25,98.46013641357422,3519998
2025-02-26,99.39830017089844,1268395
2025-02-27,97.850341796875,1213354
2025-02-28,97.66270446777344,1647470
2025-03-03,99.91429138183594,2262374
2025-03-04,95.786376953125,1799683
2025-03-05,99.02304077148438,2881119
2025-03-06,102.91641235351562,2386775
2025-03-07,101.46226501464844,1209123
2025-03-10,103.33858489990234,2003526
2025-03-11,102.2127914428711,3133086
2025-03-12,103.15095520019531,1647414
2025-03-13,101.04008483886719,1106109
2025-03-14,100.99317932128906,1278874
2025-03-17,101.60298919677734,1050403
2025-03-18,102.58805847167969,976900
2025-03-19,100.61791229248047,1336905
2025-03-20,96.44309997558594,1649514
2025-03-21,95.17657470703125,3391711
2025-03-24,95.12966918945312,1034542
2025-03-25,96.06783294677734,641737
2025-03-26,94.5667724609375,600192
2025-03-27,93.15953063964844,1581338
2025-03-28,90.96422576904297,1533715
2025-03-31,87.77446746826172,1780110
2025-04-01,88.71263122558594,858075
2025-04-02,88.33737182617188,684253
2025-04-03,84.43461608886719,2093269
2025-04-04,82.0892105102539,2301167
2025-04-07,80.19412231445312,4298186
2025-04-08,80.6069107055664,1890603
2025-04-09,78.65553283691406,2030018
2025-04-10,79.95020294189453,1991298
2025-04-11,80.08154296875,1309181
2025-04-14,81.9578628540039,723065
2025-04-15,83.77790069580078,976237
2025-04-16,83.34634399414062,671522
2025-04-17,84.00305938720703,791952
2025-04-22,86.68620300292969,1028959
2025-04-23,89.16295623779297,1141557
2025-04-24,90.53266906738281,771731
2025-04-25,91.71475982666016,1737284
2025-04-28,92.33393859863281,909796
2025-04-29,91.77104187011719,923314
2025-04-30,89.53822326660156,1495488
2025-05-02,90.55142974853516,1005590
2025-05-05,90.68277740478516,519192
2025-05-06,90.08235168457031,1038289
2025-05-07,89.70709228515625,820134
2025-05-08,92.97189331054688,1254097
2025-05-09,93.64736938476562,1424996
2025-05-12,94.89512634277344,1591066
2025-05-13,98.46013641357422,1317113
2025-05-14,96.77145385742188,989581
2025-05-15,97.38125610351562,798333
2025-05-16,96.48999786376953,1518948
2025-05-19,97.5,1444026
2025-05-20,98.16000366210938,859858
2025-05-21,97.68000030517578,812651
2025-05-22,96.4000015258789,660829
2025-05-23,93.5,1753477
2025-05-26,95.81999969482422,758985
2025-05-27,95.44000244140625,549325
2025-05-28,96.54000091552734,1756868
2025-05-29,95.81999969482422,893500
2025-05-30,95.36000061035156,1084730
2025-06-02,93.5,888360
2025-06-03,94.0999984741211,631076
2025-06-04,93.4000015258789,573953
2025-06-05,93.23999786376953,710927
2025-06-06,91.63999938964844,1077839
2025-06-09,91.55999755859375,609904
2025-06-10,92.62000274658203,809279
2025-06-11,91.66000366210938,877942
2025-06-12,90.87999725341797,822043
2025-06-13,88.83999633789062,974116
2025-06-16,89.30000305175781,669007
2025-06-17,88.45999908447266,659899
2025-06-18,87.69999694824219,613259
2025-06-19,86.54000091552734,753772
2025-06-20,87.30000305175781,2130980
2025-06-23,87.04000091552734,512425
2025-06-24,90.13999938964844,1130384
2025-06-25,89.26000213623047,738853
2025-06-26,87.91999816894531,1513159
2025-06-27,91.33999633789062,1240289
2025-06-30,89.62000274658203,849819
2025-07-01,89.26000213623047,739344
2025-07-02,90.94000244140625,990911
2025-07-03,91.0999984741211,593824
2025-07-04,90.0199966430664,622736
2025-07-07,90.12000274658203,449092
2025-07-08,91.26000213623047,767835
2025-07-09,92.68000030517578,975616
2025-07-10,94.05999755859375,938959
2025-07-11,93.9800033569336,763913
2025-07-14,92.19999694824219,924499
2025-07-15,93.54000091552734,628123
2025-07-16,90.12000274658203,1852896
2025-07-17,90.5999984741211,986185
2025-07-18,90.31999969482422,733084
2025-07-21,90.81999969482422,725022
2025-07-22,89.9800033569336,717943
2025-07-23,95.5199966430664,2658102
2025-07-24,95.9800033569336,1294943
2025-07-25,100.3499984741211,4145335
2025-07-28,96.76000213623047,2151828
2025-07-29,95.5199966430664,1374628
2025-07-30,93.5999984741211,1060362
2025-07-31,92.12000274658203,1019372
2025-08-01,89.16000366210938,1292949
2025-08-04,88.68000030517578,835263
2025-08-05,90.30000305175781,850993
2025-08-06,91.05999755859375,716169
2025-08-07,93.26000213623047,962648
2025-08-08,95.37999725341797,1105317
2025-08-11,96.76000213623047,747910
2025-08-12,97.86000061035156,883724
2025-08-13,98.66000366210938,824790
2025-08-14,98.86000061035156,536571
2025-08-15,99.41999816894531,1307578
2025-08-18,98.87999725341797,836029
2025-08-19,100.9000015258789,1239746
2025-08-20,101.19999694824219,786213
2025-08-21,101.05000305175781,590879
2025-08-22,102.4000015258789,1022401
2025-08-25,101.6500015258789,583637
2025-08-26,101.44999694824219,942150
2025-08-27,100.3499984741211,863146
2025-08-28,100.25,748844
2025-08-29,99.58000183105469,984404
2025-09-01,99.9800033569336,403235
2025-09-02,98.5,893646
2025-09-03,99.04000091552734,791828
2025-09-04,99.0999984741211,636912
2025-09-05,99.91999816894531,816335
2025-09-08,102.5999984741211,1259297
2025-09-09,102.55000305175781,1305614
2025-09-10,101.4000015258789,703673
2025-09-11,102.80000305175781,1092710
2025-09-12,102.0,694658
2025-09-15,101.4000015258789,486024
2025-09-16,99.9000015258789,838778
2025-09-17,99.04000091552734,904532
2025-09-18,97.45999908447266,1107615
2025-09-19,97.27999877929688,1340164
2025-09-22,90.37999725341797,4373182
2025-09-23,93.22000122070312,1607926
2025-09-24,93.12000274658203,1279762
2025-09-25,92.22000122070312,1077612
2025-09-26,90.62000274658203,1632967
2025-09-29,91.76000213623047,620222
2025-09-30,91.95999908447266,667701
2025-10-01,92.91999816894531,765813
2025-10-02,93.4000015258789,922297
2025-10-03,93.27999877929688,475409
2025-10-06,92.86000061035156,556399
2025-10-07,93.04000091552734,912303
2025-10-08,91.31999969482422,1165942
2025-10-09,91.0,865809
2025-10-10,89.16000366210938,1189983
2025-10-13,89.04000091552734,952309
2025-10-14,90.08000183105469,832970
2025-10-15,90.19999694824219,580308
2025-10-16,89.94000244140625,718718
2025-10-17,91.19999694824219,1318044
2025-10-20,91.62000274658203,597985
2025-10-21,91.30000305175781,1048072
2025-10-22,89.30000305175781,1127069
2025-10-23,89.36000061035156,1009971
2025-10-24,90.5199966430664,739697
2025-10-27,91.36000061035156,766519
2025-10-28,91.44000244140625,597573
2025-10-29,92.0,1182664
2025-10-30,90.23999786376953,1327554
2025-10-31,90.22000122070312,813680
2025-11-03,92.30000305175781,862197
2025-11-04,91.18000030517578,569344
2025-11-05,93.4000015258789,1049850
2025-11-06,92.81999969482422,643171
2025-11-07,94.22000122070312,1045857
2025-11-10,95.69999694824219,683067
2025-11-11,97.63999938964844,875329
2025-11-12,98.5999984741211,1299091
2025-11-13,98.9800033569336,654369
2025-11-14,97.66000366210938,959612
2025-11-17,96.36000061035156,574445
2025-11-18,94.69999694824219,940297
2025-11-19,94.77999877929688,555410
2025-11-20,93.76000213623047,589376
2025-11-21,94.72000122070312,961403
2025-11-24,95.55999755859375,751759
2025-11-25,97.19999694824219,634649
2025-11-26,97.05999755859375,628896
2025-11-27,97.18000030517578,257899
2025-11-28,98.37999725341797,594865
2025-12-01,99.54000091552734,1269097
2025-12-02,101.19999694824219,1027468
2025-12-03,102.8499984741211,1193002
2025-12-04,105.44999694824219,1768865
2025-12-05,106.9000015258789,988726
2025-12-08,106.3499984741211,519583
2025-12-09,106.8499984741211,521851
2025-12-10,106.80000305175781,585275
2025-12-11,107.1500015258789,1078911
2025-12-12,108.5999984741211,658854
2025-12-15,107.4000015258789,557664
2025-12-16,106.69999694824219,907680
2025-12-17,104.75,834152
2025-12-18,104.5,936758
2025-12-19,104.05000305175781,1242421
2025-12-22,104.1500015258789,419003
2025-12-23,103.75,416122
2025-12-29,103.05000305175781,583045
2025-12-30,103.55000305175781,374985
2026-01-02,106.44999694824219,755596
2026-01-05,103.3499984741211,947385
2026-01-06,103.0999984741211,497666
2026-01-07,102.19999694824219,551768
2026-01-08,101.80000305175781,810167
2026-01-09,103.8499984741211,1075202
2026-01-12,102.5,1021630
2026-01-13,102.0999984741211,789612
2026-01-14,103.69999694824219,939308
2026-01-15,102.8499984741211,700603
2026-01-16,101.4000015258789,927874
2026-01-19,98.5999984741211,1205345
2026-01-20,97.36000061035156,785549
2026-01-21,98.86000061035156,921856
2026-01-22,105.30000305175781,1956641
2026-01-23,105.5,897495
2026-01-26,104.1500015258789,642626
2026-01-27,102.30000305175781,618496
2026-01-28,102.8499984741211,479594
2026-01-29,103.55000305175781,816377
2026-01-30,102.6500015258789,834346
2026-02-02,102.75,559583
2026-02-03,102.25,648876
2026-02-04,106.0,1028326
2026-02-05,102.0999984741211,1148888
2026-02-06,100.75,1103960
2026-02-09,100.9000015258789,517776
2026-02-10,104.55000305175781,1002420
2026-02-11,103.55000305175781,519322
2026-02-12,102.30000305175781,823824
2026-02-13,103.0999984741211,681371
2026-02-16,102.30000305175781,489727
2026-02-17,103.94999694824219,690201
2026-02-18,104.0999984741211,625085
2026-02-19,102.5999984741211,1073408
2026-02-20,102.5,883691
2026-02-23,99.9000015258789,916336
2026-02-24,101.5999984741211,500743
2026-02-25,99.94000244140625,597278
2026-02-26,101.55000305175781,561327
2026-02-27,101.19999694824219,1067143
2026-03-02,96.73999786376953,1648944
2026-03-03,93.58000183105469,1346234
2026-03-04,94.44000244140625,856515
2026-03-05,92.80000305175781,1090141
2026-03-06,89.9800033569336,1506371
2026-03-09,87.81999969482422,1444869
2026-03-10,90.30000305175781,1507449
2026-03-11,91.72000122070312,973247
2026-03-12,92.37999725341797,813222
2026-03-13,89.5,975004
2026-03-16,88.08000183105469,961085
2026-03-17,88.63999938964844,699642
2026-03-18,88.41999816894531,814173
2026-03-19,85.68000030517578,1350210
2026-03-20,85.37999725341797,2742122
2026-03-23,86.0999984741211,1380959
2026-03-24,86.66000366210938,554803
2026-03-25,87.68000030517578,775964
2026-03-26,86.87999725341797,768558
2026-03-27,86.4800033569336,499889
2026-03-30,86.33999633789062,573185
2026-03-31,86.4000015258789,710369
2026-04-01,88.5,793179
2026-04-02,87.30000305175781,757942
2026-04-07,85.66000366210938,712214
2026-04-08,90.66000366210938,1460126
2026-04-09,89.18000030517578,749510
2026-04-10,89.04000091552734,726741
2026-04-13,87.81999969482422,792134
2026-04-14,90.55999755859375,892611
2026-04-15,90.55999755859375,643947
2026-04-16,89.44000244140625,686536
2026-04-17,92.69999694824219,1329993
2026-04-20,90.4800033569336,911454
2026-04-21,89.9800033569336,579567
2026-04-22,88.73999786376953,584314
2026-04-23,88.36000061035156,599000
2026-04-24,86.68000030517578,854804
2026-04-27,87.13999938964844,559455
2026-04-28,86.62000274658203,582377
2026-04-29,85.4800033569336,984972
2026-04-30,86.22000122070312,1350084
2026-05-04,83.80000305175781,1322448
2026-05-05,84.36000061035156,768400
2026-05-06,88.05999755859375,1369202
2026-05-07,88.08000183105469,726647
2026-05-08,87.62000274658203,622470
2026-05-11,88.0,733668
2026-05-12,86.73999786376953,765889
2026-05-13,86.5199966430664,717770
2026-05-14,88.83999633789062,791147
2026-05-15,87.94000244140625,1223182
2026-05-18,87.77999877929688,896390
2026-05-19,87.62000274658203,616013
2026-05-20,87.91999816894531,672135
2026-05-21,88.5999984741211,700399
2026-05-22,89.68000030517578,612982
2026-05-25,90.94000244140625,370903
2026-05-26,90.5,448519
2026-05-27,92.37999725341797,910173
2026-05-28,92.55999755859375,572118
2026-05-29,91.81999969482422,1281657
2026-06-01,90.55999755859375,844973
2026-06-02,91.0199966430664,792851
2026-06-03,89.31999969482422,985037
2026-06-04,88.5999984741211,870930
2026-06-05,87.83999633789062,827145
2026-06-08,88.04000091552734,274085
