Date,Close
1998-07-23,-1.939271081049398
1998-07-24,-0.18522988088814712
1998-07-27,-1.2658843500172097
1998-07-28,-1.042184389077536
1998-07-29,1.0256527771851953
1998-07-30,0.7868733298474381
1998-07-31,-0.0082658059461724
1998-08-03,-3.7861519601559723
1998-08-04,0.14747255399620804
1998-08-05,0.18635395262101526
1998-08-06,-0.8903992043151804
1998-08-07,-0.0082658059461724
1998-08-10,-1.2327859698887744
1998-08-11,-3.486597179869827
1998-08-12,0.25621889924445285
1998-08-13,-0.3834987456945243
1998-08-14,1.8342296088760301
1998-08-17,-0.6487846007026853
1998-08-18,1.0550655875491113
1998-08-19,0.40961859133785283
1998-08-20,-0.6370327960646252
1998-08-21,-2.3958125016460308
1998-08-24,0.1033551775321077
1998-08-25,2.055729900371063
1998-08-26,-1.4094464533909365
1998-08-27,-3.548901442872749
1998-08-28,-0.0082658059461724
1998-08-31,-2.7106854391649677
1998-09-01,2.311538770537044
1998-09-02,-0.8327627444512334
1998-09-03,-2.0134892454297155
1998-09-04,-0.0082658059461724
1998-09-07,1.2558222152958949
1998-09-08,2.461155139042615
1998-09-09,-0.5294393374528317
1998-09-10,-2.7106854391649677
1998-09-11,-0.0082658059461724
1998-09-14,-1.2430554513036114
1998-09-15,-0.851674174815181
1998-09-16,-1.3600902945065294
1998-09-17,-2.4970854964636455
1998-09-18,-0.0082658059461724
1998-09-21,-1.8525128443827477
1998-09-22,-0.0082658059461724
1998-09-23,2.126552850313627
1998-09-24,-0.18282199423342807
1998-09-25,-0.0082658059461724
1998-09-28,2.9101864004180964
1998-09-29,1.0108569809801842
1998-09-30,-3.2540822862445204
1998-10-01,-5.493683016190149
1998-10-02,0.3207331006861694
1998-10-05,-0.20030578940638036
1998-10-06,1.4542531953316964
1998-10-07,-1.9264790808150691
1998-10-08,-3.766921365580699
1998-10-09,1.0487012718538709
1998-10-12,4.923766478044899
1998-10-13,0.20862974459359018
1998-10-14,0.20755433729804107
1998-10-15,1.6801745016633118
1998-10-16,-0.9043274095467927
1998-10-19,-0.3115724261975744
1998-10-20,1.7196572561100842
1998-10-21,-0.33036703020029634
1998-10-22,-0.8107973531816535
1998-10-23,-0.49046302177071294
1998-10-26,4.203707848265761
1998-10-27,0.8081484292450446
1998-10-28,-2.792787647607264
1998-10-29,0.1074659197723324
1998-10-30,-0.0082658059461724
1998-11-02,3.3819316744581593
1998-11-03,-0.0082658059461724
1998-11-04,2.23760607332262
1998-11-05,-1.5701930806968623
1998-11-06,-0.0082658059461724
1998-11-09,0.7412335003879952
1998-11-10,-1.841678541989202
1998-11-11,-0.06168245295748762
1998-11-12,0.8403691219071903
1998-11-13,-1.395688915867676
1998-11-16,2.056878304779163
1998-11-17,-0.0082658059461724
1998-11-18,0.04328302816527214
1998-11-19,1.0126107722620032
1998-11-20,0.9878921486946013
1998-11-23,-0.0082658059461724
1998-11-24,0.9662175722188285
1998-11-25,-1.4779298846561952
1998-11-26,2.0590343218701266
1998-11-27,-0.8476781463741001
1998-11-30,-0.44619652517754577
1998-12-01,-0.0082658059461724
1998-12-02,-2.3200767064070935
1998-12-03,-0.42332020640497686
1998-12-04,-0.11241075299612653
1998-12-07,-0.11265873789676759
1998-12-08,-0.0082658059461724
1998-12-09,-1.609732007057816
1998-12-10,0.10009972978804929
1998-12-11,-0.0082658059461724
1998-12-14,-0.0082658059461724
1998-12-15,-1.6676091742360162
1998-12-16,1.9218438521521326
1998-12-17,0.9509304912548121
1998-12-18,-0.0082658059461724
1998-12-21,-0.2730266051923049
1998-12-22,-0.35408141624561656
1998-12-23,0.759771126511458
1998-12-24,-0.0082658059461724
1998-12-25,-0.0082658059461724
1998-12-28,2.242857861273036
1998-12-29,-1.2472850010238548
1998-12-30,-1.5485264296726637
1998-12-31,-0.0082658059461724
1999-01-01,-0.0082658059461724
1999-01-04,4.704352016829125
1999-01-05,-0.760158547805465
1999-01-06,1.9380285211554706
1999-01-07,-1.1561017677222536
1999-01-08,0.8668773226835743
1999-01-11,-0.6976765455838357
1999-01-12,-1.8544250241007552
1999-01-13,-2.4875376397021767
1999-01-14,-0.0082658059461724
1999-01-15,-1.3197041998579357
1999-01-18,1.1902627515091206
1999-01-19,-0.2143069964317487
1999-01-20,1.4635950339690669
1999-01-21,1.02688730734881
1999-01-22,-0.0082658059461724
1999-01-25,-3.0870690089206514
1999-01-26,1.9854585199486372
1999-01-27,-0.30901432678294005
1999-01-28,-1.0263136834776225
1999-01-29,1.2305415779301208
1999-02-01,-1.041508935428673
1999-02-02,-0.8364504466445719
1999-02-03,-0.5341392376387226
1999-02-04,0.5176076257463822
1999-02-05,-0.5235622319374216
1999-02-08,0.29744848767258275
1999-02-09,-0.8569604032784415
1999-02-10,-0.0082658059461724
1999-02-11,-1.3136737008357497
1999-02-12,-0.0082658059461724
1999-02-15,1.5108935666986931
1999-02-16,-0.7611146919632478
1999-02-17,-0.11688869164394923
1999-02-18,-0.6107584582573029
1999-02-19,-1.3074164981500558
1999-02-22,0.9030221997908325
1999-02-23,2.162213124803618
1999-02-24,-2.2901926850487477
1999-02-25,-3.0729061556310784
1999-02-26,-0.0082658059461724
1999-03-01,-2.7302825788276017
1999-03-02,-0.0082658059461724
1999-03-03,0.4365229164530456
1999-03-04,1.2990360209016112
1999-03-05,0.297191875735191
1999-03-08,0.17399354204417286
1999-03-09,-1.6770469546623277
1999-03-10,-2.2065697063851166
1999-03-11,1.2855791056050274
1999-03-12,-0.0082658059461724
1999-03-15,1.8806016332780338
1999-03-16,-0.7413193690663002
1999-03-17,-0.3858584009658387
1999-03-18,0.6192265054170889
1999-03-19,1.0378440544878837
1999-03-22,0.10102636600217074
1999-03-23,-1.664922441888496
1999-03-24,-0.1345035137495093
1999-03-25,1.9682103346538382
1999-03-26,1.4748518586762809
1999-03-29,-0.06661689705058106
1999-03-30,0.6177394558449211
1999-03-31,-0.08890405194470999
1999-04-01,-1.3789715073980837
1999-04-02,-0.0082658059461724
1999-04-05,-0.0082658059461724
1999-04-06,-0.06784334559522452
1999-04-07,0.6424548764862051
1999-04-08,-0.0082658059461724
1999-04-09,-0.06702338764300626
1999-04-12,1.776531188990114
1999-04-13,-0.0082658059461724
1999-04-14,0.7740342554030493
1999-04-15,1.5681656322078168
1999-04-16,-0.0082658059461724
1999-04-19,1.202018433681226
1999-04-20,1.5207133259834769
1999-04-21,-0.41068822196543925
1999-04-22,0.7928354961198961
1999-04-23,-0.0082658059461724
1999-04-26,-0.20714721636818126
1999-04-27,-0.0082658059461724
1999-04-28,0.7817597992579416
1999-04-29,-3.365375063047123
1999-04-30,-1.0797665122201727
1999-05-03,0.8404237901108625
1999-05-04,-0.8569554020032073
1999-05-05,1.094963978459078
1999-05-06,-1.2201184760491997
1999-05-07,-0.9986211447241813
1999-05-10,-0.5684955699845886
1999-05-11,0.21669690525940646
1999-05-12,0.9349264550652575
1999-05-13,-0.0082658059461724
1999-05-14,0.2652381042370855
1999-05-17,-0.33667261818597394
1999-05-18,-2.4385592248265144
1999-05-19,0.6839453040609144
1999-05-20,0.3903988548146877
1999-05-21,-0.7516449355288953
1999-05-24,-0.0082658059461724
1999-05-25,-1.0002461413502146
1999-05-26,-1.2662251756916454
1999-05-27,0.13737612310038624
1999-05-28,-0.5815733638032056
1999-05-31,-1.7629189715173041
1999-06-01,1.1279431280013776
1999-06-02,1.2803142202124482
1999-06-03,-0.0082658059461724
1999-06-04,-0.6170363166202666
1999-06-07,1.0215543639450684
1999-06-08,0.7040832090782979
1999-06-09,-0.8404798475968666
1999-06-10,0.7060387654838136
1999-06-11,-0.5070321680202031
1999-06-14,-0.30792083777845847
1999-06-15,0.5533788208594606
1999-06-16,2.1900360040931983
1999-06-17,-0.23443138389808993
1999-06-18,0.2178997720057451
1999-06-21,0.2727644784398579
1999-06-22,-0.28929609033219844
1999-06-23,-1.0355297001441461
1999-06-24,-1.8855323944528306
1999-06-25,0.220435062389782
1999-06-28,1.117289292869938
1999-06-29,0.2830843358488791
1999-06-30,-0.7108664751273526
1999-07-01,0.08608770731123834
1999-07-02,0.48368145496234277
1999-07-05,-2.403172656567133
1999-07-06,0.4206192614725241
1999-07-07,1.4893646733108656
1999-07-08,-0.4937416733823217
1999-07-09,-0.9595014417443662
1999-07-12,-0.0082658059461724
1999-07-13,1.073759459966783
1999-07-14,-0.2463579737197332
1999-07-15,-0.0082658059461724
1999-07-16,-0.18773036213250685
1999-07-19,-0.3090177158283645
1999-07-20,-0.7388054035593445
1999-07-21,-1.1531943941404716
1999-07-22,-0.9390106885460262
1999-07-23,-1.5836104882021271
1999-07-26,1.2436249917240103
1999-07-27,-0.6625941735091739
1999-07-28,0.3593866251112584
1999-07-29,0.2264234072869301
1999-07-30,-0.4789474593719771
1999-08-02,0.3191599489265647
1999-08-03,-0.08663150869626082
1999-08-04,-0.25732585806882113
1999-08-05,0.12301285563271028
1999-08-06,-2.2963457713644866
1999-08-09,-0.28566660965627766
1999-08-10,0.2691349977639371
1999-08-11,-0.705150037975154
1999-08-12,-0.14900185360177892
1999-08-13,0.13247024170943414
1999-08-16,1.0328605392309378
1999-08-17,0.5097426128052206
1999-08-18,0.2214504829028687
1999-08-19,0.08597094133965189
1999-08-20,-0.5087433194545519
1999-08-23,-0.8186033575980021
1999-08-24,0.5291033744385141
1999-08-25,-0.14541048109650415
1999-08-26,0.2655822786156014
1999-08-27,0.9366623995283078
1999-08-30,1.8212887662555346
1999-08-31,0.3103854733678702
1999-09-01,-0.326917085260215
1999-09-02,-0.0082658059461724
1999-09-03,-1.3202672871715448
1999-09-06,0.018120636526868357
1999-09-07,0.8918309925812733
1999-09-08,0.6323690870601693
1999-09-09,0.5602252316946541
1999-09-10,0.09201404708581538
1999-09-13,0.20405558454709058
1999-09-14,-1.1316736942506642
1999-09-15,-1.451946160760177
1999-09-16,-1.202001993758604
1999-09-17,-1.2641874023013235
1999-09-20,0.6312021959522678
1999-09-21,-0.42422835221689437
1999-09-22,-0.23177126157388206
1999-09-23,-0.6432118068053609
1999-09-24,-0.5518481726670313
1999-09-27,-0.326181400875895
1999-09-28,1.0659277474720346
1999-09-29,-0.4918947561937449
1999-09-30,-0.38181894944709854
1999-10-01,1.5503591161757984
1999-10-04,-0.8513870274299027
1999-10-05,0.26052902936021216
1999-10-06,-0.41921291315124753
1999-10-07,-0.3657150820855619
1999-10-08,0.06346853664312621
1999-10-11,0.13482776553681697
1999-10-12,0.2765078280196197
1999-10-13,-1.0860492484418918
1999-10-14,-0.2271201024941666
1999-10-15,-0.5825500431674809
1999-10-18,1.0749306339080356
1999-10-19,0.4946860964988454
1999-10-20,1.0499964189170852
1999-10-21,0.061366824640096705
1999-10-22,-1.711444215446768
1999-10-25,1.972313407264537
1999-10-26,-0.987109438029754
1999-10-27,1.8599206817021432
1999-10-28,-0.14389901343301292
1999-10-29,1.2367786418326725
1999-11-01,1.2657314484876252
1999-11-02,0.4883724308984923
1999-11-03,-2.6856885723328237
1999-11-04,-0.4145065721687233
1999-11-05,-1.2505850834641985
1999-11-08,0.5483274170458419
1999-11-09,0.4729057008740799
1999-11-10,-0.48943731276642466
1999-11-11,-0.705150037975154
1999-11-12,-1.248529427322184
1999-11-15,-0.929351430123783
1999-11-16,-0.23051668711526538
1999-11-17,1.6526358125725662
1999-11-18,-0.1370722963558227
1999-11-19,-0.31033371957970624
1999-11-22,-1.6112972865441773
1999-11-23,-0.6119008999522445
1999-11-24,-0.6667949155554718
1999-11-25,-1.213390180549713
1999-11-26,-0.9714181360534148
1999-11-29,-0.7450717051992548
1999-11-30,0.23874172629573107
1999-12-01,0.6435791170776028
1999-12-02,2.044234740772749
1999-12-03,1.2824906821476856
1999-12-06,0.18575824950054234
1999-12-07,-1.400642298993653
1999-12-08,-0.25511641599733326
1999-12-09,-0.9467927516829295
1999-12-10,-0.4054557464999885
1999-12-13,-0.3930771588901886
1999-12-14,0.29665946435578866
1999-12-15,3.0912199986376705
1999-12-16,4.223647169178068
1999-12-17,-2.0084142771273013
1999-12-20,-0.22060618070745025
1999-12-21,2.2042230399962386
1999-12-22,0.8985214691619992
1999-12-23,0.47720715690925747
1999-12-24,-0.0082658059461724
1999-12-27,-0.864809202341272
1999-12-28,0.38919184471147006
1999-12-29,-0.6325786109453716
1999-12-30,-1.0648522007735517
1999-12-31,-0.0082658059461724
2000-01-03,0.19695317357602682
2000-01-04,-1.9630225577761364
2000-01-05,0.2765078280196197
2000-01-06,0.9043712259437815
2000-01-07,1.0618697192572393
2000-01-10,0.28878947053455944
2000-01-11,0.4068625939276318
2000-01-12,-0.32931272473104756
2000-01-13,-1.2616530954153633
2000-01-14,0.005559715136757229
2000-01-17,1.4054875558384283
2000-01-18,-0.6957163243242678
2000-01-19,-1.2350293002760147
2000-01-20,-0.7843049731982953
2000-01-21,-0.0082658059461724
2000-01-24,-0.3657150820855619
2000-01-25,-0.8785065691695628
2000-01-26,-0.464898690952233
2000-01-27,1.1027056896831227
2000-01-28,-0.9861523096646878
2000-01-31,-0.6478422012697497
2000-02-01,-0.1734237898414277
2000-02-02,0.006781735846083299
2000-02-03,-0.6140296575879363
2000-02-04,-1.4033946734764793
2000-02-07,-0.3404437335405339
2000-02-08,-0.7934790693902818
2000-02-09,0.3139783422097229
2000-02-10,-0.02433244691208099
2000-02-11,-0.34680725025994374
2000-02-14,-0.7922724389431087
2000-02-15,0.32015175110763733
2000-02-16,-0.17215771590302778
2000-02-17,0.6597609285769798
2000-02-18,-0.8902937815045731
2000-02-21,-0.6232544900440488
2000-02-22,0.15881623522931376
2000-02-23,-3.210003090831947
2000-02-24,-2.888201634441067
2000-02-25,2.055316330188452
2000-02-28,0.5376940890335584
2000-02-29,-0.33501253333727665
2000-03-01,0.4989194987546779
2000-03-02,0.4395893395024845
2000-03-03,-0.2047515171893844
2000-03-06,0.09901851769796169
2000-03-07,-0.45703886759835394
2000-03-08,0.17180871792722258
2000-03-09,0.2425681637878375
2000-03-10,-0.0082658059461724
2000-03-13,0.8057272326046574
2000-03-14,0.8077549149434835
2000-03-15,1.479066193838854
2000-03-16,2.177574161244252
2000-03-17,-0.2456896361342845
2000-03-20,-0.6479533686143474
2000-03-21,-1.0850675575145665
2000-03-22,0.17308893718365306
2000-03-23,0.8065525870467192
2000-03-24,0.23318874622893324
2000-03-27,-0.24972035812128235
2000-03-28,0.31335588735834496
2000-03-29,0.8325793279841172
2000-03-30,-0.9453447219717822
2000-03-31,-0.6228284599558581
2000-04-03,-0.49976746068261046
2000-04-04,-0.5221318113714406
2000-04-05,-0.8672854135837188
2000-04-06,0.5159311124259043
2000-04-07,-0.34572961019384946
2000-04-10,-1.0368995976185698
2000-04-11,0.3889677222993469
2000-04-12,-0.1287586517140745
2000-04-13,-0.3892418478325856
2000-04-14,0.6133819820531117
2000-04-17,-0.6125201918310654
2000-04-18,0.6987342417300539
2000-04-19,-0.994357332016927
2000-04-20,0.8750800583332575
2000-04-21,-0.0082658059461724
2000-04-24,-0.0082658059461724
2000-04-25,1.0917871046462426
2000-04-26,0.1418548326897651
2000-04-27,-0.8999399193314367
2000-04-28,-0.7110102575336631
2000-05-01,-0.0082658059461724
2000-05-02,0.3531221919661941
2000-05-03,2.7940960236182155
2000-05-04,1.8758740133892222
2000-05-05,-0.6115752527108579
2000-05-08,0.8248419651173062
2000-05-09,1.5667240872328205
2000-05-10,-2.121384003754396
2000-05-11,-0.0082658059461724
2000-05-12,-0.19434024525041416
2000-05-15,-0.1327599886608892
2000-05-16,1.1449317077823076
2000-05-17,-0.6964481380976294
2000-05-18,-1.8993481412386266
2000-05-19,-0.04050354160087974
2000-05-22,2.0689376857733666
2000-05-23,-0.6271644082955685
2000-05-24,-0.040407859274991964
2000-05-25,0.6302190462658737
2000-05-26,0.38601341552191154
2000-05-29,0.02311547510650944
2000-05-30,0.3510210962972653
2000-05-31,-0.24223574179608479
2000-06-01,1.0728919933555057
2000-06-02,-0.6227332103712937
2000-06-05,0.4534055990783314
2000-06-06,-0.9366276058472416
2000-06-07,-0.38531286279265625
2000-06-08,-0.18219621801397537
2000-06-09,0.14988653668911237
2000-06-12,-0.26159387850477506
2000-06-13,0.1660547760301473
2000-06-14,-0.5653824940033968
2000-06-15,-0.3298909043140816
2000-06-16,-2.1598774532175997
2000-06-19,1.0810387522856426
2000-06-20,-1.1485197573643822
2000-06-21,-0.21267584902515618
2000-06-22,-0.2823364518222758
2000-06-23,-1.2637441718215514
2000-06-26,1.178425976954457
2000-06-27,-0.5277593795033433
2000-06-28,0.25226809996029326
2000-06-29,-0.7946676218963601
2000-06-30,0.7608119041790878
2000-07-03,-0.14706909454459777
2000-07-04,0.5786019826247524
2000-07-05,0.8404183847309381
2000-07-06,-0.17666257381603526
2000-07-07,-0.4833367706175383
2000-07-10,0.29773953717455476
2000-07-11,-0.9502280013503402
2000-07-12,-0.2339755406920304
2000-07-13,0.6481843229472446
2000-07-14,-0.8216503839072296
2000-07-17,0.6333380455180266
2000-07-18,2.2545292451619336
2000-07-19,1.0400447952022067
2000-07-20,1.015001193321333
2000-07-21,-0.8724959166855956
2000-07-24,0.8559643047932551
2000-07-25,-0.8724959166855956
2000-07-26,0.6063587518366407
2000-07-27,-0.6228903637289854
2000-07-28,1.0886847638198995
2000-07-31,0.8343667321153253
2000-08-01,-0.6194430683612303
2000-08-02,-0.5502882803769028
2000-08-03,0.779280240393932
2000-08-04,0.4331737904007365
2000-08-07,0.9649623797159196
2000-08-08,1.1599719303229272
2000-08-09,0.7768391563830569
2000-08-10,-0.5778167158435292
2000-08-11,0.17766088232712196
2000-08-14,-0.3953354985127902
2000-08-15,0.04929890764262201
2000-08-16,0.7755146496185547
2000-08-17,-0.6484679708063616
2000-08-18,-0.2526370356878113
2000-08-21,-0.3265912220388689
2000-08-22,0.840140876336334
2000-08-23,1.0465260701164665
2000-08-24,-1.1913855684408354
2000-08-25,-0.02255292330541839
2000-08-28,0.6860831411829474
2000-08-29,-1.277903602643534
2000-08-30,-0.9598637777357949
2000-08-31,0.08046490431282033
2000-09-01,1.7146588100246833
2000-09-04,-0.8683231603864068
2000-09-05,-0.298810584680933
2000-09-06,0.5565027975150947
2000-09-07,-0.35493647945777695
2000-09-08,0.8247858543054291
2000-09-11,-1.0594153961474362
2000-09-12,-0.7582498196454053
2000-09-13,-1.7955084155820988
2000-09-14,0.8946794386720502
2000-09-15,1.6260155727707686
2000-09-18,0.28227897278858816
2000-09-19,-0.15329394557657455
2000-09-20,-0.7408846190275349
2000-09-21,0.4328042141374849
2000-09-22,0.4283111266819479
2000-09-25,0.3521854209595579
2000-09-26,-0.2241624204494832
2000-09-27,-0.5601534544414742
2000-09-28,0.25403909051630347
2000-09-29,2.7894811259508954
2000-10-02,0.6802677568124176
2000-10-03,-0.0082658059461724
2000-10-04,1.1152893758437816
2000-10-05,0.44593392771814017
2000-10-06,0.632375077284115
2000-10-09,-0.7135058817853526
2000-10-10,-1.3476607711042052
2000-10-11,0.6797849380907797
2000-10-12,-0.47015814003332307
2000-10-13,0.9495510733193702
2000-10-16,0.3406461662466383
2000-10-17,-1.0504413502287515
2000-10-18,0.5420434521555199
2000-10-19,-0.5585750640478646
2000-10-20,-1.2796987376283955
2000-10-23,0.4645461882562294
2000-10-24,-0.2777961774819115
2000-10-25,0.3954130282564501
2000-10-26,-0.5473573108983651
2000-10-27,1.063220292864241
2000-10-30,0.7131450104885062
2000-10-31,1.7626027347189126
2000-11-01,0.19095323354247018
2000-11-02,-1.0392152282169311
2000-11-03,0.14415970177102175
2000-11-06,0.24458838212092357
2000-11-07,0.042127866271688304
2000-11-08,-0.7960660238763405
2000-11-09,0.4128383627485428
2000-11-10,-0.49354012714108564
2000-11-13,-2.4798567761474133
2000-11-14,2.050353594575961
2000-11-15,0.8264549966698407
2000-11-16,-0.5844047204356738
2000-11-17,0.37668263130579943
2000-11-20,-0.7166641961603243
2000-11-21,0.12139676529628894
2000-11-22,-1.6984896868692962
2000-11-23,1.1608983980334984
2000-11-24,-1.0698240941449537
2000-11-27,1.9995281154171205
2000-11-28,2.1419221496642593
2000-11-29,0.21064066828502315
2000-11-30,-3.1274505126942427
2000-12-01,-0.13893782802871546
2000-12-04,-0.4687543717953629
2000-12-05,0.9078091026709452
2000-12-06,0.5832525002114735
2000-12-07,-0.7944482042862615
2000-12-08,0.9690364484208763
2000-12-11,0.3588497933540336
2000-12-12,-1.4177522571344743
2000-12-13,-1.9400169035724038
2000-12-14,-1.4635424605453848
2000-12-15,-0.26279719212073827
2000-12-18,0.2462655802283977
2000-12-19,2.163223945209682
2000-12-20,-2.6048131193141697
2000-12-21,0.2755750675030134
2000-12-22,0.343895904244905
2000-12-25,-0.0082658059461724
2000-12-26,-0.0082658059461724
2000-12-27,0.7150860362712629
2000-12-28,1.6556474374990107
2000-12-29,-0.8118638077859541
2001-01-01,-0.0082658059461724
2001-01-02,-0.0082658059461724
2001-01-03,0.3954130282564501
2001-01-04,0.7878645632412599
2001-01-05,0.12301365039828474
2001-01-08,0.09645133871649524
2001-01-09,-2.7202262701818998
2001-01-10,1.5374192254281056
2001-01-11,-1.0967615588247346
2001-01-12,0.9456711855958607
2001-01-15,1.1747360684224688
2001-01-16,-1.5295209131806946
2001-01-17,1.6700260022374822
2001-01-18,0.1091396555113141
2001-01-19,0.6253256186430103
2001-01-22,0.5147750325858467
2001-01-23,0.18151370231950262
2001-01-24,-0.9656594746506385
2001-01-25,-0.2672137901675666
2001-01-26,-0.0082658059461724
2001-01-29,-1.0201367231712675
2001-01-30,-1.276808315723419
2001-01-31,0.7519801904120507
2001-02-01,0.6460510332814624
2001-02-02,0.13726226806652692
2001-02-05,-0.6335514080729979
2001-02-06,0.7357259611263766
2001-02-07,0.07067398446643566
2001-02-08,0.7346150973770048
2001-02-09,-0.03412135561139524
2001-02-12,-0.5285383690841438
2001-02-13,-0.3630652254775914
2001-02-14,1.124610360473314
2001-02-15,0.1200414928238722
2001-02-16,-0.8362016599973344
2001-02-19,-0.21778565553622756
2001-02-20,1.6019138731181815
2001-02-21,0.681469395466463
2001-02-22,0.05390080229915477
2001-02-23,-1.3970006896242912
2001-02-26,1.3804690777319464
2001-02-27,-0.6591597155787497
2001-02-28,2.430896166622327
2001-03-01,0.48925606889478046
2001-03-02,-0.5892681223276272
2001-03-05,0.6433410144761736
2001-03-06,0.13258888130617993
2001-03-07,1.0680062410223041
2001-03-08,1.0639369522197548
2001-03-09,0.04742570792954917
2001-03-12,-0.7380141070265426
2001-03-13,-2.1559262535225088
2001-03-14,-2.1439639338443044
2001-03-15,-0.7020715692336378
2001-03-16,-0.26338796560474353
2001-03-19,-0.9786562852647442
2001-03-20,1.9110525963184402
2001-03-21,0.291008237439475
2001-03-22,-4.387303316098053
2001-03-23,-0.9685682076909405
2001-03-26,1.1716791038422698
2001-03-27,1.4720481846625746
2001-03-28,-0.540660399804393
2001-03-29,0.3916533616909741
2001-03-30,-0.8118638077859541
2001-04-02,-0.34760125659792107
2001-04-03,-2.7660544019055116
2001-04-04,1.2236807016138385
2001-04-05,0.5528879485107869
2001-04-06,-0.38623990771344224
2001-04-09,1.402466510164254
2001-04-10,0.26299976430478894
2001-04-11,-0.34760125659792107
2001-04-12,0.6006000162413198
2001-04-13,-0.0082658059461724
2001-04-16,-0.0082658059461724
2001-04-17,-0.44034206719957525
2001-04-18,1.746695730745974
2001-04-19,0.4452542654770284
2001-04-20,0.8214684906474262
2001-04-23,-0.0082658059461724
2001-04-24,-0.07154035269460575
2001-04-25,-0.19858664130183198
2001-04-26,0.8728213207597213
2001-04-27,-0.5095254673764749
2001-04-30,0.48053363589414566
2001-05-01,-0.0082658059461724
2001-05-02,0.05401253926186527
2001-05-03,0.6829930895693467
2001-05-04,-0.13089935238627332
2001-05-07,-0.020534218772295287
2001-05-08,-0.2422989052215669
2001-05-09,-0.26841508857090296
2001-05-10,1.6013667910097478
2001-05-11,1.2186639430460997
2001-05-14,0.7411104092331774
2001-05-15,-0.5951197062353543
2001-05-16,0.46415648817599753
2001-05-17,1.0667558816686111
2001-05-18,0.15903838464769637
2001-05-21,0.3354520070684415
2001-05-22,0.2010434642728728
2001-05-23,-0.2617688590677092
2001-05-24,-0.08572372456044121
2001-05-25,0.6510963544245013
2001-05-28,-0.22691811915817242
2001-05-29,-0.5598663788899343
2001-05-30,-0.9058349727278153
2001-05-31,-0.46419790308595144
2001-06-01,0.3341440877589344
2001-06-04,0.331414848198411
2001-06-05,1.3788377355380843
2001-06-06,0.5881316399875588
2001-06-07,-0.3434090459301331
2001-06-08,-0.2668839733203
2001-06-11,-0.6903631276444365
2001-06-12,-0.4806823747045427
2001-06-13,-0.019835140075003366
2001-06-14,-1.076119859951009
2001-06-15,-0.8481630418470361
2001-06-18,-0.08102080416338
2001-06-19,0.8806200262340181
2001-06-20,-0.6068445629036033
2001-06-21,0.02788155105392821
2001-06-22,-0.8352822236018375
2001-06-25,0.35855961696968064
2001-06-26,-0.0082658059461724
2001-06-27,-0.25245942897140694
2001-06-28,0.10179178227591845
2001-06-29,1.5508045588382489
2001-07-02,0.8198623056298291
2001-07-03,-0.309658580713206
2001-07-04,-0.7830494955987408
2001-07-05,-0.10312721399806049
2001-07-06,-0.12714637806860943
2001-07-09,-0.4991659672004117
2001-07-10,-0.4318240845329372
2001-07-11,-0.830943925948587
2001-07-12,0.1526026002805991
2001-07-13,-0.2684218769435246
2001-07-16,-0.12025024341840668
2001-07-17,0.041541544716854124
2001-07-18,-0.5593333620441692
2001-07-19,1.72109135611897
2001-07-20,-2.952166019511995
2001-07-23,0.6863214138854801
2001-07-24,-0.07210675199317951
2001-07-25,0.19569802075969767
2001-07-26,0.3715671450639965
2001-07-27,-0.0208790811500144
2001-07-30,-0.24850672250728217
2001-07-31,2.0827579598810138
2001-08-01,-0.11707821794325575
2001-08-02,-0.8765842759990703
2001-08-03,-1.1094712079826943
2001-08-06,0.2948721710000646
2001-08-07,0.8638816295857937
2001-08-08,-0.20605565607713194
2001-08-09,-0.3690984963871136
2001-08-10,-0.25889539435346476
2001-08-13,-0.02083551328795961
2001-08-14,0.8751562916891776
2001-08-15,-1.0302084387498194
2001-08-16,-0.1219266338218205
2001-08-17,-2.7632656771149953
2001-08-20,-0.048740937772447576
2001-08-21,0.1937181442260679
2001-08-22,0.5125316979054209
2001-08-23,-0.07468246530140733
2001-08-24,1.1199793615608407
2001-08-27,-0.3201562466190564
2001-08-28,-0.9177652707502533
2001-08-29,-0.6525580537752063
2001-08-30,-0.6212096589797178
2001-08-31,0.6857502382177688
2001-09-03,-1.1712765297944125
2001-09-04,2.142151262995315
2001-09-05,1.034227971990127
2001-09-06,-1.2490775118261186
2001-09-07,-0.12769160633296606
2001-09-10,-0.8402158303569041
2001-09-11,-2.332986715122994
2001-09-12,-2.149390239323318
2001-09-13,-0.15891547091288338
2001-09-14,-2.895118148286512
2001-09-17,0.47328468558545267
2001-09-18,-2.0681798181968727
2001-09-19,-2.2250763998653236
2001-09-20,-2.3646792261817535
2001-09-21,1.8336021356277878
2001-09-24,2.7230902666345953
2001-09-25,-0.6664576646415218
2001-09-26,-0.4012161001871336
2001-09-27,-0.14579603215068715
2001-09-28,2.4672202091087767
2001-10-01,-1.3621124111211251
2001-10-02,0.32589899141554673
2001-10-03,2.023279754915389
2001-10-04,1.0577379133265798
2001-10-05,-1.5691880091497528
2001-10-08,0.48665267798465595
2001-10-09,-1.1340445501919676
2001-10-10,2.2144711002084874
2001-10-11,0.6823909667191475
2001-10-12,-0.8073732477643923
2001-10-15,-0.6962348625317947
2001-10-16,0.7571994771562334
2001-10-17,-0.21002868596657737
2001-10-18,0.378901347337807
2001-10-19,-2.0607768788712506
2001-10-22,1.812367369471454
2001-10-23,0.5308358927498239
2001-10-24,1.1990608098263131
2001-10-25,-0.45703607637984545
2001-10-26,1.8601992882867286
2001-10-29,-1.8767309001790733
2001-10-30,-0.23442551964273367
2001-10-31,0.06724424278367788
2001-11-01,-0.038453072923653984
2001-11-02,0.7699061902617627
2001-11-05,2.1321497616942167
2001-11-06,-0.022374917770724166
2001-11-07,1.5574235779134362
2001-11-08,0.9336960844891313
2001-11-09,-0.3423038638974642
2001-11-12,-0.4803459132626351
2001-11-13,2.108582672897148
2001-11-14,-0.20233971528888123
2001-11-15,-0.4252466285408849
2001-11-16,1.306959863594696
2001-11-19,0.30803239860835185
2001-11-20,0.5552437355886255
2001-11-21,0.029031993804445818
2001-11-22,0.1901536442878486
2001-11-23,1.6421762700555902
2001-11-26,-0.0082658059461724
2001-11-27,-1.7701938080139632
2001-11-28,-1.5232767783947496
2001-11-29,-0.5904852768365717
2001-11-30,0.09582801909349001
2001-12-03,-0.5049607838332697
2001-12-04,2.5187653984057374
2001-12-05,1.4776950557106006
2001-12-06,-0.06817551853002542
2001-12-07,-0.32108785457578637
2001-12-10,-1.432471853755762
2001-12-11,-0.6750835239637606
2001-12-12,-0.28812802948616695
2001-12-13,-1.2776401213742075
2001-12-14,-0.1399292644787069
2001-12-17,1.571078640915445
2001-12-18,-0.3528100894235207
2001-12-19,-1.2035313319659158
2001-12-20,0.08386301522183658
2001-12-21,0.5143970445820033
2001-12-24,-0.0082658059461724
2001-12-25,-0.0082658059461724
2001-12-26,-0.0082658059461724
2001-12-27,1.7724222796936124
2001-12-28,0.548733736158595
2001-12-31,-0.0082658059461724
2002-01-01,-0.0082658059461724
2002-01-02,-0.7150291126456897
2002-01-03,0.686201556955008
2002-01-04,0.18810163784503597
2002-01-07,-0.8116767310332526
2002-01-08,0.7829018802316041
2002-01-09,0.5998157594927223
2002-01-10,-1.5449756278838591
2002-01-11,-0.5498922680949887
2002-01-14,-0.47986712054788677
2002-01-15,-0.5759256615249825
2002-01-16,-1.327063421334592
2002-01-17,1.3105318094422473
2002-01-18,0.3795845240159503
2002-01-21,-0.39611613590829503
2002-01-22,0.942170430608771
2002-01-23,1.0828109977732838
2002-01-24,-0.3563874397631255
2002-01-25,-0.27123439836255325
2002-01-28,1.3272641307754416
2002-01-29,0.7759304909874741
2002-01-30,0.1587787932405884
2002-01-31,0.9688873650323662
2002-02-01,-0.03156927653088044
2002-02-04,-1.0694205314852891
2002-02-05,-0.1877349247873102
2002-02-06,-1.5335920828619565
2002-02-07,-0.7854599497087323
2002-02-08,0.39462756872921145
2002-02-11,0.05436037608998401
2002-02-12,-0.8422123963402488
2002-02-13,0.7379817613894937
2002-02-14,0.12944221636239506
2002-02-15,-0.5871016922494019
2002-02-18,0.05504152439533834
2002-02-19,-0.8256029879536263
2002-02-20,-0.7889347882319474
2002-02-21,0.7208000141755809
2002-02-22,-0.5277643408454081
2002-02-25,1.6575684445857588
2002-02-26,0.985567068221124
2002-02-27,0.41941110522237535
2002-02-28,0.8940267027644804
2002-03-01,1.1659776782690798
2002-03-04,1.134672788100566
2002-03-05,-0.4048280245743629
2002-03-06,-0.5236126694562755
2002-03-07,0.10679711570683993
2002-03-08,0.16375142013788077
2002-03-11,-0.23776384663195088
2002-03-12,-1.352240336998711
2002-03-13,1.0470971061466428
2002-03-14,-0.26384228356403233
2002-03-15,1.3902492657184304
2002-03-18,-0.019539397692153185
2002-03-19,0.8406368284454148
2002-03-20,0.30031311301045366
2002-03-21,0.9365556302512253
2002-03-22,0.8951407778301224
2002-03-25,-0.9009383927522535
2002-03-26,0.08827820241999772
2002-03-27,-0.503981695430497
2002-03-28,1.0198570401230875
2002-03-29,-0.0082658059461724
2002-04-01,-0.0082658059461724
2002-04-02,-1.340950432643354
2002-04-03,-1.2936636088566513
2002-04-04,-0.07580060127184438
2002-04-05,0.27246343436603443
2002-04-08,-0.33409218104598776
2002-04-09,-0.20042204320351312
2002-04-10,0.8996895209558196
2002-04-11,-0.8935786288598428
2002-04-12,1.0431017115901424
2002-04-15,1.0933710428833339
2002-04-16,0.473572828439656
2002-04-17,-0.17387165468757182
2002-04-18,-0.33031789842455805
2002-04-19,0.14750998388213105
2002-04-22,-1.1791250964641695
2002-04-23,-0.3520360960549274
2002-04-24,-0.891724462611573
2002-04-25,-1.5629709499936244
2002-04-26,-0.05701690975224878
2002-04-29,-0.4371502030837145
2002-04-30,1.19393784709424
2002-05-01,-0.0082658059461724
2002-05-02,-1.3338047832579552
2002-05-03,1.0770988430627568
2002-05-06,-0.11677578251698185
2002-05-07,-0.6284368715414236
2002-05-08,2.0716815620856988
2002-05-09,-0.0082658059461724
2002-05-10,-0.8686210057485942
2002-05-13,1.165976281312256
2002-05-14,0.5555862777521404
2002-05-15,-1.237490235817326
2002-05-16,1.1523052049542277
2002-05-17,0.07181820275072134
2002-05-20,0.7282299344930537
2002-05-21,-0.17709595221583316
2002-05-22,1.3241893661190804
2002-05-23,-0.2274800398453488
2002-05-24,0.3201378747078778
2002-05-27,-0.11745525270104192
2002-05-28,-0.3485407499900923
2002-05-29,-0.2292347678769119
2002-05-30,-1.0396835992981488
2002-05-31,0.42077086758487137
2002-06-03,-1.6689513984856352
2002-06-04,-0.06669662473356161
2002-06-05,0.0501650128412211
2002-06-06,1.3027468864732712
2002-06-07,-0.6817545560927235
2002-06-10,-0.5991112225898058
2002-06-11,-0.05494433157541871
2002-06-12,0.10835150075297531
2002-06-13,-1.1650474980905243
2002-06-14,-1.7667779191173516
2002-06-17,1.1235219976852924
2002-06-18,0.11296388786842053
2002-06-19,-0.19023611291184417
2002-06-20,-2.254599793534509
2002-06-21,-2.1762296591988415
2002-06-24,-0.9622104304157253
2002-06-25,1.414806674246883
2002-06-26,-0.20870470065585917
2002-06-27,0.3252622108193417
2002-06-28,0.8469423584304782
2002-07-01,-0.2564807057040133
2002-07-02,-1.8282896964365813
2002-07-03,-1.186314053227746
2002-07-04,0.9504946372547789
2002-07-05,0.551434417544212
2002-07-08,-0.2803804684050569
2002-07-09,-0.6962051564319822
2002-07-10,-0.5807304443214998
2002-07-11,-1.3503528879613131
2002-07-12,-0.3723835399293162
2002-07-15,-2.8816183715677375
2002-07-16,0.8894604105527901
2002-07-17,1.0806172186640637
2002-07-18,1.459606950080129
2002-07-19,-1.030486612405344
2002-07-22,-1.5887786058538425
2002-07-23,-0.7818874803746552
2002-07-24,2.266005046429273
2002-07-25,0.07159781601453521
2002-07-26,-0.7536170826378451
2002-07-29,3.581496895668893
2002-07-30,2.16237961801013
2002-07-31,1.312127359483473
2002-08-01,-2.32615752534516
2002-08-02,-0.11605671757755405
2002-08-05,-2.109415677772628
2002-08-06,2.2141123851341944
2002-08-07,0.13944774815901168
2002-08-08,1.064059055366421
2002-08-09,0.6018635012766868
2002-08-12,-0.46178801801766445
2002-08-13,0.7662796466419401
2002-08-14,-0.743747915874129
2002-08-15,0.5862731311995805
2002-08-16,0.10709842745444995
2002-08-19,1.5132934449101303
2002-08-20,-0.9449931419972543
2002-08-21,0.9161236181933716
2002-08-22,-0.9831996945880399
2002-08-23,-0.046214111010434156
2002-08-26,-0.5430327532946498
2002-08-27,0.5518111980926066
2002-08-28,-1.6057915474700193
2002-08-29,-0.47016734431591595
2002-08-30,0.7805457588119501
2002-09-02,-1.2774312724507377
2002-09-03,-2.6937952118895505
2002-09-04,1.3831992783231282
2002-09-05,-0.8320716680215118
2002-09-06,1.9078581016164051
2002-09-09,-1.3641475889609223
2002-09-10,1.3476159770685774
2002-09-11,1.2667999672369354
2002-09-12,-1.5402462072763723
2002-09-13,-0.9683198188908625
2002-09-16,0.04718272110640832
2002-09-17,-0.8334265409836394
2002-09-18,-1.884475764540628
2002-09-19,-1.15956918608718
2002-09-20,1.1430375741948267
2002-09-23,-2.5926508889861375
2002-09-24,-2.758568320699504
2002-09-25,0.9009945281888961
2002-09-26,2.3932086232596586
2002-09-27,0.4226129080238244
2002-09-30,-2.0304304618597357
2002-10-01,0.45471381767602576
2002-10-02,1.5662442136392114
2002-10-03,-2.6926755030682563
2002-10-04,-0.9973385210443377
2002-10-07,-0.0082658059461724
2002-10-08,-1.1061405401271185
2002-10-09,-2.563743720266103
2002-10-10,1.5432257274399286
2002-10-11,4.20844434450433
2002-10-14,-0.26298848554776394
2002-10-15,2.6387634000245597
2002-10-16,-0.1887731455170325
2002-10-17,1.5751217550973682
2002-10-18,0.48286270075977605
2002-10-21,1.3348929574318869
2002-10-22,-2.6195446200693002
2002-10-23,-2.820598095804659
2002-10-24,-1.0961606675237436
2002-10-25,1.2687747208032425
2002-10-28,0.9251361382616674
2002-10-29,-2.707587066449143
2002-10-30,0.4319658684478987
2002-10-31,2.0966623336711305
2002-11-01,0.8177206252940779
2002-11-04,1.2751631119408153
2002-11-05,-0.8246335970102965
2002-11-06,-1.1471519175176905
2002-11-07,-2.186325239337975
2002-11-08,-0.46402730083947635
2002-11-11,0.9784969227498777
2002-11-12,1.096775798468515
2002-11-13,-0.0082658059461724
2002-11-14,0.3795893427366053
2002-11-15,0.4831245412490049
2002-11-18,0.5830807046636167
2002-11-19,0.2020448943119665
2002-11-20,-0.3090167540626911
2002-11-21,0.7397059962131338
2002-11-22,0.05100610399030237
2002-11-25,-0.5297392824019465
2002-11-26,-0.581716890553524
2002-11-27,1.8207965046673686
2002-11-28,-0.0373918646591398
2002-11-29,0.3832610449983761
2002-12-02,0.3081334257106958
2002-12-03,-1.1849099628135975
2002-12-04,1.2971413665951856
2002-12-05,-0.9470412060157919
2002-12-06,-0.5224367465306453
2002-12-09,-2.1910070438020175
2002-12-10,0.06941562471176846
2002-12-11,0.8218685829296426
2002-12-12,0.05256879238271039
2002-12-13,-1.289069534663215
2002-12-16,1.2877580422578059
2002-12-17,-0.9144549126378058
2002-12-18,-2.6161904883996754
2002-12-19,-0.14043225002784593
2002-12-20,0.892309332820155
2002-12-23,-1.408157828667504
2002-12-24,-0.0082658059461724
2002-12-25,-0.0082658059461724
2002-12-26,-0.0082658059461724
2002-12-27,-1.9430519860419826
2002-12-30,0.910092529229697
2002-12-31,-0.0082658059461724
2003-01-01,-0.0082658059461724
2003-01-02,4.232056005972936
2003-01-03,0.25488761877200933
2003-01-06,0.49803157256679165
2003-01-07,-0.6227306087368668
2003-01-08,-2.0683493113047002
2003-01-09,0.3151794325780479
2003-01-10,1.1363724365366905
2003-01-13,0.30433493644779147
2003-01-14,0.19370466246132934
2003-01-15,-0.6327844103650693
2003-01-16,1.6120968417017005
2003-01-17,-1.0041098491751483
2003-01-20,0.17733043188152872
2003-01-21,-0.7555263994339099
2003-01-22,-1.429256142094689
2003-01-23,-1.2434433853929716
2003-01-24,-0.9372358091678558
2003-01-27,-0.0082658059461724
2003-01-28,0.43339116938996386
2003-01-29,2.214541041964418
2003-01-30,-0.34655634100827537
2003-01-31,3.110028567453004
2003-02-03,0.21670871765298055
2003-02-04,-2.7094686429462382
2003-02-05,1.9840320122609085
2003-02-06,-0.7445718843091257
2003-02-07,-1.8739893917979356
2003-02-10,0.5855303619009342
2003-02-11,1.3100580895265128
2003-02-12,-2.3916159247425144
2003-02-13,-1.4707898472288252
2003-02-14,1.4542582353364804
2003-02-17,-0.36924243403913115
2003-02-18,1.1940252853416637
2003-02-19,-0.7516623573244524
2003-02-20,-0.040883006160188924
2003-02-21,2.0617938557121733
2003-02-24,-0.1639996395183749
2003-02-25,-0.6685995911395143
2003-02-26,-1.622678413570858
2003-02-27,1.3678159486673214
2003-02-28,0.4670579678153176
2003-03-03,0.21175432295185923
2003-03-04,-1.1037657639436431
2003-03-05,-0.8855894826071037
2003-03-06,-1.8872535030569417
2003-03-07,-0.33536523904454474
2003-03-10,-0.7051578961216047
2003-03-11,-3.3494997511214595
2003-03-12,-1.7127308494865214
2003-03-13,1.2764030860771243
2003-03-14,-0.5874356172985654
2003-03-17,2.170609331586711
2003-03-18,1.622864548211657
2003-03-19,-0.27583860954456735
2003-03-20,-0.0082658059461724
2003-03-21,1.3132255850354595
2003-03-24,-1.9606969656693334
2003-03-25,1.2973261036741182
2003-03-26,-1.2231553949478522
2003-03-27,0.08224496052645774
2003-03-28,-1.5548269700788728
2003-03-31,-1.7687400196061398
2003-04-01,0.08929132038173282
2003-04-02,1.3347363650244004
2003-04-03,-0.1975630626396893
2003-04-04,1.9388798938307648
2003-04-07,2.5429966365636836
2003-04-08,-1.5561398681484222
2003-04-09,-0.0614252783680264
2003-04-10,-1.5058619340570167
2003-04-11,0.37561208350410397
2003-04-14,1.2117010535959118
2003-04-15,-0.2210315947791573
2003-04-16,-0.9245629955609143
2003-04-17,1.0677080240418964
2003-04-18,-0.0082658059461724
2003-04-21,-0.0082658059461724
2003-04-22,1.041359442935139
2003-04-23,1.1846585501042675
2003-04-24,-1.201190161996612
2003-04-25,-1.4775927579187296
2003-04-28,1.2043135266805642
2003-04-29,-1.9844628367136539
2003-04-30,1.1321318652840568
2003-05-01,-0.0082658059461724
2003-05-02,-1.7304542620483891
2003-05-05,0.9570163021964755
2003-05-06,1.326162575908482
2003-05-07,-0.21231365816465633
2003-05-08,-1.0432868237388606
2003-05-09,1.4706938943753451
2003-05-12,-0.9383657128419305
2003-05-13,-1.171049664869859
2003-05-14,0.12680742443760348
2003-05-15,-0.35641116088339664
2003-05-16,0.24345200572984205
2003-05-19,-2.084816128434787
2003-05-20,-0.2113795167764412
2003-05-21,1.0971393010785675
2003-05-22,1.2624206636091768
2003-05-23,-1.378280228771778
2003-05-26,-0.06796185349079903
2003-05-27,-0.7515332013257562
2003-05-28,0.09293362003488304
2003-05-29,0.07252492393315034
2003-05-30,1.008636076920977
2003-06-02,1.2537665883120772
2003-06-03,-0.0082658059461724
2003-06-04,0.9191382719567908
2003-06-05,-0.993112868530291
2003-06-06,1.1634077732831576
2003-06-09,-0.533451624562184
2003-06-10,0.5355597285684519
2003-06-11,1.4570879647104777
2003-06-12,0.9180338415647159
2003-06-13,-0.647415868853375
2003-06-16,1.2085176152946093
2003-06-17,1.0902576165175362
2003-06-18,0.8141657351849765
2003-06-19,-0.39234180636298827
2003-06-20,-0.025048843534352806
2003-06-23,-1.0099209268037936
2003-06-24,0.24861751910715743
2003-06-25,-1.326002012763618
2003-06-26,1.3094704008712734
2003-06-27,0.8370777947685667
2003-06-30,0.8371409993135063
2003-07-01,-0.6032886908651913
2003-07-02,0.6851319279445512
2003-07-03,0.6902006210552856
2003-07-04,-0.5106612728261272
2003-07-07,0.8151606260692053
2003-07-08,-0.4907166239779305
2003-07-09,-0.5289450170562815
2003-07-10,-1.5414339554058154
2003-07-11,1.4757697519371697
2003-07-14,0.334528022252519
2003-07-15,-0.4166692545352812
2003-07-16,0.2861800031470311
2003-07-17,-1.3158600873717314
2003-07-18,0.10922146035469797
2003-07-21,-0.9915889677819316
2003-07-22,-0.09410188501682733
2003-07-23,0.02608843829761005
2003-07-24,0.9090519244155761
2003-07-25,0.5759720827924513
2003-07-28,0.5681225021715961
2003-07-29,-0.6178251072449017
2003-07-30,0.6012934953525569
2003-07-31,0.8179659261313252
2003-08-01,0.23174949688375288
2003-08-04,-0.5380773884904648
2003-08-05,0.12077281263933509
2003-08-06,-0.26673660408657734
2003-08-07,-0.3335648599094885
2003-08-08,0.10587304558560541
2003-08-11,-0.30237486458893664
2003-08-12,0.8359284585803584
2003-08-13,1.2432564154744987
2003-08-14,1.4649674669231076
2003-08-15,1.1525274415215252
2003-08-18,-0.2143196230666924
2003-08-19,-0.3043495204150221
2003-08-20,0.21398499735908333
2003-08-21,1.6015378980731638
2003-08-22,-0.06524085784353648
2003-08-25,-0.7558865187375228
2003-08-26,0.020734220314208296
2003-08-27,0.46737516140740326
2003-08-28,0.3485849809121242
2003-08-29,0.20443587682898162
2003-09-01,1.1086031939801173
2003-09-02,-0.11865399884525414
2003-09-03,0.34946358728710364
2003-09-04,0.36007046025832357
2003-09-05,-0.8865747764606847
2003-09-08,-0.14714452108367285
2003-09-09,-1.3649092732977364
2003-09-10,-1.2463825219856086
2003-09-11,0.970641774192276
2003-09-12,-0.6486021443894122
2003-09-15,0.15271831558721813
2003-09-16,0.44218071420839267
2003-09-17,0.43750240668244617
2003-09-18,0.31948779002246513
2003-09-19,-0.6086760821252998
2003-09-22,-2.20884816846281
2003-09-23,-1.0669066520573183
2003-09-24,-1.429617132589929
2003-09-25,0.7871826368233015
2003-09-26,-0.35644059357275654
2003-09-29,0.747781866328313
2003-09-30,-1.2919469788398386
2003-10-01,1.119003093865046
2003-10-02,-1.3613603319920535
2003-10-03,1.8897941798716826
2003-10-06,0.1615999818105845
2003-10-07,-0.6448064918446259
2003-10-08,0.2878859047323707
2003-10-09,1.3824874353916663
2003-10-10,-0.11365248828358059
2003-10-13,0.6796164429551774
2003-10-14,0.8145287531396639
2003-10-15,0.35401816553718374
2003-10-16,0.35097793803822336
2003-10-17,-0.30983895537003703
2003-10-20,0.7204663787371189
2003-10-21,0.2741497272442932
2003-10-22,-1.00499681471737
2003-10-23,-0.1525687718705847
2003-10-24,-0.9139505661037454
2003-10-27,0.5199469781202166
2003-10-28,1.0147738766475236
2003-10-29,-0.8566829777415039
2003-10-30,-0.5637250159609131
2003-10-31,0.22649733770473068
2003-11-03,0.8751267752719075
2003-11-04,0.0633465507381141
2003-11-05,0.06321685836395373
2003-11-06,-0.07974847025629851
2003-11-07,0.006043000436736987
2003-11-10,-0.22338740990696054
2003-11-11,0.07791450944291062
2003-11-12,0.1492753586023328
2003-11-13,0.020308176004244262
2003-11-14,-0.06543966387338913
2003-11-17,-1.2859585913094145
2003-11-18,-0.49739927551638585
2003-11-19,-0.9121430585059885
2003-11-20,-0.6989189998280205
2003-11-21,-0.1632527520570149
2003-11-24,0.48575645659277833
2003-11-25,0.09905086272747166
2003-11-26,-0.3773303066933441
2003-11-27,0.0071808771820380994
2003-11-28,-0.5051817756914068
2003-12-01,0.1320829188982318
2003-12-02,0.255567271471871
2003-12-03,1.3620726176438664
2003-12-04,0.21592621690545752
2003-12-05,-1.141122698752059
2003-12-08,-0.315492475235886
2003-12-09,0.2223604215547798
2003-12-10,-0.2543164861297751
2003-12-11,0.9826288194557186
2003-12-12,0.6942015239091615
2003-12-15,-0.44035236781960235
2003-12-16,0.33477217106471363
2003-12-17,0.3025769857363584
2003-12-18,0.47567211296852413
2003-12-19,-0.4332603841493489
2003-12-22,-1.0518008643509213
2003-12-23,0.112295378350947
2003-12-24,-0.0082658059461724
2003-12-25,-0.0082658059461724
2003-12-26,-0.0082658059461724
2003-12-29,0.3812125727404712
2003-12-30,0.006638201464336936
2003-12-31,-0.0082658059461724
2004-01-01,-0.0082658059461724
2004-01-02,0.318437951732309
2004-01-05,-0.2902601719148166
2004-01-06,-1.7249364578444335
2004-01-07,-0.7272610635368318
2004-01-08,0.1647609639239383
2004-01-09,-0.481827780948729
2004-01-12,0.03932466557748919
2004-01-13,0.2131470647117076
2004-01-14,1.5559889985952218
2004-01-15,-0.3441607149932706
2004-01-16,1.1858626792895153
2004-01-19,-0.8208970107911869
2004-01-20,-0.38976308633684115
2004-01-21,0.053005786483624265
2004-01-22,-0.0082658059461724
2004-01-23,-0.39265187522737804
2004-01-26,-0.0082658059461724
2004-01-27,-0.36495468801510983
2004-01-28,0.2711355917681888
2004-01-29,-0.39681899263569004
2004-01-30,-0.039510087170191575
2004-02-02,0.022978475277842483
2004-02-03,-1.275868326136472
2004-02-04,0.23228073314754805
2004-02-05,-0.5230775442232801
2004-02-06,0.34633678884439145
2004-02-09,-0.05645630821018244
2004-02-10,-0.4118959102227245
2004-02-11,0.12131312604916272
2004-02-12,0.29791966576477696
2004-02-13,-0.12081259582643411
2004-02-16,-0.5265796523311809
2004-02-17,0.3164093586081527
2004-02-18,0.6664363238208022
2004-02-19,0.007896115429093924
2004-02-20,-0.7581727255879359
2004-02-23,0.2704146210997678
2004-02-24,-0.6337062791456876
2004-02-25,-0.5925038242698205
2004-02-26,0.025343326504409954
2004-02-27,0.30963291370948703
2004-03-01,0.22446436027122538
2004-03-02,1.3622518292785324
2004-03-03,-0.5739944635941979
2004-03-04,0.08925043616063344
2004-03-05,-0.4324480657214117
2004-03-08,0.3346587753708789
2004-03-09,-1.0787264783333594
2004-03-10,-0.30948156065734406
2004-03-11,-1.1830017974625988
2004-03-12,-0.23323452313160759
2004-03-15,-0.567123574254543
2004-03-16,0.16715954976210257
2004-03-17,0.8925777841427529
2004-03-18,-1.1901406409581572
2004-03-19,-0.13180870796832822
2004-03-22,-1.1726921703042914
2004-03-23,-0.3730158085876245
2004-03-24,0.17449937524867432
2004-03-25,0.5533927180188686
2004-03-26,-0.5334689197562099
2004-03-29,1.354696548281524
2004-03-30,0.06227051749799501
2004-03-31,-0.48672462473526723
2004-04-01,0.5582139145082192
2004-04-02,0.21974113859967345
2004-04-05,0.7717806352698157
2004-04-06,-0.5267038217010661
2004-04-07,0.6473618998775741
2004-04-08,0.008847541544679304
2004-04-09,-0.0082658059461724
2004-04-12,-0.0082658059461724
2004-04-13,0.9898566726680279
2004-04-14,-0.41147960302959735
2004-04-15,0.3280039870206204
2004-04-16,0.6069705960006313
2004-04-19,0.27146914514413306
2004-04-20,0.4809864599280646
2004-04-21,-0.12193274305353687
2004-04-22,0.38017372091719254
2004-04-23,1.0873182105447226
2004-04-26,-0.28780564804985787
2004-04-27,-0.8075060101373409
2004-04-28,-0.6858636448572641
2004-04-29,-0.420025618131775
2004-04-30,0.24955212832978316
2004-05-03,0.38405432243783477
2004-05-04,0.09349780800600073
2004-05-05,-0.31426521193445106
2004-05-06,-0.8873505923935862
2004-05-07,-0.3931035590214723
2004-05-10,-0.7348356389512788
2004-05-11,0.7358736226150813
2004-05-12,-0.449649102770662
2004-05-13,1.1299934700092802
2004-05-14,-0.8282646059154614
2004-05-17,-0.5935419515618496
2004-05-18,0.1699226781997907
2004-05-19,0.345935675027791
2004-05-20,-0.45146290026203956
2004-05-21,-0.2943525869553211
2004-05-24,0.3312405164024373
2004-05-25,-0.6538268835151358
2004-05-26,0.5303694223524567
2004-05-27,0.04524050198469677
2004-05-28,-0.27640726796205234
2004-05-31,0.34887126941160707
2004-06-01,-0.2400600537069536
2004-06-02,0.5600919836047589
2004-06-03,0.3431723834978829
2004-06-04,-0.1660570548723377
2004-06-07,0.18450615759088126
2004-06-08,-0.2713594093860054
2004-06-09,-0.6463431324973963
2004-06-10,0.3828050186015044
2004-06-11,-0.34580988703678
2004-06-14,-0.27662716571523865
2004-06-15,0.027620219154004047
2004-06-16,-0.2600565984193481
2004-06-17,-0.18901764230750215
2004-06-18,-0.5735092583679061
2004-06-21,0.08340317377617239
2004-06-22,-0.08157455041514201
2004-06-23,-0.8606463264973409
2004-06-24,0.9174234590739656
2004-06-25,-0.0082658059461724
2004-06-28,0.7001438229529757
2004-06-29,-0.08039207625863475
2004-06-30,0.009777144527856198
2004-07-01,-0.5711146722488488
2004-07-02,-0.2832901334466589
2004-07-05,-0.37772224328332593
2004-07-06,-0.32483867565199775
2004-07-07,-0.23313486263827723
2004-07-08,-0.0082658059461724
2004-07-09,-0.49958496478649406
2004-07-12,-0.19875098275379496
2004-07-13,0.35293003058481154
2004-07-14,-0.6567819836957816
2004-07-15,-0.25882905642165993
2004-07-16,-0.3186918568078645
2004-07-19,0.360119716341836
2004-07-20,0.2803270436414184
2004-07-21,0.3164784970548794
2004-07-22,-0.16076625856721288
2004-07-23,0.16327571196863563
2004-07-26,-0.27541527256594295
2004-07-27,0.7130145878689004
2004-07-28,0.23570948834928002
2004-07-29,0.678667586041622
2004-07-30,-0.2668982295969536
2004-08-02,0.17662720155839376
2004-08-03,0.5052284931520712
2004-08-04,-1.1349540808860041
2004-08-05,0.06652689247947047
2004-08-06,-1.1825203295287874
2004-08-09,-0.881146353630066
2004-08-10,-0.027863961880113263
2004-08-11,-0.7199341459164162
2004-08-12,-0.10806318319783186
2004-08-13,-0.5107002232047753
2004-08-16,0.2135331614644641
2004-08-17,0.3721670211534534
2004-08-18,-0.0082658059461724
2004-08-19,-0.16803711808659638
2004-08-20,-0.12849768597851274
2004-08-23,1.6448618155984989
2004-08-24,-0.20175654039571836
2004-08-25,-0.0082658059461724
2004-08-26,0.39704892197640956
2004-08-27,-0.14294091509508
2004-08-30,-0.5707871789061226
2004-08-31,-0.3021534922429371
2004-09-01,0.34415747693847326
2004-09-02,-0.20370647522269963
2004-09-03,0.3817152016650878
2004-09-06,0.12739675512410642
2004-09-07,0.3385894732849395
2004-09-08,-0.4132071130807638
2004-09-09,0.08849474317391562
2004-09-10,0.548705306892494
2004-09-13,0.7670245759369744
2004-09-14,-0.13964241525243098
2004-09-15,-0.5759229736022459
2004-09-16,0.2575859045194519
2004-09-17,-0.6567819836957816
2004-09-20,0.46953971208007983
2004-09-21,-0.046296885139189885
2004-09-22,-0.1989204679017001
2004-09-23,-0.199768075284855
2004-09-24,-0.1428244579638166
2004-09-27,-0.4144953059772602
2004-09-28,-0.10556232229075013
2004-09-29,0.18610684140940428
2004-09-30,-0.3783166573498167
2004-10-01,0.6324246642311548
2004-10-04,0.48985355606284253
2004-10-05,-0.16091494137884677
2004-10-06,2.515670104640145
2004-10-07,-0.15268448562575648
2004-10-08,0.6734496615291509
2004-10-11,-0.8530463466241257
2004-10-12,-0.7405801598303606
2004-10-13,1.7464428172234492
2004-10-14,0.2743891769082901
2004-10-15,-0.25548779828001367
2004-10-18,0.6071376156814781
2004-10-19,1.36603733275569
2004-10-20,-0.2796273066662625
2004-10-21,-0.21291180592477282
2004-10-22,0.11123167192599229
2004-10-25,-1.0609865497378939
2004-10-26,0.7193295790253972
2004-10-27,0.299814908185884
2004-10-28,0.39909854792840704
2004-10-29,-0.3304478006513567
2004-11-01,0.6504408613795964
2004-11-02,0.7723462914785304
2004-11-03,-0.9231670572968673
2004-11-04,-0.5156725117208046
2004-11-05,0.5159372940661944
2004-11-08,-0.1766597565363534
2004-11-09,0.05918637426475588
2004-11-10,0.36074511204953735
2004-11-11,0.39073118804983115
2004-11-12,-0.4741098655004601
2004-11-15,-0.10876064019789479
2004-11-16,-0.7012952896575746
2004-11-17,0.2973584512809128
2004-11-18,-0.0590438017528601
2004-11-19,-0.1609885780652917
2004-11-22,-0.09335820183043637
2004-11-23,-0.19604663676655232
2004-11-24,-0.3345714837345408
2004-11-25,0.0606348487325054
2004-11-26,-0.16345807058243503
2004-11-29,-0.04281947227673566
2004-11-30,-0.26838263175949806
2004-12-01,0.5275769663130372
2004-12-02,0.16315920168446443
2004-12-03,-0.11104623464074648
2004-12-06,-0.45650774599595756
2004-12-07,-0.39122782479584567
2004-12-08,0.478567627571348
2004-12-09,-0.06015834589283279
2004-12-10,-0.0082658059461724
2004-12-13,0.1817095025693091
2004-12-14,0.1465372217519768
2004-12-15,-0.6309006372309895
2004-12-16,0.20028843003982238
2004-12-17,-0.39137940565775137
2004-12-20,-0.2011323998134455
2004-12-21,0.026862229826446586
2004-12-22,0.6018886109452608
2004-12-23,-0.26871050553491616
2004-12-24,-0.0082658059461724
2004-12-27,-0.41067639980482873
2004-12-28,0.07953828972468682
2004-12-29,0.1493280923765813
2004-12-30,-0.20096292338381416
2004-12-31,-0.0082658059461724
2005-01-03,0.5499097362240742
2005-01-04,1.2722015834086677
2005-01-05,-0.0082658059461724
2005-01-06,1.0220757196727421
2005-01-07,0.805002229971793
2005-01-10,0.567871098504829
2005-01-11,-0.8754000007469855
2005-01-12,-0.6620871592105242
2005-01-13,0.02465508594189124
2005-01-14,0.36860433696309325
2005-01-17,-0.18808452174186313
2005-01-18,0.5451561097197927
2005-01-19,0.36209786120210574
2005-01-20,-0.024299996397044527
2005-01-21,-0.33025953884552856
2005-01-24,-0.21887458327623435
2005-01-25,1.0504051472767948
2005-01-26,-0.47021901592411447
2005-01-27,-0.6862565409758629
2005-01-28,0.39659206232600186
2005-01-31,1.3871445800700433
2005-02-01,1.0853718683340374
2005-02-02,-1.1487376054149159
2005-02-03,-0.2588910898380466
2005-02-04,0.02313864416129943
2005-02-07,0.7849844185405187
2005-02-08,-0.03909760465271054
2005-02-09,-0.054556871409064005
2005-02-10,-0.11647778214351807
2005-02-11,0.3001714402135849
2005-02-14,1.1439745671987882
2005-02-15,-0.20316757128699925
2005-02-16,0.2939831207248678
2005-02-17,0.18941559298496796
2005-02-18,-0.08418305638695431
2005-02-21,0.5053603409635887
2005-02-22,-0.5675163330731299
2005-02-23,-0.8998821755634402
2005-02-24,-0.08601107752870968
2005-02-25,0.16257775319194984
2005-02-28,0.022732318908213554
2005-03-01,0.6068492088968115
2005-03-02,0.2505027155387643
2005-03-03,-0.2517845710635923
2005-03-04,-0.13051734678306262
2005-03-07,-0.0082658059461724
2005-03-08,-0.6870953955104204
2005-03-09,0.007276382922952139
2005-03-10,-0.2889947716845329
2005-03-11,-0.11793095377445406
2005-03-14,-0.4973509753727114
2005-03-15,0.43373150146148565
2005-03-16,-0.9129005954939406
2005-03-17,-0.26566839568811695
2005-03-18,0.1367146587882017
2005-03-21,-0.31491775292856133
2005-03-22,0.25011379302469433
2005-03-23,0.5991981633597292
2005-03-24,0.6689073055085326
2005-03-25,-0.0082658059461724
2005-03-28,-0.0082658059461724
2005-03-29,0.5659576645938317
2005-03-30,0.053363699934133334
2005-03-31,-0.039067781919353735
2005-04-01,-0.11624057689709585
2005-04-04,-0.7246498536361144
2005-04-05,0.3202610476525663
2005-04-06,-0.0706475151532016
2005-04-07,-0.21163747115767786
2005-04-08,-0.21261408372614454
2005-04-11,-0.3245563006073552
2005-04-12,-0.08771152021767357
2005-04-13,-0.04007484222138984
2005-04-14,0.07122482528965743
2005-04-15,-0.6161833771155659
2005-04-18,-1.4667485232932382
2005-04-19,-0.46073135353560557
2005-04-20,0.05906898261010333
2005-04-21,-0.1599153306633197
2005-04-22,0.7267386336791394
2005-04-25,0.3029339568385657
2005-04-26,-0.6853884559124996
2005-04-27,-0.3420658524380041
2005-04-28,-0.5406567437526751
2005-04-29,0.612224310032692
2005-05-02,0.09720286163723169
2005-05-03,0.14946320110832526
2005-05-04,0.685798309505137
2005-05-05,0.30043965897046215
2005-05-06,0.02588713756025894
2005-05-09,-0.2823269539119655
2005-05-10,-0.2668169340992029
2005-05-11,-0.16414997283855384
2005-05-12,0.918603095404869
2005-05-13,0.5316865752205598
2005-05-16,-0.3111428487165064
2005-05-17,0.12661881986601875
2005-05-18,0.31036798852104913
2005-05-19,0.5725825764873446
2005-05-20,-0.23965505770392015
2005-05-23,-0.024845758598541167
2005-05-24,-0.5757002582058344
2005-05-25,-0.0082658059461724
2005-05-26,0.8071378507236147
2005-05-27,-0.17342025625841984
2005-05-30,-0.0082658059461724
2005-05-31,0.43620121609499113
2005-06-01,1.345755999842056
2005-06-02,0.11848414138660772
2005-06-03,0.2755691565850611
2005-06-06,-0.10267761026807937
2005-06-07,0.133252498028145
2005-06-08,-0.08683639068297376
2005-06-09,-0.3239631286885967
2005-06-10,0.46443882248711904
2005-06-13,0.22612753035367505
2005-06-14,0.3950310961632433
2005-06-15,-0.41156270805559236
2005-06-16,0.7639789359384448
2005-06-17,0.007028356157732404
2005-06-20,-0.054184060818047185
2005-06-21,0.6151732480827173
2005-06-22,0.5615760542326268
2005-06-23,0.14044817994476458
2005-06-24,0.18427758478998993
2005-06-27,-0.4091397225702116
2005-06-28,0.7458327085849993
2005-06-29,0.22562046371502217
2005-06-30,-0.12506480868302336
2005-07-01,0.16679205371832698
2005-07-04,-0.21255625097614336
2005-07-05,0.13776578215615015
2005-07-06,0.6714486156049463
2005-07-07,-0.8340118155996179
2005-07-08,1.2031202920608535
2005-07-11,1.5142983913795598
2005-07-12,0.5913359487842181
2005-07-13,-1.0354152026808465
2005-07-14,0.7746152072746089
2005-07-15,0.34414284536555684
2005-07-18,-0.0623061079771096
2005-07-19,0.6755415072590443
2005-07-20,0.4152893832153811
2005-07-21,0.541357173576588
2005-07-22,-0.2691130626406036
2005-07-25,0.8594082579991853
2005-07-26,-0.17526066055075834
2005-07-27,0.2995159691171281
2005-07-28,0.5124495347540962
2005-07-29,0.13038151996563427
2005-08-01,-0.08383697805571036
2005-08-02,-0.0082658059461724
2005-08-03,-0.26110526942734696
2005-08-04,0.06773610331193304
2005-08-05,-0.4024379599076107
2005-08-08,0.6634608504791184
2005-08-09,0.14239760804961135
2005-08-10,0.19176592221974062
2005-08-11,-0.7125173598298312
2005-08-12,0.055082035179887814
2005-08-15,0.04233873442497217
2005-08-16,-0.7223581766241997
2005-08-17,-0.3698253234166132
2005-08-18,-0.4645493374402888
2005-08-19,0.6936913727408756
2005-08-22,0.8343595726842417
2005-08-23,-0.3509693538876969
2005-08-24,-0.6243768016672132
2005-08-25,-0.9757998366240086
2005-08-26,-0.10094108264683073
2005-08-29,-0.36757843553999603
2005-08-30,-0.4515434717077223
2005-08-31,0.5950752615271355
2005-09-01,0.09812131631828
2005-09-02,-0.36836958309647616
2005-09-05,0.7615817503640908
2005-09-06,1.0057013767333098
2005-09-07,0.9194506756330189
2005-09-08,-0.0963612628810324
2005-09-09,0.3929704486701727
2005-09-12,0.31500267280696814
2005-09-13,-0.8842165691407362
2005-09-14,0.8429067486025393
2005-09-15,0.11550568944892717
2005-09-16,1.5331388233437682
2005-09-19,-0.6690127720648894
2005-09-20,1.044094252496878
2005-09-21,0.34466415030845493
2005-09-22,1.2273768263412947
2005-09-23,0.7924065466272998
2005-09-26,-1.1518025502833025
2005-09-27,0.24342503872433116
2005-09-28,0.8164962106945864
2005-09-29,-1.0388488141811067
2005-09-30,0.6627315807902121
2005-10-03,0.2953299535648895
2005-10-04,1.9090049420502468
2005-10-05,-1.80246280892924
2005-10-06,-1.10593269720697
2005-10-07,-0.3188698836165062
2005-10-10,-0.75363381161093
2005-10-11,-0.0082658059461724
2005-10-12,-0.5283263781262284
2005-10-13,-0.6915142900264767
2005-10-14,-0.020353067150983655
2005-10-17,-0.33583496216460934
2005-10-18,-0.020449255904703194
2005-10-19,-0.5476629378717457
2005-10-20,0.016406114153728994
2005-10-21,-0.6918171615593167
2005-10-24,0.3783254746771523
2005-10-25,-0.39485708656949703
2005-10-26,0.761497043219563
2005-10-27,-1.510874450050257
2005-10-28,-0.5726934384370174
2005-10-31,0.8988653744862014
2005-11-01,-0.19831497498907413
2005-11-02,0.05518384392464722
2005-11-03,0.23197702152971003
2005-11-04,-0.43912934188209785
2005-11-07,1.0235757409372115
2005-11-08,0.3384722927316783
2005-11-09,-0.6419100503129406
2005-11-10,-1.4077370196363825
2005-11-11,0.8368907150096101
2005-11-14,-0.6727454284303592
2005-11-15,-0.42235194219298927
2005-11-16,-0.242950435363188
2005-11-17,-0.44190735663186037
2005-11-18,-0.07434878861104532
2005-11-21,0.478373892942192
2005-11-22,-0.5610961285202056
2005-11-23,-0.4744904753988228
2005-11-24,0.045276604881915476
2005-11-25,-0.06180821677426027
2005-11-28,0.07201851744343069
2005-11-29,0.5363494944460072
2005-11-30,0.0971966875884307
2005-12-01,1.0194873228505985
2005-12-02,0.4520184702057184
2005-12-05,0.308488196104577
2005-12-06,-0.020883661108129847
2005-12-07,-0.04617366638387463
2005-12-08,0.09273942745047674
2005-12-09,-0.1851607922959904
2005-12-12,-0.38978389177556555
2005-12-13,-0.45772428301139345
2005-12-14,-0.1375413520574837
2005-12-15,-0.03416722820600616
2005-12-16,-0.3333957527490041
2005-12-19,0.004781354230470621
2005-12-20,-0.38840542650079835
2005-12-21,-0.272403253809912
2005-12-22,-0.22077382051297142
2005-12-23,-0.08821715457376744
2005-12-26,-0.0082658059461724
2005-12-27,0.4164671635987677
2005-12-28,0.07090061897609153
2005-12-29,0.04443161064476152
2005-12-30,-0.07415118426871935
2006-01-02,0.46385535871045697
2006-01-03,0.6389510293930879
2006-01-04,-0.24013699041113645
2006-01-05,-0.4366589293945033
2006-01-06,0.1869948184513241
2006-01-09,0.17315683226100181
2006-01-10,0.056359053749322555
2006-01-11,1.3015338295436865
2006-01-12,0.241474196298045
2006-01-13,0.11605926437227425
2006-01-16,-0.18242364110623402
2006-01-17,-0.5350529187458194
2006-01-18,-0.5160596423992089
2006-01-19,0.38578950492576075
2006-01-20,-0.9808734386214536
2006-01-23,-0.2939924499328795
2006-01-24,0.6640261659072422
2006-01-25,0.5271393832520768
2006-01-26,1.8268144432464628
2006-01-27,0.22174103120075175
2006-01-30,0.20848528390013094
2006-01-31,-0.27334549998844776
2006-02-01,1.1130395212062218
2006-02-02,-0.30362116513274534
2006-02-03,-0.24603851529082468
2006-02-06,0.4541482588743153
2006-02-07,0.18003464776867634
2006-02-08,-0.5518218378175581
2006-02-09,0.7110573317157294
2006-02-10,3.7403076061509473
2006-02-13,1.878193201457919
2006-02-14,0.08391173450672666
2006-02-15,-0.04041944468702017
2006-02-16,0.5348405100108065
2006-02-17,1.1271516976608236
2006-02-20,-0.1473181248932778
2006-02-21,-0.43820004924542943
2006-02-22,0.5011779815112526
2006-02-23,0.13053334412200726
2006-02-24,0.13993567379355887
2006-02-27,0.3844862986325258
2006-02-28,-0.6086479266759752
2006-03-01,-0.8187161911628392
2006-03-02,-1.6136902084055749
2006-03-03,0.0860101437363512
2006-03-06,0.8822613919507721
2006-03-07,-0.1828334163969392
2006-03-08,-1.1025622321166042
2006-03-09,0.19184374367833346
2006-03-10,0.2326956411675336
2006-03-13,0.18979088036858546
2006-03-14,1.1409684048413746
2006-03-15,0.5149986375661131
2006-03-16,-0.1886738898968839
2006-03-17,-0.35112216550775055
2006-03-20,0.8140124534506668
2006-03-21,-0.3873649193033623
2006-03-22,1.6911357271822582
2006-03-23,-0.03717455166059939
2006-03-24,0.5375738051317166
2006-03-27,-0.3330126037075018
2006-03-28,-0.0082658059461724
2006-03-29,-0.24864195534185118
2006-03-30,0.6898717079926556
2006-03-31,0.09595169882305217
2006-04-03,1.1401547856607481
2006-04-04,0.7586889534001194
2006-04-05,-0.7015893021861488
2006-04-06,-0.2387993196814932
2006-04-07,-1.1134867426177355
2006-04-10,0.5291715964512353
2006-04-11,-0.9460608004389701
2006-04-12,0.401576877073637
2006-04-13,-0.09372321525293431
2006-04-18,-0.5727538287846924
2006-04-19,0.5847256314713583
2006-04-20,1.0981565195047163
2006-04-21,0.0380017090778298
2006-04-24,-0.3424458217175849
2006-04-25,0.5932352152956084
2006-04-26,0.12932808806028007
2006-04-27,-0.09995237625474421
2006-04-28,-2.551438082410282
2006-05-02,0.0014510771894834583
2006-05-03,-0.7052983795578469
2006-05-04,0.10358870920538951
2006-05-05,-0.19145691786407862
2006-05-08,0.16476876835484747
2006-05-09,1.5674123379062002
2006-05-10,0.021101322803744355
2006-05-11,-0.5003257489536986
2006-05-12,-1.2637042699801955
2006-05-15,-1.354148367817862
2006-05-16,-0.7187624374526925
2006-05-17,-1.1789604896159769
2006-05-18,-0.5612838826369388
2006-05-19,-0.3659560275848965
2006-05-22,-0.27852469441331335
2006-05-23,1.3262662197364345
2006-05-24,-0.27186216621839526
2006-05-25,0.31005541933543584
2006-05-26,0.3294174345715408
2006-05-29,0.3052245809852369
2006-05-30,-1.0439082355463234
2006-05-31,0.4745169002310468
2006-06-01,-0.20511966177102542
2006-06-02,-0.041168824142889165
2006-06-05,-0.973377526353221
2006-06-06,-1.2258662264647577
2006-06-07,-0.25133616741376585
2006-06-08,-0.9708714570464665
2006-06-09,0.9311182252621975
2006-06-12,-0.5576612235831541
2006-06-13,0.2146750130006722
2006-06-14,-0.8592916568756352
2006-06-15,2.0770711295009883
2006-06-16,-0.4885365624259781
2006-06-19,0.5968985541504076
2006-06-20,0.2629863040129383
2006-06-21,-0.7583739522386348
2006-06-22,0.18620362979348945
2006-06-23,0.4910063210051312
2006-06-26,-0.2798714148405042
2006-06-27,-0.8104395823404599
2006-06-28,0.17640675800450872
2006-06-29,1.1170978014679203
2006-06-30,1.425972124973977
2006-07-03,0.04594294699164213
2006-07-04,-0.1711159137553035
2006-07-05,-1.0543036228460692
2006-07-06,0.2694992448504574
2006-07-07,-0.06367046968026668
2006-07-10,-0.3645801003444371
2006-07-11,-0.7299065738099216
2006-07-12,0.43292444122901647
2006-07-13,-0.26790350394755286
2006-07-14,-0.4178529309634249
2006-07-17,-0.35259482921486734
2006-07-18,-0.576683814185842
2006-07-19,1.5962082842027883
2006-07-20,-0.17732586289103838
2006-07-21,-0.8061631135144123
2006-07-24,1.5729541380318042
2006-07-25,0.6519359114353165
2006-07-26,-0.3591109385767907
2006-07-27,3.6004792970666517
2006-07-28,-0.363935897031644
2006-07-31,-0.06953173161004206
2006-08-01,-0.7088376625767406
2006-08-02,0.507976848835515
2006-08-03,-0.17278686439311208
2006-08-04,0.5037743217127685
2006-08-07,-0.5924918992888054
2006-08-08,0.6369976771895762
2006-08-09,1.2735468175775828
2006-08-10,0.19842546718799473
2006-08-11,0.18764940212264752
2006-08-14,0.44865436442318474
2006-08-15,0.06902490264194107
2006-08-16,0.18435137484664876
2006-08-17,0.9890136199290492
2006-08-18,-0.0082658059461724
2006-08-21,-0.6228847716834278
2006-08-22,-0.5835434468769555
2006-08-23,-0.06622174961212776
2006-08-24,0.42449565113913273
2006-08-25,-0.14243285024064667
2006-08-28,-0.21031309198800727
2006-08-29,0.05918918147427423
2006-08-30,0.22220794857632303
2006-08-31,-0.40274167463810623
2006-09-01,0.6249677786505746
2006-09-04,0.08687847117130479
2006-09-05,0.09613639160494059
2006-09-06,-0.45615551532561416
2006-09-07,-0.9476721283856637
2006-09-08,0.060220911033865634
2006-09-11,-0.48997910368123115
2006-09-12,0.9594767473624358
2006-09-13,0.7201120557680518
2006-09-14,0.048694809919259244
2006-09-15,-0.07474528176539677
2006-09-18,-0.10341184844678829
2006-09-19,-0.06547285173347553
2006-09-20,0.42828378283809126
2006-09-21,0.6848180027831374
2006-09-22,-0.9285496666314096
2006-09-25,0.4167548671740598
2006-09-26,0.27278166082179656
2006-09-27,0.7597956687599327
2006-09-28,0.06503847949213591
2006-09-29,-0.15499623213013006
2006-10-02,0.028468595093020053
2006-10-03,0.12004044262528911
2006-10-04,0.6906793498867979
2006-10-05,0.30571729317522045
2006-10-06,-0.0082658059461724
2006-10-09,-0.07087794215370335
2006-10-10,0.22383856063816673
2006-10-11,-0.17775803632296774
2006-10-12,0.03640952035818825
2006-10-13,0.03634120969850971
2006-10-16,-0.0082658059461724
2006-10-17,-0.4565638618770204
2006-10-18,0.6358119855656745
2006-10-19,1.5351539502377758
2006-10-20,-0.24015108456304488
2006-10-23,0.3774923926721122
2006-10-24,0.44167025841184854
2006-10-25,0.7865801919896315
2006-10-26,0.5680998209255865
2006-10-27,0.8821128415130229
2006-10-30,-0.9968960623607698
2006-10-31,-0.4449568997814417
2006-11-01,-0.0082658059461724
2006-11-02,0.1982772344729139
2006-11-03,0.23827705795569026
2006-11-06,0.9639696399827539
2006-11-07,0.5092969003103608
2006-11-08,-1.179660372637635
2006-11-09,0.17030566615863746
2006-11-10,-0.13806393603952097
2006-11-13,0.11342526285003092
2006-11-14,-0.4971338022478253
2006-11-15,2.343413727755444
2006-11-16,0.492998980201609
2006-11-17,-2.8530100682170163
2006-11-20,-0.057452966652102935
2006-11-21,0.2697024761672795
2006-11-22,1.1653325701003356
2006-11-23,0.03927453721531982
2006-11-24,-0.7432006335567236
2006-11-27,-0.854543352509514
2006-11-28,0.18852080772329224
2006-11-29,1.5263906180068294
2006-11-30,-1.5347595691191074
2006-12-01,-0.4191626035751471
2006-12-04,0.27978709008569885
2006-12-05,0.19630211349400128
2006-12-06,0.03252289575901379
2006-12-07,0.4783028183246409
2006-12-08,-0.3726709279311728
2006-12-11,0.7734068585849176
2006-12-12,-0.33692735650565064
2006-12-13,0.8205406214210859
2006-12-14,-0.02404700108139587
2006-12-15,-0.19025561742101468
2006-12-18,0.7306725255985894
2006-12-19,0.20940318154920765
2006-12-20,0.40075527721961496
2006-12-21,0.1450728844127592
2006-12-22,-0.6482279417042952
2006-12-27,0.5167383088236807
2006-12-28,0.37371486800187415
2006-12-29,0.14357271505288352
2007-01-02,-0.4654203853818944
2007-01-03,0.25900099556364364
2007-01-04,-0.9783190303258326
2007-01-05,1.037852181823628
2007-01-08,-0.3209729990481783
2007-01-09,-0.7338847204527406
2007-01-10,-0.7226413045310047
2007-01-11,0.23642692941795865
2007-01-12,0.0782364431136326
2007-01-15,0.8086818107174648
2007-01-16,-0.015969799000046147
2007-01-17,-0.046831687266399774
2007-01-18,0.22256689312242497
2007-01-19,0.25948113004450923
2007-01-22,-0.5840625908550222
2007-01-23,0.17682529169017278
2007-01-24,0.06862826258036997
2007-01-25,-0.16218587481595176
2007-01-26,0.11491694483613973
2007-01-29,0.48092392574425596
2007-01-30,0.8271641887927375
2007-01-31,-0.5332172516412004
2007-02-01,0.11982881104284457
2007-02-02,-0.13636042293518938
2007-02-05,0.02944559054050432
2007-02-06,-0.06107290111198494
2007-02-07,-0.1443360718893543
2007-02-08,-0.08405538200508793
2007-02-09,0.7808906442097143
2007-02-12,-0.15746134985599705
2007-02-13,0.5485752336516361
2007-02-14,1.2993420593683047
2007-02-15,0.20585410482588887
2007-02-16,-0.27248198683909225
2007-02-19,0.22033841316827169
2007-02-20,3.315158719820236
2007-02-21,0.3136085098983241
2007-02-22,-0.001733138494722163
2007-02-23,0.35009780526561113
2007-02-26,0.18595960659336952
2007-02-27,-1.2467900416783726
2007-02-28,1.4236023686563168
2007-03-01,-0.6039587763276518
2007-03-02,0.004769415822719424
2007-03-05,-1.2582856802594065
2007-03-06,1.27432876560645
2007-03-07,1.338158931913716
2007-03-08,1.9653713641006982
2007-03-09,1.4378430545054817
2007-03-12,0.40352171383111823
2007-03-13,-0.4666987766568107
2007-03-14,-0.45397217665635786
2007-03-15,0.6353482512423696
2007-03-16,0.597198244093979
2007-03-19,-0.04836318018018475
2007-03-20,0.6570740977869272
2007-03-21,0.5801669262090009
2007-03-22,1.0907252151576639
2007-03-23,2.7441250237050525
2007-03-26,-3.9878446599760085
2007-03-27,-0.019431910357161283
2007-03-28,-0.712012003047213
2007-03-29,1.2171855746780498
2007-03-30,-0.37389605575213014
2007-04-02,-0.27616664205878355
2007-04-03,0.18166180265609586
2007-04-04,-0.2878701774577934
2007-04-05,-0.6185028144425367
2007-04-10,-0.1907559073688287
2007-04-11,-0.38713752438410803
2007-04-12,0.2618723839488611
2007-04-13,0.08331980559750565
2007-04-16,-0.1801280725517937
2007-04-17,0.6298729021648262
2007-04-18,0.22861278925884493
2007-04-19,-0.2507954211761155
2007-04-20,0.3014207734476082
2007-04-23,0.03171294984453482
2007-04-24,-0.6814767801001909
2007-04-25,0.3382799406468952
2007-04-26,-0.41284646463489966
2007-04-27,0.6258181589820297
2007-04-30,-0.21474913483186744
2007-05-02,0.22680720348765648
2007-05-03,-0.2893589003573224
2007-05-04,0.014734301677364623
2007-05-07,-0.42446102414711845
2007-05-08,-1.4555963181375025
2007-05-09,-0.5707228326702363
2007-05-10,-0.6152143372478255
2007-05-11,0.26255574064147275
2007-05-14,0.0223901014353645
2007-05-15,0.3154791881862505
2007-05-16,0.6079618467860562
2007-05-17,0.12349016719600166
2007-05-18,0.11116794315444568
2007-05-21,-0.5785519365965892
2007-05-22,0.9005780592577831
2007-05-23,1.730854207732694
2007-05-24,-1.0025440078088905
2007-05-25,-0.6231495473534975
2007-05-29,0.43184054408262457
2007-05-30,-0.38353588807576516
2007-05-31,0.23252297359012938
2007-06-01,0.42293476252031414
2007-06-04,0.4702717780422157
2007-06-05,0.020394980935206978
2007-06-06,-1.0052663475626604
2007-06-07,-0.8432388051644201
2007-06-08,-0.06810772534338976
2007-06-11,-0.387188558231707
2007-06-12,0.2867414753505894
2007-06-13,0.42155827636894005
2007-06-14,0.16365898577886628
2007-06-15,0.783082703687009
2007-06-18,0.5457069547198461
2007-06-19,-0.15185334545753906
2007-06-20,0.3697544155403756
2007-06-21,-0.7618370847300889
2007-06-22,-0.12449772117848017
2007-06-25,0.3163739871559106
2007-06-26,0.2565649939875506
2007-06-27,-0.38296734114247805
2007-06-28,1.2132193741438309
2007-06-29,0.5452530820786873
2007-07-02,-0.5505330405832195
2007-07-03,1.4300434510073001
2007-07-04,0.5000845255636279
2007-07-05,-0.132087233850403
2007-07-06,0.5328428138782091
2007-07-09,0.05026879459516258
2007-07-10,-0.44647483391090587
2007-07-11,-0.8709229141790609
2007-07-12,0.9027143840115607
2007-07-13,0.42942217259612675
2007-07-16,-0.11992811986871327
2007-07-17,-1.103016062618583
2007-07-18,-0.3813234300160749
2007-07-19,-0.07995863550333507
2007-07-20,0.23390679028274583
2007-07-23,0.26526535415985875
2007-07-24,-0.4357407749796898
2007-07-25,-0.09649459324759568
2007-07-26,-1.4164932606148695
2007-07-27,1.8556295931332192
2007-07-30,0.8192300115157445
2007-07-31,1.5899442539289745
2007-08-01,0.3667950387665437
2007-08-02,0.8376220487209877
2007-08-03,0.5250654070475071
2007-08-06,0.2239130686077522
2007-08-07,-0.3445984696871831
2007-08-08,-0.21233697345990976
2007-08-09,-0.018244130527315175
2007-08-10,-0.4496926294535802
2007-08-13,0.8404266542297264
2007-08-14,0.7317425391276261
2007-08-15,0.42197287192377175
2007-08-16,-0.5406604215278732
2007-08-17,0.020941453028177234
2007-08-20,0.10353268543071463
2007-08-21,0.6946445776142381
2007-08-22,0.7067918654997736
2007-08-23,-0.9579479337414205
2007-08-24,-0.08516286792680797
2007-08-27,0.31279618105838736
2007-08-28,-0.6140599357988032
2007-08-29,-0.03248972227539415
2007-08-30,0.2670053170758784
2007-08-31,1.3281855024900209
2007-09-03,1.4414054681960033
2007-09-04,-0.017290871315879572
2007-09-05,-0.8235839112242163
2007-09-06,-0.10033256141538216
2007-09-07,-0.5182119818275012
2007-09-10,-0.0082658059461724
2007-09-11,0.33545423812755654
2007-09-12,-0.0082658059461724
2007-09-13,0.6391146671328031
2007-09-14,-0.07210505896052108
2007-09-17,-0.4947656025688502
2007-09-18,0.28154334711437606
2007-09-19,0.11991472355111614
2007-09-20,0.13320246729952925
2007-09-21,0.41335135756072533
2007-09-24,-0.12119530527561229
2007-09-25,-0.1396467688853766
2007-09-26,0.2405641714946555
2007-09-27,0.2570468733115642
2007-09-28,0.3933040524002902
2007-10-01,0.5827781682484895
2007-10-02,-0.0082658059461724
2007-10-03,-0.12231310949962218
2007-10-04,0.6930865857629049
2007-10-05,2.533226340338787
2007-10-08,0.6984701020316759
2007-10-09,0.46574640103532955
2007-10-10,0.5427713134544189
2007-10-11,1.5771722316384043
2007-10-12,-0.15550064791748056
2007-10-15,-0.6023007487749951
2007-10-16,-0.8133467282589825
2007-10-17,-0.0082658059461724
2007-10-18,-0.43628054650660225
2007-10-19,0.5757552018243948
2007-10-22,0.2362917719501108
2007-10-23,-1.1338397757545775
2007-10-24,1.2101071068413356
2007-10-25,0.2804363899112176
2007-10-26,2.193868948077264
2007-10-29,1.4851107301260946
2007-10-30,1.2848271360406713
2007-10-31,1.8299604430633982
2007-11-01,-1.2429111724810677
2007-11-02,-0.7349697878174941
2007-11-05,-0.7997993416538837
2007-11-06,0.33571733727019526
2007-11-07,-0.8117106498273164
2007-11-08,-0.22745263842359473
2007-11-09,-1.5637281027519292
2007-11-12,-0.10026549294659348
2007-11-13,-0.9353239486524391
2007-11-14,0.7860007032136042
2007-11-15,-0.7498734194240201
2007-11-16,-1.1858686843984925
2007-11-19,-3.02533312194081
2007-11-20,0.23975359788240744
2007-11-21,-1.445860157328245
2007-11-22,0.15764996122598451
2007-11-23,-0.14009429095101258
2007-11-26,-0.0082658059461724
2007-11-27,-0.9556189719659487
2007-11-28,1.1345495658997917
2007-11-29,0.08490074955102161
2007-11-30,0.9869167612067342
2007-12-03,-0.373544835950699
2007-12-04,-1.3720271740909362
2007-12-05,-0.021181416866916856
2007-12-06,-0.6676328820199672
2007-12-07,-0.2273926028724352
2007-12-10,0.004924269908312825
2007-12-11,1.093146296685388
2007-12-12,-0.14118553478767676
2007-12-13,-0.275344959667091
2007-12-14,-0.38150817383877433
2007-12-17,-0.42438974420570685
2007-12-18,-0.0082658059461724
2007-12-19,0.5514606093085181
2007-12-20,0.4196907615985216
2007-12-21,1.4713293932979625
2007-12-27,-1.4792605200178766
2007-12-28,0.13770643025993923
2008-01-02,-0.3741207566744571
2008-01-03,-1.1471175232409363
2008-01-04,-1.109829258773664
2008-01-07,-0.23659563605014922
2008-01-08,0.46982867359759517
2008-01-09,-0.3492120813699917
2008-01-10,-0.27380663424751034
2008-01-11,0.7654395714698499
2008-01-14,0.5607522362331911
2008-01-15,-1.0398333350519084
2008-01-16,0.27348646551310396
2008-01-17,-0.4453063167432593
2008-01-18,-1.0175974169606956
2008-01-21,-0.7073087236987221
2008-01-22,0.7656678218824681
2008-01-23,-1.1648658179267015
2008-01-24,2.7411870399877407
2008-01-25,-0.012769750538140433
2008-01-28,0.5513754469598212
2008-01-29,-0.3431728525752211
2008-01-30,-1.171565128894176
2008-01-31,-0.07279489349303851
2008-02-01,0.313445382878319
2008-02-04,-0.6308984267349268
2008-02-05,-1.1046592860870619
2008-02-06,0.6163179390781945
2008-02-07,-0.5281047863586718
2008-02-08,-0.13683546490335655
2008-02-11,-0.01779947337441042
2008-02-12,1.1447003410269339
2008-02-13,-0.05007587352123019
2008-02-14,-0.19923928896747836
2008-02-15,-0.5958436815559524
2008-02-18,1.0020517159490647
2008-02-19,-0.17036745296537928
2008-02-20,-0.5311440947912435
2008-02-21,0.3705280318514153
2008-02-22,0.43177732845718925
2008-02-25,-0.3274272228364633
2008-02-26,-0.1524395989087238
2008-02-27,0.2934705120444873
2008-02-28,-0.41727912025955516
2008-02-29,0.0663921952302268
2008-03-03,1.2051573064465284
2008-03-04,-1.1146058457459591
2008-03-05,1.2428435588843119
2008-03-06,-0.7554597387137267
2008-03-07,-0.08646777251829017
2008-03-10,0.18469080830922913
2008-03-11,0.11988367090524633
2008-03-12,0.1012672320179102
2008-03-13,-0.05387481639823736
2008-03-14,0.07835605092916753
2008-03-17,0.41767981024951045
2008-03-18,2.999380719060309
2008-03-19,0.6838600488539923
2008-03-20,-0.057910472141936835
2008-03-25,1.055036356942742
2008-03-26,0.6729751418222296
2008-03-27,-0.1835486692095717
2008-03-28,-0.5303822310025692
2008-03-31,-0.3368435943125916
2008-04-01,-0.6110538722638973
2008-04-02,-0.7707330300028745
2008-04-03,0.514008099756769
2008-04-04,0.9364053324667105
2008-04-07,-0.0082658059461724
2008-04-08,0.056676904829912465
2008-04-09,0.391433233605558
2008-04-10,0.03190174468906752
2008-04-11,-0.3104360115242689
2008-04-14,-0.33294855188043304
2008-04-15,-0.13065471857042718
2008-04-16,0.3051730327246407
2008-04-17,0.20615642953382055
2008-04-18,-0.10118969262429225
2008-04-21,0.16529226597392999
2008-04-22,0.7502876420655679
2008-04-23,-1.1308819501771614
2008-04-24,-0.9072774734173646
2008-04-25,0.2444524654346427
2008-04-28,0.3930163520286678
2008-04-29,0.7464312882954603
2008-04-30,0.4592856129199444
2008-05-02,0.42621724353689866
2008-05-05,-0.2611773377711283
2008-05-06,-0.7474213360820023
2008-05-07,-0.49439611266475614
2008-05-08,0.39174867552513365
2008-05-09,-0.28415449399130455
2008-05-12,-0.04547555879058004
2008-05-13,-0.037216071007189676
2008-05-14,0.46084812597092023
2008-05-15,-0.8305227498491818
2008-05-16,0.14996308254928517
2008-05-19,1.4585254014037465
2008-05-20,-1.3837073358619238
2008-05-21,-0.4585675514964495
2008-05-22,-0.3702629636061269
2008-05-23,-0.8578048641096361
2008-05-26,-0.7037242053313809
2008-05-27,0.1884726500320018
2008-05-28,0.1006500488510255
2008-05-29,-0.4016547658971813
2008-05-30,-0.06978917315789891
2008-06-02,-0.9777922723383744
2008-06-03,-0.2835222101053435
2008-06-04,-0.4908500190517173
2008-06-05,-0.15501753458793452
2008-06-06,-0.0726300736529398
2008-06-09,0.4812277476690766
2008-06-10,0.037183329100173176
2008-06-11,-1.052327485893144
2008-06-12,0.1775738605700505
2008-06-13,0.010272095568622809
2008-06-16,-0.15216115712348122
2008-06-17,1.3958232315906671
2008-06-18,0.3769618139837706
2008-06-19,0.4970950824386804
2008-06-20,-0.5582464493234502
2008-06-23,-0.4119089867294034
2008-06-24,-0.9743672007178029
2008-06-25,0.8224326952706968
2008-06-26,-1.2232194098674511
2008-06-27,-0.22737988644070498
2008-06-30,0.15035657799932253
2008-07-01,-0.1622163805535083
2008-07-02,-0.24258946386745459
2008-07-03,-0.2911529099520298
2008-07-04,-0.6564858833408608
2008-07-07,-0.17185684433843879
2008-07-08,-0.6885524227680627
2008-07-09,0.1188782511506385
2008-07-10,-1.1765471024915248
2008-07-11,-0.3104332992513691
2008-07-14,0.13301138047719596
2008-07-15,0.3229068121760623
2008-07-16,2.8952600393954424
2008-07-17,0.5947224473610434
2008-07-18,0.8805876429884218
2008-07-21,0.5920234292393485
2008-07-22,0.5705761596677343
2008-07-23,1.8175645983489976
2008-07-24,-1.6720116172543924
2008-07-25,0.33141939474244764
2008-07-28,0.05675662663220841
2008-07-29,0.18618795931209325
2008-07-30,0.02621465890671507
2008-07-31,0.3777289673509858
2008-08-01,-1.023528881486489
2008-08-04,-0.6025687784946229
2008-08-05,0.7823116701643926
2008-08-06,0.21310735754134047
2008-08-07,0.7172569797732601
2008-08-08,0.9764222633022676
2008-08-11,0.9543118209088767
2008-08-12,0.5935706614714501
2008-08-13,-0.9613604495544703
2008-08-14,0.07367815070383672
2008-08-15,-0.11072428641487508
2008-08-18,-0.3501959283779057
2008-08-19,-0.2862745132087087
2008-08-20,0.016699850272992655
2008-08-21,-0.2711827078010916
2008-08-22,0.549041793737373
2008-08-25,-0.12412230986334774
2008-08-26,0.3260393540794106
2008-08-27,-0.3011546601849777
2008-08-28,0.514211242826606
2008-08-29,0.19163747595600222
2008-09-01,0.3120658700026157
2008-09-02,0.1771555986687426
2008-09-03,-0.6240622351867938
2008-09-04,-0.6247500997142671
2008-09-05,-0.14508839822081976
2008-09-08,0.8347193966241665
2008-09-09,-0.7268369672639938
2008-09-10,-0.2574528372556303
2008-09-11,0.34843479562877394
2008-09-12,0.4927153145301726
2008-09-15,-2.734516247989073
2008-09-16,1.294309922169208
2008-09-17,2.3322454729095714
2008-09-18,-1.4136898012373544
2008-09-19,-1.6025352570858133
2008-09-22,-1.6908987099536446
2008-09-23,0.14745815813581425
2008-09-24,-1.3663505289468023
2008-09-25,0.17927628480409424
2008-09-26,-2.3292618453195693
2008-09-29,-2.538784340263303
2008-09-30,2.0766772265532936
2008-10-01,-1.3634457795142663
2008-10-02,-1.4388479920863204
2008-10-03,0.7436279829691871
2008-10-06,-2.004179945946766
2008-10-07,-0.45450330697740093
2008-10-08,-2.1071333590304286
2008-10-09,-2.647649730691492
2008-10-10,3.579749972346791
2008-10-13,0.4335682006465627
2008-10-14,0.7325528369933255
2008-10-15,2.4524907657362327
2008-10-16,-2.4798238885185597
2008-10-17,-1.3191365653950218
2008-10-20,-2.2080426602536116
2008-10-21,-1.8531632462730454
2008-10-22,-3.507616035256355
2008-10-23,-8.266738791436152
2008-10-24,-7.928547177619499
2008-10-27,-6.648708883212817
2008-10-28,7.694208190523214
2008-10-29,-5.463259676385957
2008-10-30,2.4628570797134794
2008-10-31,5.853649897888176
2008-11-03,-8.946618743704791
2008-11-04,1.9389358689104317
2008-11-05,-0.2272764480780388
2008-11-06,-3.243103753277883
2008-11-07,-2.7915294573292404
2008-11-10,0.6839682950490169
2008-11-11,-3.9099139150375843
2008-11-12,-5.169775866902803
2008-11-13,5.334410144764098
2008-11-14,2.2307049001272325
2008-11-17,-4.500635434270441
2008-11-18,1.0137989408809218
2008-11-19,2.0416115767409626
2008-11-20,-2.191235998474243
2008-11-21,1.3432370624716377
2008-11-24,2.3659972064306123
2008-11-25,-1.7924271836925292
2008-11-26,0.19508474815053073
2008-11-27,-0.44156450316395374
2008-11-28,-1.9203382556588895
2008-12-01,-2.831419047794079
2008-12-02,0.5177770259070854
2008-12-03,0.2874521377907584
2008-12-04,1.1682527023842875
2008-12-05,-2.192908280635585
2008-12-08,1.640574656968137
2008-12-09,-0.648982302501529
2008-12-10,0.10385501188342186
2008-12-11,5.414343355285146
2008-12-12,0.6039876970283894
2008-12-15,-1.5556381812045783
2008-12-16,-1.0545654882621565
2008-12-17,3.463896512364381
2008-12-18,2.8929708402153507
2008-12-19,-0.0082658059461724
2008-12-22,-0.0082658059461724
2008-12-23,-2.0020063532036714
2008-12-29,0.13145007448305523
2008-12-30,1.3080645352538578
2009-01-02,2.963629721652656
2009-01-05,0.773351051290727
2009-01-06,2.0581693751084282
2009-01-07,-3.2790960626120182
2009-01-08,0.5195574801896229
2009-01-09,0.502750358232566
2009-01-12,-2.4725783700301
2009-01-13,-0.6053482891379236
2009-01-14,-0.45599373945034044
2009-01-15,0.3391426472971087
2009-01-16,-0.9561951023868965
2009-01-19,-0.6520586481810885
2009-01-20,0.452576713509269
2009-01-21,0.3795827778598958
2009-01-22,-2.6306223566656595
2009-01-23,-1.8207337927618061
2009-01-26,0.4427511430914407
2009-01-27,0.8919542687669316
2009-01-28,3.7736800901958745
2009-01-29,0.5136439198749441
2009-01-30,-0.09665811699879269
2009-02-02,-2.87831435850423
2009-02-03,-0.38838027932489455
2009-02-04,1.0756004487494952
2009-02-05,-0.6529363277039644
2009-02-06,1.9650695937768148
2009-02-09,1.1818294897531525
2009-02-10,-3.04198428295753
2009-02-11,-0.0082658059461724
2009-02-12,-0.9847770926321794
2009-02-13,1.668933654940152
2009-02-16,0.8517791185117669
2009-02-17,-0.637276839792517
2009-02-18,1.6416128973376916
2009-02-19,-0.2863150977815318
2009-02-20,-1.9133536515775504
2009-02-23,-0.8208138747534497
2009-02-24,-1.8917424963370832
2009-02-25,0.12815594637905137
2009-02-26,1.5362069310515234
2009-02-27,-0.3199634894808156
2009-03-02,-1.7141933021682043
2009-03-03,0.9328675955592242
2009-03-04,1.6731176421979237
2009-03-05,-4.19915184683383
2009-03-06,-2.015616159079409
2009-03-09,-1.744181156485987
2009-03-10,1.1797777533309068
2009-03-11,5.797183940092942
2009-03-12,0.849881775691861
2009-03-13,0.0742450516603094
2009-03-16,0.4252998231264927
2009-03-17,-1.2502768671329207
2009-03-18,-0.9056871395287194
2009-03-19,1.5560344798326848
2009-03-20,-1.048799770785976
2009-03-23,-0.12950595705851564
2009-03-24,0.8332904637279274
2009-03-25,2.421553697355595
2009-03-26,2.694373766140248
2009-03-27,3.6538774570115065
2009-03-30,-2.7096283830335675
2009-03-31,1.851009243992736
2009-04-01,2.544556372965778
2009-04-02,2.81298232543366
2009-04-03,-1.5536481713485204
2009-04-06,1.9883445733596445
2009-04-07,2.031350709995634
2009-04-08,0.2543128534046635
2009-04-09,2.5172265246389744
2009-04-14,0.5510669931148384
2009-04-15,-3.289871533084647
2009-04-16,1.151088219570782
2009-04-17,1.8850122970544574
2009-04-20,-0.9366269647637125
2009-04-21,-2.2559919343552344
2009-04-22,2.114150146025109
2009-04-23,-1.5820095876208775
2009-04-24,0.2530911587046313
2009-04-27,-2.074500009375486
2009-04-28,-2.040244176951114
2009-04-29,-1.1707061626828894
2009-04-30,2.6625744658466313
2009-05-04,-2.3760759567551846
2009-05-05,0.8511444298067491
2009-05-06,-0.7545956521301717
2009-05-07,0.6269523636986991
2009-05-08,-0.7565643651599704
2009-05-11,-3.578118159267738
2009-05-12,0.7137655065593413
2009-05-13,0.011897024910849947
2009-05-14,2.373587787030935
2009-05-15,2.9390654455710283
2009-05-18,-0.8986448911156243
2009-05-19,1.7630774572339094
2009-05-20,0.2958499202293614
2009-05-21,-0.4433732833565669
2009-05-22,0.9260878393519671
2009-05-25,-0.9426194512443076
2009-05-26,0.3314933677173619
2009-05-27,0.00041367617241865035
2009-05-28,-0.09511024913352685
2009-05-29,1.0054446462235416
2009-06-01,3.118054934046394
2009-06-02,-1.3307523586364876
2009-06-03,-2.024883163406161
2009-06-04,1.7307005691962607
2009-06-05,1.115681867863703
2009-06-08,-0.4898213708551953
2009-06-09,-0.49528759642752007
2009-06-10,0.3089356010942246
2009-06-11,-0.32546721298656944
2009-06-12,-0.21283613012150926
2009-06-15,-1.222866112097028
2009-06-16,-2.0562724178682625
2009-06-17,-1.6686414001079197
2009-06-18,1.2340613824995559
2009-06-19,-0.169449892530469
2009-06-22,-1.0894089078075955
2009-06-23,0.9110847185216479
2009-06-24,-0.08938319007127378
2009-06-25,0.5296907161481481
2009-06-26,-0.37513987595124093
2009-06-29,0.4387282040931286
2009-06-30,1.3657436092710995
2009-07-01,-0.5456121681368992
2009-07-02,0.7695628045173944
2009-07-03,-0.3004545965784089
2009-07-06,0.32672345146491905
2009-07-07,-0.689578677850291
2009-07-08,-0.18248441410207436
2009-07-09,1.6188831425843968
2009-07-10,-0.17666253991254907
2009-07-13,1.9701217993351186
2009-07-14,2.1057748376528935
2009-07-15,1.5946969160437368
2009-07-16,-0.030422467259292416
2009-07-17,-1.2377845695035108
2009-07-20,-2.894554766936097
2009-07-21,0.8136153335999384
2009-07-22,-0.04818765405974701
2009-07-23,-0.1282579884485717
2009-07-24,2.6699843500407834
2009-07-27,-0.4241698901221217
2009-07-28,-1.0855392114736218
2009-07-29,-0.24266620357363422
2009-07-30,-0.0631560562928024
2009-07-31,0.2732350613272204
2009-08-03,1.2512183550824552
2009-08-04,-0.0082658059461724
2009-08-05,0.2783448310274186
2009-08-06,1.046154934971049
2009-08-07,0.006395350639144424
2009-08-10,-0.5988986104620062
2009-08-11,-0.7355092635395517
2009-08-12,1.1995015429635165
2009-08-13,1.3234353317042968
2009-08-14,-2.5779949388049004
2009-08-17,0.4433391961269431
2009-08-18,1.6513304177570969
2009-08-19,5.9784527676674175
2009-08-20,-3.5453206239574353
2009-08-21,-0.21282477212171522
2009-08-24,-0.21382139559901395
2009-08-25,0.4018487498822205
2009-08-26,-0.6801687301613152
2009-08-27,0.6636371182689748
2009-08-28,1.0400454248032107
2009-08-31,0.5916183969424452
2009-09-01,0.07021326237777113
2009-09-02,-0.027869633102071627
2009-09-03,0.6340744973551876
2009-09-04,-0.39641874383845904
2009-09-07,-0.13842377571187914
2009-09-08,-0.5791475188577986
2009-09-09,-0.0942301899079389
2009-09-10,-0.5075683370776095
2009-09-11,1.9550114499522016
2009-09-14,1.227480751319686
2009-09-15,1.535933654810723
2009-09-16,2.1885414208633054
2009-09-17,-0.4605815743227396
2009-09-18,-1.2521154015613847
2009-09-21,-1.8732536406055669
2009-09-22,-0.22541391528858673
2009-09-23,0.9755940974474643
2009-09-24,1.0663033608903347
2009-09-25,1.7400749446678516
2009-09-28,-0.0082658059461724
2009-09-29,1.529010375610374
2009-09-30,0.8291284217647181
2009-10-01,-1.980734836428282
2009-10-02,-0.810740199330121
2009-10-05,0.7660188766574372
2009-10-06,1.8089159293507096
2009-10-07,0.7316034956513656
2009-10-08,0.5672190552013464
2009-10-09,-1.0863266111005083
2009-10-12,-1.3410154463584116
2009-10-13,0.32882194774041174
2009-10-14,-0.7242852002562721
2009-10-15,0.7132512440392149
2009-10-16,-2.776058082368462
2009-10-19,0.5748326828115896
2009-10-20,-1.5952154883664993
2009-10-21,0.8367759843775672
2009-10-22,0.17988926263272725
2009-10-23,0.16153333544615187
2009-10-26,-0.935679316278048
2009-10-27,-1.856943023338845
2009-10-28,-2.182299034506711
2009-10-29,2.944237058494316
2009-10-30,-1.4590971203708523
2009-11-02,-0.43471021741204235
2009-11-03,-0.4583958715792706
2009-11-04,0.6397084070595166
2009-11-05,0.4918081989717916
2009-11-06,0.9685665431434919
2009-11-09,1.1029398536617063
2009-11-10,-7.366613255798461
2009-11-11,0.3108008292608396
2009-11-12,-0.4627667888577432
2009-11-13,0.14852106164892745
2009-11-16,1.5287609711686823
2009-11-17,-0.42202272587170386
2009-11-18,-0.16793598374420682
2009-11-19,-0.3013875370500745
2009-11-20,-2.673497735592188
2009-11-23,1.2474854387099457
2009-11-24,-1.1895651891861014
2009-11-25,-0.31435826582779886
2009-11-26,-2.8422309432801307
2009-11-27,0.7533945048623379
2009-11-30,1.5363207924433888
2009-12-01,2.2089933170421285
2009-12-02,1.4991366370835317
2009-12-03,0.729436540450905
2009-12-04,0.5351013978518107
2009-12-07,0.6813305662705904
2009-12-08,-0.29481364240240493
2009-12-09,-0.35062406411792263
2009-12-10,0.9316511052485904
2009-12-11,1.0532114154126697
2009-12-14,0.7883110317810034
2009-12-15,0.193291778586442
2009-12-16,0.1673275599036192
2009-12-17,-1.4400519491827148
2009-12-18,-0.18984205836890602
2009-12-21,0.29608693059657143
2009-12-22,-0.6060553263419194
2009-12-23,-1.242896943861551
2009-12-28,0.5736540473536172
2009-12-29,0.7294363862612205
2009-12-30,0.06350110304293
2010-01-04,-0.8243762369016113
2010-01-05,-0.8469916834217665
2010-01-06,1.1614068559478055
2010-01-07,0.4834188380972687
2010-01-08,0.45204140815134414
2010-01-11,0.30655908478890787
2010-01-12,-1.1434151088503515
2010-01-13,-1.1405404407015785
2010-01-14,-0.0082658059461724
2010-01-15,-1.4077181118302404
2010-01-18,0.11011694974282663
2010-01-19,-0.6599222808539683
2010-01-20,-0.864011774068072
2010-01-21,-1.0656220944338752
2010-01-22,-0.8582975457848364
2010-01-25,0.1720919825109423
2010-01-26,0.47643293452006785
2010-01-27,-1.2189833882223797
2010-01-28,0.22752415274474191
2010-01-29,1.5557668074384887
2010-02-01,1.4441815565548608
2010-02-02,0.2876481932894446
2010-02-03,0.31351252698595283
2010-02-04,-0.6400863678502605
2010-02-05,-0.9810418741840499
2010-02-08,-0.4372550507445691
2010-02-09,-0.9166105685783962
2010-02-10,1.082381853485609
2010-02-11,-1.3009262527397594
2010-02-12,-0.8335620330381222
2010-02-15,-0.18446101996880726
2010-02-16,0.6014990231929332
2010-02-17,1.8213990639459257
2010-02-18,0.2231684811063497
2010-02-19,0.5079197960362822
2010-02-22,0.7825384182149069
2010-02-23,-0.408902186367621
2010-02-24,0.6713023863007554
2010-02-25,-0.7655860621323819
2010-02-26,-0.563660363811758
2010-03-01,0.3485919115119263
2010-03-02,0.2750733157005173
2010-03-03,0.9758996005888236
2010-03-04,-0.5010106976713395
2010-03-05,1.3654863702825004
2010-03-08,0.8152401462836182
2010-03-09,-0.6833069502808353
2010-03-10,0.07921371308091556
2010-03-11,3.184141568307656
2010-03-12,0.8015023317337162
2010-03-15,-0.7183058450236842
2010-03-16,0.9520942774998689
2010-03-17,0.6262286154108145
2010-03-18,0.009722316829121619
2010-03-19,0.3975307830655596
2010-03-22,0.4583796529632751
2010-03-23,-2.7057407284423345
2010-03-24,0.30963863739254677
2010-03-25,-1.5510360300906472
2010-03-26,1.6523370743715322
2010-03-29,0.07835437239374943
2010-03-30,-0.901364097648602
2010-03-31,0.2424452701332191
2010-04-01,1.0022393754748855
2010-04-06,0.9669198183145028
2010-04-07,-0.2924298025615666
2010-04-08,-1.0832090833512555
2010-04-09,-0.13286117265901976
2010-04-12,-0.321319885923246
2010-04-13,-0.4504257853051006
2010-04-14,1.3601409333705008
2010-04-15,0.42615900880145685
2010-04-16,0.30712773988983205
2010-04-19,-0.5678718056788463
2010-04-20,1.4956582133953613
2010-04-21,1.5930010197622997
2010-04-22,0.5124567789344024
2010-04-23,-0.6164418254630929
2010-04-26,0.009250309425890751
2010-04-27,-1.4672313766400833
2010-04-28,-1.506171773531057
2010-04-29,2.308267185311547
2010-04-30,0.06860963965487137
2010-05-03,0.4734771463977723
2010-05-04,-1.9197281403559
2010-05-05,-0.9220002162864568
2010-05-06,0.32119721688815833
2010-05-07,-1.201280220011227
2010-05-10,2.140024384557617
2010-05-11,0.07038950300009958
2010-05-12,0.8889998908248458
2010-05-13,0.26317064690925834
2010-05-14,-1.0441797885546378
2010-05-17,-0.9711242639325686
2010-05-18,0.9545926520402238
2010-05-19,-1.261780345503625
2010-05-20,-1.6333595103110237
2010-05-21,-0.2992497432243448
2010-05-24,1.339416339584571
2010-05-25,-1.3559479514769073
2010-05-26,2.2846635813978837
2010-05-27,0.5052901476823102
2010-05-28,-0.21539272109857188
2010-05-31,0.9279900920126699
2010-06-01,0.36650723719248746
2010-06-02,-0.19822339464174416
2010-06-03,0.14020744768830126
2010-06-04,-1.3695101931680889
2010-06-07,-0.05725239994860673
2010-06-08,-0.4826533553417499
2010-06-09,0.6861150952922981
2010-06-10,1.1345131798107995
2010-06-11,-0.026073080990590445
2010-06-14,-0.04985364986586407
2010-06-15,0.08673040173664417
2010-06-16,0.09241899332722825
2010-06-17,1.5942851712144144
2010-06-18,0.3040647602792498
2010-06-21,1.0975792413921017
2010-06-22,-0.6079152030647779
2010-06-23,0.08108907988313661
2010-06-24,0.22545565733464273
2010-06-25,-1.2240138304022898
2010-06-28,0.48557467333130955
2010-06-29,-1.4487515854853996
2010-06-30,-0.6255348321702354
2010-07-01,-1.4595689536926924
2010-07-02,0.052949082809444215
2010-07-05,-0.05110659548022541
2010-07-06,0.8284195722374764
2010-07-07,-0.09241103621232194
2010-07-08,-0.0022420532652962875
2010-07-09,0.5118782249710911
2010-07-12,0.6404728310084842
2010-07-13,2.149054497537663
2010-07-14,0.15838256571946455
2010-07-15,-0.8367879301908047
2010-07-16,0.09335732471892842
2010-07-19,-0.787869753802539
2010-07-20,-0.26168657580738935
2010-07-21,0.7191679244441384
2010-07-22,1.8043705402866277
2010-07-23,0.29012731632058936
2010-07-26,0.3578048036645528
2010-07-27,-0.6890639023977709
2010-07-28,-0.06277072209342985
2010-07-29,1.2809493907456353
2010-07-30,0.16072974329371378
2010-08-02,1.6410010554186216
2010-08-03,-0.6109632467155076
2010-08-04,-0.7554348144044235
2010-08-05,-0.2076347899531457
2010-08-06,-0.9385392950764495
2010-08-09,0.3236346893370558
2010-08-10,-0.22210937051238258
2010-08-11,-1.0388051059876278
2010-08-12,-0.08518183762834185
2010-08-13,-0.5116663813683671
2010-08-16,0.31326028189933797
2010-08-17,0.5405028336203995
2010-08-18,-0.32019777684765627
2010-08-19,0.2927606556465647
2010-08-20,0.14417136219393778
2010-08-23,0.5478690295270162
2010-08-24,-0.44500522889344085
2010-08-25,-0.8179615168700236
2010-08-26,0.8718186588201461
2010-08-27,-0.11118868444052625
2010-08-30,-0.49918818055806163
2010-08-31,0.21606213031409224
2010-09-01,1.1599475858599415
2010-09-02,0.440790010214069
2010-09-03,0.643667014592485
2010-09-06,0.16736015282402492
2010-09-07,0.07413199715736661
2010-09-08,0.007172305944601178
2010-09-09,1.053375334374336
2010-09-10,1.159754318956231
2010-09-13,0.5640198995787714
2010-09-14,0.020630781127297278
2010-09-15,0.25570448663207146
2010-09-16,-0.33969770961109536
2010-09-17,1.1007859423184674
2010-09-20,0.2773971001106658
2010-09-21,-0.0082658059461724
2010-09-22,-0.4964645405911488
2010-09-23,-0.9775102401551123
2010-09-24,1.0317354717287741
2010-09-27,0.05296682395270764
2010-09-28,-0.37220643245000684
2010-09-29,-0.1699612967919603
2010-09-30,-0.6902373650084364
2010-10-01,-1.0024279654840682
2010-10-04,-1.59296209684978
2010-10-05,0.30419639830988543
2010-10-06,0.48903068539384204
2010-10-07,1.0776725327395456
2010-10-08,1.0364486887682498
2010-10-11,0.5923455206068603
2010-10-12,0.28892304103525357
2010-10-13,-0.2817923604330113
2010-10-14,0.25114697055852464
2010-10-15,0.48731217134941046
2010-10-18,-0.33488774873345667
2010-10-19,-0.5740448642284595
2010-10-20,0.10548214882852763
2010-10-21,1.4986013293303502
2010-10-22,1.332406900203821
2010-10-25,2.815518828852267
2010-10-26,0.5274637431082424
2010-10-27,-0.09026039193133488
2010-10-28,1.1654444849418548
2010-10-29,0.2504437903948054
2010-11-01,-1.1951980488297245
2010-11-02,0.2966287231570646
2010-11-03,0.3748461715053595
2010-11-04,0.4112256570785553
2010-11-05,-0.06793901013654861
2010-11-08,0.4668326289888868
2010-11-09,1.003392935908001
2010-11-10,-1.09875244348084
2010-11-11,0.754101048094365
2010-11-12,1.2894047018023058
2010-11-15,0.95819934738596
2010-11-16,-0.41450923382717175
2010-11-17,0.13990895547356114
2010-11-18,1.1769874905305027
2010-11-19,1.2499797215216595
2010-11-22,1.0951443656107291
2010-11-23,-2.4239252989972004
2010-11-24,1.8764726317219649
2010-11-25,0.912329423698315
2010-11-26,0.09280809413304782
2010-11-29,-1.0471692820731446
2010-11-30,-0.18101697405338496
2010-12-01,1.35457633597401
2010-12-02,0.7726444007687511
2010-12-03,1.6073510988656852
2010-12-06,0.3863121391831733
2010-12-07,0.14854733855468844
2010-12-08,-2.472661504025907
2010-12-09,-1.7163687809837582
2010-12-10,1.6168589463351206
2010-12-13,0.7817499318299279
2010-12-14,-0.8315286250794699
2010-12-15,0.02498127541101197
2010-12-16,-0.9827346956467813
2010-12-17,-1.4952030349018892
2010-12-20,1.5296263820855396
2010-12-21,0.9650435997267981
2010-12-22,0.223398048097117
2010-12-23,-0.5897879984964861
2010-12-27,-2.099287335698947
2010-12-28,-0.2725492169496431
2010-12-29,0.9010246055459913
2010-12-30,-0.8645721115895969
2011-01-03,2.1264433582700315
2011-01-04,0.47600551033226707
2011-01-05,-1.1184491465344917
2011-01-06,-0.3161067019544882
2011-01-07,1.0093748887818244
2011-01-10,-0.34479171521774826
2011-01-11,1.4367825345409448
2011-01-12,-0.2539711776079453
2011-01-13,-1.5979251002994777
2011-01-14,0.008776630133700626
2011-01-17,-0.5225608532619761
2011-01-18,-0.4590372543499845
2011-01-19,-0.46382368660560064
2011-01-20,-2.0280154243488098
2011-01-21,-0.7720905874247209
2011-01-24,0.6075869561833238
2011-01-25,-0.4927560368809581
2011-01-26,1.3746540594171652
2011-01-27,-0.026420418434034237
2011-01-28,0.8365178706316068
2011-01-31,-0.8711877558007528
2011-02-01,0.04616867135331516
2011-02-02,-0.8692889974251744
2011-02-03,0.0656855174512622
2011-02-04,-0.24908588435941867
2011-02-07,1.3268481417770328
2011-02-08,1.3737872912858429
2011-02-09,0.16575039800567365
2011-02-10,0.5095453179612738
2011-02-11,1.1093701342399296
2011-02-14,-0.52958391468716
2011-02-15,-1.5236772814019597
2011-02-16,0.25385468621960483
2011-02-17,-0.69315339928846
2011-02-18,-0.5068186250231727
2011-02-21,-0.8401349628937416
2011-02-22,1.1980567033637868
2011-02-23,-1.747435521586071
2011-02-24,-1.303387895491857
2011-02-25,2.561937688600437
2011-02-28,1.2299553887353154
2011-03-01,-0.6937124897829732
2011-03-02,-0.6329078252188209
2011-03-03,-0.062215197563959414
2011-03-04,-0.7160740649042815
2011-03-07,-0.4312416108263886
2011-03-08,0.9782707421508945
2011-03-09,-0.08056671552793881
2011-03-10,-1.5742659558976266
2011-03-11,0.02925074263279959
2011-03-14,-0.4227179288919933
2011-03-15,-1.648304038885673
2011-03-16,-0.9428059232855521
2011-03-17,0.2722526533253136
2011-03-18,0.5472961036502298
2011-03-21,1.062504609025761
2011-03-22,-0.7060951270319149
2011-03-23,0.20616118993729415
2011-03-24,1.1049828137789341
2011-03-25,-0.027214824505172777
2011-03-28,-0.35081675388805655
2011-03-29,0.010832432630822241
2011-03-30,1.1597848743249368
2011-03-31,-0.3253749288152536
2011-04-01,0.5312952811780736
2011-04-04,0.35992900816060813
2011-04-05,0.10156733401632727
2011-04-06,-0.1364345626397801
2011-04-07,-0.9538925250621927
2011-04-08,-0.8794675066327504
2011-04-11,-0.6055250526915241
2011-04-12,-0.7124711854337812
2011-04-13,1.1398664413177741
2011-04-14,0.25971253282539175
2011-04-15,0.14411810098883396
2011-04-18,-0.5440025740041669
2011-04-19,0.6413946168522395
2011-04-20,1.9923650197876137
2011-04-21,0.0640762479578825
2011-04-26,0.7439467310048244
2011-04-27,2.0032183067572
2011-04-28,1.489820422610392
2011-04-29,0.6410997143712058
2011-05-02,0.5519760162637384
2011-05-03,-0.7299325001219149
2011-05-04,-1.1554697293801637
2011-05-05,0.6291612100261431
2011-05-06,0.5541344876717582
2011-05-09,-0.938545862838153
2011-05-10,0.9548645586819943
2011-05-11,-0.3544850435298154
2011-05-12,-0.290597465222456
2011-05-13,-0.05829857109408215
2011-05-16,-0.34321818678068927
2011-05-17,-1.1671003111954963
2011-05-18,0.1124768353174378
2011-05-19,0.6243879473465128
2011-05-20,-0.4690151969536952
2011-05-23,-1.4564656520376102
2011-05-24,0.6258916673203917
2011-05-25,0.5131295633299248
2011-05-26,-0.810357342178073
2011-05-27,0.9317838964072734
2011-05-30,-0.24999982928360756
2011-05-31,-0.12965860174350657
2011-06-01,0.32040810096185873
2011-06-02,-0.4935072770838398
2011-06-03,-0.07804606346548813
2011-06-06,0.14856647752897528
2011-06-07,-0.04306842007676502
2011-06-08,0.2174451422555629
2011-06-09,1.2711627539274535
2011-06-10,-0.6688098888282789
2011-06-13,0.331740417442082
2011-06-14,0.6137220927839456
2011-06-15,0.025110451694700865
2011-06-16,0.32396012834822346
2011-06-17,0.2556692397719161
2011-06-20,0.5472731487407966
2011-06-21,0.6042335875669175
2011-06-22,-0.26509736828845076
2011-06-23,-0.36393363711699245
2011-06-24,0.9072293785594728
2011-06-27,0.3556641464631047
2011-06-28,1.5694969131556704
2011-06-29,0.4749764169010457
2011-06-30,-0.11350526172647256
2011-07-01,0.12700209774899723
2011-07-04,0.8680645240212467
2011-07-05,0.45965986373885825
2011-07-06,0.12241487596744154
2011-07-07,0.28072757358420675
2011-07-08,-0.0514864020908174
2011-07-11,-1.4448012024688404
2011-07-12,0.22957769020409455
2011-07-13,0.6828796079172352
2011-07-14,-0.03744321581585754
2011-07-15,1.200689252516613
2011-07-18,-0.9407734260579679
2011-07-19,0.8674408603800247
2011-07-20,-0.1363469578706844
2011-07-21,-1.5315378064697636
2011-07-22,1.0708777343480629
2011-07-25,0.006123055838851568
2011-07-26,-0.6025991602545155
2011-07-27,-0.8187376931059788
2011-07-28,-1.8316157668060313
2011-07-29,0.4241753495434647
2011-08-01,-0.4251843803815189
2011-08-02,-1.7985451443443692
2011-08-03,-2.045940717060195
2011-08-04,-1.739425329147198
2011-08-05,-1.959962882773849
2011-08-08,-2.697871715372253
2011-08-09,1.4433609962212555
2011-08-10,-1.2438852557306075
2011-08-11,1.7945190845744343
2011-08-12,1.9017248948270116
2011-08-15,-1.081348622752335
2011-08-16,0.1755120614101691
2011-08-17,-0.5619940443427375
2011-08-18,-3.1086710856122903
2011-08-19,-1.1209904130508934
2011-08-22,-1.1506492418739853
2011-08-23,1.0725762741705445
2011-08-24,1.918246227713061
2011-08-25,-0.5612724943395035
2011-08-26,0.5251149512138285
2011-08-29,0.7699171382768119
2011-08-30,0.2416440182108753
2011-08-31,1.5537819174361742
2011-09-01,-0.30498953955417296
2011-09-02,-2.2820566328672287
2011-09-05,-1.8732364837943183
2011-09-06,-0.3374685049060434
2011-09-07,2.401224298003602
2011-09-08,-0.7169932729751031
2011-09-09,-1.709028442867016
2011-09-12,-0.6533792966632556
2011-09-13,0.4298029431841371
2011-09-14,2.117350909326246
2011-09-15,1.5242496632345173
2011-09-16,0.9527411053477415
2011-09-19,-2.403158792384053
2011-09-20,2.0123256867863373
2011-09-21,-1.1511961521015532
2011-09-22,-2.923791425927485
2011-09-23,0.03305044781880847
2011-09-26,-0.947470915852393
2011-09-27,2.7497759916229234
2011-09-28,-0.46579133280421603
2011-09-29,-0.3495965759311046
2011-09-30,-2.6052242226168545
2011-10-04,-5.246136301453388
2011-10-05,3.1809502721233174
2011-10-06,1.8428695000962994
2011-10-07,0.8270262213936388
2011-10-10,1.9710687781025755
2011-10-11,0.6912102097288183
2011-10-12,1.4341157701078677
2011-10-13,0.06832620258948313
2011-10-14,0.8629346154588342
2011-10-17,-0.7648177064407211
2011-10-18,0.6920004950314275
2011-10-19,0.2537441197761974
2011-10-20,-0.6095122712837915
2011-10-21,1.5341404327563057
2011-10-24,1.9015768020723587
2011-10-25,-0.747808652998643
2011-10-26,-0.8875146200534487
2011-10-27,4.250842829013122
2011-10-28,0.6271475208062888
2011-10-31,-1.8927867009707644
2011-11-01,-2.370533851783979
2011-11-02,2.488987776444933
2011-11-03,1.204223401695102
2011-11-04,-1.8657409135832872
2011-11-07,0.06008064947845335
2011-11-08,0.48406178369632513
2011-11-09,-0.6888288753333099
2011-11-10,0.40137045007007266
2011-11-11,1.4775043196010718
2011-11-14,-1.0042355470488318
2011-11-15,-0.12598114208107158
2011-11-16,-0.44835961939799457
2011-11-17,-0.4701037234649927
2011-11-18,-0.80677863395255
2011-11-21,-2.5528587385843298
2011-11-22,0.4356641301368906
2011-11-23,-1.4301190531600376
2011-11-24,0.18154041909332455
2011-11-25,-0.4078294181100146
2011-11-28,2.9460459874406317
2011-11-29,-0.07969560553881005
2011-11-30,2.6760793062449517
2011-12-01,-0.328415891192551
2011-12-02,0.6129958553090423
2011-12-05,0.10826070353817895
2011-12-06,-0.8815681417742264
2011-12-07,-0.025238924498570365
2011-12-08,-1.3355517352201653
2011-12-09,0.7724097105327902
2011-12-12,-1.6376269027800117
2011-12-13,0.13434844808447544
2011-12-14,-1.993519610044245
2011-12-15,0.325973300111535
2011-12-16,-0.19363348737956454
2011-12-19,-0.06403872858546912
2011-12-20,1.2383246005820467
2011-12-21,-0.026335898160898413
2011-12-22,-0.04443670760311873
2011-12-23,-0.2077283370755484
2011-12-27,0.10065533975971012
2011-12-28,-1.128669292541557
2011-12-29,-0.10141553747629824
2011-12-30,0.3076191000470674
2012-01-02,1.4656409925899834
2012-01-03,1.0691891783705116
2012-01-04,0.026612642012320935
2012-01-05,1.1098918711166037
2012-01-06,-0.7619682988188557
2012-01-09,-0.7930763091252966
2012-01-10,1.3601073154006043
2012-01-11,0.1958221220476494
2012-01-12,0.831773497031802
2012-01-13,-0.9502300476229839
2012-01-16,0.9669614685807144
2012-01-17,1.0102412793513873
2012-01-18,-0.0082658059461724
2012-01-19,1.1291213588737423
2012-01-20,-0.3415406857141853
2012-01-23,-0.0082658059461724
2012-01-24,0.5300247515618177
2012-01-25,0.2583742123564619
2012-01-26,0.8278506579993449
2012-01-27,-1.032417588656429
2012-01-30,0.10151830261819945
2012-01-31,-0.4649593590425037
2012-02-01,1.0241190740676875
2012-02-02,-0.1475890959476822
2012-02-03,1.214576430968871
2012-02-06,0.3668213550828306
2012-02-07,-0.5191925380017952
2012-02-08,-0.05364588450505645
2012-02-09,0.8902527067079655
2012-02-10,-1.1800565038494817
2012-02-13,1.1042081839078242
2012-02-14,-1.014254518285837
2012-02-15,-0.4818354401791773
2012-02-16,0.19095825142738002
2012-02-17,0.7044204759228972
2012-02-20,0.47024647487634086
2012-02-21,0.18461713604961538
2012-02-22,-0.6947129254904139
2012-02-23,-1.0127897336395393
2012-02-24,0.02252845448229213
2012-02-27,-0.2861647100583635
2012-02-28,0.7440438228307339
2012-02-29,-0.1454538083865997
2012-03-01,0.928046049160099
2012-03-02,0.14085813369165523
2012-03-05,-0.30703004488165575
2012-03-06,-2.0027070500729494
2012-03-07,0.10151830261819945
2012-03-08,1.3029379105645378
2012-03-09,0.5201973536598112
2012-03-12,-0.9182223555221469
2012-03-13,-0.6880708303629373
2012-03-14,1.3105273076604949
2012-03-15,0.006826966125250836
2012-03-16,-0.22012876485626062
2012-03-19,-0.6348210916758449
2012-03-20,-1.9448637226671066
2012-03-21,-0.3316032746656484
2012-03-22,-0.629389808179193
2012-03-23,0.7101092798047223
2012-03-26,0.12107708523231699
2012-03-27,0.4413501679771781
2012-03-28,-0.4094873961358417
2012-03-29,-1.0693539427532173
2012-03-30,0.7128755343094176
2012-04-02,0.6209330780766402
2012-04-03,-0.24916878312809868
2012-04-04,-1.20042491342338
2012-04-05,-0.15755141496182068
2012-04-10,-1.3073396607513805
2012-04-11,1.2409159701007397
2012-04-12,0.7993069322769711
2012-04-13,-0.8158385441693202
2012-04-16,0.717594469428111
2012-04-17,0.6733118679980036
2012-04-18,-0.5265787618849852
2012-04-19,-1.5005583332643384
2012-04-20,0.49364623022232834
2012-04-23,-1.4506081096673051
2012-04-24,0.7797443296684765
2012-04-25,0.9186058586537449
2012-04-26,3.5734160416257335
2012-04-27,1.4201974341932067
2012-04-30,0.3677461403069128
2012-05-02,-0.2184232065925957
2012-05-03,0.7671816211547405
2012-05-04,-1.5275045631133466
2012-05-07,-0.22316100243082393
2012-05-08,-1.004642253137342
2012-05-09,-0.03977641547707614
2012-05-10,-0.49970002235684086
2012-05-11,0.9378487316196485
2012-05-14,-0.8111230009689894
2012-05-15,-0.3593035101747003
2012-05-16,-0.5078307552970951
2012-05-17,-0.4645378938984163
2012-05-18,-0.8687623580894179
2012-05-21,0.4075834294249635
2012-05-22,1.0382909156485538
2012-05-23,-1.4539681977224561
2012-05-24,-0.0082658059461724
2012-05-25,0.058516373204371724
2012-05-28,0.15823812678369015
2012-05-29,1.7817961213407403
2012-05-30,-1.2698237239346426
2012-05-31,-0.48693234092511917
2012-06-01,-1.8221730023044382
2012-06-04,-1.4164400412615001
2012-06-05,0.2593141195691366
2012-06-06,0.574603599743898
2012-06-07,0.46278959603031733
2012-06-08,-0.5847158574506978
2012-06-11,0.5508283135970388
2012-06-12,0.28581393158179924
2012-06-13,-0.7911527259235887
2012-06-14,-0.29011282715005826
2012-06-15,0.8317699937785273
2012-06-18,0.33694304412012976
2012-06-19,0.5892374707936081
2012-06-20,0.3966894933669164
2012-06-21,-1.3386053690236108
2012-06-22,-0.9009829221801798
2012-06-25,-0.7756680053546617
2012-06-26,-0.20680431830635207
2012-06-27,-0.06257430396688263
2012-06-28,-0.11708969603508186
2012-06-29,2.3242096213994765
2012-07-02,-0.042673214234828054
2012-07-03,1.1631942711572036
2012-07-04,0.008484558599112695
2012-07-05,2.114638786096965
2012-07-06,-1.1710245084145818
2012-07-09,-0.041007368020539836
2012-07-10,0.7548900599369655
2012-07-11,-0.23417836513004922
2012-07-12,0.39430232169007895
2012-07-13,1.0679881901555393
2012-07-16,-0.10215514765014172
2012-07-17,0.1792900418751017
2012-07-18,0.10076977035524308
2012-07-19,0.5327764632814995
2012-07-20,-0.6115738686619838
2012-07-23,-1.3212266903991667
2012-07-24,-0.46041635839888506
2012-07-25,0.524123748308081
2012-07-26,-0.040337950000011585
2012-07-27,0.1678752850357386
2012-07-30,1.095964257781894
2012-07-31,0.4255804326924242
2012-08-01,-0.25563553725061333
2012-08-02,-0.7275313181004256
2012-08-03,1.7828722694450345
2012-08-06,0.6966617056890779
2012-08-07,1.122143541878296
2012-08-08,-0.45978740385913996
2012-08-09,0.573456755689777
2012-08-10,-0.15295072145410388
2012-08-13,-0.5772864765617274
2012-08-14,0.21148613080718756
2012-08-15,-0.5079872938516645
2012-08-16,0.00651621597644441
2012-08-17,0.38890474777088857
2012-08-20,-0.12556304177901972
2012-08-21,0.3135302108693089
2012-08-22,-0.022841720555512986
2012-08-23,-0.3595459409871605
2012-08-24,-0.9593757107731842
2012-08-27,0.46992122546335496
2012-08-28,-0.052873413772481004
2012-08-29,0.2290941936733665
2012-08-30,-1.7442367133601
2012-08-31,0.39041746007488665
2012-09-03,-0.9027746661560428
2012-09-04,-1.2735130612834122
2012-09-05,0.5498753661472248
2012-09-06,1.6238613639545736
2012-09-07,0.23507450840212823
2012-09-10,0.20351507511372444
2012-09-11,0.4271533072042063
2012-09-12,0.9956706390742145
2012-09-13,-0.4482866243052421
2012-09-14,2.049742778010555
2012-09-17,-0.24779670786785468
2012-09-18,-1.0234591798166888
2012-09-19,0.6806792340072921
2012-09-20,-0.17946354894089175
2012-09-21,1.4394370757802912
2012-09-24,-0.049754273525636106
2012-09-25,-0.7478081040279734
2012-09-26,-1.6874816571751674
2012-09-27,-0.9255144670564937
2012-09-28,-0.4139298699029349
2012-10-01,0.2776052058279399
2012-10-02,0.3352475174937118
2012-10-04,0.37677471394744566
2012-10-05,0.9538867518393227
2012-10-08,-0.9704183637316718
2012-10-09,0.6355632504801729
2012-10-10,-0.5196049010223383
2012-10-11,0.9509418211608924
2012-10-12,-0.7329629276278988
2012-10-15,-0.34578033061732283
2012-10-16,0.41685575399598856
2012-10-17,0.3404110001718153
2012-10-18,0.09290139673722467
2012-10-19,0.40831428832917577
2012-10-22,-0.3527307054062109
2012-10-23,-0.6470783574737582
2012-10-24,1.2883669715266555
2012-10-25,0.7512867513402136
2012-10-26,0.18646809681597493
2012-10-29,-0.02213599376913043
2012-10-30,1.5459016389743863
2012-10-31,-0.12893537857739873
2012-11-01,1.157274309269147
2012-11-02,-0.11292015671445442
2012-11-05,-0.3237858809683096
2012-11-06,-1.8139097447058312
2012-11-07,-0.36761524107778387
2012-11-08,-0.04991335785604673
2012-11-09,0.06113605151546147
2012-11-12,0.2406707559780966
2012-11-13,-0.0082658059461724
2012-11-14,-0.25720236787044576
2012-11-15,-0.25864495225209777
2012-11-16,-0.6690370590178896
2012-11-19,1.6862566825637948
2012-11-20,0.6136646324843209
2012-11-21,0.3126688128580393
2012-11-22,0.13801972528253845
2012-11-23,0.2168481427508699
2012-11-26,0.17623948777959306
2012-11-27,0.1885343572157682
2012-11-28,-0.034448745765030486
2012-11-29,0.5642161714106362
2012-11-30,0.15941708156235576
2012-12-03,-0.07267041449078859
2012-12-04,-0.17621597112316775
2012-12-05,-0.4898929572710437
2012-12-06,0.40859537910947064
2012-12-07,0.3017278804823342
2012-12-10,0.27395433167402533
2012-12-11,0.4874980875585274
2012-12-12,0.004364678222366461
2012-12-13,0.10529823883990826
2012-12-14,0.11757241052188025
2012-12-17,0.041955585387095616
2012-12-18,0.21703142592583266
2012-12-19,-0.13328233418911548
2012-12-20,0.3781197800875307
2012-12-21,-0.43223181539118155
2012-12-27,0.3908786421382145
2012-12-28,-0.12015336690339042
2013-01-02,1.6640197405725645
2013-01-03,-0.03221351604090397
2013-01-04,-0.02024637089878773
2013-01-07,-0.7088840220014498
2013-01-08,-0.4858960111739473
2013-01-09,-0.6035142102044851
2013-01-10,0.4142285445172438
2013-01-11,0.6664606924609393
2013-01-14,-0.056977869296332966
2013-01-15,-0.09364364734806431
2013-01-16,0.34436972464473375
2013-01-17,0.341498649420008
2013-01-18,-0.12855910014212296
2013-01-21,0.3396384784517478
2013-01-22,0.37237795862119366
2013-01-23,0.39249929785253457
2013-01-24,0.050352219457289835
2013-01-25,0.39985037007535446
2013-01-28,0.2001160155953997
2013-01-29,-0.3095887208698303
2013-01-30,-0.15972710479976668
2013-01-31,-0.34808137609783046
2013-02-01,1.037658162429184
2013-02-04,-1.586888908627248
2013-02-05,-0.4151761851911433
2013-02-06,-0.4555208912217132
2013-02-07,0.02817500706180841
2013-02-08,0.9640263103225659
2013-02-11,-0.40172377358393974
2013-02-12,0.051573336320761574
2013-02-13,0.36094649628222797
2013-02-14,-0.7981718528255295
2013-02-15,-0.10501293108888979
2013-02-18,-0.08095862493757394
2013-02-19,1.0221785794773455
2013-02-20,-0.07936420035620997
2013-02-21,-1.125573792064968
2013-02-22,-3.099226663205502
2013-02-25,0.6151408663045804
2013-02-26,-0.7102324025369234
2013-02-27,0.8866539551557079
2013-02-28,0.06868299587931528
2013-03-01,-0.8231508931490379
2013-03-04,-0.4149934161891114
2013-03-05,1.0078495337076487
2013-03-06,0.5036310425132542
2013-03-07,0.3716803667258341
2013-03-08,-0.046108137396598775
2013-03-11,-0.24871776157630573
2013-03-12,-0.7507461869364276
2013-03-13,0.13353878743086772
2013-03-14,-0.4871259101006733
2013-03-15,-1.155770923870755
2013-03-18,-0.28991583907786816
2013-03-19,-0.19706735026432573
2013-03-20,-0.22505253361722094
2013-03-21,-0.6929137624940614
2013-03-22,0.3491127035052921
2013-03-25,-0.37945023379530446
2013-03-26,0.3766055040807978
2013-03-27,-0.28281798005965125
2013-03-28,-0.17384143179820422
2013-04-02,0.7046742048082708
2013-04-03,-0.4044059838279601
2013-04-04,-0.02198439159912411
2013-04-05,-0.46369523678564634
2013-04-08,0.4471636248933016
2013-04-09,-1.1489864056947898
2013-04-10,0.18865292716214876
2013-04-11,0.03381615019155381
2013-04-12,-1.4481582351672504
2013-04-15,-0.8723259935056166
2013-04-16,0.24248953943201756
2013-04-17,-1.2769895046609283
2013-04-18,-0.9115313882017121
2013-04-19,0.758433136875661
2013-04-22,0.32478777593954516
2013-04-23,1.4155036272589894
2013-04-24,1.0862716586516894
2013-04-25,0.5287057184938228
2013-04-26,-0.27942464839461784
2013-04-29,1.105716053567938
2013-04-30,0.5241356325310306
2013-05-02,-0.3999286960779662
2013-05-03,1.5101992173979581
2013-05-06,-0.2803684741817318
2013-05-07,0.2638368622893827
2013-05-08,0.08657426296495922
2013-05-09,0.18077588926082958
2013-05-10,-0.38718674213215454
2013-05-13,-0.19897876174673784
2013-05-14,0.8835047588253898
2013-05-15,0.6420008822632605
2013-05-16,-0.10055656740109577
2013-05-17,1.5597894673671255
2013-05-20,1.3567837086076462
2013-05-21,-0.5665558851513544
2013-05-22,0.21591479693010665
2013-05-23,-1.1411213050840756
2013-05-24,-0.36691192163058434
2013-05-27,0.2354288105498836
2013-05-28,-0.0338564260331553
2013-05-29,-0.17494648002940372
2013-05-30,0.337197547220887
2013-05-31,0.19515267354722385
2013-06-03,-0.4929613167721481
2013-06-04,-0.47257311732551294
2013-06-05,-0.20322288014413814
2013-06-06,-0.5721047612450859
2013-06-07,1.0090998826343804
2013-06-10,0.4405083178735848
2013-06-11,-0.7415564954408116
2013-06-12,-1.4464378707295922
2013-06-13,-0.4669372277260808
2013-06-14,0.3025539736984576
2013-06-17,0.8317055463291241
2013-06-18,-0.1405004280270814
2013-06-19,-0.5681508940052772
2013-06-20,-1.8171021962200997
2013-06-21,-0.8992522157889123
2013-06-24,-0.8743930377429799
2013-06-25,1.2985991997986321
2013-06-26,0.6931848246900716
2013-06-27,0.5447418520031503
2013-06-28,-0.1320687280521204
2013-07-01,0.4166756484902135
2013-07-02,-0.19965169528099908
2013-07-03,-0.6571113892606668
2013-07-04,1.6426632047308072
2013-07-05,-0.7780595523499191
2013-07-08,0.6140463274192702
2013-07-09,0.5786507425482298
2013-07-10,0.3610770671885562
2013-07-11,0.5528300171307343
2013-07-12,0.5199694830477106
2013-07-15,0.1323531253389788
2013-07-16,-0.16168990116688967
2013-07-17,0.589545048500411
2013-07-18,0.5937864991358276
2013-07-19,-0.020724544118314585
2013-07-22,-0.6863653764635513
2013-07-23,0.38232352704725237
2013-07-24,0.6760739275528665
2013-07-25,-0.05767369831687715
2013-07-26,-0.2809961025919377
2013-07-29,0.42482638582741356
2013-07-30,0.5057371259357901
2013-07-31,0.5957037550264617
2013-08-01,1.2213881979672334
2013-08-02,-0.26545077433839087
2013-08-05,0.2838739207356883
2013-08-06,-0.3355994732170686
2013-08-07,-0.33811880867263
2013-08-08,0.12163093689268478
2013-08-09,0.34398064767586695
2013-08-12,0.3874865004573591
2013-08-13,0.1882483191328402
2013-08-14,0.16438646797774575
2013-08-15,-0.3542655098491278
2013-08-16,-0.4037935953366658
2013-08-19,0.14338645547727155
2013-08-20,-0.7838818550944431
2013-08-21,0.12198331978991434
2013-08-22,0.4854488560425633
2013-08-23,-0.41929112461598117
2013-08-26,0.10956120893298678
2013-08-27,-1.3833599323055634
2013-08-28,-1.0039945612039227
2013-08-29,0.4617450524177508
2013-08-30,-0.5280575463053665
2013-09-02,0.9764381346464528
2013-09-03,-1.2051661372166138
2013-09-04,-0.32224632947875026
2013-09-05,0.493000683300878
2013-09-06,-0.05813013464226903
2013-09-09,-0.2083018675829196
2013-09-10,1.7232140839886432
2013-09-11,0.14791564346007807
2013-09-12,0.15928361883089498
2013-09-13,0.5730633703353961
2013-09-16,0.2736209686203109
2013-09-17,-0.6689058115527886
2013-09-18,0.1815243202476671
2013-09-19,-0.9173578901475966
2013-09-20,-0.9741419615708419
2013-09-23,0.05351480396064908
2013-09-24,0.42172601245204944
2013-09-25,0.13817191845291457
2013-09-26,-0.33845628233797526
2013-09-27,-0.0082658059461724
2013-09-30,-0.0819934934770125
2013-10-01,0.1635573330263537
2013-10-02,-0.9869895294275008
2013-10-04,-0.741316820983099
2013-10-07,0.5489849024767015
2013-10-08,-0.311324715207915
2013-10-09,0.14352804683941714
2013-10-10,1.076483446209078
2013-10-11,0.2739757603094998
2013-10-14,0.05283855729389101
2013-10-15,0.1258780438835888
2013-10-16,0.21033125480827375
2013-10-17,0.04016842390480017
2013-10-18,-0.15370959915724206
2013-10-21,0.08874375741392039
2013-10-22,0.052258435011509154
2013-10-23,-0.26304602016003714
2013-10-24,0.34318174531087114
2013-10-25,-0.2624669473071341
2013-10-28,-0.558126387222269
2013-10-29,0.13905282328064608
2013-10-30,2.0611618032712125
2013-10-31,0.8472989560438536
2013-11-01,0.27695241953874655
2013-11-04,0.7915683327955336
2013-11-05,-0.2545085668387929
2013-11-06,0.03662135979180253
2013-11-07,0.43793498639608314
2013-11-08,-0.17504718164932295
2013-11-11,-0.29890801549476687
2013-11-12,-0.06438676215773732
2013-11-13,-0.019493868885862638
2013-11-14,0.560864493386837
2013-11-15,0.2569812598234081
2013-11-18,0.13471936973969076
2013-11-19,-0.019246581277808233
2013-11-20,0.02466808330975116
2013-11-21,0.06848165805956274
2013-11-22,-0.2059099554788598
2013-11-25,0.14553041546342613
2013-11-26,-0.11806563519610366
2013-11-27,0.22200729048107548
2013-11-28,-0.2165515762135757
2013-11-29,0.05761043334447756
2013-12-02,0.29786685449601186
2013-12-03,-0.9778329460857612
2013-12-04,-0.01941548745874669
2013-12-05,-0.2653887594713993
2013-12-06,0.5155392429247654
2013-12-09,0.04708991318479989
2013-12-10,-0.6997126258812886
2013-12-11,-0.05326769043412986
2013-12-12,-0.16611133224843158
2013-12-13,0.025602100728895336
2013-12-16,0.6080820392409418
2013-12-17,0.16937661438326382
2013-12-18,0.49841548619687537
2013-12-19,0.4924802847710951
2013-12-20,0.2614617366037681
2013-12-23,0.4623339999244577
2013-12-27,0.5308274838181453
2013-12-30,0.023246261309639405
2014-01-02,-0.7814392020883212
2014-01-03,-0.0082658059461724
2014-01-06,-0.3839849691189164
2014-01-07,0.26043522479380493
2014-01-08,0.023864457558406868
2014-01-09,-0.15842045950708203
2014-01-10,0.5468105924585546
2014-01-13,0.10823606256767629
2014-01-14,-1.0358621030906838
2014-01-15,1.0404765478566238
2014-01-16,-0.08232561386765412
2014-01-17,0.20301286450210154
2014-01-20,-0.018800827938379137
2014-01-21,-0.15609570313903395
2014-01-22,-0.28414756185061957
2014-01-23,-0.6625946419175499
2014-01-24,-1.0919438728546447
2014-01-27,-0.16374200407966938
2014-01-28,0.6431967568056265
2014-01-29,-0.8604613496049032
2014-01-30,-0.35620951795047423
2014-01-31,-0.4842075232870854
2014-02-03,-0.5934067038669641
2014-02-04,-0.49621597294244313
2014-02-05,0.2712496084349559
2014-02-06,0.4535588061739882
2014-02-07,0.3006787967878767
2014-02-10,0.3889432881255085
2014-02-11,1.1067148139022986
2014-02-12,0.787739470301293
2014-02-13,0.3253434331993464
2014-02-14,0.4608238333098099
2014-02-17,0.10820144737492685
2014-02-18,-0.12473305926727592
2014-02-19,-0.2208486255517821
2014-02-20,-0.6740822057860453
2014-02-21,0.636227445488484
2014-02-24,-2.896652050519884
2014-02-25,0.49061734790034434
2014-02-26,-0.2569830428207036
2014-02-27,-0.1559085760179904
2014-02-28,0.1393769641256499
2014-03-03,-1.3440746780416717
2014-03-04,0.9059741116190456
2014-03-05,-0.3647008600959711
2014-03-06,0.14157027642198597
2014-03-07,-0.634103158033686
2014-03-10,-1.1079958318460075
2014-03-11,0.551034348887112
2014-03-12,-0.197846026078916
2014-03-13,-0.3779857406467089
2014-03-14,-0.2846578417006945
2014-03-17,0.6022100069493025
2014-03-18,0.015494924518026386
2014-03-19,0.3230508188522321
2014-03-20,-0.23281533239606914
2014-03-21,-0.22207977024748404
2014-03-24,-0.48725937037382555
2014-03-25,0.7082367428693613
2014-03-26,0.6031575939134345
2014-03-27,0.15487123832120736
2014-03-28,1.0031599045602415
2014-03-31,-0.13338889011336713
2014-04-01,0.7930364315851274
2014-04-02,-0.15386670369652192
2014-04-03,-0.07563246751121006
2014-04-04,0.21588941570112416
2014-04-07,-0.4577485769014395
2014-04-08,0.03689271258582677
2014-04-09,1.4995489134226456
2014-04-10,-0.10642581390926571
2014-04-11,-0.4031666054297635
2014-04-14,-0.462490679928085
2014-04-15,-0.7157460405360967
2014-04-16,0.9767581165943005
2014-04-17,0.45399857687151046
2014-04-22,0.600411647249635
2014-04-23,-0.5731887779470406
2014-04-24,0.057297315556165254
2014-04-25,-0.6795647785433803
2014-04-28,0.2901766319826406
2014-04-29,-0.5068164034542687
2014-04-30,0.3910326866676204
2014-05-02,-0.7431806827188208
2014-05-05,-0.0082658059461724
2014-05-06,-0.4258320505090172
2014-05-07,-0.2470967130728004
2014-05-08,0.7938846192592126
2014-05-09,-0.15401907946208043
2014-05-12,0.21577227042925765
2014-05-13,-0.04179848730062178
2014-05-14,0.2559358609508669
2014-05-15,-0.2473393639240606
2014-05-16,0.08296949907916787
2014-05-19,0.3886237487160038
2014-05-20,0.05939828143290902
2014-05-21,0.14920487201701826
2014-05-22,-0.0082658059461724
2014-05-23,0.4385284790294721
2014-05-26,0.48886263592957613
2014-05-27,-0.0302385169421429
2014-05-28,-0.07425457948236211
2014-05-29,0.12361029282644549
2014-05-30,-0.07415313118259628
2014-06-02,0.13435290776578707
2014-06-03,-0.0082658059461724
2014-06-04,-0.6371593718005357
2014-06-05,0.6315790245836388
2014-06-06,0.2646073458840978
2014-06-09,0.0026161162325299796
2014-06-10,-0.33584273874616566
2014-06-11,0.17767431484531476
2014-06-12,0.2094525531018121
2014-06-13,-0.2259841649941612
2014-06-16,-0.27099920285771845
2014-06-17,0.16706076717847285
2014-06-18,-0.08488257257117222
2014-06-19,0.41688448152591295
2014-06-20,-0.16040387852892948
2014-06-23,-0.39096995981549043
2014-06-24,-0.1733244929260457
2014-06-25,-0.3625646959661361
2014-06-26,-0.48899629024364166
2014-06-27,0.08157977132022201
2014-06-30,0.17087431686656088
2014-07-01,0.09215702155638628
2014-07-02,0.1141661646310688
2014-07-03,-0.07500215455578461
2014-07-04,-0.13088282381212615
2014-07-07,-0.7174159992015471
2014-07-08,-0.87966522354858
2014-07-09,-0.12426069101407343
2014-07-10,-0.03149811612650006
2014-07-11,0.21197016927851275
2014-07-14,0.2683050131516938
2014-07-15,-0.019754284778719565
2014-07-16,0.5850856529682903
2014-07-17,-0.9477083851024192
2014-07-18,-0.3571776629638809
2014-07-21,-0.5133726376604312
2014-07-22,0.2156549657723528
2014-07-23,0.33126984849755897
2014-07-24,-0.10165387134162446
2014-07-25,-0.7985712547099434
2014-07-28,-0.9470583007777771
2014-07-29,0.2465190426337386
2014-07-30,-0.3605068213404894
2014-07-31,-0.2896926666765208
2014-08-01,-0.3781567688352056
2014-08-04,-0.07023255756321582
2014-08-05,-0.7084084185979945
2014-08-06,-0.4135364763627079
2014-08-07,-0.4431141679961887
2014-08-08,-0.3178854115957367
2014-08-11,0.7616480226525004
2014-08-12,-0.2122294084866613
2014-08-13,0.04281272653510227
2014-08-14,-0.0082658059461724
2014-08-15,-0.625294564485631
2014-08-18,0.4040756279013483
2014-08-19,0.7669372046917053
2014-08-20,0.3554160695500365
2014-08-21,0.27798969919113314
2014-08-22,-0.1698259381899108
2014-08-25,0.5484167336172316
2014-08-26,0.20015898618026357
2014-08-27,-0.2535786504841452
2014-08-28,-0.5405135168179745
2014-08-29,-0.3082305418520615
2014-09-01,-0.22203090107941958
2014-09-02,0.3807289923481132
2014-09-03,0.6240972937701695
2014-09-04,0.7844030627010572
2014-09-05,0.4842854067456306
2014-09-08,0.02755347954409427
2014-09-09,-0.524555184363669
2014-09-10,-0.3600018132637471
2014-09-11,0.07689896967743963
2014-09-12,-0.20319152591493547
2014-09-15,-0.04490875265801916
2014-09-16,-0.22880041734199852
2014-09-17,-0.0451393407130319
2014-09-18,0.35898718749713004
2014-09-19,0.11345801345381634
2014-09-22,-0.5587480689280433
2014-09-23,-0.8160994513739999
2014-09-24,-0.17168074589566318
2014-09-25,-0.9247688218526028
2014-09-26,-0.07263887898106293
2014-09-29,-0.370592086136213
2014-09-30,-0.13842103518704418
2014-10-01,-0.9838392313542809
2014-10-02,-0.829494339155149
2014-10-06,-0.1853398288128893
2014-10-07,0.0053846742358443465
2014-10-08,-0.4885009699972301
2014-10-09,0.07444461058620779
2014-10-10,-1.3085610113327422
2014-10-13,0.6258330464057343
2014-10-14,0.5752201305561061
2014-10-15,-1.4250608888281129
2014-10-16,0.7970553851983027
2014-10-17,1.8810015299355827
2014-10-20,-0.8331257134535149
2014-10-21,0.6286872244189718
2014-10-22,0.1528429731011282
2014-10-23,0.36534468549383814
2014-10-24,-0.2347062934292384
2014-10-27,-0.5728995867454043
2014-10-28,0.6763955611685256
2014-10-29,0.31019064100347693
2014-10-30,0.7906198945909072
2014-10-31,1.2448149432784892
2014-11-03,-0.08393831081672351
2014-11-04,-0.2995975798013912
2014-11-05,0.5724408704090111
2014-11-06,0.6264846098634705
2014-11-07,-0.5803745686559941
2014-11-10,0.2165165986863347
2014-11-11,-0.12050795511981312
2014-11-12,-0.6499142804128824
2014-11-13,-0.14792982286240122
2014-11-14,0.35895532092130644
2014-11-17,0.20555862302257366
2014-11-18,0.873379042057517
2014-11-19,-0.09439733315674427
2014-11-20,0.09014805914114647
2014-11-21,0.8553589364368227
2014-11-24,0.47073077858334283
2014-11-25,0.7822477630414001
2014-11-26,-0.1605138215377146
2014-11-27,0.41202937475402307
2014-11-28,0.16563728239356068
2014-12-01,-0.12412588657444744
2014-12-02,-0.21761219546157848
2014-12-03,0.15464432384513366
2014-12-04,-0.4636385850514114
2014-12-05,1.2639146277527433
2014-12-08,-0.4204729863495455
2014-12-09,-0.7393050012737031
2014-12-10,-0.06682583879937842
2014-12-11,0.8273304936122515
2014-12-12,-1.1260478550440576
2014-12-15,-1.5821902404870143
2014-12-16,0.8279442309034427
2014-12-17,-0.15253097133814628
2014-12-18,1.552511260506331
2014-12-19,0.15399288570181813
2014-12-22,0.15337156679458075
2014-12-23,0.2559669538703449
2014-12-29,-0.12295084286564721
2014-12-30,-0.45848364025849664
2015-01-02,-0.5102146183685033
2015-01-05,-1.4895560328035438
2015-01-06,0.2583054257477946
2015-01-07,0.2566640884928148
2015-01-08,1.2573896758992649
2015-01-09,-0.7015283054768172
2015-01-12,0.19264595206598292
2015-01-13,0.9362484043617645
2015-01-14,-0.53042334372946
2015-01-15,0.6750577468458064
2015-01-16,1.1926912530656049
2015-01-19,0.18122930809685653
2015-01-20,0.08064269753170766
2015-01-21,0.3234463518523193
2015-01-22,0.7667206711606716
2015-01-23,1.207476153328709
2015-01-26,0.295577002465382
2015-01-27,-0.7029305847826496
2015-01-28,0.46659386508349654
2015-01-29,-0.018772480571307044
2015-01-30,-1.2542888850484966
2015-02-02,0.8370229552845057
2015-02-03,1.0073411396125356
2015-02-04,0.546873304704405
2015-02-05,0.5800730952721346
2015-02-06,0.3029201254293581
2015-02-09,-1.3802326234041777
2015-02-10,0.32093340246345453
2015-02-11,0.22679314405927048
2015-02-12,0.8394314446828005
2015-02-13,-0.3695162133893897
2015-02-16,0.23290131247281187
2015-02-17,-0.30993802802075837
2015-02-18,0.9497126425107936
2015-02-19,1.1598556929877273
2015-02-20,0.3455692460934512
2015-02-23,0.6814034828618799
2015-02-24,-0.48892128216642583
2015-02-25,-0.5999434392791163
2015-02-26,0.355340742766709
2015-02-27,0.10592529352136329
2015-03-02,0.2758751506974573
2015-03-03,-1.0401070080166064
2015-03-04,0.4916432965769993
2015-03-05,0.26802179365144546
2015-03-06,0.7821160183229597
2015-03-09,0.42767968304171783
2015-03-10,-0.17470895460118174
2015-03-11,1.9741019378071685
2015-03-12,-0.1589131749452472
2015-03-13,1.1045257825221244
2015-03-16,1.261493045830068
2015-03-17,-0.472597004602361
2015-03-18,-1.3796151148344378
2015-03-19,0.6008857020448757
2015-03-20,0.3445458432680795
2015-03-23,-1.6237497519553865
2015-03-24,0.7852559805039379
2015-03-25,-0.2360002383159173
2015-03-26,-0.13139512486308913
2015-03-27,0.2201173780302714
2015-03-30,0.9104550629115783
2015-03-31,-0.36128547745433387
2015-04-01,-0.565207111129849
2015-04-02,-0.15742328651995727
2015-04-07,0.14965450008859968
2015-04-08,-0.06961013161894482
2015-04-09,0.9027958573804871
2015-04-10,0.6054597742655556
2015-04-13,-0.7854231309949807
2015-04-14,-0.38914936012486007
2015-04-15,-0.6654002142982882
2015-04-16,-0.9094361108691131
2015-04-17,-0.4888411599153935
2015-04-20,-0.7811619348855338
2015-04-21,-0.5313837350627901
2015-04-22,-0.26278319649332743
2015-04-23,0.34951712549343633
2015-04-24,0.8273657720569916
2015-04-27,2.2134816513916737
2015-04-28,-0.9170699497306312
2015-04-29,-1.7462789365555045
2015-04-30,0.12155014390698375
2015-05-04,-0.11950752162116003
2015-05-05,-0.4467839009367417
2015-05-06,-0.5560002411893039
2015-05-07,0.7993026862477302
2015-05-08,1.3047635655654726
2015-05-11,-0.8854192037112377
2015-05-12,-1.3002635835880945
2015-05-13,-0.4870106145942433
2015-05-14,0.5287425261343344
2015-05-15,-1.0195009478851975
2015-05-18,1.2930640292435764
2015-05-19,2.033634142931575
2015-05-20,-0.11867427990778148
2015-05-21,-0.3969631385255552
2015-05-22,-0.11064582677025295
2015-05-26,-0.684532202829395
2015-05-27,0.5653655517981006
2015-05-28,-0.4873296152918407
2015-05-29,-1.1279864832072328
2015-06-01,-0.13449731737088386
2015-06-02,-0.6747098255602682
2015-06-03,0.15932122611995927
2015-06-04,-0.03779562002480924
2015-06-05,-0.7531124237638265
2015-06-08,-0.6441031024756357
2015-06-09,0.37637833888682065
2015-06-10,1.0468080686798393
2015-06-11,-0.24488387060613553
2015-06-12,-0.6758307116951955
2015-06-15,-0.9524564762604952
2015-06-16,0.20676808477576727
2015-06-17,-0.5116965853400862
2015-06-18,0.5869888707241232
2015-06-19,-0.059251499917113225
2015-06-22,1.5744015032263765
2015-06-23,0.44173829874187154
2015-06-24,-0.360047063740405
2015-06-25,0.04077814406413122
2015-06-26,0.128724874065982
2015-06-29,-1.4891816131267934
2015-06-30,-0.8044022726820169
2015-07-01,1.6587685254480884
2015-07-02,-0.5668124834477867
2015-07-03,-0.15911863881034669
2015-07-06,-0.6170544865874898
2015-07-07,-1.04251784073634
2015-07-08,-1.1432719190134768
2015-07-09,0.9168574113145456
2015-07-10,0.4313067330462018
2015-07-13,-0.0082658059461724
2015-07-14,-1.062365822922446
2015-07-15,-0.6317389561584501
2015-07-16,0.6365394622862631
2015-07-17,-0.20068344533573504
2015-07-20,-0.3633085909093602
2015-07-21,-0.19232731951629675
2015-07-22,-0.4444747046603963
2015-07-23,-0.0960452208424594
2015-07-24,-1.1886170265387819
2015-07-27,-0.8289724016202792
2015-07-28,1.03765115115493
2015-07-29,-1.0196642032149623
2015-07-30,-0.331463196835619
2015-07-31,-0.6032804986357632
2015-08-03,0.4823395420305813
2015-08-04,-0.18282810395397756
2015-08-05,1.1196237510723226
2015-08-06,-0.2588944990929873
2015-08-07,0.35580991149215657
2015-08-10,0.37519292590186304
2015-08-11,-1.6214055894569068
2015-08-12,-1.4306531435622467
2015-08-13,0.14811957446640195
2015-08-14,0.08769456684576354
2015-08-17,-0.22448196775676263
2015-08-18,-0.34676716093664295
2015-08-19,-0.8169261193250366
2015-08-20,-0.946098494529246
2015-08-21,-0.657929326420108
2015-08-24,-1.9110284951438437
2015-08-25,2.4429003961643776
2015-08-26,-0.21149968288490226
2015-08-27,0.9735269660762461
2015-08-28,-0.22033467214952412
2015-08-31,-0.4734958272654478
2015-09-01,-1.3306203707618682
2015-09-02,-0.36176213215522246
2015-09-03,0.9536887814731384
2015-09-04,-1.1810856818819728
2015-09-07,0.1368124192146972
2015-09-08,1.0837086279602495
2015-09-09,0.7045568602849172
2015-09-10,-0.4651494000845149
2015-09-11,-0.0082658059461724
2015-09-14,-0.2257147514329483
2015-09-15,0.5269808419810079
2015-09-16,0.10556892927577018
2015-09-17,-0.47818674644951326
2015-09-18,-1.4101571093674512
2015-09-21,-8.826051814120433
2015-09-22,-9.474497741484024
2015-09-23,2.1596961203801257
2015-09-24,0.24085462247442505
2015-09-25,-1.9029393627422009
2015-09-28,-3.329002817715895
2015-09-29,-1.815378891969382
2015-09-30,1.1245984311295985
2015-10-01,-0.5598535487976616
2015-10-02,-1.887519840617721
2015-10-05,0.5266498778877459
2015-10-06,1.5973082593184411
2015-10-07,2.9383012092887903
2015-10-08,-0.2148107777633259
2015-10-09,1.2565459386869342
2015-10-12,0.7686301917383511
2015-10-13,-0.9059474674337422
2015-10-14,0.1125198578568697
2015-10-15,-1.563918125505325
2015-10-16,-0.9354035768985492
2015-10-19,-0.613208682710868
2015-10-20,-0.2205080123718133
2015-10-21,0.7236263267462419
2015-10-22,1.419048614775499
2015-10-23,1.5724718964239173
2015-10-26,-0.28771945242861496
2015-10-27,-0.7557481958692467
2015-10-28,1.6702913039506928
2015-10-29,-0.38222535644946054
2015-10-30,0.3460956613841962
2015-11-02,1.3045849530994336
2015-11-03,-0.6596668765896473
2015-11-04,-4.2884584897383355
2015-11-05,-1.2857425053476033
2015-11-06,-0.14915905329617365
2015-11-09,-0.5318539263965288
2015-11-10,-0.19617065548989748
2015-11-11,0.2554737205517673
2015-11-12,-0.35729083963549224
2015-11-13,0.42090118089598083
2015-11-16,0.4826489581237021
2015-11-17,0.5075227668169052
2015-11-18,1.174438014800765
2015-11-19,1.8324572298630937
2015-11-20,1.031717296267077
2015-11-23,0.5609612159674541
2015-11-24,2.2698997993081034
2015-11-25,1.606468044607848
2015-11-26,1.4790739607756336
2015-11-27,-0.26701429828781204
2015-11-30,2.5767182278686085
2015-12-01,-0.4668119048158202
2015-12-02,-1.07517617780105
2015-12-03,-0.44939342798946674
2015-12-04,0.4159812908500913
2015-12-07,0.05922533910079962
2015-12-08,-1.0492521099023229
2015-12-09,2.5726779430904654
2015-12-10,0.47691576399909
2015-12-11,-1.547235936330728
2015-12-14,-1.8127096911221463
2015-12-15,0.7329134360595713
2015-12-16,0.025892195481877604
2015-12-17,1.7808601768781462
2015-12-18,-0.28757383048365015
2015-12-21,0.13982655156479404
2015-12-22,0.530421529955856
2015-12-23,0.938280187038116
2015-12-25,-0.0082658059461724
2015-12-28,-0.6155032608301687
2015-12-29,0.694072470342349
2015-12-30,-0.5179079908729983
2016-01-04,-2.430615798193362
2016-01-05,-1.7380267820821294
2016-01-06,-0.9000488897982853
2016-01-07,-1.437595578158534
2016-01-08,0.028984845803832378
2016-01-11,0.7117511026168157
2016-01-12,1.3964221028359318
2016-01-13,-0.16801644964234824
2016-01-14,-1.6394033688650747
2016-01-15,-1.5504717934171248
2016-01-18,-0.6060693312306991
2016-01-19,-0.1054689969222805
2016-01-20,-2.2045240375195547
2016-01-21,2.304607265653258
2016-01-22,0.9704007556207616
2016-01-25,-0.8512734674658099
2016-01-26,0.5873910243274615
2016-01-27,-0.18035115112495562
2016-01-28,-1.2522841174516322
2016-01-29,-0.7041865758149723
2016-02-01,-0.4110615318351486
2016-02-02,-0.8666769730112035
2016-02-03,-1.0108223881625287
2016-02-04,-0.17766634788530708
2016-02-05,0.8944705067492228
2016-02-08,-2.2207841344268133
2016-02-09,-1.0892883136223956
2016-02-10,0.8138539011495456
2016-02-11,-1.517853429733695
2016-02-12,0.535386381948209
2016-02-15,2.8434227572376765
2016-02-16,-0.6875426264531693
2016-02-17,1.7318492901445126
2016-02-18,0.4616858306889941
2016-02-19,-1.4128712111986692
2016-02-22,1.7605751688183287
2016-02-23,-1.2553381826762988
2016-02-24,-2.0474703220414177
2016-02-25,0.20873719863562729
2016-02-26,1.9382159014516935
2016-02-29,1.6551274087693113
2016-03-01,1.89856367288799
2016-03-02,1.1556903925013955
2016-03-03,0.15810439663304232
2016-03-04,1.7449530443901922
2016-03-07,-1.3940708019477572
2016-03-08,-1.8203419230049276
2016-03-09,0.3527587795295043
2016-03-10,-1.7065845980734935
2016-03-11,1.8600152128648433
2016-03-14,0.7019918319849409
2016-03-15,-0.9831895119826713
2016-03-16,0.6129930093907775
2016-03-17,0.04778078323106406
2016-03-18,0.6217210837199788
2016-03-21,-0.19259671079586993
2016-03-22,0.5423750213658213
2016-03-23,-0.1178323430862617
2016-03-24,-0.8763416516666505
2016-03-29,-0.6852741263120213
2016-03-30,0.18086455086337858
2016-03-31,-0.654753765404714
2016-04-01,-1.6286740779043583
2016-04-04,-0.2276818083334826
2016-04-05,-1.7636314931881516
2016-04-06,0.26173505696770966
2016-04-07,-0.4871267285320318
2016-04-08,0.6565254300744195
2016-04-11,0.990133228630868
2016-04-12,0.41259060016224003
2016-04-13,1.6925775950208264
2016-04-14,0.18297948281902018
2016-04-15,-1.0317196239064563
2016-04-18,0.4582106694434786
2016-04-19,0.9664651225667209
2016-04-20,2.73642817469677
2016-04-21,2.1182001999380495
2016-04-22,-0.5514185618944957
2016-04-25,-0.8187199799733624
2016-04-26,0.665315495087388
2016-04-27,1.4737919219010744
2016-04-28,0.9088655162860635
2016-04-29,-1.9303112842805563
2016-05-02,0.05946980422758675
2016-05-03,-1.3662071510864648
2016-05-04,-0.9976048444687713
2016-05-05,-0.5116288293965592
2016-05-06,1.1689195227893032
2016-05-09,0.8969677847938233
2016-05-10,1.7632999124240283
2016-05-11,0.22251554638722112
2016-05-12,-0.9557170695034439
2016-05-13,0.5593963587693118
2016-05-17,-1.168240421034467
2016-05-18,0.8354095281617944
2016-05-19,-0.041695505251783484
2016-05-20,0.49047092084815197
2016-05-23,-0.45686555284725267
2016-05-24,1.6623621314113435
2016-05-25,0.27990249656160354
2016-05-26,0.30967752280798744
2016-05-27,0.10244881703171681
2016-05-30,0.7123103790494466
2016-05-31,-1.1415409487751853
2016-06-01,-0.8295302144254859
2016-06-02,0.7491480212826904
2016-06-03,-1.289150408578036
2016-06-06,0.2379124123854818
2016-06-07,0.8503689195462485
2016-06-08,-0.801503779444003
2016-06-09,-0.9665681067416864
2016-06-10,-0.9543063181150767
2016-06-13,-1.273717575398751
2016-06-14,-0.9689970899464111
2016-06-15,0.367907403167005
2016-06-16,-0.9458583260069966
2016-06-17,0.4270219352012248
2016-06-20,2.1042415939385353
2016-06-21,-0.4051827507830625
2016-06-22,-0.18199581176810029
2016-06-23,1.3708119566141292
2016-06-24,-4.5256207135903015
2016-06-27,-3.1800270991419577
2016-06-28,0.6928497142437469
2016-06-29,0.3084747055418582
2016-06-30,-0.14654742996277065
2016-07-01,2.0582485682098373
2016-07-04,-0.8652500107065053
2016-07-05,-1.2573919467729269
2016-07-06,-0.8280511612811798
2016-07-07,-0.06887094971241457
2016-07-08,1.618170559214732
2016-07-11,1.2196125739667898
2016-07-12,1.29563308357986
2016-07-13,-0.7298353344034079
2016-07-14,0.8780996593626322
2016-07-15,-0.4122408432839884
2016-07-18,0.39570923139164366
2016-07-19,-0.3016823631416134
2016-07-20,2.493501137819593
2016-07-21,-0.9205383575410909
2016-07-22,-0.09701154192212233
2016-07-25,0.3808704886086172
2016-07-26,1.0525767962518717
2016-07-27,0.9934012831682729
2016-07-28,-1.3721853682258291
2016-07-29,0.7132028550908845
2016-08-01,-0.23028914180540347
2016-08-02,-2.2218903542286284
2016-08-03,-0.38857662153946126
2016-08-04,0.659570488221747
2016-08-05,1.539480814190792
2016-08-08,-0.32033491486602333
2016-08-09,1.1589260386397748
2016-08-10,-0.05908437087825265
2016-08-11,0.22841364121313554
2016-08-12,-0.8424646999997804
2016-08-15,0.5722873084834658
2016-08-16,-0.7610625802778606
2016-08-17,-0.8448846927249272
2016-08-18,-0.0082658059461724
2016-08-19,-0.6644944196873268
2016-08-22,0.04532484404008942
2016-08-23,1.0147184216840999
2016-08-24,-0.11296304222082981
2016-08-25,-0.8017882636958392
2016-08-26,1.3234706918594499
2016-08-29,-0.6339264215726084
2016-08-30,0.8239394767207133
2016-08-31,-0.11140917686012498
2016-09-01,-0.23260898098865523
2016-09-02,0.43924327772508986
2016-09-05,-0.11112038154712266
2016-09-06,0.060337353267513584
2016-09-07,0.5704382086919495
2016-09-08,-0.29664328613559043
2016-09-09,-0.36719549960856657
2016-09-12,-0.6306498598257323
2016-09-13,-0.34043250721153806
2016-09-14,0.1493946053320939
2016-09-15,-0.06074870686026245
2016-09-16,-1.5954375428469176
2016-09-19,0.5512600427373189
2016-09-20,-0.42269801736968254
2016-09-21,0.26247614698876515
2016-09-22,0.6700417852273238
2016-09-23,-0.6685887095144729
2016-09-26,-1.082724041864971
2016-09-27,-1.1292822579114172
2016-09-28,0.4998279687429151
2016-09-29,0.3642441187838916
2016-09-30,0.507882264859373
2016-10-04,0.5921616103463484
2016-10-05,0.5838798971986265
2016-10-06,-0.09745950070051852
2016-10-07,-0.5292811602730032
2016-10-10,0.9922023379407853
2016-10-11,-0.3807074763754368
2016-10-12,-0.07957999068498221
2016-10-13,-0.8733743271424703
2016-10-14,1.0348968045513498
2016-10-17,-0.3471931268885581
2016-10-18,0.5786953983165648
2016-10-19,0.009402076600334713
2016-10-20,0.709692594898544
2016-10-21,-0.060391556356218144
2016-10-24,0.8864218913038808
2016-10-25,0.3478236584707787
2016-10-26,-0.31330128588184825
2016-10-27,-0.12748201813718124
2016-10-28,0.09393916807708047
2016-10-31,-0.2642344454839418
2016-11-01,-0.542163201536398
2016-11-02,-1.2032219596222011
2016-11-03,-0.38413886402633035
2016-11-04,-0.18841079018118417
2016-11-07,0.22577960698693286
2016-11-08,-0.1881886471422065
2016-11-09,-0.9009682814423926
2016-11-10,-0.6201325941697058
2016-11-11,1.006707590438766
2016-11-14,-0.19102268469472916
2016-11-15,0.5376880995895943
2016-11-16,-0.1713200955620787
2016-11-17,-0.19017900882593516
2016-11-18,-0.15434858307145882
2016-11-21,1.057582014438189
2016-11-22,0.16978828335505175
2016-11-23,0.8362481651956997
2016-11-24,0.580012864417156
2016-11-25,0.12899552988593685
2016-11-28,-0.8384650376943519
2016-11-29,-0.043206015862722096
2016-11-30,-0.2888455498319788
2016-12-01,-0.7357360471386002
2016-12-02,-0.3676556896883718
2016-12-05,1.0081637475255667
2016-12-06,-0.07881231107449413
2016-12-07,1.924444788147291
2016-12-08,0.6281596187608768
2016-12-09,-0.27507181634893607
2016-12-12,-0.36101904292980025
2016-12-13,0.6943390345138492
2016-12-14,-0.07468502165947388
2016-12-15,0.322805690263551
2016-12-16,0.40201024718911943
2016-12-19,0.7846696075038417
2016-12-20,0.8174762029441822
2016-12-21,0.7864220248791609
2016-12-22,-0.0082658059461724
2016-12-23,-0.41156184511264915
2016-12-27,-0.08626367752742671
2016-12-28,-0.2117105717571928
2016-12-29,-0.9920743429364655
2016-12-30,-0.05645420622589866
2017-01-02,1.3830217462983014
2017-01-03,0.8236540728979567
2017-01-04,-0.5301838906211783
2017-01-05,0.09971291703208954
2017-01-06,-0.03908911941970781
2017-01-09,2.053388355137652
2017-01-10,0.05045865406446945
2017-01-11,1.420217997177583
2017-01-12,-1.0715010273032537
2017-01-13,0.6414316569353079
2017-01-16,-0.9499095978739447
2017-01-17,0.006383471212943677
2017-01-18,0.0063630329078950346
2017-01-19,0.39962934219408297
2017-01-20,0.10756779208988917
2017-01-23,1.3017696259070255
2017-01-24,0.21553835699123716
2017-01-25,0.07535577286417211
2017-01-26,-0.3999305246906434
2017-01-27,-0.7452504487749625
2017-01-30,-1.2850788404357107
2017-01-31,-0.48216751838335864
2017-02-01,0.5245015279699544
2017-02-02,-0.4220606437171843
2017-02-03,0.16956427503154503
2017-02-06,-0.9049000604029469
2017-02-07,-0.023370586379422017
2017-02-08,-0.6015152970795133
2017-02-09,0.022359287927693455
2017-02-10,0.6449035501347937
2017-02-13,0.9163217747163327
2017-02-14,0.46124763961425735
2017-02-15,-0.3011059732449308
2017-02-16,-0.6745739119286115
2017-02-17,-1.0199207863697355
2017-02-20,0.5684364215356448
2017-02-21,0.5905143605624871
2017-02-22,-0.8489282593731344
2017-02-23,0.08260309608543463
2017-02-24,-0.12946720697170425
2017-02-27,-0.3892203761149154
2017-02-28,-0.10019873157204734
2017-03-01,1.4098803272789233
2017-03-02,0.1398844186041021
2017-03-03,0.006517191673617246
2017-03-06,-0.3347461915313597
2017-03-07,0.2738424789181426
2017-03-08,-0.529385936324903
2017-03-09,-0.566135737938133
2017-03-10,0.067552036026479
2017-03-13,0.8020816079930978
2017-03-14,-0.8337700565341258
2017-03-15,-0.35824394934870846
2017-03-16,-0.0082658059461724
2017-03-17,-0.5154641458728169
2017-03-20,-0.45899229510337897
2017-03-21,-0.8763365501178811
2017-03-22,0.6090827815884081
2017-03-23,-0.03970686781788878
2017-03-24,-0.1500471209983609
2017-03-27,-0.2773647230259087
2017-03-28,0.7160083462633589
2017-03-29,-0.0707623479688417
2017-03-30,-0.2748985894867193
2017-03-31,0.11741875380602344
2017-04-03,-0.2915772074350903
2017-04-04,-0.48462965687921594
2017-04-05,-0.34491319255679587
2017-04-06,-0.05657670620304494
2017-04-07,-0.04050760396029399
2017-04-10,-0.0082658059461724
2017-04-11,-0.3807253892931892
2017-04-12,0.040498909178891075
2017-04-13,-0.252654757378967
2017-04-18,1.8463611571444767
2017-04-19,0.828454444340821
2017-04-20,0.007084976735606686
2017-04-21,0.08366711967970684
2017-04-24,1.0499953019457209
2017-04-25,0.6290905089488658
2017-04-26,-0.037702495253651984
2017-04-27,-0.3482333318264078
2017-04-28,0.331701719934063
2017-05-02,-0.3482333318264078
2017-05-03,-0.35094381671221375
2017-05-04,0.1708650414047415
2017-05-05,0.09589324229681975
2017-05-08,0.3174134212287821
2017-05-09,-0.3190942030983032
2017-05-10,0.03627147920312629
2017-05-11,0.2947725338446366
2017-05-12,0.37863628540324973
2017-05-15,-0.09723872339728061
2017-05-16,-0.3061949798444863
2017-05-17,-0.792732491994499
2017-05-18,-0.6989098786216591
2017-05-19,0.26933119911955467
2017-05-22,-0.3013388313288246
2017-05-23,-0.11674261272329033
2017-05-24,0.11568702114787496
2017-05-25,0.06902656690071521
2017-05-26,-0.2560904378760961
2017-05-29,-0.21067678672763088
2017-05-30,-0.2273228610587653
2017-05-31,-0.9119017385159115
2017-06-01,0.627853769122219
2017-06-02,0.5562708451981102
2017-06-05,-0.0082658059461724
2017-06-06,-0.8261241893083741
2017-06-07,-0.5676688534454524
2017-06-08,-0.31502511473577494
2017-06-09,0.10501147699035639
2017-06-12,0.7128552193999289
2017-06-13,0.11866996085669365
2017-06-14,-0.9210224159674871
2017-06-15,-0.3494954821373144
2017-06-16,-0.05724453940959949
2017-06-19,-0.0082658059461724
2017-06-20,0.2360362741996548
2017-06-21,0.08906305849837955
2017-06-22,0.7625130177480932
2017-06-23,-0.3277375857492046
2017-06-26,0.19966381634564848
2017-06-27,-0.07213357808127492
2017-06-28,0.07156026510526434
2017-06-29,-0.44110125691794877
2017-06-30,0.10437771548177253
2017-07-03,0.7719949179721852
2017-07-04,0.1177791925698094
2017-07-05,-0.18167957133998683
2017-07-06,0.7588871153489438
2017-07-07,0.19297939399475827
2017-07-10,-0.039171651743895725
2017-07-11,0.4529065463965316
2017-07-12,0.7194362583583661
2017-07-13,0.23158400908124266
2017-07-14,0.6150174543828546
2017-07-17,-0.27427254014937236
2017-07-18,-0.5603228187637505
2017-07-19,0.23133261706487362
2017-07-20,-0.17284475666953306
2017-07-21,-1.5963244888156205
2017-07-24,-0.6035199857021574
2017-07-25,-0.5799184370111896
2017-07-26,0.7993496484474344
2017-07-27,-1.040263216398769
2017-07-28,-0.5093409266073735
2017-07-31,-0.5646527425323805
2017-08-01,0.38521815168965795
2017-08-02,-0.15539659741914544
2017-08-03,-0.28758045237897467
2017-08-04,-0.0082658059461724
2017-08-07,-0.25623012942393203
2017-08-08,0.04143852272597071
2017-08-09,-0.474472098428122
2017-08-10,-0.29381594870498007
2017-08-11,0.10954442478865259
2017-08-14,0.35990182208359195
2017-08-15,0.07496665001436217
2017-08-16,0.3065626473453747
2017-08-17,-0.30647405883941625
2017-08-18,-0.3085461783107919
2017-08-21,-0.4288552116058599
2017-08-22,0.17730259083132163
2017-08-23,-0.24458712429072468
2017-08-24,0.32893104522914685
2017-08-25,-0.09231006679777931
2017-08-28,0.008554488228712053
2017-08-29,-0.3120985899015779
2017-08-30,-0.21203313352578898
2017-08-31,-0.19589337650897914
2017-09-01,0.3831290921962467
2017-09-04,0.0763470150776902
2017-09-05,0.7790592102035347
2017-09-06,0.6832544282228007
2017-09-07,0.13847741561918278
2017-09-08,0.21901862003956019
2017-09-11,0.20169700522073544
2017-09-12,0.8214725480425744
2017-09-13,0.30663677194562666
2017-09-14,-0.0553529207128529
2017-09-15,0.08585674625749547
2017-09-18,0.14814045122856845
2017-09-19,0.05414532474992981
2017-09-20,-0.24276951469999775
2017-09-21,0.36631134181299346
2017-09-22,-0.10159856127714152
2017-09-25,0.05398669031686183
2017-09-26,0.9907866344272358
2017-09-27,-0.11475242201364759
2017-09-28,-0.7301141280714059
2017-09-29,-0.11682917451990574
2017-10-02,-0.13267243581617272
2017-10-03,-0.0082658059461724
2017-10-04,0.9617850527241998
2017-10-05,0.28003418597938623
2017-10-06,0.3231494088866256
2017-10-09,-0.18872103086977782
2017-10-10,-0.26521152110482615
2017-10-11,0.2788105511673931
2017-10-12,0.411319085979079
2017-10-13,0.12573647781359806
2017-10-16,-0.127357379011599
2017-10-17,-0.1875298552528146
2017-10-18,0.43848079434895176
2017-10-19,-0.44003663880701266
2017-10-20,-0.5049591793936967
2017-10-23,0.18808960479919898
2017-10-24,0.9749516728881109
2017-10-25,-0.3038359327324753
2017-10-26,0.2873043208401304
2017-10-27,1.8647969653729064
2017-10-30,1.0774949187087006
2017-10-31,-0.0082658059461724
2017-11-01,1.9923506276654903
2017-11-02,0.017961408015131988
2017-11-03,-0.1395695055113623
2017-11-06,-0.21919481726597903
2017-11-07,-0.07439888445336705
2017-11-08,-0.9719894403161886
2017-11-09,-0.27986399377254706
2017-11-10,-0.2267833375142109
2017-11-13,0.10112868034713994
2017-11-14,-0.44755069341691345
2017-11-15,-0.27123742023284175
2017-11-16,1.0340791234197155
2017-11-17,0.15402777022409947
2017-11-20,1.7504333291311822
2017-11-21,1.2681090395898547
2017-11-22,-0.8207552574356545
2017-11-23,0.13248244335817358
2017-11-24,0.4238722556515646
2017-11-27,-0.02091471859070029
2017-11-28,0.3695609407688321
2017-11-29,1.4220998213371954
2017-11-30,0.3299524258904501
2017-12-01,-1.166807072057268
2017-12-04,-0.0082658059461724
2017-12-05,-0.6559408840864503
2017-12-06,-1.2432211586126565
2017-12-07,0.8991441977812146
2017-12-08,0.6692451620884587
2017-12-11,-0.3833402941680201
2017-12-12,-0.3107022857589514
2017-12-13,0.15581814560491336
2017-12-14,-0.12179468764242397
2017-12-15,-0.12209622261753363
2017-12-18,0.9683760005365826
2017-12-19,-0.09501289866788319
2017-12-20,-0.7716998278288352
2017-12-21,0.1304122994466294
2017-12-22,-0.3240876171893077
2017-12-27,-0.3520002311104336
2017-12-28,-0.04662814764633248
2017-12-29,-0.2777713494508307
2018-01-02,-0.20180692413279872
2018-01-03,1.4512256051909922
2018-01-04,0.735200977077961
2018-01-05,1.1455313674551382
2018-01-08,0.1445228798753688
2018-01-09,0.08695009773879739
2018-01-10,-0.49609718277477505
2018-01-11,-0.10457293405616043
2018-01-12,0.47589183602182134
2018-01-15,0.010790853373002875
2018-01-16,0.9575163630693713
2018-01-17,-0.7838874389643204
2018-01-18,-0.18413321836563346
2018-01-19,0.8779547905163309
2018-01-22,1.092539096386166
2018-01-23,-0.29112815074085086
2018-01-24,-0.7562801709216839
2018-01-25,-0.6275596688752851
2018-01-26,0.11441934418149649
2018-01-29,0.034122083242998855
2018-01-30,-0.8353028709916245
2018-01-31,-0.3891049336986342
2018-02-01,0.13193545218092692
2018-02-02,-1.366447807597749
2018-02-05,-0.8179204677773234
2018-02-06,-0.926777849141842
2018-02-07,1.5501888377529556
2018-02-08,-1.6861700639097805
2018-02-09,-0.42639988443245597
2018-02-12,0.6846417580307307
2018-02-13,-0.5648261228677592
2018-02-14,0.6051029427979047
2018-02-15,-0.26708906361327833
2018-02-16,0.559108769084
2018-02-19,-0.3736255551317205
2018-02-20,-0.26743678330018805
2018-02-21,-0.34755646349796676
2018-02-22,0.08596225856702518
2018-02-23,-0.35478970515568203
2018-02-26,0.7597207543489694
2018-02-27,-0.3931451870633703
2018-02-28,-0.7832502077086714
2018-03-01,-1.0747758926580915
2018-03-02,-0.94562638147841
2018-03-05,-0.06963288937990628
2018-03-06,0.9468070988807813
2018-03-07,-0.2821165428459553
2018-03-08,0.18908194922065735
2018-03-09,0.03545980590443568
2018-03-12,0.4536642734895159
2018-03-13,-1.1198051322942808
2018-03-14,0.5921463247070294
2018-03-15,1.1519449879666437
2018-03-16,0.28883459461412525
2018-03-19,-0.6957915355736983
2018-03-20,0.46193284854945843
2018-03-21,-0.22134750496229327
2018-03-22,-0.6865053989711986
2018-03-23,-1.19096082434125
2018-03-26,0.28632160425349007
2018-03-27,0.46549484734119373
2018-03-28,-0.41006618204858647
2018-03-29,1.7204607702605337
2018-04-03,0.2564870221211857
2018-04-04,-0.24116869941653848
2018-04-05,1.4577601259359545
2018-04-06,-0.555402549190363
2018-04-09,-0.20090829180141326
2018-04-10,1.860286342721711
2018-04-11,0.38457982647362954
2018-04-12,0.8348030668979194
2018-04-13,0.15643632202645819
2018-04-16,-1.2692340502919113
2018-04-17,0.6342151796930451
2018-04-18,-0.10156736171689915
2018-04-19,-0.2745544060320863
2018-04-20,-0.5508729286876137
2018-04-23,-0.42609359328590485
2018-04-24,0.04229223906174079
2018-04-25,-0.680479563155805
2018-04-26,1.1163030971508854
2018-04-27,0.31052775797935345
2018-04-30,-0.22718363957712068
2018-05-02,1.4626230136355112
2018-05-03,-0.44426197372869086
2018-05-04,0.15084033304524494
2018-05-07,0.8515142971437388
2018-05-08,-0.6206266993088403
2018-05-09,-0.7347737436781261
2018-05-10,0.1920118264233784
2018-05-11,0.16619962122212484
2018-05-14,-0.24771989354070945
2018-05-15,0.5385175914853331
2018-05-16,-0.30564933761449775
2018-05-17,0.4074926234825718
2018-05-18,-0.23543821551428573
2018-05-21,-0.0082658059461724
2018-05-22,0.8496487182962223
2018-05-23,-1.199239798248843
2018-05-24,-1.1102246354285812
2018-05-25,0.6875544507154246
2018-05-28,-0.7655684478389232
2018-05-29,-1.2147216051043572
2018-05-30,0.41682440178703895
2018-05-31,-0.8520477030843767
2018-06-01,0.310097727503684
2018-06-04,0.007591634279905742
2018-06-05,0.007585769141529875
2018-06-06,0.18674639023296288
2018-06-07,-0.03456836319987615
2018-06-08,-0.9391239886904482
2018-06-11,-0.05130192731755445
2018-06-12,0.0777666756680622
2018-06-13,0.050791935093916656
2018-06-14,0.9361423103757287
2018-06-15,-0.6213592417714388
2018-06-18,-1.3491889648737532
2018-06-19,-1.0534917537118904
2018-06-20,0.5897456948165507
2018-06-21,-1.3614138668828966
2018-06-22,-0.0828109215808889
2018-06-25,-1.0655174150135154
2018-06-26,-0.3685377117386258
2018-06-27,0.5866199307455947
2018-06-28,-1.0143630872697367
2018-06-29,-0.2846050695915073
2018-07-02,-0.3471105285426072
2018-07-03,0.2642351281039247
2018-07-04,0.2024739555162914
2018-07-05,1.693425961646496
2018-07-06,-0.22238879744379286
2018-07-09,-0.5160174731456861
2018-07-10,-0.014137443212975723
2018-07-11,-0.9461805505931494
2018-07-12,0.015731513442875135
2018-07-13,0.32037880827532583
2018-07-16,-0.39092806354815657
2018-07-17,0.39819340273276355
2018-07-18,0.9448197076244577
2018-07-19,0.18910131780584735
2018-07-20,-0.9865337908598156
2018-07-23,0.35752707455130817
2018-07-24,1.1794909109850447
2018-07-25,-1.1901402059689172
2018-07-26,1.6565910041363945
2018-07-27,-0.17244090659841008
2018-07-30,0.08805524303023234
2018-07-31,0.2062461909672677
2018-08-01,-1.6205279570722086
2018-08-02,-0.9541241130549161
2018-08-03,0.5676487417252241
2018-08-06,0.032995857930181755
2018-08-07,0.40219908735209
2018-08-08,0.2651364890146342
2018-08-09,-0.0024709329161593124
2018-08-10,-1.0232051148243648
2018-08-13,-0.1271766209919188
2018-08-14,-0.33094966705789114
2018-08-15,-1.367192740630008
2018-08-16,0.30019452365388427
2018-08-17,-0.2239566647591601
2018-08-20,0.07197516103305907
2018-08-21,0.5188065733908594
2018-08-22,-0.5908645715050064
2018-08-23,-0.2808145993629946
2018-08-24,0.010373033292564079
2018-08-27,1.0530312848150731
2018-08-28,0.5695113448425932
2018-08-29,-0.0740724335622221
2018-08-30,-0.0981794674996108
2018-08-31,-0.6185890214057193
2018-09-03,-0.8999353821058851
2018-09-04,-0.5523207659488645
2018-09-05,-0.027155027543031222
2018-09-06,0.0232049484246188
2018-09-07,-0.05863011138692232
2018-09-10,0.43664281433419355
2018-09-11,-0.04568328063284871
2018-09-12,0.30876002546689435
2018-09-13,0.722465474671008
2018-09-14,0.9609599598770754
2018-09-17,0.13435577162991427
2018-09-18,1.0928123084190162
2018-09-19,0.8107111270177323
2018-09-20,0.3869881134262865
2018-09-21,0.5168516735468607
2018-09-24,-0.4099032191074804
2018-09-25,-0.7032266342840768
2018-09-26,0.2246433836317464
2018-09-27,0.7108207333653332
2018-09-28,-0.6424565747777442
2018-10-01,0.24540999600214577
2018-10-02,0.11521426038555692
2018-10-04,-0.24994585398240968
2018-10-05,-0.798935801299667
2018-10-08,-0.6736395223622521
2018-10-09,-0.1425847452892421
2018-10-10,-0.8947630162775603
2018-10-11,-0.9317898949615111
2018-10-12,-0.10599267192906277
2018-10-15,1.2749295516409165
2018-10-16,0.8728848261955359
2018-10-17,-0.10139442975272314
2018-10-18,-0.45342462366455955
2018-10-19,-0.4819048533906592
2018-10-22,-0.49922905812746926
2018-10-23,-0.810614495448659
2018-10-24,-1.8896607614140146
2018-10-25,1.0367096831681863
2018-10-26,-0.045827850356273084
2018-10-29,1.6921426153078185
2018-10-30,1.2724039990059293
2018-10-31,0.5776738933278888
2018-11-01,0.785255200734594
2018-11-02,0.7819445972267037
2018-11-05,0.29054113449457514
2018-11-06,0.18430736515682053
2018-11-07,-0.33338180773634035
2018-11-08,-1.0326660736270241
2018-11-09,-1.51887024276206
2018-11-12,-0.07287153044426127
2018-11-13,0.6102496181579761
2018-11-14,0.37813052663390934
2018-11-15,-0.4874541993563131
2018-11-16,-1.1019594965286734
2018-11-19,0.8175339977166636
2018-11-20,-0.28960870639883124
2018-11-21,1.8896679497107804
2018-11-22,-0.13221303738478868
2018-11-23,-0.27427021709074323
2018-11-26,0.8906104357021948
2018-11-27,-1.7615099587058494
2018-11-28,0.28609288769492836
2018-11-29,0.28979768951055
2018-11-30,-0.34086401502922486
2018-12-03,1.2062691804825072
2018-12-04,-1.3265392405702312
2018-12-05,-0.2803386725258335
2018-12-06,-1.3651863443991303
2018-12-07,0.13534386377588087
2018-12-10,-0.7615968120234036
2018-12-11,1.5206043893866512
2018-12-12,1.1607515910224642
2018-12-13,-0.13404843894390517
2018-12-14,-0.5789011921754527
2018-12-17,-0.3695402382027161
2018-12-18,-0.06682947147812772
2018-12-19,0.1671745427600403
2018-12-20,-0.8867322464614975
2018-12-21,-0.1873355337493471
2018-12-27,-1.7976899174993408
2018-12-28,0.45077034124738863
2019-01-02,-0.8368522153913988
2019-01-03,-0.48267265329525705
2019-01-04,1.7733059928166666
2019-01-07,0.04052579694877628
2019-01-08,0.7049376942314886
2019-01-09,1.0222079985165444
2019-01-10,-0.4671470707388099
2019-01-11,-0.8263249569067126
2019-01-14,0.5725533399688675
2019-01-15,0.27036289493083415
2019-01-16,-0.055569900253411714
2019-01-17,-0.6039292765483735
2019-01-18,0.8116033276092043
2019-01-21,-0.23838017078685034
2019-01-22,-0.3885934322663479
2019-01-23,-0.41007174716942546
2019-01-24,0.968657935990491
2019-01-25,1.7513922375384487
2019-01-28,-0.5486481277740187
2019-01-29,-0.6193760930601151
2019-01-30,-0.06636583351577312
2019-01-31,0.33918071827240653
2019-02-01,0.26195294671471325
2019-02-04,-0.5562190210510858
2019-02-05,0.4708507511208225
2019-02-06,0.01469081946198214
2019-02-07,-2.088959592760558
2019-02-08,-0.755535722191914
2019-02-11,0.2970738400315675
2019-02-12,1.0079773869036852
2019-02-13,-0.15708443360972543
2019-02-14,-0.572514581789407
2019-02-15,0.7523069369663848
2019-02-18,-0.5037939586297959
2019-02-19,0.12363674042625694
2019-02-20,1.026772482337061
2019-02-21,-0.03748471658636964
2019-02-22,0.03264325432919172
2019-02-25,1.2751079875704066
2019-02-26,-0.053643136051379305
2019-02-27,0.17297389631620136
2019-02-28,-0.2235826868639958
2019-03-01,0.9133303635673709
2019-03-04,0.008406630008149533
2019-03-05,-0.013827269407050166
2019-03-06,-0.5789666700035364
2019-03-07,-0.6437822593947834
2019-03-08,-0.8394760359432372
2019-03-11,-0.12499553914743956
2019-03-12,-0.7986739920043635
2019-03-13,0.4535952760500297
2019-03-14,-0.41657033737820215
2019-03-15,0.039273421069850184
2019-03-18,0.34072203592926903
2019-03-19,0.6928916575011814
2019-03-20,-1.1773676525124057
2019-03-21,-0.3010895692912935
2019-03-22,-1.1630350023137088
2019-03-25,0.2006801111604095
2019-03-26,-0.37769008663283776
2019-03-27,0.12139796593508304
2019-03-28,-0.1812302976111881
2019-03-29,0.5574387885036418
2019-04-01,1.2379113235684795
2019-04-02,0.4755366041028924
2019-04-03,0.6958111775523619
2019-04-04,0.40526697659075406
2019-04-05,-0.35260242622263793
2019-04-08,0.15276482883202552
2019-04-09,-0.38881057224777055
2019-04-10,-0.12425314070644214
2019-04-11,1.0074823912468385
2019-04-12,0.6110736474133387
2019-04-15,0.44767492427630495
2019-04-16,0.44286498047443046
2019-04-17,1.2695544239920498
2019-04-18,0.4619107833448453
2019-04-23,-0.8411925861716691
2019-04-24,-0.6832028983715229
2019-04-25,-0.5669967854777915
2019-04-26,0.07435340747733302
2019-04-29,0.11263002667139553
2019-04-30,-0.3277307237816911
2019-05-02,1.539115910344556
2019-05-03,-0.13109690249330289
2019-05-06,-0.7254927593745555
2019-05-07,-0.8873113345281547
2019-05-08,0.03611644819635461
2019-05-09,-0.8708224854988386
2019-05-10,-0.34338540125022016
2019-05-13,-0.8082911869635891
2019-05-14,0.41951022400562643
2019-05-15,1.4414971846034335
2019-05-16,-0.3024199553040484
2019-05-17,-0.2869802534982295
2019-05-20,-0.6893923702221272
2019-05-21,-0.04379648428551797
2019-05-22,-0.12690607932896378
2019-05-23,-0.6968666319600753
2019-05-24,0.2505031873303873
2019-05-27,0.3502260906101141
2019-05-28,0.22315612292092696
2019-05-29,-0.472362407443207
2019-05-30,-0.0262165716721268
2019-05-31,-1.1361661153881264
2019-06-03,0.16343406898663373
2019-06-04,1.376695020950175
2019-06-05,-0.568899074170316
2019-06-06,-0.29134940194115705
2019-06-07,0.0038149190533069647
2019-06-11,0.54993768929587
2019-06-12,-0.42171751513072486
2019-06-13,0.12398814418090168
2019-06-14,-0.47902889136432647
2019-06-17,-0.16634799723347507
2019-06-18,0.7763595749994764
2019-06-19,0.597465039076522
2019-06-20,0.44339071016862164
2019-06-21,0.07334884300172004
2019-06-24,-0.06071221858586442
2019-06-25,-0.3242992661068946
2019-06-26,0.4532975263472232
2019-06-27,-0.10134926543915805
2019-06-28,0.29350763728874624
2019-07-01,0.5033579912472939
2019-07-02,0.2764988632535892
2019-07-03,0.7289759987396351
2019-07-04,0.275360280935076
2019-07-05,-0.019349569534068443
2019-07-08,0.047141375478655156
2019-07-09,-0.24146229281848572
2019-07-10,-0.4447409359874119
2019-07-11,-0.13781774299168437
2019-07-12,0.44068031568043936
2019-07-15,0.17557130863425532
2019-07-16,0.1969101657774846
2019-07-17,-0.53146721236615
2019-07-18,-0.4586272181243996
2019-07-19,-0.0082658059461724
2019-07-22,-0.025250377455224546
2019-07-23,1.586533334733328
2019-07-24,0.39349521764864015
2019-07-25,-1.2583898478283555
2019-07-26,0.32426835505935325
2019-07-29,-0.5807074236899463
2019-07-30,-0.4186571064193399
2019-07-31,-0.23481558037517963
2019-08-01,-0.09353516935602069
2019-08-02,-1.2787262479880197
2019-08-05,-0.9744555216317888
2019-08-06,-0.020257258840640505
2019-08-07,-0.05626888507723067
2019-08-08,0.43963563247196963
2019-08-09,-0.8905982198282351
2019-08-12,-0.12364175711751466
2019-08-13,0.5775493908024547
2019-08-14,-0.9237083705819666
2019-08-15,-0.5385224875684553
2019-08-16,0.5158626922936066
2019-08-19,0.7389982028081243
2019-08-20,-0.3650820106323361
2019-08-21,0.4448052528170434
2019-08-22,0.11774518608080414
2019-08-23,-0.5812789756947031
2019-08-26,0.3003019446097242
2019-08-27,0.387791100871866
2019-08-28,0.003671521656003818
2019-08-29,0.5081383922218516
2019-08-30,0.23295325556724525
2019-09-02,0.15569600066422043
2019-09-03,-0.11946192016020352
2019-09-04,0.48114664395121787
2019-09-05,0.8179205604977154
2019-09-06,-0.13345662667250133
2019-09-09,1.0277504310012795
2019-09-10,0.14167637188208548
2019-09-11,0.2900437514816411
2019-09-12,0.28251415592878676
2019-09-13,0.3456859101896418
2019-09-16,-0.14404739088851326
2019-09-17,-0.47869390795526545
2019-09-18,0.019226306704620715
2019-09-19,0.8030125243658912
2019-09-20,0.22839413473269385
2019-09-23,-0.8806709375605684
2019-09-24,-0.9435390330450688
2019-09-25,0.18154559430432787
2019-09-26,-0.07516090546714113
2019-09-27,0.3417743167912911
2019-09-30,0.311485131476014
2019-10-01,-0.6334519567841456
2019-10-02,-1.3268865865822819
2019-10-04,-0.38928188273744685
2019-10-07,0.19997708252416704
2019-10-08,0.15300775331972621
2019-10-09,0.2496604855717429
2019-10-10,1.1029225550515656
2019-10-11,2.0464161199756945
2019-10-14,0.08187208882765502
2019-10-15,0.7268682943073737
2019-10-16,1.309276464852412
2019-10-17,0.09258716665214418
2019-10-18,-0.22033185292667712
2019-10-21,0.379720797835974
2019-10-22,0.026832433116964247
2019-10-23,0.141830499831783
2019-10-24,0.82759659860857
2019-10-25,-0.6597304800841066
2019-10-28,0.9166125788051491
2019-10-29,-0.7000474630574377
2019-10-30,0.30712364091644495
2019-10-31,-0.9715159243916981
2019-11-01,0.49096223984824516
2019-11-04,1.2197442420173799
2019-11-05,0.10732202628948923
2019-11-06,0.34144530719691923
2019-11-07,1.0705882253323944
2019-11-08,-0.6079512926190854
2019-11-11,-0.05074220785966755
2019-11-12,0.3304127484167749
2019-11-13,-0.4651718935158037
2019-11-14,-0.26475874466580906
2019-11-15,0.8267897246274215
2019-11-18,-1.8020117386051886
2019-11-19,0.32657871538080013
2019-11-20,-0.45043074544455713
2019-11-21,0.1963835261707356
2019-11-22,0.1712006054155615
2019-11-25,-0.027629057379338726
2019-11-26,-0.280312857184665
2019-11-27,0.4763328832774426
2019-11-28,-0.29352180559262064
2019-11-29,-0.30519525527444785
2019-12-02,-0.17957161935853283
2019-12-03,-0.12611549378763862
2019-12-04,0.20266479260984757
2019-12-05,-0.06212836909575103
2019-12-06,0.3964958443687083
2019-12-09,-0.1979761881883389
2019-12-10,-0.03752969414774662
2019-12-11,0.606868543969779
2019-12-12,0.3127264819985558
2019-12-13,0.8704590885328948
2019-12-16,-0.25681559433398293
2019-12-17,-0.2772107734069311
2019-12-18,-0.34564013358632956
2019-12-19,-0.6281049710979355
2019-12-20,-0.04216158767643292
2019-12-23,-0.20245786405103147
2019-12-27,0.11320246217565479
2019-12-30,-0.11026954855386348
2020-01-02,1.0153418915762542
2020-01-03,-0.9347130645914592
2020-01-06,-0.013124562079490813
2020-01-07,-0.14436165199792325
2020-01-08,0.1763362566526028
2020-01-09,1.1632359928364595
2020-01-10,0.8787000030939622
2020-01-13,-0.06374471689032839
2020-01-14,-0.022146762390866836
2020-01-15,-0.6141308598962183
2020-01-16,-0.646644135921948
2020-01-17,0.33338672182807033
2020-01-20,0.14741088298964466
2020-01-21,-0.17812933793615493
2020-01-22,-0.521930679574028
2020-01-23,-0.6251414468001644
2020-01-24,0.21927797821915854
2020-01-27,-1.451883088468011
2020-01-28,0.19599562782634705
2020-01-29,-0.6441701364120681
2020-01-30,-1.5280473343577419
2020-01-31,-0.43371862215345075
2020-02-03,0.10243973916328193
2020-02-04,1.1039037849288933
2020-02-05,0.8953122222950353
2020-02-06,-0.06858594862769428
2020-02-07,-1.0211546088987289
2020-02-10,-0.5368682208430389
2020-02-11,0.782211271995242
2020-02-12,1.4264092697864716
2020-02-13,-0.15704821807058095
2020-02-14,-0.5280532441948006
2020-02-17,0.5065565674833354
2020-02-18,-0.8005551740673374
2020-02-19,0.1836291337668045
2020-02-20,-0.17992109624550817
2020-02-21,-0.8821590263416301
2020-02-24,-2.4023919788725117
2020-02-25,-0.4748581570137784
2020-02-26,0.09097360027084854
2020-02-27,-1.9341416884811307
2020-02-28,-0.07744077366070501
2020-03-02,0.2964095610065121
2020-03-03,0.9714080728536859
2020-03-04,0.42067438183952444
2020-03-05,-1.1712812687537728
2020-03-06,-0.958456724947756
2020-03-09,-4.77032173162786
2020-03-10,-0.060364304088087434
2020-03-11,0.26450571540869056
2020-03-12,-7.080184460655525
2020-03-13,-0.5383727930364541
2020-03-16,-5.56796397912035
2020-03-17,0.72906741974526
2020-03-18,-5.482185353287388
2020-03-19,0.30513865735050916
2020-03-20,2.95575152176797
2020-03-23,-0.8728860182280846
2020-03-24,7.463529067816052
2020-03-25,1.9222719045439058
2020-03-26,-0.45075634797480574
2020-03-27,-3.248766660870258
2020-03-30,-0.17119111405932103
2020-03-31,0.728087995296673
2020-04-01,-3.2745437886349116
2020-04-02,-0.08192267084175231
2020-04-03,0.026417340705992488
2020-04-06,5.684210416412507
2020-04-07,1.2700404030851005
2020-04-08,0.6350146662805635
2020-04-09,1.5589133752659248
2020-04-14,0.20107194531052305
2020-04-15,-2.4943958041119783
2020-04-16,0.33703483379792604
2020-04-17,2.6377066877210584
2020-04-20,0.03986582732654868
2020-04-21,-2.937165686029622
2020-04-22,0.8223875255606902
2020-04-23,0.6931621617272817
2020-04-24,-1.225136486634458
2020-04-27,1.9755117554260966
2020-04-28,1.05917573886905
2020-04-29,2.405115448726459
2020-04-30,-1.6799126140409917
2020-05-04,-2.477998137521834
2020-05-05,2.1191688540153137
2020-05-06,-0.12297111770121817
2020-05-07,0.08621895633684665
2020-05-08,0.5875906156340106
2020-05-11,-0.5502219483323827
2020-05-12,-0.04868051902011464
2020-05-13,-2.584592834585678
2020-05-14,-1.2205058924143162
2020-05-15,1.7303628976353336
2020-05-18,3.401494415924053
2020-05-19,0.3104751920295816
2020-05-20,0.39167911524595195
2020-05-21,-0.33698127363546854
2020-05-22,0.0886709111556868
2020-05-25,0.3709327197938887
2020-05-26,0.9033598488024743
2020-05-27,1.006884241827214
2020-05-28,-0.9045671173696578
2020-05-29,-1.5084019278306695
2020-06-02,2.382065213741086
2020-06-03,0.9057544564206784
2020-06-04,-0.4537646776701554
2020-06-05,2.157040435149025
2020-06-08,-0.14656447224684144
2020-06-09,-0.865275727818799
2020-06-10,-0.7148049588341865
2020-06-11,-3.3564686813996043
2020-06-12,0.4872878899291816
2020-06-15,0.752758636442246
2020-06-16,0.06082753629271593
2020-06-17,-0.7808392706685278
2020-06-18,-0.5095994957011316
2020-06-19,-0.6269061399633971
2020-06-22,-0.13964989417632806
2020-06-23,1.8962593459480708
2020-06-24,-2.130459149804194
2020-06-25,1.1143061384387674
2020-06-26,0.07539619212642616
2020-06-29,0.394879506558425
2020-06-30,0.10622043400077814
2020-07-01,-0.5258973583977247
2020-07-02,1.2212058025142267
2020-07-03,-0.5173160666634494
2020-07-06,1.0100409363492622
2020-07-07,-0.2621357362148203
2020-07-08,-0.8233130964501727
2020-07-09,0.04866629676906226
2020-07-10,1.3541803241617372
2020-07-13,-0.21696387630201158
2020-07-14,-0.6030912645183836
2020-07-15,1.1550222061908852
2020-07-16,0.04634901138504613
2020-07-17,0.9215672536656244
2020-07-20,0.08657783634074367
2020-07-21,0.06273307084497556
2020-07-22,-0.203790058491689
2020-07-23,0.05107711861537931
2020-07-24,-0.7620595288405346
2020-07-27,-0.2442955785228552
2020-07-28,0.16131926098884292
2020-07-29,-1.2843946051209991
2020-07-30,-2.720289116015733
2020-07-31,-1.424612682175681
2020-08-03,2.0598930237410005
2020-08-04,1.0629115951142252
2020-08-05,0.1317042764325565
2020-08-06,-0.30786199647747803
2020-08-07,-0.37442986527431454
2020-08-10,0.0755180538156879
2020-08-11,2.151391064615961
2020-08-12,0.1933054714260388
2020-08-13,-0.5973041750526417
2020-08-14,0.06580730597785896
2020-08-17,0.0533641406400035
2020-08-18,-0.21817022281725704
2020-08-19,0.2816252752889392
2020-08-20,-0.8838887311128356
2020-08-21,-0.17799465694723363
2020-08-24,0.5300375670714135
2020-08-25,-0.5087926654516162
2020-08-26,0.8638636178744838
2020-08-27,0.33566911295834484
2020-08-28,-0.19216606025184937
2020-08-31,-0.06359729083987106
2020-09-01,0.22485951963248793
2020-09-02,0.058977008273894065
2020-09-03,0.7305697213205244
2020-09-04,0.06372690066866037
2020-09-07,1.977020165118147
2020-09-08,0.38480090691382046
2020-09-09,0.037073999140004005
2020-09-10,-0.11035836583891497
2020-09-11,-0.3274185544076812
2020-09-14,-0.41634948022198853
2020-09-15,-0.031376217679667064
2020-09-16,0.08408699620173087
2020-09-17,-0.3033368640060593
2020-09-18,-1.6835963228507633
2020-09-21,-2.6155432395507368
2020-09-22,0.38132497414329475
2020-09-23,0.2010234930045445
2020-09-24,0.32574351991329686
2020-09-25,-1.0375002209751973
2020-09-28,1.538874797748607
2020-09-29,0.15886827483789606
2020-09-30,-0.4242140354440191
2020-10-01,0.5571000925049296
2020-10-02,-0.7485931583201154
2020-10-05,0.8595190724076492
2020-10-06,0.8672468376759241
2020-10-07,0.43829888552849156
2020-10-08,-0.29924675182497495
2020-10-09,-0.10777475790024196
2020-10-12,0.5300484915841758
2020-10-13,-0.2858634744248501
2020-10-14,0.20163986580734278
2020-10-15,-1.34054154117639
2020-10-16,1.045975704890223
2020-10-19,0.30055208868581285
2020-10-20,-0.27371096776057824
2020-10-21,-0.42517783315849467
2020-10-22,0.15400565599543986
2020-10-23,0.4440695577638658
2020-10-26,-1.075466972470782
2020-10-27,-1.174092562707544
2020-10-28,-2.1655837189436182
2020-10-29,0.4738663867170628
2020-10-30,-0.6340364127361091
2020-11-02,0.9001663044874143
2020-11-03,1.299759143478118
2020-11-04,0.1022006413358915
2020-11-05,1.2199699339517387
2020-11-06,-0.8874892172958935
2020-11-09,2.842901211957897
2020-11-10,2.1927515810415183
2020-11-11,0.04319651839622833
2020-11-12,0.12296258528832987
2020-11-13,-0.08810035711211862
2020-11-16,0.9400219680392222
2020-11-17,0.030791562908971486
2020-11-18,0.2309014033604931
2020-11-19,-0.5721501898049529
2020-11-20,-0.11517331410021031
2020-11-23,-0.5868196125109881
2020-11-24,1.6440744082767298
2020-11-25,-1.0257595834855562
2020-11-26,-1.0735584080814198
2020-11-27,-0.7882572327271464
2020-11-30,-1.3750005903673803
2020-12-01,1.7793342866794666
2020-12-02,-0.17728581879788036
2020-12-03,-0.21314251431919137
2020-12-04,-0.2023342699932904
2020-12-07,-0.2980672468945245
2020-12-08,-0.10332285822049833
2020-12-09,0.9678156655832613
2020-12-10,-0.9011661088970944
2020-12-11,-1.3038740896093242
2020-12-14,-0.1369516736139664
2020-12-15,3.138010661370603
2020-12-16,1.4712745785210035
2020-12-17,-0.32896440085944273
2020-12-18,-0.30343272618692546
2020-12-21,-1.2499423868368749
2020-12-22,-0.03704404038048472
2020-12-23,1.0043451685008282
2020-12-28,0.07598839450403036
2020-12-29,-0.2502310382852381
2020-12-30,0.13820080667099516
2021-01-04,-1.1306884670482604
2021-01-05,-0.36767993201308197
2021-01-06,0.05572000200960179
2021-01-07,0.20626577354746592
2021-01-08,-0.5144258812713643
2021-01-11,-0.46721106313723837
2021-01-12,0.24534708541444675
2021-01-13,-0.29146098546524873
2021-01-14,2.0658407899792506
2021-01-15,-0.036469546244247024
2021-01-18,-0.2005866941914756
2021-01-19,0.4428739376805322
2021-01-20,1.3227675999361028
2021-01-21,1.177010102194102
2021-01-22,0.7883258663869762
2021-01-25,-1.71368672406799
2021-01-26,1.1537235463591435
2021-01-27,-0.7990497197625368
2021-01-28,-0.18001385834213685
2021-01-29,-0.8062197741487614
2021-02-01,-0.04115564933004182
2021-02-02,1.5795302604326222
2021-02-03,0.9531022166865547
2021-02-04,-0.3350083543206308
2021-02-05,-0.6640295130516022
2021-02-08,0.3968731243338953
2021-02-09,-0.0082658059461724
2021-02-10,-0.5298705921680901
2021-02-11,0.6910140770500013
2021-02-12,-0.8402712694083817
2021-02-15,0.26206386330887016
2021-02-16,0.24461111315426404
2021-02-17,-0.4836410506185833
2021-02-18,1.933530994172655
2021-02-19,0.4160145565056014
2021-02-22,0.8525463291039436
2021-02-23,-0.7787052579968087
2021-02-24,0.42091169916049004
2021-02-25,-0.39232536308781013
2021-02-26,0.47499257931765765
2021-03-01,0.679755990561857
2021-03-02,0.24934177410563502
2021-03-03,1.9570427499227172
2021-03-04,0.8940321652879326
2021-03-05,0.9685571699131862
2021-03-08,0.4894430793598695
2021-03-09,-0.7859911699757406
2021-03-10,0.8307304548009132
2021-03-11,-0.887405122155916
2021-03-12,-0.41637815566434083
2021-03-15,1.0070059790992005
2021-03-16,2.77515673284531
2021-03-17,4.480420063560426
2021-03-18,-1.4720952523026023
2021-03-19,-0.3168075875584072
2021-03-22,3.008553925800352
2021-03-23,-2.0776490676303325
2021-03-24,-1.4618592224037052
2021-03-25,1.6907128791117914
2021-03-26,0.04815951091580911
2021-03-29,0.31943376339681645
2021-03-30,1.960447822961524
2021-03-31,-0.3571057740053079
2021-04-01,0.4473336630820141
2021-04-06,0.9408496595619662
2021-04-07,-1.0730557487555752
2021-04-08,-0.28537112217119254
2021-04-09,-0.3323342292703077
2021-04-12,-0.29839207982989524
2021-04-13,-0.5760462932022117
2021-04-14,0.2948770506310565
2021-04-15,0.7448306925722623
2021-04-16,1.1978242353585145
2021-04-19,-0.8739292173890205
2021-04-20,-1.110945225769924
2021-04-21,-1.0555472632410177
2021-04-22,0.4861282944695929
2021-04-23,-0.2967474221943256
2021-04-26,-0.39281104678421136
2021-04-27,-0.20656646380660065
2021-04-28,-0.4650159651322663
2021-04-29,-1.3195892620622396
2021-04-30,-0.1169041240771253
2021-05-03,0.7853310519713778
2021-05-04,-2.056123509090241
2021-05-05,1.5023362285395285
2021-05-06,-1.1235860096338597
2021-05-07,-0.3424957618508367
2021-05-10,0.22496240088990474
2021-05-11,-0.6398801139878265
2021-05-12,-0.6701766514318651
2021-05-13,0.0021523983666449694
2021-05-14,1.0619474615991575
2021-05-17,0.35604854335774944
2021-05-18,0.40291496744991484
2021-05-19,-0.6518451808413405
2021-05-20,0.8046539628850068
2021-05-21,0.07118732381669267
2021-05-25,0.7100633781119583
2021-05-26,0.26409133674847113
2021-05-27,0.8271186356956843
2021-05-28,0.14360603665305013
2021-05-31,0.41602272979135796
2021-06-01,1.2855083263230667
2021-06-02,0.9014270723219843
2021-06-03,0.08075587853958066
2021-06-04,-0.1775717616252397
2021-06-07,-0.2230911277717592
2021-06-08,-0.9609993847691122
2021-06-09,-0.4787727172811627
2021-06-10,-0.18487940337567466
2021-06-11,0.59295881028319
2021-06-14,-0.6001793581147566
2021-06-15,-0.9402961623620967
2021-06-16,-0.2947444861370556
2021-06-17,0.07787723378577523
2021-06-18,-1.1124526947153703
2021-06-21,1.580837643804755
2021-06-22,-0.6272631304636301
2021-06-23,-1.0667701888217331
2021-06-24,0.16834411235973074
2021-06-25,-0.5799701216891637
2021-06-28,-0.5173525392413375
2021-06-29,0.5404923239260699
2021-06-30,-1.0011501313839977
2021-07-01,-0.04886262848454191
2021-07-02,0.06275942465888058
2021-07-05,-0.03869421401285157
2021-07-06,-1.7053995763994745
2021-07-07,0.6724396906125762
2021-07-08,-1.220059558488154
2021-07-09,2.4526936385286917
2021-07-12,1.1466116243468705
2021-07-13,-0.5818169539133861
2021-07-14,-0.048103152066338035
2021-07-15,-0.9553226351456953
2021-07-16,-0.5619370136473112
2021-07-19,-1.254241514854326
2021-07-20,0.41460454188209145
2021-07-21,1.3175450608956079
2021-07-22,-0.2742659729619728
2021-07-23,0.9599999247827513
2021-07-26,-0.3589743502025781
2021-07-27,-0.9295138555189083
2021-07-28,0.2765018188004533
2021-07-29,0.6592760368078439
2021-07-30,-0.33030524711932674
2021-08-02,0.04383345871044482
2021-08-03,-0.1438713322920262
2021-08-04,-0.19674221496202352
2021-08-05,0.32623513570795415
2021-08-06,0.19947861812658466
2021-08-09,-0.30982428477137824
2021-08-10,0.0021686614235198517
2021-08-11,-0.039576832546150596
2021-08-12,0.6855931045891817
2021-08-13,-0.17295217768011062
2021-08-16,-1.0098501350406501
2021-08-17,-0.5821147308875172
2021-08-18,-0.38651458035600994
2021-08-19,-0.8144897040835243
2021-08-20,-0.44602551823927916
2021-08-23,0.36345109598530995
2021-08-24,0.9114618471704486
2021-08-25,0.1939531248232132
2021-08-26,0.05606685548810236
2021-08-27,0.15214709533617007
2021-08-30,0.045075303140669334
2021-08-31,0.05565108619434629
2021-09-01,-0.06152737302960032
2021-09-02,0.34202878591883284
2021-09-03,-0.1777453968425048
2021-09-06,0.044761848151073536
2021-09-07,-0.380889207021187
2021-09-08,-1.3948843704394676
2021-09-09,0.5317136592697101
2021-09-10,-0.23572079395221088
2021-09-13,0.24971245340208736
2021-09-14,0.0918836651592688
2021-09-15,-0.13020890440385194
2021-09-16,-0.6764210945452825
2021-09-17,-0.8538632185193197
2021-09-20,-2.020286052304681
2021-09-21,0.5095142366897125
2021-09-22,0.8990947874697289
2021-09-23,0.48815547684819727
2021-09-24,0.009837996985661446
2021-09-27,0.43301668340093663
2021-09-28,-0.30946726914965333
2021-09-29,1.3329478546667832
2021-09-30,-0.5361826605958204
2021-10-01,0.0005816120652259207
2021-10-04,-0.6413536303880556
2021-10-05,0.22466464472732256
2021-10-06,-1.2041165727324343
2021-10-07,0.8827325677519264
2021-10-08,-0.12540026306431407
2021-10-11,0.1763038807846708
2021-10-12,-0.5825759417033306
2021-10-13,1.1504838619004443
2021-10-14,0.5683109464948246
2021-10-15,0.5563447728514365
2021-10-18,-1.3938601879028454
2021-10-19,-0.5328679740484153
2021-10-20,-0.7316283748758592
2021-10-21,1.119205391625315
2021-10-22,0.9419598792669956
2021-10-25,1.9462038985011758
2021-10-26,0.1688568273048435
2021-10-27,-0.46820725921868056
2021-10-28,-1.9693858901519132
2021-10-29,-0.22001463324221776
2021-11-01,0.1770750653465438
2021-11-02,-0.27771374519762526
2021-11-03,-1.7768172527773738
2021-11-04,0.49213840083803845
2021-11-05,1.1356378216026422
2021-11-08,-1.2161158638688239
2021-11-09,-0.42163717408424545
2021-11-10,-0.035965108564656165
2021-11-11,0.01943349667231136
2021-11-12,0.5146636377773114
2021-11-15,0.07828308838844009
2021-11-16,0.023577314188340054
2021-11-17,-0.3552242510460749
2021-11-18,-0.39503310221929966
2021-11-19,-1.1044774120967022
2021-11-22,-0.33693499954241146
2021-11-23,-0.47944397574254366
2021-11-24,-1.2143548061152745
2021-11-25,-0.013241657546532072
2021-11-26,-2.1547760013402275
2021-11-29,0.14309257184017546
2021-11-30,-0.759854296979258
2021-12-01,1.5740287865504645
2021-12-02,-0.3108205675724312
2021-12-03,-0.32851797057857024
2021-12-06,1.263678238450078
2021-12-07,3.5400951816660307
2021-12-08,-0.1614355683168902
2021-12-09,-0.4522973469836285
2021-12-10,-0.5044488914983485
2021-12-13,0.455020702721025
2021-12-14,-0.16843587869433074
2021-12-15,-0.5496869195121524
2021-12-16,0.7684901880937776
2021-12-17,-1.5858462421146573
2021-12-20,-0.9038288352156238
2021-12-21,0.4123217684328061
2021-12-22,0.3105960161352445
2021-12-23,0.3615734504722643
2021-12-27,0.35841198833594384
2021-12-28,0.21215521829086134
2021-12-29,-0.5227501730874258
2021-12-30,0.059407480073563716
2022-01-03,0.7860370409859434
2022-01-04,1.4321860661492576
2022-01-05,0.9033885117642564
2022-01-06,-0.43673147536075324
2022-01-07,-0.3176108549573631
2022-01-10,-0.003700205388529208
2022-01-11,0.13302447585828445
2022-01-12,-0.021918974528988746
2022-01-13,0.38589731095253715
2022-01-14,0.6718201967681646
2022-01-17,-0.12384083273527449
2022-01-18,-0.4691747913886603
2022-01-19,0.2563591526372822
2022-01-20,-0.22791955613295767
2022-01-21,-0.7106113013400387
2022-01-24,-2.621902921888275
2022-01-25,0.4121174971638932
2022-01-26,1.1211322042394225
2022-01-27,0.7437984713490564
2022-01-28,-0.6247287209936461
2022-01-31,-0.07368159289020644
2022-02-01,0.45678414835659253
2022-02-02,-0.22156448013302435
2022-02-03,-0.6309894892101289
2022-02-04,-1.3496192292532327
2022-02-07,-0.05695880419358767
2022-02-08,0.11821266683167875
2022-02-09,2.5376359578751853
2022-02-10,-0.0036885031051530877
2022-02-11,0.30183631666217103
2022-02-14,-1.3794926075050462
2022-02-15,1.2628801726175631
2022-02-16,-0.5076028813721322
2022-02-17,-0.47619855106752407
2022-02-18,-0.9264244536112768
2022-02-21,-1.2443072652770677
2022-02-22,3.2269149568431597
2022-02-23,-0.377795634782123
2022-02-24,-2.600466827976742
2022-02-25,2.1788441496261943
2022-02-28,-1.7258272636803347
2022-03-01,-3.4034077997683476
2022-03-02,-1.1917790305038714
2022-03-03,-1.2695155290807012
2022-03-04,-3.113953982074743
2022-03-07,-2.3739275731714535
2022-03-08,-0.29128195871526624
2022-03-09,4.332720777083564
2022-03-10,-1.914654311629597
2022-03-11,-0.03212320237218264
2022-03-14,1.8306503395798126
2022-03-15,0.27649669069872024
2022-03-16,1.288855787231872
2022-03-17,-0.057859043377918584
2022-03-18,-0.43493728475149235
2022-03-21,-0.05283832859425813
2022-03-22,0.33597360382027747
2022-03-23,-0.6602054809088418
2022-03-24,-0.1995969894930206
2022-03-25,-0.2344615343847125
2022-03-28,0.15019450606684875
2022-03-29,2.1238989500685546
2022-03-30,-0.12128168862199093
2022-03-31,-0.566944575195019
2022-04-01,0.14977087482214807
2022-04-04,0.31146958326302865
2022-04-05,-0.5570711911576075
2022-04-06,-1.279239038202104
2022-04-07,-0.6781935764756104
2022-04-08,0.9088084055817545
2022-04-11,-0.3908263981236934
2022-04-12,-0.17245170323086656
2022-04-13,0.020080005274204414
2022-04-14,-0.6421890122862041
2022-04-19,1.132854425035521
2022-04-20,0.5759765480987251
2022-04-21,0.44252228486654516
2022-04-22,-1.1723427131431035
2022-04-25,-1.0088303186548555
2022-04-26,-1.0327527280577498
2022-04-27,-0.0082658059461724
2022-04-28,0.5303128772330487
2022-04-29,0.4546241601172102
2022-05-02,-0.506076668955328
2022-05-03,0.8505860969142024
2022-05-04,-0.49032512954581087
2022-05-05,-0.3966982693061828
2022-05-06,-0.39437377598373535
2022-05-09,-0.9409563992304484
2022-05-10,0.015751887874776486
2022-05-11,1.146514918967427
2022-05-12,-0.08429088524979274
2022-05-13,1.6027870503150656
2022-05-16,0.15192924179136827
2022-05-17,0.33971681797416625
2022-05-18,0.00935312811217236
2022-05-19,-0.20246713345673745
2022-05-20,0.09776510021798372
2022-05-23,0.6167249953870292
2022-05-24,-0.7039147229589439
2022-05-25,0.6757809948217931
2022-05-26,1.011929970794592
2022-05-27,0.24584773031423332
2022-05-30,0.4732244636654914
2022-05-31,0.19168828529813253
2022-06-01,0.8475980621778221
2022-06-02,0.3056317624804594
2022-06-03,-0.6274370217436355
2022-06-06,0.5137367746754721
2022-06-07,-0.2630292730196537
2022-06-08,0.5695410018489514
2022-06-09,-0.7113070678654856
2022-06-10,-1.3710458700464188
2022-06-13,-2.0545693375263485
2022-06-14,-0.31043252429444285
2022-06-15,0.8453197581197985
2022-06-16,-1.268085347027619
2022-06-17,-0.35178297020822974
2022-06-20,0.6343252536275971
2022-06-21,0.7831212215853363
2022-06-22,-0.6212077803412762
2022-06-23,-1.6232084975181393
2022-06-24,0.028698663921585047
2022-06-27,-0.10073852139964824
2022-06-28,0.5862675312065506
2022-06-29,-1.9889611814628807
2022-06-30,-2.3130629338450546
2022-07-01,0.011914294793439525
2022-07-04,-0.16994366390219048
2022-07-05,-2.153319213695851
2022-07-06,-0.06506906828887826
2022-07-07,2.180086432200248
2022-07-08,2.45153351111508
2022-07-11,-1.361745896331568
2022-07-12,0.10343790178422607
2022-07-13,-0.7629575503066474
2022-07-14,-0.6949677679617833
2022-07-15,1.9614009744676697
2022-07-18,1.1806998933967496
2022-07-19,1.6185231468594012
2022-07-20,-0.4966057653399607
2022-07-21,-1.171943720263364
2022-07-22,-0.5031464094174859
2022-07-25,-0.5476911087053631
2022-07-26,-0.7316389433064356
2022-07-27,0.11642658135196453
2022-07-28,1.536318100058235
2022-07-29,0.5256931104891897
2022-08-01,0.4017925874654113
2022-08-02,0.8790928926329471
2022-08-03,0.8788812015102013
2022-08-04,-0.27009770254937326
2022-08-05,-0.05604513686099453
2022-08-08,0.6617194535497936
2022-08-09,-0.8518990354411279
2022-08-10,0.9000322224394608
2022-08-11,0.2902722248505864
2022-08-12,0.39235789301538065
2022-08-15,0.48016042493173317
2022-08-16,0.15711355497048443
2022-08-17,-1.045201641929631
2022-08-18,0.5478823904460214
2022-08-19,-0.927464754151507
2022-08-22,-1.9203126632062302
2022-08-23,0.7837288618215039
2022-08-24,-0.1958022358007866
2022-08-25,0.14303392181647084
2022-08-26,-0.2931555060368692
2022-08-29,0.49356615177085833
2022-08-30,0.9722222817891264
2022-08-31,-1.1272291554904064
2022-09-01,-0.7749058260811511
2022-09-02,2.7669083705607163
2022-09-05,-1.6086886452737403
2022-09-06,1.5518579652606166
2022-09-07,-0.03707723560697665
2022-09-08,-0.764149888195177
2022-09-09,0.2432358401192499
2022-09-12,1.4310664908623276
2022-09-13,-0.9432156665710816
2022-09-14,0.4560574945611127
2022-09-15,-0.30576691418824425
2022-09-16,-1.1249869310210694
2022-09-19,0.4430821158532832
2022-09-20,-0.03743407212451871
2022-09-21,0.2940882642097261
2022-09-22,-0.17661821777804004
2022-09-23,-2.155172017256495
2022-09-26,-0.6056116184923367
2022-09-27,-0.4696424764178729
2022-09-28,0.35376960107233046
2022-09-29,-3.0473401652750924
2022-09-30,-0.7011093059704684
2022-10-03,0.0052947251017374216
2022-10-04,1.6212397010072181
2022-10-05,-0.5732258740144558
2022-10-06,0.8947240776637668
2022-10-07,-0.6935880472098516
2022-10-10,-1.9669181212986342
2022-10-11,-0.4095873240877838
2022-10-12,-0.08480428904975096
2022-10-13,0.36616387694861724
2022-10-14,0.03313249444540422
2022-10-17,1.182014036393634
2022-10-18,0.8615967763590479
2022-10-19,-0.18610676100651824
2022-10-20,-0.0016656588405731072
2022-10-21,-0.0875311063917289
2022-10-24,0.18304314671723165
2022-10-25,0.30652364150634315
2022-10-26,-0.0540263002979442
2022-10-27,-0.11961101916464284
2022-10-28,-0.8226020207779344
2022-10-31,0.357781302300329
2022-11-01,0.9290826102139841
2022-11-02,-0.39251802846102757
2022-11-03,-1.0344910548214974
2022-11-04,1.6865509372285428
2022-11-07,1.0352315797072673
2022-11-08,-0.014548832586380667
2022-11-09,-0.34910875977596534
2022-11-10,1.1606740166415797
2022-11-11,1.1116202165598588
2022-11-14,0.2194162852199401
2022-11-15,-0.020218966182763098
2022-11-16,-1.8400654057840857
2022-11-17,0.36441189183076844
2022-11-18,0.9881125957003826
2022-11-21,-0.6842547270656525
2022-11-22,0.028541825649948675
2022-11-23,-0.8193136877665118
2022-11-24,-0.052039996529675676
2022-11-25,-0.14613018663328936
2022-11-28,-0.4245469442098459
2022-11-29,0.8078498749397994
2022-11-30,0.6274929094213707
2022-12-01,-0.16785334895228043
2022-12-02,-0.11910904780672833
2022-12-05,0.5491654654852112
2022-12-06,-0.3259019345752649
2022-12-07,-0.6880693561426847
2022-12-08,-0.32087153524301704
2022-12-09,0.19206092881052245
2022-12-12,-0.3594536284802859
2022-12-13,0.511221857955385
2022-12-14,-0.014484073439826438
2022-12-15,-1.3352327779346895
2022-12-16,0.937463806453005
2022-12-19,1.6027068878734871
2022-12-20,-0.9891294683179485
2022-12-21,0.19257277463317898
2022-12-22,-1.7983654461630345
2022-12-23,0.281742165313306
2022-12-27,0.06577704844176535
2022-12-28,-0.34248301084264976
2022-12-29,0.4294004436247996
2022-12-30,0.09493413576152512
2023-01-02,1.3040600967407834
2023-01-03,0.7069275705836113
2023-01-04,1.3124467395008166
2023-01-05,0.4118471451468546
2023-01-06,0.34093584413221173
2023-01-09,-0.05510819816406011
2023-01-10,-0.2567181457656199
2023-01-11,0.15976236408749128
2023-01-12,0.3058600200160609
2023-01-13,-1.2308225765108243
2023-01-16,0.2036102606159882
2023-01-17,-0.17220672852115262
2023-01-18,-0.021962095651350207
2023-01-19,-0.7192910827185396
2023-01-20,0.37977510751531773
2023-01-23,0.3010275915216488
2023-01-24,-0.4765044728734461
2023-01-25,0.09545829231613673
2023-01-26,0.30142493003430587
2023-01-27,0.3604324623473852
2023-01-30,0.05287937605967126
2023-01-31,0.22193450858496372
2023-02-01,0.48851679342702015
2023-02-02,1.5901538802920991
2023-02-03,-0.44776424412908983
2023-02-06,-0.5311670952549383
2023-02-07,0.2931783354492368
2023-02-08,-0.6530444620803306
2023-02-09,0.30875340079455116
2023-02-10,-0.5579354998133857
2023-02-13,-0.08164838803094668
2023-02-14,0.595043265969713
2023-02-15,0.24771695305072464
2023-02-16,-0.0082658059461724
2023-02-17,0.07019530263194959
2023-02-20,0.47240682998769784
2023-02-21,-0.5346848168910336
2023-02-22,0.030946598487215614
2023-02-23,0.2197864895138053
2023-02-24,-1.3615969159752175
2023-02-27,0.5050797768353591
2023-02-28,-0.06795078017738809
2023-03-01,-0.22782670768333868
2023-03-02,0.03173982978693165
2023-03-03,4.2934357358287425
2023-03-06,-0.7745780054847411
2023-03-07,-0.2791263245012918
2023-03-08,0.3790335560608011
2023-03-09,-0.8924665182679437
2023-03-10,-0.669316116177854
2023-03-13,-1.506079742990843
2023-03-14,-0.690400196699138
2023-03-15,-1.7870105523075286
2023-03-16,-0.2385176765273014
2023-03-17,-0.7420909251637212
2023-03-20,-0.07949740166310076
2023-03-21,1.0270427795694423
2023-03-22,0.20691103494448826
2023-03-23,-0.502694458127181
2023-03-24,-1.2085921668942845
2023-03-27,0.6564250800822148
2023-03-28,0.3519153985939285
2023-03-29,0.24416559705060464
2023-03-30,0.7127485322223929
2023-03-31,0.3204587830335674
2023-04-03,0.06671251346026931
2023-04-04,-0.16519000315571097
2023-04-05,-0.4617888504887118
2023-04-06,-0.22295259761597158
2023-04-11,0.6941074583754957
2023-04-12,-0.0014383219611048797
2023-04-13,0.18251485471441006
2023-04-14,0.538903298480051
2023-04-17,-0.27759906205596335
2023-04-18,-0.11647418888795479
2023-04-19,-0.3891628741507324
2023-04-20,-1.3546146038399174
2023-04-21,0.10439014289899663
2023-04-24,0.02687148436881458
2023-04-25,-0.45319005733870177
2023-04-26,0.16177312076704795
2023-04-27,0.2666195187331281
2023-04-28,0.5778790219646817
2023-05-02,-0.1610073253680322
2023-05-03,0.33119040491319596
2023-05-04,0.2462854546018778
2023-05-05,0.7397051957626823
2023-05-08,-0.021748893508248577
2023-05-09,-0.25169916586064356
2023-05-10,0.08656656350092315
2023-05-11,0.6123452284171873
2023-05-12,-0.1517950826172663
2023-05-15,-0.188354420225971
2023-05-16,-0.7877145600798194
2023-05-17,-0.037682201872045976
2023-05-18,1.3599956179782093
2023-05-19,-0.0439110915224209
2023-05-22,0.10568177664910992
2023-05-23,0.21872138198046817
2023-05-24,-0.6641173520698628
2023-05-25,-0.4342087554755245
2023-05-26,0.5754279275892685
2023-05-29,0.1631606042314031
2023-05-30,-0.5246222674043302
2023-05-31,-0.8167184797946135
2023-06-01,0.5396504218902759
2023-06-02,1.229504693204405
2023-06-05,0.342914469588252
2023-06-06,0.5131658051933707
2023-06-07,0.09525928594504979
2023-06-08,0.4784096722951454
2023-06-09,0.16857565109239114
2023-06-12,1.0708545030002445
2023-06-13,0.4329224218461882
2023-06-14,0.2855293041728425
2023-06-15,-0.5517280088866262
2023-06-16,-0.35893257333414974
2023-06-19,-0.3551329608437429
2023-06-20,-0.6425062859698147
2023-06-21,-0.3769061844848452
2023-06-22,-0.7063865881868316
2023-06-23,-0.2318454697160596
2023-06-26,0.12462332570541494
2023-06-27,-0.7265642324697716
2023-06-28,0.3523913331018822
2023-06-29,0.2374946378303714
2023-06-30,0.17339637001134517
2023-07-03,0.2835661429719209
2023-07-04,-0.09838424735370553
2023-07-05,0.02641873453641449
2023-07-06,-0.7990333299159519
2023-07-07,0.3434332061203517
2023-07-10,-0.12049455426113712
2023-07-11,0.23685207402038394
2023-07-12,0.2771062186148993
2023-07-13,0.10950311314506066
2023-07-14,-0.26500001374756066
2023-07-17,-0.39277020947949326
2023-07-18,0.2228505456987912
2023-07-19,0.35340309295509265
2023-07-20,0.09549322666693928
2023-07-21,0.28780592634298113
2023-07-24,0.22439546305636543
2023-07-25,-0.11759578996303392
2023-07-26,-0.6215608767152869
2023-07-27,-0.8989002301364795
2023-07-28,0.10496677837566636
2023-07-31,-0.26345565798031606
2023-08-01,-0.20780302407942894
2023-08-02,-0.3453061171124573
2023-08-03,-0.08753236331596126
2023-08-04,-0.10212809335629619
2023-08-07,-0.10234048138147511
2023-08-08,-0.7020667120746373
2023-08-09,0.16074171495634518
2023-08-10,0.2840772806789789
2023-08-11,-0.2566309049916736
2023-08-14,-0.04491045714981968
2023-08-15,-0.4356644250165016
2023-08-16,-0.24591212036396554
2023-08-17,-0.1574663098320935
2023-08-18,-0.09803343151996202
2023-08-21,-0.030738768619197294
2023-08-22,-0.0007768020064608488
2023-08-23,-0.263725034471222
2023-08-24,-0.6001459261124593
2023-08-25,-0.03884164774465735
2023-08-28,0.3040905528806487
2023-08-29,0.29429670330605534
2023-08-30,-0.12147492006988528
2023-08-31,-0.15209976299427558
2023-09-01,-1.8362187403639953
2023-09-04,-0.016180067568299077
2023-09-05,0.06290651693746767
2023-09-06,-0.39719899810155535
2023-09-07,-0.7076350263888725
2023-09-08,0.515324751101473
2023-09-11,0.39019190275240734
2023-09-12,0.3629319847621987
2023-09-13,0.015320191248652467
2023-09-14,-0.17363061752918776
2023-09-15,0.4469169828126318
2023-09-18,-0.9394714731097609
2023-09-19,0.89951629979264
2023-09-20,0.7964483958997183
2023-09-21,-0.08498942133158406
2023-09-22,1.076026145912745
2023-09-25,-0.46744448566852975
2023-09-26,-1.1821028011322026
2023-09-27,-0.5247205924485648
2023-09-28,-0.05552190802858034
2023-09-29,0.06260573910067456
2023-10-02,0.015326261234934462
2023-10-03,-0.761910962546134
2023-10-04,0.1754175260805759
2023-10-05,-0.43272041079968565
2023-10-06,0.1042620001642634
2023-10-09,-0.4358364739629066
2023-10-10,0.9537868052359288
2023-10-11,0.449094529888775
2023-10-12,-0.2678892240876889
2023-10-13,-0.380771341711967
2023-10-16,0.36423972981961794
2023-10-17,-0.047742354285828896
2023-10-18,-0.36517964569891775
2023-10-19,-0.9422609437978666
2023-10-20,-0.89654141661727
2023-10-23,-0.38388251460458434
2023-10-24,-0.2015248795766416
2023-10-25,-0.422922303654727
2023-10-26,-0.36262197485309083
2023-10-27,-0.3007800139959846
2023-10-30,-0.07306591121787763
2023-10-31,0.2889886493053498
2023-11-01,-0.02544231478206834
2023-11-02,1.340326920708094
2023-11-03,0.8405882374244741
2023-11-06,-0.00010952902142606901
2023-11-07,-0.3605323917305923
2023-11-08,0.07391600419763596
2023-11-09,0.18832779614989067
2023-11-10,-0.509717769022514
2023-11-13,0.5666773306747134
2023-11-14,1.111045325953346
2023-11-15,0.802696261109233
2023-11-16,-0.6526352127489885
2023-11-17,0.22072700661457512
2023-11-20,-0.0082658059461724
2023-11-21,-0.7950997422869055
2023-11-22,-0.03233399169196462
2023-11-23,-0.09664106831814394
2023-11-24,0.1602889295333889
2023-11-27,-0.3621964878180963
2023-11-28,-0.4303471833615519
2023-11-29,0.7196523416371582
2023-11-30,-0.19311677852291442
2023-12-01,0.2326894858111433
2023-12-04,0.3029639991087707
2023-12-05,0.2928213660016992
2023-12-06,2.2298935337249413
2023-12-07,-0.324169757983452
2023-12-08,0.4871142308733909
2023-12-11,0.2892040767954148
2023-12-12,-0.23862504678477492
2023-12-13,-0.2923369369031835
2023-12-14,0.5357996118676134
2023-12-15,0.07311856826737052
2023-12-18,-0.43914650815290973
2023-12-19,-0.24786016002199598
2023-12-20,-0.1737698488987356
2023-12-21,-0.48577154364716396
2023-12-22,0.02982495992573417
2023-12-27,0.08302216079773167
2023-12-28,-0.2521237427987628
2023-12-29,-0.1460470704153262
2024-01-02,0.4037528824828756
2024-01-03,-0.7821463529374008
2024-01-04,0.5524711681492854
2024-01-05,0.34891525599872225
2024-01-08,0.27083980205557917
2024-01-09,-0.25711194279752436
2024-01-10,0.006857583278990328
2024-01-11,-0.0612210326920211
2024-01-12,-0.48780361629993335
2024-01-15,-0.2000528791765102
2024-01-16,-0.08522700841203272
2024-01-17,-1.0214929006351336
2024-01-18,-0.22967121053075748
2024-01-19,-0.5026317496985832
2024-01-22,0.4146906393421016
2024-01-23,2.249951979454856
2024-01-24,0.8198877373954337
2024-01-25,-0.4390004529738756
2024-01-26,0.17792867397976678
2024-01-29,0.22149261073476684
2024-01-30,0.2423202818632725
2024-01-31,1.1516818509484175
2024-02-01,-0.6060650422701425
2024-02-02,0.5752285505098613
2024-02-05,-0.2666177829815378
2024-02-06,-0.3842081136161089
2024-02-07,-0.12461065230938324
2024-02-08,0.36147867232117964
2024-02-09,-0.06605104883907226
2024-02-12,0.4161044336396656
2024-02-13,-0.41818084066282657
2024-02-14,-0.31284091593962887
2024-02-15,0.49815925923093063
2024-02-16,0.16399634425655643
2024-02-19,0.10619530391736161
2024-02-20,-0.6923904837719983
2024-02-21,0.5327370190044689
2024-02-22,0.9906907208470896
2024-02-23,0.5483337535320166
2024-02-26,-0.34832593541617063
2024-02-27,0.35943377882006766
2024-02-28,0.6089899407392525
2024-02-29,-0.19250876962490815
2024-03-01,-2.1752654082385336
2024-03-04,0.5349615401056674
2024-03-05,-0.5514931519980122
2024-03-06,-0.8729346718937556
2024-03-07,-0.09643291148818248
2024-03-08,-0.022975817541637997
2024-03-11,0.2557867837586743
2024-03-12,1.3094233245245595
2024-03-13,-2.610032038437944
2024-03-14,-0.3183073542741947
2024-03-15,0.3093101861943534
2024-03-18,0.6050615425605375
2024-03-19,0.676881965227282
2024-03-20,0.08663896316168615
2024-03-21,0.0791551622043429
2024-03-22,0.10075784147136317
2024-03-25,0.460996460467826
2024-03-26,0.6613959386810873
2024-03-27,0.16808792937533434
2024-03-28,0.37020107790985285
2024-04-02,-0.057140585567203174
2024-04-03,0.9416687025819028
2024-04-04,1.02124186854727
2024-04-05,-0.71444452524604
2024-04-08,-0.1101076656617848
2024-04-09,-0.4695608469764446
2024-04-10,-0.26670330829759603
2024-04-11,-0.35529442334380856
2024-04-12,0.23494743224862874
2024-04-15,-0.1470735648939527
2024-04-16,-0.9394169945085344
2024-04-17,0.13358885500602702
2024-04-18,0.3091961883563954
2024-04-19,-0.2726554504971546
2024-04-22,0.02708238983288771
2024-04-23,0.00939270751311898
2024-04-24,-0.4520171666372276
2024-04-25,-0.4746963036943886
2024-04-26,0.45816469180204816
2024-04-29,0.2230611026145926
2024-04-30,-2.043427009595466
2024-05-02,-0.3070577740672785
2024-05-03,0.42059300515207576
2024-05-06,0.5264192561897136
2024-05-07,0.3929638967125646
2024-05-08,-0.31797522395837235
2024-05-09,0.06480804115287032
2024-05-10,-0.17285993769175645
2024-05-13,0.6463421160185658
2024-05-14,1.0961863375582641
2024-05-15,-0.23749882998715116
2024-05-16,-0.3098912260452689
2024-05-17,0.009535197932191574
2024-05-20,-0.4375597416603677
2024-05-21,-0.02624605192898542
2024-05-22,-0.27888818763350604
2024-05-23,-0.15330079701595742
2024-05-24,0.15486012089854118
2024-05-27,0.6915398216632453
2024-05-28,1.011782788133133
2024-05-29,-0.8861656790982778
2024-05-30,1.037460244354158
2024-05-31,0.17847634244431296
2024-06-03,-0.026902537780174783
2024-06-04,-0.32635485005753717
2024-06-05,-0.0082658059461724
2024-06-06,-0.25311463710089366
2024-06-07,-0.3305732991607605
2024-06-10,-0.10352690821438118
2024-06-11,-0.44921111975529254
2024-06-12,-0.6489527477766933
2024-06-13,-1.5212796740838528
2024-06-14,-0.5178722170830137
2024-06-17,0.25748510875926295
2024-06-18,0.09351042791546482
2024-06-19,-0.17122333168685389
2024-06-20,0.337280105665666
2024-06-21,-0.4764369444744888
2024-06-24,0.6013815703441583
2024-06-25,0.13274821444918913
2024-06-26,-0.7180120217408784
2024-06-27,-0.3572879018998792
2024-06-28,0.5854238617737078
2024-07-01,0.2552261389998868
2024-07-02,-0.1296784883224629
2024-07-03,0.29461522997899325
2024-07-04,0.4321254458989861
2024-07-05,-0.3080396085649737
2024-07-08,-0.0283243891838081
2024-07-09,-0.08860068997057817
2024-07-10,-0.14921029919831136
2024-07-11,0.3532334102911952
2024-07-12,0.5480768464693063
2024-07-15,-0.14667748317745682
2024-07-16,-0.5062690124398027
2024-07-17,-0.20909679947074422
2024-07-18,0.4522499657834453
2024-07-19,-0.8123720116443723
2024-07-22,0.41577260659722887
2024-07-23,-0.4120144505760075
2024-07-24,-0.13013882393270643
2024-07-25,-0.29398123555167455
2024-07-26,0.053119957324231325
2024-07-29,-0.2132267580248252
2024-07-30,-0.1111167078572726
2024-07-31,-0.3598173989268938
2024-08-01,-1.7110997900743716
2024-08-02,-1.0226927646244512
2024-08-05,-1.3384002869423044
2024-08-06,-0.3841721012950154
2024-08-07,0.54982046626038
2024-08-08,-0.026450103672398795
2024-08-09,-0.15401119625592133
2024-08-12,-0.20947379426854082
2024-08-13,-0.2657228727137972
2024-08-14,-0.15608474709286316
2024-08-15,0.9345020957145771
2024-08-16,0.25347511005670953
2024-08-19,0.4570934207759194
2024-08-20,-0.11521268718444144
2024-08-21,0.1787137531099109
2024-08-22,0.009496548281465497
2024-08-23,0.20434255116665498
2024-08-26,-0.10557994766280587
2024-08-27,0.009445099494897063
2024-08-28,-0.23906595882888798
2024-08-29,-0.07953285729255868
2024-08-30,0.009562976092223334
2024-09-02,0.5231419538575348
2024-09-03,-0.5218521974195711
2024-09-04,-0.5461240737118176
2024-09-05,-0.09856694898434344
2024-09-06,-1.3022134018510678
2024-09-09,-0.12021023566184315
2024-09-10,-1.481177850585753
2024-09-11,0.25196994474485335
2024-09-12,0.3553421713660267
2024-09-13,1.129404937871164
2024-09-16,-0.6156546833321755
2024-09-17,0.5712784662414715
2024-09-18,0.1307766650875432
2024-09-19,0.5525704599866317
2024-09-20,-1.4102048996865983
2024-09-23,0.8975719606726903
2024-09-24,0.6792286417890154
2024-09-25,-0.5297530047898033
2024-09-26,0.8573848819934171
2024-09-27,0.9285995532992247
2024-09-30,-0.8820300860409678
2024-10-01,-0.8542544613813606
2024-10-02,-0.2200950623945523
2024-10-03,-0.6875962478165112
2024-10-04,1.194118818296628
2024-10-07,-0.08129366265706488
2024-10-08,-0.6247972726107874
2024-10-09,0.4343283419764969
2024-10-10,-0.15528866807242267
2024-10-11,-0.22975576892794297
2024-10-14,-0.2308988258565964
2024-10-15,-0.18534637448612049
2024-10-16,-0.2611721467397095
2024-10-17,-0.28157196480171687
2024-10-18,0.5832698637070908
2024-10-21,-0.42054167497141454
2024-10-22,0.12334443985935978
2024-10-23,-0.17755168984156103
2024-10-24,0.8961923882623171
2024-10-25,-0.2952511548950602
2024-10-28,-0.20377113963520577
2024-10-29,-1.402363332374093
2024-10-30,0.4519532749093249
2024-10-31,-0.4588437968828975
2024-11-01,-0.22081333181174723
2024-11-04,-0.12464737249459582
2024-11-05,-0.09575985214900472
2024-11-06,-1.877989389473572
2024-11-07,0.7274625977854664
2024-11-08,-0.835580946438383
2024-11-11,0.19499650611468283
2024-11-12,-0.32373529546986757
2024-11-13,-1.073422687900649
2024-11-14,0.7493736885873695
2024-11-15,0.3298864580360383
2024-11-18,-0.028685239638081984
2024-11-19,-0.5012401726621811
2024-11-20,-0.6430518029275588
2024-11-21,-0.2817147129130076
2024-11-22,0.28614685389297034
2024-11-25,0.30494499355548227
2024-11-26,-1.0400128955882195
2024-11-27,-0.07224813274890407
2024-11-28,0.15151126740480544
2024-11-29,0.044862561478871466
2024-12-02,-0.04013405828261821
2024-12-03,-0.16796349136188113
2024-12-04,0.5322914968636434
2024-12-05,0.41098703663483127
2024-12-06,0.48947979850316387
2024-12-09,0.6058954958727312
2024-12-10,0.8071372922352624
2024-12-11,0.061476532603239605
2024-12-12,0.358504394828994
2024-12-13,0.5701709044136853
2024-12-16,-0.8838436863049772
2024-12-17,0.19995315019644927
2024-12-18,0.47366951745252006
2024-12-19,-0.1650364386131128
2024-12-20,0.7120463514010975
2024-12-23,-0.8662267679687882
2024-12-27,0.7820750390542065
2024-12-30,0.1750291070216187
2025-01-02,-0.8246275339242585
2025-01-03,-0.2740037558870305
2025-01-06,1.2850955364721424
2025-01-07,0.13518235077194915
2025-01-08,-0.22841772224718646
2025-01-09,0.17367760024064047
2025-01-10,0.30592299354422
2025-01-13,0.24709236907100804
2025-01-14,0.45130990833766016
2025-01-15,0.6674005469285472
2025-01-16,-0.19231979288077525
2025-01-17,0.21250357040333123
2025-01-20,0.7105182956376265
2025-01-21,-0.34340883847972853
2025-01-22,-0.19965892655980985
2025-01-23,0.6983453049424857
2025-01-24,0.5452000421949553
2025-01-27,0.5819117102755481
2025-01-28,-0.07830988944266919
2025-01-29,-0.13990557899484085
2025-01-30,0.12337396710249607
2025-01-31,0.3495012766271483
2025-02-03,-1.8005419012709496
2025-02-04,0.01891159850066127
2025-02-05,-0.5917481670410347
2025-02-06,1.1329810411997856
2025-02-07,-0.9937454008492657
2025-02-10,0.26523165138370464
2025-02-11,-0.45589027572595736
2025-02-12,0.17500113018487523
2025-02-13,2.667879332914933
2025-02-14,0.17175391225347533
2025-02-17,0.07719513809968381
2025-02-18,-0.0509749760826085
2025-02-19,-1.2392919615752362
2025-02-20,-0.06987308729520726
2025-02-21,0.6819444095332311
2025-02-24,1.0827498345073299
2025-02-25,1.4453725020784989
2025-02-26,0.3981630882193481
2025-02-27,-0.6809502961642698
2025-02-28,-0.09052811121522925
2025-03-03,0.9685853216626493
2025-03-04,-1.8165223267386221
2025-03-05,1.4159796849068833
2025-03-06,1.6445168283837794
2025-03-07,-0.618135987079885
2025-03-10,0.7770503291852692
2025-03-11,-0.47772723472044026
2025-03-12,0.38330935593838794
2025-03-13,-0.8943961220269862
2025-03-14,-0.02816604540112286
2025-03-17,0.24973542586350927
2025-03-18,0.4052486414097726
2025-03-19,-0.8393266810225832
2025-03-20,-1.824444076161557
2025-03-21,-0.5748146100946653
2025-03-24,-0.02939233475315407
2025-03-25,0.4123224727001275
2025-03-26,-0.683201926649267
2025-03-27,-0.6508188466860538
2025-03-28,-1.0302939080422344
2025-03-31,-1.5380936139867945
2025-04-01,0.4473796263353196
2025-04-02,-0.18994012178447459
2025-04-03,-1.9448178271334127
2025-04-04,-1.2156000923428476
2025-04-07,-1.0092621540393436
2025-04-08,0.211771762515347
2025-04-09,-1.0585503567258319
2025-04-10,0.6914265342715861
2025-04-11,0.0620816339998278
2025-04-14,0.984308190378914
2025-04-15,0.9330576609136412
2025-04-16,-0.22960412909652128
2025-04-17,0.3281005106206102
2025-04-22,1.3392402796533243
2025-04-23,1.1990709020502197
2025-04-24,0.6451019123686147
2025-04-25,0.5477059701153901
2025-04-28,0.28009895614489705
2025-04-29,-0.2703385059317098
2025-04-30,-1.0638980399060636
2025-05-02,0.4739828467570975
2025-05-05,0.05385534220483358
2025-05-06,-0.2929762978414992
2025-05-07,-0.1871719530856546
2025-05-08,1.523779518310888
2025-05-09,0.3019848014602751
2025-05-12,0.5589970297497674
2025-05-13,1.5722950633089923
2025-05-14,-0.7496887113102065
2025-05-15,0.26095228076487204
2025-05-16,-0.4023149972472174
2025-05-19,0.43801079926274217
2025-05-20,0.28087086586852683
2025-05-21,-0.21835367573368858
2025-05-22,-0.5735831465221328
2025-05-23,-1.317340008934563
2025-05-26,1.0421721740296745
2025-05-27,-0.17856559703579922
2025-05-28,0.48286602576295456
2025-05-29,-0.32909784656566826
2025-05-30,-0.21450565868084787
2025-06-02,-0.8524639331873438
2025-06-03,0.265876485577215
2025-06-04,-0.32826886851261294
2025-06-05,-0.08174807311323391
2025-06-06,-0.7500844216168727
2025-06-09,-0.045696832255232994
2025-06-10,0.4850528721323755
2025-06-11,-0.45479902333065947
2025-06-12,-0.37453467574131677
2025-06-13,-0.9812591370759279
2025-06-16,0.21307471695574218
2025-06-17,-0.41331499361531054
2025-06-18,-0.37806627538871806
2025-06-19,-0.5789190699001399
2025-06-20,0.36646992002733525
2025-06-23,-0.13609717175249766
2025-06-24,1.4915859846033852
2025-06-25,-0.4287208819938981
2025-06-26,-0.6565372759647693
2025-06-27,1.6272413095996858
2025-06-30,-0.8229974125785606
2025-07-01,-0.18076984484103253
2025-07-02,0.7908769895578633
2025-07-03,0.06706970519151924
2025-07-04,-0.5193829916482529
2025-07-07,0.03931958443842783
2025-07-08,0.5304728900779769
2025-07-09,0.6534590783217269
2025-07-10,0.625174976637031
2025-07-11,-0.04472990877410869
2025-07-14,-0.8277847829848911
2025-07-15,0.6101284191407824
2025-07-16,-1.6045813140417287
2025-07-17,0.21939560053291113
2025-07-18,-0.14092188373887976
2025-07-21,0.22833378413017646
2025-07-22,-0.4065007141883965
2025-07-23,2.5523931296728106
2025-07-24,0.19763283015105879
2025-07-25,1.8999314228742559
2025-07-28,-1.5695811107946884
2025-07-29,-0.5610463660153114
2025-07-30,-0.8784987704507452
2025-07-31,-0.691340536893254
2025-08-01,-1.4079740229462758
2025-08-04,-0.2396177282178593
2025-08-05,0.7675887984835245
2025-08-06,0.3509279093148176
2025-08-07,1.0148598868246248
2025-08-08,0.9550675572803987
2025-08-11,0.6073752131583519
2025-08-12,0.4762037324647873
2025-08-13,0.3406691833198716
2025-08-14,0.07852419105524808
2025-08-15,0.23381793573664125
2025-08-18,-0.24168152945008692
2025-08-19,0.8584412357100993
2025-08-20,0.11896898455642388
2025-08-21,-0.07183436673761114
2025-08-22,0.5605074799252221
2025-08-25,-0.3233189775758039
2025-08-26,-0.09267454225656839
2025-08-27,-0.4754976932537674
2025-08-28,-0.05099451050858822
2025-08-29,-0.29565589919360963
2025-09-01,0.16354321600263158
2025-09-02,-0.6474282279073145
2025-09-03,0.22604794099049727
2025-09-04,0.017689053235226557
2025-09-05,0.3448983966173687
2025-09-08,1.1260905987288787
2025-09-09,-0.029154725058486874
2025-09-10,-0.4915877819916379
2025-09-11,0.5794086430824842
2025-09-12,-0.34309331839491136
2025-09-15,-0.26111274252609
2025-09-16,-0.6469891049673717
2025-09-17,-0.37880707818717985
2025-09-18,-0.6974917830802115
2025-09-19,-0.08749321373514232
2025-09-22,-3.161313596941084
2025-09-23,1.3177178095371889
2025-09-24,-0.0542643999160985
2025-09-25,-0.42449710443261296
2025-09-26,-0.7583615042981259
2025-09-29,0.5275188778317004
2025-09-30,0.08504336767558415
2025-10-01,0.43681825160471355
2025-10-02,0.21255653172271086
2025-10-03,-0.06336569133583071
2025-10-06,-0.20166990230851464
2025-10-07,0.07472905970605068
2025-10-08,-0.8079746476218934
2025-10-09,-0.15870913710002
2025-10-10,-0.8837149448772285
2025-10-13,-0.06598772791687649
2025-10-14,0.4894159918591957
2025-10-15,0.04878651732274025
2025-10-16,-0.1319777294221826
2025-10-17,0.5879706637913652
2025-10-20,0.18865408594558286
2025-10-21,-0.15821565853817415
2025-10-22,-0.9575302892263703
2025-10-23,0.02051901277705251
2025-10-24,0.5444945583730799
2025-10-27,0.38760796547860094
2025-10-28,0.029247125087845077
2025-10-29,0.2534022318391321
2025-10-30,-0.8360940475989985
2025-10-31,-0.017763832689190122
2025-11-03,0.9685873659811907
2025-11-04,-0.5314962254271924
2025-11-05,1.0227059131925116
2025-11-06,-0.27523532939492795
2025-11-07,0.6333268236833853
2025-11-10,0.659702410263361
2025-11-11,0.8518410095960149
2025-11-12,0.41105266677219054
2025-11-13,0.15658989485547187
2025-11-14,-0.5836603183104495
2025-11-17,-0.5825959403309743
2025-11-18,-0.7530105537590811
2025-11-19,0.027924631207073586
2025-11-20,-0.4719867561032176
2025-11-21,0.42831690781499243
2025-11-24,0.3701282593905111
2025-11-25,0.7210145288465626
2025-11-26,-0.0700390042975465
2025-11-27,0.04468954118283967
2025-11-28,0.5177064200336692
2025-12-01,0.49411368018849855
2025-12-02,0.700561235061054
2025-12-03,0.6848638248526807
2025-12-04,1.0616845585862968
2025-12-05,0.57703767042184
2025-12-08,-0.22933807297917663
2025-12-09,0.19275492548316192
2025-12-10,-0.028323665766173185
2025-12-11,0.13195468415346287
2025-12-12,0.5678105691318176
2025-12-15,-0.4844643913679481
2025-12-16,-0.28851411821317613
2025-12-17,-0.798754755167529
2025-12-18,-0.11067335946138
2025-12-19,-0.19321706173137904
2025-12-22,0.03290315577659102
2025-12-23,-0.17318261907610888
2025-12-29,-0.2984037350678503
2025-12-30,0.1991767069361407
2026-01-02,1.1754914139027817
2026-01-05,-1.274881478611568
2026-01-06,-0.11206227563985244
2026-01-07,-0.3840290794847293
2026-01-08,-0.17633224407244832
2026-01-09,0.8462021928590568
2026-01-12,-0.5690454573498397
2026-01-13,-0.17584257687878932
2026-01-14,0.6581421917246649
2026-01-15,-0.3610041327083268
2026-01-16,-0.6167783865360112
2026-01-19,-1.2083566651809825
2026-01-20,-0.5506618924292562
2026-01-21,0.6469942392249445
2026-01-22,2.696419336359841
2026-01-23,0.07305658312146633
2026-01-26,-0.5602182400165638
2026-01-27,-0.7763792044813805
2026-01-28,0.221531976422395
2026-01-29,0.2824375808511628
2026-01-30,-0.38238895007863916
2026-02-02,0.03346436919283096
2026-02-03,-0.21732739491612432
2026-02-04,1.5353899194543712
2026-02-05,-1.6148400310893316
2026-02-06,-0.5787215049695227
2026-02-09,0.055495142684415626
2026-02-10,1.5146988727561956
2026-02-11,-0.4201626765497473
2026-02-12,-0.5287669751120835
2026-02-13,0.32558044070960857
2026-02-16,-0.3421120526019491
2026-02-17,0.6774669386800987
2026-02-18,0.053533739970117275
2026-02-19,-0.6303019995522202
2026-02-20,-0.05005702049018381
2026-02-23,-1.1094087855811445
2026-02-24,0.7149045879838826
2026-02-25,-0.7142790656059655
2026-02-26,0.6766528843941269
2026-02-27,-0.15623538174453971
2026-03-02,-1.9399315135237143
2026-03-03,-1.4315750334007036
2026-03-04,0.383796393912261
2026-03-05,-0.7590470073879394
2026-03-06,-1.330815740035092
2026-03-09,-1.049626862503337
2026-03-10,1.1852409559362316
2026-03-11,0.6604394201492844
2026-03-12,0.29902293150908754
2026-03-13,-1.365643407670163
2026-03-16,-0.6936912586107977
2026-03-17,0.2633525548196343
2026-03-18,-0.1147688700432698
2026-03-19,-1.3573671021696625
2026-03-20,-0.15859208190552837
2026-03-23,0.3516323018680072
2026-03-24,0.26958241044447756
2026-03-25,0.493226054715767
2026-03-26,-0.40109811485069063
2026-03-27,-0.206036745960437
2026-03-30,-0.07770635504728217
2026-03-31,0.021509288703829437
2026-04-01,1.0209519727799081
2026-04-02,-0.5933592756825937
2026-04-07,-0.8210369031652502
2026-04-08,2.42305409405459
2026-04-09,-0.7136787816381261
2026-04-10,-0.07559866129912278
2026-04-13,-0.5995479636998493
2026-04-14,1.3084603832352137
2026-04-15,-0.0082658059461724
2026-04-16,-0.5416086487054234
2026-04-17,1.526051422403506
2026-04-20,-1.0471141968783937
2026-04-21,-0.24575693322859576
2026-04-22,-0.60298870643553
2026-04-23,-0.19218193138725415
2026-04-24,-0.8309679556590218
2026-04-27,0.21857202132118103
2026-04-28,-0.26477873846504085
2026-04-29,-0.5760552676509435
2026-04-30,0.3611539275769806
2026-05-04,-1.2283831153849407
2026-05-05,0.2771790844814435
2026-05-06,1.8313945491198005
2026-05-07,0.0014688815627610591
2026-05-08,-0.23267643815918557
2026-05-11,0.17720023363709175
2026-05-12,-0.626344431398483
2026-05-13,-0.11710473759361327
2026-05-14,1.1258045309459577
2026-05-15,-0.4446484126861774
2026-05-18,-0.0863145803287047
2026-05-19,-0.0864532441992652
2026-05-20,0.13822021991614697
2026-05-21,0.32193230767007724
2026-05-22,0.5109936625780164
2026-05-25,0.5896908774360262
2026-05-26,-0.2161302159680808
2026-05-27,0.8729119992924044
2026-05-28,0.07515987878612027
2026-05-29,-0.3522799003284005
2026-06-01,-0.6004519325479671
2026-06-02,0.20887784768370568
2026-06-03,-0.8162934000459932
2026-06-04,-0.3551368763475552
2026-06-05,-0.37747941886598574
2026-06-08,0.0892064270057616
