Date,Close
1998-07-23,-0.045056371437005034
1998-07-24,-0.0041291234127599375
1998-07-27,-0.029344160255958453
1998-07-28,-0.024124542961022403
1998-07-29,0.024124542961022552
1998-07-30,0.018553074250147256
1998-07-31,0.0
1998-08-03,-0.08814985852469812
1998-08-04,0.0036338613275817347
1998-08-05,0.004541085539248354
1998-08-06,-0.02058292153126148
1998-08-07,0.0
1998-08-10,-0.02857187188976005
1998-08-11,-0.08116031187750866
1998-08-12,0.006171252492222599
1998-08-13,-0.008755353973746832
1998-08-14,0.042991160537751504
1998-08-17,-0.014945299788158051
1998-08-18,0.02481083549779043
1998-08-19,0.009750545409955796
1998-08-20,-0.014671093559073985
1998-08-21,-0.055708905683282635
1998-08-24,0.002604465433939558
1998-08-25,0.04815945268882896
1998-08-26,-0.032693911568024925
1998-08-27,-0.08261406451721519
1998-08-28,0.0
1998-08-31,-0.06305587268085115
1998-09-01,0.054128270909930346
1998-09-02,-0.019238083286940672
1998-09-03,-0.04678811252793169
1998-09-04,0.0
1998-09-07,0.0294951133217938
1998-09-08,0.057619287096865666
1998-09-09,-0.012160602832866175
1998-09-10,-0.06305587268085115
1998-09-11,0.0
1998-09-14,-0.028811490898085917
1998-09-15,-0.019679345898632638
1998-09-16,-0.031542278552791084
1998-09-17,-0.05807192029016735
1998-09-18,0.0
1998-09-21,-0.043032031375964425
1998-09-22,0.0
1998-09-23,0.049811972845049665
1998-09-24,-0.004072939912439173
1998-09-25,0.0
1998-09-28,0.0680965859215822
1998-09-29,0.023779310921465586
1998-09-30,-0.07573501472949466
1998-10-01,-0.127991879928179
1998-10-02,0.007676569883426677
1998-10-05,-0.004480891345611129
1998-10-06,0.034125126536348166
1998-10-07,-0.04475789420267988
1998-10-08,-0.08770114881721601
1998-10-09,0.024662336176942252
1998-10-12,0.11507968486255052
1998-10-13,0.005060849192983673
1998-10-14,0.005035756589053939
1998-10-15,0.03939657474255071
1998-10-16,-0.02090790996938611
1998-10-19,-0.007077088766947708
1998-10-20,0.04031783045979095
1998-10-21,-0.007515625455519379
1998-10-22,-0.018725562249032806
1998-10-23,-0.01125116391042426
1998-10-26,0.09827847282131706
1998-10-27,0.01904948862724754
1998-10-28,-0.06497157309196304
1998-10-29,0.0027003818623643956
1998-10-30,0.0
1998-11-02,0.07910387345458213
1998-11-03,0.0
1998-11-04,0.05240319065770028
1998-11-05,-0.03644463138247721
1998-11-06,0.0
1998-11-09,0.01748815478309071
1998-11-10,-0.04277923333382632
1998-11-11,-0.0012463768585679231
1998-11-12,0.019801297809366774
1998-11-13,-0.0323729053394565
1998-11-16,0.048186248542904764
1998-11-17,0.0
1998-11-18,0.0012027949621969335
1998-11-19,0.02382023233811597
1998-11-20,0.02324346980969419
1998-11-23,0.0
1998-11-24,0.02273773438730904
1998-11-25,-0.03429184346192052
1998-11-26,0.048236555141300645
1998-11-27,-0.019586106100670672
1998-11-30,-0.010218288579407877
1998-12-01,0.0
1998-12-02,-0.053941753534420656
1998-12-03,-0.009684512763765375
1998-12-04,-0.0024300262034857856
1998-12-07,-0.0024358124641128574
1998-12-08,0.0
1998-12-09,-0.03736719776554647
1998-12-10,0.0025285056918087643
1998-12-11,0.0
1998-12-14,0.0
1998-12-15,-0.03871765246172187
1998-12-16,0.045035473900908556
1998-12-17,0.022381039143136085
1998-12-18,0.0
1998-12-21,-0.006177694627040503
1998-12-22,-0.008068955992641442
1998-12-23,0.017920695376815614
1998-12-24,0.0
1998-12-25,0.0
1998-12-28,0.052525731238843784
1998-12-29,-0.02891017947530714
1998-12-30,-0.0359390808855786
1998-12-31,0.0
1999-01-01,0.0
1999-01-04,0.10996006163280052
1999-01-05,-0.01754400109351821
1999-01-06,0.045413112671553776
1999-01-07,-0.026782590451375335
1999-01-08,0.020419816751653795
1999-01-11,-0.01608610124387902
1999-01-12,-0.04307664848848071
1999-01-13,-0.057849139034093874
1999-01-14,0.0
1999-01-15,-0.030599945093199722
1999-01-18,0.027965406702307828
1999-01-19,-0.004807583143109036
1999-01-20,0.034343100747489204
1999-01-21,0.024153348397402866
1999-01-22,0.0
1999-01-25,-0.07183807443884037
1999-01-26,0.04651980236859111
1999-01-27,-0.007017400334769652
1999-01-28,-0.023754229935109623
1999-01-29,0.028905237259826296
1999-02-01,-0.024108782522206402
1999-02-02,-0.019324128872581663
1999-02-03,-0.01227026615239335
1999-02-04,0.012270266152393407
1999-02-05,-0.012023471644002581
1999-02-08,0.007133267290609518
1999-02-09,-0.019802690084281694
1999-02-10,0.0
1999-02-11,-0.030459234755741114
1999-02-12,0.0
1999-02-15,0.03544672293152367
1999-02-16,-0.0175663109167361
1999-02-17,-0.0025345104685417933
1999-02-18,-0.014058031368736451
1999-02-19,-0.03031323471524502
1999-02-22,0.02126318938739268
1999-02-23,0.05064403819136553
1999-02-24,-0.05324446617652824
1999-02-25,-0.0715076109301952
1999-02-26,0.0
1999-03-01,-0.06351313502763334
1999-03-02,0.0
1999-03-03,0.010378307167668807
1999-03-04,0.0305034260911484
1999-03-05,0.007127279734327137
1999-03-08,0.004252678636768807
1999-03-09,-0.038937865293820983
1999-03-10,-0.051293281456364366
1999-03-11,0.030189434316078404
1999-03-12,0.0
1999-03-15,0.04407316439485174
1999-03-16,-0.01710442433741926
1999-03-17,-0.008810412085569957
1999-03-18,0.0146413513309209
1999-03-19,0.024409003457077964
1999-03-22,0.002550127002733574
1999-03-23,-0.0386549626223089
1999-03-24,-0.0029455191684234316
1999-03-25,0.0461173484482023
1999-03-26,0.034605757552081506
1999-03-29,-0.001361512818453773
1999-03-30,0.014606653829711234
1999-03-31,-0.0018815416045637342
1999-04-01,-0.03198283609667327
1999-04-02,0.0
1999-04-05,0.0
1999-04-06,-0.0013901296854754177
1999-04-07,0.015183341623884116
1999-04-08,0.0
1999-04-09,-0.0013709975108852448
1999-04-12,0.04164487657300722
1999-04-13,0.0
1999-04-14,0.01825349862778502
1999-04-15,0.036783058719837614
1999-04-16,0.0
1999-04-19,0.028239703406346354
1999-04-20,0.03567584852090538
1999-04-21,-0.009389769196654216
1999-04-22,0.0186921901715818
1999-04-23,0.0
1999-04-26,-0.004640523159322031
1999-04-27,0.0
1999-04-28,0.018433759644141005
1999-04-29,-0.07833182207876808
1999-04-30,-0.025001451026234984
1999-05-03,0.019802573388942958
1999-05-04,-0.019802573388942903
1999-05-05,0.025741789309132183
1999-05-06,-0.02827629977767389
1999-05-07,-0.023108076696588844
1999-05-10,-0.013071906464487125
1999-05-11,0.005249081194256471
1999-05-12,0.022007615099015172
1999-05-13,0.0
1999-05-14,0.006381698654878893
1999-05-17,-0.0076627544758666
1999-05-18,-0.05670631996389963
1999-05-19,0.0161514426125188
1999-05-20,0.009302089054670606
1999-05-21,-0.017345351984709774
1999-05-24,0.0
1999-05-25,-0.02314599293250518
1999-05-26,-0.02935211278119527
1999-05-27,0.0033982801272114836
1999-05-28,-0.013377052153867319
1999-05-31,-0.04094152708457178
1999-06-01,0.026511295654149752
1999-06-02,0.030066588130788455
1999-06-03,0.0
1999-06-04,-0.014204513370560883
1999-06-07,0.02402891420659581
1999-06-08,0.01662132270043204
1999-06-09,-0.019418147355242422
1999-06-10,0.016666951926260103
1999-06-11,-0.011637773733523326
1999-06-14,-0.006991885828215227
1999-06-15,0.01310491962255256
1999-06-16,0.05129323268082715
1999-06-17,-0.005277147824426241
1999-06-18,0.0052771478244262844
1999-06-21,0.006557312422498335
1999-06-22,-0.0065573124224982855
1999-06-23,-0.023969268327521203
1999-06-24,-0.04380248039121163
1999-06-25,0.005336304050831531
1999-06-28,0.026262708475699323
1999-06-29,0.006798106859775523
1999-06-30,-0.016393863409214844
1999-07-01,0.002201561536120191
1999-07-02,0.011478662850222664
1999-07-05,-0.05588064103700475
1999-07-06,0.01000722533001308
1999-07-07,0.034944386749631164
1999-07-08,-0.011327665071104573
1999-07-09,-0.022195292101596195
1999-07-12,0.0
1999-07-13,0.02524702180453242
1999-07-14,-0.005555432336596716
1999-07-15,0.0
1999-07-16,-0.004187467433446855
1999-07-19,-0.00701747941176203
1999-07-20,-0.017045765686859546
1999-07-21,-0.026714752364294093
1999-07-22,-0.021717178965898445
1999-07-23,-0.03675770131764176
1999-07-26,0.029210514080745365
1999-07-27,-0.015267520162062677
1999-07-28,0.00857847707979773
1999-07-29,0.005476030801171119
1999-07-30,-0.01098246994908033
1999-08-02,0.007639863349829185
1999-08-03,-0.0018285160877363031
1999-08-04,-0.005811347262092855
1999-08-05,0.0030631403311598003
1999-08-06,-0.05338803685761358
1999-08-09,-0.0064726253263177125
1999-08-10,0.006472625326317825
1999-08-11,-0.0162604811140204
1999-08-12,-0.0032838106241880106
1999-08-13,0.0032838106241880587
1999-08-16,0.024292722513999283
1999-08-17,0.012086750887571163
1999-08-18,0.005359996976165407
1999-08-19,0.0021988370220782567
1999-08-20,-0.011677700229636559
1999-08-23,-0.0189077006610592
1999-08-24,0.012538497798208863
1999-08-25,-0.0032000127104005087
1999-08-26,0.006389729315818773
1999-08-27,0.022048120093760424
1999-08-30,0.04268921034665969
1999-08-31,0.007435127487615461
1999-09-01,-0.007435127487615453
1999-09-02,0.0
1999-09-03,-0.03061308367520183
1999-09-06,0.000615677941585692
1999-09-07,0.021002063643530855
1999-09-08,0.014948008722170206
1999-09-09,0.013264667725562982
1999-09-10,0.0023398415136986176
1999-09-13,0.00495411978280305
1999-09-14,-0.026212607362247002
1999-09-15,-0.03368556219989084
1999-09-16,-0.02785358578214971
1999-09-17,-0.029304565176865728
1999-09-20,0.014920781515770512
1999-09-21,-0.009705702635977668
1999-09-22,-0.0052150788797927766
1999-09-23,-0.014815269137793182
1999-09-24,-0.01268347080008479
1999-09-27,-0.007417961678019911
1999-09-28,0.025064283542912586
1999-09-29,-0.011284570736803718
1999-09-30,-0.008716159091869317
1999-10-01,0.03636757720319872
1999-10-04,-0.01967264585518118
1999-10-05,0.00627182126121622
1999-10-06,-0.009588676810944986
1999-10-07,-0.008340405675362065
1999-10-08,0.0016737857872087007
1999-10-11,0.003338819002781107
1999-10-12,0.00664465643510096
1999-10-13,-0.02514804684370691
1999-10-14,-0.0051065528421841595
1999-10-15,-0.013399841127454841
1999-10-18,0.025274348942782566
1999-10-19,0.011735435435462307
1999-10-20,0.02469255599451509
1999-10-21,0.001624746295767135
1999-10-22,-0.03974046059394846
1999-10-25,0.046213085920266336
1999-10-26,-0.02283947270084353
1999-10-27,0.04359061333821402
1999-10-28,-0.0031647454590163393
1999-10-29,0.029050767399745082
1999-11-01,0.02972632661628819
1999-11-02,0.011588117939189143
1999-11-03,-0.06247261786986144
1999-11-04,-0.009478863207558206
1999-11-05,-0.028987180684015346
1999-11-08,0.012987054627858222
1999-11-09,0.011227230922524437
1999-11-10,-0.011227230922524463
1999-11-11,-0.0162604811140204
1999-11-12,-0.028939215819353676
1999-11-15,-0.021491798361873257
1999-11-16,-0.0051858057475379915
1999-11-17,0.03875401129616423
1999-11-18,-0.003005456872759794
1999-11-19,-0.007048185880872996
1999-11-22,-0.037403720614473696
1999-11-23,-0.014084688094130271
1999-11-24,-0.0153655365664657
1999-11-25,-0.028119307673575875
1999-11-26,-0.02247334572061647
1999-11-29,-0.01719197803431624
1999-11-30,0.005763455576181366
1999-12-01,0.015209573660804847
1999-12-02,0.0478912347884083
1999-12-03,0.03011737177112177
1999-12-06,0.0045271859288183395
1999-12-07,-0.03248848320600688
1999-12-08,-0.00575979409239155
1999-12-09,-0.02189875875325756
1999-12-10,-0.009267679235976276
1999-12-13,-0.008978848206665497
1999-12-14,0.007114856917477809
1999-12-15,0.07232066399590163
1999-12-16,0.09874371932313122
1999-12-17,-0.04666969770027026
1999-12-20,-0.004954562744944101
1999-12-21,0.0516242604452144
1999-12-22,0.021158173314383837
1999-12-23,0.011327597298183676
1999-12-24,0.0
1999-12-27,-0.019985827028788674
1999-12-28,0.009273925747071275
1999-12-29,-0.0145671635378721
1999-12-30,-0.024653453656714425
1999-12-31,0.0
2000-01-03,0.004788398398746578
2000-01-04,-0.04561056741532521
2000-01-05,0.00664465643510096
2000-01-06,0.02129466637205406
2000-01-07,0.024969597096994946
2000-01-10,0.006931225433199692
2000-01-11,0.009686239400751423
2000-01-12,-0.007491025222965374
2000-01-13,-0.02924543189853589
2000-01-14,0.00032259249690003643
2000-01-17,0.03298727217898277
2000-01-18,-0.016040363172466994
2000-01-19,-0.028624215779487625
2000-01-20,-0.018107412455155812
2000-01-21,0.0
2000-01-24,-0.008340405675362065
2000-01-25,-0.020305429287509287
2000-01-26,-0.010654668396016968
2000-01-27,0.025922427560599346
2000-01-28,-0.022817139913002243
2000-01-31,-0.01492331067220903
2000-02-01,-0.0038536505125672743
2000-02-02,0.00035110604872356924
2000-02-03,-0.014134358644475023
2000-02-04,-0.03255270468102348
2000-02-07,-0.007750746350532959
2000-02-08,-0.01832147271224285
2000-02-09,0.007518960315598925
2000-02-10,-0.00037488480867377575
2000-02-11,-0.007899227028784808
2000-02-14,-0.018293318263202248
2000-02-15,0.007663005185865868
2000-02-16,-0.003824109061608668
2000-02-17,0.015587145756976605
2000-02-18,-0.02058046168851844
2000-02-21,-0.014349602736733984
2000-02-22,0.0038985447656290717
2000-02-23,-0.07470650971878358
2000-02-24,-0.06719787878180095
2000-02-25,0.04814980280749343
2000-02-28,0.012738945944412335
2000-02-29,-0.0076240195223560335
2000-03-01,0.01183421390434607
2000-03-02,0.010449856374540439
2000-03-03,-0.004584624030799265
2000-03-06,0.0025032776439306522
2000-03-07,-0.010471274220440389
2000-03-08,0.004201699880673766
2000-03-09,0.005852738288739209
2000-03-10,0.0
2000-03-13,0.018992994563477843
2000-03-14,0.019040306712125157
2000-03-15,0.034704091126253035
2000-03-16,0.05100245904730529
2000-03-17,-0.005539837937718878
2000-03-20,-0.01492590455283408
2000-03-21,-0.02512514093473393
2000-03-22,0.004231571385988778
2000-03-23,0.01901225265499539
2000-03-24,0.0056338872442364685
2000-03-27,-0.005633887244236571
2000-03-28,0.007504436503909783
2000-03-29,0.01961953763867172
2000-03-30,-0.02186497170701871
2000-03-31,-0.014339662126967488
2000-04-03,-0.011468265469406276
2000-04-04,-0.011990095474002937
2000-04-05,-0.020043604754688537
2000-04-06,0.012231147871433565
2000-04-07,-0.007874082327359441
2000-04-10,-0.024001232305162382
2000-04-11,0.009268696272673523
2000-04-12,-0.002811473632111201
2000-04-13,-0.008889358446168236
2000-04-14,0.014504980385199116
2000-04-17,-0.014099138103811684
2000-04-18,0.016496514621057917
2000-04-19,-0.023008588657093123
2000-04-20,0.020611212139847013
2000-04-21,0.0
2000-04-24,0.0
2000-04-25,0.025667662941708372
2000-04-26,0.0035027823807367566
2000-04-27,-0.020805536148160456
2000-04-28,-0.016397218300881054
2000-05-01,0.0
2000-05-02,0.008432308330149397
2000-05-03,0.06538783561168074
2000-05-04,0.04396285428826133
2000-05-05,-0.0140770897290431
2000-05-08,0.019439000847931383
2000-05-09,0.036749422982704234
2000-05-10,-0.04930563351550268
2000-05-11,0.0
2000-05-12,-0.004341696607626458
2000-05-15,-0.0029048372940570855
2000-05-16,0.026907692168786846
2000-05-17,-0.016057438668645223
2000-05-18,-0.04412484482329598
2000-05-19,-0.000752206848253679
2000-05-22,0.0484676314870016
2000-05-23,-0.014440833315593645
2000-05-24,-0.0007499742813773493
2000-05-25,0.014897841569401936
2000-05-26,0.00919976308786081
2000-05-29,0.0007322230930742455
2000-05-30,0.008383283219703224
2000-05-31,-0.005459247818047773
2000-06-01,0.025226781104856096
2000-06-02,-0.014337439657294941
2000-06-05,0.010772232771614855
2000-06-06,-0.021661574219176163
2000-06-07,-0.00879768297970949
2000-06-08,-0.004058338602881024
2000-06-09,0.0036901870674729575
2000-06-12,-0.005910933481013308
2000-06-13,0.004067442482890234
2000-06-14,-0.012999268699314497
2000-06-15,-0.007504515954651228
2000-06-16,-0.050203805664106996
2000-06-19,0.02541687038171954
2000-06-20,-0.026605678518856053
2000-06-21,-0.0047695233903121545
2000-06-22,-0.006394922364939461
2000-06-23,-0.02929422322835517
2000-06-26,0.02768921786024343
2000-06-27,-0.01212140417797551
2000-06-28,0.006079068031457323
2000-06-29,-0.018349205346574117
2000-06-30,0.01794497996359571
2000-07-03,-0.003238713331549178
2000-07-04,0.013693454599626575
2000-07-05,0.019802447264582378
2000-07-06,-0.003929221437020799
2000-07-07,-0.011084886260616393
2000-07-10,0.007140058382605201
2000-07-11,-0.02197891383464924
2000-07-12,-0.005266511581701268
2000-07-13,0.015317027466799991
2000-07-14,-0.018978797281527817
2000-07-17,0.014970617542947231
2000-07-18,0.05279806100120233
2000-07-19,0.02446035359699707
2000-07-20,0.02387600831166123
2000-07-21,-0.02016518203164307
2000-07-24,0.020165182031643133
2000-07-25,-0.02016518203164307
2000-07-26,0.014341106534930164
2000-07-27,-0.014341106534930148
2000-07-28,0.025595275661156557
2000-07-31,0.019661243347859642
2000-08-01,-0.014260670389806515
2000-08-02,-0.012647073651235956
2000-08-03,0.018375903807796544
2000-08-04,0.010300161618639196
2000-08-07,0.022708446834154655
2000-08-08,0.027258627436557704
2000-08-09,0.01831894570969033
2000-08-10,-0.0132893978486142
2000-08-11,0.004338249115578438
2000-08-14,-0.009031542308633395
2000-08-15,0.0013431641801097054
2000-08-16,0.01828804083878105
2000-08-17,-0.014937911825835608
2000-08-18,-0.005701942422279793
2000-08-21,-0.0074275240830427415
2000-08-22,0.019795972128825157
2000-08-23,0.024611581940952018
2000-08-24,-0.027605871491247592
2000-08-25,-0.00033336297668479784
2000-08-28,0.016201325015578055
2000-08-29,-0.0296246068801645
2000-08-30,-0.022203746529569607
2000-08-31,0.002070364017563293
2000-09-01,0.040201201133949455
2000-09-04,-0.020067818621943272
2000-09-05,-0.0067793152295019836
2000-09-06,0.013177811734434108
2000-09-07,-0.008088907282358705
2000-09-08,0.01943769160780958
2000-09-11,-0.024526596059884994
2000-09-12,-0.017499464516606382
2000-09-13,-0.041701940386203194
2000-09-14,0.021068526768587583
2000-09-15,0.03813287813422204
2000-09-18,0.006779315229501998
2000-09-19,-0.003383958507133593
2000-09-20,-0.017094280264028372
2000-09-21,0.01029153825255822
2000-09-22,0.010186700518603951
2000-09-25,0.00841045054292802
2000-09-26,-0.005037540901866868
2000-09-27,-0.01287725890897444
2000-09-28,0.0061203907607796015
2000-09-29,0.06528015566583936
2000-10-02,0.016065633973390912
2000-10-03,0.0
2000-10-04,0.02621604417833286
2000-10-05,0.010597895391805284
2000-10-06,0.014948148492764693
2000-10-09,-0.016455448992791118
2000-10-10,-0.031252259032688974
2000-10-11,0.016054368307812882
2000-10-12,-0.010777387735216509
2000-10-13,0.022348853023466966
2000-10-16,0.008141203766052336
2000-10-17,-0.024317203599171205
2000-10-18,0.012840430141718323
2000-10-19,-0.012840430141718383
2000-10-20,-0.02966649297426298
2000-10-23,0.011032177439036615
2000-10-24,-0.006288983613894661
2000-10-25,0.00941908534875358
2000-10-26,-0.012578684998341935
2000-10-27,0.0250011101885823
2000-10-30,0.016832762770270793
2000-10-31,0.04131988232401278
2000-11-01,0.004648401097735903
2000-11-02,-0.024055263184153644
2000-11-03,0.00355656215999352
2000-11-06,0.005899876278869574
2000-11-07,0.0011758414349237185
2000-11-08,-0.01838183442316992
2000-11-09,0.009825672712036559
2000-11-10,-0.011322962369136866
2000-11-13,-0.057669920548395065
2000-11-14,0.048034006718283895
2000-11-15,0.019476637901391376
2000-11-16,-0.013443116528598932
2000-11-17,0.00898204681082104
2000-11-20,-0.01652914231068533
2000-11-21,0.0030254319067384767
2000-11-22,-0.03943819106682527
2000-11-23,0.02728024481576959
2000-11-24,-0.0247694634249814
2000-11-27,0.04684808988161339
2000-11-28,0.05017058650043264
2000-11-29,0.005107770310155515
2000-11-30,-0.07278030077900947
2000-12-01,-0.003048985540995411
2000-12-04,-0.010744633447097023
2000-12-05,0.021374882750937522
2000-12-06,0.013801965669204224
2000-12-07,-0.018344085649871125
2000-12-08,0.022803507554701164
2000-12-11,0.00856595112175683
2000-12-12,-0.03288771185608041
2000-12-13,-0.04507377380097369
2000-12-14,-0.03395614001609559
2000-12-15,-0.005939010538044268
2000-12-18,0.005939010538044311
2000-12-19,0.05066762378186548
2000-12-20,-0.06058554148621475
2000-12-21,0.0066228922251115084
2000-12-22,0.00821703028201826
2000-12-25,0.0
2000-12-26,0.0
2000-12-27,0.01687805295138224
2000-12-28,0.03882428189203692
2000-12-29,-0.018750445958772812
2001-01-01,0.0
2001-01-02,0.0
2001-01-03,0.00941908534875358
2001-01-04,0.018576202814604644
2001-01-05,0.0030631588755177766
2001-01-08,0.0024433773571600407
2001-01-09,-0.06327849000440748
2001-01-10,0.03606564922226605
2001-01-11,-0.02539799843202254
2001-01-12,0.022258323150421908
2001-01-15,0.027603120793845283
2001-01-16,-0.035495622951281454
2001-01-17,0.039159778621093204
2001-01-18,0.0027394353336910827
2001-01-19,0.014783662651602794
2001-01-22,0.012204172925608119
2001-01-23,0.004428147414094197
2001-01-24,-0.02233897820205566
2001-01-25,-0.006042063535698685
2001-01-26,0.0
2001-01-29,-0.023610102199415128
2001-01-30,-0.029599050422634814
2001-01-31,0.01773890855558691
2001-02-01,0.015267251170068117
2001-02-02,0.0033956235344192007
2001-02-05,-0.01458986192677886
2001-02-06,0.01735964672675618
2001-02-07,0.0018419113421633438
2001-02-08,0.017333726813251543
2001-02-09,-0.0006032905577443969
2001-02-12,-0.012139580432774305
2001-02-13,-0.008278576261883544
2001-02-14,0.02643353180047538
2001-02-15,0.002993809175975978
2001-02-16,-0.019318323904707665
2001-02-19,-0.004888751101961898
2001-02-20,0.03757051036350114
2001-02-21,0.016093671948339952
2001-02-22,0.0014505407251829213
2001-02-23,-0.032403513109606874
2001-02-26,0.03240351310960682
2001-02-27,-0.015187383554362402
2001-02-28,0.05691325096208724
2001-03-01,0.011608735967679256
2001-03-02,-0.013556594852514703
2001-03-05,0.015204017985018548
2001-03-06,0.0032865788557444034
2001-03-07,0.02511278127548628
2001-03-08,0.02501783208496041
2001-03-09,0.0012994565925976615
2001-03-12,-0.017027302272513492
2001-03-13,-0.05011161186050679
2001-03-14,-0.04983249365942338
2001-03-15,-0.01618865084360989
2001-03-16,-0.005952795124691276
2001-03-19,-0.022642234300874076
2001-03-20,0.04478368026917519
2001-03-21,0.006982996180327598
2001-03-22,-0.10217659326872297
2001-03-23,-0.022406848009541253
2001-03-26,0.027531792282540206
2001-03-27,0.034540339099124115
2001-03-28,-0.01242242519024046
2001-03-29,0.009331360610019088
2001-03-30,-0.018750445958772812
2001-04-02,-0.007917753671331386
2001-04-03,-0.06434780315016912
2001-04-04,0.028745151632057417
2001-04-05,0.013093466040754969
2001-04-06,-0.008819313827034528
2001-04-09,0.03291678176770384
2001-04-10,0.0063294712080188015
2001-04-11,-0.007917753671331386
2001-04-12,0.01420673728522606
2001-04-13,0.0
2001-04-16,0.0
2001-04-17,-0.010081685828178387
2001-04-18,0.040948722343926096
2001-04-19,0.010582036753415132
2001-04-20,0.019360287174432916
2001-04-23,0.0
2001-04-24,-0.0014763923835750313
2001-04-25,-0.004440778262258936
2001-04-26,0.02055850875244356
2001-04-27,-0.011695950178377336
2001-04-30,0.01140521442054621
2001-05-01,0.0
2001-05-02,0.001453147896773816
2001-05-03,0.016129224480661314
2001-05-04,-0.0028614228507206413
2001-05-07,-0.0002862603082256074
2001-05-08,-0.0054607216176258775
2001-05-09,-0.0060700935715381835
2001-05-10,0.037557745232819226
2001-05-11,0.028628095018928493
2001-05-14,0.01748528268281039
2001-05-15,-0.013693130542727867
2001-05-16,0.011023084521585642
2001-05-17,0.0250836064947665
2001-05-18,0.003903728203933589
2001-05-21,0.008020007843776494
2001-05-22,0.004883837628922967
2001-05-23,-0.005915016322908994
2001-05-24,-0.0018073346545546642
2001-05-25,0.015384974237099964
2001-05-28,-0.005101839941433475
2001-05-29,-0.012870560541627944
2001-05-30,-0.02094308611702529
2001-05-31,-0.010638316830949337
2001-06-01,0.007989490009890318
2001-06-04,0.007925808344715752
2001-06-05,0.03236544881181583
2001-06-06,0.013915811207007167
2001-06-07,-0.007819936330578621
2001-06-08,-0.006034367880710959
2001-06-11,-0.015915456409605348
2001-06-12,-0.011022950931003982
2001-06-13,-0.0002699486233975149
2001-06-14,-0.024916363263265382
2001-06-15,-0.01959742022332911
2001-06-18,-0.001697600864087748
2001-06-19,0.02074047685740327
2001-06-20,-0.013966707991687465
2001-06-21,0.0008434304993680168
2001-06-22,-0.01929687058799103
2001-06-25,0.008559180402316464
2001-06-26,0.0
2001-06-27,-0.005697798304038747
2001-06-28,0.002567986549974833
2001-06-29,0.03637797076882597
2001-07-02,0.01932280987197169
2001-07-03,-0.007032432786910597
2001-07-04,-0.018078118249808102
2001-07-05,-0.0022134123046322744
2001-07-06,-0.0027738542629853233
2001-07-09,-0.011454230751790357
2001-07-10,-0.009882934744548376
2001-07-11,-0.019195644582557847
2001-07-12,0.0037535612962243674
2001-07-13,-0.006070251965428745
2001-07-16,-0.002612945948396425
2001-07-17,0.0011621607256596387
2001-07-18,-0.012858123597361382
2001-07-19,0.0403512924826612
2001-07-20,-0.06869036724346059
2001-07-23,0.016206884660353235
2001-07-24,-0.0014896082445088371
2001-07-25,0.004759111771603717
2001-07-26,0.008862686573351377
2001-07-27,-0.000294307022331269
2001-07-30,-0.005605569342820824
2001-07-31,0.048790101555615
2001-08-01,-0.002538932707801694
2001-08-02,-0.02026057619662589
2001-08-03,-0.025694554159072257
2001-08-06,0.007073153793027201
2001-08-07,0.020349917894998515
2001-08-08,-0.00461505365566329
2001-08-09,-0.008419351276112824
2001-08-10,-0.005847969435391114
2001-08-13,-0.00029329044832146793
2001-08-14,0.02061299090163735
2001-08-15,-0.023845106714403288
2001-08-16,-0.002652061361318108
2001-08-17,-0.06428273350918105
2001-08-20,-0.0009444109744490384
2001-08-21,0.004712915081388121
2001-08-22,0.012151828935707154
2001-08-23,-0.0015497076637217683
2001-08-24,0.026325476162401756
2001-08-27,-0.00727737605059496
2001-08-28,-0.021221457153077664
2001-08-29,-0.015033346209070313
2001-08-30,-0.01430189045487316
2001-08-31,0.01619355735184093
2001-09-03,-0.02713666494573672
2001-09-04,0.05017593242852427
2001-09-05,0.024324628982152187
2001-09-06,-0.02895200433904679
2001-09-07,-0.002786576137707087
2001-09-10,-0.019411987010170932
2001-09-11,-0.05424298427441828
2001-09-12,-0.04995910627842828
2001-09-13,-0.0035151262138513138
2001-09-14,-0.06735926260653077
2001-09-17,0.011236073817023398
2001-09-18,-0.048064214044830834
2001-09-19,-0.05172510029511429
2001-09-20,-0.05498246933354551
2001-09-21,0.04297651963122262
2001-09-24,0.06373104999743705
2001-09-25,-0.015357667451532582
2001-09-26,-0.00916875507378137
2001-09-27,-0.0032090088181425808
2001-09-28,0.057760804084527814
2001-10-01,-0.03158946083574538
2001-10-02,0.007797106214687213
2001-10-03,0.04740228965790068
2001-10-04,0.02487318918702309
2001-10-05,-0.03642117993077424
2001-10-08,0.01154799074375125
2001-10-09,-0.026267926820610188
2001-10-10,0.05186337963012046
2001-10-11,0.016115175077928465
2001-10-12,-0.018645667197730423
2001-10-15,-0.016052462284977823
2001-10-16,0.017860690782292417
2001-10-17,-0.004707756825735999
2001-10-18,0.009033816370925407
2001-10-19,-0.04789148039760501
2001-10-22,0.042481046354347934
2001-10-23,0.012578922850155758
2001-10-24,0.028170692823777755
2001-10-25,-0.010471209092613136
2001-10-26,0.04359711409816626
2001-10-29,-0.04359711409816624
2001-10-30,-0.005277010993071637
2001-10-31,0.0017618847792203103
2001-11-01,-0.0007043630233132873
2001-11-02,0.018157178002088173
2001-11-05,0.049942566231466166
2001-11-06,-0.00032920955277000984
2001-11-07,0.03653241311336298
2001-11-08,0.021978906718775167
2001-11-09,-0.007794148989232904
2001-11-12,-0.011015100236914094
2001-11-13,0.04939267259822741
2001-11-14,-0.004528349175591625
2001-11-15,-0.009729462196280611
2001-11-16,0.030688314037437932
2001-11-19,0.007380222919642067
2001-11-20,0.013148433895568258
2001-11-21,0.0008702739143253046
2001-11-22,0.00462974418834389
2001-11-23,0.03850995756996156
2001-11-26,0.0
2001-11-27,-0.0411112716935394
2001-11-28,-0.035349927825615295
2001-11-29,-0.013584994860716881
2001-11-30,0.0024288333676535023
2001-12-03,-0.011589441884554092
2001-12-04,0.058963514001843034
2001-12-05,0.034672098200291344
2001-12-06,-0.0013978803153285005
2001-12-07,-0.00729911336777021
2001-12-10,-0.033231165921857764
2001-12-11,-0.015558935633757164
2001-12-12,-0.00653005792246223
2001-12-13,-0.02961845904095846
2001-12-14,-0.0030721188433861014
2001-12-17,0.036851028291967965
2001-12-18,-0.008039291975534593
2001-12-19,-0.027889270009018422
2001-12-20,0.0021496525359711465
2001-12-21,0.01219535328740238
2001-12-24,0.0
2001-12-25,0.0
2001-12-26,0.0
2001-12-27,0.041549002912872265
2001-12-28,0.012996535319134589
2001-12-31,0.0
2002-01-01,0.0
2002-01-02,-0.016490990716220143
2002-01-03,0.016204088024606902
2002-01-04,0.004581864482539587
2002-01-07,-0.01874608087506971
2002-01-08,0.018460407952783107
2002-01-09,0.01418843813098633
2002-01-10,-0.035856229613053285
2002-01-11,-0.01263783345044646
2002-01-14,-0.011003928510624558
2002-01-15,-0.013245273657508943
2002-01-16,-0.03077165866675366
2002-01-17,0.030771658666753687
2002-01-18,0.009049757012084988
2002-01-21,-0.009049757012084988
2002-01-22,0.022176639625761562
2002-01-23,0.025458222392508036
2002-01-24,-0.008122762708494035
2002-01-25,-0.0061358768559270915
2002-01-28,0.03116207587312377
2002-01-29,0.018297743713971783
2002-01-30,0.0038976711273365156
2002-01-31,0.022800028974598655
2002-02-01,-0.000543742598724888
2002-02-04,-0.024760047050346796
2002-02-05,-0.004187573894403891
2002-02-06,-0.03559061602856972
2002-02-07,-0.018134361656862455
2002-02-08,0.009400758129939454
2002-02-11,0.001461264014077768
2002-02-12,-0.019458573117264427
2002-02-13,0.017412281577552882
2002-02-14,0.003213157355387694
2002-02-15,-0.013506045286671809
2002-02-18,0.001477157326978255
2002-02-19,-0.019071023853020945
2002-02-20,-0.0182154404696467
2002-02-21,0.01701137786465881
2002-02-22,-0.01212151994154894
2002-02-25,0.038869104974578274
2002-02-26,0.023189218435663923
2002-02-27,0.009979035279233502
2002-02-28,0.02105329640548036
2002-03-01,0.02739876025427075
2002-03-04,0.02666831959861181
2002-03-05,-0.009253032527028937
2002-03-06,-0.01202464850851611
2002-03-07,0.002684776579053189
2002-03-08,0.004013698011048739
2002-03-11,-0.005354904566301982
2002-03-12,-0.03135911457815193
2002-03-13,0.024624905991285438
2002-03-14,-0.005963395778655362
2002-03-15,0.032631715377267216
2002-03-18,-0.0002630480318646341
2002-03-19,0.01980754423726515
2002-03-20,0.007200107927926802
2002-03-21,0.02204562883375801
2002-03-22,0.021079291249002208
2002-03-25,-0.020828833645012628
2002-03-26,0.002252672614128953
2002-03-27,-0.011566596700590154
2002-03-28,0.023989310351775775
2002-03-29,0.0
2002-04-01,0.0
2002-04-02,-0.03109568592226904
2002-04-03,-0.029992336944366395
2002-04-04,-0.0015757972608091216
2002-04-05,0.006550288125991223
2002-04-08,-0.007602544834936049
2002-04-09,-0.004483603909026777
2002-04-10,0.021185427603203518
2002-04-11,-0.020657107415208632
2002-04-12,0.024531680983826323
2002-04-15,0.025704621157443822
2002-04-16,0.011242797087867469
2002-04-17,-0.0038641005952892928
2002-04-18,-0.007514479058062231
2002-04-19,0.0036347346834781375
2002-04-22,-0.02731979646778902
2002-04-23,-0.008021232297938267
2002-04-24,-0.02061384393775201
2002-04-25,-0.03627611656393836
2002-04-26,-0.0011375151944798482
2002-04-29,-0.010007209690264605
2002-04-30,0.02805115813648803
2002-05-01,0.0
2002-05-02,-0.030928955651244806
2002-05-03,0.025324940020024906
2002-05-06,-0.0025318759467054123
2002-05-07,-0.014470523849008736
2002-05-08,0.04853165467321439
2002-05-09,0.0
2002-05-10,-0.02007476828253841
2002-05-13,0.027398727658914122
2002-05-14,0.013156426471845086
2002-05-15,-0.028681637075670285
2002-05-16,0.027079738838804376
2002-05-17,0.0018686095209236866
2002-05-20,0.017184741062516277
2002-05-21,-0.003939333505799547
2002-05-22,0.031090332030564393
2002-05-23,-0.0051149513024048195
2002-05-24,0.007662681406210847
2002-05-27,-0.002547730103805917
2002-05-28,-0.007939674980292025
2002-05-29,-0.005155894576346368
2002-05-30,-0.024066191741251793
2002-05-31,0.01001076277312528
2002-06-03,-0.038748970736779006
2002-06-04,-0.0013633731137851954
2002-06-05,0.0013633731137852373
2002-06-06,0.030590012150599043
2002-06-07,-0.015714591604947994
2002-06-10,-0.013786265059645976
2002-06-11,-0.001089155486004946
2002-06-12,0.0027210452267351797
2002-06-13,-0.02699132222204675
2002-06-14,-0.04103156835927222
2002-06-17,0.026408136904527858
2002-06-18,0.002828666593576649
2002-06-19,-0.004245934408808343
2002-06-20,-0.05241397308504938
2002-06-21,-0.05058535359460959
2002-06-24,-0.022258501250410512
2002-06-25,0.03320471625637101
2002-06-26,-0.004676864121968675
2002-06-27,0.0077822481387221035
2002-06-28,0.019954671904277365
2002-07-01,-0.005791627223333491
2002-07-02,-0.04246682983803617
2002-07-03,-0.027487537234922338
2002-07-04,0.02237086931088806
2002-07-05,0.013059550633081205
2002-07-08,-0.006349283175597438
2002-07-09,-0.016051769149084124
2002-07-10,-0.013357384215229936
2002-07-11,-0.031315074509492405
2002-07-12,-0.008496001580455628
2002-07-15,-0.06704427074089471
2002-07-16,0.020946750576407547
2002-07-17,0.02540703468853325
2002-07-18,0.03425004632068959
2002-07-19,-0.023851597372771184
2002-07-22,-0.03687828960994119
2002-07-23,-0.018051004812974593
2002-07-24,0.05306582721142718
2002-07-25,0.0018634672114885653
2002-07-26,-0.01739136832335728
2002-07-29,0.08376035205083988
2002-07-30,0.05064792299678323
2002-07-31,0.030808887822070117
2002-08-01,-0.05408363799234897
2002-08-02,-0.0025150979205571067
2002-08-05,-0.04902637516863726
2002-08-06,0.05185500968942907
2002-08-07,0.0034466175964680615
2002-08-08,0.025020681131931382
2002-08-09,0.014236218329008005
2002-08-12,-0.010582086701411569
2002-08-13,0.018072559436580374
2002-08-14,-0.017161089903503644
2002-08-15,0.013872446404564712
2002-08-16,0.0026918071212239376
2002-08-19,0.035502719569902794
2002-08-20,-0.021856768250442884
2002-08-21,0.021568886311946547
2002-08-22,-0.022748246200841406
2002-08-23,-0.0008854522307241163
2002-08-26,-0.012477779591088025
2002-08-27,0.013068342097588132
2002-08-28,-0.037275254562123154
2002-08-29,-0.010777602499816479
2002-08-30,0.018405432296733273
2002-09-02,-0.029613585944653992
2002-09-03,-0.06266177103670313
2002-09-04,0.03246721719862195
2002-09-05,-0.019221958319955643
2002-09-06,0.04470914275148727
2002-09-09,-0.03163694787779151
2002-09-10,0.031636947877791595
2002-09-11,0.02975125848896458
2002-09-12,-0.035745877490083816
2002-09-13,-0.02240105232468149
2002-09-16,0.0012937869526961048
2002-09-17,-0.01925357172889793
2002-09-18,-0.043777825922158925
2002-09-19,-0.026863496128740318
2002-09-20,0.02686349612874016
2002-09-23,-0.06030175874660885
2002-09-24,-0.0641731295437454
2002-09-25,0.021215877489270424
2002-09-26,0.05603388311457799
2002-09-27,0.010053743317657965
2002-09-30,-0.04718340390797455
2002-10-01,0.010802757588827183
2002-10-02,0.03673822603614216
2002-10-03,-0.0626356447401031
2002-10-04,-0.023078149088581745
2002-10-07,0.0
2002-10-08,-0.025616839297301037
2002-10-09,-0.05962726440532729
2002-10-10,0.0362011330113408
2002-10-11,0.0983889900408122
2002-10-14,-0.005943474009901443
2002-10-15,0.06176344137767427
2002-10-16,-0.004211798819853362
2002-10-17,0.03694536674701605
2002-10-18,0.011459558762863547
2002-10-21,0.03134008017580122
2002-10-22,-0.06092927331253626
2002-10-23,-0.06562047752529997
2002-10-24,-0.02538397776517101
2002-10-25,0.029797335644385754
2002-10-28,0.021779176494483108
2002-10-29,-0.06298357798868515
2002-10-30,0.010271977034746178
2002-10-31,0.04911453393193411
2002-11-01,0.019272837794758295
2002-11-04,0.02994639672033959
2002-11-05,-0.01904840494100991
2002-11-06,-0.0265737625520829
2002-11-07,-0.05082091494417479
2002-11-08,-0.010634336148822613
2002-11-11,0.023024249906280127
2002-11-12,0.025784064716856157
2002-11-13,0.0
2002-11-14,0.009049869447856317
2002-11-15,0.011465668317556106
2002-11-18,0.013797957143637195
2002-11-19,0.004907204112894475
2002-11-20,-0.007017456970771314
2002-11-21,0.017452513349915287
2002-11-22,0.0013829983917241467
2002-11-25,-0.012167601483368104
2002-11-26,-0.013380401080282437
2002-11-27,0.042677724349574814
2002-11-28,-0.0006796017270317894
2002-11-29,0.009135541705226832
2002-12-02,0.007382580196811127
2002-12-03,-0.02745477542942821
2002-12-04,0.030459217901105808
2002-12-05,-0.021904555967201454
2002-12-06,-0.01199721056165934
2002-12-09,-0.05093015603411221
2002-12-10,0.0018125498871540578
2002-12-11,0.019369622574345696
2002-12-12,0.0014194607823537779
2002-12-13,-0.02988514287507127
2002-12-16,0.030240275699284933
2002-12-17,-0.021144216180913028
2002-12-18,-0.06085101096685356
2002-12-19,-0.003083855063903878
2002-12-20,0.021013224812148172
2002-12-23,-0.03266384393696746
2002-12-24,0.0
2002-12-25,0.0
2002-12-26,0.0
2002-12-27,-0.04514459173443787
2002-12-30,0.021428162209314372
2002-12-31,0.0
2003-01-01,0.0
2003-01-02,0.09893992369339763
2003-01-03,0.006140189569595331
2003-01-06,0.011813495818980948
2003-01-07,-0.014337378953055273
2003-01-08,-0.048068168847296075
2003-01-09,0.007546985497333211
2003-01-10,0.02670797769392504
2003-01-13,0.007293949603546899
2003-01-14,0.004712600509798113
2003-01-15,-0.014571965479749205
2003-01-16,0.03780811075783763
2003-01-17,-0.023236145278088458
2003-01-20,0.00433053867676703
2003-01-21,-0.017435918634981763
2003-01-22,-0.03315613334638855
2003-01-23,-0.028820542609465843
2003-01-24,-0.021675765498234825
2003-01-27,0.0
2003-01-28,0.010305233747963419
2003-01-29,0.05186501158927391
2003-01-30,-0.00789337253393393
2003-01-31,0.0727595265270756
2003-02-03,0.00524935681421421
2003-02-04,-0.06302748103267643
2003-02-05,0.046486517498236464
2003-02-06,-0.017180315655156545
2003-02-07,-0.04353314616316842
2003-02-10,0.013855115281836458
2003-02-11,0.030760605304675538
2003-02-12,-0.055610986464642125
2003-02-13,-0.03412524413536794
2003-02-14,0.03412524413536797
2003-02-17,-0.008422709790145224
2003-02-18,0.028053198343319496
2003-02-19,-0.017345758489498674
2003-02-20,-0.0007610609391004229
2003-02-21,0.04830094366648144
2003-02-24,-0.0036337557132581303
2003-02-25,-0.015407645272478234
2003-02-26,-0.037669277779592406
2003-02-27,0.03210827617249092
2003-02-28,0.01109078508461966
2003-03-03,0.005133755344463078
2003-03-04,-0.02556142836746985
2003-03-05,-0.020470695733340646
2003-03-06,-0.04384263921912898
2003-03-07,-0.007632249245785345
2003-03-10,-0.016260664469068698
2003-03-11,-0.07796140157291899
2003-03-12,-0.0397704817761513
2003-03-13,0.02997532918157
2003-03-14,-0.013513836798813883
2003-03-17,0.05083994786409322
2003-03-18,0.03805935491045201
2003-03-19,-0.006243307452759673
2003-03-20,0.0
2003-03-21,0.03083451284704022
2003-03-24,-0.04555630410329491
2003-03-25,0.03046352839292787
2003-03-26,-0.028347160560751906
2003-03-27,0.0021118982769329614
2003-03-28,-0.036086092130165184
2003-03-31,-0.04107735027895908
2003-04-01,0.0022763118137634794
2003-04-02,0.03133642638688268
2003-04-03,-0.0044168949818810645
2003-04-04,0.04543297784954366
2003-04-07,0.059528904309626984
2003-04-08,-0.036116726134040385
2003-04-09,-0.001240376173859134
2003-04-10,-0.03494358523032818
2003-04-11,0.008957067594028504
2003-04-14,0.02846562910680106
2003-04-15,-0.004964488981126152
2003-04-16,-0.021380069259395885
2003-04-17,0.025105822943879752
2003-04-18,0.0
2003-04-21,0.0
2003-04-22,0.024491028425972106
2003-04-23,0.02783464321690442
2003-04-24,-0.02783464321690444
2003-04-25,-0.03428397724441175
2003-04-28,0.028293255079142807
2003-04-29,-0.04611083594590711
2003-04-30,0.026609031950002388
2003-05-01,0.0
2003-05-02,-0.04018402422982289
2003-05-05,0.022523040080066874
2003-05-06,0.031136373164858882
2003-05-07,-0.0047610723486955836
2003-05-08,-0.024150266197631994
2003-05-09,0.034508739285803294
2003-05-12,-0.021702129672524516
2003-05-13,-0.027131371479976477
2003-05-14,0.0031516794479198827
2003-05-15,-0.008123316196161608
2003-05-16,0.005873361075918539
2003-05-19,-0.048452391013110004
2003-05-20,-0.00473927591866773
2003-05-21,0.02579254636567818
2003-05-22,0.02964907568634262
2003-05-23,-0.03196670641181174
2003-05-26,-0.0013928948440330333
2003-05-27,-0.017342744877508236
2003-05-28,0.002361298016635603
2003-05-29,0.0018850995287493122
2003-05-30,0.023727490307867163
2003-06-02,0.02944714913748379
2003-06-03,0.0
2003-06-04,0.021639227580025847
2003-06-05,-0.02297955144532757
2003-06-06,0.02733879636132006
2003-06-09,-0.012254221996232377
2003-06-10,0.012689144662594956
2003-06-11,0.034191270541087726
2003-06-12,0.02161345777679782
2003-06-13,-0.01491336300818374
2003-06-16,0.028391349569401744
2003-06-17,0.02563197521670625
2003-06-18,0.019189891128978242
2003-06-19,-0.00896169014033088
2003-06-20,-0.0003916005746664845
2003-06-23,-0.023371735830564563
2003-06-24,0.005993888602379414
2003-06-25,-0.030746892696698135
2003-06-26,0.03074689269669814
2003-06-27,0.019724500889135303
2003-06-30,0.019725975648158534
2003-07-01,-0.013883738414436284
2003-07-02,0.01617913024607768
2003-07-03,0.016297398653959266
2003-07-04,-0.0117224520594853
2003-07-07,0.019213105034086193
2003-07-08,-0.011257081240321265
2003-07-09,-0.012149068797365062
2003-07-10,-0.03577359135580128
2003-07-11,0.03462717486265824
2003-07-14,0.007998448398235249
2003-07-15,-0.009529325327607413
2003-07-16,0.006870338426115209
2003-07-17,-0.030510249967941872
2003-07-18,0.0027413440956485535
2003-07-21,-0.022943994091323132
2003-07-22,-0.0020028232502352318
2003-07-23,0.0008015915901642928
2003-07-24,0.021403881655745395
2003-07-25,0.0136320908399237
2003-07-28,0.013448935659232136
2003-07-29,-0.014222918314259298
2003-07-30,0.014222918314259274
2003-07-31,0.019278561427820962
2003-08-01,0.005600305071301489
2003-08-04,-0.012362155485808818
2003-08-05,0.0030108731465769267
2003-08-06,-0.006030929297182144
2003-08-07,-0.007590240789318487
2003-08-08,0.002663215143073141
2003-08-11,-0.0068624809885555705
2003-08-12,0.01969768329372551
2003-08-13,0.029201914048101713
2003-08-14,0.03437512388577216
2003-08-15,0.027084924310564695
2003-08-18,-0.004807877761855778
2003-08-19,-0.006908555863392737
2003-08-20,0.00518580393073198
2003-08-21,0.03756173769389856
2003-08-22,-0.0013294055350486862
2003-08-25,-0.017444321340719708
2003-08-26,0.0006766609971072821
2003-08-27,0.011098186199721074
2003-08-28,0.008326441055121132
2003-08-29,0.004962993186997484
2003-09-01,0.02606003471661429
2003-09-02,-0.0025757005874854446
2003-09-03,0.008346941680204046
2003-09-04,0.008594433085089469
2003-09-05,-0.02049368570981249
2003-09-08,-0.003240473267787851
2003-09-09,-0.03165472034731284
2003-09-10,-0.028889121826586248
2003-09-11,0.022840964808270664
2003-09-12,-0.01494104251370739
2003-09-15,0.0037562612949779196
2003-09-16,0.010510321222973172
2003-09-17,0.010401161727500347
2003-09-18,0.0076475129043796514
2003-09-19,-0.014009443043430008
2003-09-22,-0.05134644507792521
2003-09-23,-0.024701390408278085
2003-09-24,-0.03316455637974249
2003-09-25,0.018560291345911997
2003-09-26,-0.008124002952537302
2003-09-29,0.01764094856978648
2003-09-30,-0.02995228261584915
2003-10-01,0.02630269679432294
2003-10-02,-0.031571912485657244
2003-10-03,0.044287655157313935
2003-10-06,0.003963498249479899
2003-10-07,-0.01485247810991794
2003-10-08,0.006910142426888814
2003-10-09,0.03245060768442832
2003-10-10,-0.0024589997578614016
2003-10-13,0.016050436791150067
2003-10-14,0.019198361469280008
2003-10-15,0.00845321418604358
2003-10-16,0.008382276203008382
2003-10-17,-0.007036641489828513
2003-10-20,0.01700359311003718
2003-10-21,0.006589634594514105
2003-10-22,-0.023256840948596192
2003-10-23,-0.003367037944422105
2003-10-24,-0.021132448204375386
2003-10-27,0.012324850534340268
2003-10-28,0.023870704305182806
2003-10-29,-0.019796216881852017
2003-10-30,-0.012960594570717425
2003-10-31,0.005477755828237576
2003-11-03,0.02061230219162856
2003-11-04,0.0016709394758510757
2003-11-05,0.0016679133485493307
2003-11-06,-0.0016679133485493006
2003-11-07,0.00033386904920502074
2003-11-10,-0.005019457490432542
2003-11-11,0.002010855356426371
2003-11-12,0.0036759263778481355
2003-11-13,0.0006667200555024477
2003-11-14,-0.001334044299344364
2003-11-17,-0.029812554870742376
2003-11-18,-0.011413008328549785
2003-11-19,-0.021090273418656373
2003-11-20,-0.01611509157375604
2003-11-21,-0.0036163285009586854
2003-11-24,0.011527079105423341
2003-11-25,0.0025040323542789324
2003-11-26,-0.008611425066660438
2003-11-27,0.00036041926009611485
2003-11-28,-0.011594598313370204
2003-12-01,0.0032747731758327324
2003-12-02,0.0061560479853583145
2003-12-03,0.031974266359459956
2003-12-04,0.005231098632952502
2003-12-05,-0.026433082086999973
2003-12-08,-0.007168555728637939
2003-12-09,0.005381228680922598
2003-12-10,-0.005741129235438085
2003-12-11,0.02312065993431994
2003-12-12,0.016390752187163883
2003-12-15,-0.01008192617374759
2003-12-16,0.00800414515096298
2003-12-17,0.007252931134439899
2003-12-18,0.011291779938771153
2003-12-19,-0.009916448091117795
2003-12-22,-0.02434892530084247
2003-12-23,0.00281306818298876
2003-12-24,0.0
2003-12-25,0.0
2003-12-26,0.0
2003-12-29,0.009087744462971474
2003-12-30,0.00034775694424342304
2003-12-31,0.0
2004-01-01,0.0
2004-01-02,0.007623016905036742
2004-01-05,-0.0065798074505761224
2004-01-06,-0.040055276660390764
2004-01-07,-0.016776400253861654
2004-01-08,0.004037253814025054
2004-01-09,-0.011049676828571284
2004-01-12,0.0011104340259856763
2004-01-13,0.005166252350481995
2004-01-14,0.03649893990671218
2004-01-15,-0.007837475112550445
2004-01-16,0.02786273930370863
2004-01-19,-0.018961218738690708
2004-01-20,-0.008901520565017832
2004-01-21,0.0014296572167086566
2004-01-22,0.0
2004-01-23,-0.008968925013329404
2004-01-26,0.0
2004-01-27,-0.008322663311776312
2004-01-28,0.0065193054196932745
2004-01-29,-0.009066156850130399
2004-01-30,-0.0007290264600838009
2004-02-02,0.0007290264600837538
2004-02-03,-0.029577117535903523
2004-02-04,0.005612700469041129
2004-02-05,-0.01201216236900421
2004-02-06,0.008273983727235234
2004-02-09,-0.0011244346132752154
2004-02-10,-0.009417948327701653
2004-02-11,0.0030234803424243743
2004-02-12,0.007144261344022354
2004-02-13,-0.0026260673827608696
2004-02-16,-0.012093877466190426
2004-02-17,0.007575683504929026
2004-02-18,0.015742903533235642
2004-02-19,0.0003771079975847391
2004-02-20,-0.017497665671966398
2004-02-23,0.0065024829269479615
2004-02-24,-0.014593475551591755
2004-02-25,-0.013632093863546288
2004-02-26,0.0007842058097371538
2004-02-27,0.007417567925280845
2004-03-01,0.005430320128528125
2004-03-02,0.03197844792544604
2004-03-03,-0.013200212790814405
2004-03-04,0.0022753578574612725
2004-03-05,-0.00989749417043912
2004-03-08,0.00800149927600518
2004-03-09,-0.02497718379417944
2004-03-10,-0.007028302357288459
2004-03-11,-0.027410251984605834
2004-03-12,-0.005249221332485321
2004-03-15,-0.01303989352800272
2004-03-16,0.004093220297307722
2004-03-17,0.02101948861818723
2004-03-18,-0.02757682345300815
2004-03-19,-0.0028826409506407824
2004-03-22,-0.02716969625096242
2004-03-23,-0.008510754378847206
2004-03-24,0.004264481301961426
2004-03-25,0.013105243886594885
2004-03-26,-0.012254625547012949
2004-03-29,0.03180215967222311
2004-03-30,0.0016458322666836826
2004-03-31,-0.011163935456116178
2004-04-01,0.0132177374269262
2004-04-02,0.005320112646054345
2004-04-05,0.018200914646213397
2004-04-06,-0.01209677472458884
2004-04-07,0.015297837773336589
2004-04-08,0.0003993077341734574
2004-04-09,0.0
2004-04-12,0.0
2004-04-13,0.02328930827683087
2004-04-14,-0.009408234583380387
2004-04-15,0.007846222322798522
2004-04-16,0.014355382766212251
2004-04-19,0.006527088259540648
2004-04-20,0.011415780216575383
2004-04-21,-0.0026522039087347638
2004-04-22,0.009063504812142357
2004-04-23,0.025563389714106745
2004-04-26,-0.006522535758786178
2004-04-27,-0.018648764957672107
2004-04-28,-0.01581046945263162
2004-04-29,-0.009607639751100221
2004-04-30,0.006015695948442159
2004-05-03,0.009154051340299157
2004-05-04,0.0023744622804078687
2004-05-05,-0.007139919850800975
2004-05-06,-0.02051178791351441
2004-05-07,-0.008979464204009673
2004-05-10,-0.01695313870597838
2004-05-11,0.017363092129504525
2004-05-12,-0.010298847975312213
2004-05-13,0.026559136523500042
2004-05-14,-0.019133127695541794
2004-05-17,-0.013656316608803195
2004-05-18,0.004157692695608106
2004-05-19,0.008264624491741599
2004-05-20,-0.010341169523853106
2004-05-21,-0.006675296248311033
2004-05-24,0.00792174064057535
2004-05-25,-0.015062951961467645
2004-05-26,0.012568038641935701
2004-05-27,0.0012484689272675097
2004-05-28,-0.006256576025978655
2004-05-31,0.008333121058090169
2004-06-01,-0.005408482233955986
2004-06-02,0.013261558632331067
2004-06-03,0.008200148287991382
2004-06-04,-0.0036817616258175423
2004-06-07,0.0044979707221680055
2004-06-08,-0.006138793752726365
2004-06-09,-0.01488833272559872
2004-06-10,0.009124901188089236
2004-06-11,-0.007875955436304071
2004-06-14,-0.006261706925916316
2004-06-15,0.0008373328116490246
2004-06-16,-0.005875063945375733
2004-06-17,-0.004217503691998726
2004-06-18,-0.01318889144064474
2004-06-21,0.002138923001854851
2004-06-22,-0.0017105214900036453
2004-06-23,-0.019888694160904455
2004-06-24,0.021599215650908058
2004-06-25,0.0
2004-06-28,0.01652940454423396
2004-06-29,-0.001682930682512246
2004-06-30,0.00042099826906689123
2004-07-01,-0.013133018283274775
2004-07-02,-0.0064171747295781395
2004-07-05,-0.008620570168854497
2004-07-06,-0.007386631713671457
2004-07-07,-0.005246895942563842
2004-07-08,0.0
2004-07-09,-0.011464007271364414
2004-07-12,-0.004444612860536696
2004-07-13,0.008427824606211857
2004-07-14,-0.015131903658850058
2004-07-15,-0.005846421564686536
2004-07-16,-0.0072432072722325765
2004-07-19,0.008595582383034367
2004-07-20,0.0067337706389161076
2004-07-21,0.0075772967203751145
2004-07-22,-0.0035583108581812954
2004-07-23,0.004002598256819406
2004-07-26,-0.006233429681632981
2004-07-27,0.016829719604066835
2004-07-28,0.005692704014307224
2004-07-29,0.016028297002052144
2004-07-30,-0.00603470052407781
2004-08-02,0.004314130121568619
2004-08-03,0.011981422406895485
2004-08-04,-0.026289149006438594
2004-08-05,0.001745146760855702
2004-08-06,-0.02739901783711774
2004-08-09,-0.020367023686395428
2004-08-10,-0.00045728605955929174
2004-08-11,-0.016605440429955307
2004-08-12,-0.0023285838500101204
2004-08-13,-0.01172336089321592
2004-08-16,0.005175261191072487
2004-08-17,0.00887668355215363
2004-08-18,0.0
2004-08-19,-0.003727962671874005
2004-08-20,-0.002805384488148075
2004-08-23,0.03857261971752391
2004-08-24,-0.004514741887751503
2004-08-25,0.0
2004-08-26,0.009457255847834157
2004-08-27,-0.0031423900386849737
2004-08-30,-0.013125376842889634
2004-08-31,-0.006857315681771624
2004-09-01,0.008223133588203434
2004-09-02,-0.004560239944631613
2004-09-03,0.009099472362327565
2004-09-06,0.0031654303696043787
2004-09-07,0.008093214709155956
2004-09-08,-0.00944854277700888
2004-09-09,0.0022577251848109195
2004-09-10,0.01299587197575082
2004-09-13,0.01808994095875644
2004-09-14,-0.003065425756913441
2004-09-15,-0.013245210939894097
2004-09-16,0.006203148985836974
2004-09-17,-0.015131903658850058
2004-09-20,0.011148691913174923
2004-09-21,-0.0008873836091303894
2004-09-22,-0.004448567477272076
2004-09-23,-0.004468344799261007
2004-09-24,-0.0031396727308503456
2004-09-27,-0.009478600332198025
2004-09-28,-0.002270230970608607
2004-09-29,0.004535319664509374
2004-09-30,-0.008634439701637414
2004-10-01,0.014949305510786838
2004-10-04,0.011622677205499898
2004-10-05,-0.003561780091576751
2004-10-06,0.05889129115118217
2004-10-07,-0.003369737906975661
2004-10-08,0.01590654656045814
2004-10-11,-0.019711362943586507
2004-10-12,-0.01708717628204956
2004-10-13,0.04094282108318938
2004-10-14,0.006595221701468522
2004-10-15,-0.005768459598534518
2004-10-18,0.014359279855917005
2004-10-19,0.03206677551985601
2004-10-20,-0.006331709564850357
2004-10-21,-0.004775029000187698
2004-10-22,0.002788248596838102
2004-10-25,-0.024563255969968573
2004-10-26,0.016977068029696264
2004-10-27,0.0071884832566134396
2004-10-28,0.00950508000936844
2004-10-29,-0.007517510081880001
2004-11-01,0.015369679541385508
2004-11-02,0.0182141131685447
2004-11-03,-0.021347497668971486
2004-11-04,-0.011839379881438614
2004-11-05,0.012231292108367837
2004-11-08,-0.0039291557011051775
2004-11-09,0.0015738695926954742
2004-11-10,0.008610174814067346
2004-11-11,0.00930984342483035
2004-11-12,-0.010869593806717202
2004-11-15,-0.0023448576955875326
2004-11-16,-0.016170537821667833
2004-11-17,0.0071311664609752645
2004-11-18,-0.001184808902073365
2004-11-19,-0.0035634982649751174
2004-11-22,-0.0019854708036575407
2004-11-23,-0.004381512040012577
2004-11-24,-0.007613728460503885
2004-11-25,0.0016076670164919915
2004-11-26,-0.0036211192220734563
2004-11-29,-0.0008062447289881088
2004-11-30,-0.006069336252969841
2004-12-01,0.012502881939281563
2004-12-02,0.003999879708761807
2004-12-03,-0.0023981877374570477
2004-12-06,-0.010458881498108424
2004-12-07,-0.008935697478420315
2004-12-08,0.011359341318912416
2004-12-09,-0.0012108146905613325
2004-12-10,0.0
2004-12-13,0.004432716044173252
2004-12-14,0.003612037111171577
2004-12-15,-0.014528011181370816
2004-12-16,0.004866220327048821
2004-12-17,-0.008939234332361079
2004-12-20,-0.004500178742706651
2004-12-21,0.0008196465582099549
2004-12-22,0.014236804215835244
2004-12-23,-0.0060769865700353925
2004-12-24,0.0
2004-12-27,-0.009389493348801079
2004-12-28,0.0020487432112401573
2004-12-29,0.0036771568211568235
2004-12-30,-0.004496224329395792
2004-12-31,0.0
2005-01-03,0.013023975065904414
2005-01-04,0.029877295029481353
2005-01-05,0.0
2005-01-06,0.02404107906063317
2005-01-07,0.018976077992435673
2005-01-10,0.013443069628136066
2005-01-11,-0.020232943363961108
2005-01-12,-0.015255689938262419
2005-01-13,0.0007681470123725609
2005-01-14,0.008793555026166066
2005-01-17,-0.004195731080943294
2005-01-18,0.012913058143920285
2005-01-19,0.008641738667913358
2005-01-20,-0.00037412763701932073
2005-01-21,-0.00751311734719401
2005-01-24,-0.004914159179999971
2005-01-25,0.024702092901031786
2005-01-26,-0.01077880815948079
2005-01-27,-0.0158196369436188
2005-01-28,0.0094465958882945
2005-01-31,0.032559273384709014
2005-02-01,0.025517975484161994
2005-02-02,-0.026610761592842595
2005-02-03,-0.005847868997630574
2005-02-04,0.0007327636993335477
2005-02-07,0.0185090000621823
2005-02-08,-0.0007194019573657606
2005-02-09,-0.0010801148327258107
2005-02-10,-0.002524922669214082
2005-02-11,0.007196802260023971
2005-02-14,0.026885359095850922
2005-02-15,-0.004547665636208599
2005-02-16,0.00705240947920171
2005-02-17,0.004612523151161343
2005-02-18,-0.0017713860642629324
2005-02-21,0.0119844988272685
2005-02-22,-0.0130490578153527
2005-02-23,-0.020804188806082924
2005-02-24,-0.0018140394948980368
2005-02-25,0.003986312703229565
2005-02-28,0.0007232828647841354
2005-03-01,0.014352550426752677
2005-03-02,0.006037876110725113
2005-03-03,-0.005682051765718169
2005-03-04,-0.0028525094693999742
2005-03-07,0.0
2005-03-08,-0.01583921003437008
2005-03-09,0.0003626477066946298
2005-03-10,-0.0065502817193276355
2005-03-11,-0.0025588296924673537
2005-03-14,-0.011411881335660661
2005-03-15,0.010313174755905883
2005-03-16,-0.021107949117602696
2005-03-17,-0.006006004665958309
2005-03-18,0.003382846103220701
2005-03-21,-0.007155145665969609
2005-03-22,0.006028801336316106
2005-03-23,0.014174027688340269
2005-03-24,0.01580055923732501
2005-03-25,0.0
2005-03-28,0.0
2005-03-29,0.013398423251388366
2005-03-30,0.0014380084530187724
2005-03-31,-0.0007187061000479553
2005-04-01,-0.00251938793151686
2005-04-04,-0.016715472588513636
2005-04-05,0.007665555414903846
2005-04-06,-0.001455559701025115
2005-04-07,-0.004745294798349077
2005-04-08,-0.004768082213382181
2005-04-11,-0.007380043023800982
2005-04-12,-0.0018537161226054087
2005-04-13,-0.0007422039556017287
2005-04-14,0.0018547641753760163
2005-04-15,-0.014184611633557546
2005-04-18,-0.034030947452346576
2005-04-19,-0.010557431425736332
2005-04-20,0.001571130479517508
2005-04-21,-0.0035384560580943446
2005-04-22,0.01714994436658676
2005-04-25,0.0072612603828270976
2005-04-26,-0.01579938181352777
2005-04-27,-0.007788595440072843
2005-04-28,-0.01242233988315902
2005-04-29,0.0144779682888435
2005-05-02,0.002460912729174157
2005-05-03,0.0036803093289621233
2005-05-04,0.016194679004799165
2005-05-05,0.007203060639579934
2005-05-06,0.0007968946165673522
2005-05-09,-0.006394700749089756
2005-05-10,-0.006032803646741421
2005-05-11,-0.0036372634581621917
2005-05-12,0.021626740243083427
2005-05-13,0.012598771923522163
2005-05-16,-0.007067065385449213
2005-05-17,0.003147278715440424
2005-05-18,0.007434719511644062
2005-05-19,0.01355300309374305
2005-05-20,-0.005399032414953146
2005-05-23,-0.0003868619701586823
2005-05-24,-0.013240014295558175
2005-05-25,0.0
2005-05-26,0.019025908680670032
2005-05-27,-0.00385356806306251
2005-05-30,0.0
2005-05-31,0.0103708008956711
2005-06-01,0.031593548812101246
2005-06-02,0.0029574713131435113
2005-06-03,0.006622754304973164
2005-06-06,-0.002202921648330762
2005-06-07,0.0033020631021637944
2005-06-08,-0.0018332966230425055
2005-06-09,-0.007366202474195966
2005-06-10,0.011029672261016116
2005-06-13,0.005469127070157945
2005-06-14,0.009410173682650373
2005-06-15,-0.009410173682650416
2005-06-16,0.018018876685237113
2005-06-17,0.00035686046923642014
2005-06-20,-0.0010714159996977786
2005-06-21,0.014546776204513018
2005-06-22,0.013296186625485724
2005-06-23,0.0034699607880778137
2005-06-24,0.004492637406329848
2005-06-27,-0.009353637879551752
2005-06-28,0.017595468644690252
2005-06-29,0.0054572956251023805
2005-06-30,-0.002725284761587228
2005-07-01,0.004084645469230689
2005-07-04,-0.004766732795077118
2005-07-05,0.003407372087433792
2005-07-06,0.01585985592238178
2005-07-07,-0.01926722800981552
2005-07-08,0.028265413196507796
2005-07-11,0.03552616810315362
2005-07-12,0.0139905777181102
2005-07-13,-0.023966596744847975
2005-07-14,0.01826705404560269
2005-07-15,0.008222792188005095
2005-07-18,-0.0012609286739228307
2005-07-19,0.015955355840997217
2005-07-20,0.009882862658629392
2005-07-21,0.01282441712354573
2005-07-22,-0.006086379481961753
2005-07-25,0.020245540193714873
2005-07-26,-0.0038965104311953352
2005-07-27,0.00718150807643523
2005-07-28,0.012149911813308689
2005-07-29,0.003235074235981096
2005-08-01,-0.0017633109781718004
2005-08-02,0.0
2005-08-03,-0.005899532708387835
2005-08-04,0.001773361418327475
2005-08-05,-0.009197264869233298
2005-08-08,0.01567347646650911
2005-08-09,0.0035154470215512665
2005-08-10,0.004667363657485453
2005-08-11,-0.016432383694640038
2005-08-12,0.0014781025698418948
2005-08-15,0.0011807616461531648
2005-08-16,-0.016662000621350394
2005-08-17,-0.008436310416014661
2005-08-18,-0.010646516889752355
2005-08-19,0.016378848770418338
2005-08-22,0.019661076296018695
2005-08-23,-0.007996341878458855
2005-08-24,-0.014375789764813724
2005-08-25,-0.022575584451385262
2005-08-26,-0.0021624030466871735
2005-08-29,-0.008383883518972245
2005-08-30,-0.010343049506798173
2005-08-31,0.01407782753872769
2005-09-01,0.002482343139432945
2005-09-02,-0.008402343457236457
2005-09-05,0.017962942874473396
2005-09-06,0.023659014605901613
2005-09-07,0.021646516931461513
2005-09-08,-0.0020555415776156386
2005-09-09,0.009362092354211989
2005-09-12,0.007542861140966315
2005-09-13,-0.02043866138320758
2005-09-14,0.019860508549196538
2005-09-15,0.0028879747464890695
2005-09-16,0.035965774100898844
2005-09-19,-0.015417286071229233
2005-09-20,0.024554840056635184
2005-09-21,0.008234955857075236
2005-09-22,0.02883139374166994
2005-09-23,0.01868218144301166
2005-09-26,-0.026682276309143143
2005-09-27,0.005872731851631855
2005-09-28,0.019244268386016155
2005-09-29,-0.02404671360269433
2005-09-30,0.015656460331750333
2005-10-03,0.007083835287036672
2005-10-04,0.04473590211316912
2005-10-05,-0.04186420805776669
2005-10-06,-0.02561198967418946
2005-10-07,-0.0072473611925347355
2005-10-10,-0.017391758662438566
2005-10-11,0.0
2005-10-12,-0.012134634023013435
2005-10-13,-0.015942316615808937
2005-10-14,-0.0002820334763047841
2005-10-17,-0.00764320935016368
2005-10-18,-0.00028427785972077026
2005-10-19,-0.012585816228179215
2005-10-20,0.0005756727909642654
2005-10-21,-0.0159493835526305
2005-10-24,0.009020379466928678
2005-10-25,-0.00902037946692868
2005-10-26,0.01796096639278452
2005-10-27,-0.035060542850971266
2005-10-28,-0.013169855818989102
2005-10-31,0.021166197697448038
2005-11-01,-0.004434439440479204
2005-11-02,0.0014804780851646684
2005-11-03,0.005605613930418267
2005-11-04,-0.010053389166817651
2005-11-07,0.024076079231853172
2005-11-08,0.008090480521631423
2005-11-09,-0.014784895101637373
2005-11-10,-0.032654025150734865
2005-11-11,0.01972013573528695
2005-11-14,-0.015504380577814857
2005-11-15,-0.009661920141908281
2005-11-16,-0.005475923846455415
2005-11-17,-0.010118208909174984
2005-11-18,-0.0015419219465646417
2005-11-21,0.011354820886201088
2005-11-22,-0.012899254433265811
2005-11-23,-0.010878474621893825
2005-11-24,0.0012493113203816911
2005-11-25,-0.0012493113203816452
2005-11-28,0.0018732834870258837
2005-11-29,0.01270757236198351
2005-11-30,0.0024607686693729914
2005-12-01,0.02398068369550984
2005-12-02,0.010739866731748893
2005-12-05,0.0073908580958141285
2005-12-06,-0.0002944138870284087
2005-12-07,-0.0008845085315326232
2005-12-08,0.0023567668984009254
2005-12-09,-0.004127511360576389
2005-12-12,-0.008902006020747616
2005-12-13,-0.010487267098262434
2005-12-14,-0.0030164014041865156
2005-12-15,-0.0006043609083478633
2005-12-16,-0.007586294992207672
2005-12-19,0.0003044309110370103
2005-12-20,-0.008869842129621261
2005-12-21,-0.006163149896488569
2005-12-22,-0.004958474304090303
2005-12-23,-0.001865514148044959
2005-12-26,0.0
2005-12-27,0.009910343945764732
2005-12-28,0.0018471994316259842
2005-12-29,0.0012295949712332395
2005-12-30,-0.0015373112213842033
2006-01-02,0.011016058232623659
2006-01-03,0.015101585950752982
2006-01-04,-0.005410277407053349
2006-01-05,-0.009995746743941441
2006-01-06,0.004556038936457558
2006-01-09,0.004233155589752041
2006-01-10,0.0015078993931536197
2006-01-11,0.03056170775169433
2006-01-12,0.005827212617631285
2006-01-13,0.0029008913747790278
2006-01-16,-0.004063645092433546
2006-01-17,-0.012291585180294058
2006-01-18,-0.011848412846736985
2006-01-19,0.009194538555789934
2006-01-20,-0.0226939673988933
2006-01-23,-0.006666893129137598
2006-01-24,0.01568666703736727
2006-01-25,0.012492671762653142
2006-01-26,0.04281814161274899
2006-01-27,0.005366776373507632
2006-01-30,0.005057478474764245
2006-01-31,-0.006185135436534719
2006-02-01,0.026163548057511123
2006-02-02,-0.006891561064590572
2006-02-03,-0.005547978375793448
2006-02-06,0.010789561339304785
2006-02-07,0.0043936364616504586
2006-02-08,-0.012682856325968613
2006-02-09,0.016784050717828323
2006-02-10,0.08746590089211455
2006-02-13,0.04401696817412311
2006-02-14,0.002150789308731134
2006-02-15,-0.000750244605148239
2006-02-16,0.012672363052054892
2006-02-17,0.026492829117651776
2006-02-20,-0.003244523985737319
2006-02-21,-0.01003170587327558
2006-02-22,0.011886911346075621
2006-02-23,0.0032386167667399846
2006-02-24,0.003458002422241065
2006-02-27,0.00916413069126251
2006-02-28,-0.014008786089045131
2006-03-01,-0.018910333419795537
2006-03-02,-0.03745955493952545
2006-03-03,0.0021997517361754663
2006-03-06,0.02077877503522369
2006-03-07,-0.0040732064271133345
2006-03-08,-0.0255333462188944
2006-03-09,0.0046691794746607515
2006-03-10,0.00562238156629224
2006-03-13,0.004621279775480208
2006-03-14,0.026815215958738935
2006-03-15,0.012209390326707953
2006-03-16,-0.004209482876885065
2006-03-17,-0.007999907449823002
2006-03-20,0.01918631458838323
2006-03-21,-0.00884556385375376
2006-03-22,0.03965233429678602
2006-03-23,-0.0006745311374758149
2006-03-24,0.012736139346093226
2006-03-27,-0.007577354930907853
2006-03-28,0.0
2006-03-29,-0.005608724746331881
2006-03-30,0.016289724087083943
2006-03-31,0.0024317192012171256
2006-04-03,0.026796231687446027
2006-04-04,0.017895444905316592
2006-04-05,-0.016177398050309055
2006-04-06,-0.005379065379809112
2006-04-07,-0.025788249097334324
2006-04-10,0.012540089630393356
2006-04-11,-0.02188168004946176
2006-04-12,0.009562907152541168
2006-04-13,-0.001993987704442622
2006-04-18,-0.01317126491401918
2006-04-19,0.013836338412809183
2006-04-20,0.02581628124192735
2006-04-21,0.0010795653275868266
2006-04-24,-0.00779746130761661
2006-04-25,0.014034893525269527
2006-04-26,0.003210494386395399
2006-04-27,-0.002139333445056114
2006-04-28,-0.05934013552113943
2006-05-02,0.00022672516818824802
2006-05-03,-0.016263942385481296
2006-05-04,0.002609914455725987
2006-05-05,-0.004274419593229721
2006-05-08,0.00403743591572221
2006-05-09,0.03676548201598672
2006-05-10,0.0006852266423373461
2006-05-11,-0.011481292074789191
2006-05-12,-0.029293292194034128
2006-05-15,-0.03140363488392701
2006-05-16,-0.01657810081963001
2006-05-17,-0.027315955676990133
2006-05-18,-0.012903635321982928
2006-05-19,-0.008346027684816931
2006-05-22,-0.0063059821844747505
2006-05-23,0.031138791498391934
2006-05-24,-0.006150524636569438
2006-05-25,0.007427426298358505
2006-05-26,0.007879202459456915
2006-05-29,0.007314707783362739
2006-05-30,-0.024164765671855746
2006-05-31,0.011264825225151452
2006-06-01,-0.00459321399128605
2006-06-02,-0.000767729963446424
2006-06-05,-0.02251906440314745
2006-06-06,-0.028410412708896507
2006-06-07,-0.005671589111026923
2006-06-08,-0.02246058999554856
2006-06-09,0.021918757228590654
2006-06-12,-0.01281910739550788
2006-06-13,0.005201904146223637
2006-06-14,-0.01985708549652796
2006-06-15,0.04865741007869094
2006-06-16,-0.011206213609711028
2006-06-19,0.014120370638289165
2006-06-20,0.006329157137458258
2006-06-21,-0.017502360916890718
2006-06-22,0.004537578039170604
2006-06-23,0.011649574804428757
2006-06-26,-0.006337405369367989
2006-06-27,-0.018717214340242542
2006-06-28,0.004308986486399565
2006-06-29,0.026258240384468504
2006-06-30,0.03346524102122168
2006-07-03,0.0012648591585916757
2006-07-04,-0.0037998005705149286
2006-07-05,-0.02440732245688772
2006-07-06,0.006481124346096135
2006-07-07,-0.0012927634847669759
2006-07-10,-0.008313923013941259
2006-07-11,-0.016838128253801158
2006-07-12,0.010294343525315741
2006-07-13,-0.006058156707818354
2006-07-14,-0.009556944187843228
2006-07-17,-0.00803426928396467
2006-07-18,-0.013262963722023064
2006-07-19,0.03743738119148216
2006-07-20,-0.003944698038415237
2006-07-21,-0.018617430994050096
2006-07-24,0.036894789485059094
2006-07-25,0.015404563718811617
2006-07-26,-0.008186310424152212
2006-07-27,0.08420327063794623
2006-07-28,-0.0082988917428637
2006-07-31,-0.001429524993397963
2006-08-01,-0.016346524889204045
2006-08-02,0.01204555011079701
2006-08-03,-0.0038387890567509087
2006-08-04,0.011947492054996817
2006-08-07,-0.013631815616572512
2006-08-08,0.015056008155827444
2006-08-09,0.029908683535336746
2006-08-10,0.00482275159741484
2006-08-11,0.0045713124136520025
2006-08-14,0.010661371658925684
2006-08-15,0.0018034331235005537
2006-08-16,0.004494359158333378
2006-08-17,0.023269637228885923
2006-08-18,0.0
2006-08-21,-0.014340976055078503
2006-08-22,-0.013423020332140661
2006-08-23,-0.0013522927971576872
2006-08-24,0.010097673582488193
2006-08-25,-0.0031305353021440865
2006-08-28,-0.004714392904624858
2006-08-29,0.001573935093642789
2006-08-30,0.0053776710111222885
2006-08-31,-0.009204351480484135
2006-09-01,0.014775313129298409
2006-09-04,0.0022200125215511577
2006-09-05,0.0024360286594510673
2006-09-06,-0.01045066285877116
2006-09-07,-0.02191927735248783
2006-09-08,0.0015980085598620037
2006-09-11,-0.011239872593167992
2006-09-12,0.022580449934264106
2006-09-13,0.016995325650849585
2006-09-14,0.0013290686974308
2006-09-15,-0.0015511733676068981
2006-09-18,-0.002220053713441914
2006-09-19,-0.0013348186755568453
2006-09-20,0.010186062501504117
2006-09-21,0.01617180539365057
2006-09-22,-0.02147309072073799
2006-09-25,0.009917056966862771
2006-09-26,0.006557713341021382
2006-09-27,0.01792126802396349
2006-09-28,0.0017104174469208652
2006-09-29,-0.0034236781579486037
2006-10-02,0.0008571280664416846
2006-10-03,0.0029937846715698286
2006-10-04,0.016308568889653718
2006-10-05,0.00732620429439235
2006-10-06,0.0
2006-10-09,-0.0014609362811192905
2006-10-10,0.005415718272657647
2006-10-11,-0.003954781991538194
2006-10-12,0.0010424146023791632
2006-10-13,0.0010408207017848004
2006-10-16,0.0
2006-10-17,-0.010460190856510168
2006-10-18,0.015028342274793872
2006-10-19,0.036012793291886995
2006-10-20,-0.005410606267544615
2006-10-23,0.009000941067282305
2006-10-24,0.01049841069830093
2006-10-25,0.018546234430301158
2006-10-26,0.01344840643507206
2006-10-27,0.02077530889052343
2006-10-30,-0.023067825148482088
2006-10-31,-0.010189364255373274
2006-11-01,0.0
2006-11-02,0.004819292866174734
2006-11-03,0.005752613415575237
2006-11-06,0.0226852831221055
2006-11-07,0.012076351025912889
2006-11-08,-0.027332286129212593
2006-11-09,0.004166628998347544
2006-11-10,-0.003028594917226299
2006-11-13,0.0028394319098661866
2006-11-14,-0.011406814009793046
2006-11-15,0.05487201300659244
2006-11-16,0.011696069754008342
2006-11-17,-0.0663767498601536
2006-11-20,-0.0011476897610130188
2006-11-21,0.00648586636612916
2006-11-22,0.02738370787008371
2006-11-23,0.0011092643750610946
2006-11-24,-0.017148320101322452
2006-11-27,-0.019746292756614575
2006-11-28,0.004591645022227024
2006-11-29,0.03580831743824003
2006-11-30,-0.03561785712165633
2006-12-01,-0.009587502931734599
2006-12-04,0.006721171839586656
2006-12-05,0.004773207137872369
2006-12-06,0.0009517275370280512
2006-12-07,0.011353162493855195
2006-12-08,-0.008502707238241808
2006-12-11,0.018238859504608875
2006-12-12,-0.007668698314808291
2006-12-13,0.01933863709349011
2006-12-14,-0.00036822446779415883
2006-12-15,-0.004246389509797008
2006-12-18,0.017241734325838094
2006-12-19,0.005078895887731018
2006-12-20,0.00954373666726458
2006-12-21,0.0035778695571438307
2006-12-22,-0.014932311198785169
2006-12-27,0.012249982279184677
2006-12-28,0.008912799643305358
2006-12-29,0.0035428659303964067
2007-01-02,-0.010666841153027223
2007-01-03,0.006236167470315621
2007-01-04,-0.0226343650920259
2007-01-05,0.024409193093151343
2007-01-08,-0.007296433430340645
2007-01-09,-0.016930950813677494
2007-01-10,-0.016668606877841517
2007-01-11,0.005709444150489819
2007-01-12,0.002018367072335717
2007-01-15,0.019061934079390486
2007-01-16,-0.00017975816900088118
2007-01-17,-0.0008998622095772028
2007-01-18,0.005386046306106195
2007-01-19,0.006247370504190574
2007-01-22,-0.01343513357916626
2007-01-23,0.004318752181731098
2007-01-24,0.0017941782746550643
2007-01-25,-0.0035914349297857698
2007-01-26,0.002874237499730954
2007-01-29,0.011414321099166683
2007-01-30,0.01949318556395936
2007-01-31,-0.012248753345515133
2007-02-01,0.0029888466471587626
2007-02-02,-0.0029888466471587466
2007-02-05,0.0008799244152355336
2007-02-06,-0.00123215411422061
2007-02-07,-0.0031749433949839856
2007-02-08,-0.001768407023010971
2007-02-09,0.018413479547968264
2007-02-12,-0.0034811970375315023
2007-02-13,0.012992836961642006
2007-02-14,0.030510566922407244
2007-02-15,0.004996084866359959
2007-02-16,-0.006164986983446738
2007-02-19,0.005334048923266802
2007-02-20,0.0775458523114489
2007-02-21,0.007510330975116714
2007-02-22,0.0001524274920229949
2007-02-23,0.00836173996231136
2007-02-26,0.00453188421736414
2007-02-27,-0.028898630531136036
2007-02-28,0.0334099472205053
2007-03-01,-0.013899373596732479
2007-03-02,0.00030415235077575406
2007-03-05,-0.029166859607716377
2007-03-06,0.029926928819949534
2007-03-07,0.03141628553953294
2007-03-08,0.04605110641697114
2007-03-09,0.033742226805346685
2007-03-12,0.009608286255570645
2007-03-13,-0.010696670005836293
2007-03-14,-0.010399718762800448
2007-03-15,0.015017521907709289
2007-03-16,0.014127363338717048
2007-03-19,-0.0009355967124635894
2007-03-20,0.01552445362059263
2007-03-21,0.013729969610910506
2007-03-22,0.025642885750346265
2007-03-23,0.06422185643896944
2007-03-26,-0.09285597782762865
2007-03-27,-0.0002605400173332668
2007-03-28,-0.01642059214585486
2007-03-29,0.028593600077267557
2007-03-30,-0.008531293288663625
2007-04-02,-0.006250961473696039
2007-04-03,0.004431603056531551
2007-04-04,-0.0065240414309922536
2007-04-05,-0.014238731335391783
2007-04-10,-0.0042580628335344385
2007-04-11,-0.008840258021565276
2007-04-12,0.006303165910605973
2007-04-13,0.0021369777624127497
2007-04-16,-0.004010082323454372
2007-04-17,0.014889764948696352
2007-04-18,0.005527115906228035
2007-04-19,-0.0056589718159574896
2007-04-20,0.007225953098173696
2007-04-23,0.0009328289744828291
2007-04-24,-0.015708110225297084
2007-04-25,0.008085992347989271
2007-04-26,-0.009440127724732935
2007-04-27,0.0147951551528137
2007-04-30,-0.004817899609997628
2007-05-02,0.0054849859627126565
2007-05-03,-0.0065587779761445315
2007-05-04,0.0005366641953486989
2007-05-07,-0.009711131597278959
2007-05-08,-0.033770731747958214
2007-05-09,-0.013123875444658326
2007-05-10,-0.014162000913234208
2007-05-11,0.006319110752064026
2007-05-14,0.0007152978645525492
2007-05-15,0.007553979729921669
2007-05-16,0.014378511736469925
2007-05-17,0.0030742774975695782
2007-05-18,0.002786761605974359
2007-05-21,-0.013306552840247479
2007-05-22,0.021206159971097857
2007-05-23,0.04057909023871282
2007-05-24,-0.023199609318752076
2007-05-25,-0.014347154096688252
2007-05-29,0.010269052826705564
2007-05-30,-0.008756220621262922
2007-05-31,0.005618352693557941
2007-06-01,0.010061253186185741
2007-06-04,0.011165773293703394
2007-06-05,0.0006687454850869486
2007-06-06,-0.023263129989930444
2007-06-07,-0.019482522434143293
2007-06-08,-0.0013962984889931503
2007-06-11,-0.008841448800287055
2007-06-12,0.006883439322566043
2007-06-13,0.010029135474176498
2007-06-14,0.004011541229362547
2007-06-15,0.018464627127570667
2007-06-18,0.012925911074591434
2007-06-19,-0.0033503448164345193
2007-06-20,0.008820389943826732
2007-06-21,-0.01758316659146988
2007-06-22,-0.002712052842663207
2007-06-25,0.007574858178705933
2007-06-26,0.006179327961253391
2007-06-27,-0.00874295464931775
2007-06-28,0.02850105625733732
2007-06-29,0.01291532081128727
2007-07-02,-0.01265278466969409
2007-07-03,0.0335602377466908
2007-07-04,0.011861397610840705
2007-07-05,-0.0028891398275518432
2007-07-06,0.01262575057505693
2007-07-09,0.0013657946655615807
2007-07-10,-0.010224782389562658
2007-07-11,-0.020128478980584858
2007-07-12,0.021256007085892016
2007-07-13,0.01021262468258122
2007-07-16,-0.002605429802018829
2007-07-17,-0.025543935498960217
2007-07-18,-0.008704597079156986
2007-07-19,-0.00167281715878521
2007-07-20,0.005650641449941523
2007-07-23,0.006382334480507025
2007-07-24,-0.009974323339829783
2007-07-25,-0.0020586525906186007
2007-07-26,-0.03285833554336059
2007-07-27,0.0434904888678548
2007-07-30,0.019308056479617426
2007-07-31,0.0372912218420756
2007-08-01,0.008751338460196476
2007-08-02,0.019737200030122925
2007-08-03,0.01244427943383384
2007-08-06,0.005417456775807219
2007-08-07,-0.007847689293910505
2007-08-08,-0.004761616367200664
2007-08-09,-0.00023282541194669234
2007-08-10,-0.010299863588484486
2007-08-13,0.019802640217762624
2007-08-14,0.01726670107638428
2007-08-15,0.010038809280641653
2007-08-16,-0.012422425697116915
2007-08-17,0.000681496382206839
2007-08-20,0.002608607246453315
2007-08-21,0.01640109001096981
2007-08-22,0.01668452409682114
2007-08-23,-0.02215904391806526
2007-08-24,-0.0017942481212687498
2007-08-27,0.007491376811493707
2007-08-28,-0.014135065129502793
2007-08-29,-0.0005652194666998391
2007-08-30,0.00642293323828447
2007-08-31,0.031183574346866316
2007-09-03,0.03382534901972998
2007-09-04,-0.00021058290351857778
2007-09-05,-0.019023912500062468
2007-09-06,-0.0021482043497778394
2007-09-07,-0.011898633633800509
2007-09-10,0.0
2007-09-11,0.008020059901339126
2007-09-12,0.0
2007-09-13,0.015105404129230629
2007-09-14,-0.0014895687407802411
2007-09-17,-0.01135155653030886
2007-09-18,0.006762150789796284
2007-09-19,0.0029908512537404302
2007-09-20,0.0033008957293342777
2007-09-21,0.009837642479856995
2007-09-24,-0.002634997187001676
2007-09-25,-0.003065527340739086
2007-09-26,0.005805978902691631
2007-09-27,0.006190571707757014
2007-09-28,0.00936987636897917
2007-10-01,0.0137908980261562
2007-10-02,0.0
2007-10-03,-0.0026610790434109816
2007-10-04,0.016364737205281244
2007-10-05,0.059300932847594016
2007-10-08,0.016490351418649914
2007-10-09,0.011060182143879115
2007-10-10,0.012857413414348763
2007-10-11,0.03699321075544368
2007-10-12,-0.0034354477503814895
2007-10-15,-0.01386068664635047
2007-10-16,-0.01878504711523048
2007-10-17,0.0
2007-10-18,-0.009986917891859865
2007-10-19,0.013627030330985576
2007-10-22,0.0057062905055193704
2007-10-23,-0.02626314879476483
2007-10-24,0.02842843736115903
2007-10-25,0.006736322028190311
2007-10-26,0.051382667210121226
2007-10-29,0.034845128996855323
2007-10-30,0.030171888522476664
2007-10-31,0.042891547593623354
2007-11-01,-0.028808124423481858
2007-11-02,-0.01695626881712924
2007-11-05,-0.01846894436256066
2007-11-06,0.008026198824338693
2007-11-07,-0.018746872306250096
2007-11-08,-0.005114311941833278
2007-11-09,-0.03629378329760946
2007-11-12,-0.002146639433368578
2007-11-13,-0.021631155833709892
2007-11-14,0.01853271315106239
2007-11-15,-0.017304016992694442
2007-11-16,-0.027477145392053783
2007-11-19,-0.07039758378321129
2007-11-20,0.005787065694001161
2007-11-21,-0.03354355677156211
2007-11-22,0.0038713319582023903
2007-11-23,-0.0030759694253234154
2007-11-26,0.0
2007-11-27,-0.022104701981162673
2007-11-28,0.026665444440620814
2007-11-29,0.002173866112180121
2007-11-30,0.023220710979609652
2007-12-03,-0.008523098236048625
2007-12-04,-0.03182080315719696
2007-12-05,-0.0003013614568970315
2007-12-06,-0.015385088935774503
2007-12-07,-0.005112911125311758
2007-12-10,0.00030776557922675146
2007-12-11,0.02569937712817879
2007-12-12,-0.003101431545115143
2007-12-13,-0.0062317890625583055
2007-12-14,-0.008708907728332067
2007-12-17,-0.009709468414087414
2007-12-18,0.0
2007-12-19,0.01306016176857448
2007-12-20,0.009985560534094797
2007-12-21,0.03452356745632897
2007-12-27,-0.03432289133210309
2007-12-28,0.0034059872227129953
2008-01-02,-0.008536536261507494
2008-01-03,-0.026572960026409555
2008-01-04,-0.025702908599963374
2008-01-07,-0.005327646572463791
2008-01-08,0.011155434285985642
2008-01-09,-0.007955339233725265
2008-01-10,-0.006195895136016919
2008-01-11,0.018052957864551168
2008-01-14,0.013276964383963388
2008-01-15,-0.024069685543068712
2008-01-16,0.00657415863113601
2008-01-17,-0.010197517242121167
2008-01-18,-0.0235508522712606
2008-01-21,-0.01631084997993238
2008-01-22,0.018058283658066138
2008-01-23,-0.026987083057581712
2008-01-24,0.06415330412202354
2008-01-25,-0.00010509106478573319
2008-01-28,0.013058174665553687
2008-01-29,-0.007814425203464185
2008-01-30,-0.02714339886221173
2008-01-31,-0.0015056647304328202
2008-02-01,0.007506524713321683
2008-02-04,-0.01452795960360829
2008-02-05,-0.025582277023918406
2008-02-06,0.014573485413098799
2008-02-07,-0.012129463596440702
2008-02-08,-0.0029999308568405066
2008-02-11,-0.0002224501747053871
2008-02-12,0.02690229366128265
2008-02-13,-0.0009755591860656342
2008-02-14,-0.004456006566407081
2008-02-15,-0.013710023143373067
2008-02-18,0.023573856644898562
2008-02-19,-0.0037823366475564263
2008-02-20,-0.012200380134792606
2008-02-21,0.008838440823495188
2008-02-22,0.010267577809139821
2008-02-25,-0.007447030587216316
2008-02-26,-0.0033640239366282735
2008-02-27,0.007040448721039753
2008-02-28,-0.009543555395724775
2008-02-29,0.0017420038542196419
2008-03-03,0.028312943090893213
2008-03-04,-0.02581436126122723
2008-03-05,0.029192280817101582
2008-03-06,-0.01743436323261829
2008-03-07,-0.0018246956123873029
2008-03-10,0.004502279198928442
2008-03-11,0.002990126698730466
2008-03-12,0.0025557471575884177
2008-03-13,-0.001064200363560783
2008-03-14,0.0020211578954541787
2008-03-17,0.009938638771585333
2008-03-18,0.07017776736765537
2008-03-19,0.016149453342826234
2008-03-20,-0.001158364789999389
2008-03-25,0.02481015345664078
2008-03-26,0.01589547453675894
2008-03-27,-0.00408989550446228
2008-03-28,-0.012182603478100188
2008-03-31,-0.0076667438817823955
2008-04-01,-0.014064924298227869
2008-04-02,-0.01779073672069821
2008-04-03,0.012186277992404368
2008-04-04,0.022042121918011873
2008-04-07,0.0
2008-04-08,0.0015153158495110315
2008-04-09,0.00932622433571257
2008-04-10,0.0009372341466231326
2008-04-11,-0.007050572670753169
2008-04-14,-0.007575860402151814
2008-04-15,-0.002855714781346128
2008-04-16,0.0073135050017824116
2008-04-17,0.005003139044052133
2008-04-18,-0.0021682038923046764
2008-04-21,0.004049650746761757
2008-04-22,0.017699416127493997
2008-04-23,-0.02619413350538157
2008-04-24,-0.02097674415395786
2008-04-25,0.005896704918966719
2008-04-28,0.00936316342263271
2008-04-29,0.01760943537493015
2008-04-30,0.010909431820793125
2008-05-02,0.01013784369881927
2008-05-05,-0.005901214287463808
2008-05-06,-0.017246802245911033
2008-05-07,-0.011342935179256221
2008-05-08,0.009333584578834871
2008-05-09,-0.006437342955039387
2008-05-12,-0.0008682195055874046
2008-05-13,-0.0006754999132352561
2008-05-14,0.010945890120160643
2008-05-15,-0.019185817231478167
2008-05-16,0.003691973120961436
2008-05-19,0.03422481041920418
2008-05-20,-0.032093337734902784
2008-05-21,-0.010506943180235727
2008-05-22,-0.008446521925630225
2008-05-23,-0.019822393987406532
2008-05-26,-0.0162272119945451
2008-05-27,0.004590521353196084
2008-05-28,0.0025413463507287953
2008-05-29,-0.009178990511987272
2008-05-30,-0.0014355319070781319
2008-06-02,-0.02262207418643064
2008-06-03,-0.006422589801339156
2008-06-04,-0.01126019376314549
2008-06-05,-0.003424175210682615
2008-06-06,-0.0015018189698689365
2008-06-09,0.011421410211595264
2008-06-10,0.0010604699720612168
2008-06-11,-0.024361213022745187
2008-06-12,0.004336218626765042
2008-06-13,0.0004325470194630493
2008-06-16,-0.0033575270219583313
2008-06-17,0.0327617733734595
2008-06-18,0.008988561012827493
2008-06-19,0.011791644585531074
2008-06-20,-0.012832762536003442
2008-06-23,-0.009418253443358027
2008-06-24,-0.022542156590593655
2008-06-25,0.019382785073432773
2008-06-26,-0.02834865422834166
2008-06-27,-0.005112614411326148
2008-06-30,0.0037011545962190753
2008-07-01,-0.003592146723720201
2008-07-02,-0.005467501256419211
2008-07-03,-0.0066006378113831424
2008-07-04,-0.015124994714713026
2008-07-07,-0.0038170887902796726
2008-07-08,-0.015873207021411276
2008-07-09,0.002966667122261278
2008-07-10,-0.02725964383356715
2008-07-11,-0.007050509384973067
2008-07-14,0.003296437078208484
2008-07-15,0.007727289347297794
2008-07-16,0.06774830739789793
2008-07-17,0.014069595284615953
2008-07-18,0.02073972125535451
2008-07-21,0.014006618779800436
2008-07-22,0.013506187135937311
2008-07-23,0.0426023139022769
2008-07-24,-0.03882037517844544
2008-07-25,0.007925914429758324
2008-07-28,0.0015171760076277778
2008-07-29,0.004537212397999491
2008-07-30,0.0008045367103667436
2008-07-31,0.009006461091873388
2008-08-01,-0.02368925182525735
2008-08-04,-0.013866940615078205
2008-08-05,0.01844663651240598
2008-08-06,0.00516532585844185
2008-08-07,0.016928707829468783
2008-08-08,0.02297584163527124
2008-08-11,0.022459936102563752
2008-08-12,0.01404272053003785
2008-08-13,-0.022238668547780005
2008-08-14,0.0019120079035741075
2008-08-15,-0.0023906756819306574
2008-08-18,-0.007978295450778203
2008-08-19,-0.00648680961085049
2008-08-20,0.0005825265701147825
2008-08-21,-0.0061346707540240256
2008-08-22,0.013003723262571263
2008-08-25,-0.002703293326635882
2008-08-26,0.007800381313103865
2008-08-27,-0.00683400981679719
2008-08-28,0.012191017953360117
2008-08-29,0.004664366605823656
2008-09-01,0.0074743363784003924
2008-09-02,0.004326459273009605
2008-09-03,-0.01436844994841545
2008-09-04,-0.014384499971710464
2008-09-05,-0.0031924975130743095
2008-09-08,0.01966947211000129
2008-09-09,-0.016766504766034425
2008-09-10,-0.005814310082277408
2008-09-11,0.008322936764377734
2008-09-12,0.01168945094979227
2008-09-15,-0.06361191972425749
2008-09-16,0.030393151477878008
2008-09-17,0.054611422812911155
2008-09-18,-0.032792922098534495
2008-09-19,-0.03719927515857148
2008-09-22,-0.03926106991656687
2008-09-23,0.003633525427291192
2008-09-24,-0.0316883493335705
2008-09-25,0.004375941490095002
2008-09-26,-0.05415607145259357
2008-09-29,-0.05904488427890147
2008-09-30,0.048648219095242966
2008-10-01,-0.031620572476069864
2008-10-02,-0.03337994110163551
2008-10-03,0.017544025524599677
2008-10-06,-0.04657089755667806
2008-10-07,-0.01041211168856552
2008-10-08,-0.0489731215590733
2008-10-09,-0.06158505313861874
2008-10-10,0.08371959088509508
2008-10-13,0.010309364438933677
2008-10-14,0.01728560785104838
2008-10-15,0.05741712026335431
2008-10-16,-0.057669153177512915
2008-10-17,-0.03058670041203223
2008-10-20,-0.05132765006087521
2008-10-21,-0.0430472072791742
2008-10-22,-0.08165074728319413
2008-10-23,-0.19269591395436095
2008-10-24,-0.18480484956139143
2008-10-27,-0.1549422332777524
2008-10-28,0.1797227246571064
2008-10-29,-0.12728200859004998
2008-10-30,0.05765899867715955
2008-10-31,0.1367767632174149
2008-11-03,-0.20855963222429233
2008-11-04,0.04543428392260993
2008-11-05,-0.005110200871938513
2008-11-06,-0.07547885133856258
2008-11-07,-0.06494221559137207
2008-11-10,0.01615197906392733
2008-11-11,-0.09103761066127254
2008-11-12,-0.12043411661310373
2008-11-13,0.12466128146122622
2008-11-14,0.05224216477814855
2008-11-17,-0.10482098480817366
2008-11-18,0.023847956015163305
2008-11-19,0.04783002819592503
2008-11-20,-0.050935498260198823
2008-11-21,0.031534774152471134
2008-11-24,0.05539895595006716
2008-11-25,-0.041630045642936556
2008-11-26,0.0047448022102436925
2008-11-27,-0.010110209069196402
2008-11-28,-0.04461460961266146
2008-12-01,-0.06587296406090055
2008-12-02,0.012274218786112566
2008-12-03,0.006900021292218579
2008-12-04,0.027451843657451708
2008-12-05,-0.050974517815028875
2008-12-08,0.0384725869448798
2008-12-09,-0.01494991278730272
2008-12-10,0.002616128127190663
2008-12-11,0.12652637239071438
2008-12-12,0.014285782436381327
2008-12-15,-0.03610502021403159
2008-12-16,-0.024413432593201664
2008-12-17,0.08101636858294435
2008-12-18,0.06769489324627374
2008-12-19,0.0
2008-12-22,0.0
2008-12-23,-0.0465201808635398
2008-12-29,0.0032600069432389763
2008-12-30,0.030714089470179045
2009-01-02,0.06934358517291407
2009-01-05,0.0182375573465006
2009-01-06,0.04821637323756855
2009-01-07,-0.07631866409264619
2009-01-08,0.012315762333670334
2009-01-09,0.011923599795614241
2009-01-12,-0.05750009264905207
2009-01-13,-0.013931795261294058
2009-01-14,-0.010446888123393764
2009-01-15,0.00810612198293869
2009-01-16,-0.022118144899510486
2009-01-19,-0.01502169352006095
2009-01-20,0.010752892287898993
2009-01-21,0.009049716268821962
2009-01-22,-0.061187751433337975
2009-01-23,-0.042290527055800255
2009-01-26,0.0105236311066717
2009-01-27,0.021004940061157447
2009-01-28,0.088244584956985
2009-01-29,0.012177780540721092
2009-01-30,-0.00206246810938895
2009-02-02,-0.06696717781849754
2009-02-03,-0.008869255367631118
2009-02-04,0.025289977810647367
2009-02-05,-0.015042172518795506
2009-02-06,0.04604406517478661
2009-02-09,0.027768632421573604
2009-02-10,-0.07078610726644548
2009-02-11,0.0
2009-02-12,-0.022785051813491556
2009-02-13,0.03913429075412507
2009-02-16,0.02006752859171575
2009-02-17,-0.014676787859857326
2009-02-18,0.038496812328587884
2009-02-19,-0.006487756575424499
2009-02-20,-0.04445163703051126
2009-02-23,-0.018959278915820093
2009-02-24,-0.04394738142321096
2009-02-25,0.003183144667755453
2009-02-26,0.036037362616099515
2009-02-27,-0.00727287842579313
2009-03-02,-0.03980460535524489
2009-03-03,0.02195957548988693
2009-03-04,0.03923191621709211
2009-03-05,-0.09778643307864586
2009-03-06,-0.046837740052335944
2009-03-09,-0.04050431545969736
2009-03-10,0.02772075901619078
2009-03-11,0.13545923643446386
2009-03-12,0.020023257670274318
2009-03-13,0.0019252354697502057
2009-03-16,0.010116437421318038
2009-03-17,-0.028979989036388088
2009-03-18,-0.020939636707738296
2009-03-19,0.03650000112573365
2009-03-20,-0.024278900434456657
2009-03-23,-0.0028289105949254583
2009-03-24,0.01963613065197336
2009-03-25,0.05669526203639766
2009-03-26,0.06306100454011683
2009-03-27,0.08544921613563493
2009-03-30,-0.06303120826677616
2009-03-31,0.04338268172215392
2009-04-01,0.05956529782112203
2009-04-02,0.06582851189601796
2009-04-03,-0.03605858708182115
2009-04-06,0.046587142989639695
2009-04-07,0.04759061019468813
2009-04-08,0.006126778502202542
2009-04-09,0.0589276072806528
2009-04-14,0.013050977475991397
2009-04-15,-0.0765700894027076
2009-04-16,0.027051342776827286
2009-04-17,0.044176078927482286
2009-04-20,-0.02166155926069938
2009-04-21,-0.052446456069285524
2009-04-22,0.04952257909845989
2009-04-23,-0.036720347317550424
2009-04-24,0.0060982725571919185
2009-04-27,-0.04821168380318313
2009-04-28,-0.04741238846748617
2009-04-29,-0.0271233565033603
2009-04-30,0.06231902775531003
2009-05-04,-0.05524839057804166
2009-05-05,0.02005271932609185
2009-05-06,-0.01741420139952315
2009-05-07,0.01482161968383227
2009-05-08,-0.01746013761040105
2009-05-11,-0.08329578157052149
2009-05-12,0.01684724087750496
2009-05-13,0.000470461685438467
2009-05-14,0.055576067853053725
2009-05-15,0.06877042405239055
2009-05-18,-0.020775319103667984
2009-05-19,0.04133095907985643
2009-05-20,0.007095967729900157
2009-05-21,-0.01015241354851974
2009-05-22,0.02180138264708896
2009-05-25,-0.02180138264708888
2009-05-26,0.007927640449814817
2009-05-27,0.0002025193691898779
2009-05-28,-0.002026351527848764
2009-05-29,0.02365302428295612
2009-06-01,0.0729468066754957
2009-06-02,-0.03085773307132678
2009-06-03,-0.04705396814577401
2009-06-04,0.04057550537281221
2009-06-05,0.026225202240438495
2009-06-08,-0.011236192194730215
2009-06-09,-0.011363736273931183
2009-06-10,0.007401297448650878
2009-06-11,-0.00740129744865082
2009-06-12,-0.004773263247838597
2009-06-15,-0.028340410690233613
2009-06-16,-0.04778637728334077
2009-06-17,-0.03874173750845422
2009-06-18,0.02898736527061461
2009-06-19,-0.003760927102847147
2009-06-22,-0.025226438167767387
2009-06-23,0.021451313077854358
2009-06-24,-0.001892721390387462
2009-06-25,0.012552202310863911
2009-06-26,-0.008560315490526391
2009-06-29,0.010429763401537385
2009-06-30,0.03205992203551185
2009-07-01,-0.012537965378626273
2009-07-02,0.018149165742440847
2009-07-03,-0.006817675150965912
2009-07-06,0.007816343437235732
2009-07-07,-0.015897152751011376
2009-07-08,-0.004065063115837817
2009-07-09,0.0379664563083114
2009-07-10,-0.003929220645946794
2009-07-13,0.04616194887668328
2009-07-14,0.049327157050792096
2009-07-15,0.037402116261846696
2009-07-16,-0.0005169839641554673
2009-07-17,-0.028688504797919418
2009-07-20,-0.06734611716373351
2009-07-21,0.019177048544561356
2009-07-22,-0.0009315011410110756
2009-07-23,-0.0027997915977086944
2009-07-24,0.06249192344796373
2009-07-27,-0.009704338533097684
2009-07-28,-0.025136146091603768
2009-07-29,-0.005469291832939295
2009-07-30,-0.0012807606171639113
2009-07-31,0.006568292587927354
2009-08-03,0.029387690914151915
2009-08-04,0.0
2009-08-05,0.006687519440664614
2009-08-06,0.024602922201291698
2009-08-07,0.0003420904775979405
2009-08-10,-0.013781304156055668
2009-08-11,-0.016968856467110157
2009-08-12,0.028180976501502707
2009-08-13,0.031072738057566555
2009-08-14,-0.05995978975064494
2009-08-17,0.010537352216776347
2009-08-18,0.03872355236659211
2009-08-19,0.13968880314277304
2009-08-20,-0.08253051285157384
2009-08-21,-0.004772998230303892
2009-08-24,-0.004796252562208098
2009-08-25,0.009569250792512068
2009-08-26,-0.01567758934342066
2009-08-27,0.015677589343420766
2009-08-28,0.02446036828755071
2009-08-31,0.013997168113948561
2009-09-01,0.0018311612599011678
2009-09-02,-0.00045741838684305126
2009-09-03,0.014987801259609447
2009-09-04,-0.009056817798234551
2009-09-07,-0.0030369910982955017
2009-09-08,-0.01332044963065415
2009-09-09,-0.0020058170032330076
2009-09-10,-0.011650284228712003
2009-09-11,0.045809377331117014
2009-09-14,0.028833818635319045
2009-09-15,0.03603098622968093
2009-09-16,0.05125835939590252
2009-09-17,-0.010553936609882904
2009-09-18,-0.0290228877747688
2009-09-21,-0.043515978794732985
2009-09-22,-0.0050667421770001966
2009-09-23,0.02295651794473211
2009-09-24,0.02507304777463672
2009-09-25,0.04079423876970338
2009-09-28,0.0
2009-09-29,0.0358694445481356
2009-09-30,0.01953901724112533
2009-10-01,-0.04602385008018184
2009-10-02,-0.018724228671545096
2009-10-05,0.01806647486009948
2009-10-06,0.042400513499219104
2009-10-07,0.017263456758725985
2009-10-08,0.013427855425640825
2009-10-09,-0.025154518578989392
2009-10-12,-0.031097202894869787
2009-10-13,0.007865307895731458
2009-10-14,-0.016706964088645807
2009-10-15,0.016835241530107174
2009-10-16,-0.06458122019386507
2009-10-19,0.013605505087199515
2009-10-20,-0.037028482140808804
2009-10-21,0.019717458712060144
2009-10-22,0.004390244173306581
2009-10-23,0.0039619431820807184
2009-10-26,-0.02163944766799041
2009-10-27,-0.04313540125855976
2009-10-28,-0.05072697103697897
2009-10-29,0.06889109390026948
2009-10-30,-0.03385241637502111
2009-11-02,-0.009950277219835203
2009-11-03,-0.010502937352692702
2009-11-04,0.01511925793223153
2009-11-05,0.011668285116605956
2009-11-06,0.022792543200024832
2009-11-09,0.02592789133603917
2009-11-10,-0.17169317978448304
2009-11-11,0.007444819035139166
2009-11-12,-0.010604924475648047
2009-11-13,0.003658326279006086
2009-11-16,0.03586362516519159
2009-11-17,-0.009654238499063335
2009-11-18,-0.003725602892460421
2009-11-19,-0.0068394435598677986
2009-11-20,-0.06218816765349181
2009-11-23,0.029300590340791705
2009-11-24,-0.02756339636965412
2009-11-25,-0.007142091088154081
2009-11-26,-0.06612523928005115
2009-11-27,0.017771908919709433
2009-11-30,0.036040019357243866
2009-12-01,0.051735565876229135
2009-12-02,0.03517239712075075
2009-12-03,0.01721289494014468
2009-12-04,0.012678450378495298
2009-12-07,0.01609043263051091
2009-12-08,-0.006686054108864116
2009-12-09,-0.007988285191964517
2009-12-10,0.021931190979501584
2009-12-11,0.024767571882944435
2009-12-14,0.018586620317146474
2009-12-15,0.00470296664216087
2009-12-16,0.004097140497546936
2009-12-17,-0.033408033173070444
2009-12-18,-0.004236739888170819
2009-12-21,0.007101497920457939
2009-12-22,-0.013948292642887822
2009-12-23,-0.028807792425442142
2009-12-28,0.013578003848509036
2009-12-29,0.017212891342418733
2009-12-30,0.001674545662815916
2010-01-04,-0.01904239992755941
2010-01-05,-0.019570088780491962
2010-01-06,0.027292108723622324
2010-01-07,0.011472535180261801
2010-01-08,0.010740401945511074
2010-01-11,0.007345845916353637
2010-01-12,-0.026486571159353243
2010-01-13,-0.026419496191957194
2010-01-14,0.0
2010-01-15,-0.0326535839726875
2010-01-18,0.0027622386540475056
2010-01-19,-0.015205176578922399
2010-01-20,-0.01996722054182829
2010-01-21,-0.0246714176753392
2010-01-22,-0.019833889786431108
2010-01-25,0.004208309326263329
2010-01-26,0.011309532276823001
2010-01-27,-0.02824981464094312
2010-01-28,0.005501714623397929
2010-01-29,0.036493755494521864
2010-02-01,0.03389012381338342
2010-02-02,0.0069045958780495865
2010-02-03,0.007508091394620939
2010-02-04,-0.014742342905907414
2010-02-05,-0.022697897525532244
2010-02-08,-0.010009656112971367
2010-02-09,-0.0211945143525451
2010-02-10,0.025448209118761538
2010-02-11,-0.030161797061659106
2010-02-12,-0.019256733180817404
2010-02-15,-0.004111183491201071
2010-02-16,0.014227713919344395
2010-02-17,0.04269178393554152
2010-02-18,0.0054000832287418015
2010-02-19,0.012044218891174305
2010-02-22,0.018451927251130644
2010-02-23,-0.009348095419615642
2010-02-24,0.015856443936961714
2010-02-25,-0.017670641918712305
2010-02-26,-0.01295908603457615
2010-03-01,0.008326602767615104
2010-03-02,0.006611184791748296
2010-03-03,0.02296364628518245
2010-03-04,-0.011497274063153016
2010-03-05,0.03205391984817041
2010-03-08,0.01921496048852926
2010-03-09,-0.015750813799707386
2010-03-10,0.002041169826532156
2010-03-11,0.07448881382518502
2010-03-12,0.018894414458399993
2010-03-15,-0.016567447095198546
2010-03-16,0.022408193903408626
2010-03-17,0.014804732380567872
2010-03-18,0.00041971896797370593
2010-03-19,0.009468499168861692
2010-03-22,0.010888292951396426
2010-03-23,-0.06294049716850018
2010-03-24,0.007417701476645681
2010-03-25,-0.035997637685007904
2010-03-26,0.03874704080285606
2010-03-29,0.002021118729991335
2010-03-30,-0.02083876666703997
2010-03-31,0.00584987079675407
2010-04-01,0.02357823532651482
2010-04-06,0.022754119977413275
2010-04-07,-0.006630431695657985
2010-04-08,-0.025081776940192927
2010-04-09,-0.002907198232093897
2010-04-12,-0.0073045273822791475
2010-04-13,-0.010316970399529038
2010-04-14,0.03192919414487722
2010-04-15,0.010136484900941087
2010-04-16,0.007359114412186975
2010-04-19,-0.01305735209914647
2010-04-20,0.03509123465489419
2010-04-21,0.037362545715996676
2010-04-22,0.01215008084261317
2010-04-23,-0.014190642039011941
2010-04-26,0.0004087055641497178
2010-04-27,-0.03404221392583869
2010-04-28,-0.034950814750934915
2010-04-29,0.05405193463006184
2010-04-30,0.0017937437437610419
2010-05-03,0.011240564527617883
2010-05-04,-0.04460037372109482
2010-05-05,-0.021320271631502363
2010-05-06,0.007687399160931175
2010-05-07,-0.027836744551069437
2010-05-10,0.05012630572572553
2010-05-11,0.0018352735029096789
2010-05-12,0.020936005215851608
2010-05-13,0.006333458431771355
2010-05-14,-0.024171101849889673
2010-05-17,-0.02246648876812513
2010-05-18,0.022466488768125157
2010-05-19,-0.029248401039695695
2010-05-20,-0.03791850105634077
2010-05-21,-0.0067895621670462205
2010-05-24,0.03144562477945951
2010-05-25,-0.03144562477945938
2010-05-26,0.05350118898534622
2010-05-27,0.01198286099924472
2010-05-28,-0.004832916483466784
2010-05-31,0.021845768130418698
2010-06-01,0.00874462315248182
2010-06-02,-0.004432302585547312
2010-06-03,0.0034643437542437538
2010-06-04,-0.03176207414758636
2010-06-07,-0.001143009914713702
2010-06-08,-0.01106894005223011
2010-06-09,0.016202070604540694
2010-06-10,0.026664595439760033
2010-06-11,-0.0004154992267638072
2010-06-14,-0.0009703740155809651
2010-06-15,0.0022165576001521763
2010-06-16,0.002349290171607714
2010-06-17,0.03739250897169246
2010-06-18,0.007287645551476088
2010-06-21,0.025802811544355937
2010-06-22,-0.013991689363514453
2010-06-23,0.002084927978988242
2010-06-24,0.005453450178595613
2010-06-25,-0.02836719053539188
2010-06-28,0.011522837535368938
2010-06-29,-0.033611022802189736
2010-06-30,-0.014402810225685776
2010-07-01,-0.03386342571698379
2010-07-02,0.0014283341432615182
2010-07-05,-0.000999609141822649
2010-07-06,0.01952247757238179
2010-07-07,-0.0019633704777535055
2010-07-08,0.00014055292428950602
2010-07-09,0.012136581375468554
2010-07-12,0.015137094325442928
2010-07-13,0.050337006405725165
2010-07-14,0.0038884259043454493
2010-07-15,-0.01933200341555104
2010-07-16,0.0023711843674758828
2010-07-19,-0.018190589897013276
2010-07-20,-0.005913096397993288
2010-07-21,0.01697329612448628
2010-07-22,0.04229445540572894
2010-07-23,0.006962441545054968
2010-07-26,0.008541568255379328
2010-07-27,-0.015885141435302123
2010-07-28,-0.0012717695693205639
2010-07-29,0.030081408638965225
2010-07-30,0.003943192872606718
2010-08-02,0.03848253614968673
2010-08-03,-0.014062809721731049
2010-08-04,-0.017433781670800553
2010-08-05,-0.004651899770681036
2010-08-06,-0.021706179887060074
2010-08-09,0.00774427299004021
2010-08-10,-0.004989636848088517
2010-08-11,-0.024045693754315086
2010-08-12,-0.0017946907435284912
2010-08-13,-0.011745904374400007
2010-08-16,0.00750220573057735
2010-08-17,0.01280448270964444
2010-08-18,-0.0072783450802655905
2010-08-19,0.007023885558865038
2010-08-20,0.0035568342340022248
2010-08-23,0.012976359018386585
2010-08-24,-0.010190491924183682
2010-08-25,-0.018892724516448987
2010-08-26,0.020535113524394317
2010-08-27,-0.002401511535259501
2010-08-30,-0.011454749058656769
2010-08-31,0.005234269916377653
2010-09-01,0.027258059404361826
2010-09-02,0.01047787176437501
2010-09-03,0.015211624583777466
2010-09-06,0.004097900991962453
2010-09-07,0.0019225975558393668
2010-09-08,0.00036021926641271524
2010-09-09,0.02477139662320678
2010-09-10,0.02725354988514281
2010-09-13,0.01335320915415008
2010-09-14,0.0006742474384874326
2010-09-15,0.0061592496427046286
2010-09-16,-0.007733339287124564
2010-09-17,0.025877633871300636
2010-09-20,0.006665405924581576
2010-09-21,0.0
2010-09-22,-0.011391198049453332
2010-09-23,-0.022615493496584767
2010-09-24,0.02426647118267316
2010-09-27,0.0014287480994277205
2010-09-28,-0.008491869110972038
2010-09-29,-0.003772859758162684
2010-09-30,-0.01591252197534273
2010-10-01,-0.023196901689644597
2010-10-04,-0.0369759034935729
2010-10-05,0.007290717077007325
2010-10-06,0.011603477068149022
2010-10-07,0.025338325988204485
2010-10-08,0.024376445225899167
2010-10-11,0.014014134175267456
2010-10-12,0.006934342049280338
2010-10-13,-0.006382227017056988
2010-10-14,0.0060529085882873625
2010-10-15,0.011563378779395537
2010-10-18,-0.007621107908632432
2010-10-19,-0.013201388794695504
2010-10-20,0.00265409430342162
2010-10-21,0.03515990672247406
2010-10-22,0.03128207271236984
2010-10-25,0.06588769642630042
2010-10-26,0.012500240089030654
2010-10-27,-0.001913189243759808
2010-10-28,0.02738631919214168
2010-10-29,0.006036501203464456
2010-11-01,-0.02769482854108721
2010-11-02,0.007114139629500468
2010-11-03,0.008939196479978073
2010-11-04,0.009788043262432093
2010-11-05,-0.001392361837382432
2010-11-08,0.011085527227484956
2010-11-09,0.023605151486724065
2010-11-10,-0.02544445197604455
2010-11-11,0.017788394775397686
2010-11-12,0.030278697398605902
2010-11-15,0.02255064421153738
2010-11-16,-0.009478925312345437
2010-11-17,0.0034573790005624143
2010-11-18,0.02765565348863847
2010-11-19,0.029358789732726386
2010-11-22,0.02574599830359328
2010-11-23,-0.05636486486470945
2010-11-24,0.043976821919679464
2010-11-25,0.021480355929001677
2010-11-26,0.002358369106118979
2010-11-29,-0.024240856051038113
2010-11-30,-0.004030823165927979
2010-12-01,0.03179935474442285
2010-12-02,0.018221068987403596
2010-12-03,0.03769737778640517
2010-12-06,0.009206733241910833
2010-12-07,0.00365893940111477
2010-12-08,-0.05750203242427816
2010-12-09,-0.03985536605633185
2010-12-10,0.03791922550099848
2010-12-13,0.01843352940629167
2010-12-14,-0.01920928743561453
2010-12-15,0.000775758029322685
2010-12-16,-0.022737396326278535
2010-12-17,-0.03469487989242208
2010-12-20,0.035883817899110194
2010-12-21,0.02271034195014704
2010-12-22,0.005405439742128462
2010-12-23,-0.013568725183833535
2010-12-27,-0.048790049381029835
2010-12-28,-0.0061665556714621565
2010-12-29,0.021216579287753657
2010-12-30,-0.019980294962610754
2011-01-03,0.049809418054418415
2011-01-04,0.011299559138367625
2011-01-05,-0.025904037447048618
2011-01-06,-0.0071828875523448285
2011-01-07,0.02374472909123747
2011-01-10,-0.007852198314427496
2011-01-11,0.03371748156924882
2011-01-12,-0.005733072111399883
2011-01-13,-0.03709170583225935
2011-01-14,0.0003976531499455039
2011-01-17,-0.012000106358505019
2011-01-18,-0.010517902811732763
2011-01-19,-0.010629585194141325
2011-01-20,-0.04712705355589134
2011-01-21,-0.01782241276645246
2011-01-24,0.014369764370285748
2011-01-25,-0.01130466709959209
2011-01-26,0.032267830608641204
2011-01-27,-0.0004236036918668961
2011-01-28,0.019711436113903188
2011-01-31,-0.020134658561051486
2011-02-01,0.001270126011465105
2011-02-02,-0.020090354610284352
2011-02-03,0.0017255148591320416
2011-02-04,-0.0056190829939063046
2011-02-07,0.031152369553276996
2011-02-08,0.032247606206679165
2011-02-09,0.004060340394923505
2011-02-10,0.012082147383952552
2011-02-11,0.026077929823200258
2011-02-14,-0.012163976270347262
2011-02-15,-0.035359272809022194
2011-02-16,0.006116088033804322
2011-02-17,-0.015980562143506866
2011-02-18,-0.011632791109852667
2011-02-21,-0.01941010012021558
2011-02-22,0.028147263890505973
2011-02-23,-0.040580249940369975
2011-02-24,-0.030219234859273574
2011-02-25,0.059970858087267494
2011-02-28,0.028891559638934153
2011-03-01,-0.015993607467262576
2011-03-02,-0.014574845132934623
2011-03-03,-0.0012588074506433733
2011-03-04,-0.016515372709218327
2011-03-07,-0.009869343817577354
2011-03-08,0.023018972407968276
2011-03-09,-0.0016870055609637788
2011-03-10,-0.03653966425485112
2011-03-11,0.0008753780062658302
2011-03-14,-0.009670459752267605
2011-03-15,-0.03826720348563596
2011-03-16,-0.021805733620988976
2011-03-17,0.006545369947369427
2011-03-18,0.012962990872041662
2011-03-21,0.024984411054057073
2011-03-22,-0.016282532987276
2011-03-23,0.005003250119101906
2011-03-24,0.025975559962872853
2011-03-25,-0.0004421396614338626
2011-03-28,-0.00799278124485841
2011-03-29,0.00044562142952800886
2011-03-30,0.027254262837126748
2011-03-31,-0.007399144171311722
2011-04-01,0.012589641813963898
2011-04-04,0.00859113256678565
2011-04-05,0.0025627494725401776
2011-04-06,-0.0029905765575382794
2011-04-07,-0.022064418594076714
2011-04-08,-0.02032785095348151
2011-04-11,-0.013935919705918941
2011-04-12,-0.016431306302068377
2011-04-13,0.026789503715240925
2011-04-14,0.006252769852282153
2011-04-15,0.003555591484087846
2011-04-18,-0.012500408530883633
2011-04-19,0.015158602462109913
2011-04-20,0.04668095253533934
2011-04-21,0.0016879655862373957
2011-04-26,0.017551462909713877
2011-04-27,0.04693419354680573
2011-04-28,0.03495502080122407
2011-04-29,0.015151721468104153
2011-05-02,0.01307218781920988
2011-05-03,-0.01683873319546456
2011-05-04,-0.02676784302697895
2011-05-05,0.014873158952968295
2011-05-06,0.013122551684472059
2011-05-09,-0.021706333133410357
2011-05-10,0.022472833197529792
2011-05-11,-0.008078373875167912
2011-05-12,-0.006587677554686281
2011-05-13,-0.00116742034814187
2011-05-16,-0.007815482991770996
2011-05-17,-0.027039220749793383
2011-05-18,0.002817302139564386
2011-05-19,0.014761783857813073
2011-05-20,-0.010750719310955378
2011-05-23,-0.033791016017302875
2011-05-24,0.014796870331451327
2011-05-25,0.012165778999429463
2011-05-26,-0.018715295420935908
2011-05-27,0.02193428941110411
2011-05-30,-0.005640408177482032
2011-05-31,-0.0028324722711743516
2011-06-01,0.007668986626931012
2011-06-02,-0.011322195874917474
2011-06-03,-0.0016281908922243233
2011-06-06,0.0036593859730353834
2011-06-07,-0.0008120534570590699
2011-06-08,0.005266539895408834
2011-06-09,0.029853055899962202
2011-06-10,-0.015412552172992405
2011-06-13,0.007933404889873092
2011-06-14,0.01451291622857341
2011-06-15,0.0007787721146251449
2011-06-16,0.007751866496467346
2011-06-17,0.006158427223603269
2011-06-20,0.012962455262460927
2011-06-21,0.014291519829012868
2011-06-22,-0.005992680817001604
2011-06-23,-0.00829883901201142
2011-06-24,0.021361355980589306
2011-06-27,0.008491620051078012
2011-06-28,0.03681412165355767
2011-06-29,0.011275547181239243
2011-06-30,-0.0024555645034227487
2011-07-01,0.0031562217830134374
2011-07-04,0.02044751785901497
2011-07-05,0.010918164258826886
2011-07-06,0.0030491876018444164
2011-07-07,0.006743116250814035
2011-07-08,-0.0010084712137919945
2011-07-11,-0.033518848054245
2011-07-12,0.005549630052589893
2011-07-13,0.01612657660002909
2011-07-14,-0.0006807999095642028
2011-07-15,0.02820868946711373
2011-07-18,-0.021758309125980334
2011-07-19,0.020432965842491206
2011-07-20,-0.002988532465237271
2011-07-21,-0.03554268335777162
2011-07-22,0.025179782164366414
2011-07-25,0.00033573699124526886
2011-07-26,-0.013867649516227439
2011-07-27,-0.018910835127144136
2011-07-28,-0.04254443742612708
2011-07-29,0.01009019994797642
2011-08-01,-0.009728009752713688
2011-08-02,-0.04177279673280681
2011-08-03,-0.04754530650265144
2011-08-04,-0.04039334718538478
2011-08-05,-0.04553917566142533
2011-08-08,-0.06275688856820294
2011-08-09,0.03387097758335801
2011-08-10,-0.028830852821621268
2011-08-11,0.042064590239907405
2011-08-12,0.04456603592171019
2011-08-15,-0.025038366595918092
2011-08-16,0.0042881104263505845
2011-08-17,-0.012920205607941923
2011-08-18,-0.07234211821530138
2011-08-19,-0.025963333115247848
2011-08-22,-0.026655366029434642
2011-08-23,0.025219414392268196
2011-08-24,0.04495153011002019
2011-08-25,-0.012903369597509875
2011-08-26,0.01244543545364851
2011-08-29,0.018157433453400932
2011-08-30,0.005831175092141912
2011-08-31,0.03644744182445638
2011-09-01,-0.006923489504658366
2011-09-02,-0.05305462672147974
2011-09-05,-0.043515578472853825
2011-09-06,-0.007681324993587992
2011-09-07,0.056220913788827105
2011-09-08,-0.016536820698408658
2011-09-09,-0.039684093090418544
2011-09-12,-0.015052508365218287
2011-09-13,0.010221509247148172
2011-09-14,0.049597262882102124
2011-09-15,0.03575836229068302
2011-09-16,0.022423286413069413
2011-09-19,-0.05588031754240291
2011-09-20,0.04714669710787903
2011-09-21,-0.026668127149600204
2011-09-22,-0.06802829953996897
2011-09-23,0.0009640369708058669
2011-09-26,-0.021914582436967034
2011-09-27,0.06435371113287881
2011-09-28,-0.01067549651252279
2011-09-29,-0.00796431069019113
2011-09-30,-0.06059513380755305
2011-10-04,-0.12221584354392132
2011-10-05,0.07441435093888389
2011-10-06,0.04319275612789047
2011-10-07,0.019489966354535048
2011-10-10,0.04618404484277901
2011-10-11,0.016320955504300252
2011-10-12,0.033655257643513924
2011-10-13,0.0017871302736365443
2011-10-14,0.020327821103855375
2011-10-17,-0.017652713785689875
2011-10-18,0.01633939532349424
2011-10-19,0.006113508174076923
2011-10-20,-0.014028953942650477
2011-10-21,0.035989144770211805
2011-10-24,0.04456258045618309
2011-10-25,-0.01725583955672788
2011-10-26,-0.0205156151900444
2011-10-27,0.0993782788278623
2011-10-28,0.014826173307398969
2011-10-31,-0.04397174597178984
2011-11-01,-0.05511907599597131
2011-11-02,0.058268709273510515
2011-11-03,0.02829115218233923
2011-11-04,-0.04334068345836855
2011-11-07,0.001594735820620724
2011-11-08,0.011487537104957948
2011-11-09,-0.01587965752137889
2011-11-10,0.00955809056717642
2011-11-11,0.03466764773238839
2011-11-14,-0.023239078201244337
2011-11-15,-0.002746665675702261
2011-11-16,-0.010268760309291998
2011-11-17,-0.010776118027077168
2011-11-18,-0.018631793004265835
2011-11-21,-0.05937328385744256
2011-11-22,0.010358269006331512
2011-11-23,-0.033176267750980176
2011-11-24,0.004428770799695684
2011-11-25,-0.009323064392666202
2011-11-28,0.0689333018504802
2011-11-29,-0.0016666798499267884
2011-11-30,0.06263413777237187
2011-12-01,-0.007470099301348907
2011-12-02,0.014495970844817803
2011-12-05,0.002718926644726075
2011-12-06,-0.020376865318386863
2011-12-07,-0.0003960357559874519
2011-12-08,-0.030969717485252648
2011-12-09,0.018215592932738927
2011-12-12,-0.038018072622834756
2011-12-13,0.003327635032728175
2011-12-14,-0.04632215869497737
2011-12-15,0.007798840068162759
2011-12-16,-0.00432520574374555
2011-12-19,-0.0013013561127787827
2011-12-20,0.029086839435661368
2011-12-21,-0.0004216315704700858
2011-12-22,-0.0008439798695939822
2011-12-23,-0.00465408251660529
2011-12-27,0.0025414698041185593
2011-12-28,-0.026142505306547482
2011-12-29,-0.0021734735565931535
2011-12-30,0.007370579376078617
2012-01-02,0.034390839338759444
2012-01-03,0.02514038289068366
2012-01-04,0.0008138228966154845
2012-01-05,0.026090103570631677
2012-01-06,-0.017586228225116036
2012-01-09,-0.018312075059976878
2012-01-10,0.03192840973286235
2012-01-11,0.004762007441438428
2012-01-12,0.019600735091018923
2012-01-13,-0.021978961580567603
2012-01-16,0.02275509180793549
2012-01-17,0.023764944683506976
2012-01-18,0.0
2012-01-19,0.02653878745259707
2012-01-20,-0.0077763416636177475
2012-01-23,0.0
2012-01-24,0.012559996398153896
2012-01-25,0.006221542664595377
2012-01-26,0.01950920303006974
2012-01-27,-0.023896653066987385
2012-01-30,0.0025616054172055845
2012-01-31,-0.010656083971647337
2012-02-01,0.024088756887194817
2012-02-02,-0.003250846584972735
2012-02-03,0.02853272062260788
2012-02-06,0.0087519525018755
2012-02-07,-0.011921513065448657
2012-02-08,-0.0010588586689802557
2012-02-09,0.020965237315059167
2012-02-10,-0.027341529105008037
2012-02-13,0.025957485433689063
2012-02-14,-0.023472852026355708
2012-02-15,-0.011049855542289126
2012-02-16,0.004648518180630198
2012-02-17,0.016629192187076976
2012-02-20,0.011165182891981056
2012-02-21,0.004500560195497146
2012-02-22,-0.016016950750377595
2012-02-23,-0.023438674035259774
2012-02-24,0.0007185260723426543
2012-02-27,-0.006484247561129179
2012-02-28,0.017553728364618625
2012-02-29,-0.0032010236711167207
2012-03-01,0.021847073785069993
2012-03-02,0.003479526286696627
2012-03-05,-0.006971100853596469
2012-03-06,-0.046536530305363706
2012-03-07,0.0025616054172055845
2012-03-08,0.03059446933801356
2012-03-09,0.012330692576025057
2012-03-12,-0.021232122365403165
2012-03-13,-0.015861969969619468
2012-03-14,0.030771553626154684
2012-03-15,0.00035216141210584633
2012-03-16,-0.004943423145172708
2012-03-19,-0.014619487602459208
2012-03-20,-0.04518686519654595
2012-03-21,-0.007544470891902178
2012-03-22,-0.01449275883078784
2012-03-23,0.016761929711948877
2012-03-26,0.0030179727744983897
2012-03-27,0.010490941990833417
2012-03-28,-0.009361750187432962
2012-03-29,-0.02475849332769025
2012-03-30,0.016826475051135534
2012-04-02,0.01468117098994742
2012-04-03,-0.005621017280550491
2012-04-04,-0.027816787582638898
2012-04-05,-0.0034832985371565837
2012-04-10,-0.030311441859254606
2012-04-11,0.029147304163060137
2012-04-12,0.018843188946667217
2012-04-13,-0.0188431889466673
2012-04-16,0.016936582514971214
2012-04-17,0.015903331407915004
2012-04-18,-0.01209385668930542
2012-04-19,-0.034819835694089474
2012-04-20,0.011711172114277496
2012-04-23,-0.033654341297587
2012-04-24,0.018386732456999805
2012-04-25,0.021626804718291905
2012-04-26,0.08357180054039542
2012-04-27,0.033330499487313446
2012-04-30,0.008773530623433742
2012-05-02,-0.004903627155163879
2012-05-03,0.018093605313150143
2012-05-04,-0.03544857521984703
2012-05-07,-0.005014174698369568
2012-05-08,-0.023248567921871136
2012-05-09,-0.00073524072954953
2012-05-10,-0.011466691923080832
2012-05-11,0.02207580091889553
2012-05-14,-0.018733160626858675
2012-05-15,-0.008190803719719869
2012-05-16,-0.011656407263652132
2012-05-17,-0.01064624987625436
2012-05-18,-0.020078066473203038
2012-05-21,0.009703058739533999
2012-05-22,0.02441943012068963
2012-05-23,-0.03373274262430836
2012-05-24,0.0
2012-05-25,0.0015582363797627004
2012-05-28,0.003885055693800623
2012-05-29,0.04176772385397482
2012-05-30,-0.029436078127308446
2012-05-31,-0.011168782122214992
2012-06-01,-0.04232410830001779
2012-06-04,-0.03285709376997758
2012-06-05,0.006243473629278131
2012-06-06,0.013600159865246554
2012-06-07,0.010991190667630848
2012-06-08,-0.013450376324880987
2012-06-11,0.013045408338948019
2012-06-12,0.006861796835562267
2012-06-13,-0.018267191868644575
2012-06-14,-0.006576369437984569
2012-06-15,0.01960065334920142
2012-06-18,0.008054798385311196
2012-06-19,0.013941613686257891
2012-06-20,0.009448869258142607
2012-06-21,-0.031040968279154965
2012-06-22,-0.020829872655351196
2012-06-25,-0.01790588507650512
2012-06-26,-0.0046325222788283415
2012-06-27,-0.0012671865222513398
2012-06-28,-0.00253920052745779
2012-06-29,0.05442392135182265
2012-07-02,-0.000802832073027652
2012-07-03,0.02733381469129898
2012-07-04,0.0003908382107435335
2012-07-05,0.04953398059428199
2012-07-06,-0.0271307845014696
2012-07-09,-0.0007639626889013581
2012-07-10,0.017806804880800647
2012-07-11,-0.005271244107983666
2012-07-12,0.009393169102818264
2012-07-13,0.02511236009250541
2012-07-16,-0.0021907309670937225
2012-07-17,0.004376262485438329
2012-07-18,0.0025441398265584254
2012-07-19,0.012624202408840626
2012-07-20,-0.014077057434869233
2012-07-23,-0.030635469542676645
2012-07-24,-0.010550081607450518
2012-07-25,0.012422307600572948
2012-07-26,-0.0007483430801056211
2012-07-27,0.004109920631975554
2012-07-30,0.025765128943306452
2012-07-31,0.01012298491706778
2012-08-01,-0.005771906809177081
2012-08-02,-0.016782706135133385
2012-08-03,0.041792833743281424
2012-08-06,0.016448155895743808
2012-08-07,0.026375973234314013
2012-08-08,-0.01053540613777419
2012-08-09,0.013573400419092257
2012-08-10,-0.0033759500186288896
2012-08-13,-0.013277025713571715
2012-08-14,0.005127497585852712
2012-08-15,-0.011660059796014302
2012-08-16,0.00034491064261842
2012-08-17,0.009267226880651706
2012-08-20,-0.002736910092561147
2012-08-21,0.007508504014735033
2012-08-22,-0.0003401015166245234
2012-08-23,-0.008196460386159296
2012-08-24,-0.022192358406172463
2012-08-27,0.011157593809470477
2012-08-28,-0.0010408345192278693
2012-08-29,0.005538348571613188
2012-08-30,-0.040505611774724656
2012-08-31,0.00930252317337817
2012-09-03,-0.020871679626640882
2012-09-04,-0.02952216186622195
2012-09-05,0.013023173104890264
2012-09-06,0.03808261372851239
2012-09-07,0.005677887953096686
2012-09-10,0.004941508013115599
2012-09-11,0.010159684981609459
2012-09-12,0.02342496623349046
2012-09-13,-0.010267057106274092
2012-09-14,0.04801975446407941
2012-09-17,-0.005589002488378611
2012-09-18,-0.023687625468061572
2012-09-19,0.016075235018799358
2012-09-20,-0.003994576916489668
2012-09-21,0.03377942028977796
2012-09-24,-0.0009680552558369933
2012-09-25,-0.0172558267475311
2012-09-26,-0.039181339425308236
2012-09-27,-0.02140227005484123
2012-09-28,-0.009465406946288078
2012-10-01,0.006670261679569132
2012-10-02,0.008015236464664802
2012-10-04,0.008984195385844806
2012-10-05,0.02245001791635729
2012-10-08,-0.022450017916357305
2012-10-09,0.015022538510015835
2012-10-10,-0.011931134779930718
2012-10-11,0.02238130350515688
2012-10-12,-0.016909442514119907
2012-10-15,-0.007875265792919504
2012-10-16,0.009919410970852542
2012-10-17,0.00813571660858407
2012-10-18,0.0023605461466708715
2012-10-19,0.009720111955638962
2012-10-22,-0.008037439698994347
2012-10-23,-0.014905487815774793
2012-10-24,0.030254483916978547
2012-10-25,0.01772272846079775
2012-10-26,0.004543748879070251
2012-10-29,-0.00032363471115788047
2012-10-30,0.03626357036745975
2012-10-31,-0.0028155972206376743
2012-11-01,0.02719568352969095
2012-11-02,-0.002441912179894153
2012-11-05,-0.007362066732453289
2012-11-06,-0.04213130074612717
2012-11-07,-0.008384742306880723
2012-11-08,-0.0009717671890839199
2012-11-09,0.0016193616395182146
2012-11-12,0.005808465850882493
2012-11-13,0.0
2012-11-14,-0.005808465850882519
2012-11-15,-0.005842125840612744
2012-11-16,-0.015417852761537933
2012-11-19,0.039538490979307096
2012-11-20,0.014511575500696575
2012-11-21,0.007488404914410826
2012-11-22,0.003413297372037556
2012-11-23,0.0052526100362945555
2012-11-26,0.004305083550720736
2012-11-27,0.004591961174116245
2012-11-28,-0.0006109295904063171
2012-11-29,0.013357788787708382
2012-11-30,0.0039125643832381525
2012-12-03,-0.0015027602473463662
2012-12-04,-0.003918800804268407
2012-12-05,-0.01123786252892556
2012-12-06,0.00972667067961953
2012-12-07,0.007233118862455026
2012-12-10,0.006585075406869962
2012-12-11,0.01156771678399977
2012-12-12,0.0002947085611128017
2012-12-13,0.002649803110194433
2012-12-14,0.0029361977904756175
2012-12-17,0.0011718215849379986
2012-12-18,0.0052568866040055735
2012-12-19,-0.0029170252432261013
2012-12-20,0.009015579971063906
2012-12-21,-0.00989244837624692
2012-12-27,0.009313283988282836
2012-12-28,-0.0026106855173658123
2013-01-02,0.03901963381672035
2013-01-03,-0.0005587747143965611
2013-01-04,-0.000279543920200558
2013-01-07,-0.01634760659907102
2013-01-08,-0.011144601319188624
2013-01-09,-0.01388900048349866
2013-01-10,0.009858109985483213
2013-01-11,0.01574347212955985
2013-01-14,-0.0011366042589658766
2013-01-15,-0.0019921311372325667
2013-01-16,0.008228085988703431
2013-01-17,0.008161094855423403
2013-01-18,-0.0028068174719947637
2013-01-21,0.008117691269134562
2013-01-22,0.008881605380705324
2013-01-23,0.00935109893719957
2013-01-24,0.001367741227605477
2013-01-25,0.009522622363262664
2013-01-28,0.004862197360695989
2013-01-29,-0.007030802739032275
2013-01-30,-0.0035340641620536413
2013-01-31,-0.007928956355653815
2013-02-01,0.024404666015978255
2013-02-04,-0.03683419708402076
2013-02-05,-0.00949448736635587
2013-02-06,-0.01043585510049269
2013-02-07,0.0008502777426469381
2013-02-08,0.022686605417757955
2013-02-11,-0.00918060067639572
2013-02-12,0.0013962336898881908
2013-02-13,0.008614873735870787
2013-02-14,-0.01843096997579673
2013-02-15,-0.0022574119615803023
2013-02-18,-0.001696150028955588
2013-02-19,0.02404347910045792
2013-02-20,-0.0016589471341253719
2013-02-21,-0.02607027763267474
2013-02-22,-0.07212175040509662
2013-02-25,0.01454602063670472
2013-02-26,-0.01637906851946459
2013-02-27,0.020881267225107216
2013-02-28,0.0017954553731068521
2013-03-01,-0.01901380883878006
2013-03-04,-0.009490222795901872
2013-03-05,0.02370913780327906
2013-03-06,0.011944148904713566
2013-03-07,0.00886532838760022
2013-03-08,-0.0008829795360251465
2013-03-11,-0.005610493542047141
2013-03-12,-0.017324381378915534
2013-03-13,0.003308743126208154
2013-03-14,-0.011173298694378143
2013-03-15,-0.02677487083317803
2013-03-18,-0.006571773092307189
2013-03-19,-0.004405328467175886
2013-03-20,-0.0050583100162880455
2013-03-21,-0.015974970670216953
2013-03-22,0.008338754467974073
2013-03-25,-0.008660889573131122
2013-03-26,0.00898024719227915
2013-03-27,-0.00640615791949768
2013-03-28,-0.003863395401084565
2013-04-02,0.016635112472770164
2013-04-03,-0.009243185001039975
2013-04-04,-0.0003200973600327373
2013-04-05,-0.01062658805950199
2013-04-08,0.01062658805950193
2013-04-09,-0.026616566878808475
2013-04-10,0.004594727780512504
2013-04-11,0.0009819031936284294
2013-04-12,-0.03359717808997095
2013-04-15,-0.020161217194254125
2013-04-16,0.005850903737469237
2013-04-17,-0.029603278125258953
2013-04-18,-0.021076001244063267
2013-04-19,0.01788947590849692
2013-04-22,0.0077711780943041575
2013-04-23,0.03322097834233868
2013-04-24,0.02553897039665142
2013-04-25,0.012529219245643949
2013-04-26,-0.0063269809157473975
2013-04-29,0.02599266873244057
2013-04-30,0.012422584896533901
2013-05-02,-0.009138715923458912
2013-05-03,0.03543052159825733
2013-05-06,-0.0063490033129848375
2013-05-07,0.006349003312984782
2013-05-08,0.002212914395970646
2013-05-09,0.004410931935891505
2013-05-10,-0.008841406425024283
2013-05-13,-0.004449927654361397
2013-05-14,0.020807786659613033
2013-05-15,0.015172748523697977
2013-05-16,-0.002153431107584506
2013-05-17,0.036587616688090914
2013-05-20,0.031850859627689264
2013-05-21,-0.01302664757190733
2013-05-22,0.005230832169334955
2013-05-23,-0.026433049568382223
2013-05-24,-0.008368331672140112
2013-05-27,0.005686154926458171
2013-05-28,-0.0005971089249773688
2013-05-29,-0.003889179620424912
2013-05-30,0.008060736735862299
2013-05-31,0.004746387121451701
2013-06-03,-0.011309456919249802
2013-06-04,-0.010833736682208973
2013-06-05,-0.0045489561642268845
2013-06-06,-0.01315612014536979
2013-06-07,0.023738312340705208
2013-06-10,0.010471299004120338
2013-06-11,-0.01710995723478895
2013-06-12,-0.033557036625776374
2013-06-13,-0.0107022338124633
2013-06-14,0.00725239419187396
2013-06-17,0.019599149589343334
2013-06-18,-0.003085445869116597
2013-06-19,-0.013063864099637302
2013-06-20,-0.042205790589876425
2013-06-21,-0.02078948988114609
2013-06-24,-0.02020944777867366
2013-06-25,0.030493233693374595
2013-06-26,0.016367029425633558
2013-06-27,0.01290339222027297
2013-06-28,-0.002888708029600858
2013-07-01,0.009915208548067569
2013-07-02,-0.004465629291049204
2013-07-03,-0.015139589717337951
2013-07-04,0.0385213192735648
2013-07-05,-0.017961687321644815
2013-07-08,0.014520481633158493
2013-07-09,0.013694592320611486
2013-07-10,0.008617920362066059
2013-07-11,0.013092114321103453
2013-07-12,0.012325375644439824
2013-07-15,0.003281077934248433
2013-07-16,-0.0035798623187508
2013-07-17,0.01394879043278575
2013-07-18,0.014047756695449535
2013-07-19,-0.0002907011917357992
2013-07-22,-0.01582217641475444
2013-07-23,0.009113666489462642
2013-07-24,0.015967778865847746
2013-07-25,-0.0011528401187071596
2013-07-26,-0.006363647839925971
2013-07-29,0.010105390653567385
2013-07-30,0.01199329039499667
2013-07-31,0.014092492250894135
2013-08-01,0.028691660376930436
2013-08-02,-0.0060009268816082414
2013-08-05,0.006816530336085935
2013-08-06,-0.007637714659068503
2013-08-07,-0.007696498607265799
2013-08-08,0.0030308958599255744
2013-08-09,0.008219007610382696
2013-08-12,0.009234134750572253
2013-08-13,0.004585287014145906
2013-08-14,0.0040285156564079565
2013-08-15,-0.008073251470176334
2013-08-16,-0.009228896068905328
2013-08-19,0.0035385199139817596
2013-08-20,-0.01809753979105978
2013-08-21,0.0030391180511905227
2013-08-22,0.011519901825887498
2013-08-23,-0.009590501728179084
2013-08-26,0.0027492714888752083
2013-08-27,-0.03208523172717931
2013-08-28,-0.023233455250401436
2013-08-29,0.010966818209618092
2013-08-30,-0.012128361338763981
2013-09-02,0.02297621196319738
2013-09-03,-0.027927415110718713
2013-09-04,-0.007326144197877944
2013-09-05,0.011696109492622325
2013-09-06,-0.0011634902007547298
2013-09-09,-0.004667464770866187
2013-09-10,0.04040082233977183
2013-09-11,0.0036441999857518524
2013-09-12,0.003909450281749524
2013-09-13,0.013564221512709456
2013-09-16,0.006577297007833326
2013-09-17,-0.015414790349117878
2013-09-18,0.004428395163451161
2013-09-19,-0.02121195169393356
2013-09-20,-0.02253690105929165
2013-09-23,0.0014415341809036369
2013-09-24,0.01003304927977885
2013-09-25,0.0034168485130432703
2013-09-26,-0.007704372919683298
2013-09-27,0.0
2013-09-30,-0.0017202967373579562
2013-10-01,0.004009169353825001
2013-10-02,-0.022836674859433505
2013-10-04,-0.01710436488269653
2013-10-07,0.013002395812146633
2013-10-08,-0.007071308897517594
2013-10-09,0.003541823681758721
2013-10-10,0.025310580893419716
2013-10-11,0.006585575403722203
2013-10-14,0.0014257552385085702
2013-10-15,0.003129994102992094
2013-10-16,0.005100550729393296
2013-10-17,0.0011301215375054707
2013-10-18,-0.003393657000639038
2013-10-21,0.002263535463133544
2013-10-22,0.001412219177592067
2013-10-23,-0.005944816471724074
2013-10-24,0.008200366728266338
2013-10-25,-0.005931304897268007
2013-10-28,-0.012829961112985065
2013-10-29,0.003437402768192474
2013-10-30,0.048286195913114484
2013-10-31,0.01996299243800607
2013-11-01,0.006655030140901692
2013-11-04,0.01866262330185347
2013-11-05,-0.005745611077037838
2013-11-06,0.0010473574766058365
2013-11-07,0.010411255160441793
2013-11-08,-0.003891529303074637
2013-11-11,-0.006781588594051536
2013-11-12,-0.0013094768207368688
2013-11-13,-0.0002619857029141095
2013-11-14,0.013279583693230075
2013-11-15,0.006189040740580646
2013-11-18,0.0033362897909967252
2013-11-19,-0.00025621571229632296
2013-11-20,0.0007684502814736137
2013-11-21,0.0017907575342619
2013-11-22,-0.00461165400660013
2013-11-25,0.0035885451825440904
2013-11-26,-0.002561972229796317
2013-11-27,0.005372989032368509
2013-11-28,-0.00485995618510635
2013-11-29,0.001537097979286412
2013-12-02,0.007143029092525097
2013-12-03,-0.022623023231725155
2013-12-04,-0.00026015681992792487
2013-12-05,-0.005999479881479439
2013-12-06,0.012222004334631368
2013-12-09,0.0012916214546303106
2013-12-10,-0.01613360934307506
2013-12-11,-0.0010500342225871265
2013-12-12,-0.003683028086168206
2013-12-13,0.0007902438189166419
2013-12-16,0.01438131620104658
2013-12-17,0.004144951324850113
2013-12-18,0.011822453720515382
2013-12-19,0.011683966972995175
2013-12-20,0.006293584228179303
2013-12-23,0.010980560190523627
2013-12-27,0.012578726643571582
2013-12-30,0.0007352747428149796
2014-01-02,-0.018040545083404302
2014-01-03,0.0
2014-01-06,-0.008766699081651636
2014-01-07,0.006269632508321067
2014-01-08,0.0007496991880324202
2014-01-09,-0.0035035760549507328
2014-01-10,0.012951662382745917
2014-01-13,0.002718351694085671
2014-01-14,-0.02397702432426504
2014-01-15,0.024470427732069144
2014-01-16,-0.0017280461411920893
2014-01-17,0.00492978987430531
2014-01-20,-0.00024581489760692766
2014-01-21,-0.003449332243310338
2014-01-22,-0.006437181206591727
2014-01-23,-0.015267531091489907
2014-01-24,-0.02528558680304677
2014-01-27,-0.00362774427550011
2014-01-28,0.015200652003956492
2014-01-29,-0.019884378073485927
2014-01-30,-0.008118611238075567
2014-01-31,-0.011105203634273897
2014-02-03,-0.013653160858554631
2014-02-04,-0.011385398191497661
2014-02-05,0.006521965783884975
2014-02-06,0.010775807570657473
2014-02-07,0.007208640470181684
2014-02-10,0.009268126147243818
2014-02-11,0.02601597292387993
2014-02-12,0.018573284006437714
2014-02-13,0.007784143309993686
2014-02-14,0.010945323296663994
2014-02-17,0.002717544013753554
2014-02-18,-0.00271754401375363
2014-02-19,-0.004960219738790868
2014-02-20,-0.0155355717598602
2014-02-21,0.015038036249657907
2014-02-24,-0.06739505332635214
2014-02-25,0.011640498849580612
2014-02-26,-0.005803348313901172
2014-02-27,-0.003444965984356869
2014-02-28,0.003444965984356952
2014-03-03,-0.031168584304755057
2014-03-04,0.021332066690575698
2014-03-05,-0.008316740715316795
2014-03-06,0.003496142796132294
2014-03-07,-0.014602735973002134
2014-03-10,-0.02566012903549495
2014-03-11,0.013050215784416156
2014-03-12,-0.004423497400831088
2014-03-13,-0.008626718383585058
2014-03-14,-0.006449087625884458
2014-03-17,0.014244303386305283
2014-03-18,0.0005544118968563136
2014-03-19,0.007730649471878799
2014-03-20,-0.005239440306132478
2014-03-21,-0.004988946181653246
2014-03-24,-0.011176412738506718
2014-03-25,0.01671823758910644
2014-03-26,0.01426641354352509
2014-03-27,0.0038064956923814694
2014-03-28,0.02359971413909144
2014-03-31,-0.0029195115250420477
2014-04-01,0.018696878622241717
2014-04-02,-0.0033973227391885133
2014-04-03,-0.0015718741761506399
2014-04-04,0.0052302399461570314
2014-04-07,-0.010487833950434018
2014-04-08,0.0010536889830163394
2014-04-09,0.03518201681268494
2014-04-10,-0.0022903789213150646
2014-04-11,-0.009214266440236365
2014-04-14,-0.010598481993769766
2014-04-15,-0.01650771887835424
2014-04-16,0.02298367813932911
2014-04-17,0.010786068791665014
2014-04-22,0.014202342049559943
2014-04-23,-0.013181413633583895
2014-04-24,0.0015297919653901924
2014-04-25,-0.015663497269836704
2014-04-28,0.006963592233152883
2014-04-29,-0.01163273927372616
2014-04-30,0.009316878327264855
2014-05-02,-0.017147854586093313
2014-05-05,0.0
2014-05-06,-0.009743121915383216
2014-05-07,-0.005572669428134547
2014-05-08,0.018716669484226744
2014-05-09,-0.0034008781407089813
2014-05-12,0.005227506581857491
2014-05-13,-0.000782421967389084
2014-05-14,0.006164648326687068
2014-05-15,-0.005578331228764987
2014-05-16,0.0021288040195387823
2014-05-19,0.009260670296910885
2014-05-20,0.00157881404738007
2014-05-21,0.0036742817061270645
2014-05-22,0.0
2014-05-23,0.010425103193318625
2014-05-26,0.011599555950387523
2014-05-27,-0.0005126918299379768
2014-05-28,-0.0015397237539706797
2014-05-29,0.003077080402923648
2014-05-30,-0.0015373566489529757
2014-06-02,0.003327739090992604
2014-06-03,0.0
2014-06-04,-0.014674046965491646
2014-06-05,0.014929574102203117
2014-06-06,0.006366981096617565
2014-06-09,0.00025390916014254785
2014-06-10,-0.007643390802048615
2014-06-11,0.004338562538093077
2014-06-12,0.005080047879929767
2014-06-13,-0.00508004787992984
2014-06-16,-0.00613038901176487
2014-06-17,0.0040909153917557525
2014-06-18,-0.0017877079570245303
2014-06-19,0.009920081273660805
2014-06-20,-0.0035498554024573684
2014-06-23,-0.008929680684740229
2014-06-24,-0.003851333606052484
2014-06-25,-0.008266897348379708
2014-06-26,-0.011216940492531921
2014-06-27,0.0020963773395546283
2014-06-30,0.004179897391678415
2014-07-01,0.0023431775537059306
2014-07-02,0.0028567194575881845
2014-07-03,-0.0015571670104026786
2014-07-04,-0.0028610371875711807
2014-07-07,-0.01654668421878349
2014-07-08,-0.02033246430535262
2014-07-09,-0.0027065221901751506
2014-07-10,-0.0005420822047048785
2014-07-11,0.005138791711992614
2014-07-14,0.006453259198499168
2014-07-15,-0.0002680620173333093
2014-07-16,0.013844738836412426
2014-07-17,-0.021920123334691136
2014-07-18,-0.008141201078658273
2014-07-21,-0.011785716651587065
2014-07-22,0.005224769498608117
2014-07-23,0.007922425049773914
2014-07-24,-0.0021790346284869433
2014-07-25,-0.0184402892665769
2014-07-28,-0.02190495484127785
2014-07-29,0.005944924605927821
2014-07-30,-0.008218880719580513
2014-07-31,-0.006566565784621753
2014-08-01,-0.00863070900426666
2014-08-04,-0.0014458774471514835
2014-08-05,-0.016336509289354192
2014-08-06,-0.00945622784890399
2014-08-07,-0.01014636757957665
2014-08-08,-0.007224390391983844
2014-08-11,0.017964489213512985
2014-08-12,-0.00475910654112674
2014-08-13,0.001191821359374844
2014-08-14,0.0
2014-08-15,-0.01439720403176101
2014-08-18,0.009621210797214463
2014-08-19,0.018087902315294172
2014-08-20,0.008485831643514213
2014-08-21,0.006679233108083812
2014-08-22,-0.0037697014201043483
2014-08-25,0.012989138661841934
2014-08-26,0.004863199998367362
2014-08-27,-0.0057239132302113116
2014-08-28,-0.012418997952376703
2014-08-29,-0.006999112189507813
2014-09-01,-0.00498780591165165
2014-09-02,0.009076461025241558
2014-09-03,0.014755002003996246
2014-09-04,0.01849543521853455
2014-09-05,0.01149275492766477
2014-09-08,0.0008357755685423579
2014-09-09,-0.01204664031884415
2014-09-10,-0.008207097307190275
2014-09-11,0.001987159648562657
2014-09-12,-0.004548224572337772
2014-09-15,-0.0008549941519487022
2014-09-16,-0.005145759824625426
2014-09-17,-0.0008603744899465023
2014-09-18,0.008569156955331952
2014-09-19,0.002840196083526385
2014-09-22,-0.012844466884777615
2014-09-23,-0.018849276724922624
2014-09-24,-0.003812979864763244
2014-09-25,-0.021384871828280257
2014-09-26,-0.0015020244256176128
2014-09-29,-0.008454201380034186
2014-09-30,-0.0030369271533097013
2014-10-01,-0.02276316858684368
2014-10-02,-0.019161821204736286
2014-10-06,-0.00413168884051913
2014-10-07,0.0003185082471313826
2014-10-08,-0.011205383127417333
2014-10-09,0.0019298918014572799
2014-10-10,-0.030339939774904148
2014-10-13,0.014795502522808425
2014-10-14,0.01361454545063845
2014-10-15,-0.03305824501232324
2014-10-16,0.01879065333591962
2014-10-17,0.04408249523023128
2014-10-20,-0.019246552485030294
2014-10-21,0.014862099391480888
2014-10-22,0.003759169943297808
2014-10-23,0.008717497198024681
2014-10-24,-0.005283562320599187
2014-10-27,-0.013174665901526798
2014-10-28,0.015975283580537375
2014-10-29,0.007430581441319602
2014-10-30,0.01864049328253987
2014-10-31,0.029238279359236258
2014-11-03,-0.0017656753873103838
2014-11-04,-0.006797678278491871
2014-11-05,0.013549696649279836
2014-11-06,0.014810705529006858
2014-11-07,-0.013349080526795103
2014-11-10,0.005244874079944745
2014-11-11,-0.002618959165600965
2014-11-12,-0.014971658736672491
2014-11-13,-0.0032587968058375824
2014-11-14,0.008568413408799321
2014-11-17,0.004989190354959725
2014-11-18,0.02057152212857248
2014-11-19,-0.002009716976163496
2014-11-20,0.0022963021992203733
2014-11-21,0.020151056901134536
2014-11-24,0.011176483206895963
2014-11-25,0.018445145360047013
2014-11-26,-0.0035524207155119576
2014-11-27,0.009806796500749535
2014-11-28,0.004057701055145204
2014-12-01,-0.0027033767824533933
2014-12-02,-0.004884703737796854
2014-12-03,0.0038012010704297416
2014-12-04,-0.010625266197975628
2014-12-05,0.029683934526053713
2014-12-08,-0.00961807824593446
2014-12-09,-0.017057422858632907
2014-12-10,-0.00136638808066249
2014-12-11,0.019497065973721278
2014-12-12,-0.026081338999490104
2014-12-15,-0.03672456251195864
2014-12-16,0.01951138637756122
2014-12-17,-0.00336615594018738
2014-12-18,0.036417793438023566
2014-12-19,0.003786000988207346
2014-12-22,0.003771503681635301
2014-12-23,0.006165373821405897
2014-12-29,-0.002675959350465409
2014-12-30,-0.010504985269527981
2015-01-02,-0.011712030218899959
2015-01-05,-0.03456311773344241
2015-01-06,0.006219937658627741
2015-01-07,0.0061816401449092135
2015-01-08,0.029531687062978786
2015-01-09,-0.01617597480697171
2015-01-12,0.00468789749658948
2015-01-13,0.022038460296225297
2015-01-14,-0.01218356276615469
2015-01-15,0.015944068202819153
2015-01-16,0.02802207121253734
2015-01-19,0.004421511610507648
2015-01-20,0.0020745124874884
2015-01-21,0.007739878489529407
2015-01-22,0.018082849913144544
2015-01-23,0.028367049015810254
2015-01-26,0.0070895997078630766
2015-01-27,-0.016208694353664132
2015-01-28,0.01107995612141614
2015-01-29,-0.0002451534651828483
2015-01-30,-0.02907360191862447
2015-02-02,0.01972322131305389
2015-02-03,0.02369727538452698
2015-02-04,0.012953125654897006
2015-02-05,0.013727780242710381
2015-02-06,0.007260937652941847
2015-02-09,-0.032012261863618774
2015-02-10,0.007681243548171726
2015-02-11,0.005484657912429355
2015-02-12,0.01977941887726087
2015-02-13,-0.008429097915675539
2015-02-16,0.005627180518860641
2015-02-17,-0.007038953163549894
2015-02-18,0.02235262293626597
2015-02-19,0.027255915257250386
2015-02-20,0.008256074562653475
2015-02-23,0.016092134001845015
2015-02-24,-0.011215190320312632
2015-02-25,-0.013805683268779364
2015-02-26,0.008484074034888088
2015-02-27,0.002664434250255683
2015-03-02,0.006629894101307982
2015-03-03,-0.024076071186292333
2015-03-04,0.011664437429783786
2015-03-05,0.006446650804847477
2015-03-06,0.018442071345156782
2015-03-09,0.010171966970455418
2015-03-10,-0.00388363741188844
2015-03-11,0.04625481791214343
2015-03-12,-0.0035150726417705618
2015-03-13,0.02596489599922105
2015-03-16,0.029627431472447435
2015-03-17,-0.01083429404682739
2015-03-18,-0.03199785346409623
2015-03-19,0.014213403225420683
2015-03-20,0.008232195385095458
2015-03-23,-0.037694275443146484
2015-03-24,0.018515336449166777
2015-03-25,-0.00531375408764655
2015-03-26,-0.0028729907677800567
2015-03-27,0.005328891484596555
2015-03-30,0.021436621250022228
2015-03-31,-0.008237049193555992
2015-04-01,-0.012995176470258347
2015-04-02,-0.0034803089012696415
2015-04-07,0.003684772930393945
2015-04-08,-0.0014313543099551608
2015-04-09,0.02125790811351731
2015-04-10,0.014320130586351149
2015-04-13,-0.01813350256151768
2015-04-14,-0.008887200419690369
2015-04-15,-0.015332993839266887
2015-04-16,-0.021027111893537773
2015-04-17,-0.011213320818478829
2015-04-20,-0.01803407557540392
2015-04-21,-0.012205971689215226
2015-04-22,-0.005938683976436536
2015-04-23,0.008348190893420425
2015-04-24,0.019497889129789496
2015-04-27,0.05184029270540669
2015-04-28,-0.02120523314658118
2015-04-29,-0.04055326320687546
2015-04-30,0.003029010707761475
2015-05-04,-0.002595615934023844
2015-05-05,-0.010231993886545358
2015-05-06,-0.012780351499471421
2015-05-07,0.01884308987357143
2015-05-08,0.03063706755920879
2015-05-11,-0.020466722595991423
2015-05-12,-0.030146334925008296
2015-05-13,-0.01117060849087132
2015-05-14,0.012530078082615552
2015-05-15,-0.023595267580468763
2015-05-18,0.030364080912845554
2015-05-19,0.04764388980186465
2015-05-20,-0.002576173807884282
2015-05-21,-0.009069520223000706
2015-05-22,-0.0023888449738862253
2015-05-26,-0.015779402760412814
2015-05-27,0.013384607414424597
2015-05-28,-0.011178051771376525
2015-05-29,-0.026126573236664147
2015-06-01,-0.0029453745875978265
2015-06-02,-0.015550216085296957
2015-06-03,0.003910327777014175
2015-06-04,-0.0006890225980981718
2015-06-05,-0.017379593058954836
2015-06-08,-0.01483606584368406
2015-06-09,0.008974946720297389
2015-06-10,0.024618161846341163
2015-06-11,-0.0055210369166157625
2015-06-12,-0.015576369852293393
2015-06-15,-0.02203091109979631
2015-06-16,0.0050174108671941706
2015-06-17,-0.011746609127197067
2015-06-18,0.013889146838419438
2015-06-19,-0.0011896551475787194
2015-06-22,0.03692856102605505
2015-06-23,0.010499998291261843
2015-06-24,-0.00820815314184296
2015-06-25,0.001144348209138973
2015-06-26,0.003196419523869891
2015-06-29,-0.03455438135542914
2015-06-30,-0.018576345089413398
2015-07-01,0.03889710660139131
2015-07-02,-0.013032634809903602
2015-07-03,-0.003519866754113037
2015-07-06,-0.014204937332526578
2015-07-07,-0.024132323427491956
2015-07-08,-0.026483230094178897
2015-07-09,0.021586007992478316
2015-07-10,0.010256597351495606
2015-07-13,0.0
2015-07-14,-0.024595438712148275
2015-07-15,-0.01454757177473916
2015-07-16,0.015045316574013607
2015-07-17,-0.004489703235484127
2015-07-20,-0.008284254735904353
2015-07-21,-0.004294728776558946
2015-07-22,-0.010178113140340563
2015-07-23,-0.002048167331846798
2015-07-24,-0.027541272779951376
2015-07-27,-0.01914964277532377
2015-07-28,0.024404502421097873
2015-07-29,-0.023599076836130474
2015-07-30,-0.007541202439546616
2015-07-31,-0.013883547264190943
2015-08-03,0.011447351839181361
2015-08-04,-0.004073082471261797
2015-08-05,0.02631717866137252
2015-08-06,-0.005847948546173981
2015-08-07,0.008495021203512029
2015-08-10,0.008947287340778721
2015-08-11,-0.03763957882599999
2015-08-12,-0.03318872974466455
2015-08-13,0.0036489583317216305
2015-08-14,0.0022390545771636622
2015-08-17,-0.005044996936479588
2015-08-18,-0.007898291619925725
2015-08-19,-0.01886856546469835
2015-08-20,-0.02188255957006913
2015-08-21,-0.015158674740534407
2015-08-24,-0.04439738388409212
2015-08-25,0.05719334705091477
2015-08-26,-0.0047420797685001044
2015-08-27,0.022908285327208285
2015-08-28,-0.0049482276040763735
2015-08-31,-0.010855266380919921
2015-09-01,-0.030854653382844936
2015-09-02,-0.008248171033318524
2015-09-03,0.02244539865069943
2015-09-04,-0.027365543036147792
2015-09-07,0.00338512715866104
2015-09-08,0.025479166902416167
2015-09-09,0.016632374459312302
2015-09-10,-0.010660518221458855
2015-09-11,0.0
2015-09-14,-0.005073761621864868
2015-09-15,0.012488972500673157
2015-09-16,0.0026561191617246282
2015-09-17,-0.010964720145683452
2015-09-18,-0.03271049338686021
2015-09-21,-0.20574642998584608
2015-09-22,-0.22087669448424063
2015-09-23,0.050585308633411645
2015-09-24,0.005812756029298984
2015-09-25,-0.0442086392137431
2015-09-28,-0.07748314423372483
2015-09-29,-0.042165580530680646
2015-09-30,0.026433253451706277
2015-10-01,-0.012870261175587665
2015-10-02,-0.04384885370451684
2015-10-05,0.01248125007686078
2015-10-06,0.0374630470392254
2015-10-07,0.06875259203802889
2015-10-08,-0.004819337931711234
2015-10-09,0.02951200004413723
2015-10-12,0.01812740497962928
2015-10-13,-0.020945710969127024
2015-10-14,0.002818305989497779
2015-10-15,-0.036298217120690576
2015-10-16,-0.02163301380886915
2015-10-19,-0.014115202741858603
2015-10-20,-0.004952272171712275
2015-10-21,0.01707732454570762
2015-10-22,0.033303693949770036
2015-10-23,0.036883537285343465
2015-10-26,-0.006520524546296425
2015-10-27,-0.017441093837091682
2015-10-28,0.039165968936928926
2015-10-29,-0.00872564183388413
2015-10-30,0.008268357472066374
2015-11-02,0.030632899973694113
2015-11-03,-0.015199217201416683
2015-11-04,-0.09987023539983957
2015-11-05,-0.029807512911777616
2015-11-06,-0.003287478583002924
2015-11-09,-0.012216942718477876
2015-11-10,-0.004384405783357661
2015-11-11,0.006153865150821955
2015-11-12,-0.00814384184314492
2015-11-13,0.010013803388821295
2015-11-16,0.011454571480991731
2015-11-17,0.012034954962064304
2015-11-18,0.027596166273906434
2015-11-19,0.04294980541140172
2015-11-20,0.024266047092504215
2015-11-23,0.013281840532491356
2015-11-24,0.05315670393487608
2015-11-25,0.0376767733783524
2015-11-26,0.03470427235309532
2015-11-27,-0.006037408768387196
2015-11-30,0.060315734134936655
2015-12-01,-0.010699309638372779
2015-12-02,-0.02489434421753038
2015-12-03,-0.01029288228580478
2015-12-04,0.009899007020217386
2015-12-07,0.0015747787637621197
2015-12-08,-0.024289454915847428
2015-12-09,0.06022146169869718
2015-12-10,0.011320798193404473
2015-12-11,-0.035908969653827554
2015-12-14,-0.042103299755809884
2015-12-15,0.017294021751143862
2015-12-16,0.0007970126336427967
2015-12-17,0.041745885352602125
2015-12-18,-0.006517126732460191
2015-12-21,0.003455456260542451
2015-12-22,0.012569254474726968
2015-12-23,0.022085868118526572
2015-12-25,0.0
2015-12-28,-0.014168742400899124
2015-12-29,0.016387740965228544
2015-12-30,-0.011891540577382632
2016-01-04,-0.056520975063251
2016-01-05,-0.04036071472350165
2016-01-06,-0.02080807876878053
2016-01-07,-0.03335071838129876
2016-01-08,0.0008691738045247813
2016-01-11,0.01680023855522815
2016-01-12,0.03277574690611504
2016-01-13,-0.003727480412652335
2016-01-14,-0.03805952311331541
2016-01-15,-0.03598447228485684
2016-01-18,-0.013948619420592131
2016-01-19,-0.0022680533988948893
2016-01-20,-0.05124554962598966
2016-01-21,0.05396653729755346
2016-01-22,0.022835341093814077
2016-01-25,-0.019669996147286255
2016-01-26,0.0138985303353784
2016-01-27,-0.0040152874418357045
2016-01-28,-0.029026824442325582
2016-01-29,-0.01623800053899858
2016-02-01,-0.009398479679410342
2016-02-02,-0.02002940793980355
2016-02-03,-0.023392769733650676
2016-02-04,-0.0039526426145219925
2016-02-05,0.021063651735649384
2016-02-08,-0.05162494836471967
2016-02-09,-0.02522362432957042
2016-02-10,0.01918261506903774
2016-02-11,-0.035223384198388864
2016-02-12,0.012685099945674898
2016-02-15,0.06653878204377368
2016-02-16,-0.015849645326150172
2016-02-17,0.04060230861275634
2016-02-18,0.010965436382109601
2016-02-19,-0.03277382184163034
2016-02-22,0.041272572892232594
2016-02-23,-0.029098085302629573
2016-02-24,-0.04758099695418697
2016-02-25,0.005063356430686671
2016-02-26,0.04541748483787322
2016-02-29,0.038812148000998234
2016-03-01,0.044492274761284666
2016-03-02,0.027158725814902016
2016-03-03,0.0038819353525889255
2016-03-04,0.040908060039810866
2016-03-07,-0.032335149698525245
2016-03-08,-0.042281383513030846
2016-03-09,0.008423828785352954
2016-03-10,-0.03962707057464864
2016-03-11,0.04359281904486534
2016-03-14,0.01657252435464391
2016-03-15,-0.02274800860892205
2016-03-16,0.01449590444067486
2016-03-17,0.0013077416060460298
2016-03-18,0.01469955761758566
2016-03-21,-0.004301014514723861
2016-03-22,0.012848166684797269
2016-03-23,-0.0025565287977716775
2016-03-24,-0.020254915014762617
2016-03-29,-0.015796714147617234
2016-03-30,0.004413000687410838
2016-03-31,-0.015084579004766584
2016-04-01,-0.037809175315194656
2016-04-04,-0.005119659190085373
2016-04-05,-0.04095815243587062
2016-04-06,0.006299961644128315
2016-04-07,-0.011173317790932514
2016-04-08,0.015511651492825811
2016-04-11,0.023295761189386505
2016-04-12,0.009819891638695814
2016-04-13,0.03968597756733284
2016-04-14,0.004462348641549521
2016-04-15,-0.02388036737402207
2016-04-18,0.010884350039208238
2016-04-19,0.022743510508466173
2016-04-20,0.06404226496281819
2016-04-21,0.04961707947906161
2016-04-22,-0.012673446641792551
2016-04-25,-0.018910421824553634
2016-04-26,0.015716751105595405
2016-04-27,0.034581025923608406
2016-04-28,0.021399532173105192
2016-04-29,-0.04484731145336752
2016-05-02,0.0015804828970951755
2016-05-03,-0.031685003881222785
2016-05-04,-0.02308436324412464
2016-05-05,-0.011745028169859407
2016-05-06,0.027467402655781577
2016-05-09,0.021121921015702403
2016-05-10,0.041336149652768564
2016-05-11,0.0053848482267413985
2016-05-12,-0.02210699090245325
2016-05-13,0.013245327536864467
2016-05-17,-0.027065823065719644
2016-05-18,0.019685575029708715
2016-05-19,-0.0007800190752252208
2016-05-20,0.011637082250083428
2016-05-23,-0.01046723024712664
2016-05-24,0.038980956628714536
2016-05-25,0.006723864632357159
2016-05-26,0.007418608794582148
2016-05-27,0.00258331721860948
2016-05-30,0.016813288217499653
2016-05-31,-0.02644284116360032
2016-06-01,-0.0191626582866057
2016-06-02,0.017672825222770548
2016-06-03,-0.029887029915563943
2016-06-06,0.00574410509793053
2016-06-07,0.02003462425467963
2016-06-08,-0.01850871420842958
2016-06-09,-0.022360179420675672
2016-06-10,-0.022074073675670346
2016-06-13,-0.029526933817942465
2016-06-14,-0.022416855169259703
2016-06-15,0.008777293388568006
2016-06-16,-0.021876955689911295
2016-06-17,0.010156619663332403
2016-06-20,0.049291381696271674
2016-06-21,-0.009261309395053945
2016-06-22,-0.00405366250055812
2016-06-23,0.0321781823755552
2016-06-24,-0.10540396924638694
2016-06-27,-0.07400707640640979
2016-06-28,0.01635921025448124
2016-06-29,0.007390543318939896
2016-06-30,-0.0032265412709818406
2016-07-01,0.04821822105944576
2016-07-04,-0.01999611246181809
2016-07-05,-0.029146006019975416
2016-07-06,-0.019128147366980507
2016-07-07,-0.0014141068922657023
2016-07-08,0.03794982951738685
2016-07-11,0.02865022953490849
2016-07-12,0.03042402495748898
2016-07-13,-0.016836466016415114
2016-07-14,0.02068166884306029
2016-07-15,-0.009425996691074676
2016-07-18,0.009425996691074686
2016-07-19,-0.006846322771468574
2016-07-20,0.05837402006118577
2016-07-21,-0.021286161910794268
2016-07-22,-0.0020707146143705423
2016-07-25,0.009079762574000862
2016-07-26,0.024752764240003944
2016-07-27,0.023372015087297717
2016-07-28,-0.03182449431940809
2016-07-29,0.016834112465128656
2016-08-01,-0.00518049640626786
2016-08-02,-0.05165075992045399
2016-08-03,-0.008873836643437208
2016-08-04,0.015582702189943187
2016-08-05,0.03611375251345824
2016-08-08,-0.007281544937652484
2016-08-09,0.027234223523856668
2016-08-10,-0.0011857555062106608
2016-08-11,0.005522469161636485
2016-08-12,-0.019464460147996784
2016-08-15,0.01354611357095007
2016-08-16,-0.0175650949886994
2016-08-17,-0.019520926120671616
2016-08-18,0.0
2016-08-19,-0.015311858827900806
2016-08-22,0.001250436890288927
2016-08-23,0.023869410368049522
2016-08-24,-0.0024429128324192006
2016-08-25,-0.01851535211267766
2016-08-26,0.03107356312019332
2016-08-29,-0.014598612160530277
2016-08-30,0.01941794298085101
2016-08-31,-0.002406656310618089
2016-09-01,-0.005234625484661591
2016-09-02,0.010441781674702251
2016-09-05,-0.002399917815876634
2016-09-06,0.0016007255200888241
2016-09-07,0.013502968309720162
2016-09-08,-0.006728745399614441
2016-09-09,-0.008374948430194653
2016-09-12,-0.014522159762907666
2016-09-13,-0.007750484405288384
2016-09-14,0.003678708775710034
2016-09-15,-0.0012245896519109168
2016-09-16,-0.03703366336391472
2016-09-19,0.013055481925362057
2016-09-20,-0.009669995154393873
2016-09-21,0.006317253584076684
2016-09-22,0.015827030185000125
2016-09-23,-0.015407391370251204
2016-09-26,-0.02507045941058796
2016-09-27,-0.026156807699056994
2016-09-28,0.011855411340602263
2016-09-29,0.008691817546542671
2016-09-30,0.012043343171843511
2016-10-04,0.0140098429756961
2016-10-05,0.013816604796324234
2016-10-06,-0.0020811668888247137
2016-10-07,-0.012156912066269546
2016-10-10,0.023344039958384962
2016-10-11,-0.008690224960976649
2016-10-12,-0.001663982195049878
2016-10-13,-0.020185678085345993
2016-10-14,0.024340234930357578
2016-10-17,-0.007908230733193066
2016-10-18,0.013695634278865493
2016-10-19,0.0004122467653426269
2016-10-20,0.016752207154404862
2016-10-21,-0.001216256217519784
2016-10-24,0.020875852452170145
2016-10-25,0.008308677029749028
2016-10-26,-0.00711742845172308
2016-10-27,-0.0027816857918753187
2016-10-28,0.0023847605864541514
2016-10-31,-0.005972546138498823
2016-11-01,-0.012457490238433906
2016-11-02,-0.027882051388018088
2016-11-03,-0.008770289929486206
2016-11-04,-0.00420334394051426
2016-11-07,0.0054610089336382586
2016-11-08,-0.004198160651061155
2016-11-09,-0.020829531041307726
2016-11-10,-0.014276759175965098
2016-11-11,0.02368249270771865
2016-11-14,-0.0042642875800132
2016-11-15,0.012738806192017385
2016-11-16,-0.003804564768440916
2016-11-17,-0.004244601992507685
2016-11-18,-0.003408566486880483
2016-11-21,0.02486955158006648
2016-11-22,0.0041545568450116225
2016-11-23,0.019705143045491848
2016-11-24,0.01372637486914206
2016-11-25,0.003202734767703034
2016-11-28,-0.019371135560653837
2016-11-29,-0.0008152639955905286
2016-11-30,-0.006546799908427443
2016-12-01,-0.016974148035292944
2016-12-02,-0.008385686099032067
2016-12-05,0.02371646939096208
2016-12-06,-0.0016460698371082035
2016-12-07,0.04509616184401919
2016-12-08,0.014849788707087678
2016-12-09,-0.006225415777639352
2016-12-12,-0.00823083244570145
2016-12-13,0.016393960738150887
2016-12-14,-0.0015497673115228618
2016-12-15,0.00772492985791195
2016-12-16,0.009573019028021074
2016-12-19,0.018501654539524334
2016-12-20,0.019267134659543446
2016-12-21,0.01854254389865404
2016-12-22,0.0
2016-12-23,-0.009410153547502013
2016-12-27,-0.0018199334401471027
2016-12-28,-0.004747000463168506
2016-12-29,-0.022955319406448352
2016-12-30,-0.0011243855674306466
2017-01-02,0.032463074823168264
2017-01-03,0.019411283620147372
2017-01-04,-0.012177975578834313
2017-01-05,0.0025194801446319025
2017-01-06,-0.000719203970433876
2017-01-09,0.0481048171406337
2017-01-10,0.001370224678715934
2017-01-11,0.03333097928582769
2017-01-12,-0.024808591502066223
2017-01-13,0.015159466722690832
2017-01-16,-0.021971484489176046
2017-01-17,0.00034181329356008434
2017-01-18,0.00034133640420319264
2017-01-19,0.009517465093914459
2017-01-20,0.0027027588610386774
2017-01-23,0.030567209615758182
2017-01-24,0.005222048652309841
2017-01-25,0.0019511520572238128
2017-01-26,-0.009138758590691928
2017-01-27,-0.017196148679028033
2017-01-30,-0.029792027540937106
2017-01-31,-0.0110576039617816
2017-02-01,0.012431122377511204
2017-02-02,-0.009655123240577023
2017-02-03,0.004149330032656918
2017-02-06,-0.0209212716986425
2017-02-07,-0.0003524416046137198
2017-02-08,-0.013842359610275632
2017-02-09,0.000714578889382094
2017-02-10,0.015240476811892865
2017-02-13,0.02157350992122216
2017-02-14,0.010955212018624887
2017-02-15,-0.006832873798743175
2017-02-16,-0.015547044796668004
2017-02-17,-0.023605063720824677
2017-02-20,0.013456260376388631
2017-02-21,0.013971407504251297
2017-02-22,-0.019615275133168346
2017-02-23,0.002120254695725811
2017-02-24,-0.0028280064346276677
2017-02-27,-0.008888857444074024
2017-02-28,-0.0021450816824250514
2017-03-01,0.03308976922765098
2017-03-02,0.00345680647892389
2017-03-03,0.0003449334086744205
2017-03-06,-0.007617804937915831
2017-03-07,0.006582465533463488
2017-03-08,-0.012159356818116132
2017-03-09,-0.013016844227949033
2017-03-10,0.001769066554874842
2017-03-13,0.018907930778963022
2017-03-14,-0.019261587017326526
2017-03-15,-0.008166080863313626
2017-03-16,0.0
2017-03-17,-0.011834518056790777
2017-03-20,-0.010516853772384802
2017-03-21,-0.02025479597972986
2017-03-22,0.014404666639029092
2017-03-23,-0.0007336179659013714
2017-03-24,-0.0033081999703377034
2017-03-27,-0.006278916436720944
2017-03-28,0.016899573318063636
2017-03-29,-0.001458239108513705
2017-03-30,-0.006221373855047279
2017-03-31,0.002932612500392499
2017-04-03,-0.006610537994071933
2017-04-04,-0.011115053326643042
2017-04-05,-0.007855032759356163
2017-04-06,-0.001127243873693499
2017-04-07,-0.000752301635759919
2017-04-10,0.0
2017-04-11,-0.008690642925177093
2017-04-12,0.0011378327889742742
2017-04-13,-0.0057023559245676664
2017-04-18,0.04327422736928048
2017-04-19,0.01952329124723873
2017-04-20,0.00035818160378777694
2017-04-21,0.002145081682425105
2017-04-24,0.024692529932091895
2017-04-25,0.01487150927648114
2017-04-26,-0.0006868497069448544
2017-04-27,-0.007932501956402313
2017-04-28,0.00793250195640234
2017-05-02,-0.007932501956402313
2017-05-03,-0.007995746016563032
2017-05-04,0.00417968096624539
2017-05-05,0.002430355228268508
2017-05-08,0.007599111415232747
2017-05-09,-0.0072525952651821815
2017-05-10,0.0010391936719983826
2017-05-11,0.007070828947651754
2017-05-12,0.009027631649873044
2017-05-15,-0.0020760154662430646
2017-05-16,-0.00695161618363004
2017-05-17,-0.018304052734739625
2017-05-18,-0.016114878747583564
2017-05-19,0.006477203315445651
2017-05-22,-0.00683830710358977
2017-05-23,-0.0025311019920382545
2017-05-24,0.0028922057801824496
2017-05-25,0.0018034719558447899
2017-05-26,-0.005782521058559421
2017-05-29,-0.004722879036428589
2017-05-30,-0.005111283831434364
2017-05-31,-0.021084642671165273
2017-06-01,0.014842652281775452
2017-06-02,0.013172399563952577
2017-06-05,0.0
2017-06-06,-0.019083185105056723
2017-06-07,-0.013052616590999672
2017-06-08,-0.007157650751546737
2017-06-09,0.002643112062493035
2017-06-12,0.01682600104098164
2017-06-13,0.002961807060524677
2017-06-14,-0.02129745650254813
2017-06-15,-0.007961951856902755
2017-06-16,-0.001142826503839746
2017-06-19,0.0
2017-06-20,0.005700328946690788
2017-06-21,0.002270985752600477
2017-06-22,0.017984672245025417
2017-06-23,-0.007454272321279413
2017-06-26,0.00485164614282873
2017-06-27,-0.0014902341807530698
2017-06-28,0.0018625910317402147
2017-06-29,-0.010099400090476484
2017-06-30,0.0026283244312517123
2017-07-03,0.01820591452951503
2017-07-04,0.0029410226601319306
2017-07-05,-0.004046283625742954
2017-07-06,0.017900068641194478
2017-07-07,0.004695677736027056
2017-07-10,-0.0007211297067858674
2017-07-11,0.0107605883171497
2017-07-12,0.01697955719102215
2017-07-13,0.0055964437250926044
2017-07-14,0.014543141051932646
2017-07-17,-0.006206766172797468
2017-07-18,-0.012881210706471361
2017-07-19,0.005590577965836683
2017-07-20,-0.003840139863992807
2017-07-21,-0.03705435857771129
2017-07-24,-0.013889135243859875
2017-07-25,-0.013338437553895226
2017-07-26,0.018844185648057798
2017-07-27,-0.024079716014703278
2017-07-28,-0.011691644267075568
2017-07-31,-0.012982241323077468
2017-08-01,0.009181207104053672
2017-08-02,-0.003433019927960884
2017-08-03,-0.00651728124191652
2017-08-04,0.0
2017-08-07,-0.00578578049774749
2017-08-08,0.0011597569015234102
2017-08-09,-0.010878045829891853
2017-08-10,-0.006662774805388839
2017-08-11,0.0027488798624767533
2017-08-14,0.008590498230877933
2017-08-15,0.001942072608357642
2017-08-16,0.007345929041899499
2017-08-17,-0.006958127966387985
2017-08-18,-0.007006476971834939
2017-08-21,-0.009813661686066137
2017-08-22,0.004329889058293415
2017-08-23,-0.005514112900207283
2017-08-24,0.007867853480168078
2017-08-25,-0.0019610145466206668
2017-08-28,0.0003924698869519706
2017-08-29,-0.0070893658060578865
2017-08-30,-0.00475452683455895
2017-08-31,-0.004377936000536725
2017-09-01,0.009132462835095516
2017-09-04,0.0019742808274722267
2017-09-05,0.018370746484569246
2017-09-06,0.016135322325961297
2017-09-07,0.0034239767140760292
2017-09-08,0.005303254036171506
2017-09-11,0.0048990867761292385
2017-09-12,0.019360381846107434
2017-09-13,0.007347658599847679
2017-09-14,-0.0010986891440320366
2017-09-15,0.002196172494899459
2017-09-18,0.0036494454516496195
2017-09-19,0.0014562461960632733
2017-09-20,-0.005471702403507316
2017-09-21,0.008740052302730648
2017-09-22,-0.002177744072297539
2017-09-25,0.0014525447603234616
2017-09-26,0.023311007183087287
2017-09-27,-0.0024846646399500584
2017-09-28,-0.016842971141606437
2017-09-29,-0.0025331217485406086
2017-10-02,-0.0029027944133136188
2017-10-03,0.0
2017-10-04,0.02263430989265508
2017-10-05,0.006726937356910776
2017-10-06,0.007732949884656932
2017-10-09,-0.004210582822707081
2017-10-10,-0.005995344357988094
2017-10-11,0.006698386143041332
2017-10-12,0.009790223249871388
2017-10-13,0.0031266909253598566
2017-10-16,-0.002778777572612437
2017-10-17,-0.004182788983023389
2017-10-18,0.010423990561103174
2017-10-19,-0.010074559231850466
2017-10-20,-0.011589404447978223
2017-10-23,0.004581583714076708
2017-10-24,0.022941528177516286
2017-10-25,-0.006896572262058902
2017-10-26,0.00689657226205895
2017-10-27,0.04370439223417813
2017-10-30,0.02533418169929477
2017-10-31,0.0
2017-11-01,0.04668061672227421
2017-11-02,0.0006119626441389291
2017-11-03,-0.0030637245454163886
2017-11-06,-0.0049216312370547
2017-11-07,-0.0015430908386998233
2017-11-08,-0.02248667602965238
2017-11-09,-0.006337232212723219
2017-11-10,-0.005098695065605577
2017-11-13,0.00255251431528507
2017-11-14,-0.01024988554497172
2017-11-15,-0.006135947365579197
2017-11-16,0.02432115588108772
2017-11-17,0.0037868149528368553
2017-11-20,0.04103593216323499
2017-11-21,0.029781803226947186
2017-11-22,-0.01895791119110314
2017-11-23,0.0032840953266820776
2017-11-24,0.010083127822824908
2017-11-27,-0.0002951385548937907
2017-11-28,0.008815875574403378
2017-11-29,0.03337488810855734
2017-11-30,0.007891685474335811
2017-12-01,-0.027032378566759302
2017-12-04,0.0
2017-12-05,-0.015112278183507154
2017-12-06,-0.028815357366066354
2017-12-07,0.02117270351392997
2017-12-08,0.015808442484333114
2017-12-11,-0.008751656805787296
2017-12-12,-0.007056785678545878
2017-12-13,0.003828589990538515
2017-12-14,-0.0026489826457158808
2017-12-15,-0.002656018396479915
2017-12-18,0.022788097247141065
2017-12-19,-0.0020240800380728918
2017-12-20,-0.017813295127199074
2017-12-21,0.003235792417203158
2017-12-22,-0.007369107178911178
2017-12-27,-0.00802039545700281
2017-12-28,-0.0008951129958686118
2017-12-29,-0.0062884042985479624
2018-01-02,-0.004515917497368725
2018-01-03,0.03405448342226798
2018-01-04,0.01734739721268759
2018-01-05,0.026921684097914747
2018-01-08,0.003565036237086028
2018-01-09,0.0022216837926094923
2018-01-10,-0.011382626446652321
2018-01-11,-0.002247145459466948
2018-01-12,0.011296906762415978
2018-01-15,0.00044465125585294604
2018-01-16,0.02253470805877244
2018-01-17,-0.01809767008014724
2018-01-18,-0.0041035348581389885
2018-01-19,0.020678288601362966
2018-01-22,0.025685209252735246
2018-01-23,-0.006600060101819224
2018-01-24,-0.017453506473072943
2018-01-25,-0.014450055976828064
2018-01-26,0.002862626925584973
2018-01-29,0.0009890415652209059
2018-01-30,-0.01929735235594657
2018-01-31,-0.008886163812702547
2018-02-01,0.003271332317708157
2018-02-02,-0.03169061914768573
2018-02-05,-0.018891766713178413
2018-02-06,-0.02143174869647841
2018-02-07,0.03636360407688667
2018-02-08,-0.039150735866580855
2018-02-09,-0.009756371250586452
2018-02-12,0.016167693054274408
2018-02-13,-0.012986286826676734
2018-02-14,0.014311804596073383
2018-02-15,-0.006039153276451523
2018-02-16,0.013238617173174644
2018-02-19,-0.00852498166611958
2018-02-20,-0.006047266660485903
2018-02-21,-0.007916708508702653
2018-02-22,0.0021986344259312487
2018-02-23,-0.008085482580439089
2018-02-26,0.017919520037269748
2018-02-27,-0.008980435515969387
2018-02-28,-0.01808280148889274
2018-03-01,-0.02488500431757543
2018-03-02,-0.02187154370115725
2018-03-05,-0.001431885319447568
2018-03-06,0.022284827547662863
2018-03-07,-0.006389791203131012
2018-03-08,0.004604738202271664
2018-03-09,0.001020254804195702
2018-03-12,0.010778268451838978
2018-03-13,-0.025935676821028646
2018-03-14,0.014009486314090009
2018-03-15,0.02707133385379482
2018-03-16,0.006932278318614282
2018-03-19,-0.016042118085327243
2018-03-20,0.010971200078675445
2018-03-21,-0.004971860150296768
2018-03-22,-0.015825443576266366
2018-03-23,-0.027595960887603275
2018-03-26,0.006873642421257438
2018-03-27,0.011054312612176927
2018-03-28,-0.009375255066680752
2018-03-29,0.04033657894923549
2018-04-03,0.0061775086345959304
2018-04-04,-0.005434350393679371
2018-04-05,0.03420695415740462
2018-04-06,-0.012766405482308093
2018-04-09,-0.0044949496043079655
2018-04-10,0.04359914534945716
2018-04-11,0.009166312987293992
2018-04-12,0.019671424398263266
2018-04-13,0.00384301397312518
2018-04-16,-0.029422319203386282
2018-04-17,0.014991083817016602
2018-04-18,-0.002177016089317306
2018-04-19,-0.0062133429823332505
2018-04-20,-0.012660715318499645
2018-04-23,-0.009749224523519026
2018-04-24,0.0011796767644167805
2018-04-25,-0.015684842045956042
2018-04-26,0.02623969745589521
2018-04-27,0.007438447431060192
2018-04-30,-0.0051080353603556025
2018-05-02,0.034320420483609226
2018-05-03,-0.010173149464684814
2018-05-04,0.0037124421091609956
2018-05-07,0.02006134948383024
2018-05-08,-0.014288288188839772
2018-05-09,-0.0169516944963465
2018-05-10,0.0046731013689665915
2018-05-11,0.004070822172658464
2018-05-14,-0.005587210170718991
2018-05-15,0.012758160823224365
2018-05-16,-0.006938884649799974
2018-05-17,0.009700939953882872
2018-05-18,-0.005300640344026607
2018-05-21,0.0
2018-05-22,0.020017819714863598
2018-05-23,-0.02778913515196553
2018-05-24,-0.025712133969593914
2018-05-25,0.01623565525260476
2018-05-28,-0.01767023092234745
2018-05-29,-0.0281503739580898
2018-05-30,0.009918679426102278
2018-05-31,-0.01968806147732946
2018-06-01,0.007428413479785786
2018-06-04,0.0003700035033970918
2018-06-05,0.000369866651438869
2018-06-06,0.004550242331846336
2018-06-07,-0.0006137206379732067
2018-06-08,-0.021719822611390615
2018-06-11,-0.0010041668423787593
2018-06-12,0.0020074059337052835
2018-06-13,0.0013780011638707492
2018-06-14,0.022035984792867624
2018-06-15,-0.014305380687609063
2018-06-18,-0.03128791655625773
2018-06-19,-0.024388379019632842
2018-06-20,0.013953472136696135
2018-06-21,-0.031573161621512975
2018-06-22,-0.0017393698827015548
2018-06-25,-0.024668975178207677
2018-06-26,-0.008406266422464734
2018-06-27,0.013880538318844247
2018-06-28,-0.023475385279127306
2018-06-29,-0.0064478562881021915
2018-07-02,-0.007906303456347559
2018-07-03,0.0063582960957140194
2018-07-04,0.004917215448047466
2018-07-05,0.03970577260481606
2018-07-06,-0.004996156749288943
2018-07-09,-0.011847428906623242
2018-07-10,-0.00013700359758079186
2018-07-11,-0.02188447419378432
2018-07-12,0.0005599322538503106
2018-07-13,0.007668303137257637
2018-07-16,-0.008928703114245144
2018-07-17,0.009483960150885826
2018-07-18,0.02223845551554563
2018-07-19,0.004605190131730226
2018-07-20,-0.022826041058247936
2018-07-23,0.008535087969568365
2018-07-24,0.027714066090259507
2018-07-25,-0.02757681330335342
2018-07-26,0.038846298242503595
2018-07-27,-0.003830716783153057
2018-07-30,0.0022474702766676576
2018-07-31,0.005005233458054186
2018-08-01,-0.037619100927145925
2018-08-02,-0.022069822263737895
2018-08-03,0.013437881351447942
2018-08-06,0.0009627632185637052
2018-08-07,0.009577425257581762
2018-08-08,0.00637932765503465
2018-08-09,0.0001352124486851722
2018-08-10,-0.023681697339945663
2018-08-13,-0.0027745599246443986
2018-08-14,-0.0075292201893127336
2018-08-15,-0.03170800075706293
2018-08-16,0.007197340868630329
2018-08-17,-0.0050327399803323306
2018-08-20,0.0018722718468428285
2018-08-21,0.012298241337702139
2018-08-22,-0.01359384498748008
2018-08-23,-0.00635941280390317
2018-08-24,0.00043490221115547736
2018-08-27,0.02476336887468903
2018-08-28,0.013481341687355862
2018-08-29,-0.0015354737219591527
2018-08-30,-0.00209796595816988
2018-08-31,-0.014240742812524227
2018-09-03,-0.02080543028054715
2018-09-04,-0.012694497874282569
2018-09-05,-0.000440744411937716
2018-09-06,0.0007343107844474647
2018-09-07,-0.0011751562164862648
2018-09-10,0.010381104758922
2018-09-11,-0.0008730663035747859
2018-09-12,0.00739720072204824
2018-09-13,0.017050238248761986
2018-09-14,0.02261505790496271
2018-09-17,0.003327805913868588
2018-09-18,0.025691584140982264
2018-09-19,0.01910928435345078
2018-09-20,0.009222505827813232
2018-09-21,0.01225262743150057
2018-09-24,-0.00937145263335774
2018-09-25,-0.01621560211123066
2018-09-26,0.005434497301491683
2018-09-27,0.016778530140906977
2018-09-28,-0.014797647220755333
2018-10-01,0.005919047091444432
2018-10-02,0.0028811747981429786
2018-10-04,-0.005639148765480176
2018-10-05,-0.01844879527469841
2018-10-08,-0.01552524257587068
2018-10-09,-0.0031340794870394284
2018-10-10,-0.02068474286504711
2018-10-11,-0.02154869534650671
2018-10-12,-0.0022802723689422234
2018-10-15,0.02994094703060496
2018-10-16,0.02055999053218863
2018-10-17,-0.002172981047615656
2018-10-18,-0.010386942644942054
2018-10-19,-0.011051475168853353
2018-10-22,-0.011455702859754217
2018-10-23,-0.018721295608208968
2018-10-24,-0.04389880805930747
2018-10-25,0.024382535038691564
2018-10-26,-0.000876439565803038
2018-10-29,0.039675828134926004
2018-10-30,0.029882018016234628
2018-10-31,0.013671799383752584
2018-11-01,0.018515318254717684
2018-11-02,0.018438071556712513
2018-11-05,0.006972097212802144
2018-11-06,0.004493332275104588
2018-11-07,-0.007585969611599722
2018-11-08,-0.02390245099580502
2018-11-09,-0.03524710961544423
2018-11-12,-0.0015074529093594123
2018-11-13,0.014431892572879437
2018-11-14,0.009015830721484763
2018-11-15,-0.011180958705892165
2018-11-16,-0.025519282519080585
2018-11-19,0.019268483191714574
2018-11-20,-0.0065646067296640164
2018-11-21,0.044284709814238245
2018-11-22,-0.0028920752161012697
2018-11-23,-0.006206711968599321
2018-11-26,0.020973584247429365
2018-11-27,-0.040908650424206855
2018-11-28,0.00686830575110476
2018-11-29,0.006954750324228071
2018-11-30,-0.007760552827556402
2018-12-03,0.028338886577533123
2018-12-04,-0.030759427895805658
2018-12-05,-0.00634830794746988
2018-12-06,-0.03166118527965657
2018-12-07,0.0033508611832231004
2018-12-10,-0.017577560280364307
2018-12-11,0.03567330669057847
2018-12-12,0.02727681935064838
2018-12-13,-0.002934900854875961
2018-12-14,-0.013314702061428008
2018-12-17,-0.008429658489448679
2018-12-18,-0.0013664728423796167
2018-12-19,0.004093570130678361
2018-12-20,-0.020497359975718586
2018-12-21,-0.004178254856705178
2018-12-27,-0.04175284162502472
2018-12-28,0.010710743993104413
2019-01-02,-0.019333503389638754
2019-01-03,-0.011069390333631413
2019-01-04,0.041569622694303913
2019-01-07,0.0011384601644468851
2019-01-08,0.016641260502231938
2019-01-09,0.02404416553833286
2019-01-10,-0.01070713010396853
2019-01-11,-0.019087869638858893
2019-01-14,0.013552320914645468
2019-01-15,0.006501275994211625
2019-01-16,-0.0011037519529739767
2019-01-17,-0.013898685274939817
2019-01-18,0.019130102173973536
2019-01-21,-0.005369285329734733
2019-01-22,-0.00887422889008956
2019-01-23,-0.009375384918294725
2019-01-24,0.02279467567998963
2019-01-25,0.041058306485008675
2019-01-28,-0.01260880377914302
2019-01-29,-0.014259107647289476
2019-01-30,-0.001355654723696329
2019-01-31,0.008107010297448213
2019-02-01,0.0063050456910234915
2019-02-04,-0.012785456315518556
2019-02-05,0.011179282540114063
2019-02-06,0.0005356496197426585
2019-02-07,-0.04854907094977564
2019-02-08,-0.017436136163982263
2019-02-11,0.007124525593479449
2019-02-12,0.02371212101682297
2019-02-13,-0.003472402406770275
2019-02-14,-0.013165682535957403
2019-02-15,0.01774653257107133
2019-02-18,-0.011562216215910007
2019-02-19,0.0030776975078565874
2019-02-20,0.024150669172003376
2019-02-21,-0.0006817682518858237
2019-02-22,0.0009545358775921663
2019-02-25,0.029945110496971614
2019-02-26,-0.0010587945389898237
2019-02-27,0.004228887124002906
2019-02-28,-0.0050240139104603876
2019-03-01,0.02150371097577849
2019-03-04,0.00038901989383614935
2019-03-05,-0.00012976627596901084
2019-03-06,-0.01331622986323211
2019-03-07,-0.014828579574635334
2019-03-08,-0.019394725300781058
2019-03-11,-0.002723668487429531
2019-03-12,-0.018442686447857345
2019-03-13,0.010776658526531254
2019-03-14,-0.009527017282037474
2019-03-15,0.001109238331908567
2019-03-18,0.008142974042211343
2019-03-19,0.016360188921401817
2019-03-20,-0.02727878982296452
2019-03-21,-0.00683249104337855
2019-03-22,-0.026944364423223125
2019-03-25,0.004875359468345613
2019-03-26,-0.008619819853975802
2019-03-27,0.003025459921383598
2019-03-28,-0.0040358006693975434
2019-03-29,0.013199651321402354
2019-04-01,0.029077196394873325
2019-04-02,0.011288618094595153
2019-04-03,0.016428310423471117
2019-04-04,0.009649008675217632
2019-04-05,-0.00803444654583357
2019-04-08,0.00375734659394724
2019-04-09,-0.008879295442616827
2019-04-10,-0.002706346017966046
2019-04-11,0.023700571225394592
2019-04-12,0.014451119743661067
2019-04-15,0.010638518267675442
2019-04-16,0.010526287287614148
2019-04-17,0.029815528549883497
2019-04-18,0.010970685228681167
2019-04-23,-0.019434777767586696
2019-04-24,-0.01574838594436424
2019-04-25,-0.013036935150678258
2019-04-26,0.0019277637486742763
2019-04-29,0.0028208765713040457
2019-04-30,-0.007454112210190622
2019-05-02,0.03610523816942885
2019-05-03,-0.002866032310422529
2019-05-06,-0.016735140206477827
2019-05-07,-0.020510871905158826
2019-05-08,0.001035576315424852
2019-05-09,-0.020126135666468953
2019-05-10,-0.007819384626502814
2019-05-13,-0.018667085580191034
2019-05-14,0.009981348029370542
2019-05-15,0.03382748904936806
2019-05-16,-0.006863533095473478
2019-05-17,-0.006503276731387423
2019-05-20,-0.015892805613380807
2019-05-21,-0.0008290414642087377
2019-05-22,-0.0027682473444497163
2019-05-23,-0.01606720343477698
2019-05-24,0.006037887119094151
2019-05-27,0.008364733259225815
2019-05-28,0.005399794873759192
2019-05-29,-0.010828820163934764
2019-05-30,-0.00041884731158186553
2019-05-31,-0.026317429548923993
2019-06-03,0.004006293219601068
2019-06-04,0.032315452602276126
2019-06-05,-0.0130813214747426
2019-06-06,-0.006605222581896505
2019-06-07,0.0002818809662629585
2019-06-11,0.01302462729819084
2019-06-12,-0.009647116981225244
2019-06-13,0.003085896852673314
2019-06-14,-0.010984370011261185
2019-06-17,-0.0036885502178836366
2019-06-18,0.018307755581298924
2019-06-19,0.014133588497180318
2019-06-20,0.010538554199922626
2019-06-21,0.0019043241285296387
2019-06-24,-0.0012237382667461066
2019-06-25,-0.007374045607805164
2019-06-26,0.010769711097967588
2019-06-27,-0.0021719272234164513
2019-06-28,0.007041314968696648
2019-07-01,0.0119377777676591
2019-07-02,0.0066444472591689
2019-07-03,0.01720214906664923
2019-07-04,0.006617880585055734
2019-07-05,-0.00025861874929864647
2019-07-08,0.0012928222303386979
2019-07-09,-0.005441200842790086
2019-07-10,-0.010184325146963661
2019-07-11,-0.0030228504661097048
2019-07-12,0.01047531224902026
2019-07-15,0.004289492848744443
2019-07-16,0.004787394892764078
2019-07-17,-0.012207919474876575
2019-07-18,-0.010508335388628996
2019-07-19,0.0
2019-07-22,-0.0003963029891616752
2019-07-23,0.03721163446642108
2019-07-24,0.009374336850028397
2019-07-25,-0.02916929016175925
2019-07-26,0.007759058386288957
2019-07-29,-0.013356847072147337
2019-07-30,-0.009575708107605378
2019-07-31,-0.005286112325662891
2019-08-01,-0.001989600007584507
2019-08-02,-0.029643801759992195
2019-08-05,-0.022544217392786954
2019-08-06,-0.0002797979698184227
2019-08-07,-0.0011200614474413553
2019-08-08,0.010450936533799906
2019-08-09,-0.020587565183453192
2019-08-12,-0.0026920805333356846
2019-08-13,0.013668894351796817
2019-08-14,-0.021360128195025266
2019-08-15,-0.012372541034539776
2019-08-16,0.012229551416501828
2019-08-19,0.01743599832379498
2019-08-20,-0.008325634145262986
2019-08-21,0.010571559888618895
2019-08-22,0.0029402291827553325
2019-08-23,-0.013370183161775833
2019-08-26,0.007199847334329234
2019-08-27,0.009241242027591521
2019-08-28,0.0002785350580568503
2019-08-29,0.012049319421482995
2019-08-30,0.005628392513144917
2019-09-02,0.0038257399683827736
2019-09-03,-0.0025945519098135848
2019-09-04,0.011419517809081483
2019-09-05,0.019277502906197615
2019-09-06,-0.0029210920300813954
2019-09-09,0.02417348776231455
2019-09-10,0.0034986183338843097
2019-09-11,0.006960491716915589
2019-09-12,0.006784802785158698
2019-09-13,0.008258796699624853
2019-09-16,-0.0031682075675015732
2019-09-17,-0.010976553804284106
2019-09-18,0.0006414766728775392
2019-09-19,0.018929651959329646
2019-09-20,0.005522014014651881
2019-09-23,-0.020355930747763634
2019-09-24,-0.021822839356563453
2019-09-25,0.004428891553497901
2019-09-26,-0.0015608711639439016
2019-09-27,0.00816752703436869
2019-09-30,0.00746078593858556
2019-10-01,-0.01458754141824983
2019-10-02,-0.03076753256084091
2019-10-04,-0.008890292585275524
2019-10-07,0.004858955619131036
2019-10-08,0.003763014779368688
2019-10-09,0.006018224260614375
2019-10-10,0.02592748770554994
2019-10-11,0.04794213316392296
2019-10-14,0.002103198018069709
2019-10-15,0.017152969753157093
2019-10-16,0.030742367564937298
2019-10-17,0.0023532141794242695
2019-10-18,-0.004948161822820618
2019-10-21,0.009052936705031055
2019-10-22,0.0008189513081102583
2019-10-23,0.0035022146193217775
2019-10-24,0.01950327503265547
2019-10-25,-0.015200701269175559
2019-10-28,0.021580295286964042
2019-10-29,-0.01614142213798247
2019-10-30,0.007359018770362525
2019-10-31,-0.02247562742732578
2019-11-01,0.011648546253650777
2019-11-04,0.02865330176089889
2019-11-05,0.0026970243789364544
2019-11-06,0.008159850215106915
2019-11-07,0.025173027016717444
2019-11-08,-0.013992531445296844
2019-11-11,-0.000991106842947214
2019-11-12,0.00790242623356338
2019-11-13,-0.010661043063316104
2019-11-14,-0.0059847796724963095
2019-11-15,0.019484448147889175
2019-11-18,-0.0418536831812545
2019-11-19,0.007812966293293982
2019-11-20,-0.010317086135041842
2019-11-21,0.004775106749359602
2019-11-22,0.004187510720470916
2019-11-25,-0.00045180500542875467
2019-11-26,-0.0063477055951016905
2019-11-27,0.011307197769502663
2019-11-28,-0.006655911529820902
2019-11-29,-0.006928289493567056
2019-12-02,-0.003997098536156508
2019-12-03,-0.0027498005197507083
2019-12-04,0.0049216682722225255
2019-12-05,-0.0012567814718615498
2019-12-06,0.00944435082346818
2019-12-09,-0.004426534488520457
2019-12-10,-0.0006828177185744954
2019-12-11,0.014353001574266685
2019-12-12,0.007489750515196684
2019-12-13,0.02050339051221673
2019-12-16,-0.005799441218818823
2019-12-17,-0.006275324312295001
2019-12-18,-0.007871994559234072
2019-12-19,-0.014462779577227245
2019-12-20,-0.0007908942308325944
2019-12-23,-0.0045311059544471555
2019-12-27,0.0028342332757295375
2019-12-30,-0.0023800652303506737
2020-01-02,0.02388395786380363
2020-01-03,-0.021616902004623392
2020-01-06,-0.00011336992388745259
2020-01-07,-0.0031755402586424245
2020-01-08,0.004307341470127821
2020-01-09,0.027334788188110047
2020-01-10,0.02069567673340499
2020-01-13,-0.0012944959035841646
2020-01-14,-0.0003238859766655386
2020-01-15,-0.01413672000974478
2020-01-16,-0.014895356073631696
2020-01-17,0.007971818302239031
2020-01-20,0.003632422350788497
2020-01-21,-0.003963445615410424
2020-01-22,-0.011985402442301394
2020-01-23,-0.014393631318936822
2020-01-24,0.005309305670843814
2020-01-27,-0.033684090526737084
2020-01-28,0.004766055872021307
2020-01-29,-0.014837629954345857
2020-01-30,-0.03546123976463528
2020-01-31,-0.009927140211944904
2020-02-03,0.0025831054036458546
2020-02-04,0.025950382856789557
2020-02-05,0.021083291582710013
2020-02-06,-0.001407456928695635
2020-02-07,-0.023633852645883704
2020-02-10,-0.01233394183597865
2020-02-11,0.018444293910208492
2020-02-12,0.0334754409721474
2020-02-13,-0.0034715573853689604
2020-02-14,-0.012128260957116029
2020-02-17,0.012012410520256393
2020-02-18,-0.018486580288471246
2020-02-19,0.004477507022930077
2020-02-20,-0.004005252921145199
2020-02-21,-0.02039065249695574
2020-02-24,-0.0558624253932491
2020-02-25,-0.01088705377992499
2020-02-26,0.0023155646467423584
2020-02-27,-0.04493668672159705
2020-02-28,-0.0016140675945705931
2020-03-02,0.007109025893464876
2020-03-03,0.02285884494436627
2020-03-04,0.010008511459968934
2020-03-05,-0.02713677552042858
2020-03-06,-0.022170915602659835
2020-03-09,-0.11111360665746249
2020-03-10,-0.0012156203371670345
2020-03-11,0.006364609740874354
2020-03-12,-0.16500990328047457
2020-03-13,-0.012369048194554883
2020-03-16,-0.12972508630499885
2020-03-17,0.017204282203642514
2020-03-18,-0.1277236036178636
2020-03-19,0.007312702917166109
2020-03-20,0.06915976221559954
2020-03-23,-0.020174284316459793
2020-03-24,0.17434026176616446
2020-03-25,0.045045461697320544
2020-03-26,-0.010324683456878755
2020-03-27,-0.07561098462229057
2020-03-30,-0.0038015552279846644
2020-03-31,0.017181429178682466
2020-04-01,-0.07621244535267681
2020-04-02,-0.0017186442245442225
2020-04-03,0.0008092659084427406
2020-04-06,0.1328232120221427
2020-04-07,0.029826867956776543
2020-04-08,0.015009738330865247
2020-04-09,0.03656717472885151
2020-04-14,0.004884502180298299
2020-04-15,-0.05800916138463229
2020-04-16,0.008056940124575225
2020-04-17,0.06173878498617577
2020-04-20,0.0011230610162313377
2020-04-21,-0.06834036271174082
2020-04-22,0.019381731123317775
2020-04-23,0.016366500628077908
2020-04-24,-0.028393385604273753
2020-04-27,0.046287713351175055
2020-04-28,0.024906738138203283
2020-04-29,0.05631170646275038
2020-04-30,-0.03900473005853275
2020-05-04,-0.057626552716436734
2020-05-05,0.04963968119769075
2020-05-06,-0.002676432425569946
2020-05-07,0.002204623984951771
2020-05-08,0.013903187422626995
2020-05-11,-0.012645525917900005
2020-05-12,-0.0009430012166498058
2020-05-13,-0.060113739222888304
2020-05-14,-0.028285339408933595
2020-05-15,0.04056762644287406
2020-05-18,0.07956033318422545
2020-05-19,0.0074372209036195425
2020-05-20,0.00933196152072288
2020-05-21,-0.007669956369490561
2020-05-22,0.002261835732888887
2020-05-25,0.008847883454484935
2020-05-26,0.021271067791185712
2020-05-27,0.023686614535180967
2020-05-28,-0.02091350309999153
2020-05-29,-0.03500285120147223
2020-06-02,0.055773872639818034
2020-06-03,0.021326941450197874
2020-06-04,-0.010394877164739767
2020-06-05,0.050523343219989414
2020-06-08,-0.003226938920584935
2020-06-09,-0.019996712522200408
2020-06-10,-0.01648576050917706
2020-06-11,-0.07812400843639007
2020-06-12,0.011562812218183652
2020-06-15,0.01775707212765609
2020-06-16,0.0016121630178214464
2020-06-17,-0.01802654681357288
2020-06-18,-0.011697677489915837
2020-06-19,-0.014434807110458579
2020-06-22,-0.0030656002635175766
2020-06-23,0.04443850763187498
2020-06-24,-0.04951738495737429
2020-06-25,0.02619310218521543
2020-06-26,0.0019520951645870897
2020-06-29,0.009406636624710222
2020-06-30,0.002671320797505428
2020-07-01,-0.012077957422215723
2020-07-02,0.028687404522539473
2020-07-03,-0.011877729140722208
2020-07-06,0.023760270056857807
2020-07-07,-0.0059235767101979775
2020-07-08,-0.019017593547334937
2020-07-09,0.001328403396769713
2020-07-10,0.03179011455459151
2020-07-13,-0.0048695764311862755
2020-07-14,-0.013879131842446032
2020-07-15,0.027143134945739947
2020-07-16,0.0012743339064716077
2020-07-17,0.021695903293706135
2020-07-20,0.002212997773964804
2020-07-21,0.0016566250779098885
2020-07-22,-0.004562190202801367
2020-07-23,0.0013846553842586395
2020-07-24,-0.017588356905858697
2020-07-27,-0.005507310228781432
2020-07-28,0.003956948157785352
2020-07-29,-0.029776062198487087
2020-07-30,-0.0632799563935825
2020-07-31,-0.033047786954195205
2020-08-03,0.04825659133226638
2020-08-04,0.02499390730795542
2020-08-05,0.003265938266992661
2020-08-06,-0.006990512877272535
2020-08-07,-0.008543748728541675
2020-08-10,0.0019549385776041297
2020-08-11,0.050391525798046156
2020-08-12,0.004703286138785126
2020-08-13,-0.013744101008574407
2020-08-14,0.001728356565036198
2020-08-17,0.0014380187360602298
2020-08-18,-0.004897724255210089
2020-08-19,0.006764062429454504
2020-08-20,-0.020431011900243073
2020-08-21,-0.003960303088178386
2020-08-24,0.012560295423934838
2020-08-25,-0.011678851625544844
2020-08-26,0.020349497625636558
2020-08-27,0.008025073600842345
2020-08-28,-0.0042909660953222685
2020-08-31,-0.0012910559943438676
2020-09-01,0.0054395404280205475
2020-09-02,0.00156898443159719
2020-09-03,0.01723933558162048
2020-09-04,0.0016798142251682837
2020-09-07,0.04632290925055473
2020-09-08,0.00917147148300558
2020-09-09,0.0010579189633415156
2020-09-10,-0.002382137614427943
2020-09-11,-0.007446828325755902
2020-09-14,-0.009521863996236946
2020-09-15,-0.0005392379340190736
2020-09-16,0.0021548787103141988
2020-09-17,-0.006884927433222952
2020-09-18,-0.039090682466088954
2020-09-21,-0.060835908633925705
2020-09-22,0.009090367138021017
2020-09-23,0.0048833716369883875
2020-09-24,0.007793478579981326
2020-09-25,-0.024015246720036753
2020-09-28,0.03609961226108916
2020-09-29,0.0038997590118892735
2020-09-30,-0.009705368581045313
2020-10-01,0.013191748488137738
2020-10-02,-0.017274144510947453
2020-10-05,0.02024812583923985
2020-10-06,0.020428438688093548
2020-10-07,0.010419746061366196
2020-10-08,-0.006789492368375636
2020-10-09,-0.0023218539888815626
2020-10-12,0.012560550326866022
2020-10-13,-0.006477218794937493
2020-10-14,0.004897753535528227
2020-10-15,-0.031086145209951784
2020-10-16,0.024598740204899133
2020-10-19,0.007205683975249022
2020-10-20,-0.006193662938712895
2020-10-21,-0.00972785698559471
2020-10-22,0.0037862989589587046
2020-10-23,0.010554393830085612
2020-10-26,-0.024901129363495672
2020-10-27,-0.02720237177033674
2020-10-28,-0.05033695062822728
2020-10-29,0.011249646717413166
2020-10-30,-0.014601178597184456
2020-11-02,0.021196552448988038
2020-11-03,0.03052029879461625
2020-11-04,0.002577526506136084
2020-11-05,0.028658567857142
2020-11-06,-0.020515022464537826
2020-11-09,0.06652661276689492
2020-11-10,0.05135659555467671
2020-11-11,0.0012007764196599324
2020-11-12,0.0030619673673477387
2020-11-13,-0.0018627888992417605
2020-11-16,0.022126509297895492
2020-11-17,0.0009113301455872295
2020-11-18,0.005580516406148672
2020-11-19,-0.013157180135258755
2020-11-20,-0.002494485364124953
2020-11-23,-0.013499463487216076
2020-11-24,0.03855424705059279
2020-11-25,-0.023741301055329914
2020-11-26,-0.02485659660786453
2020-11-27,-0.018199630987980848
2020-11-30,-0.031890182226180175
2020-12-01,0.04171028157852129
2020-12-02,-0.003943763684916373
2020-12-03,-0.004780412146078869
2020-12-04,-0.004528222119874162
2020-12-07,-0.006761970842182315
2020-12-08,-0.002217977294106523
2020-12-09,0.022775022886282716
2020-12-10,-0.02083414697239524
2020-12-11,-0.030230579283356485
2020-12-14,-0.003002642368247053
2020-12-15,0.07341243599003351
2020-12-16,0.03452228845674118
2020-12-17,-0.007482897741418932
2020-12-18,-0.006887164196676455
2020-12-21,-0.028972184568605706
2020-12-22,-0.0006714859025459656
2020-12-23,0.023627370040940395
2020-12-28,0.0019659130917751688
2020-12-29,-0.005645803004099767
2020-12-30,0.003417522565207072
2021-01-04,-0.02618961894095493
2021-01-05,-0.008386251748023685
2021-01-06,0.0014929883243318266
2021-01-07,0.0050056903806832125
2021-01-08,-0.011810292107677027
2021-01-11,-0.010708623246069134
2021-01-12,0.005917579191359851
2021-01-13,-0.006607826173286279
2021-01-14,0.04839537125602223
2021-01-15,-0.000658081163820285
2021-01-18,-0.004487445729744078
2021-01-19,0.010526496287149443
2021-01-20,0.03105715779429336
2021-01-21,0.027656181089224054
2021-01-22,0.01858696645473886
2021-01-25,-0.03979278530931367
2021-01-26,0.027112833164329195
2021-01-27,-0.018451453347487178
2021-01-28,-0.004007417349971354
2021-01-29,-0.018618753063243704
2021-02-01,-0.0007674225540007476
2021-02-02,0.037048230916486825
2021-02-03,0.022431712266080588
2021-02-04,-0.007623922012872925
2021-02-05,-0.015301011107113752
2021-02-08,0.009453153940925399
2021-02-09,0.0
2021-02-10,-0.012170665349465707
2021-02-11,0.01631637911761626
2021-02-12,-0.019413280576028952
2021-02-15,0.006307633720859141
2021-02-16,0.0059004066647232924
2021-02-17,-0.011091986061390911
2021-02-18,0.04530817134959136
2021-02-19,0.009899783211639576
2021-02-22,0.020085430005998366
2021-02-23,-0.01797675364685919
2021-02-24,0.01001404881271451
2021-02-25,-0.00896130646747217
2021-02-26,0.011275924300792287
2021-03-01,0.016053692871742284
2021-03-02,0.0060107877287812255
2021-03-03,0.045856773890386705
2021-03-04,0.021053423863177538
2021-03-05,0.02279232449334826
2021-03-08,0.011613099504685788
2021-03-09,-0.018146756681347236
2021-03-10,0.01957639766492004
2021-03-11,-0.0205130602628226
2021-03-12,-0.00952253308367987
2021-03-15,0.02368945504515523
2021-03-16,0.06494592292981517
2021-03-17,0.10473503123377734
2021-03-18,-0.03415570330429837
2021-03-19,-0.007199241397936179
2021-03-22,0.0703918068710563
2021-03-23,-0.04828516114694626
2021-03-24,-0.03391686482409778
2021-03-25,0.03964246793341041
2021-03-26,0.0013165785033126857
2021-03-29,0.007646252294818305
2021-03-30,0.04593622485698159
2021-03-31,-0.008139523685198252
2021-04-01,0.010630555580403057
2021-04-06,0.022145821920789278
2021-04-07,-0.02484486799915307
2021-04-08,-0.006465730682344169
2021-04-09,-0.0075615263409968625
2021-04-12,-0.006769550206972187
2021-04-13,-0.013248088370511772
2021-04-14,0.007073267650026673
2021-04-15,0.01757208848812739
2021-04-16,0.02814183968740934
2021-04-19,-0.02019862540422574
2021-04-20,-0.025728947588123136
2021-04-21,-0.0244363404633589
2021-04-22,0.011535755241997467
2021-04-23,-0.006731175218425886
2021-04-26,-0.00897263898184078
2021-04-27,-0.0046269723920274635
2021-04-28,-0.010657404768145869
2021-04-29,-0.030597263236199292
2021-04-30,-0.0025348705553060197
2021-05-03,0.01851708810047758
2021-05-04,-0.047782902777445124
2021-05-05,0.035247053561593626
2021-05-06,-0.026023896473230678
2021-05-07,-0.0077986265665739235
2021-05-10,0.0054419409684063206
2021-05-11,-0.014737530360464931
2021-05-12,-0.015444443004326486
2021-05-13,0.00024308917706083305
2021-05-14,0.02497141106813167
2021-05-17,0.008500589228680865
2021-05-18,0.009594128971449248
2021-05-19,-0.015016712661710459
2021-05-20,0.01896795183585605
2021-05-21,0.0018538891491308531
2021-05-25,0.016760858682394773
2021-05-26,0.006354940995236475
2021-05-27,0.019492122668229625
2021-05-28,0.0035436434271818463
2021-05-31,0.00989997391986994
2021-06-01,0.030187782814832344
2021-06-02,0.0212259700920067
2021-06-03,0.002077153353153616
2021-06-04,-0.003950435622277343
2021-06-07,-0.005012544304795005
2021-06-08,-0.022230243781006197
2021-06-09,-0.010978392671482588
2021-06-10,-0.004120945680059892
2021-06-11,0.01402844413485762
2021-06-14,-0.013811187990503692
2021-06-15,-0.02174717307646672
2021-06-16,-0.006684440477654074
2021-06-17,0.0020099855991682824
2021-06-18,-0.0257641215369525
2021-06-21,0.037078736245283614
2021-06-22,-0.01444313681146217
2021-06-23,-0.0246982062956765
2021-06-24,0.004120859834639558
2021-06-25,-0.013339643518518102
2021-06-28,-0.01187858015963852
2021-06-29,0.01280423748572016
2021-06-30,-0.023167085837461243
2021-07-01,-0.000947250398035947
2021-07-02,0.00165723999452524
2021-07-05,-0.0007099895964892749
2021-07-06,-0.03959942032563386
2021-07-07,0.015882980791195624
2021-07-08,-0.028274925047346147
2021-07-09,0.05742185391789658
2021-07-12,0.02694688985803819
2021-07-13,-0.013382735870335737
2021-07-14,-0.0009295294461372253
2021-07-15,-0.022097787519552443
2021-07-16,-0.012918874904069972
2021-07-19,-0.02907249662435566
2021-07-20,0.009866883175877065
2021-07-21,0.030935299681378484
2021-07-22,-0.006206612939847434
2021-07-23,0.02259265729406842
2021-07-26,-0.008183123391676518
2021-07-27,-0.021495588252573115
2021-07-28,0.006644516221288814
2021-07-29,0.01557583172073936
2021-07-30,-0.007514183863680858
2021-08-02,0.0012156382223440971
2021-08-03,-0.0031640995717232504
2021-08-04,-0.004397742047223143
2021-08-05,0.007804949508690898
2021-08-06,0.004847324891170218
2021-08-09,-0.007036299179037946
2021-08-10,0.0002434686448648578
2021-08-11,-0.0007305838377304023
2021-08-12,0.016189890934547296
2021-08-13,-0.0038426463309689293
2021-08-16,-0.02337008403809352
2021-08-17,-0.013389683935224416
2021-08-18,-0.008825722795858507
2021-08-19,-0.018811716303532598
2021-08-20,-0.010214298454560337
2021-08-23,0.008673313853035639
2021-08-24,0.021460112664628675
2021-08-25,0.004718397911084162
2021-08-26,0.0015010814970243971
2021-08-27,0.0037429329461974867
2021-08-30,0.001244614323360733
2021-08-31,0.001491380303571884
2021-09-01,-0.0012427583605123717
2021-09-02,0.008173464592218797
2021-09-03,-0.003954487073065441
2021-09-06,0.0012373004415075972
2021-09-07,-0.0086944653033423
2021-09-08,-0.03235413278708772
2021-09-09,0.012599403878801771
2021-09-10,-0.0053072337796963714
2021-09-13,0.006019436832064519
2021-09-14,0.002336799296990668
2021-09-15,-0.0028453125473698188
2021-09-16,-0.015590145324233556
2021-09-17,-0.019730423110848036
2021-09-20,-0.046946703215949126
2021-09-21,0.01208142216101591
2021-09-22,0.02117155061736573
2021-09-23,0.011583055725014559
2021-09-24,0.00042241814656646196
2021-09-27,0.010296495822678027
2021-09-28,-0.007027968891871642
2021-09-29,0.03129469486598484
2021-09-30,-0.012317945578723736
2021-10-01,0.00020643783697527426
2021-10-04,-0.014771912090594476
2021-10-05,0.005434993389115929
2021-10-06,-0.027902925500122674
2021-10-07,0.02078976903517938
2021-10-08,-0.002733111957814291
2021-10-11,0.004306586040223077
2021-10-12,-0.0134004454210142
2021-10-13,0.02703724122877528
2021-10-14,0.013453332652617963
2021-10-15,0.013174124526515167
2021-10-18,-0.03233023541643615
2021-10-19,-0.012240603610681113
2021-10-20,-0.01687830323901102
2021-10-21,0.026307417031571953
2021-10-22,0.022171726806732052
2021-10-25,0.04560386970524756
2021-10-26,0.004132823072288974
2021-10-27,-0.010731867605495955
2021-10-28,-0.04575904379226561
2021-10-29,-0.004940760098902876
2021-11-01,0.004324580179604357
2021-11-02,-0.006287060211785307
2021-11-03,-0.04126581730317629
2021-11-04,0.011675989755286427
2021-11-05,0.026690836837937597
2021-11-08,-0.028182906360554504
2021-11-09,-0.009645242374211766
2021-11-10,-0.0006463110605732894
2021-11-11,0.0006463110605732514
2021-11-12,0.012201573737540574
2021-11-15,0.0020194554519764683
2021-11-16,0.0007429992382683511
2021-11-17,-0.008095621890412191
2021-11-18,-0.009024486460626948
2021-11-19,-0.025578033336876298
2021-11-22,-0.007668876650676982
2021-11-23,-0.010994055223499498
2021-11-24,-0.02814181539447129
2021-11-25,-0.00011610212608527505
2021-11-26,-0.050084772892100386
2021-11-29,0.0035316626927804117
2021-11-30,-0.017536901973483503
2021-12-01,0.03691986438435904
2021-12-02,-0.007059545561903563
2021-12-03,-0.007472481131575852
2021-12-06,0.029678418826867465
2021-12-07,0.08279432102633011
2021-12-08,-0.0035739279406805814
2021-12-09,-0.010360639766589934
2021-12-10,-0.01157749784096425
2021-12-13,0.010809918173396387
2021-12-14,-0.00373726699967067
2021-12-15,-0.012633042027998411
2021-12-16,0.018124138258251616
2021-12-17,-0.036809868424600704
2021-12-20,-0.0208962766763321
2021-12-21,0.009813618956579603
2021-12-22,0.0074400401065774415
2021-12-23,0.008629502531153938
2021-12-27,0.008555735766176836
2021-12-28,0.005143109482193423
2021-12-29,-0.012004523780086306
2021-12-30,0.0015790286803359418
2022-01-03,0.018533561024545096
2022-01-04,0.033610231635846546
2022-01-05,0.021271736587418013
2022-01-06,-0.00999743946743825
2022-01-07,-0.007217984129899264
2022-01-10,0.00010652969062829703
2022-01-11,0.0032967426342636165
2022-01-12,-0.00031857097590090946
2022-01-13,0.009197054006393942
2022-01-14,0.015868526069027524
2022-01-17,-0.0026967255879574974
2022-01-18,-0.010754443146531406
2022-01-19,0.0061745250410053295
2022-01-20,-0.005125206587236232
2022-01-21,-0.016387909409456013
2022-01-24,-0.060984299844097936
2022-01-25,0.009808852671223115
2022-01-26,0.02635237557516064
2022-01-27,0.017548003549863574
2022-01-28,-0.014384001139527291
2022-01-31,-0.0015263541909469648
2022-02-01,0.010851064856209475
2022-02-02,-0.004976922857276914
2022-02-03,-0.014530084374969332
2022-02-04,-0.03129795596523707
2022-02-07,-0.0011361594106985874
2022-02-08,0.0029511369656716664
2022-02-09,0.0594038229681839
2022-02-10,0.00010680274137194823
2022-02-11,0.007235649016493957
2022-02-14,-0.031994994986282665
2022-02-15,0.029659797463661146
2022-02-16,-0.011651090254767509
2022-02-17,-0.010918329350808283
2022-02-18,-0.021423502877321695
2022-02-21,-0.028840699619618392
2022-02-22,0.07548685029164265
2022-02-23,-0.008622282621260862
2022-02-24,-0.06048412896321579
2022-02-25,0.051032091834431886
2022-02-28,-0.040076061936919066
2022-03-01,-0.07921924436319742
2022-03-02,-0.027615052187482392
2022-03-03,-0.02942888698081434
2022-03-04,-0.07246538465498661
2022-03-07,-0.0551982620931608
2022-03-08,-0.006603648921236056
2022-03-09,0.101288746545546
2022-03-10,-0.04448198548329589
2022-03-11,-0.0005566674150244558
2022-03-14,0.042907645029553416
2022-03-15,0.006644396566692687
2022-03-16,0.030265889510874385
2022-03-17,-0.001157164796646673
2022-03-18,-0.009955575408565908
2022-03-21,-0.001040015872669897
2022-03-22,0.00803217832165866
2022-03-23,-0.015211784518852883
2022-03-24,-0.004464352834514082
2022-03-25,-0.005277851329249201
2022-03-28,0.0036973729529044697
2022-03-29,0.04975004908091474
2022-03-30,-0.0026370127797038434
2022-03-31,-0.01303571692205729
2022-04-01,0.0036874883156330363
2022-04-04,0.0074604231503174355
2022-04-05,-0.012805340100064382
2022-04-06,-0.02965576675390125
2022-04-07,-0.01563150285196687
2022-04-08,0.021398199602376575
2022-04-11,-0.008926330943031517
2022-04-12,-0.0038309687022381766
2022-04-13,0.0006613961212303806
2022-04-14,-0.014791404153915043
2022-04-19,0.026625891521007763
2022-04-20,0.013632195029436169
2022-04-21,0.010518291131001974
2022-04-22,-0.0271615423262379
2022-04-25,-0.02334628854334877
2022-04-26,-0.023904472913749985
2022-04-27,0.0
2022-04-28,0.01256671926806561
2022-04-29,0.010800665598544026
2022-05-02,-0.0116154789623335
2022-05-03,0.02003969167955121
2022-05-04,-0.011247946455048282
2022-05-05,-0.009063339998594218
2022-05-06,-0.009009102324627547
2022-05-09,-0.021762578460367294
2022-05-10,0.000560407652847673
2022-05-11,0.026944633420133875
2022-05-12,-0.0017739020477034238
2022-05-13,0.03759088430893795
2022-05-16,0.0037378497440125947
2022-05-17,0.008119519174353535
2022-05-18,0.00041110464455593014
2022-05-19,-0.004531322238572265
2022-05-20,0.0024740315075934727
2022-05-23,0.014582983305457285
2022-05-24,-0.016231657364582954
2022-05-25,0.01596094383224763
2022-05-26,0.023804347118025662
2022-05-27,0.005929260797233097
2022-05-30,0.011234668651936815
2022-05-31,0.0046655521461331775
2022-06-01,0.019969971516336348
2022-06-02,0.007324208596709809
2022-06-03,-0.014447194236992016
2022-06-06,0.012179947132618135
2022-06-07,-0.005944425708743095
2022-06-08,0.013482033677746292
2022-06-09,-0.016404143810991954
2022-06-10,-0.031797906275405664
2022-06-13,-0.04774663911096924
2022-06-14,-0.007050491302812661
2022-06-15,0.01991681158186685
2022-06-16,-0.029395516376064003
2022-06-17,-0.00801532608301685
2022-06-20,0.014993652184977424
2022-06-21,0.018465525870187405
2022-06-22,-0.014301846620383163
2022-06-23,-0.03768164629019644
2022-06-24,0.0008624962892681967
2022-06-27,-0.0021576766614672576
2022-06-28,0.013872315739273824
2022-06-29,-0.04621579634890869
2022-06-30,-0.05377810036070621
2022-07-01,0.0004708646456243385
2022-07-04,-0.0037724483278878244
2022-07-05,-0.050050781495983444
2022-07-06,-0.0013253971493215784
2022-07-07,0.0510610781587096
2022-07-08,0.05739478452956504
2022-07-11,-0.031580908903387425
2022-07-12,0.0026063956485683827
2022-07-13,-0.01760931054552877
2022-07-14,-0.01602289701950276
2022-07-15,0.04595846485230955
2022-07-18,0.027742275417963046
2022-07-19,0.0379580564860477
2022-07-20,-0.011394493262998615
2022-07-21,-0.027152232578811514
2022-07-22,-0.011547106874568697
2022-07-25,-0.012586473541527615
2022-07-26,-0.01687854983343502
2022-07-27,0.002909462024732926
2022-07-28,0.03603995653550681
2022-07-29,0.012458925711493141
2022-08-01,0.009567940348286336
2022-08-02,0.020704844070869293
2022-08-03,0.020699904657197316
2022-08-04,-0.006109354199862973
2022-08-05,-0.0011148407041999006
2022-08-08,0.015632844248731927
2022-08-09,-0.019684592597859683
2022-08-10,0.021193423896915413
2022-08-11,0.006965822712696579
2022-08-12,0.009347799521631978
2022-08-15,0.011396506245605616
2022-08-16,0.0038588159284428736
2022-08-17,-0.024194944873941162
2022-08-18,0.01297667077026899
2022-08-19,-0.02144777633123242
2022-08-22,-0.04461401246097686
2022-08-23,0.018479704010731082
2022-08-24,-0.0043758094037561375
2022-08-25,0.003530294204932764
2022-08-26,-0.00664736461953854
2022-08-29,0.011709303634423992
2022-08-30,0.022877842976477065
2022-08-31,-0.026108902420665447
2022-09-01,-0.017888101058568185
2022-09-02,0.06475346293002479
2022-09-05,-0.037342852883275754
2022-09-06,0.03640255002381411
2022-09-07,-0.0006722604506396259
2022-09-08,-0.01763713150463055
2022-09-09,0.005868317258499508
2022-09-12,0.033584108455019454
2022-09-13,-0.02181529420888828
2022-09-14,0.010834109758397296
2022-09-15,-0.006941628077716661
2022-09-16,-0.026056584335449377
2022-09-19,0.010531353732749124
2022-09-20,-0.0006805865587471295
2022-09-21,0.007054862804404467
2022-09-22,-0.003928186472409718
2022-09-23,-0.050094013177690626
2022-09-26,-0.01393793955585174
2022-09-27,-0.01076535569589803
2022-09-28,0.008447414402377023
2022-09-29,-0.07091107669360561
2022-09-30,-0.016166198242591856
2022-10-03,0.0003164094534879444
2022-10-04,0.038021442161007266
2022-10-05,-0.013182279200454027
2022-10-06,0.02106956833539078
2022-10-07,-0.015990703834181132
2022-10-10,-0.04570146305361744
2022-10-11,-0.009364081817997496
2022-10-12,-0.0017858813584833966
2022-10-13,0.008736611487840633
2022-10-14,0.0009659513743192296
2022-10-17,0.02777293846987309
2022-10-18,0.020296605148010936
2022-10-19,-0.004149583758895959
2022-10-20,0.00015400200266825175
2022-10-21,-0.0018495065057499006
2022-10-24,0.004463834118716293
2022-10-25,0.0073450189141052195
2022-10-26,-0.0010677349550711254
2022-10-27,-0.002598030854284339
2022-10-28,-0.019001001935690306
2022-10-31,0.00854101989530522
2022-11-01,0.02187125998510941
2022-11-02,-0.008965801951109945
2022-11-03,-0.023945033494995497
2022-11-04,0.039545356857739855
2022-11-07,0.024348046278139638
2022-11-08,-0.00014660259384056536
2022-11-09,-0.00795292841891395
2022-11-10,0.02727500929856607
2022-11-11,0.026130431256561244
2022-11-14,0.005312532804233852
2022-11-15,-0.00027890448276338397
2022-11-16,-0.042741593838495406
2022-11-17,0.008695732214624984
2022-11-18,0.02324861352540676
2022-11-21,-0.015772928386035365
2022-11-22,0.0008588367635726333
2022-11-23,-0.018924274877778317
2022-11-24,-0.0010213882974396714
2022-11-25,-0.0032168056836817125
2022-11-28,-0.009713136380129607
2022-11-29,0.019042522424801284
2022-11-30,0.014834232300262373
2022-12-01,-0.0037236747652167755
2022-12-02,-0.0025863182980088596
2022-12-05,0.013006608909896314
2022-12-06,-0.007411440858212938
2022-12-07,-0.01586193557146622
2022-12-08,-0.0072940659635337335
2022-12-09,0.004674247080696166
2022-12-12,-0.008194306447663217
2022-12-13,0.012121266287291405
2022-12-14,-0.00014509156111648975
2022-12-15,-0.03096227521768754
2022-12-16,0.02206681941506059
2022-12-19,0.03758901386933345
2022-12-20,-0.022886606303300416
2022-12-21,0.004686190039009865
2022-12-22,-0.04176860381417056
2022-12-23,0.006766789838034482
2022-12-27,0.0017276505624153795
2022-12-28,-0.007798329045811879
2022-12-29,0.010212117677957492
2022-12-30,0.0024079762835504553
2023-01-02,0.03062065343902579
2023-01-03,0.01668769051937944
2023-01-04,0.030816339953287274
2023-01-05,0.009802544516058885
2023-01-06,0.00814796285396256
2023-01-09,-0.0010929790042413662
2023-01-10,-0.005797167440000775
2023-01-11,0.003920620900692471
2023-01-12,0.007329534556426255
2023-01-13,-0.028526059802939503
2023-01-16,0.004943728987548277
2023-01-17,-0.0038252526787472914
2023-01-18,-0.000319577126081378
2023-01-19,-0.01659043576131222
2023-01-20,0.009054203919117213
2023-01-23,0.0072167789384099635
2023-01-24,-0.01092546746000769
2023-01-25,0.002420206489609585
2023-01-26,0.007226050084296144
2023-01-27,0.008602879722080022
2023-01-30,0.0014267076675341347
2023-01-31,0.005371290803892755
2023-02-01,0.011591486366914752
2023-02-02,0.03729611307847035
2023-02-03,-0.010254868348660852
2023-02-06,-0.012200916807296201
2023-02-07,0.007033631330445089
2023-02-08,-0.015044695630818885
2023-02-09,0.007397046147795313
2023-02-10,-0.012825507114796518
2023-02-13,-0.0017122443517102383
2023-02-14,0.014077080982652397
2023-02-15,0.00597287558948649
2023-02-16,0.0
2023-02-17,0.0018307422030559653
2023-02-20,0.01121559070991305
2023-02-21,-0.012282996216757967
2023-02-22,0.0009149476088274903
2023-02-23,0.005321170824226319
2023-02-24,-0.031577432727346394
2023-02-27,0.011977952391722006
2023-02-28,-0.0013926364691189115
2023-03-01,-0.005123040143525616
2023-03-02,0.0009334561673157481
2023-03-03,0.10037210409328721
2023-03-06,-0.017880451982334667
2023-03-07,-0.0063200200895292945
2023-03-08,0.00903690121248818
2023-03-09,-0.02063115840898186
2023-03-10,-0.015424364034818016
2023-03-13,-0.03494866739159992
2023-03-14,-0.015916321346184724
2023-03-15,-0.041503658750696226
2023-03-16,-0.005372493767223976
2023-03-17,-0.017122427145882822
2023-03-20,-0.0016620551357639593
2023-03-21,0.024156976048870866
2023-03-22,0.005020746340163549
2023-03-23,-0.011536561442368174
2023-03-24,-0.02800735506101389
2023-03-27,0.015509310014746668
2023-03-28,0.008404150079558548
2023-03-29,0.0058900113854837705
2023-03-30,0.016823511696617506
2023-03-31,0.00767016919762494
2023-04-03,0.001749477876863194
2023-04-04,-0.003661530606926494
2023-04-05,-0.010582106125555619
2023-04-06,-0.005009311964503278
2023-04-11,0.016388557345089174
2023-04-12,0.00015930648060765476
2023-04-13,0.004451507419761491
2023-04-14,0.012767160569545046
2023-04-17,-0.006284384296657178
2023-04-18,-0.002524838827362622
2023-04-19,-0.008887515744033172
2023-04-20,-0.03141451362344055
2023-04-21,0.002628614401628116
2023-04-24,0.0008198624955270475
2023-04-25,-0.01038146948148631
2023-04-26,0.0039675381209567555
2023-04-27,0.006413931360529467
2023-04-28,0.013676585674173819
2023-05-02,-0.00356393569797781
2023-05-03,0.00792057138334877
2023-05-04,0.005939474269120148
2023-05-05,0.017452494672911444
2023-05-08,-0.0003146024555951858
2023-05-09,-0.005680058996150776
2023-05-10,0.0022127347434777317
2023-05-11,0.014480789691620482
2023-05-12,-0.0033489853627830207
2023-05-15,-0.004202028653770799
2023-05-16,-0.01818696874376959
2023-05-17,-0.0006863761991035794
2023-05-18,0.031925803483870294
2023-05-19,-0.000831715608242359
2023-05-22,0.0026587522426563814
2023-05-23,0.005296318545850368
2023-05-24,-0.015303060665177877
2023-05-25,-0.009938576549948607
2023-05-26,0.01361939400306369
2023-05-29,0.00399991243455328
2023-05-30,-0.012048205575260635
2023-05-31,-0.01886372058730293
2023-06-01,0.01278459328726693
2023-06-02,0.028881043507514196
2023-06-05,0.008194130352638797
2023-06-06,0.012166624635058727
2023-06-07,0.0024155630507284426
2023-06-08,0.011355655730019064
2023-06-09,0.004126262354909821
2023-06-12,0.02517924010461666
2023-06-13,0.01029429640682052
2023-06-14,0.006855155591012381
2023-06-15,-0.012680667004573154
2023-06-16,-0.008182148607130077
2023-06-19,-0.008093491805467376
2023-06-20,-0.01479880713780133
2023-06-21,-0.0086015289736734
2023-06-22,-0.016289333684417928
2023-06-23,-0.00521681038703445
2023-06-26,0.0031007176173120012
2023-06-27,-0.016760141013252072
2023-06-28,0.008415255114975302
2023-06-29,0.005734357115480854
2023-06-30,0.004238744752035414
2023-07-03,0.006809348921605579
2023-07-04,-0.0021027441104037887
2023-07-05,0.000809298430850654
2023-07-06,-0.01845107092128403
2023-07-07,0.008206234092680096
2023-07-10,-0.0026186464818015675
2023-07-11,0.005719364099113694
2023-07-12,0.0066586187526942375
2023-07-13,0.0027479159330756047
2023-07-14,-0.0059904092321375665
2023-07-17,-0.008971686120243912
2023-07-18,0.005392664804773449
2023-07-19,0.008438862625705102
2023-07-20,0.002421021616893799
2023-07-21,0.006908276281795573
2023-07-24,0.005428712541773335
2023-07-25,-0.002551009276141037
2023-07-26,-0.014310085459285167
2023-07-27,-0.020781276958840227
2023-07-28,0.002642069104500015
2023-07-31,-0.005954374598790343
2023-08-01,-0.004655825197182945
2023-08-02,-0.007864200913868614
2023-08-03,-0.0018495358337097517
2023-08-04,-0.002190099706098113
2023-08-07,-0.0021950553806758277
2023-08-08,-0.01618853751095209
2023-08-09,0.0039434722088080385
2023-08-10,0.006821275357375369
2023-08-11,-0.005795131840841048
2023-08-14,-0.0008550339230548431
2023-08-15,-0.009972541857228453
2023-08-16,-0.005545029188214439
2023-08-17,-0.0034813127692326362
2023-08-18,-0.002094558483613923
2023-08-21,-0.0005243642606992055
2023-08-22,0.0001747418029103945
2023-08-23,-0.005960659991889537
2023-08-24,-0.013810407917692483
2023-08-25,-0.0007134296849593267
2023-08-28,0.0072882473732545595
2023-08-29,0.007059726338164469
2023-08-30,-0.002641521471628175
2023-08-31,-0.003356094505576761
2023-09-01,-0.04265183914533326
2023-09-04,-0.00018466439004271893
2023-09-05,0.0016606721158275723
2023-09-06,-0.009075023562012959
2023-09-07,-0.016318463638681998
2023-09-08,0.012216999571886726
2023-09-11,0.009297260218049611
2023-09-12,0.008661201370285213
2023-09-13,0.0005503348250902465
2023-09-14,-0.003858476447143059
2023-09-15,0.010620833131049908
2023-09-18,-0.02172793050589872
2023-09-19,0.021181385813587725
2023-09-20,0.018776490383778602
2023-09-21,-0.0017902010716207993
2023-09-22,0.025299910652237308
2023-09-25,-0.010714069721232735
2023-09-26,-0.027389275598313653
2023-09-27,-0.012050499804992532
2023-09-28,-0.0011026321447911726
2023-09-29,0.0016536540314601898
2023-10-02,0.0005504764567885649
2023-10-03,-0.017584890391173356
2023-10-04,0.0042859046224726196
2023-10-05,-0.009903848829933877
2023-10-06,0.0026256244322440045
2023-10-09,-0.00997655629537349
2023-10-10,0.022447685850596203
2023-10-11,0.010671642091102648
2023-10-12,-0.006057823514181605
2023-10-13,-0.008691715138327172
2023-10-16,0.008691715138327035
2023-10-17,-0.0009211109094186575
2023-10-18,-0.008327912275665797
2023-10-19,-0.021793017551002384
2023-10-20,-0.02072623848771722
2023-10-23,-0.008764308498512
2023-10-24,-0.004509336518824612
2023-10-25,-0.009675228452457538
2023-10-26,-0.008268233843333661
2023-10-27,-0.006825268153547264
2023-10-30,-0.001511988418634954
2023-10-31,0.006935872894703198
2023-11-01,-0.00040078148520846554
2023-11-02,0.03146687147508173
2023-11-03,0.01980641045730287
2023-11-06,0.00019031136134252405
2023-11-07,-0.00821947735647693
2023-11-08,0.0019175577669030069
2023-11-09,0.004587141460659948
2023-11-10,-0.011700437175126439
2023-11-13,0.013415215304040365
2023-11-14,0.026117017266948345
2023-11-15,0.01892227255185331
2023-11-16,-0.015035146568410238
2023-11-17,0.005343116019499245
2023-11-20,0.0
2023-11-21,-0.018359288062076238
2023-11-22,-0.0005615857868225113
2023-11-23,-0.002062070310533764
2023-11-24,0.00393290731369301
2023-11-27,-0.008258305904690727
2023-11-28,-0.009848474037158475
2023-11-29,0.01698459908738363
2023-11-30,-0.00431314931569212
2023-12-01,0.00562223794264325
2023-12-04,0.0072619613626237044
2023-12-05,0.007025302120666401
2023-12-06,0.052223233071195446
2023-12-07,-0.007371023779646923
2023-12-08,0.011558760211168447
2023-12-11,0.006940899489469796
2023-12-12,-0.005374999049971932
2023-12-13,-0.006628264850413285
2023-12-14,0.012694741887609282
2023-12-15,0.0018989511012794196
2023-12-18,-0.010053789709417834
2023-12-19,-0.0055904830248962945
2023-12-20,-0.0038617251489373515
2023-12-21,-0.011141697103860582
2023-12-22,0.0008887762853744027
2023-12-27,0.0021300327815637963
2023-12-28,-0.0056899656993970454
2023-12-29,-0.0032148663232681347
2024-01-02,0.009613680140700043
2024-01-03,-0.01805704511669211
2024-01-04,0.013083741255940773
2024-01-05,0.008334147402260643
2024-01-08,0.00651240372380954
2024-01-09,-0.00580635595210322
2024-01-10,0.00035287580572718197
2024-01-11,-0.001235610485664981
2024-01-12,-0.011189111692215427
2024-01-15,-0.0044749901617023745
2024-01-16,-0.0017957447186958005
2024-01-17,-0.023641746046448756
2024-01-18,-0.005166078143722436
2024-01-19,-0.011535098259285455
2024-01-22,0.009868892097959232
2024-01-23,0.05269125912628106
2024-01-24,0.019323403274326408
2024-01-25,-0.010050381786880482
2024-01-26,0.004344497529461578
2024-01-29,0.005360979949783518
2024-01-30,0.005846954430864974
2024-01-31,0.02706519404703981
2024-02-01,-0.013948519345774946
2024-02-02,0.01361474191440208
2024-02-05,-0.006028156830471566
2024-02-06,-0.00877190573824617
2024-02-07,-0.0027146878779199836
2024-02-08,0.008627291061493824
2024-02-09,-0.0013483098160987723
2024-02-12,0.009901880325297525
2024-02-13,-0.009564595343127227
2024-02-14,-0.007106686586134981
2024-02-15,0.011816475146816685
2024-02-16,0.004019412854093014
2024-02-19,0.0026707344343363266
2024-02-20,-0.015962760946727165
2024-02-21,0.012623282050921449
2024-02-22,0.023308769220328363
2024-02-23,0.012987202477829623
2024-02-26,-0.007934662686769355
2024-02-27,0.008579577322788396
2024-02-28,0.014402500372660925
2024-02-29,-0.004298962573118887
2024-03-01,-0.050562854614422226
2024-03-04,0.012675187061382763
2024-03-05,-0.012675187061382749
2024-03-06,-0.02017541955811884
2024-03-07,-0.0020572133629278696
2024-03-08,-0.00034323041725125143
2024-03-11,0.0061611698911639
2024-03-12,0.030745794258806344
2024-03-13,-0.060707315135190384
2024-03-14,-0.0072342356297420305
2024-03-15,0.00741003768650712
2024-03-18,0.014310838599503389
2024-03-19,0.01598663290320486
2024-03-20,0.0022144240532115905
2024-03-21,0.002039803652096044
2024-03-22,0.0025438614885187807
2024-03-25,0.01094935122628796
2024-03-26,0.015625295638545422
2024-03-27,0.0041148822871674385
2024-03-28,0.00883081196902036
2024-04-02,-0.0011404009367034559
2024-04-03,0.022164932747157733
2024-04-04,0.024021622715010092
2024-04-05,-0.016477350470201366
2024-04-08,-0.002376287997937673
2024-04-09,-0.010763451026614804
2024-04-10,-0.006030152402652188
2024-04-11,-0.008097259228824405
2024-04-12,0.005674922870376969
2024-04-15,-0.003238817638732334
2024-04-16,-0.021726659350338587
2024-04-17,0.0033099113587823086
2024-04-18,0.007407377761650292
2024-04-19,-0.006169034431223906
2024-04-22,0.000824783577333479
2024-04-23,0.0004120281553372221
2024-04-24,-0.010354102285869648
2024-04-25,-0.01088327723753498
2024-04-26,0.010883277237535008
2024-04-29,0.005397577753862327
2024-04-30,-0.04748665387302117
2024-05-02,-0.0069717478619206585
2024-05-03,0.010006612688223808
2024-05-06,0.012475868953866452
2024-05-07,0.009361939476620491
2024-05-08,-0.007226485994322534
2024-05-09,0.0017050406022580283
2024-05-10,-0.003840494084556076
2024-05-13,0.01527404303754305
2024-05-14,0.025770310756645792
2024-05-15,-0.005348720902000724
2024-05-16,-0.007037861127593865
2024-05-17,0.0004153529009144431
2024-05-20,-0.010016765501667841
2024-05-21,-0.0004195351778555038
2024-05-22,-0.006314463614202082
2024-05-23,-0.003384118372568274
2024-05-24,0.003806236288260983
2024-05-27,0.01632864637803273
2024-05-28,0.02380091288780926
2024-05-29,-0.020484140193312718
2024-05-30,0.02440004797043613
2024-05-31,0.004357276341659007
2024-06-03,-0.0004348530388348479
2024-06-04,-0.007422008788017164
2024-06-05,0.0
2024-06-06,-0.005713086351788444
2024-06-07,-0.007520438353245919
2024-06-10,-0.0022227384164269924
2024-06-11,-0.010288628466500952
2024-06-12,-0.014949223183459091
2024-06-13,-0.03530332915766218
2024-06-14,-0.011890705863366024
2024-06-17,0.006200797106601314
2024-06-18,0.002374756742228106
2024-06-19,-0.003802306965647707
2024-06-20,0.008062663081689092
2024-06-21,-0.010923891811994041
2024-06-24,0.01422497337831687
2024-06-25,0.0032902965945648785
2024-06-26,-0.01656059128225093
2024-06-27,-0.00814377329661702
2024-06-28,0.013852630301939079
2024-07-01,0.006148088301578507
2024-07-02,-0.0028329362870419404
2024-07-03,0.0070671585581969405
2024-07-04,0.010275700474035495
2024-07-05,-0.006994657120837823
2024-07-08,-0.0004680292635693353
2024-07-09,-0.001874463224218219
2024-07-10,-0.0032886743096180765
2024-07-11,0.008434903400306096
2024-07-12,0.01298120803535375
2024-07-15,-0.0032295758178176198
2024-07-16,-0.011619966935303778
2024-07-17,-0.00468601300937524
2024-07-18,0.010745268245080094
2024-07-19,-0.01876230393870997
2024-07-22,0.009894137766191394
2024-07-23,-0.009420714243598747
2024-07-24,-0.0028436773515580585
2024-07-25,-0.006666631462672153
2024-07-26,0.0014323211782565385
2024-07-29,-0.0047823778142938615
2024-07-30,-0.0023998320972426187
2024-07-31,-0.008202794345946875
2024-08-01,-0.03973242407653909
2024-08-02,-0.02366974261293852
2024-08-05,-0.031036183075018264
2024-08-06,-0.008771065458555388
2024-08-07,0.013021892119423556
2024-08-08,-0.00042429634099794283
2024-08-09,-0.00340069420093967
2024-08-12,-0.004694809472988484
2024-08-13,-0.00600727578475616
2024-08-14,-0.00344907660460646
2024-08-15,0.0219977134727619
2024-08-16,0.006107231338898086
2024-08-19,0.010858281145662483
2024-08-20,-0.0024954040608942876
2024-08-21,0.004362815872425866
2024-08-22,0.0004144510841035803
2024-08-23,0.004960815608427054
2024-08-26,-0.002270642225471738
2024-08-27,0.0004132506235623127
2024-08-28,-0.005385286902152768
2024-08-29,-0.0016628824261038693
2024-08-30,0.0004160010519642422
2024-09-02,0.012399399276080561
2024-09-03,-0.01198357120903231
2024-09-04,-0.012549909731146423
2024-09-05,-0.0021070071088731463
2024-09-06,-0.030191830262086716
2024-09-09,-0.0026120124427435687
2024-09-10,-0.03436762863000049
2024-09-11,0.006072111141020099
2024-09-12,0.00848410736856262
2024-09-13,0.026545404234438272
2024-09-16,-0.014172275559809818
2024-09-17,0.013522574137183276
2024-09-18,0.003244294203224968
2024-09-19,0.01308605804396913
2024-09-20,-0.0327116084839541
2024-09-23,0.021136018321992897
2024-09-24,0.016041388181282628
2024-09-25,-0.012167921669445407
2024-09-26,0.020198328525239395
2024-09-27,0.02185998876174349
2024-09-30,-0.020387643917872778
2024-10-01,-0.01973955202620708
2024-10-02,-0.004942636761700535
2024-10-03,-0.01585089647967872
2024-10-04,0.02805538075867317
2024-10-07,-0.001703967503164131
2024-10-08,-0.014385600662410186
2024-10-09,0.01032710090529537
2024-10-10,-0.003430501599918123
2024-10-11,-0.0051680511546721925
2024-10-14,-0.005194722235385944
2024-10-15,-0.004131841571476555
2024-10-16,-0.005901093164521901
2024-10-17,-0.006377084500071291
2024-10-18,0.013802370813673883
2024-10-21,-0.009619680965564623
2024-10-22,0.0030708772246169033
2024-10-23,-0.0039499672850063765
2024-10-24,0.021103828597942176
2024-10-25,-0.006696262638914003
2024-10-28,-0.0045617487669151035
2024-10-29,-0.03252864027872142
2024-10-30,0.0107383455222896
2024-10-31,-0.010513388846076279
2024-11-01,-0.0049593962258357915
2024-11-04,-0.002715544674286802
2024-11-05,-0.0020415087908191728
2024-11-06,-0.043626478575743505
2024-11-07,0.01716683670556807
2024-11-08,-0.019303840722797835
2024-11-11,0.004742743248523169
2024-11-12,-0.007360886415114608
2024-11-13,-0.024853429833047752
2024-11-14,0.017678090744326587
2024-11-15,0.007890146238690233
2024-11-18,-0.0004764490293310463
2024-11-19,-0.01150262842989469
2024-11-20,-0.014811535748639562
2024-11-21,-0.006380415258411058
2024-11-22,0.006869564950701612
2024-11-25,0.007308184137235744
2024-11-26,-0.02407387525001766
2024-11-27,-0.0014929070981816465
2024-11-28,0.0037280970988722802
2024-11-29,0.0012396503973385487
2024-12-02,-0.0007435856508690894
2024-12-03,-0.0037262447309138543
2024-12-04,0.012612886630816068
2024-12-05,0.009782475503771076
2024-12-06,0.011613956276741432
2024-12-09,0.01433029732946116
2024-12-10,0.019025895649396194
2024-12-11,0.0016273061244743354
2024-12-12,0.008557891897663273
2024-12-13,0.013496731267800344
2024-12-16,-0.0204299608644844
2024-12-17,0.004858397203335436
2024-12-18,0.011245053143888429
2024-12-19,-0.0036579474675326887
2024-12-20,0.01680712762956803
2024-12-23,-0.020018903253008802
2024-12-27,0.018441115171096593
2024-12-30,0.004276841595240584
2025-01-02,-0.019048263470315845
2025-01-03,-0.006200494598236433
2025-01-06,0.03017815114106713
2025-01-07,0.003347092581453458
2025-01-08,-0.0051368303553167675
2025-01-09,0.004245306729795891
2025-01-10,0.007331003925107936
2025-01-13,0.005958302098597282
2025-01-14,0.010723333774990542
2025-01-15,0.015765401863535877
2025-01-16,-0.004294553156693917
2025-01-17,0.005151237622687258
2025-01-20,0.01677147332611116
2025-01-21,-0.007819931490114158
2025-01-22,-0.0044657980193216025
2025-01-23,0.016487439513603753
2025-01-24,0.012914083225490276
2025-01-27,0.013770680861155824
2025-01-28,-0.001634346774539022
2025-01-29,-0.0030715661872269336
2025-01-30,0.0030715661872269136
2025-01-31,0.008347821089973756
2025-02-03,-0.04181938729520113
2025-02-04,0.000634133549627345
2025-02-05,-0.01361446202523995
2025-02-06,0.026628845870744954
2025-02-07,-0.022994310395744268
2025-02-10,0.006381548089697887
2025-02-11,-0.010444473992238235
2025-02-12,0.004276188808443846
2025-02-13,0.06244280683770569
2025-02-14,0.004200421093492297
2025-02-17,0.0019940701809224525
2025-02-18,-0.0009965380510577031
2025-02-19,-0.02872367695304534
2025-02-20,-0.0014374898854369745
2025-02-21,0.01610475550699514
2025-02-24,0.025456795262885606
2025-02-25,0.0339179122842727
2025-02-26,0.009483252818806517
2025-02-27,-0.015695825714178286
2025-02-28,-0.0019194359690544096
2025-03-03,0.02279298136140381
2025-03-04,-0.04219226042759292
2025-03-05,0.033232086250994046
2025-03-06,0.03856457009058203
2025-03-07,-0.014230172109729336
2025-03-10,0.018323873029328707
2025-03-11,-0.010953998304882882
2025-03-12,0.009136668950028147
2025-03-13,-0.020676182078681098
2025-03-14,-0.0004643346096088162
2025-03-17,0.006019972851187831
2025-03-18,0.00964858085830005
2025-03-19,-0.01939124038498731
2025-03-20,-0.04237709953136579
2025-03-21,-0.013219349364822915
2025-03-24,-0.0004929477621707138
2025-03-25,0.00981363538933123
2025-03-26,-0.015748363271055443
2025-03-27,-0.014992765087089414
2025-03-28,-0.023847100979377697
2025-03-31,-0.035695650779645254
2025-04-01,0.010631628046356407
2025-04-02,-0.0042390280132905
2025-04-03,-0.04518579431070219
2025-04-04,-0.02817087180334717
2025-04-07,-0.02335636460877122
2025-04-08,0.005134162263833145
2025-04-09,-0.02450641199410847
2025-04-10,0.016326003030102277
2025-04-11,0.0016414250259777906
2025-04-14,0.023159844892057514
2025-04-15,0.02196401030698264
2025-04-16,-0.005164512924788872
2025-04-17,0.007848474519221688
2025-04-22,0.031441516752537195
2025-04-23,0.02817092830681598
2025-04-24,0.015245105221043907
2025-04-25,0.012972554334105607
2025-04-28,0.006728448646741413
2025-04-29,-0.006114972893285395
2025-04-30,-0.024631190109840415
2025-05-02,0.011252364093118455
2025-05-05,0.0014494799994968415
2025-05-06,-0.006643183133801908
2025-05-07,-0.004174438009988924
2025-05-08,0.035747392344312984
2025-05-09,0.0072391136296166055
2025-05-12,0.013236009946248746
2025-05-13,0.03687941121763607
2025-05-14,-0.017299707176718936
2025-05-15,0.0062816970356356855
2025-05-16,-0.00919439576712822
2025-05-19,0.010413024110907049
2025-05-20,0.00674645970640661
2025-05-21,-0.00490200478351859
2025-05-22,-0.013190615481570208
2025-05-23,-0.030544781150477877
2025-05-26,0.024509991975448626
2025-05-27,-0.003973624899894949
2025-05-28,0.011459636345550715
2025-05-29,-0.007486011445655783
2025-05-30,-0.004812218552551687
2025-06-02,-0.019697773422897094
2025-06-03,0.00639659408118878
2025-06-04,-0.007466668804000003
2025-06-05,-0.001714570315368791
2025-06-06,-0.01730894033148476
2025-06-09,-0.0008733825051613393
2025-06-10,0.011510662287098709
2025-06-11,-0.010419011672746958
2025-06-12,-0.008546194283399809
2025-06-13,-0.022702966945943554
2025-06-16,0.005164564251848853
2025-06-17,-0.009451059966111303
2025-06-18,-0.008628597510118944
2025-06-19,-0.013315119204464538
2025-06-20,0.008743752426712303
2025-06-23,-0.002982704176590962
2025-06-24,0.03499621686525193
2025-06-25,-0.009810527357553622
2025-06-26,-0.01512619386480436
2025-06-27,0.03816147839469761
2025-06-30,-0.01901022765871759
2025-07-01,-0.004025056871175589
2025-07-02,0.01864649210940745
2025-07-03,0.001757812273213522
2025-07-04,-0.01192595694260783
2025-07-07,0.0011103154671749836
2025-07-08,0.012570452866450262
2025-07-09,0.015440103949529516
2025-07-10,0.014780147704096904
2025-07-11,-0.000850821166733948
2025-07-14,-0.01912193193110623
2025-07-15,0.014429064622067023
2025-07-16,-0.037247016044303645
2025-07-17,0.005312050166017486
2025-07-18,-0.003095279744424837
2025-07-21,0.005520605847000283
2025-07-22,-0.009292061589000169
2025-07-23,0.05974815377993584
2025-07-24,0.0048042569049293595
2025-07-25,0.044524188631333915
2025-07-28,-0.03643035221733146
2025-07-29,-0.012898093318931736
2025-07-30,-0.02030524731909298
2025-07-31,-0.01593826241367402
2025-08-01,-0.03265955517662346
2025-08-04,-0.005398161401698405
2025-08-05,0.018103106029281276
2025-08-06,0.008381108876966688
2025-08-07,0.023872711190682745
2025-08-08,0.02247756978751674
2025-08-11,0.014364823745573121
2025-08-12,0.011304184278518729
2025-08-13,0.008141740826108228
2025-08-14,0.0020250811286383827
2025-08-15,0.0056485681964477275
2025-08-18,-0.0054463163167006
2025-08-19,0.02022297654978975
2025-08-20,0.0029687842154072675
2025-08-21,-0.001483252647552662
2025-08-22,0.013271253456465841
2025-08-25,-0.007351172421107148
2025-08-26,-0.0019695188950357686
2025-08-27,-0.01090197615364807
2025-08-28,-0.0009969938500988445
2025-08-29,-0.006705706584866726
2025-09-01,0.004008839959663024
2025-09-02,-0.01491365138343165
2025-09-03,0.005467270002258669
2025-09-04,0.000605607758274921
2025-09-05,0.008240421553538256
2025-09-08,0.02646807037243988
2025-09-09,-0.00048740358743543176
2025-09-10,-0.011277408071921395
2025-09-11,0.013712276502226032
2025-09-12,-0.007812569423153152
2025-09-15,-0.0058997070790729415
2025-09-16,-0.01490340527662723
2025-09-17,-0.008645882748268921
2025-09-18,-0.016081790158819786
2025-09-19,-0.0018486223519716357
2025-09-22,-0.07357043207564544
2025-09-23,0.030939330445592658
2025-09-24,-0.0010732905612483514
2025-09-25,-0.009711973462791089
2025-09-26,-0.017502070467642118
2025-09-29,0.012501526553967407
2025-09-30,0.002177193837524482
2025-10-01,0.010385198257229033
2025-10-02,0.005152473375333024
2025-10-03,-0.001285652056087873
2025-10-06,-0.004512720351151959
2025-10-07,0.0019365288859664242
2025-10-08,-0.018659699730790374
2025-10-09,-0.0035103118029161736
2025-10-10,-0.020426956925726325
2025-10-13,-0.0013468323416314816
2025-10-14,0.011612467468871358
2025-10-15,0.0013312085169787883
2025-10-16,-0.0028865847479487396
2025-10-17,0.01391205513063501
2025-10-20,0.004594754818541675
2025-10-21,-0.003498797410042419
2025-10-22,-0.022149298969855485
2025-10-23,0.0006716395345275686
2025-10-24,0.012897622089142765
2025-10-27,0.009236968908088186
2025-10-28,0.0008752935976672853
2025-10-29,0.006105530862942268
2025-10-30,-0.019315812972058685
2025-10-31,-0.0002216185664377773
2025-11-03,0.022793029061726984
2025-11-04,-0.01220859644001571
2025-11-05,0.024055783439575058
2025-11-06,-0.006229231046623841
2025-11-07,0.014970355702569977
2025-11-10,0.01558578034233579
2025-11-11,0.0200689727036073
2025-11-12,0.009784006859425253
2025-11-13,0.0038465973058668113
2025-11-14,-0.013425747306937531
2025-11-17,-0.013400912051326916
2025-11-18,-0.01737721611424567
2025-11-19,0.0008444356936089075
2025-11-20,-0.010820055047379368
2025-11-21,0.010186835410455923
2025-11-24,0.008829112886010466
2025-11-25,0.017016383160511215
2025-11-26,-0.0014413612462154837
2025-11-27,0.001235613294579331
2025-11-28,0.012272571331028265
2025-12-01,0.011722079178890668
2025-12-02,0.01653914406966474
2025-12-03,0.01617287456534672
2025-12-04,0.024965276721451126
2025-12-05,0.013656954320436902
2025-12-08,-0.005158305006353493
2025-12-09,0.004690440186049921
2025-12-10,-0.00046801238398125095
2025-12-11,0.003271781059567712
2025-12-12,0.013441657289211654
2025-12-15,-0.011111197167181787
2025-12-16,-0.00653906657578705
2025-12-17,-0.018444570904168733
2025-12-18,-0.002389487397381467
2025-12-19,-0.004315489235498578
2025-12-22,0.0009606001883954384
2025-12-23,-0.003848023246954815
2025-12-29,-0.006769822159999502
2025-12-30,0.00484028036212987
2026-01-02,0.027620745358088023
2026-01-05,-0.029554091307437472
2026-01-06,-0.002421895140663631
2026-01-07,-0.008767728313964909
2026-01-08,-0.003921513814563378
2026-01-09,0.0199374015346202
2026-01-12,-0.013084737050553744
2026-01-13,-0.003910088352788339
2026-01-14,0.015549375581091094
2026-01-15,-0.008230484543763733
2026-01-16,-0.01419849505780382
2026-01-19,-0.02800186007205377
2026-01-20,-0.012655791184854909
2026-01-21,0.01528925910442182
2026-01-22,0.06310873406877365
2026-01-23,0.001897504794636222
2026-01-26,-0.012878770558358696
2026-01-27,-0.017922479568727584
2026-01-28,0.005361898473967002
2026-01-29,0.0067830160499359185
2026-01-30,-0.008729458983125526
2026-02-02,0.000973695046531586
2026-02-03,-0.004878058453432855
2026-02-04,0.03601829918915591
2026-02-05,-0.03748638388639264
2026-02-06,-0.013310509398882175
2026-02-09,0.001487741655455695
2026-02-10,0.0355355125818518
2026-02-11,-0.00961083775116184
2026-02-12,-0.012144914523903101
2026-02-13,0.007789673433889967
2026-02-16,-0.007789673433889808
2026-02-17,0.016000282157047248
2026-02-18,0.0014419760170224871
2026-02-19,-0.01451404309854962
2026-02-20,-0.0009751192860920556
2026-02-23,-0.025693097649892034
2026-02-24,0.01687381919731733
2026-02-25,-0.016473489781109973
2026-02-26,0.015981287733390522
2026-02-27,-0.003452591380513428
2026-03-02,-0.04507178138500236
2026-03-03,-0.03321024030785204
2026-03-04,0.009148033063911059
2026-03-05,-0.017518065391236633
2026-03-06,-0.030859211956897153
2026-03-09,-0.024298199062021474
2026-03-10,0.027848232560149826
2026-03-11,0.015602977080014893
2026-03-12,0.007170003972388139
2026-03-13,-0.031671849990299955
2026-03-16,-0.01599311207784442
2026-03-17,0.006337702910273257
2026-03-18,-0.002485048423744728
2026-03-19,-0.0314787379881917
2026-03-20,-0.0035075805404024304
2026-03-23,0.008397544550614566
2026-03-24,0.006483064858607055
2026-03-25,0.01170136811014733
2026-03-26,-0.00916600210815699
2026-03-27,-0.004614612423703505
2026-03-30,-0.0016202644360575882
2026-03-31,0.0006947457582946343
2026-04-01,0.024014858543238614
2026-04-02,-0.01365205421119377
2026-04-07,-0.018964482863780583
2026-04-08,0.0567302709676752
2026-04-09,-0.016459483285233726
2026-04-10,-0.0015710853718587927
2026-04-13,-0.013796455590935374
2026-04-14,0.03072332583732445
2026-04-15,0.0
2026-04-16,-0.012444550792511107
2026-04-17,0.035800402947642716
2026-04-20,-0.024239570741760454
2026-04-21,-0.005541408188674132
2026-04-22,-0.013876738842730026
2026-04-23,-0.00429133641837681
2026-04-24,-0.019196205270595797
2026-04-27,0.005292833496156452
2026-04-28,-0.005985246190147117
2026-04-29,-0.01324829777237139
2026-04-30,0.008619713754478963
2026-05-04,-0.028469139571798283
2026-05-05,0.006660318940461935
2026-05-06,0.04292500975760105
2026-05-07,0.0002271405997077969
2026-05-08,-0.005236199470693934
2026-05-11,0.004327500745935138
2026-05-12,-0.014421700698960664
2026-05-13,-0.0025395514938983915
2026-05-14,0.0264613955194761
2026-05-15,-0.010182166289978279
2026-05-18,-0.00182112116114985
2026-05-19,-0.001824356621424064
2026-05-20,0.003417975536721746
2026-05-21,0.00770455111993255
2026-05-22,0.012115941777920311
2026-05-25,0.013952193076359089
2026-05-26,-0.0048501245373244965
2026-05-27,0.02056062456522909
2026-05-28,0.001946581237839305
2026-05-29,-0.008026921011503733
2026-06-01,-0.013817548001563863
2026-06-02,0.005066638211339566
2026-06-03,-0.018853802151920503
2026-06-04,-0.008093583166374763
2026-06-05,-0.008614904318386442
2026-06-08,0.002274330986714629
